Satellite,,,22877,25933,26605,27663,28129,28361,29486,29486,32711,32711,39166,39166,39166,39166,40105,40105,40105,40105,40294,40294,40294,40294,40534,40534,40534,40534,40730,40730,40730,40730,41328,41328,41328,41328,29671,29671,32275,32275,32276,32276,36111,36111,36112,36112,37372,37372,37372,37868,37868,37869,37869,40001,40001,40001,40315,40315,40315,41554,41554,41554,37846,37846,37846,37847,37847,37847,40128,40128,40128,40889,40889,40889,41174,41174,41174,41860,41860,41860,41861,41861,41861,41862,41862,41862,43056,43056,43056,43058,43058,43058,43565,43565,43565,36590,36590,38091,38091,38251,38251,38775,38775,40749,40749,43001,43001,43207,43207,43208,43208,43245,43245,43602,43602,43647,43647,43706,43706,39199,39199,39635,39635,40269,40269,41384,41384,43286,43286,37605,38652,38779,39617
Signal,,,L2:P(Y),L2:P(Y),L2:P(Y),L2:P(Y),L2:P(Y),L2:P(Y),L2:P(Y),L2:L2C,L2:P(Y),L2:L2C,L2:P(Y),L2:L2C,L2:M,L5:L5I,L2:P(Y),L2:L2C,L2:M,L5:L5I,L2:P(Y),L2:L2C,L2:M,L5:L5I,L2:P(Y),L2:L2C,L2:M,L5:L5I,L2:P(Y),L2:L2C,L2:M,L5:L5I,L2:P(Y),L2:L2C,L2:M,L5:L5I,L2:L2OF(C/A),L2:L2SF(P),L2:L2OF(C/A),L2:L2SF(P),L2:L2OF(C/A),L2:L2SF(P),L2:L2OF(C/A),L2:L2SF(P),L2:L2OF(C/A),L2:L2SF(P),L2:L2OF(C/A),L2:L2SF(P),L3:L3OC,L2:L2OF(C/A),L2:L2SF(P),L2:L2OF(C/A),L2:L2SF(P),L2:L2OF(C/A),L2:L2SF(P),L3:L3OC,L2:L2OF(C/A),L2:L2SF(P),L3:L3OC,L2:L2OF(C/A),L2:L2SF(P),L3:L3OC,E5:E5ab,E6:CS,E6:PRS(A),E5:E5ab,E6:CS,E6:PRS(A),E5:E5ab,E6:CS,E6:PRS(A),E5:E5ab,E6:CS,E6:PRS(A),E5:E5ab,E6:CS,E6:PRS(A),E5:E5ab,E6:CS,E6:PRS(A),E5:E5ab,E6:CS,E6:PRS(A),E5:E5ab,E6:CS,E6:PRS(A),E5:E5ab,E6:CS,E6:PRS(A),E5:E5ab,E6:CS,E6:PRS(A),E5:E5ab,E6:CS,E6:PRS(A),B3:B3I,B2:B2I,B3:B3I,B2:B2I,B3:B3I,B2:B2I,B3:B3I,B2:B2I,B3:B3I,B2:B2ab,B3:B3I,B2:B2ab,B3:B3I,B2:B2ab,B3:B3I,B2:B2ab,B3:B3I,B2:B2ab,B3:B3I,B2:B2ab,B3:B3I,B2:B2ab,B3:B3I,B2:B2ab,L5:SPS,L5:RS,L5:SPS,L5:RS,L5:SPS,L5:RS,L5:SPS,L5:RS,L5:SPS,L5:RS,L5:L5I,L5:L5I,L5:L5I,L5:L5I
Mask,CF,RR,,,,,,,,,,,,,,,,,,,,,,,,,,,,,,,,,,,,,,,,,,,,,,,,,,,,,,,,,,,,,,,,,,,,,,,,,,,,,,,,,,,,,,,,,,,,,,,,,,,,,,,,,,,,,,,,,,,,,,,,,,,,,,,,,,,
deg1,1,,8.670438118293111,29.400500374680075,0.5132828613537082,6.358405549094062,0.0,1.250588225192368,0.0,0.0,0.0,0.0,0.0,6.802508608186843,1.371077926714217,0.1298007286143517,0.0,1.2999472310025884,0.0,0.0,0.0,0.0,0.0,0.0,8.92335050992076,0.0,0.0,0.0,0.0,3.3876184465211967,0.8565423705734514,0.6457391442850171,0.0,0.0,0.0,0.007244158414893247,0.018484177163428615,0.0,0.0,16.181177475436606,0.0,2.9657622287159158,0.0,0.0,0.048168734381258654,3.205705233825229,0.10839686367434576,0.9453600478124757,0.0,0.0,0.25709262808944705,0.07519148810539848,0.0,0.5801281668710484,0.0,52.933907063843286,1.0937325995906704,0.6756932512221537,0.0,0.5374658114749156,1.2409873673868443,0.0,0.0,0.0,0.0,0.0,0.06714308704227767,0.043538808685377975,0.0,0.0,0.0,0.0,0.0,0.0,0.08113833117522257,0.0740547238200203,0.020986507594879456,0.0,0.0,0.0,0.0,0.0,0.0,0.0,0.0,0.0,20.081516946279844,0.4306346999971942,1.1578273989091585,2.2378785074624967,1.4639121850524794,1.1335987419124443,15.400596491472877,4.124481929545399,3.06690327003693,0.0,0.0,1.1055166552626188,1.8960257669776608,0.0,0.0,0.0,0.0,0.11518241789300329,0.23965650824916157,0.5486366216862965,0.0,0.0,0.0,0.6600509843066095,9.84599514378563,2.522763805499542,2.290756024353788,0.2872933654056335,0.0,0.08290685993685919,0.0,0.0,0.0,1.353608399455965,1.0149049004945272,0.0,0.03404228128731078,0.0,0.0,0.17332787990519152,0.7995839281842677,0.0,0.0,1.0580331805585395,0.0,0.0,0.0
deg1,1,-2,9.563879228143144,19.16775643669232,0.11539182103910708,6.752172631064091,0.0,1.4655909692786278,0.0,0.0,0.0,0.0,0.7495822745562114,6.638097426018659,1.3653764688462833,0.10694426585093132,0.44510210890499285,1.3039091191614811,0.0,0.0,0.0,0.0,0.0,0.0,8.259786827900731,0.0,0.0,0.0,0.0,3.443706611694666,0.861497320290557,0.6438936026641691,0.0,0.0,0.0,0.012856059644975099,0.019591110651780236,0.0,0.0,15.284043952148602,0.0,3.077616854526724,0.0,0.0,0.03794712842126664,3.0890329272498147,0.10773561229023024,0.8788298274523804,0.29350517914620333,0.0,0.2573466735586256,0.07638429752757778,0.0,0.5794692756612048,0.0,44.16482148259028,1.0871078474525535,0.8824507683898554,0.0,0.5363147877855018,1.185088184875588,0.0,0.0,0.0,0.0,0.0,0.06768669576960994,0.041903707269450204,0.0,0.0,0.0,0.0,0.0,0.0,0.08119236893100135,0.07405520484488368,0.02098616327695092,0.0,0.0,0.0,0.0,0.0,0.0,0.0,0.0,0.0,17.519165373695472,0.4361216302097886,1.162152403491216,2.1990330925544024,1.465141564746289,1.1343805767607147,15.382416116129832,4.117560685408287,3.0683368723235893,0.0,0.0,1.1032678327476404,1.8818187089061111,0.0,0.0,0.0,0.0,0.1117008479160293,0.8207889880070751,0.5507022307805267,0.0,0.0,0.0,0.6598127015056707,9.818395377585743,2.5221470432941158,2.4983199153246396,0.29146321213320614,0.0,0.08380555956198084,0.0,0.0,0.0,1.3545674066467084,1.02743131447159,0.0,0.019037890999172063,0.0,0.0,0.17053091737146517,0.8086234368493985,0.0,0.0,1.062036969660772,0.0,0.0,0.0
deg1,1,-1,7.0536628135910435,5.984338999486264,0.0,7.252088800872086,0.0,1.8665803165487267,0.0,0.0,0.0,0.0,2.547870646798505,5.439252399776347,1.359249279351842,0.03357450956188506,1.3538581868042254,1.4312009015052727,0.0,0.0,0.0,0.0,0.0,0.0,5.627764480944518,0.0,0.0,0.0,0.3377832285904497,3.705036367622891,0.8759553958600232,0.6518483659863038,0.0,0.0,0.0,0.05418389723650955,0.024288819954802945,0.0,0.0,10.538051802024892,0.006499352765030183,3.6186735046811096,0.0,0.0,0.002744424744349885,2.5373201924512547,0.09943839958192716,0.6390026214005623,2.0647401558138303,0.0,0.25872720433113017,0.08631040250357144,0.0,0.5970042967161189,0.0,16.860267802093347,1.059652331429078,1.8711234318473593,0.0,0.5351847746507632,0.8553329879426506,0.0,0.0,0.0,0.0,0.0,0.07313833964251733,0.036690610079613384,0.0,0.0,0.0,0.0,0.0,0.0,0.08137940934696436,0.07405992526638572,0.020978886409568374,0.0,0.0,0.0,0.0,0.0,0.0,0.0,0.0,0.0,8.067164856396706,0.47468013648111435,1.1661942290084057,2.381324795564134,1.476052398929549,1.139558418721484,11.676105230076862,4.056555596889869,3.0735960953404953,0.0,0.0,1.1017646808327672,1.896246780158827,0.0,0.0,0.0,0.0,0.11037061864310369,1.881631260405567,0.5687919878925989,0.0,0.0,0.0,0.6613572481444658,9.394405170867511,2.5194880253078704,3.258542643426772,0.2782907675837491,3.292118968971351,0.08795676536242655,0.0,0.0,0.0,1.363268220915185,1.0577703778181295,0.0,0.0,0.0,0.0,0.13369177162157816,0.7536569223680617,0.0,0.0,1.0921016547764872,0.0,0.0,0.0
deg1,1,0,2.6567322814148713,1.8795989580788914,0.28241626746132475,5.525788111112313,0.9385258554208641,2.2130547716499054,0.490283503485682,0.0,0.2549550641870248,0.0,1.703805559052363,2.7542804989631477,1.304393666497288,0.05543882503384372,1.4656683783576412,1.4983853663811733,0.0,0.0,1.007733165957829,0.0,0.0,0.0,2.047893328250579,0.5029826446426725,0.0,0.0,2.1934428949775495,4.156718904829024,0.9104489768270955,0.6882467008455279,0.8760360890548465,0.32141601396612113,0.09028781719173537,0.07024686136997153,0.022215451201357393,0.0,0.8444730289892632,3.4744099956958694,0.21011846277426685,3.2271462296588846,0.0,0.0,0.3055824340404585,1.5793174218268664,0.09192829600026925,0.7699376094683784,2.710333108892763,0.0,0.26240238189666254,0.16656735785857674,0.0,0.8185067929415045,0.0,3.1763459764702673,1.1683886820156668,2.5529160895702305,0.0,0.5650893433057611,0.6337016956649483,0.94705717066853,0.0,0.0,0.0,0.0,0.12201612390602337,0.06509767295767767,0.0,0.0,0.0,0.0,0.01190480796360815,0.0,0.08167907119012868,0.07412368607680206,0.02104439970791749,0.0,0.0,0.0,1.0724135860306288,0.0,0.0,0.0,0.0,0.0,2.146292867543777,0.7283365187910067,1.21032678356062,3.401575765931816,1.5613484287640946,1.178599650020274,4.316901157440425,3.5605263632305117,2.8981245543440126,0.0,0.8522962683872095,1.0589793089930084,1.9342448884186985,0.0,0.0,0.0,0.0,0.16077256291319728,1.8353175281534528,0.6699942782538316,0.3742879820972252,0.0,0.0,0.6638156616623666,7.787659714682242,2.4903619260179353,3.9920544429830094,0.3835225756558536,3.1969306033752103,0.09219489197000014,2.127668837037372,0.0,2.0784915529698478,1.148812194193797,1.0294333548085421,0.0,0.0328218219628231,0.2269122989584975,0.0,0.40709244650855503,0.7206191365097249,0.16138883818302519,0.012363871048802875,1.0631918986632354,0.0,0.0,0.0
deg1,1,1,1.4003517342029839,1.1899253047792013,1.0041571238282412,2.4888455820674267,1.0537001111710362,2.3947357557885107,1.0258138955650937,0.8787702505771414,1.4490125941496568,1.123094060384799,1.2788242953623241,1.4864603302210058,1.0280693038590816,0.21156854662206712,1.2879209130463458,1.3708094309080814,0.0,0.0,1.212542508648588,0.5880543483206748,0.0,0.0,1.2139455789853262,1.0372533656310279,0.05941336997342005,0.0,1.9372102376356648,2.6729791163506578,1.0541433697494045,0.7332400464893302,0.9952402262831249,0.9226267517530935,0.44387426963720794,0.0,0.05333033303617132,0.210408593116559,1.132679985568692,1.3907879744076077,0.5904910157843896,1.5047556280525507,0.10438085612729887,0.2764442456934976,0.8985155346718605,1.1403445795916445,0.24483296206347147,1.0466686392063376,1.9118952493166577,0.0,0.26682526176032445,0.32070517628467976,0.24924727070514013,0.9587883888055478,0.7579441750243942,1.317779051307763,1.3357627799339602,1.4898684240915834,1.0215420890658233,0.6512459380157674,0.7742242422441612,1.3174045509008645,0.9322466656770444,0.35640246433179656,0.05670076919522681,0.9332806710394258,0.22727875548718282,0.2797917043045925,1.3044452863466112,0.21052657608879996,0.0,1.1305317850248575,0.27699465556287817,0.0,0.0825832938696305,0.07458264089225743,0.021174488627867687,0.6576660646663134,0.0,0.0,1.2674925260172243,0.0,0.0,0.791144030781086,0.0,0.0,1.3092009363354387,1.0331656024556388,1.3119395115745733,3.7292187061267357,1.7164211517541639,1.3335518345424446,2.071366527502867,1.9131807237547247,1.9286441623224058,0.7228918094717344,1.0323850857461072,0.7617812962436642,2.187203890376009,0.2466516967774696,0.8380590965907334,0.0,0.0,0.4334670289119126,1.9408106619622552,0.8623372608561997,0.897753268806247,0.0,0.0,0.6602329706138346,4.145100417784485,2.305202514091516,4.289054197793859,0.6463936196766628,2.036672153784686,0.23903906012713086,2.376679859281146,0.4041386694406273,1.7630098965972003,0.5773324630011587,0.4669293791155555,0.22428693308883238,0.22913495177601675,0.8947657765918493,0.6874153228467151,0.7635335372533231,0.7804054472469077,0.46551603338638864,0.38357691896402785,1.0041893939281346,0.0,0.783994810478063,0.6636802044726626
deg1,1,2,1.0797769479942354,1.0411259084556128,1.0522730996579004,1.3122075576329395,1.0226030258798278,1.5338226042210834,1.0280096598117674,1.0381018369377442,1.206532866922279,1.2931250613629537,1.0766855901621208,1.137490597624146,0.9108039661914062,0.7861984940439743,1.0993246158067576,1.1851423590174617,0.23081709843378043,0.0,1.0728660018696583,1.0759491419002694,0.37052912364951845,0.0,1.0487695685065015,1.0755364258949263,0.3753524465879337,0.0,1.2773723332303784,1.497742863145285,0.9842975103794241,0.8353938716209294,1.0008892272800947,1.0011143984320405,0.7934540481956098,0.1621287623591069,0.34137833493822656,0.7981297241822192,1.0184384823542842,1.0395246375077356,0.8492987629677967,1.010855487340475,0.5487772028060717,0.817154484696837,0.9933090754696831,1.0146623452813792,0.6568514277221988,0.9475901045216288,1.3331669990913555,0.0,0.27085400130657633,0.6983029711507238,0.8456714664436394,0.9811375938416222,0.9531969564954105,1.0626649973340176,1.1044751807924087,1.02818672618023,1.1179048116848687,0.8468098165592304,0.9095347347434751,1.151162641576145,1.0676825270735517,0.8184766730509474,0.7832721438569655,1.2735487956029699,0.5803187670747992,0.523274578785205,1.2953543377844168,0.7198421413206293,0.49829508440415476,1.193258347885665,0.5991686317252579,0.3614478484824122,0.08480232430344556,0.07513046835025394,0.021113403258054938,1.0362881185510342,0.7341281257534095,0.7327834163528802,1.1868183489026403,0.5420718042370678,0.24425047721186338,1.1553919543887285,0.2076024363995782,0.10819285381991524,1.1226768654203485,0.919159635192171,0.9778437608621192,2.167023917053981,1.2310926948267018,1.0395058153170922,1.3538553619217861,0.9936538436068589,0.9608290944389027,0.9410679433174057,1.032981606717781,0.738219316198984,1.6302981085785129,0.9171931129077119,1.0197670623657489,0.0,0.9619885193955413,0.8796287074776461,1.4236997107334772,0.9416747690956624,0.9838700220415186,0.0,1.1488355020780499,0.7608002192070241,2.0166321305580412,1.6289796412223818,2.711552370623256,0.859169561206741,1.3719571458996491,0.6662475199054393,1.5690387425349412,0.810705615076212,1.2933473277684715,0.49110478449523576,0.38512429265466613,0.5170468233029734,0.4621159502469671,0.9767982016118997,0.9446346984877461,0.8989926642807246,0.8978767535215463,0.46681208871312635,0.37047097957886027,0.9420706923844002,0.2036885737614467,0.9564549044071302,0.9457816831339969
deg1,1,3,1.0098294978110616,1.0051750716345422,1.0062481289434118,1.0381958323646479,1.0023111005698833,1.0721769376653885,1.0037498989502713,1.0076541475788703,1.02815445030637,1.0500998114435987,1.0095495481675578,1.0198779627753864,0.9521054203104531,0.842471828018308,1.0116920405478498,1.0296951842876647,0.7800351423203041,0.005502675559722613,1.0085404909141522,1.0170793270613514,0.8283855409204383,0.36405290671164653,1.0049602862852123,1.013456920904126,0.8349595837538998,0.11909771856548604,1.0354356722146902,1.0715181073622804,0.9081690862258188,0.6987912627195603,0.9998493846138958,1.0007790378884085,0.9568810869184871,0.728204870439882,0.8501566313682773,0.9654313796304279,1.000741756346653,1.0027892064098438,0.9754354824765668,0.9954605299967586,0.9263448918525012,0.9735006549657632,0.998989251737805,1.0005312807987403,0.9413476483756967,0.9857764149740033,1.053956567942461,0.0,0.3098761014834555,0.9537764967792163,0.9784758681953108,0.9972038566384799,0.9937857047021483,1.008639432818178,1.01111334221576,0.9974671766898312,1.0227347164761795,0.9767896726515226,0.9860645695789546,1.024244767206292,1.0136546775371005,0.9634757716466167,0.9590805095811794,1.0405388872577463,0.8830533362801152,0.7946481824244271,1.03271079264931,0.8932643165887643,0.7555151698063075,1.0269408513265303,0.8783871300631173,0.7507705694545282,0.08775790927424196,0.07448536321783188,0.02042115847326765,1.010434537321091,0.9586278186645084,0.9611795335446608,1.022501503796798,0.8626803103423694,0.707786411282211,1.012753093879385,0.7999896431205155,0.6767872936338066,1.020368930026915,0.9747859317658368,0.9798580490517836,1.150265817817576,0.8789944672598247,0.6173537219837795,1.0448263941168758,0.9483142348530328,0.8803438127361822,0.9828945383206527,1.0081346436016405,0.8103601681795134,1.1456499562509697,0.9948126356871195,1.005157390432101,0.5349242435303241,1.093999222132809,0.9757070650798024,1.067789836079335,0.9813588373513491,0.9964507047005489,0.42486914251134733,1.0094668412072203,0.7290862847467643,1.1422703205258342,1.0508931282265968,1.2832751435615724,0.9217052406638692,1.0511349044298082,0.8658372207495003,1.0844845289893057,0.894887873963972,1.036180759150663,0.7533958683002279,0.5995865140313138,0.7787414895894929,0.6510991414926567,0.9937126324936947,0.986889936168833,0.9558870032159048,0.9327365351635442,0.7430319275996878,0.585983430048477,0.8144097182054696,0.6698043502998591,0.9902650545362122,0.9664840746022142
deg1,1,4,1.0009723199383311,1.0005101932555274,1.0003369724252578,1.0036478355184517,1.0001117504539208,1.007059512838978,1.0003217685800618,1.000797028410632,1.0026561617038199,1.0052154600794816,1.0008607344138851,1.002032156847265,0.9921461982372753,0.8978123606534363,1.000909357377639,1.0030296110882817,0.969611883473105,0.599793714379194,1.0006296008861062,1.0017555398812814,0.976269824431888,0.7620275039122367,1.000291346935942,1.0013570504026035,0.9777900502360246,0.7041991077665577,1.0033005546122846,1.0073351555965073,0.982083304351367,0.7565237368983267,0.9999506603747002,1.0000757627372963,0.9946461132712363,0.9311360282321068,0.9825597856375621,0.9957688245889512,0.9995961853814591,0.9998948925778943,0.9962216800034073,0.9984717582318957,0.9916666393006084,0.9967266066033152,0.9998017849486573,0.9998971290922528,0.9933753715480101,0.9978376539377323,1.0053779409193466,0.03464449002568963,0.5397015781147394,0.9942852354500139,0.997017753587566,0.9996078871212278,0.9992496776669347,1.000876398864566,1.0006019060930518,0.998956835125132,1.002154141969005,0.9974400645602939,0.9983676809043679,1.002498939815,1.000897324867976,0.9945403501745909,0.9924661885452378,0.9950086822943276,0.9785836254373877,0.9506484820892092,0.9906758410167196,0.9787250983091347,0.9401911005179537,0.9966549095016632,0.9773143048572018,0.9428418718649015,0.10090432556697382,0.08999688093145854,0.020166716998830752,1.0006710259379463,0.9948704611219973,0.9942269802832432,0.9956747405614067,0.9750947727414019,0.9348226891107567,0.9905325594457499,0.9678133194682706,0.931247810698721,1.0013910351984523,0.9955653446557314,0.9943457316734822,0.9859537522095818,0.9596223753694503,0.8699867741523414,0.9965835115147267,0.987291362843839,0.9649633934594346,0.9963543451504887,1.0009269624491353,0.9471155731685844,1.0164411151744301,0.9987999994718363,1.0005768215094306,0.8992841245442206,1.0120784813523036,0.983853714299367,1.003960812989483,0.9968044943040615,0.9987587566667065,0.8734246532259241,0.9841249624003309,0.9103914949866347,0.9994764634636325,0.9702882151956337,1.0147389170415266,0.9771459013458496,0.9988766963849021,0.9577506430755631,1.001858692962831,0.9730555496270731,0.9959272404289037,0.934813497312475,0.864932080245516,0.9407242557589037,0.8790225112545448,0.9987690944462357,0.9971401048084712,0.9878031846577036,0.9755120873281425,0.9317480286502307,0.8595278131582333,0.866726931343441,0.8486612282950331,0.9974849308363758,0.9795993221460695
deg1,1,5,1.0000878308427308,1.0000450138868187,1.0000128181726633,1.0002960757200399,1.00000297369684,1.000644037561413,1.0000249915183015,1.00007536882883,1.0002230783738553,1.000494005392905,1.0000698500116825,1.0001930500432856,0.9989982053751973,0.9830469884862287,1.0000683807229616,1.0002926487126345,0.9966138132209932,0.9405326757460244,1.0000375030784152,1.0001622783360518,0.9972675009833065,0.9645798778007526,1.000012288456544,1.0001289239839193,0.9975395425732778,0.9576571214347505,1.000277325842167,1.000700361091566,0.9975024923445182,0.9581319043797533,0.9999937172830129,1.0000071899123493,0.999438140800522,0.9907941353459832,0.9981402252188918,0.9994605538029389,0.9998853765181256,0.999919817156412,0.9994098523362298,0.9996263140611683,0.9990121281763993,0.9995061721600097,0.9999693483935927,0.9999723004876648,0.9992799440189521,0.9996848917901247,1.0004622025643077,0.4159628274494513,0.8480261052766866,0.9991525081759722,0.9994961343396686,0.9999217535384245,0.9998864849750517,1.0000765917093108,0.9999754498003596,0.999769723918614,1.0001702332861504,0.9997110903169404,0.9997937395111959,1.000222966740804,1.000022524632293,0.9988420129713556,0.9989673520602641,0.99871686702681,0.9953365750909228,0.9931864995731116,0.9980733025249915,0.9955885675983835,0.9920339753462424,0.9991370212293206,0.995180636275284,0.9923044810699144,0.2290636472151457,0.24381136247430577,0.04195772424150743,1.000016647593361,0.9992826413957887,0.9993109306909029,0.9990304876338784,0.9951884953396363,0.9915159166047062,0.9982454707349496,0.9942840670893079,0.9911098359540157,1.000039028289912,0.9988446278179908,0.9990932145131598,0.9960820179368691,0.9888959897029167,0.9813585666061773,0.9989658131281473,0.9967453625031366,0.9950366673996274,0.999541415763363,1.0000860060605075,0.992900086341034,1.0014997743318637,0.9998341904990841,1.0000564885942098,0.9874572932302906,1.0010645887217333,0.9973471435296849,1.0000106917861675,0.9996382286258391,0.9998266970659471,0.9844279776613805,0.9971677967697333,0.9873777439499576,0.9984996166126898,0.9945913904679669,0.9998210881121086,0.9968517975285907,0.9992931043177828,0.9939672211558469,0.999484372337248,0.996456057903147,0.9989315904219819,0.9907907154745647,0.9800996749033323,0.9915840069129048,0.9820536199325102,0.999839131359955,0.9996163613540177,0.9982560268251354,0.9963324616611857,0.9903579892298737,0.9792998853171058,0.9778931826408103,0.975979330842629,0.9996374222379677,0.9966572157742782
deg1,2,,0.0,44.596694407785606,0.0,17.30762736480429,0.0,0.0,0.0,0.0,0.0,0.0,0.0,6.495785329848455,1.856846958267573,0.1798902057120456,0.0,2.401595481966495,0.0,0.0,0.0,0.0,0.0,0.0,0.9216632984849542,0.0,0.0,0.0,0.0,2.4441932941140205,0.8557979225779115,0.6790087908540018,1.1785621300979539,0.0,0.0,0.0,0.0,0.0,0.0,8.507126336749113,0.0,42.07389288081646,0.0,0.0,0.0,0.0,0.0,0.0,0.0,0.0,0.16082085808555197,0.0,0.0,0.0,0.0,313.8251331808401,0.7061321193159769,0.0,0.0,0.0,0.0,0.0,0.0,0.0,0.0,0.0,1.748927408134258,1.314956457680942,0.0,0.0,0.0,0.0,0.0,0.0,0.12635682302373377,0.045130182569461365,0.04812498302641573,0.0,0.0,0.0,0.0,0.0,0.0,0.0,0.0,0.0,0.0,9.021392835921885,8.02376178640819,0.0,3.2558207225398923,1.6898934298642563,0.0,10.28436310030203,7.390696632031603,0.0,0.0,0.0,1.5159484705506037,0.0,0.0,0.0,0.0,0.9161485404606017,0.0,0.0,0.0,0.0,0.0,4.655910627203936,43.62590863257631,0.0,0.0,0.0,0.0,0.0,0.0,0.0,7.573980692150716,0.012905576034196436,0.0,0.0,0.0,0.0,0.0,4.382556203785773,9.515214781193933,0.0,0.0,2.6477075332787963,0.0,0.0,0.0
deg1,2,-2,0.0,44.56312536166991,0.0,17.310670386720396,0.0,0.0,0.0,0.0,0.0,0.0,0.0,6.495863635122853,1.8567178050438544,0.17969976952171407,0.0,2.4015598743239503,0.0,0.0,0.0,0.0,0.0,0.0,0.9189099670434584,0.0,0.0,0.0,0.0,2.444418082283833,0.8558570063704949,0.6789748711323629,1.181080676512139,0.0,0.0,0.0,0.0,0.0,0.0,8.507093858170844,0.0,42.07348482249696,0.0,0.0,0.0,0.0,0.0,0.0,0.0,0.0,0.16082092390462202,0.0,0.0,0.0,0.0,313.7055182213779,0.7061574306631058,0.0,0.0,0.0,0.0,0.0,0.0,0.0,0.0,0.0,1.7489306150047266,1.314956028156134,0.0,0.0,0.0,0.0,0.0,0.0,0.12635696318126688,0.04513018314313775,0.04812498174801323,0.0,0.0,0.0,0.0,0.0,0.0,0.0,0.0,0.0,0.0,9.021394420594287,8.023787004659688,0.0,3.255822579679648,1.6898882138364144,0.0,10.284352009050549,7.390707290310299,0.0,0.0,0.0,1.5157200144827774,0.0,0.0,0.0,0.0,0.9161539560912929,0.0,0.0,0.0,0.0,0.0,4.655877259585357,43.62990964757289,0.0,0.0,0.0,0.0,0.0,0.0,0.0,7.573415576708441,0.01294383758020669,0.0,0.0,0.0,0.0,0.0,4.38233134762513,9.515152512359219,0.0,0.0,2.6474548475394917,0.0,0.0,0.0
deg1,2,-1,0.0,44.263460739442344,0.0,17.33781840782887,0.0,0.0,0.0,0.0,0.0,0.0,0.0,6.496542920619826,1.8555589271333186,0.17799237302182913,0.0,2.401242556191929,0.0,0.0,0.0,0.0,0.0,0.0,0.894343995464376,0.0,0.0,0.0,0.0,2.446432761949305,0.8563864056124085,0.6786709000087494,1.2035011725107136,0.0,0.0,0.0,0.0,0.0,0.0,8.50681171784377,0.0,42.069810699832225,0.0,0.0,0.0,0.0,0.0,0.0,0.0,0.0,0.16082151639963488,0.0,0.0,0.0,0.0,312.63310885295994,0.7063854466813086,0.0,0.0,0.0,0.0,0.0,0.0,0.0,0.0,0.0,1.7489594751880577,1.3149522337242585,0.0,0.0,0.0,0.0,0.0,0.0,0.12635821994085508,0.04513018829777341,0.048124970333352286,0.0,0.0,0.0,0.0,0.0,0.0,0.0,0.0,0.0,0.0,9.021408274656448,8.02401212769231,0.0,3.255839348641098,1.6898415522493775,0.0,10.284251985850965,7.390802585447287,0.0,0.0,0.0,1.513672575163069,0.0,0.0,0.0,0.0,0.9162025527153722,0.0,0.0,0.0,0.0,0.0,4.655578128057629,43.66577219864016,0.0,0.0,0.0,0.0,0.0,0.0,0.0,7.5683622432543105,0.013286792524071667,0.0,0.0,0.0,0.0,0.0,4.38031567095912,9.51459389388425,0.0,0.0,2.645189567731733,0.0,0.0,0.0
deg1,2,0,0.0,41.491535748244644,0.0,17.587430259614298,0.0,0.0,0.0,0.0,0.0,0.0,0.0,6.501003070392225,1.8443088159065844,0.16154086076404373,0.0,2.3983560264390906,0.0,0.0,0.0,0.0,0.0,0.0,0.6683084971936799,0.0,0.0,0.0,0.0,2.465804287946835,0.8614600709526182,0.675755594411102,1.4052353137970595,0.0,0.0,0.0,0.0,0.0,0.0,8.504912086970386,0.0,42.032933979728604,0.0,0.0,0.0,0.0,0.0,0.0,0.0,0.0,0.16082745214644456,0.0,0.0,0.0,0.0,302.3022906958684,0.7086861703976289,0.0,0.0,0.0,0.0,0.0,0.0,0.0,0.0,0.0,1.749247962138506,1.3149217886591344,0.0,0.0,0.0,0.0,0.0,0.0,0.12637034287953902,0.045130239028977545,0.0481248646212212,0.0,0.0,0.0,0.0,0.0,0.0,0.0,0.0,0.0,0.0,9.02150843637044,8.026093132602055,0.0,3.2560122055150735,1.6894014952973104,0.0,10.283232311515784,7.391695884723799,0.0,0.0,0.0,1.4940228927839465,0.0,0.0,0.0,0.0,0.9166751034875891,0.0,0.0,0.0,0.0,0.0,4.652698893401576,44.01043485475602,0.0,0.0,0.0,0.0,0.0,0.0,0.0,7.520933368022312,0.016583137385277832,0.0,0.0,0.0,0.0,0.0,4.360923178129754,9.509180009508123,0.0,0.0,2.6233840168214866,0.0,0.0,0.0
deg1,2,1,0.0,25.717655008609455,0.0,18.772553064533994,0.0,0.09013556409534253,0.0,0.0,0.0,0.0,0.0,6.38270787120843,1.7448849305632697,0.042280008019601585,0.0,2.351809395019016,0.0,0.0,0.0,0.0,0.0,0.0,0.0,0.0,0.0,0.0,0.0,2.623446243857497,0.8997158122524221,0.6555809913355451,1.7182558289166758,0.0,0.0,0.0,0.0,0.0,0.0,8.52996822633747,0.0,41.65964309258842,0.0,0.0,0.0,0.0,0.0,0.0,0.0,0.0,0.16088711575886155,0.0,0.0,0.0,0.0,227.4236665454848,0.7329949918733236,0.0,0.0,0.0,0.0,0.0,0.0,0.0,0.0,0.0,1.752121192280007,1.3148869594890789,0.0,0.0,0.0,0.0,0.0,0.0,0.12645954091972297,0.04513069333035401,0.048124487682225166,0.0,0.0,0.0,0.0,0.0,0.0,0.0,0.0,0.0,0.0,9.019843907407658,8.03699373935598,0.0,3.2581027521480492,1.6867371623032845,0.0,10.271675087963395,7.39648710947684,0.0,0.0,0.0,1.357505509774748,0.0,0.0,0.0,0.0,0.9204661238816481,0.0,0.0,0.0,0.0,0.0,4.632046602991488,46.45050742685516,0.0,0.0,0.0,0.0,0.0,0.0,0.0,7.260515802315951,0.040008666325368716,0.0,0.0,0.0,0.0,0.0,4.221811170217082,9.46752602346207,0.0,0.0,2.4666215722801277,0.0,0.0,0.0
deg1,2,2,3.122800800565089,5.812393459788435,0.0,17.908737908442713,0.0,0.8611210639713027,0.0,0.0,0.0,0.0,0.0,4.739881858650927,1.5157402136707836,0.0,0.0,2.3491709129899743,0.0,0.0,0.0,0.0,0.0,0.0,0.0,0.0,0.0,0.0,0.0,3.219084174607171,1.0050014781604788,0.5893105672609853,1.1349314084537567,0.35687223991169503,0.0,0.0,0.0,0.0,0.0,8.61702186957382,0.0,38.43464296521531,0.0,0.0,0.0,0.0,0.0,0.0,0.0,0.0,0.16143595302296335,0.0,0.0,0.0,0.0,66.93062157678652,0.994298910429197,0.0,0.0,0.0,0.0,0.0,0.0,0.0,0.0,0.0,1.7810818823320813,1.3427544845506294,0.0,0.0,0.0,0.0,0.0,0.0,0.1266777771915679,0.04513372668466987,0.04812681085039489,0.0,0.0,0.0,0.0,0.0,0.0,0.0,0.0,0.0,0.0,8.956499150843868,7.988941048784275,0.0,3.284987262474928,1.6933629101254393,0.0,10.126085905037298,7.361672932828687,0.0,0.0,0.0,1.2083265630324553,0.0,0.0,0.0,0.0,0.9459708230783186,0.0,0.0,0.0,0.0,0.0,4.588715157818979,50.44293048550266,0.0,0.0,0.0,0.0,0.0,0.0,0.0,8.322603074199327,0.08156452464484168,0.0,0.0,0.0,0.0,0.0,3.9200870222774498,9.309577271879233,0.0,0.0,2.1012855875583396,0.0,0.0,0.0
deg1,2,3,2.2262707897280776,1.9944114468657028,0.0,9.961548808595252,0.18486881935562238,2.151607212857423,0.5024313189293509,0.0,0.0,0.0,1.597018301651964,2.3728468148356354,1.3822502017947793,0.032479628572115955,0.03873875954599726,1.8517019331838045,0.0,0.0,0.6269946081113066,0.0,0.0,0.0,0.9294517411016462,0.6301484144456517,0.0,0.0,1.6016817695648595,4.093682331528017,1.2963183279284192,0.7176712912416716,0.8786069424758959,0.6611444092688443,0.0,0.0,0.0,0.0,0.7788785313969321,5.022454679539225,0.6349495733584951,20.356949382823586,0.0,0.0,0.23640651143408062,1.0034662620769494,0.0,0.8823957583670723,2.325029281954808,0.0,0.16421822237808112,0.0,0.0,0.0,0.0,9.783051981955477,1.8601238454948557,4.025135026226809,0.0,0.0,0.0,2.5375515116043657,0.0,0.0,0.0,0.0,2.0192830143718217,1.6116472771437576,0.0,0.0,0.0,0.0,0.0,0.0,0.1270000664126147,0.04515545093609697,0.048145815037028215,0.0,0.0,0.0,0.0,0.0,0.0,0.0,0.0,0.0,1.8426248650040924,8.216289215967324,7.338768465016656,0.22975030546312789,3.509937868994792,1.8227396135527614,2.8974267255918473,8.907167795136731,6.789693149498194,0.0,0.0,0.0,2.6821461153737136,0.0,0.0,0.0,0.0,1.1512490818705798,0.0,0.0,0.0,0.0,0.0,4.580633729792002,42.123278898825184,0.0,0.0,0.0,0.0,0.0,0.0,0.0,10.971693455809831,0.15562507731843084,0.0,0.0,0.0,0.0,0.0,3.250954739944809,8.7295069309158,0.0,0.0,2.5817841232797867,0.0,0.0,0.0
deg1,2,4,1.326964496625205,1.19697054866416,0.7508480100193032,2.856105600556106,0.9405875182414556,2.3300557978220726,1.019698838762771,0.9446133435680699,1.4364364957822409,1.302109814871034,1.2386345419090394,1.432832320742715,1.2431100647136406,0.471912899061834,1.0611828489046191,1.394828264680633,0.0,0.0,1.1290483457889942,0.7262297369732954,0.0,0.0,1.0516734507494128,1.033842000696086,0.0,0.0,1.7755264901202432,2.573967916555883,1.7400181636559149,0.8227795163692725,0.9811347063924176,0.9710544129036229,0.41556894335506084,0.0,0.028300177077406397,0.2541982778950945,1.461970074693238,1.7629573022696388,2.0428349566384547,4.438238490185005,0.10347298825192096,0.2989960114015472,1.0582697332057605,1.173493450253023,0.3801277364263212,1.8267521534510633,2.976385873133693,0.0,0.16678753956402298,0.5479449090632612,0.5364905239310973,0.7506714536400856,0.6906113055901978,2.119871279780299,2.344701155200012,2.396862040779561,1.469215867822241,0.6451809628166266,0.5464072890885066,1.8366213589477312,0.0,0.0,0.0,2.3310258504590737,2.4193924653283623,2.271286816060006,0.9167423833025523,0.0,0.0,1.8934326976513562,0.615024786120207,0.0,0.12780416444132653,0.04524704680880066,0.04821739689383587,0.0,0.0,0.0,1.0600778625869995,0.0,0.0,0.0,0.0,0.0,1.5727859543940321,4.513967880803098,4.290612093550143,6.941105108925796,4.167576510030141,2.3817751858890013,3.1932553876403347,4.8357729354717165,3.9911621113447526,0.0,0.09006620875249677,0.0,4.378130879788081,0.0,0.5353797828204159,0.0,0.0,1.5610498623359816,2.543768327408654,0.0,0.4291267855187756,0.0,0.0,4.415472415710813,13.265510423928463,0.0,2.4059081783938727,0.0,2.4654109694714865,0.584586092336464,3.7713726623114456,0.0,4.076730153374994,0.03830049542141955,0.0,0.41674599442128457,1.1118162544922323,0.7367319605566123,0.16578123083226448,1.5501254437313834,2.883097757566796,0.0,0.0,3.4677534565172485,0.0,0.0,0.0
deg1,2,5,1.0543455103895498,1.0318648865343096,1.0036882864283139,1.2783120208320733,1.0033455911701301,1.3392061529687094,1.0157295382742546,1.0318258795909239,1.1327895844580456,1.2479860693767644,1.0506391354129414,1.1120105254470305,1.0627151528246228,1.407317283917672,1.0441424356469047,1.151042043624376,0.4415388716479453,0.0,1.0418628611114429,1.0535873081661862,0.7503428573068549,0.0,1.0205633093830442,1.052439539977997,0.6133452376587514,0.0,1.1777763216299801,1.4132017088552136,1.3742333520548258,1.6785755864303102,0.9986843211969895,1.0029884769791761,0.8743573298581078,0.0,0.6399420342422818,0.9206764469785693,1.0707833033185754,1.092753560737183,1.2517231831956344,1.4018936444956602,0.811506732969115,0.9359193343643093,1.0195592224018937,1.0301908831559976,0.8731311199184221,1.1204190281771051,1.5115647180386063,0.0,0.1677868855248351,0.9218467180715625,0.9656336402158481,0.9765484884466479,0.9702973289964425,1.1493378636329235,1.3159149362045397,1.197364769071319,1.2243258540497262,0.9286610500195578,0.9485456627350365,1.208875282647624,0.8902560775279379,0.5986688824436461,0.35668196327484986,1.7344069449966548,1.799097172901303,1.5805862272161995,1.6331556779158314,0.9597628916029297,0.5078802093487328,1.4452359665149064,1.5285364479111179,1.068773018085651,0.12885465606454646,0.045537367745009834,0.04841662010996469,0.8891025702050039,0.6867821743402255,0.5952609987832506,1.3291741929114622,0.5318560796228918,0.3399796052085125,1.1253210238953193,0.6668757625542419,0.5142545743855478,1.1362003277086323,1.5612701334735868,1.490326174721824,3.496531340862491,3.5281776413569927,2.357640398654846,1.6931875494197242,1.93019593942521,1.5956692739442682,0.7253744195613577,0.9897038739080884,0.406193240332622,2.729671249290543,0.790026154640112,0.9956117007166074,0.0,1.2732195069933108,1.1808502040519069,1.5190460692311571,0.8567631528205758,0.9638983901961091,0.0,0.8409905482032018,3.048337388409854,3.491393562537429,0.7519124093331198,2.653175195264232,0.7622219981387657,1.5732336198909775,1.1157424397014302,1.8717131068608837,0.8147370475720495,1.762890611353037,0.22981286610460597,0.3122915110659431,0.4310083233302792,0.889768861497582,0.9395034964734427,0.8786201445510811,0.9963500138474785,1.23147121452771,0.24580845902181545,0.422265448417871,2.4610765410521336,0.0,0.8597526334671665,0.9659209848643069
deg5,1,,16.79769533812649,21.31212558984402,1.579930937140894,1.8423847904182704,0.0,1.328729762323519,0.0,0.0,0.7693843763678331,0.0,0.0,7.103911053116524,0.8535594655065585,0.8921633655149473,2.036266866530172,0.9052695023514947,0.17153631408919856,0.07040208004646452,0.0,0.0,0.0,0.0,5.974760138006646,0.0,0.0,0.0,0.0,3.7069381751695807,0.7314088855630596,0.19632410297029174,0.0,0.0,0.07772739586022027,0.0,0.027233262823806066,0.0,0.0,13.591857861670734,0.2871815714564087,0.8388125252973851,0.14965905005207938,0.0,0.03613482003619392,3.1091437311742705,0.09558444630622584,1.2443540826344657,3.5580125529186346,0.24630917476273753,0.20787707108234338,0.28977164013748463,0.0,1.9652760508909475,0.0,0.0,1.1316623412076134,1.0925702522447613,0.0,0.5978110988619354,1.475262070977918,0.0,0.0,0.0745917034339435,0.0,0.0,0.0,0.0,0.0,0.0,0.0,0.0,0.12058101777511009,0.0,0.6324744800470062,0.061597503566037784,0.034886702682653606,1.0000449137458507,0.0,0.0,0.0,0.0,0.0,0.0,0.0,0.0,0.0,0.5117786518309335,0.5430933303682469,2.7328793478745603,1.588242469326971,1.2012362327360167,19.252385323691342,3.2331339038104647,1.9726513177075191,0.0,1.7756560070865404,0.9267929223452881,1.1632715028319045,0.0,0.0,0.2876041551212851,0.3671911481352854,0.0,0.0,0.9619517386700398,2.115848551888859,0.08840399966879742,0.0,0.19285838646139686,0.0,2.871340158244802,5.7811996351870825,0.1731710836047049,0.0,0.0,0.0,0.0,0.0,1.3787398792259289,1.0839227408910819,0.0,0.0,0.0,0.0,0.33193329286949147,0.30413998727595754,0.0,0.0,0.8950348896384688,0.0,0.8885368109080223,0.0
deg5,1,-2,16.4349906154822,12.921549406855474,0.9075697606281603,2.045777047920379,0.0,1.5439818693547123,0.0,0.0,1.0593256485596956,0.0,0.626836204654243,6.8004412892103385,0.8485871031595998,0.888179433400901,2.5478984192785226,0.9308922476500177,0.17090082688355068,0.07407311847002954,0.0,0.0,0.0,0.0,5.539969064602968,0.0,0.0,0.0,0.0,3.7781907128056975,0.7343340668934716,0.19900532799596596,0.0,0.0,0.09037687347642728,0.0,0.02832839030808265,0.0,0.05289258439856287,12.279030979512322,0.28942682038021417,0.9046061523327388,0.15049668623279353,0.0,0.029337392521042456,3.0186035815013534,0.09378382548548472,1.200177639808526,3.560412056159861,0.2471352978649858,0.22387386879171756,0.29065959274645753,0.0,1.957668185352332,0.0,0.0,1.1292106211409898,1.3178644472824135,0.0,0.5975782543285835,1.4152707273506475,0.0,0.0,0.07694281456087008,0.0,0.0,0.0,0.0,0.0,0.0,0.0,0.0,0.12166459199905189,0.0,0.6328891742178591,0.06160334597419131,0.03486098262657205,1.0200052232539065,0.0,0.0,0.0,0.0,0.0,0.0,0.0,0.0,0.0,0.5133046692791033,0.5413619370790216,2.88327957682788,1.5893906202451078,1.20040445082366,18.221925850655094,3.226094039322024,1.979702551162301,0.0,1.79509285321767,0.9282408423552196,1.1693568167860353,0.0,0.0,0.2869030203266453,0.3718352517990283,0.0,0.0,0.9619231274633935,2.2560716172841486,0.0882373518707265,0.0,0.19273263776115518,0.0,2.871136268320827,5.80162669754353,0.17252296439425147,0.3747280708577983,0.0,0.0,0.0,0.0,1.383529626678554,1.0885131735539681,0.0,0.0,0.0,0.0,0.3058244961313578,0.281253345609259,0.0,0.0,0.8913815468915598,0.0,0.9259456859433945,0.0
deg5,1,-1,8.717244344425911,4.580530752486786,0.3721708566271892,3.0692271528332524,0.0,2.058481382231536,0.0,0.0,0.42692659058176413,0.0,2.1903392239173938,5.147760860601517,0.8397744786437629,0.883150036661626,3.240290416905776,1.1531460147439008,0.17176206672497957,0.08526466745203543,0.0,0.0,0.0,0.0,3.1491355939811596,0.0,0.0,0.0,0.8981314131732253,4.090997497523188,0.7373110116622541,0.23451391764738042,0.5307364092384986,0.0,0.13091636644254315,0.0,0.03214689755653947,0.0,0.4299115173777782,6.7988108976887105,0.3058740773969663,1.1657322398367602,0.15859802538395495,0.0,0.060410957959528465,2.503356027531186,0.09067037576346003,1.031830179198794,3.390429045222764,0.25103081382303744,0.28873012496495715,0.2975395002299888,0.0,1.9142435021875865,0.0,1.1282867871334474,1.1385543228081236,2.140737824940153,0.0,0.6003968183160538,1.1491588924938598,0.0,0.0008673593358420803,0.09958553749548663,0.0,0.0,0.0,0.0,1.7863724188725059,0.0,0.0,0.0,0.13139805966902487,0.0,0.6362337801972602,0.061641988191304196,0.03472150410510322,1.1893799754342158,0.0,0.0,0.0,0.0,0.0,0.0,0.0,0.0,0.0,0.5240551759573788,0.5342647662883591,3.3530653387980927,1.599975372116931,1.1988376948260822,10.757432019271402,3.1625614175902115,2.0012953410336074,0.0,1.9017818582834423,0.934736970499486,1.2184853638702045,0.0,0.0,0.2859295247998417,0.3708069970642745,0.0,0.0,0.9628072884229364,1.8537398593965313,0.08693912184304714,0.0,0.1862356306867478,0.5815306812032242,2.870068518376636,5.835032620700355,0.1788158189534951,2.2989277404590203,0.0,0.0,0.0,0.0,1.4064068872933646,1.1089666869469834,0.0,0.0,0.0,0.0,0.18336091371052257,0.14495676787117043,0.0,0.006990859420718702,0.8256106612377128,0.0,1.0506767334348373,0.0
deg5,1,0,2.584964321713135,1.6034517272698816,0.7933732499397066,2.5893392080374458,1.0561509165564404,2.4945666969373166,0.838073528385806,0.0,0.7715293702622343,0.0,1.4599647938610716,2.533062939754381,0.8207504712373112,0.8256660495734124,1.9995253786235592,1.6074379834455355,0.18185990636865226,0.10184486721346458,0.5111035863203434,0.0,0.0,0.0,1.5138030458654816,0.0,0.0,0.0,1.8654982151446697,4.35749981337832,0.7347731503280047,0.284464458220239,1.0463669280950119,0.6370210230600238,0.20113374776975576,0.0,0.040635547843960854,0.0,0.8528503518580408,2.1254667608895086,0.3783232048124144,1.2841087748600093,0.169114536706033,0.1904317889641912,0.45404938540753687,1.530786818464209,0.12863206129001967,1.026514560014799,2.6550649906338726,0.2541285004559102,0.36252586224074174,0.3012299974152012,0.0,1.5834763278714938,0.6457712153520181,1.1593519832319377,1.2408703302582393,2.047364930684501,0.4554631353550698,0.6110100958355175,0.8265044291186977,0.529412280470231,1.073305801730701,0.27717990747383703,0.06782046143539017,0.0,0.0,0.0,1.8719055152412742,0.0,0.0,0.17883529716214722,0.21641358513064796,0.0,0.6588627430486774,0.06196079652821078,0.034425047767720256,1.1018599379618985,0.0,0.0,1.4112854142777467,0.0,0.0,0.41459529385703564,0.0,0.0,0.8206584196463012,0.603450038527712,0.5781048557868209,3.473165784146541,1.678849395278584,1.2298957797586787,3.1259890266055668,2.6706398149740322,1.858473646011538,0.63918908666557,1.3089108269146734,0.8167850392494259,1.2988863017803678,0.0,0.5918051422539078,0.29756798188133127,0.40414985983566115,0.0,0.44815482700499026,0.9888464614208764,0.9944411409824498,0.08854723830675434,0.6966620764982729,0.1846603408923018,1.9864492028750627,2.8608887741840405,5.558785001940614,0.32089248329178927,2.133370170382637,0.0,0.0,0.0,0.6612716750619249,0.9305335971969644,0.8985129220901624,0.0,0.0,0.47502794132236775,0.009384508752531747,0.4687133585683004,0.2805356944852863,0.41014431059631207,0.19742871252511096,0.6729572810830315,0.06508347794188143,0.9814351722102501,0.32904916784253113
deg5,1,1,1.3082502144289287,1.124921440929028,1.0709766461657846,1.5638066503452517,1.0589209934470114,2.394124730121171,1.0340128657299812,0.9523972502469397,1.250920008773758,1.215665335254182,1.1783758281185277,1.4231193890520812,0.820754782194365,0.7870153127385368,1.3268394047542174,1.4336519265954215,0.2226439036581903,0.0988106152494251,1.0532668382703119,0.5004630232827473,0.0,0.0,1.1239319513268125,0.9211183556442616,0.0,0.0,1.5991419031754237,2.5167582851244594,0.7498859139524164,0.35211836153206677,1.0148392224406237,0.9619622403750608,0.5077423408851992,0.0,0.06229275329638973,0.41639199273489214,0.9823045214314186,1.1319902225861873,0.5594841929320761,0.9605842348837903,0.2548512431786459,0.6175355287009693,0.9022805060920813,1.0866888090319056,0.29692984755999274,0.8866463351835367,1.6918774326864994,0.25596105694243904,0.4010402270908064,0.35927242463218356,0.5253019132837867,1.0918012819317375,0.8994698034510771,1.0685199765744184,1.2531153496954457,1.16316357258414,1.0958306609763449,0.6572492063058547,0.7725766096125907,1.0546849755077048,1.1590599565102542,0.6864027432662941,0.48119672557886173,0.9387947289556207,0.1743122048312527,0.11947449027398675,1.4067047181252594,0.4073729767057511,0.12014855992852413,1.0934544617388977,0.3727607953053993,0.020080031391132822,0.7405158120980594,0.06379097262160578,0.0328988587204681,1.164892713923954,0.0,0.0,1.3149020440113053,0.0,0.0,1.2444814886910198,0.0,0.0,1.1411202657442123,0.809070842376189,0.7371438948731267,2.586284815220686,1.7000589880977892,1.2796720633032572,1.540526820420218,1.4017458129203282,1.2038674013472357,0.9212843412130886,1.0230721617568983,0.6915723540653355,1.3318469989430628,0.5128989238723817,1.011974165262564,0.2322766839764187,0.5880277418660967,0.11036647516280314,1.3554670748216915,0.9223097266579112,0.9047672214565041,0.06548435129558014,1.1905873873245985,0.265014118218486,1.9671829471606026,2.635156269501342,4.277311286933163,0.6883169679211344,1.4158114388064564,0.0,1.274397619861538,0.46035906659728776,1.1568668594164973,0.5439236968520964,0.4736000647866393,0.3203330358417037,0.1885419000704281,0.9222179582493046,0.8192830359117999,0.8152656147289303,0.747507911434303,0.45946828286661606,0.37091966446008795,0.6937278878440498,0.05293633615592809,0.9382251996938457,0.8419714697102119
deg5,1,2,1.057011709307986,1.0268638244911665,1.0378107718586367,1.1366371228648373,1.0157475194086898,1.4493931529919208,1.018651682164482,1.0349850529627056,1.119846077864677,1.2346032626100591,1.0477609545438777,1.1088758161790415,0.8447835009687914,0.7974660342542558,1.0796590260871302,1.1662428691193885,0.3365777062023519,0.07407746981999626,1.0305294855982736,1.033967496554512,0.3209213760192326,0.0,1.0263367897742202,1.04495886201903,0.4297349643186457,0.0,1.1722682727108442,1.3968974125936027,0.7129037321379716,0.43629294106076993,1.002260354252339,1.0038093950790448,0.8043706419159441,0.2991960422427585,0.4057744395721337,0.8255228409285782,0.9857850958489369,1.0030257781614198,0.8427728472704717,0.942398851242746,0.6857035270204936,0.8812479409294454,0.9867394065940654,1.002885455908369,0.7106295000452746,0.9182715752131637,1.199812687855048,0.27791127662990883,0.4833844386191635,0.738328632344793,0.8832380637098737,1.000367991809417,0.9730377591596607,1.0223947945449952,1.052465515348718,0.9762183218657434,1.0696671708423804,0.8633558581496673,0.9195880052813011,1.0665443085029382,1.06849070616493,0.8469762091622629,0.8174158392771752,1.1153657280780607,0.6583182931851107,0.5484970326380856,1.1521701650400404,0.7557192210962824,0.5519756301642741,1.0905803399696847,0.6682332394743603,0.43638681797775575,1.0104849629344987,0.06437147673663908,0.025386648365953134,1.078443669453347,0.7552176056624093,0.7790340604492283,1.1200811953508367,0.5748682774867679,0.3010958666185731,1.1406949874688104,0.183886586656009,0.08035087164455479,1.0705798465958187,0.8780619841097415,0.8784367157997354,1.4938785353874715,1.1338908412940503,0.8272582767450669,1.1585884011826906,0.9267826685057821,0.8114760121834153,0.9510109712124244,1.0137141959795068,0.6239631873438457,1.2825973928031174,0.95104047208773,1.0272016789489664,0.23895852074216903,1.042810347339192,0.7874884396460451,1.210136242827809,0.9354943853830278,0.988108554180224,0.0910728544068406,1.1179443815991614,0.5226566829301047,1.3902614148176469,1.6985704627832388,2.1942606783869394,0.8196280540668408,1.1594806148362786,0.553935546653745,1.222552935810309,0.7721559745154695,1.0962655415008007,0.5051187430190002,0.37327608183728783,0.5498168600399624,0.44256541691729995,0.9793709271371742,0.9597217837307216,0.9121208358355412,0.8917778769929826,0.48299156366415064,0.3488294452090306,0.7589620672796176,0.3296094359740768,0.9726286884269835,0.9431722449685084
deg5,1,3,1.0066409859406924,1.0032198095493923,1.002960031695375,1.0159742644609775,1.0009735831738145,1.0556236626410938,1.002024543362344,1.0058447159722566,1.0148684270557222,1.0358132926846646,1.0053051272996134,1.0144808896677637,0.9385248259113184,0.7679827026318818,1.0075131631938066,1.0237056591898421,0.7849083864803712,0.06016557509878647,1.0025438165774936,1.0087899863367888,0.8273677778748713,0.36726603392347806,1.0017323792307837,1.0078574581981297,0.850553814363107,0.2394370370252964,1.0199214715127616,1.052443549138764,0.8438200751420992,0.421810912133118,0.9998483094151599,1.0008294206063666,0.9568971077276489,0.7290871067912007,0.880038993578156,0.9700757617445118,0.9941395513743406,0.9962792436656078,0.9719145715934372,0.9842492152741465,0.9524139111381748,0.9808517724810915,0.9979360145909263,0.9987041038296895,0.9541693884131923,0.9833706149336231,1.0288605233303154,0.4915184027949699,0.7706391686996173,0.9560069884389514,0.9795859642467661,0.9989770289623081,0.9958983391671292,1.0034233151534335,1.0026001874605672,0.9897422187774165,1.010867529470208,0.9801857090878587,0.9876451674007319,1.0115893058218208,1.0098311485941913,0.9665345209733848,0.9661643610279219,1.0036360605711099,0.9088096867953326,0.8416347611276143,0.992156874974416,0.8996296795256142,0.7630861909834986,1.0022584854713577,0.8981781366475844,0.793754553270579,0.99111146365251,0.06019963060015969,8.6767521811549e-05,1.0110660757151153,0.9603850101209301,0.9643895966759762,1.000286210923448,0.8676293079005919,0.7150911367626077,0.9894246701052558,0.7947282972630316,0.6635626565768475,1.010346464780109,0.9711839905196854,0.9744733181157436,1.0071115003607511,0.8630021246956247,0.584867990773635,1.0048797676261894,0.9421724996274795,0.8667329511779823,0.9818724485681001,1.0040073595890333,0.7885660084921222,1.0704249541644806,0.9960092712073322,1.0046420399025915,0.6422001968032068,1.0483070067922964,0.9466922322132172,1.0286614022033242,0.9800813525152924,0.9957682632296594,0.4818396038474364,0.9738941902902115,0.7101945162700714,1.0323429440524936,1.0300358007694588,1.1550194927793733,0.915126574750745,1.0113425012037809,0.8397982066212322,1.0238681943969326,0.8934161982970856,0.9982038405167427,0.7554119243278145,0.5757207996707818,0.7845723523075093,0.6310313277436158,0.993829969962712,0.987852710995736,0.9584809566222264,0.9294713241725104,0.7464463427278543,0.5621987285621157,0.7034251448041718,0.5927835894427789,0.9909333483229477,0.9531491035399644
deg5,1,4,1.0006413393023443,1.0003074590629242,1.0000426662273743,1.0014117982284223,0.9999898996382879,1.0052589924959292,1.000139095770882,1.0005858230305977,1.0012668262361224,1.0036151760899907,1.000434280991167,1.0014473591791997,0.9908828843133567,0.89041740444267,1.0004843828544026,1.0023566732925318,0.97030346282223,0.6137593825345578,1.0000626170778928,1.0008624335717196,0.9771494213096525,0.7822138597604781,1.000012210599379,1.0007659813910108,0.9803597886070177,0.7464874005800731,1.001707458601,1.0052587039014578,0.9753438483740798,0.7163424432089518,0.9999466831644747,1.0000756190437616,0.9945895861221509,0.9293365577305915,0.9864872865918983,0.9964635280587932,0.9989702027248627,0.9991594643767799,0.9963371912813784,0.9973848226108409,0.9946504469605452,0.9974577970329087,0.9997314252197591,0.9997465341787527,0.9949786243729881,0.9979137526581091,1.0027993672377722,0.8785125230807381,0.9566199954056446,0.9940797471845392,0.9969297920858835,0.9997585685272619,0.9994396761852948,1.0003461510882026,0.9999738843049529,0.9983355340358442,1.0009139721697384,0.9978157686895414,0.998484393776251,1.0011871319770418,1.000184314798769,0.991489918610222,0.9909950252453741,0.9929474111932072,0.9738400952386528,0.9571923317798793,0.9872198197816531,0.9720950014506636,0.94097118867612,0.9946488950778313,0.9715964244592206,0.9480937829254334,0.9220634595353879,0.17674487130668565,0.040822740626822354,1.0004036528086675,0.993884181221528,0.9937984435931613,0.9932614073447259,0.9677408144488093,0.933863399908958,0.9877550321551821,0.9577703401755814,0.9258764620251496,1.000068527251472,0.9919125727127657,0.991800264490313,0.9726482508567629,0.9351249108917082,0.8645264754791497,0.9924569299892403,0.9793949373746652,0.9614211930385312,0.9960944303338822,1.0004616372634705,0.9464814599797601,1.0079914930021743,0.9986895351206517,1.0004975721278173,0.9205388004390108,1.005904350717922,0.978139106534639,0.9990035753545559,0.9967298819277683,0.9986784432378574,0.8892973034827019,0.9812917239761396,0.9162085952868039,0.9891910317017432,0.9657949340698331,0.9988787706986495,0.9772112306516707,0.9946731390960485,0.9544365639569246,0.9951357701245221,0.9747964648082952,0.9924575371729167,0.9358038149253576,0.8627696092646961,0.9430436041268033,0.8792788314455422,0.9986748448239703,0.9969469396860021,0.9887893430774036,0.9764443672458764,0.9333824541619508,0.8583809638511813,0.8604599871249058,0.8368206386197855,0.9971986060474535,0.9790023019770571
deg5,1,5,1.0000567097579351,1.0000257715688883,0.9999820677800303,1.0000975715012497,0.9999909198245681,1.0004484375345852,1.0000057279458545,1.0000511371857803,1.0000794227782412,1.0003153317357745,1.0000286517114805,1.000131773684338,0.9988940029914458,0.9837750064936014,1.0000253200602003,1.0002179792064658,0.9967061561995134,0.9448217897024578,0.9999847945839551,1.0000665425399018,0.9974474956874083,0.9694251335402805,0.9999889659045541,1.0000666472194022,0.9978758399418004,0.9649003951203092,1.000118821527079,1.0004791457892426,0.9968600027973824,0.9576056932051608,0.9999929858571467,1.0000066673928492,0.9994300317401417,0.9906772390442584,0.9986168978481019,0.9995968383877253,0.9998627634619799,0.9998827002841703,0.9995409300739089,0.9996346889546998,0.9993652654517046,0.9996229409929988,0.9999702161644674,0.999967846328834,0.9994846155546295,0.9997562572570351,1.0002462511779477,0.9853530522339982,0.9943979959006688,0.9991701636943648,0.9995092286058606,0.9999406172491585,0.9999060439725544,1.0000301304764372,0.9999768565582694,0.9997905471048487,1.0000678859392154,0.9997460673853643,0.9997909460943969,1.0001023943049265,0.9999466391280564,0.9974113812817162,0.9966405203968012,0.9987873145816676,0.9920466593095384,0.987441630570382,0.9979648780679781,0.9921884413997681,0.9862039007323582,0.9990795153668833,0.9916777251270834,0.9860739025845502,0.9845079682559156,0.6524044715903625,0.48001091172078547,0.999984426447136,0.9987772073592607,0.9986052881742288,0.9988853147748016,0.9915343743102254,0.9849066049340377,0.9980874514361617,0.9898998458623656,0.9834412146422853,0.999919736414608,0.9974157442679721,0.9966254016489203,0.9954005759375272,0.9781954457955172,0.9622677259471127,0.9987088098970267,0.9934294949893993,0.9892841393464235,0.9992785475526602,1.0000410926260552,0.9891995501935115,1.0007204380428565,0.9997058218750471,1.0000482448608534,0.9854945491017321,1.0005021076368454,0.9936728207881944,0.9995550267836582,0.9996005481332335,0.9998205154986888,0.9822117282012977,0.9971134589193629,0.9811733662607349,0.997860920248728,0.9878883557649071,0.9985458377199578,0.9950329342449049,0.9990074839909165,0.9892514695661713,0.9989329194989639,0.9951498243255146,0.9987584047950959,0.9914014741070737,0.9810697960289447,0.9923521974846837,0.9833024422680687,0.9998293602142173,0.9995953413027849,0.9984876563851098,0.9967289457094299,0.9910778311331964,0.9804676260075246,0.9794170535864152,0.9763345879346051,0.999606943542085,0.9969120511302944
deg5,2,,19.122473340880447,26.388624801099784,1.2589890649783493,0.8723915544654067,0.0,1.5121622015859117,0.0,0.0,0.0,0.0,0.0,9.148430932286063,0.8410552979867562,0.7895111460325158,2.149695695075363,0.58011108217712,0.17859983628031742,0.08023313385256785,0.0,0.0,0.0,0.0,6.280809745762378,0.0,0.0,0.0,0.0,4.122176636279737,0.7360608707005821,0.17435023256233526,0.0,0.0,0.061018489019979,0.0,0.0,0.0,0.0,18.56602049717181,0.2842538974646027,0.18656417618660748,0.16695345953419594,0.0,0.10282150343851912,2.437014879894201,0.09102465439482468,2.7153885280276002,3.9272991045121506,0.38781354044382915,0.2353889167545978,0.405130524089641,0.0,2.1908903401557844,0.0,0.0,1.5222934346167756,0.0,0.0,0.7224511527658571,1.34131645520901,0.0,0.0,0.15229695656212344,0.0,0.0,0.7297008626133961,0.36674092069990194,0.0,0.0,0.0,0.0,0.0,0.0,0.742409779462145,0.07643870796045842,0.045250549739942296,0.9737507027149824,0.0,0.0,0.0,0.0,0.0,0.0,0.0,0.0,0.0,0.9564042474069879,0.8014905933706573,2.9307223380327363,1.847371280539208,1.4741133224453544,18.124469893767188,2.1703178539318153,1.1147707371546212,0.0,0.8844610578212552,0.5974127777001108,1.194282896595346,0.0,0.0,0.2935333081917133,0.40165873811014624,0.0,0.0,0.670451635323743,2.2662062869444783,0.1268637922224035,0.0,0.25473289291324536,0.0,2.9764494166268514,5.928917593812069,0.325440859244058,0.7839073683770322,0.0,0.0,0.0,0.0,1.3382510545156427,1.0882020563552595,0.0,0.0,0.0,0.0,0.5138987287790253,0.3602666799903055,0.0,0.0,1.0236672905047295,0.0,1.3929551869264702,0.0
deg5,2,-2,19.123255033996745,26.34107468370965,1.2564930263796428,0.8747909430788631,0.0,1.5134240085995634,0.0,0.0,0.0,0.0,0.0,9.148360223536923,0.8410985362060981,0.7895027466576251,2.1528638358069583,0.5800035996993036,0.17857730075364694,0.08024056068687394,0.0,0.0,0.0,0.0,6.277870698139334,0.0,0.0,0.0,0.0,4.122337884372243,0.7360711933428362,0.17435523677418016,0.0,0.0,0.061066485102239346,0.0,0.0,0.0,0.0,18.560867354911316,0.28425691371813266,0.187328728312001,0.16694830013223297,0.0,0.10277974289288572,2.4382106569321187,0.09102882390305203,2.715263993825653,3.9273056655143845,0.3878138842122921,0.23545283201369646,0.40512105835293233,0.0,2.1907900617473364,0.0,0.0,1.5223075197849416,0.0,0.0,0.7224441621529092,1.3411656075372,0.0,0.0,0.1523009749857279,0.0,0.0,0.7297009734169144,0.36673330724793185,0.0,0.0,0.0,0.0,0.0,0.0,0.7424102743818742,0.07643871306967255,0.04525048080436711,0.9737502003002909,0.0,0.0,0.0,0.0,0.0,0.0,0.0,0.0,0.0,0.9564045510862664,0.8014903942409395,2.9310088319288967,1.8473721444596443,1.4741107810806535,18.122385023026816,2.170312320909845,1.1147999696949964,0.0,0.8845827310344222,0.5974143434583633,1.194277549630655,0.0,0.0,0.29353088706901714,0.40167312639105884,0.0,0.0,0.6704609318122986,2.2664842070320605,0.12686277683862138,0.0,0.2547337307915711,0.0,2.976448498695499,5.928956936148049,0.3254402607629991,0.7847567377998274,0.0,0.0,0.0,0.0,1.3382605459187331,1.088211026712384,0.0,0.0,0.0,0.0,0.5138475259791578,0.36022391660662373,0.0,0.0,1.0236610246667297,0.0,1.392979667227704,0.0
deg5,2,-1,19.128771152496817,25.92216524551503,1.2343906452485747,0.8961045974145422,0.0,1.5246048110502626,0.0,0.0,0.0,0.0,0.0,9.147586455851581,0.8414767646557691,0.7894280859450733,2.1809307371196147,0.5790733718437144,0.17837892949299822,0.08030719316680102,0.0,0.0,0.0,0.0,6.251776857931501,0.0,0.0,0.0,0.0,4.12379176738545,0.736163113269344,0.1744002273952193,0.0,0.0,0.06149494507017719,0.0,0.0,0.0,0.0,18.514640092051096,0.2842846646974796,0.19418757236326403,0.16690275986104508,0.0,0.10240861148961566,2.4489115871435367,0.09106629499536852,2.7141497232404777,3.9273669525183332,0.38781696962769246,0.23602620330464583,0.4050365680531794,0.0,2.189893578735689,0.0,0.0,1.5224346834756557,0.0,0.0,0.7223826472227856,1.3397981114064603,0.0,0.0,0.1523371949475922,0.0,0.0,0.7297019815049886,0.36666524109761517,0.0,0.0,0.0,0.0,0.0,0.0,0.742414667063454,0.07643875931192608,0.045249861314009716,0.9737529263489785,0.0,0.0,0.0,0.0,0.0,0.0,0.0,0.0,0.0,0.9564069784378781,0.8014867225677257,2.9335841092661954,1.8473799539977243,1.4740881405975217,18.103660665287528,2.170262532318067,1.1150617306887007,0.0,0.8856782614195295,0.5974279120119105,1.194230675474253,0.0,0.0,0.29350936095057545,0.4018019614759088,0.0,0.0,0.6705438776849197,2.2689758151691355,0.12685376512233493,0.0,0.25474120745662,0.0,2.976440435410393,5.92930997248747,0.32543455212544875,0.7923680111453039,0.0,0.0,0.0,0.0,1.3383458520430371,1.0882915935970572,0.0,0.0,0.0,0.0,0.5133874680869249,0.35983965763183595,0.0,0.0,1.0236046483777015,0.0,1.393202199207059,0.0
deg5,2,0,19.0652778568087,22.466332412986418,1.0433380935638819,1.0858642837363408,0.0,1.6219937530233601,0.0,0.0,0.0,0.0,0.0,9.128864998030036,0.844381793201193,0.7887596973824277,2.424551657341084,0.5727761016588083,0.17675771485194142,0.08095517431694935,0.0,0.0,0.0,0.0,6.020606896737065,0.0,0.0,0.0,0.0,4.138501359850029,0.7369993334805138,0.1748449825954558,0.0,0.0,0.06548336504061815,0.0,0.0,0.0,0.0,18.066802654941974,0.28461224062961077,0.26064542705362176,0.16652129785443354,0.0,0.09914453760456392,2.550142929849252,0.09143809723809287,2.7035975695221657,3.9281507937793707,0.3878468571705488,0.24158326317895568,0.4042519666022469,0.0,2.181447043183275,0.0,0.0,1.5237424896971092,0.0,0.0,0.7218816349335717,1.3254169178562474,0.0,0.0,0.15270394400514142,0.0,0.0,0.7297130193087268,0.36602355374678885,0.0,0.0,0.0,0.0,0.0,0.0,0.7424537910056368,0.0764392423000981,0.04524377028272503,0.9743694839950643,0.0,0.0,0.0,0.0,0.0,0.0,0.0,0.0,0.0,0.9564065046757575,0.801302285941784,2.9590163376070207,1.847460809898953,1.4738806712788615,17.920062799138805,2.169765336747631,1.1175630747577068,0.0,0.896613617316987,0.5975227968119997,1.1938668514511084,0.0,0.0,0.293315772123419,0.40303391705202785,0.0,0.0,0.6713134197587025,2.293012269712974,0.12677409448588528,0.0,0.2548105658158785,0.0,2.9763754962727016,5.932744934698902,0.32535217709518954,0.8656359449776697,0.0,0.0,0.0,0.0,1.3391869181607126,1.0890817134972246,0.0,0.0,0.0,0.0,0.508863049198673,0.35605721660183465,0.0,0.0,1.0230431804404754,0.0,1.3955934423805156,0.0
deg5,2,1,16.082620229755015,10.723720439450133,0.13881616135429203,1.9736471874702919,0.0,2.08038298965902,0.0,0.0,0.164427081175296,0.0,0.0,8.633492915895156,0.8470411597771917,0.7843997574851052,3.461831963083169,0.606848179065573,0.17271964123498812,0.08653110100338528,0.0,0.0,0.0,0.0,4.960644763911338,0.0,0.0,0.0,0.0,4.2754927701740195,0.7416776720548763,0.1785014668446038,0.0,0.0,0.09251270634297167,0.0,0.0,0.0,0.0,14.461502886502933,0.2885090292934223,0.6150107400975197,0.1657781967911277,0.0,0.07204346818122323,2.7183786544505852,0.09204406516250105,2.5770622348173307,3.938995381870531,0.38832437399873365,0.28581577462287516,0.4048909028793775,0.0,2.135694407171179,0.0,0.0,1.5183258891191873,0.4066798930010436,0.0,0.7197367244589989,1.1629881919222496,0.0,0.20490917766750336,0.1564755747342283,0.0,0.0,0.729883739614258,0.3619211147207939,0.0,0.0,0.0,0.0,0.0,0.0,0.7428507966884113,0.07644474492986011,0.04519332642186567,0.9858571548063045,0.0,0.0,0.0,0.0,0.0,0.0,0.0,0.0,0.0,0.9557296095214114,0.7957762376624273,3.187435358428805,1.8483636965148773,1.4725838341152062,16.34591894364951,2.164809502154679,1.1363940353782587,0.0,0.989152548320931,0.5972435730630294,1.1939667713871112,0.0,0.0,0.2921547114440354,0.41299344557052675,0.0,0.0,0.6757732216741691,2.4800731416511796,0.12637273017201042,0.0,0.2552502976183309,0.0,2.976160099039933,5.949961088867556,0.3239791922886296,1.4372191697283614,0.0,0.0,0.0,0.0,1.3463737897797474,1.0957581197227442,0.0,0.0,0.0,0.0,0.4707847622611271,0.323854929368489,0.0,0.0,1.0181816700673119,0.0,1.4258213084547442,0.0
deg5,2,2,5.825396828865791,3.035670879860211,0.1492791955316392,3.0405143669350023,0.6255648040623036,2.7893705659630808,0.10535978831665926,0.0,0.0,0.0,1.6948937192899978,5.485838347907672,0.8119013574219015,0.7408132381502279,3.1324558604356354,1.0224841186005007,0.17880299482345888,0.09886632687410367,0.0,0.0,0.0,0.0,2.298894893763544,0.0,0.0,0.0,0.6195397596020231,4.89592804496506,0.7473005384863277,0.21689492222832268,1.0524090189330477,0.1740856145840638,0.14069542727960396,0.0,0.0,0.0,0.4574993806390933,5.169717508114587,0.3158776081999866,1.1705494522976416,0.17463436559130788,0.0,0.1568004324041551,1.8862600003312506,0.11037938800004746,2.1546548981197597,3.604306204404742,0.3911247652491921,0.39334393081304864,0.4249493176661476,0.0,1.9568636425970154,0.0,1.0948397987720488,1.522895421205206,1.8301132609026096,0.0,0.7135945326051902,0.7843839942582511,0.0,1.0148395109262334,0.19547222984337928,0.0,0.0,0.7330379861409455,0.3529725308528264,1.6128448149651002,0.0,0.0,0.0,0.0,0.0,0.7520264408872229,0.07649043217331475,0.04505930134140633,0.9624073932195968,0.0,0.0,1.3732097362203075,0.0,0.0,0.0,0.0,0.0,0.0,0.9464771981550718,0.7863687532094871,3.529423831671202,1.8576586975268827,1.472344900383932,7.125665063614853,2.1144865499063488,1.1694437213930287,0.38134139756977525,1.4113152952604697,0.5429745612758711,1.215946559292698,0.0,0.0,0.2995415018725829,0.42291105516865884,0.0,0.0,0.7050884837194872,1.5430206776626427,0.12454541022193312,0.2979758394566486,0.2522448459678767,1.185217047907148,2.9826284439365507,5.924242694498535,0.3231507631049835,2.8720315686728455,0.0,0.0,0.0,0.0,1.3679217211827825,1.114075528921615,0.0,0.0,0.0,0.0,0.36192055140297835,0.22297387014396694,0.0,0.00470008924729863,0.9248035002489648,0.05827809066613452,1.298270013060794,0.0
deg5,2,3,1.852714773822094,1.3265931872766006,0.8092022921523765,1.9359774937260072,1.0255283739422036,2.9762495487022314,0.9246932423931034,0.24130146166758307,0.8321180762762572,0.1678061499314536,1.2687275673366,2.5062675530512264,0.8029304422295256,0.7411427080408042,1.5245574588087494,1.6102478274243288,0.19655857578833258,0.10911322681321624,0.723283729886437,0.0,0.0,0.0,1.2359972735528364,0.047331808941819674,0.0,0.0,1.5633166369574585,4.868547960424418,0.7414681542412673,0.2603631141507318,1.044688719755607,0.8388620142373089,0.32417135185125373,0.0,0.0,0.3790447440969885,0.8590073402142331,1.5725491801143194,0.42618744097335726,1.1267478515847154,0.1926743621921427,0.3123543111627575,0.7135278731376382,1.233728776192935,0.24447628719588038,1.4576222234996057,2.3703834752430626,0.39165289091625394,0.4547935501313289,0.42362422067398164,0.20054055676706722,1.3333465677081644,0.8008902870363646,1.1145638744647974,1.6053982956565858,1.498249022122833,0.9314070543121663,0.700197270134943,0.6873551596989784,0.7326498525771057,1.2009649369942037,0.4375656247603654,0.10541235023602719,0.0,0.7658492712365209,0.38657490680423556,1.5386833126908814,0.0,0.0,0.7999972416924851,0.0,0.0,0.7752633550185669,0.07675383281753138,0.04441779244471696,1.1239256377521702,0.0,0.0,1.4564039097077768,0.0,0.0,0.6378107249037215,0.0,0.0,1.0296022103031623,0.9096995704537103,0.7952567672015459,3.3950345097964267,1.913718541551974,1.4812731321762425,2.264328864408724,1.7870404448749655,1.0872372926607143,0.8090806329553116,1.0981195815655496,0.509616459381179,1.2892893270045083,0.0,0.6356500932094296,0.28671156630976563,0.4638837175460139,0.0,0.6752080111235251,0.7948829062020637,0.9000641452314867,0.11652569447100758,0.9950596634244655,0.26564185372624743,2.161465756435332,2.947882818308775,5.560965961692011,0.45174888968433313,1.8082350857425742,0.0,0.14653282119569944,0.0,0.7629441154016209,0.949764318905223,0.7631059939701762,0.0,0.0,0.39671594814640104,0.3108094197531515,0.6166640865147384,0.5073959416056567,0.36130915733410984,0.30095817969491967,0.7707947424035324,0.11350311629808839,0.990698012893639,0.3988934035944315
deg5,2,4,1.187263254207089,1.0805185916500566,1.0110115917502547,1.3253123281224362,1.017694421772559,2.237911155402643,1.0203924719709874,1.0077339159934688,1.1770305660008398,1.4888264151009682,1.1099193455952177,1.4449646215637384,0.8371008826088611,0.8302695896675243,1.1657122717457065,1.4552516075272142,0.25647997062710487,0.10486298270094778,1.01008707280314,0.7005824165906671,0.0,0.0,1.0423995527708407,0.9643178240005476,0.2158510077468185,0.0,1.3888786480303084,2.6286494120222224,0.7537241219850412,0.34339163266258127,1.0049930091304853,0.9906586413263635,0.6883162422023846,0.0,0.16994976916438065,0.7718660026388448,0.9671834114384197,1.0539136124251203,0.6890934298372364,0.9475506153571018,0.4476142507333285,0.7687918327996088,0.9691373279439824,1.0319968222650744,0.5553752625825394,0.9937196561112827,1.5133443832689264,0.3915203623172267,0.4836886560495617,0.6011398072678138,0.776981070848421,1.0196972747255268,0.9441266749091312,1.0540299450021775,1.3382765211360756,1.0456919396440432,1.1277185951372224,0.776198783649933,0.8515187834068475,1.101756455925977,1.158361874441467,0.7624929326789797,0.6080582189979705,1.1679281347245758,0.7544481089571389,0.5656772110177463,1.3383581319224789,0.3861335374920724,0.11271043134221435,1.16366597478408,0.3286491244976867,0.06267460775757464,0.8744765211123098,0.07952260330528164,0.041773582741629435,1.156323229401046,0.32255385847524004,0.2871788511094579,1.2860836259867563,0.0,0.0,1.2653340038290823,0.0,0.0,1.1515645158016694,0.8725394209487619,0.844038682873876,2.2470142092299366,1.790538987675823,1.3905321833671365,1.4054056294140156,1.123479864779617,0.8962128126735744,0.920215972796731,1.0064383221080977,0.5665757323992109,1.4151435358031608,0.5321269347113958,1.0217930707715437,0.18117269385803014,0.7172854359857063,0.1183333505178106,1.3769071984670314,0.8782847739777555,0.9465083043830633,0.06889860171907711,1.2421477317281298,0.4102785577587115,1.884073104466596,2.616174930335472,3.935243697287896,0.7308226846228989,1.3642381484068147,0.009422696111992349,1.3436235524866094,0.538589183848234,1.1651900849065382,0.5172418601615371,0.4082128146672484,0.3619665779234838,0.29952749944443297,0.8992913706672363,0.8750425186686148,0.8455029780836414,0.8227251210429944,0.43589117614931716,0.3494595617892088,0.8069205188022042,0.10573533062479971,0.9457179486885663,0.8745401480833132
deg5,2,5,1.0301566702507143,1.014359519634676,1.01227878175381,1.06618431875924,1.0051364130351672,1.2561034832915436,1.0082472826794315,1.032899315014029,1.0581107848502904,1.2247109479634632,1.0234362782987996,1.099994847003817,0.8910200642341761,0.8218211663263747,1.0349146010908725,1.1482700404841177,0.583628387212367,0.08299201926228818,1.0103307827501786,1.0345186400224589,0.6400001684097415,0.0,1.0089425604049447,1.037940953432453,0.6875740847323565,0.0,1.086315377456207,1.3659394501483346,0.748519835372651,0.47473904193407346,1.0005947041513965,1.005246956378334,0.9039950139018319,0.4084955951473873,0.7206945477900542,0.9430778172963576,0.9888441008344069,0.9994293525523791,0.9300213096266738,0.9749212724790391,0.8759449550407689,0.9553921270988917,0.9961541521624996,1.0008334588310475,0.8958061232090807,0.978394679708365,1.1204914488321445,0.4063065674630019,0.6566428747667291,0.908734476359931,0.9578750841334629,0.9991921763925856,0.9901691835007184,1.0142180433517536,1.0506969994286592,0.9900146539035926,1.0429302223027836,0.9488442741080924,0.9701928882052131,1.045808906893026,1.048552142058047,0.9115589603112035,0.915147843460337,1.0852955676362734,0.8740127929091471,0.7929387045900248,1.0792449559255464,0.800539212287097,0.5955195718922612,1.0602781856519097,0.7805694370791696,0.6238225918604942,1.0881277434930585,0.08386165144085996,0.03550937229977743,1.052534554686858,0.8790780772957639,0.8870711753265704,1.0680084639596847,0.6620022787482198,0.4508101071091217,1.0673093008633971,0.4450155705664467,0.35196719871922333,1.0508259572849978,0.9303835585646775,0.9584520112768481,1.281140000027305,1.0856996402102679,0.727014928223304,1.091612938677696,0.9263634654491814,0.808487645144119,0.9532648932150154,1.0134315722942282,0.6327415670584384,1.2728774746657108,0.9499202470192856,1.0204314823912,0.33812891250359434,1.106169365180298,0.8185136741632122,1.1442752753296792,0.9482475911720631,0.9927180907935048,0.1372809962467864,1.051430970064641,0.6510984892000354,1.256835246274139,1.5962879887080226,1.8291783498380358,0.8483406166573477,1.1022971178374688,0.6200981642247926,1.1490102588719082,0.7967672041601547,1.0550292072902991,0.4774033349956583,0.39334016986195414,0.5463287052055329,0.4803962210398228,0.9743780203027252,0.9685274514041413,0.9179483922715597,0.9058475386295478,0.45898069443167816,0.3781055780640941,0.8048017605428329,0.4115530691467963,0.9761061553553905,0.9535082760361622
interval2200-2400,1,,0.0,0.0,0.0,0.0,9.93230122037436,0.0,0.43381168314031887,0.0,3.593149491294227,0.0,0.0,2.3174731651427605,0.0,0.0,0.7565729741424991,2.0134639389379902,0.3509499011308346,0.0,1.347051740845519,2.881397946970026,0.0,0.8309102494968679,0.0,0.0,1.1287523051939465,0.0,0.2881181312995542,0.13684021895931892,0.0,0.0,0.0,0.0,0.0,0.0,0.13264359190728608,0.0,0.36145840610296,16.389475335513907,0.4431540908656012,0.0,0.0,6.096216293875093,0.0,0.0,0.0,0.0,1.2141701086726617,0.1935178905035018,0.03191047183744866,8.136174400055472,0.0,0.0,0.0,0.0,1.0340914762464442,1.205089975072788,0.0,0.0,0.0,0.0,0.0,0.0,0.0,0.0,0.4488694874359635,0.0,17.698296195441294,4.936275453798833,1.824079364150908,0.0,0.0,0.0,0.0,0.0,0.0,0.0,0.0,0.0,0.0,0.12879448631868357,0.0,0.0,0.4392581331398349,0.0,0.0,0.0,0.0,2.9086878823147884,0.060852560290076345,0.9289946615751175,0.0,5.446224545363489,1.6905465527071952,0.0,1.7599889522466863,1.3679420145913186,1.1610813525748518,0.0,0.0,1.0322504680845241,0.0,0.0,0.0,0.0,0.0,0.020951011372088435,0.0,0.0,1.505585872905163,0.0,0.0,0.0,6.414884664101381,0.0,0.0,0.0,0.0,0.0,0.0,1.472144597958229,1.576275582149838,0.47429376734222994,0.0,1.9012006704384936,0.0,0.14786662776468656,0.0,0.5093734647512477,0.0,0.8196002935361875,0.3672120995829955
interval2200-2400,1,-2,1.0000000000000002,1.0000000000000002,0.9933668713897368,1.0153342757378379,2.0659866720514413,0.7054378801095023,1.1558300842263838,1.0040481231387204,1.6935596530764454,0.07451451148001575,1.0580221708830264,1.5735644710027616,0.0,0.0,2.10370657394979,2.134917884638806,0.37090863996691004,0.0,1.6827871548793174,2.319230463987703,0.020279764887119456,0.8937059548900291,0.8569162277112582,0.0,1.0400150653043925,0.0,0.9170737246251202,0.31445282655860135,0.0,0.0,1.0,1.0000000000000002,1.0000000000000002,1.0,0.00729667153920806,0.0,0.9129790250063803,6.054602490584259,0.7620494831603026,1.7114861062618407,0.211356241971762,2.294367353101623,0.0,0.0,0.0,0.0,0.48893812869344566,0.1998538332601136,0.13793829850242853,7.976556240921461,0.0,1.0,1.0000000000000002,1.0000000000000002,1.1104337847904926,3.2474277861083634,0.6671613996168699,1.0000000000000002,1.0000000000000002,1.0,1.0000000000000002,1.0000000000000002,1.0,0.0,0.48746637029070505,0.0,5.322516182411566,4.507743180595407,1.9328226396047936,0.7013846029556116,0.0,0.0,0.0,0.0,0.0,1.0,1.0000000000000002,1.0,0.4737991622529463,0.22944790103365037,0.0,1.8295188845979693,0.7897503739136827,0.0,1.0000000000000002,1.0000000000000002,1.0,4.917734384286831,0.22093653015533243,0.8898136481777423,3.9803931094882334,4.815222424455561,1.734392559911461,0.11324858276289337,1.9079893802122292,1.267051867225335,1.1934608770608561,1.0000000000000002,1.0,1.0228859137899724,0.0,0.0,0.41143633379094025,1.0000000000000002,1.0000000000000002,0.013135254219815706,0.0,0.0,1.4935788241753651,0.06523826034985687,0.6827281477977749,0.0,5.901575622506089,0.0,0.0,0.2044983183245924,2.640467009057492,0.0,0.0,1.213023486953716,1.559968868320768,0.7536209378721359,0.0,1.279690439909181,0.129408003077806,0.42900948080289136,0.0,0.31432768571382574,0.0,0.895286044537314,1.1594136317814934
interval2200-2400,1,-1,1.0,1.0,1.3074959920577496,1.1459118637335366,1.2903738313140791,1.0217999303343945,1.0974893487641773,0.9735594104793696,1.4383749024058547,0.5254844784675582,1.1341546846870485,1.1271779330064131,0.0,0.3619917541659779,1.816675892755987,1.8620533044750713,0.36047337150159825,0.0,1.394752494912124,1.3574829751369202,0.21526215463550138,0.8191503228810504,1.1051074349702994,0.7319096989978371,0.7631066083009941,0.09689241130105541,1.2619368882420157,0.7490419940387598,0.0,0.0,1.0,1.0,1.0000000000000002,1.0000000000000002,0.122553686016618,0.04136408204719388,1.0881714608091464,2.0304570418328756,0.9334258871589981,1.4635802240897513,0.803087455067305,1.251958340427128,0.43498285226095823,0.9815843497777704,0.1438823889796244,0.3839074865053654,0.9559666902383906,0.20753440819938282,0.23652191291539432,4.851999322457102,1.1748168329191437,1.0,1.0000000000000002,1.0,1.3229411769457546,1.7494602093965994,1.0758002041329335,1.0000000000000002,1.0,1.0000000000000002,1.0000000000000002,1.0,1.0,0.8947441540433307,0.7450571057081966,0.0,2.833590340074071,2.8194033848043287,1.6570872910229824,1.3772056563897483,0.0,0.0,0.10030193116678404,0.0,0.0,1.0,1.0,1.0000000000000002,1.7729877001331498,0.5826664869889688,0.0,2.060495021828568,1.634765300556592,0.08661470017756866,0.9999999999999998,1.0,1.0000000000000002,4.797416903337438,0.8312706303852597,0.9832090231139538,2.330596476102573,2.9042874276696993,1.6155770207300653,0.8469885563363703,1.2451206771785537,0.9378768655115984,1.397268786321941,1.0000000000000002,1.0000000000000002,0.9402701115167381,0.0,0.0,1.3456750908070574,1.0,0.9999999999999998,0.0,1.1898103542472187,0.0,2.1338858323041476,0.36260460533232686,1.534492152715306,0.11710500867562793,2.47258948012736,0.0,1.3804812673839517,0.8227299766521855,1.8832824544929778,0.233302513183122,0.08154837299181167,0.77319835729314,0.9826238232654138,0.9453366000786497,0.5253737408213766,0.99604100156646,0.7420045387911847,0.5840412883826669,0.2794070985021022,0.210920949557692,0.0,1.0105923243948622,0.9869544215461749
interval2200-2400,1,0,1.0,1.0,1.2619554652297365,1.085850983930423,1.1014261944720056,1.0544447032626452,1.0561647930840865,1.0163071801332706,1.2854538726770472,1.029148743433139,1.069852630683823,1.0449305211057303,0.5765880977964177,0.6273901290343938,1.363027831483384,1.2904086369170185,0.22360986660636403,0.0,1.190072062071112,1.1185201873011954,0.44132332970270355,0.5388550785410482,1.0864806978132489,0.9984246869179085,0.6848694102729057,0.37018515968709204,1.1971611366219024,1.042415540718837,0.006639932501298904,0.0,1.0,1.0,1.0,1.0,0.5137111085952341,0.7952523483891555,1.0051363983689343,1.1252619305268905,0.9560382170416646,1.0501353755600253,0.9558478002844556,1.018098553234215,0.8476373529049013,0.9540888495122581,0.6471524243600473,0.844312515353628,1.083077304178295,0.2141780429297762,0.32779805201737133,1.6909010959393034,1.0399503430291563,1.0,1.0,1.0,1.1828446111319015,1.014947536077711,1.1611662801517482,1.0,1.0,1.0,1.0,1.0,1.0,1.164015258231783,0.9793058068421246,0.5607933318097928,1.7836524421757232,1.4616684903548212,1.0780791252903152,1.2222542498767295,0.5873692863615971,0.13040554796151163,1.719157610911595,0.0,0.0,1.0,1.0,1.0,1.4509085737558878,0.9167041916561607,0.2271303217568059,1.5187720756023186,1.3577073449181616,0.6903494087842138,1.0,1.0,1.0,3.029966089653709,1.3330816060555337,0.973180337332383,1.5651448917081885,1.4429213690782132,1.0232800359394774,0.9103803376226232,1.0723067074679995,0.5773142323963311,1.2037828540265576,1.0,1.0,0.698146386852519,0.4779472069019508,0.5086030518287631,1.1920986390286992,1.0,1.0,0.010545422079445109,1.721737805053067,0.17303740985689223,1.745800100215663,0.7727348625803989,1.340766965712506,0.609241946466926,1.4790962442327102,0.24653962229408236,1.2749726626081392,0.8231671082415396,1.407722280079265,0.4816584092596302,0.35204658671498845,0.6192646909999964,0.55300841161744,0.9789002751545429,0.9224759683413847,0.9306923038959536,0.8794122786724022,0.503133943423535,0.3469735959153626,0.3002578082246321,0.1826146071022823,0.98719220523164,0.929542677805101
interval2200-2400,1,1,0.9999999999999999,1.0,1.058856243409096,1.017542451978799,1.0189250574811297,1.0126680827561465,1.011791662777104,1.012839333173029,1.0619763605649841,1.0627604068752154,1.0142562272490248,1.018232233074169,0.8050630436164787,0.7296035424510611,1.0695872675198104,1.08977100531715,0.24621908552507527,0.0,1.0382207717395093,1.0483988205036483,0.6033960300684075,0.4041468868005179,1.0190340551972932,1.0185835537358954,0.7708838098506621,0.5176703103856348,1.041632422804369,1.0452996355770643,0.4090425840805503,0.13362452172541806,0.9999999999999999,0.9999999999999999,0.9999999999999999,0.9999999999999999,0.9216482734177484,0.9736004965648087,0.9880404477957975,1.0049359572746812,0.9809183966559496,0.9961198237770803,0.9892392121144478,0.9976508670455037,0.9808884262528409,0.9912150228386768,0.949656446231275,0.9789290558311093,1.0360139121496499,0.22842464634732898,0.4368005311817271,1.0684257968664497,0.9982200176177511,1.0000000000000002,1.0000000000000002,1.0,1.0253519754406786,0.9903461370797858,1.0591502536913402,1.0,1.0,0.9999999999999999,0.9999999999999999,1.0,1.0,1.0599319574374715,0.9947419970799143,0.8927135382273745,1.2110456195999193,1.0711778358517612,0.8783677922326966,1.062577079859621,0.9437763455567907,0.7736329101655823,1.4658190826762174,0.19971901255138413,0.0,1.0,1.0000000000000002,1.0,1.1188586659660469,1.0154687763239838,0.7039655056560431,1.1373131155450986,1.047107281630313,0.8863323417754718,1.0,0.9999999999999999,0.9999999999999999,1.6044543155193327,1.1037393440981418,0.6230477017419825,1.1500284284481133,1.0633670417477814,0.9001821408879754,0.952691699515427,1.0215311763828585,0.5813835407796311,1.1588474524223182,1.0,1.0,0.4448591959700703,1.1477767298235164,0.810614413336846,1.050395274094173,1.0,0.9999999999999999,0.18480814001795276,1.2453488218896984,0.44244430742864577,1.2454551361368917,0.8375160520895342,1.0955547544830775,0.8093904269439762,1.114055838678133,0.6690307382402387,1.0816376054598638,0.8280927979202662,1.1137422497921166,0.597674414432306,0.43390551044768677,0.6801060731192089,0.5528675141234619,0.9910223493220878,0.9807101467212679,0.9437492907584275,0.918410824063747,0.5880642676686122,0.42006280020744613,0.6028550499984737,0.4542835241293965,0.9920686406550976,0.9464812443878562
interval2200-2400,1,2,1.0,1.0,1.0037872875710938,1.0011373571491657,1.0012328029609403,1.0007499707329754,1.000770755778398,1.001834699105776,1.0040294131656653,1.0092336013041732,1.0008780638328234,1.0024846703623107,0.9375796745255548,0.8039374713764634,1.004609111417369,1.0118682111813884,0.7333227338305468,0.0,1.0025234232011069,1.006631716677507,0.8647111186014829,0.5430990127748129,1.001230404103687,1.0027847522845814,0.9221962384529191,0.6576215608690461,1.0024827619245984,1.0065339278602163,0.8074582817085896,0.409162577034797,1.0,1.0,1.0000000000000002,1.0,0.9914189447785264,0.9959196601133556,0.9939960797985574,0.9965130171803365,0.9933466993211336,0.9953959699025601,0.9969544479830097,0.9979589559367883,0.997542887730548,0.997957557394199,0.9944901675846359,0.9965540877681178,1.0049746493292349,0.38293553967557425,0.70847429128645,1.0031212490731343,0.9965176992449937,1.0,1.0,1.0,1.0002093997349972,0.9951520338965019,1.0079567217476397,1.0,1.0000000000000002,1.0,1.0,1.0,1.0,0.9986184545982333,0.9796001675234641,0.9366273996269844,1.0034613314418452,0.9632913375172844,0.8591557364594555,0.9992211617053519,0.9619649191907079,0.8951306512832772,0.9944037207485578,0.5420964459909164,0.09238524920083861,1.0000000000000002,1.0,1.0,1.002895833149424,0.9584889290130487,0.8450669734825326,1.0044838432805963,0.9751416553608127,0.9100367720677078,1.0,1.0000000000000002,1.0,1.009366376018366,0.8664722216320103,0.5502462808198877,1.0021094866229512,0.9754254194527218,0.8994799650118894,0.9803901197972539,1.0046897631677663,0.7824697636110028,1.044232184474135,1.0,1.0,0.6659432270995548,1.0608754297974397,0.9269825857494312,1.0001657952721845,1.0000000000000002,1.0000000000000002,0.5979383123589672,1.0020621054932364,0.7088171943187912,1.0082066840319728,0.9156875729686023,0.9992948777885172,0.9171260892292098,1.0025020175506254,0.8670972880557608,1.0011760606529287,0.9089757903089497,1.0013652563890891,0.8298643017066886,0.658617618231164,0.8637308902971518,0.7270355645074912,0.9964258166234959,0.9917548728895851,0.9762070577300435,0.9521905239423172,0.8251591411451967,0.6499278829299024,0.7429820055581016,0.6380376898196701,0.9937731976598972,0.9624612287084587
interval2200-2400,1,3,1.0000000000000002,1.0000000000000002,0.9999639500740952,0.9999991027941239,1.0000054939662357,0.9999778745005258,0.9999986600385392,1.0001484917077106,0.9999794426210266,1.0007333202508246,0.9999867799369195,1.0002046586894686,0.9912163680236662,0.9257498514564158,1.0000333666599885,1.001010553835402,0.9622098447740828,0.5634727656625054,1.0000078877705632,1.0005525474698984,0.9808922160671445,0.8258839270972438,0.9999918623500251,1.0002191144767876,0.9890064699859807,0.8717706133015556,0.9999468124521307,1.0005239834202904,0.9730444430147521,0.7810676788155301,1.0000000000000002,1.0000000000000002,1.0000000000000002,1.0000000000000002,0.9990627733026886,0.9994268529595337,0.9987243798469311,0.9989823907287507,0.9987516347905616,0.9988573503198575,0.999469232778893,0.9995157556723645,0.999683474039321,0.9996431497822217,0.9993910758555252,0.9994938979215283,1.000406581790577,0.8082617973341926,0.9318779613447089,0.9995790641545853,0.9990690813827809,1.0000000000000002,1.0000000000000002,1.0000000000000002,0.999729295436696,0.9989699005219671,1.0006491111824896,1.0000000000000002,1.0000000000000002,1.0000000000000002,1.0000000000000004,1.0000000000000002,1.0000000000000002,0.9963201757343665,0.9934564415856846,0.9759681245841292,0.9911962216045856,0.9859306769750424,0.9454775224374917,0.9966287437839101,0.9887647224908812,0.9613759057780303,0.9721673227992346,0.8814631040346413,0.6195374039414094,1.0000000000000002,1.0000000000000002,1.0000000000000002,0.9955966566879748,0.9851129838995388,0.9429796545108408,0.9952984940527816,0.9906789518595484,0.9646212919671568,1.0000000000000002,1.0000000000000002,1.0000000000000002,0.9741022763332563,0.9525019595242644,0.824486158134426,0.9935910881830496,0.990183629218029,0.9613726494765047,0.9955292230333995,1.0004865621532781,0.9480532629484526,1.0046302230929378,1.0000000000000002,1.0000000000000002,0.9182104275633437,1.0064336503684959,0.9836869831549762,0.9976450583404525,1.0000000000000004,1.0000000000000002,0.9068743176332351,0.9890576261159713,0.9304548803730623,0.9914735620650346,0.9802511109037523,0.9949806226900534,0.9808091568804027,0.9956820192216893,0.9693727162281751,0.9965422872064758,0.9781871115528971,0.995004955708542,0.9559789034016976,0.8997979411602594,0.9647783779240164,0.9199133385959962,0.9990503740477334,0.9976541586360329,0.9938902468895267,0.9861078110639572,0.9548459800434423,0.8974244461243364,0.9068029250875672,0.8649352667762595,0.9974907333773635,0.9859701787915985
interval2200-2400,1,4,1.0,1.0,0.9999787114608941,0.9999950861826503,0.9999956459799936,0.9999937105445699,0.999996542948715,1.0000125520499124,0.9999799480115904,1.0000608601586596,0.9999944171488933,1.0000176110760082,0.9990624630781044,0.9894479910528391,0.9999854063308526,1.0000894944571377,0.9959605630000122,0.9377411175199255,0.9999904845672344,1.0000479545757026,0.9979600978563408,0.9752343736216479,0.9999936098012843,1.000018012420516,0.9988250116404357,0.9818071076676087,0.9999821023582213,1.0000439619252763,0.9971299786500446,0.9689822943454308,1.0,1.0000000000000002,1.0,1.0,0.9999031372307617,0.9999368780672838,0.9998468714170168,0.9998720976097736,0.9998540069705653,0.9998595193852668,0.9999389651195872,0.9999409665372923,0.9999658002852908,0.9999586948638108,0.9999368576361463,0.9999436194462121,1.0000347246866792,0.9757301297457733,0.9916763562068399,0.9999286954981497,0.9998835758291692,1.0000000000000002,1.0,1.0000000000000002,0.9999628905376468,0.9998767749643075,1.0000554714887535,1.0,1.0000000000000002,1.0000000000000002,1.0,1.0,1.0,0.9994286911262946,0.9991861251791375,0.9966335555638753,0.9985926701910877,0.9982247769209773,0.9923804446391709,0.9994744268865423,0.9986134160749535,0.9945976861704784,0.9956531947897334,0.9855857896775123,0.9458205164548044,1.0000000000000002,1.0,0.9999999999999999,0.999290215027935,0.9981295016260227,0.9920419375642213,0.9992326132037442,0.9988257932511634,0.9950270176718626,1.0000000000000002,1.0000000000000002,1.0,0.9958669599290972,0.9940418619131794,0.9754448129802648,0.9989777183325125,0.9987576394468299,0.9946035062308615,0.9994402451519213,1.0000468934984317,0.9934448471827171,1.0004437006911182,1.0000000000000002,1.0,0.9896359577774829,1.0006121928336102,0.9979678877608282,0.9996282745946699,1.0,1.0,0.9883395172226745,0.9982706778989822,0.9912289661785284,0.9986117767139098,0.9975238162378233,0.9992135807676203,0.9975901863926724,0.9993049892927823,0.996148794981066,0.9994494152734626,0.9972459072691187,0.9992051530658368,0.9941161448452156,0.9865068504194304,0.9952941800454019,0.9892184519634752,0.9998720860328036,0.9996844026657015,0.9991850075579239,0.9981333419312379,0.9939680155645373,0.9861935964685106,0.986843664520372,0.9808348994766996,0.9996397138534464,0.9980101335457465
interval2200-2400,1,5,1.0,1.0,0.9999976197912235,0.9999994401560057,0.9999994951566883,0.9999993132754598,0.9999996070933624,1.0000012211715499,0.9999977391114128,1.0000059012377918,0.9999993812730754,1.000001718838164,0.9999054995947505,0.9988984964713857,0.9999982862530578,1.0000087782252989,0.9995927493749573,0.9934985429543796,0.9999989022409221,1.0000046872701331,0.9997943784260487,0.9974145322745819,0.9999992817380589,1.000001743470876,0.9998815393013859,0.9981011958941419,0.9999980320289431,1.0000042712958406,0.9997108086271385,0.9967631274995012,1.0000000000000002,1.0,1.0,1.0000000000000002,0.9999902698584079,0.9999936088439138,0.999984342733853,0.9999868586039011,0.999985116522224,0.9999856012073088,0.9999937900312729,0.9999939550243016,0.9999965456055219,0.9999957935466919,0.9999936545837752,0.9999942836450351,1.0000033841966893,0.9975063690465242,0.9991473832397826,0.9999924787779857,0.9999880421507479,1.0,1.0000000000000002,1.0000000000000002,0.9999961551997969,0.9999874066824262,1.0000054068327608,1.0,1.0,1.0000000000000002,1.0000000000000002,1.0,1.0000000000000002,0.9999398589717268,0.9999165554717336,0.999649268612056,0.9998514647826006,0.9998177307852808,0.9992064132815047,0.9999446544839591,0.9998579517243205,0.9994372308175548,0.9995421823915622,0.9985255559999353,0.9943453749025154,1.0,1.0000000000000002,1.0,0.9999250347208238,0.999808027295396,0.9991712065162154,0.9999188598972396,0.9998794582610996,0.9994817149186305,1.0,1.0,1.0,0.9995638471100965,0.9993886180542283,0.9974422512254947,0.9998921246490008,0.9998724033083828,0.9994379610682164,0.9999424185339323,1.0000046601140047,0.9993250848887212,1.0000440486331217,1.0,1.0,0.9989324277295475,1.0000606998415356,0.9997910848675721,0.9999608114225853,1.0,1.0000000000000002,0.9988005480169265,0.9998176751636514,0.9990970067765941,0.999853252150296,0.9997452520267572,0.9999171463926891,0.9997520224734971,0.9999266018887689,0.9996036218287724,0.9999419115715467,0.9997164226470606,0.9999161423589317,0.9993897311249451,0.9985997171130412,0.9995119376548864,0.9988811530045613,0.9999867216418578,0.999967250284058,0.9999154880936608,0.9998063289598152,0.9993744045668299,0.9985672804804503,0.9986275658712249,0.9979996977207415,0.9999623511542095,0.999792323711042
interval2200-2400,2,,0.0,0.0,0.0,0.0,12.54205856327553,0.0,0.0,0.2902145080692978,3.62623720914799,0.0,0.0,2.813225479107265,0.0,0.0,0.2512485930678119,1.986470599379713,0.33179206245905757,0.0,1.124083246777158,2.7856904442830577,0.11653578254314009,0.8718929974806308,0.0,0.0,0.9854608311032825,0.0,0.030022173933295475,0.16528510129917465,0.0,0.0,0.0,0.0,0.0,0.0,0.19940992809195648,0.0,0.0,22.387899199941916,0.19781298356747645,0.0,0.0,4.327252751445437,0.10392029469782828,0.0,0.10762140973505303,0.0,0.2193640044363972,0.308187114183089,0.0256571935088745,8.286397269302702,0.0,0.0,0.0,0.0,1.044908498976314,0.0,1.106013711715486,0.0,0.0,0.0,0.0,0.0,0.0,0.0,0.25804847986436485,0.0,7.928516724398807,5.020269718579782,1.995833427453063,6.662146354098268,0.0,0.0,0.0,0.0,0.0,0.0,0.0,0.0,0.0,0.21788173434497862,0.0,0.36036188514332135,0.761933138034285,0.0,0.0,0.0,0.0,2.8159853360792297,0.0,0.8871771376272478,0.0,5.50769790290887,1.8726965272335296,0.0,1.641513431748497,1.0556038042452747,1.1166001793278915,0.0,0.0,1.2109798170764245,0.0,0.0,0.0,0.0,0.0,0.005996500822627335,0.0,0.0,1.4856442690542453,0.16530718758726085,0.8791732921006228,0.0,9.631669522983318,0.0,0.0,0.0,11.322096924171793,0.0,0.0,1.4151317222490394,1.5671192233648321,0.6323502611646973,0.0,1.9591205385298518,0.14456073232158856,0.14961532394614502,0.0,0.47711675863517267,0.0,0.48549720521954576,0.0
interval2200-2400,2,-2,1.0,1.0,0.0,0.0,12.210979475267116,0.0,0.0,0.33459237640105666,3.6089928714892685,0.0,0.0,2.8125348911721932,0.0,0.0,0.3132250196492546,1.9860453244773983,0.3318315901757528,0.0,1.1684121461075132,2.7790404522656287,0.11605629662894733,0.8742716121488134,0.0,0.0,0.9857803669150532,0.0,0.0571751810338,0.1600897929551782,0.0,0.0,1.0000000000000002,1.0000000000000002,1.0,1.0000000000000002,0.1982165209162119,0.0,0.0,22.284662374044597,0.20201792436792182,0.0,0.0,4.326161408682322,0.10236141992460804,0.0,0.10603135088442125,0.0,0.28424169162001217,0.3082137715506561,0.026764702166392547,8.290007819672239,0.0,0.9999999999999999,1.0000000000000002,1.0,1.045271884066749,0.022537962131594248,1.085033463953653,1.0000000000000002,1.0000000000000002,1.0000000000000002,1.0000000000000002,1.0,1.0,0.0,0.25841496555332755,0.0,8.172147028873324,5.020347592670563,1.9955341055256286,6.6205404003889825,0.0,0.0,0.0,0.0,0.0,1.0,1.0,1.0,0.0,0.21808578855102811,0.0,0.39945866186831575,0.7624052097888945,0.0,1.0,1.0,1.0000000000000002,2.9219144189888606,0.0,0.8869160480701586,0.0,5.506643444224511,1.8744550417631343,0.0,1.6643755515508083,1.055477281109634,1.114200945929862,1.0000000000000002,1.0,1.2110478502784574,0.0,0.0,0.0,1.0000000000000002,1.0,0.006019164199908855,0.0,0.0,1.5045634858527124,0.1651265025268506,0.9038445434403642,0.0,9.757443145260183,0.0,0.0,0.0,10.09441286953406,0.0,0.0,1.4193219003735713,1.5673824631643205,0.6275500635585352,0.0,1.955825943630675,0.14214097763573585,0.14705312171023016,0.0,0.4768964241239747,0.0,0.4907332064951643,0.0
interval2200-2400,2,-1,0.9999999999999998,1.0000000000000002,0.0,0.0,9.821870363706859,0.0,1.3611854775663774,0.5745496734224603,3.366617374241168,0.0,0.0,2.80326575107735,0.0,0.0,0.7422286313799716,1.9844473338135948,0.33225675520364906,0.0,1.3781897338442646,2.743837101683892,0.11372914273228255,0.8883440489036384,0.0,0.0,0.9879363485547661,0.0,0.17888517845898094,0.13188674477675752,0.0,0.0,1.0,1.0000000000000002,1.0000000000000002,1.0,0.1736052703610523,0.0,0.0,21.164807042046014,0.2367069751321179,0.0,0.0,4.049158344715389,0.048569172214205716,0.0,0.06860322549312534,0.0,0.3411296780198554,0.3085844315524063,0.038204652239367864,8.33591766086041,0.0,1.0000000000000002,1.0,1.0000000000000002,1.03109035324576,0.4598664142487175,1.1264333761081518,1.0,0.9999999999999998,1.0000000000000002,1.0,0.9999999999999998,1.0000000000000002,0.0,0.26171133011825815,0.0,8.35481965573709,5.021680288341161,2.001287181075107,6.123149961751227,0.0,0.0,0.0,0.0,0.0,1.0000000000000002,1.0000000000000002,1.0000000000000002,0.0,0.21981105714725555,0.0,0.7357803144580294,0.7666340148252432,0.0,1.0,1.0000000000000002,1.0000000000000002,3.3546036603849223,0.0,0.883662081759065,0.0,5.496426162030258,1.8829663130188,0.0,1.7878606469557285,1.0536154996217661,1.102948336360855,1.0,1.0,1.2123687438770139,0.0,0.0,0.0,1.0,1.0,0.00612045048501652,0.0,0.0,1.5716909732075937,0.16368478153323954,1.096086011799578,0.0,10.258697234554347,0.0,0.0,0.0,6.494091159510622,0.0,0.0,1.4365756772793294,1.5676623499529612,0.6074929454521832,0.0,1.9426867133442656,0.13997949783249716,0.13617078464231083,0.0,0.467143629391905,0.0,0.5199607544934637,0.0
interval2200-2400,2,0,1.0,1.0,0.3175469689457068,0.6873212968568426,4.016583757776804,0.34315830471734654,1.3055692839195372,1.1656045683414564,2.5730869565648984,0.0,0.7586536506930941,2.5005057678307683,0.0,0.0,1.7551481059686316,2.018408814449234,0.33142776788634526,0.0,1.817657221644191,2.6478985046547905,0.12361298038705078,0.9065678900322421,0.057782038466506654,0.0,0.9820360444074078,0.0,0.6671515307182204,0.10743944586402415,0.0,0.0,1.0,1.0,1.0,1.0,0.046951916637589054,0.0,0.3481286308495728,14.225603758740535,0.4735954176781224,0.0,0.0,2.9272595017878698,0.0,0.0,0.0,0.0,0.22501482193767816,0.31147443496748317,0.10507018540440763,8.597989501283568,0.0,1.0,1.0,1.0,1.0240773506083871,2.4273199789794995,1.2399829825587771,1.0,1.0,1.0,1.0,1.0,1.0,0.0,0.2948135165803782,0.0,5.963706785745176,5.037117109904114,2.0517709412834084,3.827951654057756,0.0,0.0,0.0,0.0,0.0,1.0,1.0,1.0,0.0,0.235605479813551,0.0,1.373538595853148,0.8079205405619515,0.0,1.0,1.0,1.0,3.9532397166312134,0.0,0.8647190779881335,3.3378272890044514,5.393596469123442,1.9100010320818173,0.0,1.87905498296664,1.0379834893479412,1.0988984728946574,1.0,1.0,1.2209084742162637,0.0,0.0,0.0,1.0,1.0,0.005443738865775355,0.0,0.0,1.6478606638118287,0.16813308183050446,1.9634328281285158,0.0,9.487324406666774,0.0,0.0,0.0,3.582372076760257,0.0,0.0,1.4741606912746463,1.5518772455666108,0.5591021553050343,0.0,1.9028912532245748,0.23884574775953563,0.11369308205893869,0.0,0.4453090534112957,0.0,0.6833637297460493,0.0
interval2200-2400,2,1,1.0,1.0,1.1053316161756146,1.1292836469953842,1.6115400262576076,0.9125843686823153,1.117376640293653,1.0388099424760533,1.4643976367923166,0.222014246690006,1.171349317645539,1.58409112298773,0.0,0.0,1.9500295992690688,2.1600401287463575,0.34143194582421565,0.0,1.5317882437718204,2.0478233459681063,0.2075315701685441,0.9424748351327058,1.0119857207105831,0.12243481509623257,0.8226947257014898,0.0,1.1303130912326569,0.40630313626091147,0.0,0.0,0.9999999999999999,0.9999999999999999,0.9999999999999999,0.9999999999999999,0.03071182462233001,0.0,0.8216711477478689,4.299790321835179,0.773872955470365,1.8216336428069189,0.345363986226568,1.607180378351211,0.07562123396447257,0.8260314153160178,0.0,0.0,0.6326689777044792,0.3152162902912118,0.19692604033140712,7.81214381477073,1.7614191505637589,1.0,0.9999999999999999,1.0,1.1804595435716088,2.795804585008574,1.1508995132768534,0.9999999999999999,0.9999999999999999,1.0,1.0,1.0,0.9999999999999999,0.0,0.41220542185030545,0.0,4.057889934745361,4.57380588243813,2.0127168893591953,2.0281612270780442,0.0,0.0,0.0,0.0,0.0,1.0,0.9999999999999999,1.0,1.1604202019676486,0.3571592497455243,0.0,2.3631688752982756,1.1727361639377294,0.045365674550133114,1.0,1.0,1.0,4.9013376828652016,0.16035568208727163,0.8737458392345391,3.1334066333995185,4.724421693055019,1.8925724485409134,0.45599684140082,1.552751550106895,0.8336699302151754,1.174280574516443,1.0,0.9999999999999999,1.2074956832907398,0.0,0.0,1.2685398868358781,1.0,0.9999999999999999,0.0,0.0,0.0,1.905867933302371,0.23251198816446245,1.986301259720086,0.0,5.052247072064638,0.0,1.041371478902295,0.3991641246781156,2.4831733271498058,0.0,0.0,1.3368600186483497,1.5020370557812985,0.7277704207686347,0.0,1.454253443851087,0.5513361954224121,0.27976416709197444,0.0,0.3528794986997023,0.0,1.0716516403794694,0.5798929207892941
interval2200-2400,2,2,1.0,1.0,1.2802470662244994,1.1213891116528425,1.182083301612453,1.0474381406054383,1.075414197654793,1.0044977498482672,1.3480316447141436,0.737696656100617,1.1057019417049958,1.1275218324408265,0.2669796396918197,0.257762456603956,1.5707731649137855,1.7138341066903748,0.2830382589450021,0.0,1.2861190772422433,1.288026168161576,0.3624989806014061,0.9207768246077359,1.0988105304549427,0.8708230391990813,0.6461692617562479,0.07622116277774978,1.2399164554509736,0.900889857264806,0.0,0.0,1.0,1.0,1.0000000000000002,1.0,0.2691835631214665,0.5622913000565455,0.90894769893386,1.5463813317528832,0.8569646556530549,1.2021335611711603,0.8278850269689657,1.0740703958455025,0.6800292299793999,0.9343642005502548,0.40486205217941207,0.6685634416738725,1.0582861669685357,0.3175714265153187,0.34668338525107456,3.8273937960162097,1.271370427048424,1.0,1.0000000000000002,1.0,1.274601921130219,1.1966913505606414,1.220137221742292,1.0,1.0000000000000002,1.0,1.0,1.0,1.0000000000000002,1.133093745032285,0.7825585208917515,0.1295598119738574,2.4402009202617543,2.6552158016216567,1.479999701035628,1.4519203400512581,0.0,0.0,0.6679377629074136,0.0,0.0,1.0,1.0,1.0,1.7271992270586471,0.7496979552832408,0.025111767893689525,1.9239262004230535,1.8961667884955702,0.4241272154686353,1.0,1.0,1.0,4.2591647733770595,0.8625619941987744,1.0333670528608805,2.0393655609566412,2.723048908454947,1.4415249070624803,0.862716199725839,1.1749685388332485,0.6967029648708298,1.4277843159929182,1.0,1.0,1.0419396526549924,0.0,0.0002915155219601767,1.3355236893699696,1.0,1.0,0.0,1.8381194040145215,0.0,2.0954555198262255,0.542499499803112,1.61504046014635,0.26338088012479294,2.129728472882835,0.0,1.4507175613020942,0.8140625981114982,1.733526361901925,0.16470014134111288,0.14724124593297622,0.8598936376862792,0.8644867822344064,0.9574657647803417,0.6421039809056281,1.00560217862948,0.8344180467774863,0.5515204336955329,0.30713932426863433,0.22930334448079132,0.0,0.9874236590538829,0.9346115003253559
interval2200-2400,2,3,1.0000000000000004,1.0000000000000002,1.1292095729285019,1.0424631704677265,1.0487868189890408,1.0274259787717066,1.0275785286129118,1.0288499201347696,1.1400227376624297,1.1127505664274884,1.0348617040608752,1.05134690118702,0.7293600893398006,0.6527344527496197,1.174766683271892,1.2656828481801345,0.15478732611990667,0.0,1.0930519279156652,1.1305764200375499,0.5183225234403356,0.574801059142536,1.042891801763946,1.0317413451355453,0.7130565960469194,0.41565155418310656,1.09673438537576,1.0942804319061465,0.22098760175141108,0.0,1.0000000000000004,1.0000000000000002,1.0000000000000002,1.0000000000000002,0.8036037246430036,0.929526954082606,0.9601072748258843,1.0542071757196814,0.945763870714545,1.0123903160507668,0.9660416337780218,1.0011993704254079,0.9476688651173333,0.9793265701189098,0.8719749200979714,0.942368209198779,1.07410895759538,0.3187158291599877,0.44163174352070916,1.4052153908221985,1.032025289360493,1.0000000000000002,1.0000000000000002,1.0000000000000002,1.0747115634431545,0.9929680302427514,1.1357217862593352,1.0000000000000002,1.0000000000000002,1.0000000000000002,1.0000000000000002,1.0000000000000002,1.0000000000000004,1.1447275631889013,0.9915569361802555,0.7500942214162543,1.5757499564453679,1.409200511180361,0.970664470676396,1.1792541071947633,0.694490733984064,0.4524116859026375,1.8578279365648356,0.011039537947750606,0.0,1.0000000000000002,1.0000000000000002,1.0000000000000004,1.3324645415709142,1.0139441408746894,0.4493460573535594,1.3793680807600095,1.3612708302728413,0.8026986851487187,1.0000000000000002,1.0000000000000002,1.0000000000000002,2.5474695725745926,1.3393536136331419,0.872392113693414,1.4129283560530126,1.3897546996469696,0.9321399384055328,0.9110404914857458,1.0504940709057249,0.513579877632895,1.1830464156621172,1.0000000000000002,1.0000000000000004,0.6524148484899106,0.7365465326789765,0.5854524965207518,1.1463280532472848,1.0000000000000004,1.0000000000000002,0.027041631706753687,1.6179983434484255,0.32057887284924647,1.5993038707932052,0.8110289291704412,1.2642994086706771,0.659350132121386,1.3417024620807572,0.3491284073705823,1.221650867610827,0.8107345060326918,1.3055427649073863,0.460321742524192,0.36482639594916255,0.6204453150910751,0.5456720025214855,0.980305510239055,0.9428326092649708,0.9308616196806503,0.8985918205099653,0.48291401554245955,0.3607722506041808,0.4158574189813299,0.23363739775995607,0.9892456385629219,0.9319856378097395
interval2200-2400,2,4,0.9999999999999999,1.0000000000000002,1.019209688748551,1.0059237883551906,1.0064783446706418,1.0040872966724521,1.0039374936471996,1.0106864446583814,1.0204248354227978,1.0526623958322687,1.0048170869341881,1.0147669537101474,0.8809330867938282,0.7442783891227726,1.023649808883539,1.0693267466242236,0.5014734369844109,0.0,1.0129663690465414,1.0387885792246387,0.7463711317971502,0.4311651911189932,1.0062841301966867,1.0161356206481427,0.8531680781318239,0.5495399558589802,1.0135912670908283,1.0381805714728611,0.6337739781602056,0.20059951458244202,0.9999999999999999,1.0,1.0000000000000002,1.0000000000000002,0.9778140185303196,0.991272686955696,0.9881807244396508,1.000153652848545,0.9862598826825358,0.9954096901738981,0.9932858366579722,0.997510976596894,0.9941589380525294,0.9963658366337866,0.9860237844517238,0.9926335451522768,1.0203433445658472,0.3270592569081464,0.6055794890740424,1.0363540596367853,0.9991208825854498,1.0000000000000002,1.0,1.0000000000000002,1.0056697179295684,0.9938556768978586,1.033518203642829,1.0000000000000002,1.0000000000000002,1.0,1.0000000000000002,1.0,1.0,1.0297575922484035,0.9935646318766004,0.9174999010305066,1.1083872670367125,1.0530978103546769,0.8532863681027019,1.0321111790253488,0.9581097656049113,0.8460868673769206,1.2467309988524058,0.2614362654035646,0.02452302489181631,1.0000000000000002,0.9999999999999999,1.0000000000000002,1.0618293868036366,1.025158194554932,0.7856265645198043,1.0712821345853243,1.038763783561968,0.8960612236811222,1.0,1.0,1.0,1.3110890486583662,1.0647406784883913,0.5512569789806498,1.0766596801675303,1.0490313316540871,0.8884283445650895,0.9612003254399676,1.0180992833062026,0.6348483819550506,1.1544547483584462,1.0,1.0,0.49736954587717425,1.182955454275145,0.8522454924265357,1.0257042703989203,1.0000000000000002,1.0,0.29840736651000827,1.1282874471510493,0.5284870592015742,1.1308477252219382,0.8610627628830064,1.0480973696534979,0.8457586703092616,1.05930770389822,0.7374197799950389,1.043151524135274,0.8500524516015425,1.058268012538963,0.5564960867149148,0.46574677798864444,0.649467591394169,0.5776631116940109,0.9898227810131988,0.9830324503060793,0.9388506277748943,0.9252567359166347,0.5467418554772977,0.45477702042279117,0.6466584182628048,0.49157764211845567,0.9918856251375859,0.9500112496541607
interval2200-2400,2,5,1.0,1.0000000000000002,1.0011549714398926,1.0003752040693838,1.000417744731389,1.000222929878088,1.0002473153219145,1.0012781450864108,1.0012563967282369,1.0063746709149493,1.0002868044059536,1.0017318324335194,0.9771025366691993,0.8239186938198413,1.0015421853406685,1.008086066580029,0.9017538803403327,0.0,1.0008377057757791,1.00457435829506,0.9504919029945209,0.586715891183477,1.000385356877675,1.001961012878509,0.9714365211114513,0.6933371570411156,1.0007711254458442,1.0045876980192574,0.9298818401658242,0.4740411641298449,1.0,1.0,1.0000000000000002,1.0,0.9976268727436622,0.9987061801264986,0.9970702688088903,0.998179487042324,0.9970274983362942,0.9976291137306158,0.9987108553517452,0.9989345958180085,0.9992552628379845,0.9992366546282337,0.9984841477139267,0.9988568619145458,1.0023912884879984,0.4896815302719861,0.8456624068856726,1.0012855794429363,0.9983879271045216,1.0,1.0,1.0,0.9997501879668583,0.9978798730584487,1.0038839575505747,1.0,1.0000000000000002,1.0,1.0,1.0,1.0000000000000002,0.9945513287290562,0.9824508592117513,0.9459108820207055,0.9897714308658491,0.967275009314808,0.8739045982832092,0.9953834562036213,0.9683835108117571,0.9131016738857829,0.961647445649136,0.6160994736422218,0.19752911584278166,1.0,1.0000000000000002,1.0000000000000002,0.9955955618505049,0.9649667336974975,0.8702710038102569,0.9955565255983939,0.97818209348904,0.921164135964937,1.0,1.0,1.0,0.9691040414328637,0.8823686535918657,0.5964923024733936,0.992373026189872,0.9779263932366205,0.9105683409280717,0.9862597205620477,1.0029914738487733,0.8448672520259198,1.0284440990945873,1.0,1.0,0.7598113853366382,1.0391396944366782,0.9495608164308496,0.9970399171560315,1.0,1.0,0.7161314025184574,0.9867130167828635,0.7941548590507391,0.9918871062378259,0.9406898067812102,0.9931425666264991,0.9418970551750296,0.9954373400542298,0.9065719770816181,0.996154337313933,0.93507693896442,0.9938941173626082,0.7721169156451524,0.7278478805252804,0.8177590881348086,0.7825134563349092,0.99490427641332,0.9933153255433903,0.9683258777526883,0.9621792954015908,0.7662988999557403,0.7214436949250683,0.7722923530426726,0.6762838214922929,0.9941562422148101,0.9664174029881847
interval5500-6200,1,,9.327991458072942,6.2908723070388435,0.0,12.663877910442388,0.0,0.6503334898812555,0.0,0.0,1.244273679014139,0.0,0.0,25.931109522474994,4.9688286508891135,2.0545752243287008,0.0,8.495129927086285,1.0345246862627295,0.0,0.0,0.0,0.0,0.0,0.0,0.0,0.0,0.0,0.0,0.6906784103408388,0.0,0.07166583677028518,0.0,0.0,0.0,0.0,0.0,0.0,0.0,0.0,0.3265314106875229,4.963099644044766,0.0,0.0,0.0,0.0,0.09474360655613265,0.37538003376946727,5.3276258831327326,0.0,0.0,0.0,0.0,1.6728628045103295,0.0,0.0,0.0,15.190104858324004,0.0,0.4984503348026223,0.0,0.0,0.0,0.7946118436260462,0.0,1.5424236435869592,0.0,0.0,0.0,0.0,0.0,0.0,0.2720523460784133,0.0,0.1342614685803134,0.12242650086360649,0.04854289710999177,2.2751507445937853,0.0,0.0,0.0,0.0,0.0,0.0,0.0,0.0,0.0,0.0,0.0,14.933439392581553,1.8799394344740696,1.9882928964554236,0.07740183484615663,0.0,0.0,1.2094502157791682,5.613253916688535,0.0,1.542719880288351,0.0,0.0,0.0,0.9735294410764832,0.0,0.0,0.0,0.0,0.36904246443457384,0.0,0.0,0.0,3.3041768884763774,3.4130456575792,0.0,8.438071211309914,0.0,0.0,0.0,0.0,0.0,0.0,0.0,0.0,0.0,0.0,0.9410730125776069,0.617625153498614,1.320807393055552,1.0271845589400022,0.6384583598137801,0.35142624704335834,0.0,0.0
interval5500-6200,1,-2,7.04815567296893,2.8523328793131126,0.9999999999999999,10.050035037300303,1.0000000000000002,0.8068034709591271,0.0,0.0,1.2021898093383205,0.0,3.5679458916641744,15.388877859516903,4.95402340978068,2.184820190692254,0.6982234897191983,7.477898747368142,1.0491695596140609,0.0,1.0000000000000002,1.0,1.0,1.0000000000000002,1.0,1.0000000000000002,1.0,1.0,1.0580301087817832,3.474049262674343,0.0,0.10404307840127032,0.9999999999999999,1.0,1.0000000000000002,0.9999999999999999,0.0,0.0,1.0000000000000002,1.0,0.38530800625405154,6.02500645200083,0.048039397862164594,0.0,1.0,1.0000000000000002,0.10353804458426316,0.9715032625296274,5.340282990889831,0.0,0.0,0.0,0.0,1.6838203722282852,0.0,0.0,0.0865279593973144,10.194102670138358,0.0,0.5697201138194474,0.0,0.0,0.0,0.7977441041835536,0.0,2.904635651563113,0.0,0.0,0.9412728010038515,0.0,0.0,0.0,0.27865080740493064,0.0,0.14374805853798825,0.12245929796698735,0.04860546968418077,1.0428619830643877,0.0,0.0,0.8876389312969529,0.0,0.0,0.8440344164786562,0.0,0.0,0.0,0.007395338404040493,0.0,5.0941938032530425,1.8703000015267774,1.9840524384454925,1.8924869846181764,0.0,0.0,1.1712000135255216,3.947320513106054,0.0,1.5488657544952231,0.0,0.0,0.0,1.187420078037225,0.0,0.0,1.0000000000000002,1.0,0.388865862980625,0.0,0.0,0.0,3.3015318947928924,5.236169233993534,0.0,7.142648341951979,0.0,0.0,0.0,0.0,0.0,0.0,0.0,0.0,0.0,0.0,1.114237711495508,0.7772517529516411,1.2835332813903684,0.9956265257209002,0.5397572337001587,0.25920177629853036,0.5647934300007434,0.0
interval5500-6200,1,-1,3.2915757402231107,1.6633661998819684,1.0000000000000002,4.467984868462599,1.0000000000000002,1.406893280006815,0.646395184921963,0.3500552018702139,1.5450092839382816,0.4654171669188345,2.135060480250534,4.979678560877018,3.9467174598411847,2.151071499753995,1.5579283747296113,4.470355563147694,1.1312143258270122,0.0,1.0,1.0,1.0,1.0,0.9999999999999998,1.0,1.0,1.0,2.691621463619815,6.237052761523707,0.20821770288419447,0.12776263922644424,1.0,1.0000000000000002,1.0000000000000002,1.0,0.0,0.0,1.0000000000000002,1.0,0.7734752503480555,4.689706610936476,0.17654025539839857,0.0,1.0,1.0000000000000002,0.13069775239297707,1.7944731250006567,4.658753966761493,0.1235781027013804,0.0,0.022040762030542706,0.0,1.9886766121815214,0.05097060596914708,0.9578044501581154,0.8438741620119088,3.629058637961484,0.9073451396510752,0.7241822747123615,0.24845311062131525,0.15985159504390056,0.4498988016781894,0.8159827076634286,0.0,1.9907357423975183,0.0,0.0,1.4444374666767092,0.0,0.0,0.09193198727795268,0.31525374935701506,0.0,0.310250277851099,0.12252390205259593,0.04783184959501072,1.2708514615718653,0.0,0.0,1.3939654627052067,0.0,0.0,1.483563505512428,0.0,0.0,0.5338742709914608,0.12019339540449317,0.0,2.598218894309231,1.7510616918986937,2.004962343717598,1.6451470249274,0.07528651928339858,0.0,1.0166758103314073,1.761585192745305,0.0,1.6627401766863226,0.0,0.0,0.04183655332606074,1.2309122892193998,0.0,0.0,1.0000000000000002,1.0,0.5310047818316428,0.08825723199734581,0.02401708959423286,0.0,3.2567628151625265,5.8845708030189865,0.07538175364487464,3.769178346185034,0.0,0.0,0.0,0.0,0.3734724724658467,0.0,0.0545951541209131,0.0,0.0,0.0,1.0719867453507446,0.8593027244000001,0.8627459636675752,0.9807297195616874,0.4671097971003695,0.24834322048911467,1.1001735390355394,0.4719141263330967
interval5500-6200,1,0,1.4935362870886182,1.178660014835752,1.0,1.7660073248241135,0.9999999999999999,2.210538627718767,0.993832272020372,1.0414493090138286,1.4289265039154724,2.2392518503741377,1.2822135556373615,2.1822039423827753,1.7254260745066483,1.6100472947901225,1.2179336128688907,2.3823469946430667,1.1751510105822063,0.07357206257909316,0.9999999999999999,1.0,1.0,1.0,1.0,1.0,1.0,1.0,1.837019508214681,4.873399568196421,0.6997492805842235,0.19548847612807815,1.0,0.9999999999999999,1.0,1.0,0.008799981579108837,0.27940534816641005,1.0,1.0,1.0019337620731286,1.6261107708498481,0.2449327228964812,0.498559899493344,1.0,1.0,0.24217782799943482,1.3802316944207622,2.991604788759103,0.26253927686118733,0.4108499189696064,0.08039784068336468,0.19010358659815454,1.5017112801605799,0.9239918882878925,1.1446812228954444,1.111064276327919,1.3598681242191166,1.2212260560784047,0.7580954783509833,0.725787497494928,0.9690217981018622,1.1604649417216826,0.7490730052567974,0.20227394486437197,1.6963661775510954,0.03552412184504387,0.0033473141148498455,1.3335135591408842,0.6342797935509582,0.6727301148499242,1.1432607788607563,0.4681212144124782,0.21072394415142442,0.5912307965346808,0.11773603657786053,0.041757204663370094,1.1870756548400936,0.0,0.0,1.3488893536316071,0.25045461650792766,0.03666622411152141,1.5071268942239453,0.0,0.0,1.136672713710187,0.4601913120849961,0.0,1.9894420611023962,0.9454773019892193,1.3177608679927564,1.3815725135917714,0.6532901511256829,0.5302752600735063,0.9146408379630088,1.066148749122426,0.0,1.5966180448117582,0.0,0.8874329261758976,0.837747209883622,1.2797180953580662,0.0,0.779244675072905,1.0,0.9999999999999999,0.9453560930780066,1.1088201263393656,0.24416065495366637,1.7557257134532842,2.9452836516205356,4.651192789765497,0.5605025186817397,1.4965338113749793,0.0,0.9480723816912235,0.0,0.7862276681230889,0.42915317785103335,0.29981641361808475,0.4206679276578147,0.23009556880354026,0.8354241813695692,0.5832504400493497,0.9193439184444046,0.8977202666638092,0.4927055275001518,0.4566517585376309,0.6808131328027863,0.2678662619927453,0.9871325930799363,0.9741944370578647
interval5500-6200,1,1,1.129940527528223,1.060403617590966,1.0,1.2061167198714815,0.9999999999999999,2.1042206261893774,1.0205172940697216,1.0920278253294207,1.2094931482977975,1.7930706268346226,1.0884463385098768,1.3416312042317045,1.0861016211055614,0.896775969455455,1.0895057777444555,1.3827844770601876,1.049926255151372,0.7365148966423058,1.0000000000000002,1.0,0.9999999999999999,1.0,0.9999999999999999,1.0,1.0000000000000002,0.9999999999999999,1.3278322435470182,2.3055576378439486,0.9436749063110107,0.3092893043226023,0.9999999999999999,1.0,0.9999999999999999,0.9999999999999997,0.1447034867761064,0.7261849052637073,0.9999999999999999,1.0000000000000002,0.9499184187762271,0.9915743492949953,0.5558944300793719,0.8067971019804172,0.9999999999999999,1.0,0.5322078347875091,0.9276574238139996,1.551579494005967,0.6056863821825643,0.8129007355512958,0.31707359424423964,0.7233243735924475,1.0423572990200218,0.9462354666048062,1.0543742111349497,1.0076816812507008,1.001040990768003,1.0839210755223432,0.8141205030762797,0.8409803347746808,1.0914184985498108,1.1070882424033894,0.7373692447047899,0.5580140310835908,1.2769880125872433,0.5264735462384023,0.5079524516196426,1.1581597735532159,0.7755618158933543,0.7673557923256775,1.1259704672126927,0.6489616929567815,0.524607456857949,1.498301609893514,0.08899088932955347,0.006353908750010248,1.1430121199759802,0.3989829329824836,0.37775297269871255,1.1564077815855311,0.6419792399889802,0.5491326658837187,1.2232650316817026,0.048467548928695134,0.0,1.0991951359032508,0.7197456208085161,0.5849827038821489,1.430913994928475,0.5201046553312074,0.5909624860647109,1.1811696899125088,0.7299572502689045,0.6957137280143466,0.9623634200946126,1.007833703827324,0.8584910996708148,1.487759147211303,0.7295165203375515,1.0681269934563935,1.0340986283430726,1.1881049039417553,0.3649082887277789,1.209231561622528,1.0,1.0,1.045711270137363,1.1058376619431307,0.8982994434319577,1.5216340467607832,1.916062372714846,2.7787465865831416,0.914490976407381,1.1643643241639865,0.30843396520142796,1.2306896760670436,0.8287035946019323,1.0378598576494316,0.4873553207290492,0.3310383278592238,0.5306227006772906,0.4032349661124806,0.9707701722462364,0.9320207138517997,0.9184460215659953,0.9059380859194198,0.4971685557627334,0.3539730045085463,0.8364734377753938,0.37432852746266965,0.9762031197213842,0.9740098824278308
interval5500-6200,1,2,1.0238044631834098,1.0116645632913814,1.0,1.0376524467291315,1.0,1.2563642341479586,1.0047879081726596,1.0151984052739074,1.0420562205292014,1.1240300385417947,1.0167789513731962,1.0488919636774088,1.0201135529915222,0.8278929397409942,1.0182439983714093,1.0543894527296522,1.0179281141007908,0.8499454503356701,1.0,1.0,1.0,1.0000000000000002,1.0000000000000002,1.0,1.0,1.0,1.0646813275275506,1.1903749660831557,1.038082501063544,0.47637312231812196,1.0,1.0,1.0000000000000002,1.0000000000000002,0.6823054435765188,0.9332654587851374,1.0,1.0000000000000002,0.9845334732798096,0.9868071202372278,0.9111688979189905,0.9602409557733231,1.0000000000000002,0.9999999999999998,0.8853241167785799,0.9676218262073265,1.0974520610158918,0.9210538151986913,0.9617481088705535,0.8259984604581501,0.9414818573365807,0.9991507563625812,0.9872162490441921,1.0118575357660884,0.9987198044988097,0.9936848760251009,1.0182881998316529,0.9562869849336142,0.9647312635843266,1.0357569053888926,1.0241918210587784,0.8880148876346429,0.8058721982741791,1.054543711959418,0.8276833097096556,0.7597272999147876,1.0362564002568284,0.9078732761384781,0.8652959777426497,1.0302668355800984,0.8575400785846143,0.7673912231792007,1.3691535679797144,0.01691362381805839,0.0,1.033013828869762,0.8467363252921414,0.8123929158500149,1.0319844160863803,0.8723286980340609,0.8065080340607771,1.0460976322268107,0.6618196019596333,0.5319395898711146,1.0239969052121252,0.8899805938636207,0.816712894251018,1.0942526351176858,0.770886957599874,0.6855434978483012,1.0424474853361847,0.887135133119034,0.8315234988476806,0.994091218740621,1.005145449535308,0.9841086903136996,1.1585275187919748,0.970146329581138,1.0189947228487055,1.007199126573315,1.0561126786873387,0.9130129887850393,1.0762064868217118,1.0,1.0,1.0077127295546522,1.0256490196991184,1.0155495845939648,1.1256283808495584,1.1479618377791583,1.4119269355919477,0.9891570323775886,1.0464137794253237,0.9010976162362947,1.084938252009109,0.9799506065708018,1.0214990114827043,0.7636216115519693,0.5728746329955879,0.7758553045641504,0.5985211137402233,0.9942422207512104,0.9870213642135862,0.9563590551160076,0.922993531484256,0.7655269408354968,0.5771462347129953,0.8115719665602502,0.7519546953288172,0.9945898220582892,0.9719979272417071
interval5500-6200,1,3,1.0026153296445532,1.0012860752255242,1.0000000000000002,1.0041351827822824,1.0000000000000002,1.0288522270911982,1.000538258843601,1.0016152240822118,1.0046619790893563,1.013115150887865,1.0018473252843794,1.0051292685741366,1.0025575180548465,0.9254134026751005,1.0020242691596657,1.0057065422040254,1.002314474509135,0.9389498672963246,1.0000000000000004,1.0000000000000004,1.0000000000000002,1.0000000000000002,1.0000000000000002,1.0000000000000002,1.0,1.0000000000000002,1.0071532877784406,1.020014374108179,1.0061224880951902,0.785802758612982,1.0,1.0000000000000002,1.0000000000000002,1.0000000000000002,0.9568783914607181,0.991590233361437,1.0000000000000002,1.0000000000000004,0.9979487332154988,0.9980954368444358,0.9898247154331288,0.9951554859022521,1.0000000000000002,1.0000000000000004,0.9859300986090409,0.9956252454842279,1.0113774021235178,0.990506250585393,0.995146193211384,0.978402571210482,0.9924749261358226,0.9996096505937925,0.9983448060206407,1.0014577372142766,0.9997870366574572,0.9990930821724492,1.00225351365218,0.9948295814912229,0.9956742274347503,1.0048651930234334,1.001068367491479,0.9663925067066997,0.960668829063006,1.0033698897235839,0.9538954386584114,0.9504365871474807,1.00228066757139,0.9712934123363428,0.9709614529040171,1.0010828793077968,0.9582518881748029,0.9521073461950837,1.0203502765999581,0.16051096959452668,0.041752796663881944,1.001728907425728,0.9661469654204998,0.965774491608227,1.0015813858617872,0.9658478112932317,0.9613968931284441,1.0031424196171732,0.9185509856060978,0.9086601076980916,1.0009405295984455,0.9678391392140822,0.962770040727345,1.0059719884878386,0.9291423501225553,0.930130380038204,1.0025925548004306,0.9648614762443573,0.9639827736980044,0.9991044629823795,1.000770643273602,0.9912912034068675,1.0212764021366352,0.9957242425519041,1.0024065215073354,0.9978791590989364,1.0074204683551022,0.9797195360090157,1.005060119851931,1.0000000000000002,1.0000000000000002,0.9975604531788937,1.001129310393707,0.9869425511004799,1.0077683393295236,0.9856927853760317,1.0262514157731661,0.9946777011544009,1.0025557662442899,0.9775416665346089,1.005717929094986,0.9956702266664759,1.0009108402593967,0.9527321858249175,0.8839049298387348,0.9543805037943139,0.8887357059919789,0.9991619495309442,0.9977583218115105,0.9907514060349948,0.9775986326871139,0.9530253960372472,0.8846753183186447,0.9169238892733816,0.920000762111301,0.9989812085123377,0.9878880575033323
interval5500-6200,1,4,1.0002472194604946,1.000118255414391,1.0,1.0003862370227552,1.0,1.0027011778107378,1.0000471978999068,1.0001558014596852,1.000419069200797,1.0012719426716665,1.0001705359651565,1.0005017224123656,1.00008012954542,0.9889063423454753,1.0001885297117312,1.0005604409432292,1.0000012586616651,0.9909698735434276,1.0,1.0,1.0,1.0000000000000002,1.0,1.0,1.0,1.0000000000000002,1.0006603621351224,1.00195927333097,0.9998428639735042,0.9682904711202205,1.0000000000000002,1.0,1.0000000000000002,1.0000000000000002,0.9955105752804188,0.9990613722838699,1.0,1.0,0.9996881911804245,0.9996917358556155,0.998829603370641,0.9993286400105099,1.0000000000000002,1.0000000000000002,0.9985488985494404,0.9995035661619159,1.0011224487911388,0.9987349830420993,0.9992449583550528,0.9972583099116655,0.9988353839024975,0.9998778660567966,0.9997423117073668,1.0001412739444133,0.999963570756335,0.9998775535483531,1.000221280692804,0.9993882854228359,0.9994171732266734,1.0004736887835108,0.9999381183321782,0.9906805857562456,0.9877077838439886,1.000069540357408,0.9879045871775148,0.9847669193883487,1.0000369304542585,0.9918839367723924,0.9902527723176383,0.9998739114922245,0.9885423103739672,0.9849935127053554,0.9984136922508486,0.6934066766919018,0.5735249868692199,0.999979548913931,0.9919337678587548,0.9905297443254768,0.9999643884608761,0.9910194578048696,0.9883692367752243,1.0000857980729354,0.9799620274783643,0.9743562240032008,0.9999139788280936,0.9911714786234576,0.9883863950290442,1.0001175753289533,0.9801564679916952,0.9765086043506602,1.0000258441553727,0.9900752407956331,0.988018345212374,0.9996874208605997,1.0000761790451087,0.9940357712410262,1.0021175338936648,0.9988644623171193,1.0002406343916361,0.99782678631766,1.0007385943725047,0.9899812660814933,0.99999714985552,0.9999999999999999,1.0,0.9975125389195892,0.9999244796872835,0.9883592436332558,1.0000323736364543,0.9782321558113151,1.0004580246733,0.9965075447361063,0.9999426821589603,0.9888855219772021,1.000003747173972,0.9978006793878286,0.9999044141774692,0.9941264017027378,0.9848912699564842,0.9943049490025287,0.9854673452775096,0.9999042389880459,0.9997327370616802,0.9988335234110653,0.9970479532402008,0.9941604445705444,0.984984078853266,0.9876187937695251,0.9884878455765471,0.9998684987636376,0.9981963578268918
interval5500-6200,1,5,1.0000236624734922,1.0000110862510778,1.0,1.0000366426359903,1.0,1.0002563121727255,1.000004253273083,1.000015128747749,1.0000385793662836,1.000124038822804,1.0000160372629092,1.000049253900842,0.9999983457647342,0.9988308341750726,1.000017837822399,1.0000551754775613,0.9999875109146638,0.9990483234355938,1.0000000000000002,1.0,1.0,1.0,1.0000000000000002,1.0,1.0,1.0000000000000002,1.0000620727132712,1.000192424340085,0.9999415684546634,0.9966578846803128,1.0,1.0,1.0,1.0000000000000002,0.999548539198354,0.9999013126321012,1.0,1.0000000000000002,0.9999618662855183,0.9999615642925792,0.9998734353448956,0.9999207860089137,1.0000000000000002,1.0000000000000002,0.9998540538887651,0.9999474717853997,1.0001111138063563,0.9998528837302902,0.9999068182198197,0.9996887130384959,0.999856578475087,0.9999822853435995,0.999968212331315,1.0000138157832783,0.9999954327679276,0.9999858370749665,1.000021821044023,0.9999329952713899,0.9999321203643832,1.0000463683150822,0.999989330473774,0.9987714691438031,0.9982106730866479,1.000000245902511,0.9984184037196144,0.9977885194226995,0.9999988396135054,0.9989273770452402,0.9985660683668605,0.9999813698587123,0.9984918054760177,0.9978150017205217,0.999718242154827,0.9582023082257942,0.9351183667513894,0.9999932793258114,0.9989610716000722,0.9986477555164269,0.99999158093125,0.9988252125341917,0.9983166428872694,1.000001717199705,0.9974059093467662,0.99633223617847,0.999986752217711,0.9988378305187866,0.9983100573141745,0.9999996809030436,0.997381121591711,0.9965435821852,0.9999966481500121,0.998688517414463,0.9982395663804979,0.9999537119575669,1.000007433271524,0.9990593458870011,1.0002084582105315,0.9998383210572427,1.0000238210325625,0.999650089762327,1.0000727614570657,0.9984593613287329,0.9999838062231097,1.0000000000000002,1.0,0.9996000380329733,0.9999872122505024,0.9981378174112435,0.9999813919747335,0.9964474120719102,0.9999900759108116,0.9994508822701689,0.999985997535905,0.9982901943791175,0.9999826174013136,0.9996607996528442,0.9999855615031945,0.9993949372258478,0.9984361138132143,0.9994130031033976,0.9984951197318407,0.99999023921223,0.9999726238391992,0.9998796121158053,0.9996939361158872,0.9993984140399651,0.9984456328550119,0.9986951322321725,0.9987896568879482,0.9999863525712426,0.9998097763265741
interval5500-6200,2,,8.25519105078119,7.783865322508655,0.0,13.682745237267724,0.0,0.671039168290109,0.0,0.0,0.18217372183945568,0.0,0.0,26.558840834749887,5.066218785945946,1.6683630966219698,0.0,7.909113155924621,0.9622066069066951,0.0,0.0,0.0,0.0,0.0,0.0,0.0,0.0,0.0,0.0,0.9216318241830791,0.0,0.07753396019096105,0.0,0.0,0.0,0.0,0.0,0.0,0.0,0.0,0.35856176364085296,5.566088450175487,0.0,0.0,0.0,0.0,0.05706993983450841,1.8806855629177628,5.841706167979817,0.0,0.0,0.0,0.0,1.757621029898957,0.0,0.0,0.0,13.499151154788024,0.0,0.5636266840084301,0.0,0.0,0.0,0.6362142207823517,0.0,3.9768668931673155,0.0,0.0,0.0,0.0,0.0,0.0,0.11283623697385153,0.0,0.08780225208454716,0.13912728873559102,0.0475874455705486,0.0,0.0,0.0,2.6910657127110773,0.0,0.0,0.0,0.0,0.0,0.0,0.0,0.0,11.1402964787737,2.1648664762647662,2.3391511867913737,9.031044183114133,0.0,0.0,0.0,4.996804874874159,0.0,1.7175472672073573,0.0,0.0,0.0,0.0,0.0,0.0,0.0,0.0,0.38746071906266205,0.0,0.0,0.0,3.354262294715385,3.010016564214114,0.0,10.696177223579165,0.0,0.0,0.0,0.0,0.0,0.0,0.0,0.0,0.0,0.0,1.076668229582235,0.7692434765901431,1.2724943044222359,1.0122195239620064,0.9234156845325923,0.40963740995965314,0.0,0.0
interval5500-6200,2,-2,8.255324294942376,7.706950255886757,0.9999999999999999,13.686701904143495,1.0,0.6723906441596129,0.0,0.0,0.19037801295838652,0.0,0.0,26.53624010164937,5.066340995492351,1.6694532210338735,0.0,7.9077957870224544,0.9621666583200662,0.0,1.0,1.0,1.0,1.0000000000000002,1.0000000000000002,1.0,1.0,1.0,0.0,0.9274920491486895,0.0,0.07765874216056502,1.0,1.0000000000000002,1.0,1.0,0.0,0.0,1.0,1.0,0.35869488066077193,5.571771718479921,0.0,0.0,1.0,1.0,0.05709151095149556,1.8832248621666323,5.842696805784324,0.0,0.0,0.0,0.0,1.757442978420846,0.0,0.0,0.0,13.477915588036929,0.0,0.5639298539522148,0.0,0.0,0.0,0.6362272768548706,0.0,3.9922328525304143,0.0,0.0,0.0,0.0,0.0,0.0,0.11286812730487014,0.0,0.08808179953853529,0.13912730792835806,0.047586842761900346,0.0,0.0,0.0,2.7200100788069905,0.0,0.0,0.0,0.0,0.0,0.0,0.0,0.0,11.089042874932272,2.164838157665136,2.3391450671948997,8.810019115606977,0.0,0.0,0.0,4.995470633786285,0.0,1.717736653834167,0.0,0.0,0.0,0.0,0.0,0.0,1.0,1.0000000000000002,0.38755577596544216,0.0,0.0,0.0,3.3542389230248406,3.0387633731610912,0.0,10.705714126958789,0.0,0.0,0.0,0.0,0.0,0.0,0.0,0.0,0.0,0.0,1.0771051216293812,0.7697903985036884,1.272399143705966,1.0121354003216783,0.9222806170573242,0.40962936632217617,0.0,0.0
interval5500-6200,2,-1,8.25442757014887,7.112084454797887,1.0,13.707123915825894,1.0000000000000002,0.6837919391512876,0.0,0.0,0.2566012249070597,0.0,0.0,26.33566261805558,5.067077692541953,1.6779929731312795,0.0,7.895600994503449,0.9620262372972199,0.0,1.0000000000000002,1.0,0.9999999999999998,1.0,1.0,1.0000000000000002,1.0,1.0,0.0,0.9796319603845517,0.0,0.0787822998269087,1.0000000000000002,1.0,1.0000000000000002,1.0,0.0,0.0,1.0000000000000002,1.0,0.3599108643660095,5.622026343512941,0.0,0.0,1.0,1.0000000000000002,0.05728228818311615,1.9057509114726325,5.849558061178409,0.0,0.0,0.0,0.0,1.7559042903715951,0.0,0.0,0.0,13.289272731535727,0.0,0.5666231385368047,0.0,0.0,0.0,0.6363469395219722,0.0,4.1105742263712886,0.0,0.0,0.0,0.0,0.0,0.0,0.11315304412382811,0.0,0.09001153729127467,0.13912779206605072,0.047583189010072066,0.0,0.0,0.0,2.9103996153420066,0.0,0.0,0.0,0.0,0.0,0.0,0.0,0.0,10.67941750747107,2.1645840098162723,2.3390797382180137,7.301472597828271,0.0,0.0,0.0,4.980120103413597,0.0,1.719293040735059,0.0,0.0,0.0,0.0,0.0,0.0,1.0000000000000002,1.0000000000000002,0.3882505205849744,0.0,0.0,0.0,3.3540747147047107,3.2480362824337887,0.0,10.762918513996839,0.0,0.0,0.0,0.0,0.0,0.0,0.0,0.0,0.0,0.0,1.0810943264754858,0.7745473149070449,1.2715371784797855,1.011360283615609,0.9134342633906078,0.40909797443938234,0.0,0.0
interval5500-6200,2,0,8.086960555370952,4.684530549372232,1.0,12.97625442517862,1.0,0.7534176342234203,0.0,0.0,0.4819521244494243,0.0,1.6906508366149238,24.45684819020014,5.059420988863488,1.725570187362576,0.0,7.779816596961573,0.970074894949273,0.0,1.0,1.0,1.0,1.0,1.0,1.0,1.0,1.0,0.0,1.466974804080734,0.0,0.08801858442953946,1.0,1.0,1.0,1.0,0.0,0.0,1.0,1.0,0.3734123659895313,6.021117037260696,0.0,0.0,1.0,1.0,0.05875863662939861,2.0971992145691702,5.865021341038259,0.0,0.0,0.0,0.0,1.7472013938393887,0.0,0.0,0.0,11.700863342851326,0.0,0.5901025076642032,0.0,0.0,0.0,0.6376551096373462,0.0,4.615419247609214,0.0,0.0,0.26067009756865195,0.0,0.0,0.0,0.1159422856588159,0.0,0.09605474271006852,0.13913960439465003,0.04758058582325919,0.0,0.0,0.0,3.2270260302287324,0.0,0.0,0.0,0.0,0.0,0.0,0.0,0.0,8.317086208996862,2.162028794900003,2.338492421690039,3.635738924170545,0.0,0.0,0.0,4.7943749886612546,0.0,1.7084093979348602,0.0,0.0,0.0,0.06507386736257237,0.0,0.0,1.0,1.0,0.39133799307726597,0.0,0.0,0.0,3.353511579156746,4.047532261855632,0.0,10.669281344289786,0.0,0.0,0.0,0.0,0.0,0.0,0.0,0.0,0.0,0.0,1.1147652946759936,0.8105260720224912,1.2643982306757213,1.0046483357526979,0.8643968836963756,0.3974076183019146,0.0,0.0
interval5500-6200,2,1,5.498363426221416,2.434380437926361,1.0000000000000002,8.427340773055708,0.9999999999999999,1.0686101509350527,0.0,0.0,0.9799071819246005,0.0,3.2682887155890916,15.27291478659175,4.846762325722681,1.845747189963654,0.9813024322290671,6.771461548222368,1.0227549921809427,0.0,0.9999999999999999,0.9999999999999999,0.9999999999999999,1.0,1.0,1.0000000000000002,0.9999999999999999,1.0,1.351921651302401,3.945170839952139,0.03112574092344852,0.11289721474382897,0.9999999999999999,1.0000000000000002,1.0000000000000002,1.0,0.0,0.0,1.0000000000000002,1.0,0.5167493985318825,6.494843588645377,0.07571410616699024,0.0,1.0000000000000002,1.0,0.06245065742193847,2.795951860694646,5.672417994748767,0.0,0.0,0.0,0.0,1.8604889345722633,0.0,0.5121307785311995,0.0,6.350803849011904,0.0,0.690462291865279,0.0,0.05701249124340372,0.0,0.6510927375384891,0.0,3.7769586534329207,0.0,0.0,1.641760500237476,0.0,0.0,0.0,0.14186245420401503,0.0,0.14470152749328213,0.1392729148163299,0.04734628427398922,0.0,0.0,0.0,2.426654700375188,0.0,0.0,1.2958052109959934,0.0,0.0,0.0,0.0,0.0,3.8767804690022487,2.138117998868828,2.3448829093695576,2.1625222627841523,0.0,0.0,0.0712081063701593,3.6327712182008822,0.0,1.6229680434826992,0.0,0.0,0.0,0.5470469759156841,0.0,0.0,0.9999999999999999,0.9999999999999999,0.4094547663244665,0.0,0.0,0.0,3.348737618632036,5.273034062606536,0.0,8.712566730870956,0.0,0.0,0.0,0.0,0.0,0.0,0.0,0.0,0.0,0.0,1.2052085279469011,0.9091739802894644,1.2449488298931333,0.9855334034764546,0.7488292293252129,0.3689235405414898,0.2754819942268324,0.0
interval5500-6200,2,2,2.253947823200078,1.3937461181816266,1.0000000000000002,2.9983946379610944,1.0,1.8965760989196105,0.8487718671150571,0.35244637008620455,1.3990146016104412,0.6328706943485646,1.6905088382787596,4.794713327028594,2.7428794360521414,1.8599134565895499,1.3287607390420488,4.14749311146286,1.1481458086148788,0.0,1.0,1.0000000000000002,1.0,1.0,1.0,1.0,1.0,1.0,1.9978653820824257,6.512827885938772,0.48059524016863053,0.14200636907182393,1.0000000000000002,1.0,1.0,1.0,0.0,0.0,1.0,1.0000000000000002,0.9895815931286494,3.0442588434884215,0.20282172916455793,0.10204277250618211,1.0000000000000002,1.0,0.1619964865561655,2.968137201751156,4.330203582358311,0.18774866690567255,0.0,0.048047523566470955,0.0,1.989135041771438,0.884025949554104,1.1751627308572208,0.8240183431295607,2.2161976382698527,1.237757340773006,0.8266877124307856,0.5496652100230872,0.8898390491420838,1.1371815938141456,0.7525660132471429,0.0,2.138491482476374,0.0,0.0,1.477651905599468,0.0,0.0,0.8766763975794454,0.32484921729296723,0.0,0.3274133709059366,0.1402621746202154,0.04641755405932011,0.7859540718023124,0.0,0.0,1.62073779536588,0.0,0.0,1.679830357298279,0.0,0.0,1.1223350899846243,0.0799225728191131,0.0,2.421680678512565,1.9307802609663813,2.365731795895643,1.61346219982543,0.0,0.0,0.6836595498125203,1.6235268371288618,0.0,1.578844995523115,0.0,0.0,0.06972120274788886,1.1697601344816326,0.0,0.0,1.0,1.0,0.5511182116580865,0.8488634565507213,0.0,0.8557499592693165,3.3148954840449174,5.555076310478316,0.0,3.562966724148924,0.0,0.4583749548774468,0.0,0.1497195134875859,0.2319819175173849,0.07219751020238616,0.0,0.0,0.0,0.0,1.1885253203329273,0.9600406975611684,1.0130446392809485,0.9040844837085839,0.6131737210875624,0.36770427193849664,1.0959007348769703,0.48282117951799025
interval5500-6200,2,3,1.2935063583305657,1.1075493146864321,1.0000000000000004,1.442374196834212,1.0000000000000002,2.5042951531181945,0.9972522705965989,1.053240966345223,1.2134024172109252,2.321459684652535,1.1678150122708877,2.168649608735909,1.2550264244412244,1.4113143545218194,1.152292611329238,2.3501058499018055,1.0834849622921905,0.1196355726145805,1.0000000000000002,1.0000000000000002,1.0000000000000004,1.0000000000000002,1.0000000000000002,1.0000000000000004,1.0000000000000002,1.0000000000000004,1.5114906872559495,4.904815865787396,0.8394046136021043,0.22842228262999464,1.0000000000000004,1.0000000000000002,1.0000000000000004,1.0000000000000002,0.0,0.8309598188820382,1.0000000000000002,1.0000000000000002,0.9933400522791843,1.1873701970615786,0.35334050873033135,0.6921247321752297,1.0000000000000004,1.0000000000000002,0.41212758223166435,1.3084474134411852,2.3957849069636947,0.39495161155259634,0.6949894809137669,0.12863142217972892,0.5822859670214934,1.210642014018847,0.941786297648811,1.126268029428126,1.0051879511589976,1.1189766484583852,1.1927051948259557,0.8223315688068321,0.775012112282891,1.1655288360275613,1.2109337650438134,0.7328853364074954,0.2645841216954087,1.6276215710954254,0.274344411007829,0.3289266511083116,1.3102383720491435,0.6756827362894657,0.6494508741673107,1.2071662830133114,0.5589337718144202,0.40923653954834954,0.7895418087044912,0.13258676165386468,0.03783095562509165,1.1757099365891561,0.0,0.0,1.3404561618505693,0.4058037232060155,0.28632535138292114,1.4803771193283741,0.0,0.0,1.1829101066739613,0.5817348602688884,0.2333315963562251,1.878631858882315,0.7995894667750842,1.2115814274355372,1.354218392573794,0.6440690630364093,0.4762571922282942,0.8699430647508838,1.0409336654742327,0.0,1.5657011278561672,0.0,0.9624373388394039,0.9016618461716325,1.256415679238801,0.0,1.0668117999933115,1.0000000000000002,1.0000000000000002,0.9857534872237413,1.1762138372481366,0.23885241961752549,1.8665746402806405,2.97506600439923,4.358530342599943,0.5075765227115693,1.4568818813807762,0.0,1.187556138076463,0.2131403208048688,0.9082800107627927,0.3913849823773168,0.30038287873509734,0.42139447047424744,0.2960047881817957,0.7371522719088016,0.7100894321504416,0.9594160018302677,0.9203263108777251,0.4933981125298179,0.4069833987114934,0.8324679471487607,0.2789734556685918,0.9735927532970993,0.9755050063297616
interval5500-6200,2,4,1.0891402404196886,1.0417945886365088,1.0,1.1387043482373964,1.0,1.907702839058173,1.014519359200957,1.083927204825913,1.1385691809090699,1.7444938570820598,1.0606538843647717,1.332005406158822,1.0349020777825602,0.877891649128598,1.0659192124289012,1.3755404348312574,1.0240033089975549,0.7610729295089494,1.0000000000000002,1.0000000000000002,0.9999999999999999,1.0,1.0000000000000002,1.0000000000000002,1.0,1.0000000000000002,1.2293293942734258,2.2690409658465844,1.0049711208591932,0.3774492450474548,0.9999999999999999,1.0000000000000002,1.0,1.0000000000000002,0.405635142488017,0.9090421958481085,1.0000000000000002,1.0000000000000002,0.9749878988992383,0.9886083694621381,0.7861066822483429,0.913776187898799,1.0,1.0,0.7769970738315354,0.9864948751189136,1.3336722933693548,0.818726040774556,0.9192363706731521,0.6305489476494022,0.8810024161179636,1.010425624579154,0.9752575640740856,1.0367806628222196,0.9988491448659337,0.9977997877749686,1.0565928598050873,0.9118245631240094,0.9259966895228339,1.0901190436373205,1.086824759962329,0.7923667667416481,0.6838474124785002,1.2036646608083694,0.6552710376440716,0.6921904877206035,1.1221538169800755,0.8216468231104388,0.8173600822128689,1.102451937478005,0.7315359172231889,0.6793795780898001,1.6218276975298866,0.08209296242681088,0.0,1.105561140451,0.6350290988266583,0.550610888142093,1.1183569910372018,0.7368678804738691,0.7001977822919273,1.1672876724975323,0.31913118355344183,0.27908362166188205,1.0816644715441497,0.7857697881258496,0.715549314207882,1.3266448918448468,0.6083792321649619,0.713915229019778,1.1407964582171326,0.7838388146048567,0.7606633043166265,0.961369927067151,1.0121392175885093,0.8695610439265806,1.4647230032255545,0.7707980622752271,1.0580069549799271,1.0325436783467168,1.1716612459551827,0.4410201282041481,1.1989378607977448,1.0000000000000002,1.0,1.0429381487943503,1.087167380921603,0.9286078793193178,1.4149578182468456,1.810562483138786,2.3732850099924856,0.9118045114020777,1.142316506010983,0.4099635036866185,1.221550619748745,0.8749034189172028,1.0444931222569207,0.4529783143626111,0.35993340873757806,0.5148309736542451,0.42511971661704895,0.9565118889533362,0.9510109015169732,0.9256322805577161,0.9070226225326675,0.46764955214160514,0.37600463940573364,0.8820778083973884,0.4402331011556216,0.9755566163061867,0.9757198335379674
interval5500-6200,2,5,1.0134040220008333,1.00653994227782,1.0,1.0210095623956075,1.0000000000000002,1.1499752029553238,1.0026199070626847,1.0129394113886965,1.0229282926935812,1.1091244729795073,1.0093968826166666,1.0450193914233743,1.0085916809633437,0.8449619768641686,1.010446641048781,1.0506127712038065,1.0082024290316536,0.8671263782840907,1.0,1.0,1.0000000000000002,1.0000000000000002,1.0,1.0000000000000002,1.0,1.0000000000000002,1.0363740974517885,1.1747430617893444,1.0214720741465142,0.5370416272310433,1.0000000000000002,1.0000000000000002,1.0,1.0000000000000002,0.8845685629765462,0.9839983829675928,1.0,1.0,0.9954424768503429,0.9966483047920272,0.9712856367395867,0.9879066209679136,1.0000000000000002,1.0000000000000002,0.9648458166456941,0.9940491933426223,1.053925013285806,0.9750186115635832,0.9883626869466815,0.9439990506107201,0.9823551090154929,0.9998950471261958,0.9961716810032751,1.0069758343349295,0.9996961173107249,0.9986542268040884,1.0107183690063881,0.9867054647487228,0.9893161566192616,1.0236235216397163,1.0141767429333908,0.9371193929506438,0.9155303736218856,1.0314743963210964,0.9078998338991566,0.904788855403596,1.0212986070783576,0.9470347393273515,0.942246040900924,1.017276376756921,0.9207835043552107,0.903101600450187,1.2270716242797421,0.05253005507324836,0.0,1.01808489509078,0.9246275500601949,0.9101143110335261,1.0182903480608183,0.9310844656632503,0.9182085318267446,1.02722585720913,0.8268222353563254,0.8044398693240163,1.0138891875875922,0.9384623336799592,0.922101944307617,1.0551909239938841,0.8713817927784994,0.8765715226836042,1.0248567333257959,0.9352196842580439,0.9270705049473101,0.994448264063728,1.004964351006801,0.9828156774747044,1.1240334430489909,0.9748344514063976,1.0130810791244798,1.0051159343336717,1.043149120332077,0.9238022061706469,1.0456599584738782,1.0,1.0,1.005318150668474,1.014965868740213,1.008265315888821,1.074481294352346,1.1091068773152635,1.2415863485307432,0.987924695633385,1.0284127082162602,0.9169085449585,1.0516318863270855,0.9847481870164976,1.0124417081966106,0.7098845622924373,0.647948897854387,0.7289477170723491,0.6705412788685029,0.9922421713989138,0.9907545381546666,0.9489593944007678,0.9372224557928448,0.712356392884921,0.6508885374581088,0.832291019525594,0.7853369340786428,0.9953929357899746,0.9751590714112757
interval775-1000,1,,0.0,0.0,1.663622631622182,0.003682330425347497,0.0,0.0,0.0,0.0,0.0,0.0,0.0,0.0,0.0,0.21786386955553175,0.0,2.299198783158469,0.05263937324828406,0.27431951834396473,0.0,0.0,0.0,0.0,7.3807611486747,2.8508435033600144,0.8842350738598146,0.2608623726937179,0.0,0.0,0.0,0.0,0.0,0.0,0.0,0.0,0.9299847247744072,0.0,0.1280480636422945,18.961693011177942,0.0,0.0,0.0,0.0,0.0,10.144850519486008,0.0,0.0,0.0,0.20621715683197983,0.0,2.9394962406994627,0.0,0.0,0.0,0.0,0.5873880896734154,0.0,1.5207030266769976,0.0,0.0,0.0,0.0,0.0,0.0,0.14080333293421804,0.0,0.18385912310327748,13.614520745586779,2.2136517504359445,1.931627327634868,0.0,0.2279797666460452,0.023850256005207546,0.0,0.07060421768502015,0.0,0.0,0.0,0.0,0.0,0.0,0.0,0.0,0.0,0.0,0.0,0.0,0.0,1.8395194127478673,0.0,0.0,0.0,1.7466517869144627,0.0,7.515564163129324,5.718605707990085,0.3623046093654843,0.0,0.0,0.0,0.0,0.5651752730580695,0.0,0.0,0.4174284291815366,0.0,0.0,0.0,0.1666194927420526,0.0,0.0,0.0,0.1365620294947129,1.8796975925224793,0.0,0.0,4.7629981040506895,0.0,1.3210357983236791,1.0136945066692584,0.0,0.0,2.169321644589738,1.4673406590654787,0.0,0.0,0.0,0.0,0.0,0.0,2.907051185614203,0.0
interval775-1000,1,-2,1.0,1.0000000000000002,1.9474457153273905,1.3641741718934248,0.6539650051183903,1.167531791985329,0.5077845281619043,0.0,1.0,1.0,0.0,0.0,0.0,0.32111610099476834,1.6469639696216671,2.1031552056311034,0.03982366713831877,0.3223703622802561,0.22303733171625492,0.0,0.0,0.0,4.37480473449368,3.029798544249364,0.9034612264518197,0.206517624784863,0.38657246233232306,0.0,0.0,0.0,0.0,0.0,0.0,0.0,0.8716770761123112,0.0,0.821049910545276,10.77244485717498,0.009821117938777522,0.0,1.0,1.0000000000000002,0.007753053577802953,9.579035195135708,0.0,0.0,0.0,0.2196837985231568,0.0,3.2593017840816616,2.9018647635769765,1.0,1.0,1.0,0.629738222415247,0.5289888154360599,1.585230259750185,1.0,1.0,1.0000000000000002,1.0,1.0000000000000002,1.0,0.0,0.0,0.2093805901909303,7.902940799468722,2.2033708477354983,1.9370594013457356,0.13771722134325562,0.23174444854535076,0.010161156195413305,0.0,0.07168426846185995,0.0,1.0000000000000002,1.0,1.0,0.10453521722876825,0.0,0.0,0.0,0.0,0.0,1.0000000000000002,1.0000000000000002,1.0,2.7993746246357123,0.0,0.0,3.3666731749682755,1.7549743158373288,0.0,4.063004402829591,2.4149684234861177,1.390018854127993,0.3742218231755085,1.0000000000000002,1.0000000000000002,0.0007408957549327963,0.4420160767526855,1.0,1.0,0.5033401067350154,0.0,0.0,0.0,0.23038548243788942,0.8736432488749266,0.0,0.0,0.20369758082088682,2.1839544643159834,0.0,0.0,3.262391116598026,4.262540060987916,1.327229837730174,1.0168325630901907,0.0,0.0,1.824195026793813,1.4118439257679123,0.0,0.0,0.0,0.0,0.0,0.0,1.8133116790295083,0.0
interval775-1000,1,-1,1.0,1.0,1.988022295329273,1.176896960205646,1.2640706678995135,1.1396835346700578,1.0382735908562801,0.7681624811456504,1.0,1.0000000000000002,0.8611282909969801,0.036800573054566535,0.0,0.6572962933057559,1.8391996413463763,2.119738386674786,0.15773889090898197,0.4845415135131006,1.1896168947887718,0.5381822984924459,0.0,0.0,2.243936608843489,2.486173638852501,0.7704703389407573,0.0025520669679261953,0.8678136158025499,0.0,0.0,0.0,0.6969502819240969,0.0,0.05369215014382494,0.0,1.142873252620858,1.1525150673097964,1.401794614278869,3.375286972075293,0.06310327212083426,0.0,1.0,1.0000000000000002,0.4773150837590192,3.908857121000872,0.0,0.0,0.14693267178421804,0.23071340966788786,0.08072051231019965,3.183242953125012,2.5275066607259533,1.0,1.0000000000000002,1.0000000000000002,0.64529446939931,2.001085781699875,1.506018059032841,1.0,1.0,1.0,1.0000000000000002,1.0000000000000002,1.0000000000000002,0.3762019687328622,0.0,0.2395570238349011,2.9649115704085665,2.1358845826585204,1.611973889161933,1.1033909693795905,0.27290389680726224,0.008961335553073118,0.9121561053361706,0.08033346570168451,0.0,1.0,1.0000000000000002,1.0000000000000002,1.472819756433023,0.0,0.0,1.4695075517455878,0.0,0.0,1.0,1.0,1.0,2.858756072354081,0.07871653545774561,0.0,1.8730386626232172,1.5671220202119558,0.740906036510249,1.6456700727861064,1.1459088350537865,2.0116797702107463,0.6894291280958958,1.0,0.9999999999999998,0.3476960469764153,0.32653536187050564,1.0000000000000002,1.0,0.31087506017051425,0.46481392886574197,0.0,0.48657628332976577,0.1867600905286407,1.4521665957400012,0.22805454171421286,1.2628708107586692,0.5183699593986907,1.4564397279199401,0.2099891949401681,1.0586743404010106,1.5393636426165358,1.9512678695277834,1.312742966417126,1.0219330549000796,0.0,0.0,1.2391693386621045,1.2293087480431522,0.07282147662019195,0.0,0.0,0.0,0.0,0.0,1.2302059285445672,0.4920266905267651
interval775-1000,1,0,1.0,1.0,1.4798477745155663,1.0869891232719584,1.2191005067017597,1.0791548039466705,1.0680184189530146,1.0203053724987432,1.0,1.0,1.0432485153422542,0.8769892950093577,0.45170611862516474,0.8360179719646211,1.4672348611797263,1.584578364578942,0.3838653934399306,0.35694407293780717,1.239565166558291,1.1345192172639724,0.0,0.0,1.5195994888361504,1.597275947445874,0.4279579984336138,0.0,1.0646823089995132,0.8094285712306134,0.19951495580183617,0.0,1.100847599282496,0.7141950448335955,0.10169436412390206,0.043336631010055235,1.1159686088862504,1.065171092562111,1.1678992788460314,1.3356610785873781,0.21472389395259958,0.8038371673084619,1.0,1.0,0.9428217227851415,1.451180743917967,0.1745937823770241,0.4889382733505261,0.9111378206890789,0.23113205201847,0.24664543515788429,1.6812652455773416,1.2474449175754583,1.0,1.0,1.0,0.7582445061296723,1.270198909657861,1.1342286184141814,1.0,1.0,1.0,1.0,1.0,1.0,0.8673918180050486,0.1861842670932163,0.2584602017012383,1.5790971656567627,1.184544866775817,1.0379073571987472,1.0629081134744462,0.45935763695495635,0.1302616935365287,1.3149181026697285,0.10984804671254991,0.0,1.0,0.9999999999999999,0.9999999999999999,1.3595364551173932,0.25173100355026595,0.0,1.653416237005747,0.12749133763643056,0.08610248921596841,1.0,0.9999999999999999,1.0,1.8476005042983032,0.4238751290067536,0.2669123084606625,1.2909898854900468,1.0373104280089822,0.9115712613957232,1.1175890056833904,1.0373370505382478,1.4499840789359364,0.9204894009191339,1.0,1.0,0.3460065117187515,0.43748223410703113,1.0,1.0,0.3807935284630451,0.8406628328791029,0.018005984808947627,1.3302384660771998,0.2530540847999493,1.1225635849976559,0.7530717782724237,1.1378996067868492,0.8423101006074831,1.140601259838797,0.807079338227976,1.0730292082482902,1.0753621916774123,1.2703781490355543,0.6110852442539108,0.6147535697293127,0.3139757558268913,0.10477223579751413,1.0480523879994181,1.0688109170502693,0.7470719664353715,0.6135798917116864,0.3200388059322708,0.2229078679978494,0.2107890884777774,0.12036267979364483,1.0454818651730695,0.8912725627311359
interval775-1000,1,1,1.0,1.0,1.0892264939600316,1.017107278558224,1.0466251237043294,1.015933109570644,1.0152902747114796,1.0241841140034722,1.0,1.0,1.0134737567034795,1.0121358389759751,0.7390467730867833,0.7136161015138175,1.0913270577880103,1.1738252038342831,0.32127874964484326,0.13466197211049846,1.0513354493590044,1.0857480176171286,0.38835156011219285,0.15738872258769684,1.0986722417556452,1.1809909838897676,0.26859554848628375,0.0,1.020298793375944,1.0178523649027031,0.5826767057698838,0.31057664420636294,1.0318355905816088,1.0285866335899578,0.43874997265380267,0.0,1.0057120568235256,0.9998019319841447,1.0009968530901994,1.0195142499562742,0.6778828985398735,0.9078707506417072,1.0,1.0,0.993292792359173,1.0343671998883228,0.7169981551606807,0.8963123696362234,1.0181499396793083,0.26079426983858417,0.442186721486406,1.0726939411266905,1.0135761994794283,0.9999999999999999,1.0000000000000002,1.0,0.8790814794953233,0.9434195235127502,1.0622717751944983,1.0,1.0000000000000002,1.0,0.9999999999999999,0.9999999999999999,0.9999999999999999,1.0200406945717555,0.5537891192958939,0.37614414788927747,1.1195863066161238,0.6421554176826697,0.4647771243380702,1.0304058047026272,0.5702948287067633,0.3007929413164506,1.0979008824005803,0.05970145071776654,0.0,1.0,1.0,0.9999999999999999,1.0787856695318438,0.4704647188456246,0.22047297642519872,1.1458321203031145,0.37755682920772987,0.26769052821791345,1.0,0.9999999999999999,0.9999999999999999,1.1713178038437166,0.514013574396082,0.4044702302715646,1.057486378212425,0.837294583237671,0.7634141896128938,1.0124969252265077,1.012370107975242,0.879537293435411,1.0433252812723146,1.0,1.0,0.4989266713195369,0.9098254293974444,0.9999999999999999,1.0,0.6726354286977051,1.002216442452381,0.08188376561133212,1.1112844445438264,0.4702100010455919,1.047080602321716,0.8045815028269709,1.0358578366213465,0.8815357348289158,1.0281396322995977,0.873195363973059,1.0196873915813796,0.8487013086369775,1.0588313310000843,0.5411694975013851,0.40235244361787864,0.5692879726480524,0.4256323555103883,0.9989449643390443,0.9985234606872248,0.9023258260200832,0.8632173109829664,0.48745593239649754,0.33136000248123554,0.6098019994944619,0.4325913475535629,0.9965951945256697,0.9469830028191455
interval775-1000,1,2,1.0,1.0,1.0057154924432905,1.0009415087064317,1.002458300671855,1.0008362267072697,1.000758391287061,1.0033479186840326,1.0,1.0,1.000345882230328,1.0023232875549102,0.9084632145720952,0.7477626086870728,1.0054009711313716,1.0219082563719475,0.6824727754865686,0.0,1.0025008265616873,1.011525657586332,0.7595320316259055,0.375916637990545,1.0058300927675252,1.0229130910560722,0.6609012950629767,0.0,1.0004566083452169,1.0035191720543333,0.8564403581186897,0.5612561424262776,1.0009001020584292,1.0054890983844091,0.7971241752102851,0.2240269114482373,0.9997984334137688,0.9985490949591992,0.9947375893443169,0.9969918107436714,0.9413432952564893,0.972987649468349,1.0,1.0,0.9980651822040298,1.000616858788188,0.961005106904847,0.9822598815555179,1.0016101573713119,0.5197330082067784,0.7955558061637343,1.00152617412326,0.9964539356329482,1.0,1.0,1.0,0.9736321765711384,0.9780234758253663,1.0060796997595793,1.0,1.0,1.0,1.0,1.0,1.0000000000000002,0.9788921695742521,0.7810319050976388,0.669288435392972,0.9667072502463643,0.7267127275159697,0.5803755136289375,0.9854244590908653,0.7455744745001626,0.6005217441575286,0.9603651828704266,0.246941375387627,0.0,1.0,1.0,1.0000000000000002,0.9795292399355339,0.687756528006487,0.526546437655341,0.9504283179953368,0.6235827901345502,0.4575207085839352,1.0,1.0000000000000002,0.9999999999999998,0.9681498532600066,0.6971662011138451,0.564680724896239,0.9841035178028426,0.8806498323193492,0.8177584704094111,0.9928952242506459,1.0017587937225065,0.8180769531908081,1.0112353355133472,1.0000000000000002,1.0,0.7223734896790746,0.9975825739481046,1.0,1.0,0.8625596239572992,0.9861652721569031,0.24327988806513862,0.9321852623398141,0.7076563475796925,0.9811810596961575,0.8717684124783023,0.9837750154234686,0.9205139350647215,0.9895196880394224,0.9041835995641355,0.9903974977108323,0.8668205945887352,0.9812814442969477,0.8059344159906315,0.6419875098321867,0.8261637905968978,0.6813869194585921,0.9975238353651132,0.9945255633539325,0.9633717125635554,0.9330433434741598,0.7925348962578802,0.6211702349904784,0.6939491464598266,0.6322990950086385,0.9941940186475552,0.9550182039098494
interval775-1000,1,3,1.0000000000000004,1.0000000000000002,1.0000415542374326,0.9999670772116851,0.9998833421223167,0.999959303397633,0.9999488210142063,1.0002892347035874,1.0000000000000002,1.0000000000000004,0.9998721102581438,1.0001710093430924,0.9859266033870138,0.8859337809619022,0.9999252183256302,1.001986767500518,0.9492097161514209,0.4475686579499201,0.9998297590990787,1.0010106357241315,0.9625775175359047,0.7135019899183482,0.9999200342886886,1.0020643136906138,0.9458479188081552,0.4067759516071093,0.9997921802504628,1.0002538858101016,0.9780843263370299,0.8213490865303434,0.9997176070007259,1.000405829938427,0.9687983402857285,0.6707375135709304,0.9999222332669947,0.9997355458595115,0.9989806940150789,0.9991613710785852,0.9926913448102197,0.9956218929339248,1.0000000000000004,1.0000000000000004,0.9996855609254003,0.9998108407889047,0.9957824420228563,0.997705912204909,0.9996285799293105,0.8980222333955419,0.9640231258864688,0.9994042302601697,0.9990539554619173,1.0000000000000002,1.0000000000000002,1.0000000000000002,0.9966252398981656,0.9964726032178245,0.9998512312993093,1.0000000000000002,1.0000000000000002,1.0000000000000002,1.0000000000000004,1.0000000000000002,1.0000000000000002,0.9845886623680089,0.9475651500763858,0.9033437390391491,0.9769704347843633,0.9314876897631212,0.8674554177799499,0.9896610693049074,0.9375293046791937,0.8800482481352457,0.9738923769846132,0.8024554556939609,0.6239326041857095,1.0000000000000002,1.0000000000000002,1.0000000000000002,0.98683699681832,0.9242487725405774,0.8534520261226701,0.9704834412239985,0.909263488749278,0.8283164155950078,1.0000000000000002,1.0000000000000004,1.0000000000000002,0.9777285959346491,0.9266154017118662,0.8623323482376749,0.9894071541236923,0.9703294300635437,0.942412649414325,0.997152167694137,1.00015181022984,0.9420592512358681,1.000712677363408,1.0000000000000002,1.0000000000000002,0.9228982134041963,0.9992451755728378,1.0000000000000002,1.0000000000000002,0.9647627561326872,0.990205875452286,0.7684700275851832,0.9612611914784767,0.9185285516003837,0.9861707592458251,0.96301140667457,0.9890626226952515,0.9767225598408705,0.9931059218092144,0.9712538995668334,0.9938240184491064,0.9598701981449534,0.9869582637649222,0.9444520376071379,0.8875892226564576,0.9490133337731358,0.897944082810889,0.9993161525296306,0.9983837181372324,0.9889496205266876,0.9780514834786034,0.9404080698683442,0.8804855929356412,0.8509081600834163,0.8463183961597477,0.9979597145013843,0.9781593800649486
interval775-1000,1,4,1.0,1.0000000000000002,0.9999828339300545,0.999991604147207,0.9999741414817527,0.9999909738250952,0.9999897847949458,1.0000265215281063,1.0,1.0000000000000002,0.9999808464505109,1.000013939592758,0.9984688576602477,0.9809105268110755,0.9999678144578492,1.0001877844094824,0.9944191096278382,0.9049620109868891,0.99996662160298,1.0000936218102663,0.9959290982368237,0.9518145268660789,0.9999654156752424,1.0001944026713625,0.9940515678905971,0.8984992258841029,0.9999693396596648,1.0000203513893742,0.9976201042317944,0.9706667586614806,0.9999569447120514,1.0000331607797024,0.9965967191354127,0.9455404567867175,0.9999896715294269,0.9999694760808295,0.9998825646525612,0.9998992141586843,0.9992300351657795,0.9995136960178453,1.0,1.0,0.9999638188135629,0.9999725232614635,0.9995682275789037,0.9997533341313165,0.9999245720780777,0.9884581263920343,0.9959473554515472,0.9999170418690243,0.9998859197981494,1.0,1.0000000000000002,1.0,0.9996420220994332,0.9996065531862569,0.9999315164205934,1.0,1.0,1.0,1.0,1.0000000000000002,1.0000000000000002,0.9972798885319952,0.9938101869141862,0.987540647961128,0.9960333719769381,0.9918772754779517,0.9827988676676583,0.998202180921891,0.9926069217359363,0.9844876717281718,0.995530339286457,0.9764451723748624,0.9506232660796813,1.0,1.0000000000000002,1.0,0.9977749862139157,0.9910533157368374,0.9810047134551462,0.9950319652375769,0.989294876912593,0.9777346921392893,1.0000000000000002,1.0,1.0,0.9962045519712409,0.9913367305659896,0.9821386105223067,0.9981865044930965,0.996486036658378,0.9925281745630721,0.9996277085527205,1.0000133548333188,0.9925800780637968,1.0000398179444538,1.0,1.0,0.9902690410042168,0.999884898267808,1.0,1.0,0.9955965327652389,0.9982721674486855,0.9705427940128304,0.993487600387895,0.9897196413611254,0.9975897022253253,0.9953125338303895,0.9981069643263036,0.9970452043232453,0.998814114425304,0.9963405631878115,0.9989394383672485,0.9948893304637814,0.9977432158959303,0.9914503398528671,0.9827820641704871,0.9920802490321434,0.9842418530232036,0.9998988571953246,0.9997625453424427,0.9982648504865242,0.9965770543960951,0.990805147830185,0.9816431431789425,0.9746495600459552,0.9746222226655203,0.9996812423711162,0.9962914214674532
interval775-1000,1,5,1.0,1.0,0.9999979636130251,0.9999990844166216,0.9999972050003952,0.9999990238550556,0.9999989023539925,1.000002618794377,1.0,1.0,0.9999979911212761,1.000001350275823,0.9998452097090026,0.9979512878687335,0.9999964116182779,1.0000186268069133,0.9994349060118721,0.9897707334058897,0.9999964211430012,1.0000092590493515,0.9995884900005014,0.9948258368013501,0.9999961443363102,1.0000192730257307,0.9993977177542058,0.9890812488660019,0.9999967889898494,1.000001965584894,0.999759466037897,0.9968582892555257,0.9999954744297775,1.0000032133069081,0.999655746609098,0.9941625816436754,0.9999989269759506,0.9999968894122298,0.9999880587051738,0.9999897047137005,0.9999225136555014,0.9999507595713872,1.0000000000000002,1.0,0.9999963116738673,0.9999971340880757,0.9999566733617844,0.9999750891999295,0.9999917834411693,0.9988300965119955,0.9995890478411424,0.9999914098385814,0.9999883410345788,1.0000000000000002,1.0,1.0000000000000002,0.9999639291520008,0.9999601182822736,0.9999922104261431,1.0000000000000002,1.0000000000000002,1.0000000000000002,1.0,1.0000000000000002,0.9999999999999998,0.9997065753231053,0.9993694131215048,0.9987165464051508,0.999573231749008,0.9991721316972346,0.9982269155087394,0.9998064020614925,0.9992466420713458,0.998401577900537,0.9995195148136776,0.9975979306515832,0.9949042069985917,1.0,1.0,1.0,0.9997611337652895,0.9990885220183737,0.9980422482401526,0.9994667975407806,0.9989094862703801,0.9977050750157825,1.0000000000000002,1.0,1.0,0.9995921469565593,0.9991174334767562,0.9981589092305805,0.9998050094747017,0.9996418955691928,0.9992298224823131,0.9999616073339251,1.0000013050373193,0.9992363905382503,1.0000034557910253,1.0,1.0,0.9990000253237028,0.999987824883669,1.0,1.0,0.9995479513521148,0.9998136211815948,0.996970675468106,0.9993012147761977,0.9989436272284834,0.9997403904298137,0.9995181071452499,0.9997962151285253,0.9996961841101547,0.999872423368978,0.9996236254282516,0.9998859338346234,0.9994743335099842,0.9997570661070643,0.9990906674620337,0.9981705298837986,0.9991567643287168,0.9983240310813657,0.9999892958737924,0.9999749007620817,0.9998150225237521,0.9996355206644634,0.9990217536823608,0.9980488571570604,0.9972747171926348,0.9972802619581254,0.9999660530178031,0.9996013736153084
interval775-1000,2,,0.0,0.0,1.9200989528694434,1.6018295552374258,0.0,0.0,0.0,0.0,0.0,0.0,0.0,0.0,0.0,0.4261508573890051,0.0,1.6726574093951017,0.05211739659565947,0.28144694606002196,0.0,0.0,0.0,0.0,6.765511614351369,3.6139393400737005,0.8897369428718425,0.2204256546082879,0.0,0.0,0.0,0.0,0.0,0.0,0.0,0.0,0.8213903469533829,0.0,0.0,22.484087490565916,0.0,0.0,0.0,0.0,0.0,10.729640702799799,0.0,0.0,0.0,0.2814447162521342,0.0,3.1610178641808586,0.0,0.0,0.0,0.0,0.9729624716467808,0.0,1.8204951039604746,0.0,0.0,0.0,0.0,0.0,0.0,0.04833872317320183,0.0,0.13506014962824558,12.561663561747428,2.1827452136003926,2.002540270628539,0.0,0.2347778881714898,0.046803084944022036,0.0,0.07438825283679207,0.0,0.0,0.0,0.0,0.0,0.0,0.0,0.0,0.0,0.0,0.0,0.0,0.0,1.7466693705464376,0.0,0.0,0.0,1.8633648121143278,0.0,7.732368338983318,5.4361878508626775,0.3102122041908135,0.0,0.0,0.0,0.0,0.5463804092325528,0.0,0.0,0.40294647609736206,0.0,0.0,0.0,0.1803724034009516,0.0,0.0,0.0,0.0,7.289984855939949,0.0,0.0,4.992836881280473,0.0,1.3230854295294152,1.039027405426872,0.0,0.0,1.9559828146740421,1.4047802303878665,0.0,0.0,0.0,0.0,0.0,0.0,1.983406365470679,0.0
interval775-1000,2,-2,1.0,1.0000000000000002,1.9256702415692746,1.6184270046095421,0.0,0.0,0.0,0.0,1.0,1.0000000000000002,0.0,0.0,0.0,0.4256761444038658,0.0,1.6720423324683502,0.05206734587514326,0.2817247889999068,0.0,0.0,0.0,0.0,6.757372978477229,3.6145519301007965,0.8898304466569693,0.22034106522458133,0.0,0.0,0.0,0.0,0.0,0.0,0.0,0.0,0.8209397616222984,0.0,0.0,22.45877227135032,0.0,0.0,1.0,1.0,0.0,10.733170912936227,0.0,0.0,0.0,0.2815283741032417,0.0,3.163334604151298,0.0,1.0000000000000002,1.0,1.0,0.9732401583651288,0.0,1.8208908672926243,1.0000000000000002,1.0000000000000002,1.0000000000000002,1.0,1.0,1.0,0.04945429586640561,0.0,0.1352160826328166,12.562059797649011,2.182713279188228,2.002598456752925,0.0,0.2347888497827296,0.04671658179961261,0.0,0.07439179846813565,0.0,1.0,1.0,1.0,0.0,0.0,0.0,0.0,0.0,0.0,1.0,1.0,1.0,1.750997431492517,0.0,0.0,0.0,1.8633977007496456,0.0,7.715586474250272,5.428109733231892,0.3151623275107479,0.0,1.0000000000000002,1.0000000000000002,0.0,0.5467151419436227,1.0000000000000002,1.0,0.40329800606178917,0.0,0.0,0.0,0.18075117773220173,0.0,0.0,0.0,0.0,7.264339851717219,0.0,0.0,4.985727603798422,0.0,1.3230838100884044,1.0390314790921302,0.0,0.0,1.9560093107671126,1.404829824093045,0.0,0.0,0.0,0.0,0.0,0.0,1.9835515329882978,0.0
interval775-1000,2,-1,0.9999999999999998,1.0,1.9736645601421439,1.7251617498673284,0.0,0.0,0.0,0.0,1.0,1.0000000000000002,0.0,0.0,0.0,0.4216169153575511,0.0,1.6671961533171193,0.051699845347501154,0.2841729167978631,0.0,0.0,0.0,0.0,6.693713000479405,3.619426810326435,0.8905880217283764,0.21956381510726533,0.0,0.0,0.0,0.0,0.0,0.0,0.0,0.0,0.8171023386593803,0.0,0.0,22.234219503726912,0.0,0.0,1.0,1.0000000000000002,0.0,10.763765666252219,0.0,0.0,0.0,0.28227110051261123,0.0,3.183848026948338,0.0,1.0,1.0,1.0,0.975726916972926,0.0,1.824515108689769,1.0000000000000002,1.0,1.0,1.0000000000000002,1.0,1.0,0.059289232863636784,0.0,0.13658267946181094,12.56250577527717,2.18243971782068,2.0031233512447684,0.0,0.23488545974295488,0.04595230210555079,0.0,0.07442296333314112,0.0,1.0000000000000002,1.0000000000000002,1.0000000000000002,0.0,0.0,0.0,0.0,0.0,0.0,1.0,1.0,1.0,1.7893698018513116,0.0,0.0,0.0,1.8636706099785776,0.0,7.568194465872408,5.35650042049801,0.3586511404140333,0.0,1.0,1.0,0.0,0.5497119190268597,1.0,1.0,0.4063955834389655,0.0,0.0,0.0,0.18407484677307664,0.0,0.0,0.0,0.0,7.0488418642773,0.0,0.0,4.92325471482605,0.0,1.3230728617759135,1.0390698181718725,0.0,0.0,1.9561194358684253,1.4051943536298106,0.0,0.0,0.0,0.0,0.0,0.0,1.9837018641805029,0.0
interval775-1000,2,0,1.0,1.0,2.0922043526219207,1.762028170015051,0.0,0.8508769446407028,0.0,0.0,1.0,1.0,0.0,0.0,0.0,0.408218109718629,0.547702992877899,1.6171202491589898,0.04719600685871869,0.2987759328691606,0.0,0.0,0.0,0.0,5.894934466604903,3.6688584213601296,0.8990145513369007,0.20805897620571107,0.0,0.0,0.0,0.0,0.0,0.0,0.0,0.0,0.7799257416924356,0.0,0.0,19.16917124075542,0.0,0.0,1.0,1.0,0.0,11.07360362451229,0.0,0.0,0.0,0.28785938652750515,0.0,3.2793471762850923,1.4574193522323866,1.0,1.0,1.0,1.0066259628874268,0.0,1.8171621567780707,1.0,1.0,1.0,1.0,1.0,1.0,0.0,0.0,0.1480870759786426,9.297155381677415,2.1815455074822796,2.00409582754757,0.0,0.235605507768092,0.04102830417501136,0.0,0.0746673481546041,0.0,1.0,1.0,1.0,0.0,0.0,0.0,0.0,0.0,0.0,1.0,1.0,1.0,2.0261065279067547,0.0,0.0,2.71584445663019,1.8626855088513576,0.0,6.369739691348562,4.8449644657127395,0.715316991232858,0.0,1.0,1.0,0.0,0.5700021621319888,1.0,1.0,0.4328805384738492,0.0,0.0,0.0,0.2072681555880687,0.011874329153521757,0.0,0.0,0.03270500891104826,5.324046885012355,0.0,0.0,4.4022106339793075,4.1315791228569605,1.3233661632482856,1.0387229644697857,0.0,0.0,1.9519384413875043,1.4050291969485538,0.0,0.0,0.0,0.0,0.0,0.0,1.9452550098147268,0.0
interval775-1000,2,1,1.0,0.9999999999999999,2.099435052767065,1.300973631356858,1.0411941917924448,1.18834188661101,0.8538216101426576,0.0,0.9999999999999999,1.0000000000000002,0.4278334862786868,0.0,0.0,0.5403642119385347,1.811928733222986,1.7753494838345778,0.07100979783177828,0.38827550031305824,0.8723186208610493,0.0,0.0,0.0,3.062136949982907,3.5190624869227163,0.8805977047622732,0.10784962552600609,0.6917406067665148,0.0,0.0,0.0,0.0,0.0,0.0,0.0,0.8350256683587521,0.9207250765238133,0.9307968114868388,7.96585801351321,0.0,0.0,1.0,1.0,0.14313833221364625,7.923009932310093,0.0,0.0,0.0,0.3086809675651418,0.0,3.6757771924633262,4.757081115796632,1.0,1.0000000000000002,0.9999999999999999,1.0756587909127777,1.2164079225400382,1.9029675600526805,1.0,1.0,1.0,0.9999999999999999,1.0,0.9999999999999999,0.0,0.0,0.19216042912687784,5.7696359282330185,2.19092963300302,1.8280930622900817,0.6109958921728657,0.23909830043318747,0.037164464426024224,0.4165639245354037,0.07553509698607194,0.0,1.0,0.9999999999999999,1.0,1.0001651217776766,0.0,0.0,0.13936356626487773,0.0,0.0,1.0,0.9999999999999999,1.0,3.3046719168989362,0.0,0.025851005247813884,2.9479113367833634,1.8268101569325246,0.3151268896513292,2.852076310909879,1.661290345923469,1.7930604343070657,0.48509030496033784,1.0,1.0,0.17349780992910108,0.3824475928685366,0.9999999999999999,1.0,0.4144077404956405,0.16349355482158323,0.0,0.11534506410334018,0.23379026165313332,1.4153708859300838,0.0,0.013268724834809969,0.20607039375813488,2.587486314515867,0.0,0.7431489004584652,2.5936159105502363,3.2660656526272653,1.3278754708650558,1.0459104131157535,0.0,0.0,1.7375403315031595,1.322832290394698,0.0,0.0,0.0,0.0,0.08849946382204694,0.0,1.375709336944467,0.0
interval775-1000,2,2,1.0,1.0,1.7427882112240192,1.1360431298455573,1.2707518299692175,1.1158465799947237,1.0665352003546056,0.8949735073962268,1.0000000000000002,1.0000000000000002,0.9952392905895031,0.5076243413146748,0.19050286683963544,0.8282983659411723,1.6653725274768698,1.965194476606057,0.30047337233125104,0.4722176583876929,1.2622207129428957,0.8757533026141219,0.0,0.0,1.8531531824772198,2.4143920780807746,0.6084602456699498,0.0,1.0009836517697086,0.32899852230217874,0.0,0.0,0.9789632180207251,0.0,0.0754497660759464,0.0,1.2086336387747068,1.233075205050212,1.3175306081783178,2.3089237047534645,0.06721800475313235,0.6544679443924493,1.0,1.0,0.7788306930387008,2.5612084261922705,0.0,0.0,0.8064943517252104,0.3200493548678485,0.12556225992398864,2.8890013430375374,1.9995992188573888,1.0,1.0,0.9999999999999998,1.1582327639883196,1.979494429041479,1.341696067539088,1.0,1.0,0.9999999999999998,1.0,1.0,1.0000000000000002,0.46983854978779943,0.04128630890336554,0.20557587887718398,2.2125008459724067,1.9133757469077646,1.4463479497755833,1.0812484258519708,0.33082278996353087,0.06315676329286306,1.3679554888564902,0.09442933105210795,0.0,1.0,1.0000000000000002,1.0000000000000002,1.4879007586396034,0.037515993295150145,0.0,1.5187811760209795,0.0,0.0,1.0000000000000002,0.9999999999999998,1.0,2.533037597680931,0.24869515097832334,0.12284018611218044,1.5942340132134052,1.3693385309486226,0.935920493423218,1.3296421092228843,1.0834336540680678,1.8944027936691687,0.7531094210945518,1.0,1.0,0.33090914140329714,0.3166221893293941,1.0,0.9999999999999998,0.31247365600816607,0.5909416602060834,0.0,1.021942630722825,0.2102866823399307,1.2616520853782955,0.47950002450039525,1.1699143729577723,0.637213574459993,1.3663929508626622,0.42742416836523883,1.0811233584233564,1.3713808165069121,1.5660455357092118,1.317901895147705,1.0169707094267995,0.0,0.0,1.257549121915246,1.1594856315458952,0.05814219966061432,0.0,0.0,0.03256559015386921,0.0,0.0,1.152075451203922,0.5920011563029866
interval775-1000,2,3,1.0000000000000002,1.0000000000000002,1.2443914205888802,1.0454100306050875,1.1162146094525698,1.0416489810661593,1.0365708392037163,1.050505233271211,1.0000000000000002,1.0000000000000004,1.0278835040583365,0.986902981912333,0.6332721084819883,0.8509936910950281,1.2401520635683592,1.530348075798918,0.32943051472299495,0.31144527231207747,1.1273263040405508,1.2073075383218521,0.22396643318333367,0.0,1.2663407205088757,1.5869064244290563,0.2839889609235596,0.0,1.0389893411617663,0.9592419727499106,0.4091357479362357,0.06967252139737126,1.0626822106155422,0.952479446973723,0.2515803873895104,0.0704237095635531,1.0322163815059044,1.0272399769780498,1.0493184425544069,1.147988714147716,0.4253802285692297,0.9017164476705264,1.0000000000000002,1.0000000000000002,1.0073640528893553,1.1875781463795443,0.4772808227104236,0.7742074537415865,1.0360982135207721,0.321144673068864,0.3627904275320011,1.3517655513400206,1.1157427776099782,1.0000000000000004,1.0000000000000002,1.0000000000000002,1.1849602666689703,1.0912669072960233,1.1523968979712444,1.0000000000000002,1.0000000000000002,1.0000000000000002,1.0000000000000002,1.0000000000000002,1.0000000000000002,0.9667433996655933,0.34280620322645294,0.25148646065361685,1.3772303330944855,0.8810709856648838,0.7179385077219438,1.0637288493552317,0.5011016941775193,0.22827306843872602,1.2763638997113833,0.105440222164708,0.0,1.0000000000000002,1.0000000000000002,1.0000000000000002,1.251752629770251,0.320968160919231,0.06987003491370032,1.4462874155128622,0.23647702814902966,0.21854350488941118,1.0000000000000002,1.0000000000000002,1.0000000000000002,1.5852087642361687,0.48718805384919417,0.39610807941283577,1.1922331860808706,0.9223105950594478,0.8382161123421475,1.0609555476085593,1.0303716146680681,1.2027719008658866,1.0003983024286918,1.0000000000000002,1.0000000000000002,0.41240060390878186,0.6129078213383179,1.0000000000000002,1.0000000000000002,0.4863519976542067,0.9344167855626636,0.03688503304551499,1.3378624136097776,0.35658793925903076,1.102967108340853,0.8040174356928246,1.0941208119824082,0.8675360537061523,1.0998090113830992,0.8646258603019005,1.0561150507531232,0.9810410248751121,1.1776372480140038,0.6105257400240388,0.49057185229704947,0.3767584690620342,0.26851242477798765,1.0562319205775692,1.0374951421323,0.7588257969358531,0.7375385297318132,0.2835190303247204,0.23937822080239,0.32260734900800625,0.2183448593245706,1.0288480886247144,0.9133467314665358
interval775-1000,2,4,1.0000000000000002,1.0,1.0337347357555118,1.0064093794115516,1.0171541699919189,1.0059313327955155,1.0055440663533877,1.0218096402424457,1.0,0.9999999999999999,1.0047511689111417,1.0177612722106772,0.8373851068510986,0.7188360821368505,1.0339919372592015,1.138766684430632,0.47428778049854886,0.09316613052509296,1.0186387592142163,1.0751470850908948,0.5852527030552377,0.22991628920949547,1.0370960286073525,1.1497697674553737,0.4365213182112715,0.0,1.006848264280007,1.0252025523756783,0.7424694619698602,0.3786073719461353,1.0109743902899075,1.0399091648956262,0.6405283925649141,0.007678916483293293,1.0013344356196854,1.0005969915359343,0.993709921101762,1.0064137842337717,0.8564205530729926,0.9570567392627661,1.0000000000000002,1.0000000000000002,1.0007167127367114,1.0150907754048257,0.9035280523208666,0.9641115473448689,1.0148620185630526,0.37088527768580576,0.6661619974363278,1.0274349278216044,1.003472773645458,1.0000000000000002,1.0000000000000002,1.0000000000000002,1.0439003412898626,0.9814316291043088,1.0347940212075253,1.0,1.0,1.0000000000000002,1.0,0.9999999999999999,1.0,1.0034109580305601,0.6636507558911628,0.4627337049660624,1.030218417900438,0.6384726069088417,0.45888323945699855,1.0082054089775403,0.6341492843815532,0.40266131948920214,1.0227910602967039,0.06449306457572113,0.0,1.0000000000000002,1.0,1.0000000000000002,1.0188896003041772,0.5341160241662636,0.35130412407999023,1.020259839992055,0.4409329382763288,0.3244711691009693,1.0,1.0,1.0000000000000002,1.0510835142111103,0.5573405324511348,0.45387440872889434,1.0140956456360621,0.8379079325063081,0.7681500801996076,0.9996799705798538,1.0079833565839527,0.8140505574411082,1.0448953815877668,1.0000000000000002,1.0,0.5747244857079337,0.9798611948235534,1.0000000000000002,1.0,0.7521855856848667,0.9974590788199322,0.07989779333716987,1.0081766236411003,0.5581395866361655,1.0137243206631632,0.8216069291559606,1.0066497863326604,0.8905337929876491,1.0066359506582012,0.8744438497998809,1.0031735500323413,0.8361175197340615,1.0142619359038436,0.5250330667917223,0.44412546736770186,0.5718318272492485,0.4992788046579934,0.9979360484577039,0.9941554117126704,0.9061305887852729,0.8908323569428206,0.47549487496420434,0.40019613397996234,0.6476005974916814,0.4921233998560317,0.9945801893920077,0.9500785848647729
interval775-1000,2,5,1.0,1.0,1.0021859404615332,1.0003533666056657,1.0008957723106575,1.0003107354154883,1.0002683130653867,1.0025977334011629,1.0,1.0,1.0001027927671955,1.0022472279250674,0.963833054745542,0.7712805392241341,1.0020158238172752,1.0160060700286198,0.8711386612020983,0.04513215700918896,1.0008956731548426,1.0088681545203377,0.9042211633357247,0.4452820181613616,1.0022111275903078,1.0172211946187986,0.8623561113157923,0.0,1.0001033439139564,1.003250129455094,0.9435770823589975,0.611177307009183,1.0002503968269252,1.0051050313145529,0.91990831923168,0.3058346912217882,0.9999828426018722,0.9997137491460862,0.9977340928534426,0.9987453966351356,0.9799985762340224,0.9895623636091089,1.0,1.0,0.9997798258128061,1.0007501703347141,0.9890706374143141,0.9948860910082917,1.0009277779055457,0.7048772043175076,0.9110745854743223,0.9998178256176581,0.9983673925884913,1.0,1.0,1.0,1.0034139853336836,0.993641045298085,1.002656186533478,1.0,1.0000000000000002,1.0000000000000002,1.0,1.0,1.0,0.9785818837569731,0.8563070202755827,0.7711599968642693,0.9611904430739373,0.8065735881755491,0.6907118046324248,0.9848583698011275,0.8266604333278863,0.7244606220346917,0.9579533637822394,0.4592310066795452,0.1855446497958588,1.0,1.0,1.0000000000000002,0.9760701683565536,0.781070430184177,0.6655118228230251,0.9432539119730763,0.7355743439192092,0.5992387054162871,1.0000000000000002,1.0,1.0000000000000002,0.9590177909281205,0.7850365758888272,0.6775557191346973,0.9814057786346773,0.9151486854477776,0.8653536569774082,0.9926322954354225,1.0009095890851056,0.8493792294694625,1.0059318965861122,1.0000000000000002,1.0000000000000002,0.7943090431753583,0.9993894122435226,1.0000000000000002,1.0,0.9037946651683338,0.986572340164569,0.39562071827630657,0.929452414282438,0.7832950423678143,0.9798922245877679,0.9022558808285724,0.9825284056568558,0.938415423597217,0.9884529523915068,0.9242843931615738,0.9898612708978227,0.8948520590725226,0.9786608868464298,0.7699514668519173,0.7340903425750848,0.7987891278792669,0.7671876167420016,0.9961048359332153,0.9951571340751292,0.9590359543831924,0.9523939224642897,0.7581060114747736,0.7217993007632697,0.7280201433065603,0.6750000195453338,0.9942792645793774,0.9595959222134453
nomask,1,,8.23578405753832,30.571219694386567,0.0,7.583195565072302,0.0,1.0519307178354746,0.0,0.0,0.0,0.0,0.0,7.389175471790052,1.4664781857411675,0.06687408363881729,0.0,1.1796834248999144,0.0,0.0,0.0,0.0,0.0,0.0,9.71780351015108,0.0,0.0,0.0,0.0,3.27696763386274,0.8758937982102466,0.6946065243195341,0.0,0.0,0.0,0.004458170148564389,0.035193124204332314,0.0,0.0,18.688618303057755,0.0,5.5975809359813065,0.0,0.0,0.021090975083160744,2.583443102737116,0.10345467273223215,1.1366160682534836,0.0,0.0,0.050954908205926956,0.17211744244606875,0.0,0.6646199285259011,0.0,57.061570507990474,1.0496842409430043,0.24464342529235306,0.0,0.5316685130630164,0.8334693850420501,0.0,0.0,0.0,0.0,0.0,0.3733041901540897,0.2378975127682672,0.0,0.0,0.0,0.0,0.0,0.0,0.012856593936301584,0.0035279951721347005,0.0031909281008407446,0.0,0.0,0.0,0.0,0.0,0.0,0.0,0.0,0.0,21.152257165943062,1.7601448098527275,1.4274679485439294,2.2386335765908525,1.6186380695951268,1.1579037732041864,14.678551643651236,5.0499479051579135,3.392764087481912,0.0,0.0,0.8074116024489257,1.8494246378652779,0.0,0.0,0.0,0.0,0.20380737952110653,0.5917619354377573,0.17567255385455022,0.0,0.0,0.0,0.7957469917893268,11.148301813665828,2.436553339463764,1.9298524449330514,0.4265015861784759,0.0,0.18298223231813798,0.0,0.0,0.0,1.3409852520586967,0.9753407960230894,0.0,0.04961598604502152,0.0,0.0,0.18334174220416238,0.9648028051615455,0.0,0.0,1.0423379099599381,0.0,0.0,0.0
nomask,1,-2,9.40869704274466,20.478870967121917,0.0,8.043492155213102,0.0,1.3019872920061475,0.0,0.0,0.0,0.0,0.0,7.239614625827099,1.469917553136597,0.03744444746454425,0.0,1.2009203264063693,0.0,0.0,0.0,0.0,0.0,0.0,9.25906075744132,0.0,0.0,0.0,0.0,3.3248229796497886,0.8786009903208128,0.6927691331945763,0.0,0.0,0.0,0.011125590546597718,0.03647182600315284,0.0,0.0,17.66750554882466,0.0,5.712692793718063,0.0,0.0,0.003855182541332208,2.5023999771647905,0.1025156819973131,1.0541524698561593,0.0,0.0,0.0509720605814009,0.17387510286193705,0.0,0.6641574319149914,0.0,48.71736341621015,1.041741847912319,0.4831084241412048,0.0,0.5300148591646943,0.7761543972253134,0.0,0.0,0.0,0.0,0.0,0.3740291720212269,0.23567877057817668,0.0,0.0,0.0,0.0,0.0,0.0,0.012856714246674908,0.003528007006579097,0.003190485682334388,0.0,0.0,0.0,0.0,0.0,0.0,0.0,0.0,0.0,18.3752043915036,1.764555968153336,1.4312654513847363,2.2046532806676815,1.6199778885800444,1.1586371512471385,14.681757660099533,5.04256253822504,3.3957455663354232,0.0,0.0,0.8050732185091235,1.8263116161145552,0.0,0.0,0.0,0.0,0.20077581357839183,1.1365878564668634,0.17890985220453265,0.0,0.0,0.0,0.794972411467471,11.166809293577565,2.435830926301697,2.173257958320268,0.43053375751692563,0.0,0.18386396623209508,0.0,0.0,0.0,1.343351174980145,0.9885958017108045,0.0,0.03560862405297042,0.0,0.0,0.17293008140126503,0.9646046890435787,0.0,0.0,1.0408284193874062,0.0,0.0,0.0
nomask,1,-1,7.1761104832533995,6.391772072363801,0.0,8.654465760221207,0.0,1.7683327637937856,0.0,0.0,0.0,0.0,2.5834356438774035,5.753741473034943,1.4514324571601929,0.0,0.4284393894845108,1.39163224123327,0.0,0.0,0.0,0.0,0.0,0.0,6.8414133601253315,0.0,0.0,0.0,0.0,3.6509974113841053,0.8996667374789329,0.6883452854497006,0.0,0.0,0.0,0.04427831241659715,0.041586425889207114,0.0,0.0,12.272968220983845,0.0,6.220274879751211,0.0,0.0,0.0,2.047125045231035,0.09112822613515319,0.7677863366668706,1.9106690878869488,0.0,0.051059649977631766,0.18854425910382042,0.0,0.6884901945615686,0.0,18.611567204976946,1.0082873960834602,1.6516631869273852,0.0,0.5256933657046876,0.45053385634018744,0.0,0.0,0.0,0.0,0.0,0.3808841052409837,0.22950143862061592,0.0,0.0,0.0,0.0,0.0,0.0,0.012860938603797492,0.003528116906185481,0.0031890102457099324,0.0,0.0,0.0,0.0,0.0,0.0,0.0,0.0,0.0,8.381885806620385,1.7926702469790414,1.432754042751586,2.3500592165756684,1.6319343774124944,1.1652945822578031,11.190373924576953,4.977302736255007,3.40163944566224,0.0,0.0,0.803453090368981,1.8333329598368324,0.0,0.0,0.0,0.0,0.20032514811998428,2.237678137787905,0.20592074023830792,0.0,0.0,0.0,0.7970148149674167,10.627627204484938,2.4334927276115956,2.9943871636217074,0.41170340039314385,3.475421504477886,0.18812497414623072,0.0,0.0,0.01337810264452445,1.3498714800685971,1.0279556858250432,0.0,0.0,0.0,0.0,0.14258837439573235,0.9360485768961465,0.0,0.0,1.0653573900089786,0.0,0.0,0.0
nomask,1,0,2.7236838059317217,1.9687673359527964,0.16479718249497613,6.51534101395308,0.8429509892438273,2.134744267826653,0.3698003248089256,0.0,0.0,0.0,1.8110042081672932,2.872334019068186,1.4302873202180533,0.0,1.22347668522876,1.4086873030853988,0.0,0.0,1.3406887782585275,0.0,0.0,0.0,2.2982672203978525,0.583103605757102,0.0,0.0,2.1791261558517943,4.179259762094556,0.933320420565118,0.7229852264932903,0.7979333557442044,0.25351963798359084,0.0,0.05498422937057511,0.03320883950908481,0.0,1.0668294334435473,4.076482208402628,0.24419845540844123,4.958540250989663,0.0,0.0,0.17194362229556553,1.464855732670925,0.06463663533935905,0.8983919152125492,2.6849201648779073,0.0,0.05144771993857972,0.30779598869450525,0.0,0.9753289264099417,0.0,3.410127850713451,1.127313150559716,2.8728307031660516,0.0,0.5512335863516636,0.41793446451823046,0.9552662284409095,0.0,0.0,0.0,0.0,0.4485760185679752,0.2627616753141246,0.0,0.0,0.0,0.0,0.0,0.0,0.012875438057540574,0.0035295560001258747,0.003192846910015935,0.0,0.0,0.0,0.8687247768374567,0.0,0.0,0.0,0.0,0.0,2.193505201914024,1.951106073289641,1.470083311525274,3.3840940691319026,1.728113671079216,1.211953177905234,4.316317468869112,4.444322501588657,3.2052318348943376,0.0,0.8186283581426451,0.7775809011964855,1.8762347296373534,0.0,0.0,0.0,0.0,0.25787397701531645,2.040059401559854,0.38019802965065885,0.14041692948495327,0.0,0.0,0.797422902793569,8.647726142120836,2.4071992880583903,3.8515799057607145,0.47834928744724414,3.360630974489234,0.190817692825011,2.1692572798847523,0.0,2.3374543910410575,1.1526353558649192,0.9740318801694106,0.0,0.08700325312837888,0.16386716568935875,0.0,0.4220782458771205,0.8168824745755863,0.14496630961453472,0.004810529713198391,1.0556033740898318,0.0,0.0,0.0
nomask,1,1,1.4268673399450031,1.2060552174596142,0.9938489254262513,2.7414919130315596,1.048560061585054,2.3895520903910974,1.0193134133787882,0.8696236600899785,1.4680625953588546,1.12411130151812,1.308459332010369,1.5099159812582759,1.0672600091902509,0.14975387818690808,1.2670393099900594,1.336784602951795,0.0,0.0,1.2790173495589168,0.6195969059992403,0.0,0.0,1.2544392777154951,1.0476820669154192,0.08324724489582719,0.0,2.003582254782811,2.7163072546353932,1.1032567379690106,0.7702585724251066,0.988072228101279,0.9137096336085689,0.38160651888282365,0.0,0.05301197488280372,0.3101354376908807,1.2973419481741122,1.5265975784202297,0.7327471535140858,1.9119004355361062,0.1253027430878505,0.5131841926050527,0.888726263849075,1.1580208290577332,0.23488968135927643,1.1562963660955483,1.9385159009251165,0.0,0.05198441379169318,0.43735955960092704,0.646327617073059,1.0092914443082515,0.81677103953012,1.3452604649862767,1.3838394169166535,1.6973543703389393,1.007140404190223,0.6288761782852371,0.6956847000957147,1.3360797462074254,0.8863670527548366,0.5693669314063942,0.008446214531676639,1.0070183387050664,0.6071641985872036,0.48444589903395924,1.2655743123223562,0.0,0.0,1.174523685700057,0.28999615449369254,0.0,0.012922771636822612,0.003537041884692536,0.0032012665686363463,0.5882019242129609,0.0,0.0,1.2546350972016838,0.0,0.0,0.6950728547879484,0.0,0.0,1.3172635125837513,1.6772097681049478,1.524319094131439,3.8663541365693708,2.004151201430906,1.391806858566797,2.1235695563274395,2.5370072119955847,2.1303361554018343,0.6733808523674893,1.0270404859108697,0.600029153330728,2.1709652688671133,0.1319017035097705,0.8228169701374307,0.0,0.0,0.5304540401797687,2.009029623247927,0.7688026488825633,0.8747991922476142,0.0,0.0,0.763857261306893,4.4455997543179455,2.2527483420392107,4.3171166685418765,0.6603897188117802,2.114902869011455,0.3148700108181623,2.467347656169193,0.37008465903446514,1.8467852989613371,0.570105009325228,0.44202189092172695,0.22862826634784802,0.2669093572763209,0.888912229787531,0.6662259753829579,0.7637047611839284,0.8129087814664494,0.4582300428169148,0.3729971792780564,1.015118873181453,0.0,0.7520900805216136,0.6498414432710735
nomask,1,2,1.084592604494525,1.0439447266209927,1.0560374344147243,1.3502824108895135,1.023860393063438,1.5490831532159637,1.02919904829731,1.0389923488503083,1.21918627965633,1.3044049571583853,1.0829719685014136,1.1433090481315789,0.9286792588355227,0.7904478632317286,1.1024964149174343,1.1861309736531367,0.1984082028691446,0.0,1.0844929170414315,1.08450612973348,0.4121723162424048,0.0,1.0558688007626398,1.0795883375812039,0.3869089011385951,0.0,1.2959330091835823,1.514783255369216,1.0416241959215466,0.8763333610025115,1.0004354824726704,1.0005249929820552,0.7844966175319626,0.14168980470410056,0.35317749221784783,0.8363247332550849,1.0490341172521993,1.0605173751274273,0.9238093449296426,1.0846515404228962,0.5857421661007598,0.8767882017752215,0.9967665663993527,1.020504517742299,0.667117259410544,0.9843477144634044,1.3488313805210335,0.0,0.05245485574617416,0.7717033405131026,0.921847045792394,0.995937725468693,0.9674912624636064,1.066684914416769,1.138530652306213,1.0738605707010758,1.124052624800172,0.8523688062699463,0.9169940995653648,1.1576652373891314,1.0647398231793908,0.9322210923258696,0.8075391954170779,1.305238549531713,0.7841182795795162,0.6359616968238893,1.3147137514162486,0.7191825650820509,0.4865911549745534,1.2120365603180927,0.7252081835708262,0.4110973580740204,0.013036948482631016,0.0035542026812765424,0.003203501589113978,1.030475812026174,0.7268401064797312,0.7161556166354324,1.1964412600388008,0.527777693877873,0.21761565964322857,1.1582213997796549,0.21349764541743899,0.09829880346475771,1.126116140908068,1.0771133258525665,1.036634815630432,2.247327632766368,1.5421326898671857,1.1439412116408516,1.3764948726633073,1.1773546718050678,1.0329462919039847,0.9352550972592679,1.0335881892411594,0.7116970023563243,1.6535737994455604,0.9052768624931776,1.0187903030948464,0.0,0.9541452924828041,0.9130788361328706,1.4442889712909266,0.9312770170919227,0.9825989465032458,0.0,1.1496737284561462,0.8141076356005338,2.094455470089931,1.631688963554492,2.7624032021710474,0.8640991812696589,1.39604428992527,0.6950923632278302,1.6013646476164858,0.8026048094803744,1.318731341845675,0.4885550647716817,0.38365120550548365,0.5150524744983936,0.469965223655773,0.9763713993491459,0.9425513599009255,0.8983714655802953,0.9031418783454683,0.4645003415497871,0.3717442408652701,0.9643606259360242,0.17261908104858587,0.9541888441718326,0.9479305012244037
nomask,1,3,1.0104561580558256,1.0055411268295185,1.0071146803257764,1.0427713097037123,1.0026099643572282,1.0751935128963106,1.0040086711281544,1.0079277642731403,1.030201530065461,1.0522159270537395,1.0104475922298746,1.0207696736126826,0.9581625923236622,0.8525295863226863,1.012474364937655,1.030365790953275,0.7829547212604083,0.0,1.010134564918311,1.0184689136520968,0.8389187724359939,0.36688207259883776,1.005972865025636,1.0142190647782618,0.8397709727996622,0.11023839616284993,1.038208078505106,1.0742868926747564,0.9291633541822927,0.7305569224868249,0.9998295389747458,1.0007566817270335,0.9563479287015755,0.7258681885217405,0.854377055291101,0.9714326275978444,1.0047888529869506,1.005586009310734,0.9875136639884031,1.0053510828077823,0.933911865968177,0.9816363173960082,0.9996061243498372,1.0014455502987847,0.944070554802014,0.9914340316606135,1.0570161755669438,0.0,0.05596420839005066,0.9656751871943356,0.9882056379122912,0.9990380538143381,0.995658029907697,1.0091810000255153,1.016702763697117,1.003929915957222,1.024238104711242,0.9783730944880458,0.9878427270195004,1.0253759440818768,1.0137637149446805,0.9827517955848254,0.9646780425720644,1.0470193770573604,0.9460608237316079,0.8253913193625394,1.0381835923021832,0.9356978304662691,0.7719303074257755,1.0310026074089722,0.9357768191970764,0.7753335816618264,0.013169676402434377,0.003571850731593878,0.003188675793803812,1.010209206020599,0.9624792931392135,0.9611302726928976,1.0254464156464576,0.903261835411681,0.7205517869953517,1.015601977994318,0.8446030546417533,0.6913122737382894,1.021238960742273,0.9985048491233132,0.989073977028324,1.168360643017284,1.0325054916021235,0.6811651582426977,1.049682301602397,0.9969603737659659,0.9001897853894798,0.9828426291224692,1.0084158718359404,0.819415744730635,1.152045992661733,0.9940469779840142,1.0051877286999003,0.5412129851923627,1.0987565401911261,0.9862523628507367,1.0718917651300466,0.9806611408085231,0.9964484119456722,0.42235548344292173,1.0140278225540817,0.7616540766084429,1.1566568953318321,1.068482308481463,1.2972214607830748,0.9281044612462164,1.0559008575848012,0.8807943360865672,1.0909413197436268,0.8997603006129503,1.0411613900924197,0.7542069797441865,0.6036969611856973,0.7796069613822947,0.656172848033782,0.9936345258990659,0.98661802757301,0.9561139535550282,0.9343618986403818,0.7439575008257142,0.5906769472969798,0.8299811445110391,0.6763086824737078,0.9900138869925896,0.9685593901665691
nomask,1,4,1.0010451845445527,1.0005530487337964,1.0004860540728082,1.0041776416396397,1.000165077691361,1.007465139057421,1.0003586430689777,1.000831370530279,1.002917633342462,1.005460588890704,1.000978370087946,1.0021345707209748,0.993246274933463,0.9009522573777439,1.0010361513832593,1.0031232759425628,0.9707292958945776,0.601734159473252,1.0008444605511075,1.0019202518895918,0.9782193775800119,0.7632303151710678,1.0004399404513464,1.0014538967230802,0.9788998018192688,0.7031701464176919,1.0036576971133457,1.0076527485068614,0.9857308035511773,0.7666950781624634,0.9999512338838887,1.0000755645939439,0.9946490909537219,0.9309861800972501,0.9831633483577396,0.9965787402924003,1.0003287164210464,1.0004155846015206,0.9982982590669053,1.0001195649495758,0.9927738475171297,0.9978193400058009,0.9999162960677914,1.0000687243578714,0.9937821688142233,0.9987193244623148,1.0057967278189752,0.0,0.09221256790434432,0.9959643841413284,0.9983769515444798,0.9998392085687446,0.9994855559780984,1.0009442076523425,1.0015339444926241,1.0000533303917558,1.0023688389104368,0.9976701478709983,0.9986226766737506,1.0026492738312043,1.0009651062303182,0.9976451740461842,0.9934645902028156,0.9959147270874442,0.990936195568503,0.9568925576034638,0.9915923227004613,0.9892822004591939,0.9455194525600468,0.9973039539043869,0.9895064275433547,0.9487101270032857,0.013629467174815326,0.003728570030674293,0.0031801268023322698,1.0006895383844974,0.9958095059390878,0.9944579041708141,0.9962076017593836,0.985707945360675,0.9397107989744371,0.9911066923384819,0.9792222667995902,0.9363309510278864,1.001562646041122,0.9992265840020915,0.9957409183347663,0.9889570147657625,0.9931232484932001,0.8866401619639671,0.9973937187897246,0.9968739155438288,0.9694428914716009,0.9964996384466106,1.000970820314753,0.9509587542456817,1.017386691041422,0.99883584521111,1.000585109953277,0.9040904583443314,1.012972399481253,0.9866310958263492,1.0046788070978758,0.9967996516420856,0.9987607335563566,0.8778253125442873,0.9850056106701056,0.9196546736082947,1.0017030949055037,0.976346335198387,1.0172838106937858,0.9791943414013843,0.9996688421298898,0.9621905446663227,1.0029470356092123,0.9749168278740697,0.9967123688270328,0.9355774632474283,0.8672450242789053,0.9413972899568306,0.8812089882462323,0.9987725327725638,0.9971429406117227,0.9879381668759604,0.9760117862092925,0.9325299123724192,0.861932672539583,0.8708321494478667,0.85201819817945,0.9974960929112593,0.9801697318588715
nomask,1,5,1.0001029522686482,1.0000543674557412,1.0000319950313363,1.0004050418029051,1.0000103114754648,1.0007284456530836,1.0000331483216744,1.0000826095241848,1.000280921040344,1.0005440328494801,1.0000916807662938,1.000211945961596,0.9992290665970033,0.9840800592443828,1.0000902265142264,1.0003093736997621,0.9968434219737233,0.9415946962392113,1.0000703889318296,1.0001884281918387,0.9976013560665397,0.9653679947690386,1.0000314078412116,1.0001422663552852,0.9976949362752068,0.9579061220010533,1.0003500276555597,1.000761515948542,0.9983282798103861,0.9612698378894965,0.9999939247452397,1.0000072539838947,0.9994414886854659,0.9908060482264697,0.9982746384256953,0.9996290189160368,0.999986613887339,1.0000086395978567,0.9996914150712845,0.9999104074071109,0.9992264805178774,0.9997426427163153,0.9999837116511772,0.9999948496665007,0.9993550988594857,0.9998241112182817,1.0005442790782766,0.0036414056596665275,0.3438211880266789,0.9995314993441322,0.9997828649703765,0.9999763416678213,0.9999416029493813,1.0000924312947634,1.000100946908776,0.9999393927276738,1.0002106224409182,0.9997573941712492,0.999851823556615,1.0002589548244267,1.0000431343427811,0.9997406179454921,0.9992305656919246,0.9989356679719262,0.9989082576627365,0.9946733630403586,0.9983120143967009,0.9987559176272306,0.9933945936980801,0.999297350548512,0.9987678182201755,0.9937891777965688,0.019182788634085565,0.005427048845689111,0.0036606315050308406,1.0000245961427892,0.9995678393780789,0.9993821563606881,0.9991718936963879,0.9983965102666534,0.9928324610378345,0.998405801696067,0.9977440549890009,0.9924913897646932,1.0000858228782223,0.9998974273635144,0.9994503529895578,0.9968589583180681,0.9988715965449342,0.9856387484714129,0.9991779816838825,0.9995692776050777,0.9961833378943464,0.9995904790295382,1.0000969763860956,0.994010680723897,1.0017300717086286,0.9998531005661784,1.0000586663691604,0.988705094372161,1.001279947287065,0.9981583669352946,1.0002018284679786,0.9996436098487589,0.9998279827874225,0.9857080190771508,0.9973998903801743,0.9898881282344676,0.9990652437396144,0.9963378896526236,1.0004957831803691,0.9974241012563132,0.9995011149627115,0.9952437949946958,0.9997709812720907,0.9969692664945816,0.999133840352441,0.991098652711705,0.9809163689978218,0.9918724072025444,0.9828300239952559,0.9998414728245147,0.9996212115006369,0.9983169820705529,0.9965058489248255,0.9906770146601516,0.9801489547629164,0.9792273504214543,0.9771410322482451,0.999644739014814,0.9968486283494361
nomask,2,,8.436208898450134,0.0,0.0,62.808033828370526,0.0,0.0,0.0,0.0,0.0,0.0,0.0,0.0,0.0,0.13810379487158284,0.0,2.55311804164696,0.0,0.0,0.0,0.0,1.3782671253087784,0.0,0.0,0.720980834084983,0.0,0.0,0.0,0.0,3.423221489971571,0.0,0.0,1.3541269884297689,0.0,0.0,0.0,0.0,0.0,0.0,0.0,68.36369726888643,0.0,0.0,0.0,0.0,0.0,2.3150471449970462,0.0,0.0,0.03804241763429862,0.0,0.0,0.0,0.0,449.0996666490631,0.13931683067998155,0.0,0.0,0.0,0.0,0.0,0.0,0.0,0.0,0.0,3.0997249383959393,3.2614602211037296,0.0,0.0,0.0,0.0,0.0,0.0,0.017862782184203535,0.0031350280738078797,0.0038302653132405,0.0,0.0,0.0,0.0,0.0,0.0,0.0,0.0,0.0,0.0,5.067520270954907,3.142105402610092,0.0,2.39922762695275,0.48562812128250893,0.0,20.589788182536296,17.179627302154355,0.0,0.0,0.0,0.41445662061317906,0.0,0.0,0.0,0.0,0.07238556836776652,0.0,0.0,0.0,0.0,0.0,6.086272933207341,52.54197729334284,0.0,0.0,0.0,0.0,0.0,0.0,0.0,9.751963380281223,0.0,0.0,0.4349165241380418,0.0,0.0,0.0,0.0,11.24729711879019,0.0,0.0,5.2003642544182265,0.0,0.0,0.0
nomask,2,-2,8.437362731622745,0.0,0.0,62.807309623730546,0.0,0.0,0.0,0.0,0.0,0.0,0.0,0.0,0.0,0.13774233652795523,0.0,2.5532012119909884,0.0,0.0,0.0,0.0,1.378050312188747,0.0,0.0,0.7209562458799252,0.0,0.0,0.0,0.0,3.423308758103355,0.0,0.0,1.3540722439001518,0.0,0.0,0.0,0.0,0.0,0.0,0.0,68.36315183583582,0.0,0.0,0.0,0.0,0.0,2.31476687554415,0.0,0.0,0.0380424384042737,0.0,0.0,0.0,0.0,448.93002719116856,0.1393773078023884,0.0,0.0,0.0,0.0,0.0,0.0,0.0,0.0,0.0,3.0997303158820135,3.2614553311466272,0.0,0.0,0.0,0.0,0.0,0.0,0.017862804910925567,0.003135028148890859,0.0038302652738353747,0.0,0.0,0.0,0.0,0.0,0.0,0.0,0.0,0.0,0.0,5.06754720897057,3.1421375682336605,0.0,2.3992381015748885,0.48562840717132755,0.0,20.589736299649026,17.17961352244065,0.0,0.0,0.0,0.4141331937195471,0.0,0.0,0.0,0.0,0.07239147263635914,0.0,0.0,0.0,0.0,0.0,6.086226575524792,52.547563893910954,0.0,0.0,0.0,0.0,0.0,0.0,0.0,9.751393158017315,0.0,0.0,0.4349102181588788,0.0,0.0,0.0,0.0,11.247204505592288,0.0,0.0,5.1999747251773245,0.0,0.0,0.0
nomask,2,-1,8.447708745439003,0.0,0.0,62.8008015253928,0.0,0.0,0.0,0.0,0.0,0.0,0.0,0.0,0.0,0.13450181164417974,0.0,2.5539481871279732,0.0,0.0,0.0,0.0,1.3761064000616063,0.0,0.0,0.7207357273045992,0.0,0.0,0.0,0.0,3.424091524477995,0.0,0.0,1.3535802511251729,0.0,0.0,0.0,0.0,0.0,0.0,0.0,68.35823861986641,0.0,0.0,0.0,0.0,0.0,2.3122596821431185,0.0,0.0,0.0380426254472629,0.0,0.0,0.0,0.0,447.4090611484667,0.13992097353634664,0.0,0.0,0.0,0.0,0.0,0.0,0.0,0.0,0.0,3.099778688879075,3.261411726671655,0.0,0.0,0.0,0.0,0.0,0.0,0.01786300868914118,0.003135028823866788,0.003830264922890135,0.0,0.0,0.0,0.0,0.0,0.0,0.0,0.0,0.0,0.0,5.067789466704866,3.1424263784199113,0.0,2.3993324111553807,0.4856312202856637,0.0,20.589269034058663,17.17948885479781,0.0,0.0,0.0,0.4112341139206724,0.0,0.0,0.0,0.0,0.07244453208463968,0.0,0.0,0.0,0.0,0.0,6.085810924760239,52.59764421744458,0.0,0.0,0.0,0.0,0.0,0.0,0.0,9.746294429538475,0.0,0.0,0.43485364919441105,0.0,0.0,0.0,0.0,11.246373871956576,0.0,0.0,5.1964824354022205,0.0,0.0,0.0
nomask,2,0,8.547492318595452,0.0,0.0,62.73665194478574,0.0,0.0,0.0,0.0,0.0,0.0,0.0,0.0,0.0,0.10329828502819968,0.0,2.5612693084496057,0.0,0.0,0.0,0.0,1.357373583149421,0.0,0.0,0.7186042761737724,0.0,0.0,0.0,0.0,3.43166674386339,0.0,0.0,1.348728296031982,0.0,0.0,0.0,0.0,0.0,0.0,0.0,68.3086969819931,0.0,0.0,0.0,0.0,0.0,2.2886395837999998,0.0,0.0,0.03804450664876513,0.0,0.0,0.0,0.0,432.75150389444667,0.1452975712426021,0.0,0.0,0.0,0.0,0.0,0.0,0.0,0.0,0.0,3.1002600880018396,3.2610143037095907,0.0,0.0,0.0,0.0,0.0,0.0,0.017864973767960757,0.003135035499691227,0.0038302617662964375,0.0,0.0,0.0,0.0,0.0,0.0,0.0,0.0,0.0,0.0,5.070194399088902,3.1452495657530983,0.0,2.400279113294228,0.4856822456160635,0.0,20.584565985221307,17.178180182839156,0.0,0.0,0.0,0.3833651669620319,0.0,0.0,0.0,0.0,0.07296759546680193,0.0,0.0,0.0,0.0,0.0,6.081803990306058,53.07946272812162,0.0,0.0,0.0,0.0,0.0,0.0,0.0,9.6984753226207,0.0,0.0,0.4343055950278411,0.0,0.0,0.0,0.0,11.23834270580002,0.0,0.0,5.162844513619316,0.0,0.0,0.0
nomask,2,1,9.271324215290697,0.0,0.0,62.16743796213197,0.0,0.0,0.0,0.0,0.0,0.0,0.0,0.0,0.0,0.0,0.0,2.6233921625993117,0.0,0.0,0.0,0.0,1.2229776827443912,0.0,0.0,0.70255974303569,0.0,0.0,0.0,0.0,3.489029634933558,0.0,0.0,1.305617854367852,0.0,0.0,0.0,0.0,0.0,0.0,0.0,67.78491711858294,0.0,0.0,0.0,0.0,0.0,2.159338564448745,0.0,0.0,0.03806404141250146,0.0,0.0,0.0,0.0,326.3212954747998,0.19450484909824922,0.0,0.0,0.0,0.0,0.0,0.0,0.0,0.0,0.0,3.104894483005451,3.259895948710782,0.0,0.0,0.0,0.0,0.0,0.0,0.01788040393883768,0.0031350964670844106,0.0038302470006024124,0.0,0.0,0.0,0.0,0.0,0.0,0.0,0.0,0.0,0.0,5.092970477733363,3.168450606886926,0.0,2.4099940730844853,0.4878887694353361,0.0,20.535301741812045,17.16067053653149,0.0,0.0,0.0,0.19791936107329497,0.0,0.0,0.0,0.0,0.0777142945000627,0.0,0.0,0.0,0.0,0.0,6.05273150949478,56.516432653285904,0.0,0.0,0.0,0.0,0.0,0.0,0.0,9.3359553469719,0.048411360592471024,0.0,0.37070822121107105,0.0,0.0,0.0,0.0,11.158348277054607,0.0,0.0,4.8415779628792155,0.0,0.0,0.0
nomask,2,2,10.54112796175213,0.0,0.0,58.164728094181356,0.0,0.0,0.0,0.0,0.0,0.0,0.0,0.0,0.0,0.0,0.0,2.9951540224419135,0.0,0.0,0.0,0.0,0.9382051747744196,0.0,0.0,0.6484820533785915,0.0,0.0,0.0,0.0,3.6773238901717535,0.0,0.0,1.0398634037972914,0.0,0.0,0.0,0.0,0.0,0.0,0.0,62.423436622545296,0.0,0.0,0.0,0.0,0.0,2.882936799594795,0.0,0.0,0.03825834312186474,0.0,0.0,0.0,0.0,96.14166454078439,0.5687696933792316,0.0,0.0,0.0,0.0,0.0,0.0,0.0,0.0,0.0,3.146604019919234,3.3032509122677554,0.0,0.0,0.0,0.0,0.0,0.0,0.01791803085845278,0.0031355766762085403,0.0038306548738491065,0.0,0.0,0.0,0.0,0.0,0.0,0.0,0.0,0.0,0.0,5.2811097102907345,3.299388740346059,0.0,2.508950410585456,0.543069959753188,0.0,20.01685660615571,16.895516417620474,0.0,0.0,0.0,0.0,0.0,0.0,0.0,0.0,0.11329919314514954,0.0,0.0,0.0,0.0,0.0,5.987264401823943,62.44414619655316,0.0,0.0,0.0,0.0,0.0,0.0,0.0,10.469053174440985,0.17147184628304146,0.0,0.2002800194033421,0.0,0.0,0.0,0.0,10.907694176203961,0.0,0.0,4.0846599961571854,0.0,0.0,0.0
nomask,2,3,6.647194641614618,3.1799826665664184,0.0,33.89133924047323,0.0,0.46726895695420356,0.0,0.0,0.0,0.0,1.556466498344544,1.871885375994515,0.0,0.10418410635030916,0.0,1.903892658508152,0.0,0.0,2.3961115259922745,0.0,0.9325815428843538,0.0,0.0,0.8026308615915643,0.0,0.0,2.5558918153522665,1.9164661486209347,4.1895491186573866,0.0,0.2973754450282958,0.7519300926403023,0.0,0.0,0.0,0.0,0.6977546964056739,5.376039009358667,1.2766073825791653,32.029135867574,0.0,0.0,0.3205681247245796,0.6718542517562195,0.0,5.994214358889361,1.1704943939792918,0.0,0.03920641853396372,0.0,0.0,0.0,0.0,13.751622257497303,1.9332975440487281,5.220745377827178,0.0,0.0,0.0,3.561654711011382,0.0,0.0,0.0,0.0,3.4571569292700524,3.6757827515768424,0.0,0.0,0.0,0.0,0.0,0.0,0.017961532676371433,0.0031386174895854,0.0038345097761546113,0.0,0.0,0.0,0.0,0.0,0.0,0.0,0.0,0.0,0.0,6.167197902057895,3.9813478421521356,0.0,3.2244003677871436,1.060072651264324,1.4868411775458656,16.258522455866775,14.413450607876168,0.0,0.0,0.0,1.8313028072939341,0.0,0.0,0.0,0.0,0.4056576226616292,0.0,0.0,0.0,0.0,0.0,5.953815448231048,54.09561933951163,0.0,0.0,0.0,0.0,0.0,0.0,0.0,14.490782912485267,0.0,0.0,0.37992462302777064,0.0,0.0,0.0,0.0,10.34740997761251,0.0,0.0,4.8340514566732375,0.0,0.0,0.0
nomask,2,4,2.0832182714494367,1.4690788444666318,0.35160533386941906,7.397417697201769,0.7838259016701705,3.1363867570253205,1.0397569026426448,0.8907167953704136,2.295910840388081,1.064824551292157,1.6020300676544519,1.3906884124533867,1.212627255551235,1.4462694587220963,1.0383722252182468,1.232785115478829,0.0,0.0,1.857231824577181,0.7628286601265839,1.3334606223330132,0.0,1.204177921607124,1.0169167928784442,0.0,0.0,3.2584246710194638,2.3584779146879273,4.281672157593124,0.0,0.9363932796324848,0.9539368989027569,0.0,0.0,0.0,0.43729538383596583,1.7496022103254325,2.032359934151911,3.221570952116567,6.781100394541983,0.06770119080404301,0.5802708696830807,1.2629922389282513,1.2918120954231809,0.5973133909224139,3.661590122860859,3.5025058494278745,0.0,0.04012013411784413,0.8091815827456829,1.1341776871511173,0.7165616182424779,0.7168907988681225,2.626603740581141,3.0520010729594182,3.4718692915664637,1.7196911303803741,0.5194449831888659,0.3411491737874739,2.303815431619139,0.0,0.0,0.0,2.549990209090421,3.3470845642897546,3.6139022945923633,0.43375678623884745,0.0,0.0,2.5225635176737273,1.7319101885226398,1.253760886015615,0.018078976948084368,0.003144182003761501,0.0038410577644547557,0.0,0.0,0.0,0.7818984364015753,0.0,0.0,0.0,0.0,0.0,1.0012337902102835,4.511378125084141,3.590169423275565,8.658913417405834,4.728537503678325,2.511595190102984,3.8881868811922806,7.13044493787492,6.583838430412901,0.0,0.0,0.0,4.635511613255211,0.0,0.4053141172132335,0.0,0.0,1.5659597083907064,3.1282512913106806,0.0,0.08182970601672304,0.0,0.0,5.911631662726478,17.790205989711644,0.0,1.5798641751026277,0.0,3.2733539794767497,0.0,4.074493090209215,0.0,5.271892795862943,0.0,0.0,0.22955918589290886,1.4343534070315678,0.7429969550096439,0.0,0.8138983831869671,3.2190275371801333,0.0,0.0,5.791170700103831,0.0,0.0,0.0
nomask,2,5,1.1512458531045364,1.070724370081903,0.9972097282689355,1.8395873931880122,1.0000440373469597,1.599182056057699,1.0325616900899,1.0317980370944981,1.3089342769354384,1.2693539001054808,1.1150321415892568,1.1221104416487928,1.4062287275021617,1.9211036401387793,1.08434660532429,1.1449797804871968,0.2712536849047071,0.0,1.15121706379044,1.0695163153322373,1.4711827003684377,0.0,1.056865254471337,1.0541735532761158,0.6728814818561031,0.0,1.4289951062147772,1.4478684922784761,2.8730733966188673,1.703691724615675,0.9963162871282347,1.001083255909445,0.805619818357829,0.0,0.6883015700982066,1.0229273875364229,1.1216863621193496,1.1367404595887134,1.5506639812718537,1.7149830697766548,0.8554441034062182,1.0195621564374644,1.0560313266407069,1.0566555808615892,0.9835509449872111,1.398332284540405,1.6532279097911973,0.0,0.04052566771595616,1.0101732757711583,1.0706664991934476,0.9818921463319065,0.9835539835606296,1.2092445721432257,1.51810234145303,1.3799592262082283,1.3079776863118693,0.9267134521391037,0.9526067197336235,1.2830804453887277,0.8098813074606441,0.4692013565239822,0.08527027281178116,1.9996703043197956,2.3657525259755747,2.365836130536464,1.8545557570127875,1.0515564973249405,0.45683905018986826,1.647141121374261,2.143880001902069,1.8476832345562393,0.018208311938243175,0.0031630154462565147,0.003859114245968704,0.8221747990448852,0.6023263292401861,0.4219190009954219,1.4258306337639928,0.402581713986666,0.13937649455529041,1.1381457340617687,0.7719506432660332,0.6098994558161265,1.0852736773156058,1.6639120083420496,1.5350766257945783,4.391698861597535,4.504224930971948,3.1762903061919996,1.9328614611430062,2.473544336054907,2.1849231325732403,0.5830108076769966,0.9720117685393772,0.554559448457611,3.08597672817338,0.6836627232093386,0.9867334373588293,0.0,1.2628602221642327,1.3795931508244563,1.6481561545549026,0.7818209724254577,0.9443346119735819,0.0,0.6809010820427899,4.172640539811122,4.3877881580656135,0.4773124169827079,2.8691108490245205,0.9449233661309416,1.786332500494171,1.2165287516256578,2.0613892025061102,1.0283679304108164,2.0573964051109512,0.11981937812263845,0.30239303068216483,0.41769078822024086,1.2040652886754817,0.926852300241613,0.8314053497671384,0.9338914230252103,1.3476310630860802,0.13103096334599018,0.480986396516161,3.6268405744991252,0.0,0.8106500841748903,1.039088793789612
pix2,1,,12.86589635020243,22.547390847720294,1.6204768756708825,2.5349856808350224,0.0,1.5689988754454458,0.0,0.0,0.4641316138733178,0.0,0.0,7.051068589381613,1.0267421888278747,0.6456591417127907,1.9552845291906906,1.021809408286221,0.16393843493385848,0.0,0.0,0.0,0.0,0.0,6.061790529790493,0.0,0.0,0.0,0.0,3.6547559106317267,0.7021359537430234,0.2926454241582913,0.0,0.0,0.035647110852871415,0.0,0.016963255933239076,0.0,0.13226173891260296,3.7198234989049115,0.2830666413258843,0.0,0.06519536996942911,0.0,0.0,4.044616992978165,0.08012628781924397,0.5614212102246916,2.197947762534883,0.2583649833900375,0.5400376186248366,0.17113716449452518,0.0,1.1825932510814483,0.0,14.873691057024702,1.2152244515099109,2.3736940777700752,0.0,0.5985235024675231,1.3522998023308892,0.0,5.103481293020229,0.0,0.0,0.0,0.0,0.0,0.0,0.7440264440887657,0.0,0.0,0.0,0.0,0.5377456341011414,0.15945266597438537,0.09717729575023505,0.0,0.0,0.0,0.0,0.0,0.0,0.0,0.0,0.0,0.0,0.0,0.0,2.022840709004223,1.2763215309436142,0.9704234440389087,21.633231654788315,1.3547841030882306,1.367840561244527,0.0,0.3029545936259664,1.7885876991377747,1.8774242708668076,0.0,0.0,0.0,0.0,0.0,0.0,1.183332036150218,1.8370061071732793,0.0589418563560607,0.0,0.23514482868739672,1.5262401489430457,2.6331747215659824,4.792768860441722,0.0,0.2055935236301812,0.0,0.0,0.0,0.0,1.434481581553992,1.1551809530115702,0.0,0.0,0.0,0.0,0.0,0.0,0.0,0.0,1.104111759073336,0.0,0.35004633864383206,0.0
pix2,1,-2,13.339154225567412,13.936266455942299,0.9764986236587552,2.6352366839769874,0.0,1.7277914588041754,0.0,0.0,0.7974687032241379,0.0,1.029429941427831,6.756814250654094,1.0184084379895844,0.6416740627123365,2.326488045609008,1.052046693210231,0.16332406420729884,0.0,0.0,0.0,0.0,0.0,5.739060507574391,0.0,0.0,0.0,0.0,3.7190895038184903,0.7056827775725557,0.2915955995156901,0.0,0.0,0.045556825968249316,0.0,0.017159713813653877,0.0,0.1503949004700823,3.4974749198105375,0.2832933546093022,0.0,0.06532578431182773,0.0,0.0,3.861951121644865,0.07987135470359542,0.553944369640321,2.3989381268493646,0.25856983209290546,0.5415134502632887,0.17214990099492325,0.0,1.1834303774183985,0.0,12.106764675983383,1.214774843447091,2.4572716970357202,0.0,0.5984311080566732,1.3389741870119958,0.0,4.333771712429889,0.0,0.0,0.0,0.0,0.0,0.0,0.7447538540313022,0.0,0.0,0.0,0.0,0.5378369024788084,0.15945871434324968,0.09717842778001433,0.0,0.0,0.0,0.0,0.0,0.0,0.0,0.0,0.0,0.0,0.0,0.0,2.100519328297065,1.2761332679581323,0.969588062828086,20.665306243736126,1.3542736237872104,1.3715622192207173,0.0,0.4324989919884785,1.789312106049677,1.8760496046842128,0.0,0.0,0.0,0.0,0.0,0.0,1.1829893916493173,1.853767365297097,0.05904090902041307,0.0,0.23453419572065964,1.553558453083274,2.6332840004864977,4.85734970248823,0.0,0.7960035745174421,0.0,0.0,0.0,0.0,1.4353846326367692,1.156326421001743,0.0,0.0,0.0,0.0,0.0,0.0,0.0,0.0,1.1098109744403235,0.0,0.4113447853013232,0.0
pix2,1,-1,8.15099303704791,4.847777038074726,0.38960189930371575,3.366435555995928,0.24050818157569656,2.1160833637256617,0.0,0.0,0.4048864582096418,0.0,2.141434445747034,5.418611884430363,1.0145893631507559,0.6068857901924296,2.9169627282816806,1.2392527525290147,0.16382865107383007,0.019139091801601088,0.0,0.0,0.0,0.0,3.8441771280318857,0.0,0.0,0.0,0.9392375306338866,3.9685976932334106,0.7062135878580036,0.3140192346268336,0.01717706918855306,0.0,0.0948954092822924,0.02436379101322744,0.017182072630396384,0.0,0.24839419416418068,2.538821071240458,0.29121574845580656,0.0,0.06938550529901702,0.0,0.06463819150471783,2.945703644711818,0.08204293541218925,0.5338534998351198,2.8683246977659747,0.2595273998654118,0.5486062009501832,0.17847687710743118,0.0,1.192946015845746,0.0,5.21872408865777,1.2254903389741563,2.74024709359608,0.0,0.6030246829666909,1.2445212903652059,0.0,2.2832693705925693,0.0,0.0,0.0,0.0,0.0,0.0,0.7510839803325785,0.0,0.0,0.0,0.0,0.5381382933930897,0.1594984037804001,0.09711715540585315,0.0,0.0,0.0,0.7216454777394276,0.0,0.0,0.0,0.0,0.0,0.03260127635845277,0.0,0.0,2.620302231693851,1.2753328737318772,0.9662229336532855,14.258536638489689,1.3463861645595088,1.3884816505969446,0.0,1.0564172083719894,1.7925728951567546,1.8951881297451327,0.0,0.0,0.0,0.0,0.0,0.11792560615334247,1.1790776495564776,1.8671152530284643,0.05991139604976364,0.0,0.22916012045361084,2.1314412092012645,2.6330203623022497,4.998300701691399,0.0,3.178029569862271,0.0,0.0,0.0,0.0,1.4390242815426721,1.1629140474995616,0.0,0.0,0.0,0.0,0.0,0.0,0.0,0.0,1.0747579318923313,0.0,0.644123829847768,0.0
pix2,1,0,2.6615865616717826,1.6727448220782628,0.7938801994796153,3.0424228818042125,1.092396193156453,2.4849846402459033,0.734135378919683,0.0,0.7351183842706613,0.0,1.5014466080978996,2.7067914522564673,0.9553046044493952,0.5565254733054559,1.9844951690118984,1.626481328587909,0.18056840817760053,0.03758149650005875,0.6209650177509712,0.0,0.0,0.0,1.7168948460322555,0.10106377276479055,0.0,0.0,1.8796793979804307,4.326059147261294,0.7125826031085487,0.37383651974374205,0.9890535870238929,0.5207016447927384,0.1828111363346712,0.03355172893268031,0.021388484595956245,0.0,0.5151025402101429,1.3987164417583167,0.3271524435016222,0.3979321805182965,0.09095605979501985,0.0,0.49188762142295295,1.629772743930891,0.11406290895781271,0.7201948885128479,2.599122860523575,0.260315553599563,0.5582577263413527,0.1906770358309091,0.0,1.1450085549836766,0.0,1.672414005213459,1.3151421378074752,2.1161928860871164,0.1437263775454626,0.6304059734185447,1.0475038969269488,0.6917900405600419,1.2549719575512193,0.0,0.0,0.0,0.0,0.0,1.5573918039356955,0.8035434403242739,0.04489569630938568,0.0,0.0,0.0,0.5413564026994847,0.1598325018825196,0.09718987270919359,0.4350536755412136,0.0,0.0,1.7516021434657878,0.0,0.0,0.6265487498700834,0.0,0.0,1.0535797962971227,0.0,0.0,3.18326622336389,1.2719515035656628,0.9597646316116467,4.030664072177919,1.2713314845202754,1.3490336852601297,0.0,1.2065243065602758,1.7246999393068976,1.9667881038791857,0.0,0.09379041515676471,0.0,0.0,0.0,1.088104061091557,1.119286417380413,1.1808801196732703,0.06679685988332314,0.0,0.23246439204026434,3.0955787424560683,2.6231139705563,4.839777142017519,0.11073613976808297,2.5703169373206807,0.0,0.9635429813661835,0.0,0.772979937003456,1.0983065789102466,1.071001198372222,0.0,0.0,0.4064158677626089,0.0,0.19524232983142856,0.014837206917198864,0.2911422645342983,0.09320853031316738,0.9674882573198672,0.04943282735852613,0.8929047324135116,0.0
pix2,1,1,1.3474945128816345,1.1448992566688962,1.0793043767680623,1.8013848562559167,1.0687017680930726,2.4212136768338217,1.0317113874317063,0.9085899827300313,1.321212017474747,1.1821775996672816,1.2087746916759676,1.4643250833718902,0.8627797636376027,0.6071074277414689,1.345648031925743,1.4282227776691954,0.21484593063067464,0.020572594858257815,1.1039592200445083,0.5388863865408272,0.0,0.0,1.1624882043664033,0.9720888167867605,0.0,0.0,1.7070445734831996,2.6477899981021187,0.7635288393205331,0.4311858033319062,1.0082442312735354,0.9414991858672032,0.5019665495074139,0.0,0.05385151731183065,0.190554406766993,0.8471977116749058,1.0384106350890379,0.44803247559662573,0.7911898047915866,0.16195905187365855,0.2626299764654194,0.9041845194296104,1.0935907513238714,0.25028341139400717,0.8355539414737361,1.6846703885209873,0.2615463448301699,0.5552492255679946,0.27095961206164054,0.10831139179307239,0.9836908864280193,0.7665386491085343,1.1366379758326746,1.2972453634651064,1.131794704507697,1.0489872145418144,0.6836408730618366,0.8387386880171356,1.1545389467729197,1.1813310547190172,0.08353961034015818,0.0,0.7439580880545122,0.0,0.0,1.4085683223027472,0.8553995100226954,0.40641802729689985,1.0393525541746247,0.03171371035942871,0.0,0.5542854371890422,0.16021600843164577,0.09754459903458874,1.0671160044798842,0.19242331864557144,0.2109182965648863,1.3300570321217522,0.144012590454551,0.0,1.1825476463733846,0.0,0.0,1.1862405863814702,0.20245153436840885,0.2439984509539535,2.7530224564627703,1.2495800650990054,0.9238766090575418,1.7217967499689206,0.9333321239746555,0.9186145277383595,0.8904504727816702,1.0648407170046423,1.1383740270056708,1.8392262587166042,0.6202347892957801,0.9524784268513455,0.0,0.21260011814356095,0.09503167500696202,1.5817176019134376,0.947641841876812,0.9430373072894305,0.06859265692683772,1.028860424614261,0.32454637413594306,2.379548403712301,2.4696697737103936,4.222620382242334,0.6989843239557192,1.6098482549934543,0.0,1.6846865394802524,0.502441304567991,1.2702333629888245,0.6099370289740029,0.5698868654100395,0.2121561414459641,0.05874296104040165,0.9199838330865839,0.7921441364267314,0.7513404702279802,0.6563154054587282,0.4910278280540399,0.41881158079344627,0.8472783931542079,0.10282812088532998,0.923320229890697,0.7337557831963166
pix2,1,2,1.06746470326771,1.0325175833282199,1.049353279756726,1.2008903030320417,1.0206411553582668,1.4887109666638119,1.0233639266247492,1.0383875304419636,1.1589973923914703,1.2816460057781567,1.0598498149132651,1.1285813125031294,0.8517248051437548,0.7945968680779878,1.093326424537419,1.1849828697249478,0.32696204915567645,0.0,1.0490752557312002,1.0615328394400554,0.2980888203035238,0.0,1.0373256469562726,1.0634842166759106,0.4019272546794002,0.0,1.2173831257598466,1.4710999889384384,0.7426753998604867,0.537667867416822,1.0020638682558998,1.0025261266533738,0.8099326183345368,0.28672185995913924,0.3362653105717122,0.7638191136249055,0.9697816012575168,0.9940191210844109,0.7764990012561872,0.9048681379107891,0.5658310604662985,0.7951381932645767,0.9861895813611563,1.0037291883367156,0.6470372507769135,0.891594599398807,1.2406989596903022,0.28052364238173766,0.5549932667950476,0.6627797094835265,0.8064048761536511,0.9785821561009056,0.949162798219525,1.0356775537025529,1.0650720016429438,0.9613571100345931,1.0854646606399354,0.8503981106176226,0.9061512518130367,1.102495515395655,1.0804434614799279,0.6963238268920711,0.6642134717409889,1.1545910258475511,0.4026363346495136,0.28981008951003323,1.2097394036492621,0.7294370592028852,0.5532514077107731,1.1224055288670314,0.48699671821478,0.23790861937821628,0.5936601769712281,0.15227206749717945,0.09133985111796694,1.0695660586678015,0.7440149236762108,0.7773290554567786,1.1473840666160067,0.5624768897364671,0.30992945890003754,1.1549892833020394,0.19436422943680484,0.10024945968158927,1.0902915949091327,0.7388066753527788,0.7478956127354648,1.7316499291135423,0.8816335222353031,0.6367851080520106,1.2329169144280712,0.7910415188225718,0.7150186754512596,0.9522966875248123,1.0262853663747655,0.7153725245076756,1.4354520154123658,0.9597081483189975,1.0250059570356953,0.06720024072905034,0.9849306585145919,0.7718044142455551,1.297558260843739,0.9542216765312534,0.9891528384158733,0.14565381936086635,1.1669283197743638,0.5465867147768025,1.5901558742619066,1.642718687239914,2.401647717588549,0.8353713637023813,1.2401250772048364,0.5245032293801234,1.3639725260514268,0.8024386155815199,1.162850863124135,0.5061099557412252,0.39009491158134074,0.5260802598807905,0.41912929638079205,0.9800161187808026,0.9582300755906653,0.8999034744206629,0.8735703527420143,0.4794478204690362,0.3605579171595663,0.8141998551285499,0.3712977616210328,0.9716224995687587,0.9388705715870947
pix2,1,3,1.0080753016356192,1.0040095359956596,1.0046570144873086,1.0244581159351152,1.0016689656378113,1.0625894608924547,1.0028116608588733,1.0072076252415376,1.0207164671612907,1.0464871927507187,1.0070326887914334,1.018141858486828,0.9339518278420165,0.7799513137555777,1.0096597447261757,1.028222795295249,0.7736824826021175,0.04856343145503298,1.0050238737845503,1.0142651415523554,0.8092382293395455,0.34912944996216044,1.0031271089051166,1.011311443606337,0.8346059601669168,0.18504319212073797,1.0264289151781405,1.0660171972788275,0.8333112491469529,0.48112315378768267,0.9998917807628116,1.000830813004106,0.957925475545151,0.7399324885029029,0.8494007171645014,0.958711282228387,0.9926844735992179,0.9954291276880611,0.9604738795057077,0.9781732742801185,0.9280134613141767,0.968553707108772,0.9977863658879015,0.9986635997844473,0.9394544139564442,0.9772874914290771,1.0368163123076932,0.449540480144564,0.7236241330459504,0.9436813797449459,0.9701802579238785,0.9964505915266568,0.9929045817082838,1.0050973756216106,1.0035836883238554,0.9864945646377595,1.0148690560590936,0.9767004543079519,0.9845852037215226,1.0164397249279309,1.0124755359879216,0.9467005800009642,0.9414687223041363,1.0116058761080486,0.8452379056236504,0.7534008152068884,1.0043379021370344,0.8615469907307267,0.7203216997079634,1.0085809155307794,0.839942935490115,0.709948949754037,0.6293043941947749,0.13464715537130367,0.06972329624997635,1.0116141452001013,0.9552953309979103,0.9600343686661578,1.0074524934741327,0.8314976166894726,0.6770468863288188,0.9979967469494082,0.7611539768586957,0.6342608361579162,1.013878497984429,0.9531036005482932,0.9528475462601316,1.0492271538616764,0.7489807033054121,0.4483640887645264,1.017705434402116,0.9070302591391954,0.8290821535819225,0.9822272947257581,1.0059676907093065,0.7815498785549156,1.0997129442767322,0.9966423903253095,1.004874877263218,0.5593085705746619,1.0620183672058263,0.941640280913871,1.0429604063631293,0.9822429232775816,0.9962607585166107,0.45036784979174266,0.9874766791021597,0.6568591721538419,1.0629952721588882,1.0050904363854134,1.199967527854856,0.9072100750958875,1.0242128595551534,0.8198621168973951,1.045110013415376,0.8849843705017797,1.0092446513735294,0.7458398728043528,0.5717673010708303,0.7708591928793205,0.6189821168020045,0.9941878955617698,0.9885362580439425,0.9539543275388416,0.9237681458400248,0.7346906363625209,0.5549526304040618,0.7140066539307173,0.618155378043292,0.9917204501888934,0.9535752381535126
pix2,1,4,1.0007710260399933,1.0003788573938737,1.0001444860623891,1.0021520844136298,1.0000340076805492,1.0058711662820825,1.0002030873978291,1.0007350932745656,1.0017717170728229,1.0047698106892722,1.0005754573365957,1.0018322848718537,0.9895382191454932,0.8799230584157723,1.000643345657603,1.002828794513778,0.967594721320361,0.5903908091420844,1.000246310834236,1.0014317584448644,0.9735457681082744,0.7568456422753913,1.0001045697691855,1.0011168357436755,0.9774941619712069,0.7150424802407525,1.002257779713338,1.0066929869159635,0.9714004922231038,0.6947313063985879,0.9999488737765406,1.0000759468643932,0.9946299355316328,0.9317622340661127,0.9824370806656053,0.9949611601333888,0.9986490754011693,0.9989198217050709,0.9946514886587511,0.996280297329528,0.9918237437009886,0.9959516811546241,0.9996880515321417,0.999694003287584,0.9931866981331638,0.9969983841193493,1.0033084132672838,0.8426612407350225,0.9358219911608603,0.9924766465867464,0.9957291208286353,0.9994611048523953,0.9990909452720194,1.0004651479877835,0.9998772323057344,0.9976883537228382,1.0011725790963202,0.997408267615546,0.9981165998382647,1.0015423004041106,1.0004373273361018,0.9908993154338195,0.9897192493185246,0.9914191395184327,0.9675476876592248,0.943711896053574,0.9864504485361567,0.9678612991355039,0.9309619756265726,0.9940157328760274,0.9656027966932323,0.9344719490741268,0.7013278644730062,0.18945951892278834,0.06673207852743876,1.000532573494054,0.9937690248729911,0.99354977516496,0.9931902448735948,0.9639476163971908,0.9255272407645208,0.9877831973288222,0.9549897407038965,0.9199101879043393,1.0002683523840872,0.9912054511781516,0.990623654864362,0.9709019957987934,0.9229758211236111,0.8354602240042538,0.992439187038599,0.9767086469292953,0.955489282222034,0.9959641225512579,1.000626653999758,0.93942339957433,1.0103654180508912,0.9987029099836755,1.0005194867355418,0.8986875650835507,1.0069579173784518,0.9766338361926107,0.9998911785550567,0.9967906691836994,0.9987393971034445,0.8712524891342434,0.9804537679471522,0.8950789902974715,0.9883593691074374,0.957655810806248,1.0006440456200583,0.9735371881458941,0.9947450423699039,0.9477151937518616,0.9958121835565089,0.9702798346462193,0.9920785166839414,0.9299426344906638,0.851196678183187,0.9364387188464387,0.8663321675306132,0.9987378708752316,0.9970994463129876,0.9869955805794354,0.9728772261428189,0.9268017405412571,0.8453903149857696,0.8431059612801641,0.8277343392226653,0.9973851369051412,0.9763767995200958
pix2,1,5,1.0000603915675221,1.0000278438884898,0.9999868429024317,1.0001074331272721,0.9999923453505165,1.000468427842349,1.0000077071332854,1.0000630779097452,1.0000928187072007,1.0004030735500278,1.0000317361603148,1.000162037711725,0.9986687439777171,0.9805467716666735,1.0000315166997735,1.0002597296669609,0.9963332377422587,0.9383143959322803,0.9999876528623581,1.0001128514832751,0.9969391823302526,0.9636222704505989,0.9999918375011999,1.0000981905761628,0.9975206415514601,0.9586469411750616,1.0001301230419135,1.0005886857014368,0.9961246845942644,0.949560431776038,0.9999931931871289,1.0000068619668407,0.9994319721830873,0.9907415969165249,0.9981672803966384,0.9993977719364846,0.9998162298155087,0.999845111489563,0.9993125161345322,0.9994613102927463,0.9989934900744467,0.9993736996204977,0.9999646334320546,0.9999612281074661,0.9992861773778159,0.9996319110819045,1.0002294859056426,0.9800258571818685,0.9915850868720518,0.9988798776323834,0.9992914475043804,0.9998776379858788,0.9998389057828742,1.0000297882477625,0.999950048750684,0.9996978321514958,1.0000604499137105,0.9996964233257196,0.9997446340361662,1.0001106018774581,0.9999520985000242,0.9976188214721513,0.9972725443306146,0.9982971921208565,0.9910950689297973,0.9866367266051932,0.9975415374114819,0.9916256108501957,0.9858880616134698,0.9988075615340172,0.9908206621958625,0.9853757644345962,0.9197697539376802,0.5586962064733703,0.3261388692271795,0.9999895228054256,0.9988965915834135,0.9988532020565913,0.9987051527485108,0.9911210847464704,0.9850264878223834,0.9978720671497457,0.9897680194091731,0.9840678093751958,0.9998908446293946,0.9974236854758326,0.9969973437443272,0.9941994700665931,0.9761309085493582,0.9609508880059379,0.998444135953649,0.9931055151608297,0.9894214667101581,0.9993069472029484,1.0000489754009345,0.9885126225908982,1.0007746165812303,0.9997502982458455,1.0000491346074363,0.9836680878039272,1.0004399648913769,0.9938807679663012,0.9994752457974406,0.9996146284993144,0.9998223099670432,0.980333412356999,0.9966582760109993,0.9782441357367494,0.9971003837338668,0.9875629059573513,0.9980078189628048,0.9946732903378631,0.9987687983321654,0.9887737460266046,0.9986940558940812,0.9945995650077,0.9984569322905618,0.9900382783148158,0.9780381763068682,0.9909287187407058,0.980190347973844,0.9998311916158188,0.9995997895676667,0.9981341862947083,0.9959608700721148,0.9895946917570817,0.9771876189838361,0.9746777246963666,0.9728729625376045,0.9996126109450717,0.9962115338981953
pix2,2,,15.910559544824608,25.051263069573746,1.0938196185249038,0.7198210821349739,0.0,1.8761598012056766,0.0,0.0,0.0,0.0,0.0,8.953026079736013,1.0156203333315452,0.6826917661046775,2.358339838445061,0.8169614559874165,0.2237999607268518,0.0,0.0,0.0,0.0,0.0,6.391554710579377,0.0,0.0,0.0,0.0,3.9695561136378466,0.6018949385123884,0.26614522364385784,0.0,0.0,0.08008971889997554,0.030947837748389117,0.0,0.0,0.0,0.4120939000492017,0.24309721106981372,0.0,0.03755511925890417,0.0,0.0,5.1651777796842415,0.09589932480410816,1.4420038265343118,0.886781105280079,0.5174472937772283,0.737563079886578,0.12522882858075818,0.0,0.846612892766944,0.0,36.28298177028388,1.6008279023198022,1.4106741044343212,0.0,0.739973692568961,0.8712633832647467,0.0,5.814568724690604,0.0,0.0,0.0,0.0,0.0,0.0,0.7185645007833009,0.1267744632065496,0.0,0.0,0.0,0.6149075109784875,0.2701854132253058,0.18283417934667,0.0,0.0,0.0,0.0,0.0,0.0,0.0,0.0,0.0,16.3417681134814,0.0,0.0,2.0387197860443775,1.267057011043399,0.9260424133496732,17.95539326911027,0.0,0.0,0.0,0.0,1.5836868563571727,2.1648543038489896,0.0,0.0,0.0,0.0,0.0,0.0,1.1573322258466416,0.24449425518517845,0.2951067162685082,0.0,0.11776613002254442,6.529164407617288,2.6968820414779473,2.5079159359510563,0.0,0.0,0.0,0.0,0.0,0.0,1.4012068596668132,1.1537644058238623,0.0,0.0,0.0,0.0,0.12459523180583541,0.0,0.0,0.0,1.1711725804664068,0.0,0.0,0.0
pix2,2,-2,15.912071395154298,25.013059623398547,1.091988319819231,0.7218771562569812,0.0,1.8771126901108135,0.0,0.0,0.0,0.0,0.0,8.952919594973318,1.0156673236786438,0.682645672941585,2.3607296134828166,0.8168940378928354,0.22376896280221142,0.0,0.0,0.0,0.0,0.0,6.3892770632600016,0.0,0.0,0.0,0.0,3.969680322320282,0.6019074299834107,0.26614157372548725,0.0,0.0,0.08011507525024528,0.030959838556875483,0.0,0.0,0.0,0.41211305603792464,0.24308534826326833,0.0,0.03755054174969118,0.0,0.0,5.1642006861778365,0.0959032020353338,1.4419502116468925,0.8883936180531287,0.5174472104602711,0.7375615211180169,0.12522818371124578,0.0,0.84660103956212,0.0,36.26032802572555,1.6008220511918108,1.4109832818443566,0.0,0.7399675687938694,0.8712834097657921,0.0,5.81416850959126,0.0,0.0,0.0,0.0,0.0,0.0,0.7185655097391809,0.12677783929902547,0.0,0.0,0.0,0.6149091401648208,0.2701854172611011,0.18283418373514992,0.0,0.0,0.0,0.0,0.0,0.0,0.0,0.0,0.0,16.33969407821159,0.0,0.0,2.0384977477448136,1.2670565455050578,0.9260410070222802,17.955870170353265,0.0,0.0,0.0,0.0,1.5836908920318302,2.1648519161947246,0.0,0.0,0.0,0.0,0.0,0.0,1.1573352442016192,0.24373679036921247,0.29510568568656426,0.0,0.11776509850851344,6.529278494320205,2.6968808719146504,2.508259979263591,0.0,0.0,0.0,0.0,0.0,0.0,1.4012177235023733,1.15376730304302,0.0,0.0,0.0,0.0,0.12454698413987665,0.0,0.0,0.0,1.171179838220108,0.0,0.0,0.0
pix2,2,-1,15.924666956000799,24.675322443144914,1.07575097064497,0.7401526422195072,0.0,1.885573447910566,0.0,0.0,0.0,0.0,0.0,8.951884538268514,1.0160828552882064,0.6822347861562333,2.381930968689886,0.8163094020715486,0.22349355934737558,0.0,0.0,0.0,0.0,0.0,6.36902446981453,0.0,0.0,0.0,0.0,3.9707989823045304,0.6020190450205024,0.26610971164012315,0.0,0.0,0.08034150423432153,0.03106754950819834,0.0,0.0,0.0,0.4122956069641847,0.24297930040689797,0.0,0.037509867873736995,0.0,0.0,5.155436757763062,0.09593793242157789,1.4414722159144646,0.9028089025330475,0.5174464654153133,0.7375474687656345,0.12522256840705065,0.0,0.8464964211123139,0.0,36.057793972597175,1.6007699352249332,1.4137509807297433,0.0,0.7399133866916254,0.8714550941617424,0.0,5.81058278765981,0.0,0.0,0.0,0.0,0.0,0.0,0.7185745306056448,0.1268078305071381,0.0,0.0,0.0,0.6149237130086003,0.27018545325889015,0.18283422206913208,0.0,0.0,0.0,0.0,0.0,0.0,0.0,0.0,0.0,16.32100982111585,0.0,0.0,2.036516551336557,1.2670523924535129,0.926028516366122,17.96008124517643,0.0,0.0,0.0,0.0,1.583726871328151,2.164832594547024,0.0,0.0,0.0,0.0,0.0,0.0,1.1573620601157215,0.2369719064039652,0.29509655253400774,0.0,0.11775584535765346,6.53030421947754,2.6968704073948744,2.511347967854777,0.0,0.0,0.0,0.0,0.0,0.0,1.4013156706985892,1.153793355725714,0.0,0.0,0.0,0.0,0.12411159880614596,0.0,0.0,0.0,1.1712433450460684,0.0,0.0,0.0
pix2,2,0,15.968134623283767,21.807571730158063,0.9340745029647503,0.9034739914180394,0.0,1.960456730712901,0.0,0.0,0.0,0.0,0.0,8.93519049897368,1.0196123543600593,0.6784876488919259,2.5679492981118517,0.8123118711187832,0.22104787729316822,0.0,0.0,0.0,0.0,0.0,6.187402978631179,0.0,0.0,0.0,0.0,3.9820282997994467,0.603063975008666,0.26588098097012985,0.0,0.0,0.08245719785154099,0.032118573195155556,0.0,0.0,0.0,0.4149833529331212,0.24198163625858662,0.0,0.03714722824623974,0.0,0.0,5.0705762765510825,0.09627065360860157,1.4370901241792906,1.037911485160942,0.5174394253188875,0.7374054629602181,0.125181569079459,0.0,0.8456200305595685,0.0,34.15771767772428,1.6002960517133762,1.440085909673402,0.0,0.7394492588615601,0.872473606347574,0.0,5.776238874163111,0.0,0.0,0.0,0.0,0.0,0.0,0.7186596243100988,0.12707677159367,0.0,0.0,0.0,0.6150610552624967,0.2701857842595957,0.18283451152966193,0.0,0.0,0.0,0.0,0.0,0.0,0.0,0.0,0.0,16.13310730011489,0.0,0.0,2.018303793815228,1.2670139748456086,0.9259168511964385,17.994666310755555,0.0,0.0,0.0,0.0,1.584058738432174,2.164834881869811,0.0,0.0,0.0,0.0,0.0,0.0,1.157597061230964,0.17420594327201197,0.29501702338135405,0.0,0.1176656912736885,6.540486649383404,2.696771552987999,2.541405274874924,0.0,0.0,0.0,0.0,0.0,0.0,1.402309952292964,1.1540520060201942,0.0,0.0,0.0,0.0,0.1196564243160395,0.0,0.0,0.0,1.1717127244269538,0.0,0.0,0.0
pix2,2,1,14.486462738282787,10.677443583904518,0.13460353837076747,1.5451246153779918,0.0,2.312541627710906,0.0,0.0,0.3324804850175703,0.0,0.0,8.542975529428153,1.0279725887534217,0.6482766635025953,3.355433065794504,0.8464266707954404,0.21156206178824702,0.0,0.0,0.0,0.0,0.0,5.472651180024451,0.0,0.0,0.0,0.0,4.0853243527300425,0.6094876031098022,0.26814296375905894,0.0,0.0,0.09870636776797255,0.04438438225238124,0.0,0.0,0.0,0.47813984256446557,0.23566248835147063,0.0,0.03556609437120434,0.0,0.013198596486376077,4.397914483016441,0.09884866966246228,1.4193974615270162,1.9082292002098165,0.5173848192292476,0.7361303868556286,0.12533284770769929,0.0,0.8437328779790315,0.0,22.34675870261745,1.5985624240437912,1.6184714656360732,0.0,0.7380702022464432,0.8579760965103659,0.0,5.327922406002236,0.0,0.0,0.0,0.0,0.0,0.0,0.7193352926359515,0.12987195479563812,0.0,0.0,0.0,0.6159098198694988,0.27018798390937526,0.1828356297860404,0.0,0.0,0.0,0.0,0.0,0.0,0.0,0.0,0.0,13.796199945877273,0.0,0.0,1.9895387497189767,1.2667431236985691,0.9248739557989452,17.122373090637172,0.0,0.0,0.0,0.0,1.5851029587763479,2.1687778079362032,0.0,0.0,0.0,0.0,0.0,0.0,1.1555236555708563,0.0,0.294836059385207,0.0,0.11766403923578668,6.5175370427555555,2.696285292653462,2.803024764069947,0.0,1.0146773216516292,0.0,0.0,0.0,0.0,1.4115870707348235,1.155928369193378,0.0,0.0,0.0,0.0,0.0749490287301962,0.0,0.0,0.0,1.178362939990632,0.0,0.0,0.0
pix2,2,2,5.840757076744081,3.151904137956569,0.27006333157155904,2.769521742221995,0.7910515631491226,2.906098195158917,0.0,0.0,0.0,0.0,1.6927792405471902,5.842455624260128,0.9780086854129804,0.5877683527570178,3.0810053864193243,1.2351827726645372,0.21433350591219782,0.0,0.0,0.0,0.0,0.0,2.7120722383846196,0.0,0.0,0.0,0.5896004050336282,4.614663596689016,0.6239804535398605,0.30446720812559463,0.9280415405467153,0.0,0.1449809719618776,0.07430061994533317,0.0,0.0,0.0023989672088134094,0.8855068343532887,0.23495853416454116,0.0,0.03819868608114579,0.0,0.27675835903086854,2.29678361284147,0.11948640880809075,1.39679294916495,3.064763745056138,0.5171259109141245,0.7334436969127913,0.1288360177620288,0.0,0.8536482066647738,0.0,5.894794352315328,1.6207725295718975,1.8591747685761824,0.0,0.7397748869671695,0.810727200482298,0.0,2.7076123633706373,0.0,0.0,0.0,0.0,0.0,0.0,0.7239368002462991,0.14672201284343608,0.0,0.0,0.0,0.6171331006288597,0.27019355657184085,0.18284111722480395,0.0,0.0,0.0,2.4451300179615716,0.0,0.0,0.0,0.0,0.0,5.645081958067018,0.0,0.0,2.3712989984262736,1.2650261250221746,0.9186932726979488,8.96506541779549,0.0,0.0,0.0,0.0,1.5758479329982498,2.2149140481960243,0.0,0.0,0.0,0.0,0.0,0.0,1.1336358099765758,0.02967087990593703,0.2939023165719817,0.0,0.11930153664112977,6.672051391422413,2.6953889082870055,3.46402678775423,0.0,3.7674891300938365,0.0,1.4223680783168016,0.0,0.0,1.430582373367972,1.1654080151180028,0.0,0.0,0.0,0.0,0.0,0.0,0.0,0.0,1.181568110316978,0.0,0.03132723528736319,0.0
pix2,2,3,1.8993019642616664,1.3529277285582133,0.8496253366663707,2.040331458421242,1.0544396251489774,3.0277401156203743,0.8974516438342379,0.07361110439233433,0.8339488950839559,0.11291787587399488,1.2898013378828934,2.629047935478283,0.8861028029642736,0.52274032134607,1.576993864743404,1.6618962792936918,0.23974084241630306,0.0,0.7654774691610031,0.0,0.0,0.0,1.3262866659687145,0.2912870532554118,0.0,0.0,1.5515044879566204,4.814983042465809,0.6566130373991464,0.34986299120509995,1.02922261114496,0.7206070336240495,0.34328931259329254,0.05189113686197842,0.011426348569660748,0.0,0.41479763691901045,0.9595409734714935,0.26447823205687354,0.5184034259850681,0.07272086484906176,0.0,0.7442753826844934,1.2386745383443625,0.21934614455472867,1.3024580403071988,2.502459899007829,0.5172141050304747,0.7230899776843022,0.16069227750127482,0.0,0.8708841165208386,0.13788984931259313,1.6700268208487608,1.6488619711397892,1.2795638565834315,0.5288266295955881,0.7477529682560388,0.8273129449113686,0.7856674854733611,1.3579068258581746,0.0,0.0,0.0,0.0,0.0,0.89617640701909,0.7612837018664333,0.24050956175800714,0.5167166164854526,0.0,0.0,0.6203297324835868,0.2702247266686736,0.1828422680841017,0.16560217573306465,0.0,0.0,1.6653786954059508,0.0,0.0,0.7174878546762862,0.0,0.0,1.8211881978796016,0.0,0.0,3.198002084916183,1.2520869181889471,0.8906575883691503,3.046652561425503,0.0,0.0,0.18189337763250668,0.7591755153628172,1.4171872366922074,2.280489341829724,0.0,8.634612346080068e-05,0.0,0.0,0.0,0.9926128199558106,1.030794004861689,0.8581034336262169,0.30180057142647915,0.0,0.15640156590886886,5.201157259373235,2.6746472454377437,4.080692075654083,0.21564036093309533,2.5624226230817024,0.0,2.5199147108576936,0.0,1.125079503090591,1.2184054336350303,1.0500796479111318,0.0,0.0,0.2050143945239733,0.08737878274309605,0.3054531520811279,0.17447585551947037,0.15581460074381487,0.0878443493355956,1.1775057137664213,0.03735646694611984,0.7986764525535578,0.0
pix2,2,4,1.2037550536264154,1.0882362689718306,1.0260993811360624,1.410032536861902,1.0253334119128574,2.2698824380531812,1.0214761919460351,0.9815958153646049,1.2092680801292361,1.454899841563369,1.1241273585304743,1.476625936981073,0.8468385657492862,0.6212054943176175,1.1843309947392227,1.4783840675405953,0.27374920418696663,0.0,1.0340841717220992,0.7463470649269306,0.0,0.0,1.062552026294287,1.017054317888048,0.19308906400831094,0.0,1.4369679883052586,2.7238919140400126,0.7222734352119695,0.43940884181956913,1.0036948050770733,0.981159380953831,0.7001217294557885,0.0,0.1247506712339431,0.6227075336535095,0.8679437734096707,0.979075082346521,0.517136837066417,0.8191300385653878,0.2853710790705483,0.4724761865922005,0.9642707101987581,1.0267744067712787,0.47716818033287506,0.9280662288618796,1.5820607012248882,0.5186946706460019,0.6979035239902808,0.4007995826145568,0.46119041550498385,0.9277504219228729,0.8540473018939048,1.129056850326717,1.3652766564135586,0.9788139025811702,1.1208896262234154,0.780868469630973,0.8324180223555959,1.189096193254078,1.1759895147736634,0.0,0.0,1.2015816943588866,0.0,0.0,1.3888295745193675,0.7498417168347596,0.4523786796163795,1.2361737421557324,0.0,0.0,0.6294912672427208,0.2701207653202216,0.18232297613237886,1.02226632352542,0.4558452907317027,0.5674413522106052,1.2957693254714129,0.1532212147377486,0.0,1.1398001159258557,0.0,0.0,1.2570456167346813,0.056416111697251914,0.24068206960322625,2.7130772030842945,1.1319026105135859,0.7667563202162742,1.6445181218408662,0.28318640307150356,0.23564966829358217,0.88977740208915,1.0363921505207636,0.9153212279401604,2.210285286132764,0.7668166734157528,0.9461048789876123,0.0,0.2777223251591115,0.0,1.6172134695394866,0.9418044853402052,0.9494710427831458,0.2714659177307704,1.0323513313850958,0.3259377002615388,2.7714482340721953,2.4517271983474624,3.836744001426035,0.7529242397487856,1.6603185652353805,0.0,1.9900144556009296,0.5382551073806227,1.3818101242914678,0.6071114791752427,0.49823797359751565,0.2220326053307478,0.16770484428178228,0.8805748276437342,0.8502956689557422,0.7700745718504548,0.7375018463078712,0.4824566058394008,0.3942510897441808,1.0213314769188793,0.14101437078243625,0.9127761015086202,0.709263623327529
pix2,2,5,1.0343510161941363,1.0165589395150487,1.0177425431957188,1.090153376668935,1.0073994546176062,1.2736437472195192,1.0102328715031765,1.036423806411375,1.0735173124095443,1.2607101843033839,1.0282947460861873,1.1150294153275657,0.8857473099749305,0.8376644964334262,1.0413877523948494,1.1661740635686573,0.5738107294823943,0.0,1.0177824889008822,1.0574919373261555,0.6130312391544908,0.0,1.0136584826079382,1.0538213456769854,0.6634390835330914,0.0,1.104289511808334,1.4216103953282209,0.7320466321263707,0.6002469520402116,1.0006919412279145,1.0049571916302162,0.9079013796802143,0.3796370099074239,0.6643240083172492,0.9148754871428695,0.9800631615953301,0.993283187037885,0.8870582823429778,0.9553347635120362,0.8076489386634139,0.9073059773763074,0.9955499052721926,1.0005783988640742,0.8628643158842432,0.9640077582983906,1.1670959608102294,0.5235489258044529,0.7125449508129565,0.8551871012787247,0.9136173351665992,0.9862198289046301,0.9770397022170266,1.0276848845740405,1.0605551183702349,0.9801222759461709,1.0627575491211343,0.9394721348863931,0.9593638174562044,1.0749974387935584,1.0598595843267844,0.7286329269303053,0.7503031158295683,1.1588100013105644,0.49260386729906364,0.40372884683835786,1.1537384722608415,0.6971149896789612,0.5347350317220185,1.1094853678733765,0.5165291726755804,0.3498070814075221,0.6463207531703284,0.2654592439595077,0.17750435389078711,1.042508706706991,0.8545122111132137,0.8925076107357007,1.103397445046111,0.5666835648669566,0.38372634568500275,1.092705844520378,0.38236278680259295,0.32745164816777267,1.0753327494783906,0.7702918175171253,0.8205761897295554,1.5619666548322877,0.617884208857957,0.3187789961546142,1.1756401967033892,0.7093380162169122,0.6336575985747274,0.951740617007396,1.027938000068688,0.671542766340498,1.5276385318679315,0.974238760899626,1.0178960740380691,0.19776463489630164,1.1469876873613893,0.7370494693398669,1.2288608312778815,0.964437215397302,0.9927140583581802,0.2740317902347129,1.1104878276220198,0.5606831390360526,1.5084194912289333,1.4905163262110717,2.038916747746444,0.8421267335992441,1.1927879027419575,0.525199807981984,1.308004011798507,0.8058873110212867,1.1354773168027525,0.48395463785977194,0.40182382183272275,0.5247457594170921,0.46116441859747703,0.9728488724376677,0.9663875963595059,0.9066328339103902,0.8936540102045791,0.46251541306401595,0.3833603471478668,0.899442994056705,0.4619826825379264,0.972438764872918,0.9482505874638042
pix5,1,,13.491337298601044,22.18714679020319,1.5687812171959155,2.4189793891990012,0.0,1.5155280049266215,0.0,0.0,0.47597288533628607,0.0,0.0,6.772368721811374,0.9488344874024265,0.7127862128845207,2.2063574451103496,0.9988323324042762,0.1673160928464143,0.014430948744433042,0.0,0.0,0.0,0.0,5.614598935500564,0.0,0.0,0.0,0.0,3.7177449012700996,0.7080063357826435,0.20925291788350228,0.0,0.0,0.054543682137719665,0.0,0.019581669314458348,0.0,0.006711317097094592,10.707205674233435,0.30295448327971314,0.188609459374691,0.11164055018308444,0.0,0.00082935854693178,3.0447861261020552,0.08432872830352828,0.9389684022363289,2.8002256441824134,0.24274326782678873,0.30744457431561584,0.269772703582507,0.0,1.601729303970659,0.0,6.969591474307154,1.1713993837949788,1.7707051282932555,0.0,0.6034251149448527,1.4530408770139054,0.0,8.306676256430533,0.0,0.0,0.0,0.0,0.0,0.0,0.0,0.0,0.0,0.0,0.0,0.5544937080620296,0.10837505551319584,0.06872426412443533,0.0,0.0,0.0,0.0,0.0,0.0,0.0,0.0,0.0,0.0,0.0,0.0,2.2481712197158403,1.3825732743671808,0.9747894008208855,21.80888182275185,3.3114967864862854,2.1911687038184096,0.0,0.8375650510192018,1.629262596339566,1.7460227404229574,0.0,0.0,0.0,0.029520191063684056,0.0,0.0,1.1165615163448128,2.0555112402540243,0.04276643829755238,0.0,0.2541065519173894,0.6529764870455153,2.676923734185977,4.84781973008486,0.0,0.21310028507951354,0.0,0.0,0.0,0.0,1.420469982400562,1.1351257221798858,0.0,0.0,0.0,0.0,0.12716349689542733,0.08196472137132842,0.0,0.0,1.1319622782379097,0.0,0.9928382128657416,0.0
pix5,1,-2,13.8942448302888,13.65274605913112,0.9133585154222524,2.5513615076224943,0.0,1.6935967523161926,0.0,0.0,0.8566021032796176,0.0,0.4580489718410457,6.536044442684701,0.9456974089685258,0.7153402966588527,2.646052000463917,1.0195003662625761,0.1664517132937845,0.01924575209105578,0.0,0.0,0.0,0.0,5.3511920071731875,0.0,0.0,0.0,0.0,3.7726363600987485,0.7103985944332493,0.21274903716356544,0.0,0.0,0.06627511332212482,0.0,0.020426369510666488,0.0,0.0706436012282616,9.799682661047028,0.30400482142210067,0.2407884507642178,0.11209821509452825,0.0,0.0003778496443756259,2.9704464979968317,0.08329120960763585,0.9091121512315582,2.893568283508879,0.24338478319652093,0.3156166653684106,0.2708214755059344,0.0,1.5994873688328632,0.0,5.69750277110313,1.1710130034910593,1.9165066305367877,0.0,0.6032413767926008,1.4116440548135998,0.0,7.087440893972264,0.0,0.0,0.0,0.0,0.0,0.0,0.0,0.0,0.0,0.0,0.0,0.5541066704457294,0.10839141354069981,0.06871219758119158,0.0,0.0,0.0,0.0,0.0,0.0,0.0,0.0,0.0,0.0,0.0,0.0,2.342948332508534,1.38309814621077,0.9742108720360033,20.65050662096058,3.308650594761883,2.195750449979413,0.0,0.9467535039478433,1.630808292849281,1.7533019448745657,0.0,0.0,0.0,0.026956656825283507,0.0,0.0,1.116313804710292,2.0861892410449046,0.04268305366488957,0.0,0.2528769686126383,0.7244990220765598,2.677253385451456,4.93177665235942,0.0,0.7989480764662023,0.0,0.0,0.0,0.0,1.426397731186888,1.141071599159652,0.0,0.0,0.0,0.0,0.09393326834124789,0.05188977199917531,0.0,0.0,1.1214631424746637,0.0,0.9735605973982201,0.0
pix5,1,-1,8.249649808211085,4.757932287938503,0.3621366577946599,3.3408279139439787,0.1600512932532714,2.103376367704272,0.0,0.0,0.42345395011785725,0.0,1.9959599829570305,5.13522444370749,0.9328833017137902,0.7217746963318543,3.176262125346482,1.2128691959303524,0.16908400161428577,0.04402656082187379,0.0,0.0,0.0,0.0,3.296914604125468,0.0,0.0,0.0,0.876611687069611,4.033525502259262,0.7129971690415225,0.23912121278354437,0.3822516654428563,0.0,0.11293903256575435,0.0,0.023433400934618997,0.0,0.35810349824962123,5.873313785665421,0.31100560684326084,0.5247878001113604,0.11589629787285746,0.0,0.04795330282401864,2.5132519830912265,0.08285412001007456,0.7877628309213721,3.0584776403617737,0.24608306648965292,0.35102423158232904,0.2751263921164068,0.0,1.580119827405619,0.0,2.918206843544498,1.1810511851252465,2.450094173574297,0.0,0.6059444253247723,1.1980074638204967,0.0,3.4791878485526935,0.0,0.0,0.0,0.0,0.0,0.09200686441711334,0.0,0.0,0.0,0.0,0.0,0.5532530162556358,0.10852134583339605,0.06861559707783621,0.18447367315586605,0.0,0.0,0.7997356054986497,0.0,0.0,0.0,0.0,0.0,0.0,0.0,0.0,2.8562965375807217,1.3885648724358275,0.9727793351432253,13.858571722568575,3.2802943841598164,2.211115332712137,0.0,1.3665453446923217,1.6370858675005489,1.8063975683851796,0.0,0.0,0.0,0.016619191966986146,0.0,0.0,1.1145897350876766,2.0807189562001716,0.04235600688296697,0.0,0.24551252738606505,1.415657564750146,2.6780794350286876,5.133806115491228,0.0,3.204511191460352,0.0,0.0,0.0,0.0,1.4454316655807948,1.1563093966755333,0.0,0.0,0.0,0.0,0.0,0.0,0.0,0.0,1.0558264506195678,0.0,1.023780800598086,0.0
pix5,1,0,2.6486415097150284,1.6553633113918929,0.7511436584260103,2.9497698073717444,1.0633078380367516,2.482016878289238,0.7725505733308493,0.0,0.7598461088582488,0.0,1.4614812541894777,2.6010132987686214,0.8868522953604022,0.6655745434799359,2.014486783699362,1.6343581788076265,0.1822567718628802,0.05598411941354192,0.5253747374014077,0.0,0.0,0.0,1.570650110447385,0.0,0.0,0.0,1.8665654664837423,4.333980963775452,0.7176573370115081,0.2992907475387211,1.0270566387537818,0.6103230088847036,0.19083560155018367,0.0,0.030477387290827804,0.0,0.7496142372516964,2.0124231581713055,0.35846137669892814,1.0224456109680313,0.1363363547237913,0.0,0.4487640391229081,1.5614286309312853,0.11590130264814408,0.8550291934610946,2.509966602155079,0.24841482832455325,0.3939160801576469,0.28464600830416786,0.0,1.4137918212994183,0.17893316076209076,1.38777774897129,1.2768412552066706,2.1073984091924376,0.3405927914777665,0.6250876007165383,0.9549013217563248,0.6343094957684056,1.4909336404271631,0.0,0.0,0.0,0.0,0.0,1.835718194820377,0.0,0.0,0.006476318120989198,0.08257134020033328,0.0,0.5609134524545105,0.10958855432939078,0.06874126682805723,0.7628708815960831,0.0,0.0,1.679836022917287,0.0,0.0,0.43281608814907857,0.0,0.0,0.9044918235826659,0.0,0.008645407797177766,3.1817927926738623,1.4299281852473662,0.9902464059457786,3.772508387245241,2.959867394241522,2.1310449465389034,0.3093658396354946,1.3114207207099968,1.5530203219294467,1.8307684010108074,0.0,0.2077252952067142,0.0,0.06479881285514977,0.0,1.0222209164814569,1.0969714906871229,1.0970215209169603,0.04916875293304405,0.5180154662992607,0.24876410171370067,2.474037820897745,2.6734178938489572,5.087991134314972,0.09522380624342983,2.5472450615904383,0.0,0.6602444744055244,0.0,0.6317250580330875,1.0436846818080776,1.0235490795193967,0.0,0.0,0.42437366359316453,0.0,0.3279278235191262,0.10742072229164056,0.32830155222719526,0.11714360814062214,0.9040018520160908,0.11268304996590307,0.9355486789849453,0.0
pix5,1,1,1.3391261120224227,1.1402095834899075,1.0613076322178046,1.7347016909408868,1.0595370727893307,2.4115984111799014,1.0325944489462906,0.9240012609331925,1.303386604824406,1.2039391952091676,1.1945226900430026,1.443146820081508,0.84184861466559,0.6806122021114481,1.3358435105783935,1.4346647753997372,0.21681129857558185,0.04566331998449435,1.0749243111703062,0.497678720835319,0.0,0.0,1.1349031505882223,0.9207058541197582,0.0,0.0,1.6690349425148827,2.5972829773953072,0.7536372571458536,0.36229423594786625,1.01158607631056,0.9549025867842501,0.5049740323149088,0.0,0.054317282556228065,0.29240183570001677,0.9462015653903751,1.120262379506382,0.508133449906263,0.9072665418896911,0.19580059967593227,0.46404037855015134,0.8983696381318825,1.09253204866432,0.2660684701467197,0.8607238841561948,1.6556640625265795,0.24980071013549635,0.4176470211978842,0.3356523983127416,0.3602085323879439,1.049317307567455,0.8418817430596885,1.1009094646502235,1.2793106774887408,1.1656376703170575,1.0733074549122568,0.6664772614282762,0.7916203513796005,1.1225525815647373,1.2091468114627077,0.38221136845569675,0.1518039049611171,0.8425078621982827,0.0,0.0,1.4217067318880574,0.653988948441398,0.3293254868293309,1.098294898180678,0.23987053356219568,0.0,0.5828543474926097,0.11243060702563414,0.06893110410600105,1.113618124752623,0.0025845291536828264,0.06528062538028273,1.3315202583855286,0.04950115566004669,0.0,1.1960522211619737,0.0,0.0,1.1670297303502168,0.5925464457280832,0.549731558646289,2.6420339472705683,1.4481877179208682,1.04488713831534,1.6646874212561436,1.3646465687256792,1.2615661749542721,0.9270276341729565,1.0623929685114568,1.0533108183901538,1.6413592334482359,0.570244707377229,0.9738354936257188,0.0,0.37850542047214036,0.12337731638438504,1.5409277763638853,0.9546991846218071,0.9205180073429,0.061592640356298224,1.1793003146396703,0.32406861316299906,2.182487159636378,2.4946414176467915,4.264445402471922,0.6903423839687658,1.5681908387607704,0.007362598314258834,1.5792582287872852,0.4818998789401957,1.2238673253461732,0.5837689525686542,0.5413442503647551,0.2625365813849106,0.09701352122301916,0.92018564977489,0.8033222681600162,0.7792406434831294,0.6887564083372156,0.478157165023599,0.40369249804240137,0.8117742609886331,0.13655945426117153,0.932824973485083,0.7784165358043711
pix5,1,2,1.0648037825802972,1.0310695404816286,1.0428180248578072,1.1813384187304143,1.0179199749423018,1.4765757275393632,1.021904193000253,1.0373239046905585,1.1478945461187349,1.269338322498133,1.0553201135964105,1.1205546898458842,0.8496624790872391,0.8067723285555563,1.0875982181066504,1.1763752592004544,0.33156854398856184,0.02161910607523068,1.0410626349827448,1.0472221398460175,0.30443425087491266,0.0,1.0313562386037405,1.0512224248567983,0.41150423434022004,0.0,1.2024010274944583,1.4450463259826725,0.7310920383013201,0.48167741849415086,1.0021138810532377,1.0030573596817423,0.8077090537710182,0.28902357747151447,0.35684050680859347,0.7919263206328485,0.9816024158863902,1.0020755542522615,0.8080305059796807,0.9260007166315374,0.6095413762731557,0.8392033597773171,0.9861373181276709,1.0037348809384297,0.6742293804587054,0.9052709501964656,1.2250689473417782,0.267291231233505,0.46265366655304807,0.7061832262012356,0.8505183389157516,0.9916316694041228,0.9622470653716347,1.0302757413506958,1.0608900801338217,0.9704041791117153,1.0816359894366563,0.8540751135063412,0.9113735380968934,1.0930916554324897,1.0816544587646832,0.7736128884901162,0.7334124833282798,1.151381494531568,0.5427795348098149,0.4265940873253569,1.197666044285147,0.7474647807720662,0.5633424213010155,1.1200437956912577,0.5914022289623633,0.34664871070701847,0.6592253399320664,0.10812806890919946,0.06160932874760098,1.0744181695998094,0.7439528100214341,0.7706722492676599,1.1414559937802495,0.5772937989987483,0.32263775499032277,1.1535762319184375,0.19363507585317702,0.09756554598909369,1.0847280884155932,0.8214956647780784,0.8204287742004647,1.6598075975718736,1.0095980597008412,0.710552174174402,1.2129710399672737,0.8845028802940372,0.7907275173652253,0.9548752857358593,1.0234380040131505,0.6813746399559218,1.389680851008106,0.9545065776219632,1.0258664577714849,0.13782590324453303,1.0332054190055437,0.7837666657764202,1.278096208100302,0.944322008474688,0.988512401050983,0.11786141404144207,1.17158649784699,0.5251116717902939,1.527016923362558,1.6652768161751421,2.355042778125522,0.8275213144225759,1.2205251036974638,0.5502652127380889,1.3290291690826632,0.7868489180601961,1.1445563535891667,0.507203484982287,0.3853474077648439,0.5383838773484273,0.4273155829562509,0.9802336508382077,0.9600100452023416,0.9055413682801661,0.8799725455809769,0.4823782414243183,0.3568883533874212,0.8019824897359534,0.382457679366845,0.9740149918443746,0.943216623388312
pix5,1,3,1.0076730238375744,1.0037858446173362,1.0037851784687946,1.0216733580601745,1.001316051066531,1.0603170942489475,1.0025486845910219,1.006764374652413,1.0188779831090693,1.0433714017363875,1.0063768112138072,1.0167366311861612,0.9354873635260411,0.7735781396057616,1.0087921899463026,1.0263572602032855,0.7785238055089284,0.056035896601369234,1.003971503103329,1.0118309345451522,0.816390290017791,0.35868349790198456,1.002420298085193,1.0094355024919455,0.8418205659888706,0.21846910509325937,1.0241482021107489,1.061314321721403,0.8350383457422371,0.44341435140794083,0.9998722245049559,1.000825598376444,0.9575149001533361,0.7348178156507769,0.8586946255064003,0.9630694122302725,0.9931918306707673,0.9958254314177055,0.9644231588007759,0.9803730553310579,0.9363959577912496,0.9739895594065773,0.9977825782797235,0.9986097714431752,0.9457425349238473,0.9798021100783929,1.0334592688126658,0.4425624272224061,0.72204662706617,0.949798517301829,0.9748416690637238,0.9978398625819745,0.9944056864241615,1.004379074845246,1.0029109425622078,0.9875262727826775,1.0134377651707147,0.9777476858108718,0.9856994733610476,1.0148596545142554,1.012103966358826,0.9575776262118285,0.9542909620840606,1.0092815835952993,0.8836570929692803,0.8059562625414928,1.0000961527157028,0.884705794907166,0.7455450302336213,1.0068927835303234,0.8754757059899211,0.7594832999011417,0.7165930442619379,0.0958947873051195,0.03606155695042497,1.0117458169622113,0.9576741848156962,0.961810873046408,1.0049417461532457,0.8538051613068753,0.7013997914571841,0.9950211374490487,0.7817418667219758,0.6537501237432888,1.01265557408727,0.9640747837777561,0.9656907126740412,1.032196338217326,0.8140494812619135,0.5148515327730642,1.013057258705023,0.929592753892717,0.853278844535242,0.9822921620632803,1.005476320838707,0.7840723631483847,1.0904901483143374,0.9963147135356772,1.00482977209489,0.5947096648576058,1.060899042009323,0.9446065875526148,1.0385273408662679,0.9811483841985779,0.9960298396881214,0.4643189535864131,0.9841670145739654,0.6782564963385257,1.0509381999445913,1.0188746310592687,1.1853860998627057,0.9110303385006461,1.0198591866386089,0.82990914472537,1.0381418719185806,0.8886296868366358,1.0051487165660384,0.7479613212679752,0.5703728879246337,0.7750712365505894,0.6208737387826236,0.9941718260162796,0.9885784410840043,0.9554906194685995,0.9252694015675382,0.7374754414119985,0.5543046817586907,0.7049450244645785,0.6073619031748062,0.9917639567281373,0.9530162430757826
pix5,1,4,1.000731683387904,1.0003569419208838,1.000085309894673,1.0018956434598536,1.0000099332918229,1.005657976056388,1.0001802629760552,1.0006865936192635,1.0015993674817987,1.0044255726693294,1.0005191321657447,1.0016852288556606,0.9899786012055273,0.8817097646631847,1.0005777670075495,1.0026381196672483,0.9686775570113914,0.5995832285548484,1.0001646302363538,1.0011822633072793,0.9749456610472415,0.7662010462148325,1.0000547632946193,1.0009297228451381,0.9787723972435339,0.7309591296293354,1.0020536335512087,1.0061937811855646,0.9723937272770731,0.6935729971906829,0.9999480698549317,1.0000758335309783,0.9946153641728966,0.9309204563923561,0.9836724886374956,0.9955028684416938,0.9987408517505354,0.9989925230876697,0.9952248833664994,0.9966357726693285,0.9927712258476046,0.9965523926373071,0.9996977168531892,0.9997031061782043,0.9939410585867872,0.9973624279025312,1.003001794036905,0.8467938219001991,0.9421995309050603,0.9931513354031393,0.9962399847049082,0.9996057650099752,0.9992494263822117,1.000398422535861,0.9998826931646451,0.9978893635679839,1.0010443580212844,0.997525811626887,0.9982367684866156,1.0013753120748794,1.000339568260373,0.9915195037904182,0.9907587893575774,0.9919922345120237,0.9716189747308435,0.9519561429267629,0.9865585870181665,0.970671107648344,0.9366590155504452,0.9942105692166894,0.9695458641275492,0.9426594898441973,0.791003675643784,0.17229257371392157,0.04618753788523812,1.0004945972233112,0.9939545820406681,0.99379748611074,0.9930759512572521,0.966622474040192,0.9307736434660306,0.9876131880144713,0.9572575590396075,0.9241002937129442,1.0001028852059346,0.9918109757959881,0.9916069260681079,0.9703909968102512,0.9300013206856638,0.8494854970266438,0.9921848492029031,0.9787131739832869,0.9592604960545525,0.9960297691484679,1.0005693517855676,0.9422887327688314,1.0093532942501833,0.9987238724011801,1.0005109118804607,0.9086314371998417,1.0066490548926954,0.9772614419880624,0.9993279155813349,0.9967686964094615,0.9987159887604298,0.8798397309892187,0.9807160128258351,0.9035403584897284,0.9879843112243686,0.9614976174152616,0.9991258973906447,0.9752155243649063,0.9944796414549635,0.9504723220889547,0.9952063918267708,0.9722721728808084,0.992007100772837,0.9311128924726598,0.8529832156470365,0.9380939082972282,0.8690141996399875,0.998719074293188,0.9970570100226207,0.987520099667273,0.9737959082591524,0.9282134071072147,0.8476073203376824,0.8466332307324049,0.8281537244963896,0.9973289869841089,0.9769987719624258
pix5,1,5,1.0000596910236024,1.000027526198467,0.9999838373474119,1.000111151094048,0.999991533891456,1.0004655226993817,1.000007076173371,1.0000591151202447,1.0000903559854613,1.000378108971783,1.0000313387669313,1.0001511075839868,0.9987511468077931,0.9815010082491733,1.0000292010947265,1.0002428743096585,0.996482893003546,0.9408191633664543,0.999986995096729,1.0000928078975835,0.997144705823268,0.9658303070380105,0.9999900270768526,1.0000811581620461,0.9976808196912282,0.9615936907214734,1.0001300999448983,1.0005536225908225,0.9963667266412579,0.9514116745794323,0.9999931119333617,1.0000067881292312,0.9994312278567709,0.9907169178477641,0.9983128896611179,0.9994760097514017,0.9998323110978684,0.9998584460877132,0.9993963234645398,0.9995222855230496,0.9991274834864143,0.9994752649925878,0.9999660761382083,0.999962443827353,0.9993718542342005,0.9996849211524944,1.0002287294807917,0.980848658881277,0.9925158487132091,0.9989979789726098,0.99938054518365,0.9999070331978388,0.9998689224321998,1.0000285251379073,0.9999591813364052,0.999730308235707,1.000062198225597,0.9997101710346776,0.9997572482133147,1.0001035284473252,0.9999460508248131,0.9975066223404973,0.9969234355686609,0.9984961887981256,0.9912987820475712,0.9865361026654843,0.9976859940048883,0.9916535708660462,0.9855549465276873,0.9989085766001647,0.9909921347645388,0.9852236632112931,0.9556298752212719,0.5884746784102117,0.3880854025877282,0.9999873082330561,0.998858344745974,0.9987545451301219,0.9987560421757548,0.9910899700726836,0.9845104389603246,0.997932877119333,0.9896167698732109,0.9833386691722125,0.9998890537933828,0.9973336594035361,0.9966726901671195,0.9945309504602875,0.9760769885800817,0.9595440318187637,0.9985145765159343,0.9930289400710656,0.9889124112403981,0.9992641876503943,1.0000457032027974,0.9883102547960753,1.0007426793968917,0.9997331581201143,1.0000486816305365,0.9841447355700839,1.0004726747575214,0.9934490813544249,0.9994725078033105,0.9996093063288463,0.9998215546399433,0.9808655246011654,0.9968226480016681,0.9783154708931245,0.9973154229486533,0.986994406768397,0.9980988681886551,0.9946215463076798,0.9988311931515591,0.9883451490346409,0.9987345954823567,0.994644341953422,0.9985502384223144,0.9904158005611787,0.9788384596007408,0.9913604428357412,0.9810855416779231,0.999830431356637,0.9995980236697547,0.9982500487829612,0.9962013731213141,0.990015086001685,0.9780718425186263,0.9761194572373469,0.9737597470477287,0.9996102418044938,0.9964344118169856
pix5,2,,16.326726749440073,25.32590762608819,1.0137885867935805,1.1498522111044918,0.0,1.752851249478331,0.0,0.0,0.0,0.0,0.0,8.716444023247412,0.8997301909194514,0.7156154910722173,2.3331531610567264,0.7471659349918766,0.19805980622076153,0.004252329241775472,0.0,0.0,0.0,0.0,6.155362979737513,0.0,0.0,0.0,0.0,4.073338913466123,0.6811889168669313,0.12618946100157494,0.0,0.0,0.055872985235755825,0.0,0.0,0.0,0.0,15.335884837500512,0.26404660902783206,0.0,0.11154416173965342,0.0,0.1016284507635155,3.2072750028811323,0.0948200286400746,2.2537278077276413,2.494618426408683,0.37959981004177124,0.36010031902237133,0.3465369384421721,0.0,1.624829431980144,0.0,15.295449808832812,1.567843908983833,0.07300492096184091,0.0,0.7348516265149345,1.2821558684592937,0.0,20.33077348620705,0.0,0.0,0.0,0.0,0.0,0.0,0.0,0.0,0.0,0.0,0.0,0.6356188161040702,0.17294406443548713,0.10962114231970063,0.0,0.0,0.0,0.0,0.0,0.0,0.0,0.0,0.0,0.0,0.0,0.0,2.3879767134758736,1.380315443115298,1.0639369371269842,20.334973358046685,2.89949424960418,1.722790309914735,0.0,0.0,1.390274312810609,1.951565921100517,0.0,0.0,0.0,0.0,0.0,0.0,1.122166972026314,1.625258862731798,0.1312328284608795,0.0,0.2630896674397748,2.3143349654383694,2.7713264473779025,3.651106439079181,0.0,1.5843459247039993,0.0,0.0,0.0,0.0,1.3955203034500818,1.1494116814411266,0.0,0.0,0.0,0.0,0.2504636621027616,0.07499600508879388,0.0,0.0,1.3116887547344604,0.0,1.2989227765228535,0.0
pix5,2,-2,16.32826130133204,25.285542268229126,1.0118349775581343,1.151992796242551,0.0,1.753868011401777,0.0,0.0,0.0,0.0,0.0,8.716372146873354,0.8997739688642976,0.7156042687266737,2.3357604668362146,0.7470814123652043,0.19803443941246926,0.0042627703732948845,0.0,0.0,0.0,0.0,6.152809958406401,0.0,0.0,0.0,0.0,4.073467065979231,0.6812009638849118,0.12619253201726235,0.0,0.0,0.05591390210995234,0.0,0.0,0.0,0.0,15.332099366252697,0.26406195301668256,0.0,0.11154538388757011,0.0,0.10158835675340462,3.2066538103945725,0.09481490354937482,2.2535385310473646,2.495481306021928,0.3796005986632588,0.3601393917082007,0.3465518579112562,0.0,1.6248409364512812,0.0,15.284289430970455,1.5678199572664142,0.07398652384824142,0.0,0.7348472973545402,1.282013268865689,0.0,20.324897466571322,0.0,0.0,0.0,0.0,0.0,0.0,0.0,0.0,0.0,0.0,0.0,0.6356181857914744,0.17294408281531795,0.10962109320574817,0.0,0.0,0.0,0.0,0.0,0.0,0.0,0.0,0.0,0.0,0.0,0.0,2.3879747750668456,1.3803159147260904,1.0639348399019888,20.33308195005148,2.8994908934905976,1.7228090886073335,0.0,0.0,1.3902776550815588,1.951579331820966,0.0,0.0,0.0,0.0,0.0,0.0,1.1221668591643286,1.6249009700349304,0.13123159103017343,0.0,0.26308786576755094,2.314360498355423,2.771326871242011,3.6515283046481946,0.0,1.586005543464248,0.0,0.0,0.0,0.0,1.3955314992646146,1.1494228646774742,0.0,0.0,0.0,0.0,0.250400891734581,0.07493921012907567,0.0,0.0,1.3116817753593848,0.0,1.2987735567849512,0.0
pix5,2,-1,16.34095413755009,24.92896981970112,0.9945203232709069,1.1710113852326807,0.0,1.7628917337462693,0.0,0.0,0.0,0.0,0.0,8.71563392714903,0.900159940030508,0.7155056494310885,2.3588805690332326,0.7463466220020386,0.1978098052107121,0.004356282753003621,0.0,0.0,0.0,0.0,6.130126641546278,0.0,0.0,0.0,0.0,4.074621665175492,0.681308503193798,0.12622054679944658,0.0,0.0,0.05627927134768547,0.0,0.0,0.0,0.0,15.298131433533236,0.2642003362123505,0.0,0.11155687053186492,0.0,0.1012291560814939,3.2010894307934556,0.09476885677614189,2.251842966907131,2.503186606901989,0.3796076812997582,0.3604900363762465,0.34668601808276145,0.0,1.6249462038599336,0.0,15.184644662702627,1.5676055721741446,0.08278707076221543,0.0,0.7348093250151688,1.2807246454123307,0.0,20.2721731218081,0.0,0.0,0.0,0.0,0.0,0.0,0.0,0.0,0.0,0.0,0.0,0.6356124400848797,0.17294424776336548,0.10962064971545368,0.0,0.0,0.0,0.0,0.0,0.0,0.0,0.0,0.0,0.0,0.0,0.0,2.387965896366506,1.3803202174813587,1.0639162677605711,20.31607771506819,2.899460528209595,1.7229766860335403,0.0,0.0,1.390307458813285,1.9517012836620478,0.0,0.0,0.0,0.0,0.0,0.0,1.1221656598932876,1.6217090543299482,0.13122057217694513,0.0,0.26307167822342836,2.3145945712627816,2.771330711688668,3.6553115726252523,0.0,1.6008708183751634,0.0,0.0,0.0,0.0,1.395632274737384,1.1495234629670796,0.0,0.0,0.0,0.0,0.24983602563554738,0.07442826104183482,0.0,0.0,1.3116183463066755,0.0,1.297438972838913,0.0
pix5,2,0,16.37742933585792,21.921090329605665,0.8439312863519123,1.3403939819318338,0.0,1.8424650973130798,0.0,0.0,0.0,0.0,0.0,8.700750753264018,0.903348254376911,0.7147311878615633,2.560928891279995,0.7411500551258672,0.19587345687773156,0.005250089608111617,0.0,0.0,0.0,0.0,5.928104522696781,0.0,0.0,0.0,0.0,4.086244076013211,0.6823071799463711,0.12653362424835504,0.0,0.0,0.05968864086070827,0.0,0.0,0.0,0.0,14.968070942554649,0.2656034842087456,0.0,0.11171092243606051,0.0,0.0977923048968241,3.147861803703401,0.09431743505623835,2.235605793242744,2.5746612146476964,0.37967698998607907,0.3639006847788963,0.34801254372604473,0.0,1.6261291466984922,0.0,14.261411926638031,1.5655688751401327,0.16764235737461397,0.0,0.7345109925906042,1.2674787830394587,0.0,19.76047615326728,0.0,0.0,0.0,0.0,0.0,0.0,0.0,0.0,0.0,0.0,0.0,0.6355486995067836,0.17294585721227554,0.10961611348813077,0.0,0.0,0.0,0.0,0.0,0.0,0.0,0.0,0.0,0.0,0.0,0.0,2.3886639187369734,1.38036819561471,1.0637554575997212,20.147773296295295,2.899143062987273,1.7245330343495748,0.0,0.0,1.390582675068587,1.9530287692493509,0.0,0.0,0.0,0.0,0.0,0.0,1.1221374758953606,1.5924932431581493,0.1311204332681245,0.0,0.2629121685754144,2.3173449067741507,2.7713711371321565,3.6918464863523446,0.0,1.7430069522128613,0.0,0.0,0.0,0.0,1.396639733219765,1.1505240184281003,0.0,0.0,0.0,0.0,0.24420150837171486,0.06934330686235138,0.0,0.0,1.3109287831175054,0.0,1.2848617734309868,0.0
pix5,2,1,14.439280389005603,10.951102698711948,0.1588839847465953,2.169613071543922,0.0,2.2330713698551223,0.0,0.0,0.07851781082004443,0.0,0.0,8.318838373377156,0.9105715507203515,0.7167623039051353,3.44173243304484,0.7645065381904094,0.18886133111892706,0.011958985614211371,0.0,0.0,0.0,0.0,4.939243525375842,0.0,0.0,0.0,0.0,4.195612979880161,0.688564388050803,0.1309499596008012,0.0,0.0,0.08350280558105973,0.0,0.0,0.0,0.0,12.319759644676203,0.26761828118471004,0.1655024330822388,0.11075364063828588,0.0,0.07735941438108804,2.8661614215302365,0.09319914082886331,2.108875156091228,2.973627631590918,0.3801054571346282,0.38853498692615374,0.35346718432358104,0.0,1.6166233365898384,0.0,9.103274940728978,1.550934449176393,0.7177032296046064,0.0,0.7323987821035491,1.1342554164513652,0.0,15.859819352337299,0.0,0.0,0.0,0.0,0.0,0.0,0.0,0.0,0.0,0.0,0.0,0.6347218540309236,0.17296030496441042,0.10956933068170156,0.0,0.0,0.0,0.0,0.0,0.0,0.0,0.0,0.0,0.0,0.0,0.0,2.4380897468175475,1.3810430347324714,1.0630051511777439,18.61924003881911,2.8953829552206525,1.7347631437103515,0.0,0.0,1.3926861261846348,1.9702852375766517,0.0,0.0,0.0,0.0,0.0,0.0,1.1211581220625069,1.4563565284520943,0.1305327150845248,0.0,0.2614587885319306,2.371480595234157,2.7717678009618094,3.962820154461913,0.0,2.7710073978798038,0.0,0.0,0.0,0.0,1.4060492620458065,1.159741056990895,0.0,0.0,0.0,0.0,0.1922579346375737,0.022765051957005237,0.0,0.0,1.3015032722228983,0.0,1.2057593844999877,0.0
pix5,2,2,5.77849839766156,3.1258499839120684,0.16337190803293994,3.185215533979254,0.6924615955913554,2.846249621214751,0.0,0.0,0.0,0.0,1.6270510123432793,5.559001886408627,0.8700013405079644,0.6583427539510157,3.114664793130232,1.1421862544309471,0.19279924096759385,0.0306604610762744,0.0,0.0,0.0,0.0,2.4236316751999896,0.0,0.0,0.0,0.5952897870267279,4.734125852359511,0.7011526664625486,0.1566698858903012,0.9990614931884076,0.11722413156758818,0.13989252048578235,0.0,0.0,0.0,0.30316296586433694,4.889062041278382,0.28057274842409435,0.7515699803728599,0.11369666133652358,0.0,0.17554716576543394,1.9542756681654843,0.10759356809059636,1.7716696563479952,3.2611602905145043,0.38176790614477346,0.4537691926314025,0.36963024739497746,0.0,1.5301210807470005,0.0,3.0859490276969526,1.5513858927928614,1.8599369406096327,0.0,0.7273912898261296,0.7884039726984813,0.0,5.816716939227628,0.0,0.0,0.0,0.0,0.0,0.0,0.0,0.0,0.0,0.0,0.0,0.6321313812430012,0.17309495717048584,0.10944868522548006,0.0,0.0,0.0,2.6760479829506476,0.0,0.0,0.0,0.0,0.0,1.3770238342532553,0.0,0.0,2.824416092812587,1.3891897847131078,1.0609171207514396,9.669152084021835,2.853091648206938,1.7586413386309814,0.0,0.6912065383229049,1.4000760078299204,2.01824141332074,0.0,0.0,0.0,0.0,0.0,0.0,1.110798343243042,1.1494118307555738,0.12780534310609304,0.0,0.2521829935376561,3.5106342897611835,2.7729439296820013,4.518322174854192,0.0,4.9356756808196245,0.0,0.0,0.0,0.0,1.4328252406661288,1.1713046157674663,0.0,0.0,0.0,0.0,0.05488481149720204,0.0,0.0,0.0,1.2274431850880998,0.10221425444421622,0.8997278601754711,0.0
pix5,2,3,1.8993262820539132,1.3520166172067691,0.7919312348807933,2.1493675673175243,1.0298286606464548,2.994185332170708,0.9003905348575643,0.12144792819012701,0.8454532190970551,0.12941611333262718,1.279205796743438,2.568184159156446,0.8254137068516316,0.6466512689142603,1.5431953914440335,1.6662817488243589,0.21187269459273014,0.03595967993641181,0.7369025793289762,0.0,0.0,0.0,1.2634004560683145,0.07912486642402032,0.0,0.0,1.5876450526895312,4.841892393057547,0.7130157500465407,0.22282098875761908,1.0376559936039742,0.8093865721369171,0.3285196799850983,0.0,0.003249278580637673,0.18037973681460415,0.7618252630798391,1.5489456957066419,0.3729825494063678,1.0387216218945134,0.15511342589968247,0.0,0.7054466990648108,1.2375168570406314,0.22067590242319388,1.3909220057847071,2.291740896925232,0.38250035452638514,0.4922298124480388,0.40095773395347784,0.0,1.2141057752691875,0.5987127463453984,1.3382928501719797,1.6231365937677829,1.4802973322997792,0.791840946424243,0.7295885805331596,0.7759201273541089,0.81018004624688,1.7622905228710706,0.0,0.0,0.0,0.0,0.0,1.406550209091765,0.1203983452505022,0.0,0.8557859155255664,0.002199172117978866,0.0,0.6387692137881802,0.1745844840505478,0.10936267871696312,0.7224116508999369,0.0,0.0,1.6725958525662898,0.0,0.0,0.6524661919203368,0.0,0.0,1.2961359562473413,0.0,0.13803170516865243,3.2028716918642344,1.4337758877666382,1.0921532142237118,2.80497957782397,2.4195036972476403,1.6005840010415453,0.6079895772573264,1.0720609394031981,1.2363982961847373,2.0803199209774275,0.0,0.18849446470462627,0.0,0.0,0.0,1.1506302004659181,1.0769753352546672,0.8947948200042204,0.14225329006557924,0.6192271902303931,0.27600635378684735,3.3158209879126335,2.7558612086240597,4.736588987531288,0.19521160195704243,2.4481701517787764,0.0,1.4484521457145851,0.0,0.797688034500695,1.126072323156616,0.9578400146309094,0.0,0.0,0.2852911222150718,0.1680282275183104,0.42981496768522826,0.2985553704786811,0.2335920141571984,0.16107148664716692,1.0945866606461596,0.17292507853841688,0.9565826635258212,0.0
pix5,2,4,1.202747309036534,1.0877826361004788,1.0129786534236045,1.4058498482933457,1.0197315771989384,2.2640254049546495,1.0212528300219414,0.9892874690802221,1.2077316571077694,1.4771134692724235,1.119857397987156,1.4620165111871808,0.84080613081869,0.7469550066166163,1.1753900572954048,1.4646137881084476,0.2615382674348869,0.022571857400839897,1.0236690567902789,0.711912946644259,0.0,0.0,1.049865975436389,0.9735565426300636,0.1951499095467739,0.0,1.4298067689235856,2.6951487134102856,0.7476776836386193,0.31286605027471587,1.0039557745026755,0.9861848969009782,0.6930329564787209,0.0,0.13753592935292278,0.6941733237349387,0.9471891790991843,1.0505020035761836,0.6213752537060622,0.914970213199661,0.3564414683522728,0.659831818061871,0.9662353136447388,1.0326368406403064,0.5085206821394097,0.9656671328111586,1.517361056668304,0.3829456723515042,0.4999454697089546,0.5521336837323352,0.6837645402162998,0.9898992483273413,0.9114812742674578,1.0871572181777196,1.359084128937243,1.0329017372515006,1.123951227713592,0.7740718836740109,0.8383092532660907,1.1672216001870455,1.2254705898868805,0.3926384230911999,0.29199130121531847,1.166773122911343,0.007234055961992868,0.0,1.3831698270486146,0.6636476138382559,0.4243282906130264,1.2209850521799468,0.28016862264071135,0.0,0.6597665391574878,0.17620664059453625,0.1094041173732029,1.1018894456539021,0.35175343377912616,0.3855012851453049,1.3073737606533284,0.23526599302817652,0.06349629620923901,1.2158072818631864,0.0,0.0,1.1986879103660426,0.5855788605634407,0.6756292837289424,2.449915262324645,1.3434354481603292,1.038159611454855,1.545090789034787,1.068725978510391,0.9348845274137277,0.9356644461738871,1.0462582231816782,0.8586139446571224,1.8343448429013407,0.6213275480480912,0.9818773168149049,0.0,0.5135876177457002,0.07035162661844575,1.569358765441614,0.9437750128171263,0.9479350044212914,0.12508527040437684,1.2537453088885584,0.4191525642022924,2.25793557744169,2.5024908200251827,3.9361577721562,0.7517463759409281,1.5603151896064928,0.0,1.720763286127282,0.5205593768412324,1.2666033715624083,0.5753495100634161,0.47211662238949903,0.28631907799821354,0.2152569398222101,0.8909224566404723,0.8623229467486806,0.7978844305681307,0.7696565062506069,0.4658071083056094,0.38185324065330095,0.9754663324586772,0.2321201278386048,0.9398049228844535,0.82208173533511
pix5,2,5,1.0336537044973744,1.016202258624447,1.0147532704366795,1.0852236694770727,1.0061822767036015,1.26968948164547,1.0097118869621888,1.035456859086789,1.070377072972411,1.2532644215285735,1.0268131033793835,1.1095654005959876,0.888899057976625,0.844305039944317,1.0388152414627718,1.158364346359924,0.5776248073824883,0.029331899942884456,1.014934509235012,1.0469768710679408,0.6246724260672591,0.0,1.0112052470072255,1.0443566239461302,0.6739875795448975,0.0,1.0997974147668375,1.4046886782923962,0.7442027229674162,0.5129708494653693,1.0006013979463417,1.0049653905768319,0.9058265888569463,0.3947557284157825,0.6821937469042879,0.9281238837588313,0.9866439304118564,0.9991298501822243,0.9097227539897086,0.9668075744932073,0.8367336597229011,0.9356532250100185,0.9958670744635629,1.000936597222461,0.8776163613907161,0.9715280105811915,1.1443700006463149,0.3909728873834927,0.6152193240698093,0.8917279369895783,0.9431100196929918,0.9948715587577741,0.9852417820510665,1.0211273538197392,1.0566086668284018,0.9862889933692351,1.0547520678486997,0.9432641393924969,0.9649175046170018,1.0660240904644707,1.0627285099580797,0.8415778202257498,0.8480958991035207,1.1270054128292841,0.6817122429338207,0.618204556331031,1.126174835724677,0.7718648167684895,0.5855454549406708,1.0920458102797823,0.6919713195369676,0.5226655271614221,0.7098472264983379,0.16888080369845168,0.09977866465167184,1.0497954219399614,0.8627975532035174,0.8816963559751699,1.0915577795044722,0.6641162577062649,0.4712652982516665,1.0871763637676497,0.44335906870991854,0.36794153088702436,1.0652457889832172,0.8731489647699188,0.9098552094266474,1.4429763423475805,0.8468255622380882,0.5300606570564189,1.1430181225861076,0.8730496443121468,0.7735561826147483,0.9569115726375379,1.0246696007018854,0.669077201959878,1.4231640080222152,0.9572008860649202,1.01942059432567,0.2422295496718865,1.1524968604742354,0.7953493637864969,1.204684442417202,0.9549580353657919,0.9928430559297593,0.18349995523940307,1.1053068212290313,0.6138935549550912,1.3923411082325223,1.5470252755450962,1.976302789765543,0.8484515830779665,1.1606278666261594,0.5908501338911858,1.2486802844514322,0.7999408502077545,1.1016185022166283,0.4857648317482313,0.4030274770731281,0.5373774276647719,0.47058337758818514,0.9747946462521928,0.9687193405476487,0.9110948952734567,0.8980601951190512,0.46439219701463796,0.3841996309531357,0.8615968315576942,0.4751662202938054,0.9771275894619441,0.9559996144819098
pix7,1,,14.43275812763207,21.851524313896746,1.603460904326535,2.2355068165384417,0.0,1.4564601128822054,0.0,0.0,0.5691593145473959,0.0,0.0,6.773290543910795,0.9363964864204403,0.83788337019526,2.191866465608551,0.9949518494294011,0.16510342393276162,0.02434968030316822,0.0,0.0,0.0,0.0,5.574104303634476,0.0,0.0,0.0,0.0,3.7557229761084296,0.7183264086336424,0.2016944031306086,0.0,0.0,0.05122583829568479,0.0,0.023714844702470577,0.0,0.0,13.402952230491026,0.28420969168198373,0.6835562713210839,0.11964964884266473,0.0,0.01988627543578242,2.941583752509022,0.091745016991811,1.147252123543915,3.199603334082663,0.22800674904260665,0.17717945689369377,0.28956452549153094,0.0,1.7366939789367248,0.0,3.0418835713027965,1.1458761495894354,1.3088537456821538,0.0,0.5943172406673843,1.5114659660676242,0.0,2.9615197064399768,0.0,0.0,0.0,0.0,0.0,0.0,0.0,0.0,0.0,0.05331202404100692,0.0,0.5126392271716371,0.08474953096058717,0.05215633821008109,0.17634665481223571,0.0,0.0,0.0,0.0,0.0,0.0,0.0,0.0,0.0,0.04558784712255463,0.11882484397220262,2.4623291190800938,1.3986913628892501,1.0142298234529223,21.27327515675315,3.6554579640207256,2.397935183521202,0.0,0.8536363507544976,1.4854757980254645,1.536067300453498,0.0,0.0,0.0,0.16749950224313095,0.0,0.0,1.0903687682281595,2.104566417410494,0.053179994334500776,0.0,0.2646942529502831,0.0,2.7138637902965974,5.465033196064892,0.030077783085375696,0.46071398792958695,0.0,0.0,0.0,0.0,1.3609045359062004,1.0781286600287043,0.0,0.0,0.0,0.0,0.44915563836854455,0.36562924196424823,0.0,0.0,1.0295908673611562,0.0,1.0630416725237566,0.0
pix7,1,-2,14.659359375307414,13.33370317473714,0.951537642515093,2.3840549307489973,0.0,1.649434597661922,0.0,0.0,0.9392873629030118,0.0,0.34245891781241106,6.5428092442859755,0.935549447941037,0.8377732208859903,2.667365325594551,1.013866937977235,0.1642088717627331,0.028624810271146522,0.0,0.0,0.0,0.0,5.284123121942158,0.0,0.0,0.0,0.0,3.8105511185933505,0.7202170530151634,0.20456923953340134,0.0,0.0,0.06299516775378743,0.0,0.024806129240215677,0.0,0.028913886350579128,12.24827400992956,0.2859208978962255,0.7496709447830487,0.11989923515251166,0.0,0.013320203592903933,2.871713713791223,0.09022351952182636,1.1063926038925345,3.2341118754316076,0.22858658246834182,0.19029330224425084,0.29024430036731574,0.0,1.7333969620600638,0.0,2.6440213131507724,1.1432252654952946,1.503564938225471,0.0,0.5941070277432005,1.456914530162736,0.0,2.5913963307888523,0.0,0.0,0.0,0.0,0.0,0.0,0.0,0.0,0.0,0.05430724796160785,0.0,0.5128978541890694,0.0847553477209182,0.05213772087753006,0.23510601747264182,0.0,0.0,0.0,0.0,0.0,0.0,0.0,0.0,0.0,0.05001666198701724,0.11813858674044558,2.6004901655658,1.399853350173722,1.0136122095394022,20.135449975514668,3.648216744830762,2.4035021889273245,0.0,0.9334536530318552,1.4866022956693883,1.5408195970023257,0.0,0.0,0.0,0.16936411292639908,0.0,0.0,1.0897797802314089,2.2199798859018083,0.05308136142742539,0.0,0.26406931558320446,0.0178135543553774,2.7140165901719406,5.49921106071022,0.029171418732785993,0.968809386882073,0.0,0.0,0.0,0.0,1.3665040352070343,1.0833919423820533,0.0,0.0,0.0,0.0,0.4182640784696525,0.3390980511103258,0.0,0.0,1.022502090667583,0.0,1.067016305762848,0.0
pix7,1,-1,8.37790913444606,4.655959131494726,0.40339443375399475,3.2310491756479776,0.05602755190008671,2.0869095156524793,0.0,0.0,0.4223258745358875,0.0,2.02580567842123,5.073716669026186,0.926607452064386,0.8603364370787431,3.2376741804277946,1.215211865538781,0.1677058587016832,0.04921156470341156,0.0,0.0,0.0,0.0,3.133408583380762,0.0,0.0,0.0,0.8905278761914752,4.0849074073574805,0.7215881856138,0.23076620849540927,0.474062110453655,0.0,0.1110165249527335,0.0,0.02827453621206195,0.0,0.39747701595321916,7.010190647377676,0.30034322193963636,1.0234289437718551,0.1263799834408188,0.0,0.04172142195641774,2.4637932878795916,0.0870990827413445,0.944640723244724,3.220776608414337,0.23188490875328516,0.24614602866551294,0.29738644166449485,0.0,1.7145508423948828,0.0,1.9456907160781962,1.152660005752548,2.2497259832564453,0.0,0.5975792856395202,1.1936567036645311,0.0,1.7780487193020207,0.0,0.0,0.0,0.0,0.0,0.8539695389446309,0.0,0.0,0.0,0.06337800451908572,0.0,0.5137865956766197,0.0847967536069755,0.05201955893938317,0.5478594398496397,0.0,0.0,0.0,0.0,0.0,0.0,0.0,0.0,0.0,0.08671202037704569,0.11539060050168727,3.165005592805315,1.4104841423932675,1.0129384818348013,13.210730827294796,3.5833008147607863,2.419949515375731,0.0,1.4147110010126767,1.4896660667110848,1.5949483250743013,0.0,0.0,0.0,0.15205869332809638,0.0,0.0,1.0880129924704938,2.1566877654117094,0.05315176232872956,0.0,0.25607072580587353,0.6857151734533212,2.7136053585848083,5.55224508402664,0.041063442896236334,3.0046798897830818,0.0,0.0,0.0,0.0,1.395071745481011,1.1151763824534027,0.0,0.0,0.0,0.0,0.2641387713290608,0.18210424962621172,0.0,0.0,0.947078458335611,0.0,1.1108911167575675,0.0
pix7,1,0,2.625775175468954,1.629949752480948,0.7813063492248042,2.8114688558332306,1.0500840894794916,2.4831754056564344,0.7942298647883654,0.0,0.770936938371596,0.0,1.4570464577727544,2.5637701825855825,0.8818587708257519,0.805957577919582,2.0111310727101253,1.643342761647805,0.17877169618303707,0.06406487138466886,0.5089249451449248,0.0,0.0,0.0,1.5212127375941915,0.0,0.0,0.0,1.8702801941452074,4.362109404330073,0.7243900123779946,0.2896674525694101,1.0326417573617608,0.603581622684972,0.18672051885580734,0.0,0.035597741823738406,0.0,0.838805657887695,2.2016217596513954,0.37250857729819753,1.278542239022226,0.15181508120809345,0.0,0.4375237494446577,1.5343845894595827,0.12150864493170643,0.9676389429539979,2.57091080764402,0.23473122137685692,0.31312666885598855,0.3100446158459031,0.0,1.5074117520935313,0.42691592721163446,1.268546313152301,1.2578904975724354,2.1073309859805653,0.352577590779491,0.6174715479359919,0.9319065317003501,0.6117792881161171,1.2815028797877164,0.0,0.0,0.0,0.0,0.0,1.836307316716269,0.0,0.0,0.19811129287968857,0.14576507236772676,0.0,0.5257605053652058,0.08520474375550328,0.051826809624506975,0.8667357723742395,0.0,0.0,1.5232302509746705,0.0,0.0,0.22402394287366204,0.0,0.0,0.8647705950515321,0.35589175582952526,0.2458624141524017,3.3810281524245664,1.491517310625548,1.048830006071875,3.585014448420499,3.071216331419198,2.249854342862325,0.35974277382698977,1.288946730811508,1.3688381766539577,1.6430872721464844,0.0,0.34592170187277627,0.005848343126679818,0.1832327089143943,0.0,0.9290024800626857,1.0813090107638343,1.0599543897758021,0.05878833884282139,0.8245565692239061,0.2507294012599189,2.0040547555638093,2.7002737870222364,5.36878584186718,0.25502453988449864,2.395686285273452,0.0,0.396935360262245,0.0,0.7248980323285625,0.9708701984658309,0.9561314322394043,0.0,0.0,0.4684999667678179,0.0,0.5124137516220344,0.31364600990242225,0.36404256072465957,0.13994749141700072,0.7752914584872777,0.09545013497095844,0.9760832129826131,0.19021146729885616
pix7,1,1,1.327865381566886,1.1333237737777238,1.068802707655172,1.6687209244454038,1.0582794268426474,2.403798977821631,1.0326839007115953,0.9369868207320244,1.2822775281599952,1.2279671798429757,1.1885701802159543,1.4373512513813738,0.8396572155641294,0.7761982671879789,1.33321664363515,1.4473408136120742,0.21705531331937608,0.05666659929167625,1.0660487299942538,0.5005107165794445,0.0,0.0,1.1275272725987249,0.9179864361781325,0.0,0.0,1.6428442432320882,2.5719674085820143,0.7558111310431532,0.3558771679656464,1.012016004341449,0.9552619642645381,0.5030642893270333,0.0,0.057067235510402124,0.3560345268969787,0.9793314559978796,1.1429556727618568,0.5399381545410487,0.9543695940670466,0.21477307908957982,0.5446007359577807,0.8999069176715925,1.0911651993412945,0.2837828623486032,0.885821048169661,1.667902202613506,0.2358614465007233,0.3513507346479327,0.3575548440058047,0.46282239929614444,1.0735654291307961,0.8714411098314425,1.0859246454608966,1.2704061385459007,1.1786377365278247,1.075798751967211,0.6600157058066315,0.7836006785320796,1.1022066426165245,1.1870924890538634,0.5129544565424653,0.27722984651488025,0.9696689554550642,0.11455392558094292,0.06165195063890938,1.4163835103129774,0.5809297697114995,0.29366956569568137,1.1121701639935733,0.29131768494950666,0.0,0.5592125231919474,0.087995402286372,0.051935498041461775,1.1275730269216988,0.0,0.016263534756806444,1.317853542880386,0.008329322240588034,0.0,1.184622310408663,0.0,0.0,1.1585063605061736,0.7221210857606285,0.6558207396820939,2.6715372872818763,1.5338951761662967,1.1118213029971145,1.6253496168851969,1.4554363232831382,1.3230754267930591,0.9278140275801544,1.0438700905052634,0.9454768093553704,1.5250275217629308,0.5516245747210862,0.9872478452927712,0.043381794865114606,0.46225632031086944,0.11622572910982977,1.493440909250916,0.9399372228868148,0.910072456490211,0.05948248212213277,1.2314704355554553,0.30490979937016965,2.073982101496659,2.531965175053462,4.324932971038184,0.7252624767434834,1.5183943557368293,0.009408453491035857,1.4846731407261127,0.4794271460504393,1.213453691530916,0.5533489324058521,0.4976355733430698,0.309786062081179,0.1589697291806447,0.9240073243213637,0.8175129716780507,0.813477853380601,0.7416751315330458,0.45966883540744313,0.37701136175233263,0.7500491912515788,0.10559351068912438,0.9432051396174813,0.830142214717124
pix7,1,2,1.062029421273396,1.0293663012780108,1.0409649770631917,1.164458973272565,1.0169418621583473,1.4671536419204065,1.0206121745667918,1.0369456352540574,1.1364430186095036,1.2579075682416518,1.0525354604451085,1.116892586718874,0.8500717089893626,0.8218659428876188,1.0847535600797615,1.17498568255347,0.3345954869572729,0.03604666479850899,1.0369337459814258,1.0430892107318925,0.31477452268610573,0.0,1.0290947401216988,1.0489981584795292,0.4178769123394302,0.0,1.1907786851864253,1.4281120311496307,0.7301216694496385,0.4723009643760723,1.0021339995447516,1.0032581840112427,0.8054195315468887,0.2902192972354238,0.3772567723098277,0.8101594661694486,0.9846501256371883,1.0037781621070128,0.8253765210878612,0.9354740376497089,0.6379309343195668,0.8597153180253213,0.9867170520862137,1.0036439778538564,0.6955477329610094,0.915035295770256,1.2188613886037118,0.2526374061432708,0.42758950706888116,0.7241150117657392,0.8687558498615945,0.9965919447373464,0.9678167425738929,1.0274568970880662,1.0581864475168108,0.9745624551609359,1.0783166000358553,0.8575591202118755,0.9159368527531625,1.085919620769638,1.0785134831036511,0.8096945135954712,0.7703882119871412,1.1531178984442194,0.618788435136821,0.5088586784647018,1.1861323688809335,0.7560616103567297,0.567629971261566,1.114606932077812,0.6253989800157163,0.38975779583378906,0.6852645362668167,0.08606462113512207,0.044451487214359965,1.0767076486036546,0.7486982357081078,0.7733129499437603,1.136146855843658,0.584517146536037,0.32398636088449806,1.1508337814444847,0.1902817166990988,0.08999821251696817,1.0816095401999821,0.8542087970459276,0.8520612320373444,1.6197358388651395,1.0581562002398364,0.7485306180204818,1.1979264112171977,0.912658669670593,0.8117003848635249,0.953856050155084,1.0196938533534965,0.658058342081361,1.358613649653575,0.9534116934973662,1.0266435511865046,0.18458301123927748,1.0515430428582266,0.784121508864837,1.261378124646032,0.9395289454018517,0.9883754630106455,0.10164911490123656,1.1647364874809327,0.5170680141386761,1.4866008472597203,1.6804655682657406,2.3304036168807736,0.8277223977427755,1.2037971331101776,0.5526054980185268,1.300638917872685,0.7803790115142681,1.1322639946777622,0.5045355016371429,0.3776255916614089,0.5471272044136228,0.4391276483938418,0.9804929101929792,0.9612719546519058,0.9107567154602265,0.888715391274609,0.4807548316747869,0.3501157151678438,0.7879568317188489,0.3636341608092873,0.9753776991922318,0.9474678806500081
pix7,1,3,1.0072852590495989,1.0035471733427255,1.0034413786528353,1.0193800281220247,1.0011648148491015,1.0585637866656474,1.002325890005411,1.0064236340834694,1.0171281041994693,1.0403183511409697,1.005951706362425,1.0159034514215137,0.9373044633543178,0.7727594035755928,1.0083070520275101,1.0254995943411545,0.7827934287149546,0.057200327607455755,1.0033751120127588,1.0106503533615974,0.8222038055875504,0.36599186899585506,1.0021104443589701,1.0087906836274785,0.8460440825927052,0.23280414417496917,1.0224015225837906,1.0578273056828718,0.8402010999542029,0.43319978350403177,0.9998621969973703,1.0008253347422122,0.9572171245766271,0.7317475897290018,0.8675147033579469,0.9662866105635113,0.9934035719867352,0.9959350310132742,0.9674202417355596,0.9818656888024743,0.9423580801105427,0.976944094528004,0.9978745612235761,0.9986434612882458,0.9503993128433286,0.9817377722404623,1.0316262421066307,0.4389274943765042,0.730213242116763,0.9526064556271848,0.9769896813211302,0.9984107431133828,0.9951052347856438,1.0039690516546371,1.0026925724564584,0.988327196202987,1.0123893572269607,0.9786456026767989,0.986578961509739,1.013650087900158,1.0114169825574975,0.9622861837147164,0.9601104082214321,1.0079419157902718,0.8991327828534555,0.8277449389535485,0.996908207919271,0.8929267019514836,0.7553211078959469,1.0052541721729304,0.886585587343626,0.7761283500454733,0.7645489525636445,0.07718251461316379,0.018595197090763824,1.0117168592589314,0.9591027086796868,0.9631147077447574,1.0031950923089823,0.8619372668116745,0.7102128628493757,0.9929305210134258,0.7887187105152382,0.659366440142397,1.0118694987951804,0.9682587487259431,0.9707637939570928,1.0222852448055735,0.8377250721508807,0.546678315060099,1.0097862510289703,0.9367923071385914,0.8612295163542111,0.9821518668613002,1.0048627323044823,0.7860216467168404,1.0829731326394878,0.9962491981489472,1.0048130982952441,0.6162667186382297,1.0567079573036966,0.9454004896060413,1.0350681278824423,0.9806748293782259,0.9959231004373835,0.4702313404517003,0.9808382513960682,0.6908496741175512,1.043168611453854,1.0238882850585795,1.1759705815934356,0.9130504922455936,1.0165037908032564,0.8335406851659337,1.0328047149971982,0.890744103221272,1.0023729996568262,0.7504027484046013,0.5715839600157208,0.7790201532744949,0.6249349694827454,0.9941102202311108,0.9884588903599212,0.956863233646717,0.9271297246203807,0.740465112315738,0.556362457992583,0.7033931878551481,0.6012024845450912,0.991655151960608,0.9531921653411244
pix7,1,4,1.0006958357178752,1.0003346964137343,1.000068204537413,1.0016889750126121,1.0000010139001647,1.0054942460917766,1.0001613439890487,1.0006484884974,1.0014448203608681,1.0040943466929713,1.0004832033712376,1.0015963114297792,0.9903923111796551,0.8847220004319238,1.0005424191160897,1.0025455968413393,0.9695691057477906,0.6059794134451192,1.0001200547721742,1.0010574858408035,0.9760073117531293,0.7734653879923947,1.0000346718747493,1.0008631182573844,0.9795301707557603,0.738836400824201,1.0019007256885588,1.0058223365075132,0.9736989622023126,0.7002908805860225,0.9999475289322367,1.000075750438395,0.9946046940042401,0.9302688198197016,0.9848160161010198,0.9959067568041801,0.998806210447647,0.9990364917223864,0.9956720469035866,0.9969041389808172,0.9934705265479185,0.9969157562638186,0.9997144160184759,0.9997194008591708,0.994490654159971,0.9976306058966247,1.0028498173545433,0.8512131300929636,0.94656737836141,0.9935098961057516,0.9965112072670668,0.9996733244988241,0.9993307351178471,1.0003633695987597,0.9999082030495221,0.9980419230606239,1.0009530120430095,0.997629657067419,0.9983375297183394,1.0012597029376031,1.0002561048464205,0.9916361233205567,0.990986702860782,0.9924095996848382,0.9732280084662496,0.9552561274076642,0.9866990599769018,0.9715568633180142,0.9389606058523406,0.9943101073166545,0.970620423179168,0.9453535305859121,0.8374888623815752,0.16893890688620372,0.04025414037816516,1.0004636669044928,0.9939869183792494,0.9938544809934201,0.9930842898429728,0.9674856409311814,0.9327499004758509,0.9875875015479149,0.9576572207071409,0.9251367916748228,1.0000297015008792,0.9919144914644397,0.99177327897666,0.9709369903655403,0.932689394598893,0.8568232362502729,0.9921444610970312,0.9791753436420929,0.9604789415519709,0.9960708917929889,1.0005045781025652,0.944138594872138,1.0085599791623658,0.9987206002229322,1.0005063704755515,0.9142886906361377,1.0060983839387767,0.9776275546452845,0.9990506543648997,0.996754038539838,0.9987003996521264,0.8840032992468894,0.9809268339245625,0.9088742016350828,0.9880506369861283,0.9631905938674796,0.998529455175335,0.9761081777209939,0.9943779435033762,0.9520467767050113,0.9949211916517341,0.9733962992610945,0.9920526288809842,0.9326893919148419,0.8563628450283862,0.9398710255279505,0.8727115649507305,0.998703148428393,0.9970174510620895,0.9879983395281252,0.9747703730240456,0.9299820013062319,0.851389459819312,0.8515614961568378,0.8311476060789471,0.9972817437071937,0.9776881289285267
pix7,1,5,1.000059194267619,1.0000269924359702,0.9999833918830198,1.0001077195835357,0.9999912974241516,1.0004598256027593,1.0000065125918471,1.000056322044567,1.000086413512355,1.0003546028363821,1.0000304610151687,1.0001443628114284,0.998813998035081,0.9824005870730369,1.0000282341208793,1.0002352168668944,0.9965988656435165,0.942618627218952,0.9999864661168153,1.0000832706809308,0.9972874820701163,0.9674640613165432,0.9999896883944008,1.0000755813496975,0.9977744906876945,0.9631938034401437,1.000126320943522,1.0005261994458894,0.9965834807215213,0.9537335309268713,0.9999930605691062,1.0000067396950367,0.9994307387768607,0.9906996807157783,0.9984375547750827,0.9995278512696424,0.9998416235622284,0.99986535174658,0.9994588098468057,0.9995675027162065,0.9992210740425305,0.9995378601576131,0.9999681109509404,0.9999645483827834,0.9994314101719488,0.9997203817265067,1.00023061926849,0.9816284779123067,0.9931479747908386,0.999068662818121,0.9994337475362514,0.9999219169625435,0.9998850580370622,1.000028036954589,0.9999658858254639,0.9997523674059802,1.0000612510447977,0.999723445710188,0.9997707014022347,1.0000989470319361,0.9999431704951472,0.997459807700305,0.9967774513816623,0.9986292380688581,0.9916506911173169,0.9869671490644476,0.99779318565256,0.9918357226819051,0.9857700241114048,0.9989732940915138,0.9912223776870297,0.9855018892824221,0.9690040979010148,0.6120822003059158,0.42524160200934835,0.9999860968438,0.9988282771451399,0.9986944097262026,0.9988047922328555,0.9912630976916326,0.9846622256091961,0.9979897731218527,0.9896408828321243,0.9832434903134235,0.9998939068972466,0.9973226327787253,0.9965729497847308,0.9948720175105499,0.9768091929829854,0.960489029631089,0.9985817347582967,0.9931246246949058,0.9889622716395816,0.999267650991543,1.0000416195680797,0.9886048111304641,1.0007091133052444,0.9997222575726223,1.000048489405583,0.9847679235980246,1.0004583542000889,0.9934743838718845,0.9994906743037201,0.9996057982399849,0.999821098152884,0.9814555152524028,0.9969480470889205,0.9793897307203799,0.9975045566308991,0.9872017558385148,0.9982244321537249,0.9947609734911436,0.9988862829590107,0.9886214754268347,0.9987896418796567,0.9948303683153744,0.9986247300229201,0.9907890518171935,0.9797100078864203,0.9917469073679062,0.9819639863113476,0.9998299769547412,0.999596896020542,0.9983442836799329,0.9964099812125681,0.9904207765030998,0.9790141018060016,0.977448294792114,0.974799402358236,0.9996088359030414,0.9966209951754492
pix7,2,,17.034342720404524,25.920369021279946,1.1700109664433793,1.143257603680809,0.0,1.665247132693809,0.0,0.0,0.0,0.0,0.0,8.669152442378945,0.9189300214645217,0.8145287326887399,2.210198221486267,0.7199455610292166,0.17653635083644376,0.013445588051632831,0.0,0.0,0.0,0.0,6.079895181671216,0.0,0.0,0.0,0.0,4.1549753539270435,0.7168848181306865,0.15099919107055804,0.0,0.0,0.025835622647231056,0.0,0.0,0.0,0.0,19.959882558249717,0.24157302855805599,0.3238010105755948,0.12263994560905747,0.0,0.11443689607018741,2.1407444096212904,0.09570120653136253,2.5461604736415233,3.310717933794978,0.32381213474321185,0.1683911960863667,0.39362877746688035,0.0,1.866739030330277,0.0,6.471102701343603,1.518796270714012,0.0,0.0,0.7168387110390728,1.4111218569163917,0.0,7.419929946559609,0.0,0.0,0.0,0.0,0.0,0.0,0.0,0.0,0.0,0.0,0.0,0.5720651942427847,0.11482546057665827,0.07334101428275663,0.0,0.0,0.0,0.0,0.0,0.0,0.0,0.0,0.0,0.0,0.3682782948023867,0.2818602525814394,2.7076844119233714,1.4274593435628289,1.144525757945653,20.78738068036518,3.7758494291176192,2.1833504029394253,0.0,0.0,1.1544238507283184,1.6579128918990396,0.0,0.0,0.0,0.1550728155549258,0.0,0.0,1.0808953430206898,2.1487255322930054,0.11045553062244452,0.0,0.34168595126966916,0.369037194930336,2.8216002546021226,5.16509290330415,0.0,1.1461950545355186,0.0,0.0,0.0,0.0,1.314765057770668,1.072053888048743,0.0,0.0,0.0,0.0,0.6764978014368304,0.4900096191215541,0.0,0.0,1.1843979963420426,0.0,1.5775002959183277,0.0
pix7,2,-2,17.035922303107693,25.876699899872534,1.1678509053722597,1.1454433610702446,0.0,1.6663585321655645,0.0,0.0,0.0,0.0,0.0,8.669150699528203,0.9189747485982288,0.8145309862863578,2.213071514626316,0.7198454238539234,0.1765135351974277,0.013455936827876705,0.0,0.0,0.0,0.0,6.077149267042968,0.0,0.0,0.0,0.0,4.1551005322685635,0.7168936456619115,0.1510037781699253,0.0,0.0,0.02588148593497572,0.0,0.0,0.0,0.0,19.954700884944415,0.24157723189757183,0.3245535410770002,0.12263496750272421,0.0,0.11438577299680114,2.1420265360721586,0.09570462394357226,2.546034117282195,3.311056335173583,0.3238125020301875,0.16845065938150663,0.393620554042727,0.0,1.866662936447264,0.0,6.466677467856336,1.518808658532379,0.0,0.0,0.7168328979212968,1.4109609184111858,0.0,7.417957116865847,0.0,0.0,0.0,0.0,0.0,0.0,0.0,0.0,0.0,0.0,0.0,0.572064921915975,0.11482546929303211,0.07334092215681662,0.0,0.0,0.0,0.0,0.0,0.0,0.0,0.0,0.0,0.0,0.36828721911419765,0.28186052861879685,2.7078523568765087,1.4274614769316878,1.144523388173215,20.785166182257843,3.775837621044373,2.183371466581606,0.0,0.0,1.154426841862531,1.6579382556171582,0.0,0.0,0.0,0.15506811834674178,0.0,0.0,1.080895698578049,2.1487069192436583,0.11045439613819463,0.0,0.3416836171015574,0.36920191125328106,2.821600213599221,5.165233573320121,0.0,1.1473443464270294,0.0,0.0,0.0,0.0,1.3147764454466593,1.0720652993464588,0.0,0.0,0.0,0.0,0.6764352199742888,0.4899530924112279,0.0,0.0,1.1843804362105346,0.0,1.5774234204113629,0.0
pix7,2,-1,17.048847049190837,25.49136283441994,1.148714415901954,1.1648601236890943,0.0,1.676213918676546,0.0,0.0,0.0,0.0,0.0,8.669019281094087,0.9193678249622101,0.814552750020184,2.2385360077449077,0.718974998421461,0.17631213922504824,0.013548727214066796,0.0,0.0,0.0,0.0,6.052768386600809,0.0,0.0,0.0,0.0,4.156230616450021,0.7169723304410573,0.15104521762121903,0.0,0.0,0.02629104003844668,0.0,0.0,0.0,0.0,19.908207898014574,0.24161557100686185,0.3313056527279963,0.12259088739473137,0.0,0.11393041779779017,2.153505338540074,0.09573534633548016,2.544903058031558,3.314076441255468,0.32381579967201585,0.16898421147381568,0.3935471263296463,0.0,1.8659827626921064,0.0,6.427203082607311,1.518920560523101,0.0,0.0,0.7167817696921663,1.4095046089666592,0.0,7.400244525053855,0.0,0.0,0.0,0.0,0.0,0.0,0.0,0.0,0.0,0.0,0.0,0.5720623897605791,0.11482554802795256,0.07334009637163975,0.0,0.0,0.0,0.0,0.0,0.0,0.0,0.0,0.0,0.0,0.36836727616079584,0.2818614470866524,2.7093653974839995,1.4274807095695947,1.1445022889495011,20.765267510727377,3.77573134840303,2.1835600865607465,0.0,0.0,1.1544533324263468,1.658167582970749,0.0,0.0,0.0,0.155025631348189,0.0,0.0,1.0808986402019325,2.148546384249119,0.11044431508874575,0.0,0.34166265041602356,0.370684338171649,2.821599961257864,5.166495308460111,0.0,1.1576410130300787,0.0,0.0,0.0,0.0,1.314878869908868,1.0721678730970152,0.0,0.0,0.0,0.0,0.6758724491977427,0.48944484745383376,0.0,0.0,1.1842222519210897,0.0,1.576736199408942,0.0
pix7,2,0,17.074837991978743,22.270282977665044,0.982766873942515,1.337650034288155,0.0,1.7625300405437505,0.0,0.0,0.0,0.0,0.0,8.658284017562854,0.9225206062228128,0.8148980742807689,2.4601039165238126,0.7128033348230571,0.17462580333282768,0.014445452747811791,0.0,0.0,0.0,0.0,5.836815006049225,0.0,0.0,0.0,0.0,4.167788660642022,0.7176938351914159,0.15147222416003947,0.0,0.0,0.03011500876751273,0.0,0.0,0.0,0.0,19.456880381853622,0.24204165764189095,0.39683497469622503,0.1222109855347793,0.0,0.10982855088871325,2.262573232105622,0.09604108688898441,2.5341529876140347,3.341933574819125,0.32384788414663174,0.1741663031971889,0.3928635190457813,0.0,1.8595857786358823,0.0,6.064506815241555,1.5200775145066237,0.0,0.0,0.7163687601808724,1.3943769674993873,0.0,7.227566527950721,0.0,0.0,0.0,0.0,0.0,0.0,0.0,0.0,0.0,0.0,0.0,0.5720301769757818,0.11482635880862659,0.07333214246602741,0.0,0.0,0.0,0.0,0.0,0.0,0.0,0.0,0.0,0.0,0.36914613850707034,0.28174612171023544,2.7246219266469374,1.4276757187839284,1.1443103655005915,20.569252694460435,3.7746685739886927,2.1853618125794356,0.0,0.0,1.154683820430534,1.6605443866434266,0.0,0.0,0.0,0.1545850079099203,0.0,0.0,1.080906869102407,2.1475950400051054,0.11035441246419214,0.0,0.34145654208527676,0.3855136686489127,2.8216067335303645,5.17868624652554,0.0,1.256396975304065,0.0,0.0,0.0,0.0,1.3158958287948062,1.0731813868193592,0.0,0.0,0.0,0.0,0.6702939577774855,0.4844123797174144,0.0,0.0,1.1826291011288008,0.0,1.5702779499887758,0.0
pix7,2,1,14.89715817299887,10.872236207949642,0.21382686527937433,2.1634073819204023,0.0,2.174970272155366,0.0,0.0,0.11531796659186601,0.0,0.0,8.264249666828501,0.9281586424943592,0.8233826020728463,3.4094908298256654,0.7369990446889132,0.16948044561323508,0.02170909918614806,0.0,0.0,0.0,0.0,4.824973432187809,0.0,0.0,0.0,0.0,4.281021121891686,0.722026317591603,0.1559162839382953,0.0,0.0,0.05692560959785201,0.0,0.0,0.0,0.0,15.779657114551135,0.24689262729405576,0.7517467165315677,0.12106339594183461,0.0,0.07571776517054978,2.511956128518528,0.0960829039379206,2.4033721324941903,3.490686006882983,0.32434677440935883,0.21592201694473445,0.3941973882104863,0.0,1.829894241671135,0.0,4.130135442368374,1.5141827191354151,0.39664492778528465,0.0,0.7147128440351651,1.227480027370502,0.0,5.909174849094654,0.0,0.0,0.0,0.0,0.0,0.0,0.0,0.0,0.0,0.0,0.0,0.5714931582034319,0.11483524578152793,0.07327231517279197,0.0,0.0,0.0,0.0,0.0,0.0,0.0,0.0,0.0,0.0,0.3762150259932288,0.27766268553034235,2.876255156475378,1.4297333004999813,1.143287113381939,18.839934383976484,3.764019972493435,2.1987911028279967,0.0,0.0,1.1557596826697853,1.685721771807117,0.0,0.0,0.0,0.15003069632260402,0.0,0.0,1.0798966605860614,2.168805472429564,0.10989024055460057,0.0,0.3395627181069578,0.5331979716176628,2.82196432265593,5.267285360098123,0.0,2.0004796094512893,0.0,0.0,0.0,0.0,1.3251013064999917,1.0822470226429672,0.0,0.0,0.0,0.0,0.6202026594571695,0.43917809736789093,0.0,0.0,1.1668460478740046,0.0,1.5284741685864431,0.0
pix7,2,2,5.779523097258198,3.0888123903318263,0.1938240524639265,3.1843953386688235,0.6295922421101339,2.815685560341425,0.0,0.0,0.0,0.0,1.6389426894991392,5.449004859672128,0.8892212465723379,0.7973431685940361,3.107551850503242,1.1189823507931467,0.17668315575202784,0.04247782681852487,0.0,0.0,0.0,0.0,2.3256152113413413,0.0,0.0,0.0,0.6148878073890199,4.83342069462202,0.7305363176450465,0.18418709662729038,1.0213259399382775,0.11457886406492265,0.11999544010196225,0.0,0.0,0.0,0.4177181214384244,5.8054933137160845,0.2809052206436101,1.305669415068475,0.12948670795531958,0.0,0.13533050357089452,1.8618907309940989,0.10853247629588057,1.9800664501542602,3.443607545576378,0.3271407269301986,0.32529429519552977,0.41774366798139806,0.0,1.726893536660195,0.0,2.0683376671428673,1.514909238031657,1.8851381343327953,0.0,0.7113642237528452,0.7996989732625207,0.0,2.7637415494710953,0.0,0.0,0.0,0.0,0.0,0.5204823436914301,0.0,0.0,0.0,0.0,0.0,0.5731702961527434,0.11492815603360892,0.07310294605232286,0.07844690164927565,0.0,0.0,1.5095875490670536,0.0,0.0,0.0,0.0,0.0,0.019986465246302505,0.43975485191451125,0.283523074008818,3.380951690319687,1.4500888992634466,1.1447123975598867,9.442382143996495,3.660848738593503,2.2116051244995143,0.0,0.613968723125841,1.1561641087438568,1.742544522704096,0.0,0.0,0.0,0.14471503309208025,0.0,0.0,1.0762965679070482,1.6472531544081572,0.1065385351213955,0.2743003253046798,0.32827733958054034,1.7749305228674603,2.8204042533000364,5.491522155490739,0.02731157221074097,3.918010771405075,0.0,0.0,0.0,0.0,1.352534312497068,1.1101209266977323,0.0,0.0,0.0,0.0,0.4758546583400586,0.3125342652324025,0.0,0.0,1.0596238647182001,0.09306577162324874,1.1924563354550133,0.0
pix7,2,3,1.8864318146989338,1.3410810104640707,0.8059119849004168,2.089403356688418,1.0227252855793085,2.979705316427356,0.9061656259326604,0.16310210481225768,0.8429994744835474,0.18160041701520227,1.27520261376813,2.526475982278797,0.8387942241210024,0.7841824257550309,1.5315438636256864,1.6665520691380868,0.1948617516698775,0.05149798444128504,0.7329463788690072,0.0,0.0,0.0,1.2434971798189836,0.0490459516503002,0.0,0.0,1.5905916391214667,4.851529133905052,0.7371570647806929,0.24081869588301824,1.0375966145743334,0.8185270494265143,0.316066325969047,0.0,0.0,0.29059752873312056,0.8673225331392785,1.6734171428887765,0.4102522743020199,1.2019162963267584,0.16636464309124468,0.14420470079141903,0.7000539852215948,1.236703100042208,0.23194363390871572,1.4407986290165575,2.302631349326804,0.32804612942320605,0.393863362511671,0.43763870824143764,0.12236055868444215,1.2886225996390606,0.714827682028779,1.2269976689392965,1.6104723693898997,1.5532050108925284,0.8365580324663979,0.7118468468703113,0.733555044825026,0.8311470591958281,1.3852046367002313,0.0,0.0,0.10392950895090274,0.0018622535218769452,0.0,1.4988538905748565,0.0,0.0,0.8814651877270774,0.11922318629158547,0.0,0.5836515071661956,0.11574230050584437,0.0729886336599362,0.8884597366906759,0.0,0.0,1.5286137489357094,0.0,0.0,0.39053549307433133,0.0,0.0,1.102443391438612,0.7805829801074594,0.5147426684893597,3.4474237886164247,1.5656583953557515,1.2010159331854728,2.6349884351220303,2.915516185264789,1.9194841458272895,0.5805957836635727,1.0326956478626605,1.0101500636219527,1.7097626597586175,0.0,0.41080963629741724,0.0,0.22106018266160368,0.0,1.0511000786544114,1.0680461575669022,0.9044039842202849,0.1178155132366909,1.055993242690792,0.3358111885537426,2.402559584813236,2.794886588191916,5.286029643412592,0.29858324094894095,2.065096923038913,0.0,0.7963424429392323,0.0,0.8744161766926364,0.9884713817505733,0.8144737511393833,0.0,0.0,0.38558946712562997,0.27425099176884027,0.6743797688953304,0.5471823402132507,0.316711397728377,0.2501693686383947,0.8990281106548356,0.16032287762285774,0.9924082381567514,0.25001912751221567
pix7,2,4,1.1978685262920343,1.0849493909412085,1.0141977488113145,1.3800452910615166,1.0186102137369024,2.254121257521305,1.0209888786793624,0.9980979376967314,1.198277088350238,1.498575831240059,1.1168963611011087,1.4576306572580868,0.845127454386481,0.848614719145952,1.1723358973230844,1.4693111066115194,0.2550728116460979,0.04409489371254846,1.019534530708295,0.7116476012556312,0.0,0.0,1.045903248300858,0.9681647165273911,0.20037504542385168,0.0,1.417239930498717,2.679105632977918,0.7651385779249377,0.33270907217065804,1.0038935056082245,0.9862519365339798,0.6885097544703785,0.0,0.15139845335849852,0.7377839197644206,0.9690140085606043,1.0649858600499895,0.665606794221071,0.9474947380258784,0.39229796110235665,0.7229018554004201,0.9684380049227171,1.0339389396599865,0.5355641606631365,0.9874470411294792,1.5187764440908562,0.327753455310222,0.42401798866611423,0.5915013549944581,0.7530052461114802,1.0094601324605914,0.9309461499663244,1.0718503141001479,1.3537312416266705,1.0518895067816147,1.1256359247862495,0.7745204794475943,0.8478191470354394,1.1458221920324636,1.184960724336421,0.6080336970037008,0.43165168814617605,1.2277506257801503,0.2968103865157902,0.22568956096722306,1.3761089251791079,0.6093662450981665,0.3864951276752664,1.2066480803766546,0.3442296575613934,0.07617410633570847,0.6179944478791621,0.11857853709794713,0.07225621893559697,1.121900369052122,0.3305509785418485,0.336737546286011,1.2965582416171695,0.1644925653412274,0.0,1.212178926182338,0.0,0.0,1.172659993943838,0.8456284991705385,0.8038768871939542,2.4435828648279534,1.4891401946710057,1.1499967561709872,1.495894968289499,1.2704521193133442,1.053314771727296,0.9286990679480583,1.0184312539664198,0.7722252221089811,1.6292366116307533,0.57630643573079,1.0013089107179436,0.025359730138718697,0.6324691797826892,0.08935633677200737,1.5016511416005174,0.9111783579210968,0.9466653286305835,0.08767272655900957,1.300863648453658,0.4326485642255726,2.067083782366735,2.5353571390463605,4.0239272629605605,0.7447686984115452,1.4677193718803576,0.020151823914086098,1.5525538464349946,0.5318393336669845,1.240061318057455,0.5286409711949934,0.4251398007354233,0.34779959310021824,0.27717407209127765,0.9012260731308287,0.873769109496516,0.8456007558856774,0.8207912395850839,0.4407406862152541,0.35826295304494665,0.8847871568805237,0.17999854997045284,0.9511086462585059,0.869332248414875
pix7,2,5,1.032545312912341,1.0155269495163415,1.013957832305598,1.078729406065177,1.005761752736753,1.265651772311791,1.0091896833799272,1.0347327398151163,1.0658495024412071,1.243227322084556,1.0257124591169833,1.106445529221075,0.8923671258288278,0.8562158994656089,1.0375621636827301,1.1558462855080227,0.582457989456875,0.04402251965998989,1.0133311407846701,1.0427456338522303,0.6351171118686525,0.0037883180118390477,1.0102667310744187,1.04181697401123,0.6800536220831972,0.0,1.0951331578190067,1.3910712563122594,0.7552324442191171,0.5155398090927354,1.0005798979840428,1.005022461074584,0.9045542786814111,0.3963673666450438,0.6989324916280936,0.936519074696164,0.9880749304303287,0.9999097848830634,0.9204241200229091,0.9715046753849353,0.8526483487233426,0.9460968755748275,0.9961437342600274,1.0010013609754982,0.888306377253496,0.9762441545427731,1.1371145180517663,0.3398765689389274,0.5985292778828465,0.9019257764839144,0.9523963681058305,0.9975805112740771,0.988080292255662,1.0183298242098189,1.054178545746384,0.9887418596023726,1.0511083399000236,0.9457831079928353,0.968020266528315,1.0594709014025487,1.0573736068067907,0.8873984488022938,0.8840235296790879,1.1194397367954803,0.7719732247196218,0.7017013913493337,1.1115638825141934,0.8009034202181572,0.6040707942901867,1.082569976410781,0.7469483960550979,0.5848350561479667,0.713500811951898,0.11573885769556143,0.06345614004791186,1.0519289568928738,0.8734376073676247,0.88527225580463,1.0843424598537688,0.6837130683049387,0.47975753077295263,1.0806573694457973,0.46223847922872546,0.37123726480031705,1.060469189304311,0.9212214321427655,0.9441897796190759,1.394974942454504,0.9535412890759017,0.6099241036302215,1.1258286011380716,0.9242554738751958,0.8074109524795587,0.9552213792364171,1.0190489402360996,0.6537898230647814,1.3651197365729002,0.9535076450655154,1.0204045273768019,0.2959711717355934,1.1517483709369876,0.8077560383604196,1.1855876617730985,0.9515185032892807,0.9929474461564476,0.14959068274807327,1.093796310388351,0.6303665450644086,1.3416736259299888,1.5755123897047598,1.949012152157661,0.848093651014134,1.1389369401519007,0.6105519046073842,1.2128503550160221,0.7977512991105816,1.086626157607697,0.4791704226496302,0.39685421498028634,0.5456014627295824,0.4796321641291784,0.9756410335849037,0.9696003339107968,0.9170549486067316,0.9045765812960067,0.4590642985128436,0.37961434427191043,0.841302702003805,0.4506731753712591,0.9784179584290522,0.9588320373567193
thermal100,1,,7.967979191967979,29.88778716407419,0.0,7.565253179147939,0.0,1.1081540330443718,0.0,0.0,0.0,0.0,0.0,7.403584692966543,1.1479762759191077,0.0,0.0,1.2136523997474216,0.0,0.0,0.0,0.0,0.0,0.0,8.98505424239737,0.0,0.0,0.0,0.0,3.3214158079091307,0.948919452715166,0.7017443329668543,0.0,0.0,0.0,0.027115651050125526,0.030256680707761663,0.0,0.13051479328256174,5.45312142262085,0.26272748476127156,1.3758548140772175,0.050468763630680494,0.0,0.0,2.1970248694774495,0.06467028457085569,0.9697048460754234,0.0,0.27667825923238226,0.3866471126412132,0.2575580412073876,0.0,1.4885815175609995,0.0,54.20313984954242,1.1704907286701354,2.6165449208893774,0.0,0.5893170690745341,0.8898724083920057,0.0,0.0,0.0,0.0,0.0,0.0779814140414345,0.10049379119442499,0.0,0.0,0.0,0.0,0.0,0.0,0.0041830130312619776,0.06364133647255166,0.0009475198436728527,0.0,0.0,0.0,0.0,0.0,0.0,0.0,0.0,0.0,21.129348787240172,0.588294174956014,1.523980193159792,2.5613332254002046,1.4684004208677854,1.1789945153636214,15.026849774560057,4.243555582191931,3.369401561553219,0.0,0.0,0.9524785034569493,1.8201683331614278,0.0,0.0,0.0,0.0,0.18084462562024073,1.2029576282972072,0.4601314605485002,0.0,0.0,0.0,0.6668860278848664,9.821033122646663,2.502068137850143,2.195411679315045,0.45085139927732576,0.0,0.10687680094002894,0.0,0.0,0.0,1.3340090195277376,0.9941034977616419,0.0,0.04109671672107214,0.0,0.0,0.20128343537759627,0.8655540192223805,0.0,0.0,1.0219469002693073,0.0,0.0,0.0
thermal100,1,-2,9.103661126562317,19.945140958897458,0.0,7.993249216324865,0.0,1.339811934195547,0.0,0.0,0.0,0.0,0.0,7.310626172011305,1.1509544034393189,0.0,0.3085987331119647,1.2089374571292064,0.0,0.0,0.0,0.0,0.0,0.0,8.210180779700002,0.0,0.0,0.0,0.0,3.3630244011383765,0.9515086171674265,0.6949996230697058,0.0,0.0,0.0,0.033104143115210614,0.03079023577254111,0.0,0.15992199970734003,5.126174197001561,0.26309434019108435,1.4128053615301799,0.050201677196303224,0.0,0.0,2.1583387844694166,0.06552673954418833,0.9371598895885169,0.0,0.2771723590992866,0.38681256610177905,0.25806203649379017,0.0,1.48468344110715,0.0,46.29728877005224,1.1706164491824718,2.67657839344773,0.0,0.5883790663324788,0.8843236803674418,0.0,0.0,0.0,0.0,0.0,0.07856148734897042,0.0998695999587675,0.0,0.0,0.0,0.0,0.0,0.0,0.0041824050743175635,0.06364326703165885,0.0009473098597084968,0.0,0.0,0.0,0.0,0.0,0.0,0.0,0.0,0.0,18.093731081138984,0.593925626766232,1.5318747663249348,2.5455796202894363,1.469622281127141,1.1792264762055442,14.575539973714147,4.236437295210321,3.367869497734231,0.0,0.0,0.9538882079579649,1.8003945197305415,0.0,0.0,0.0,0.0,0.17915454021300917,1.5615135273293044,0.4625357288924108,0.0,0.0,0.0,0.6663975572555922,9.820601731781625,2.501208840348576,2.4564336589765197,0.44812709999914124,0.5779477501810429,0.10767097738950968,0.0,0.0,0.0,1.3377700342048027,1.0203403196960448,0.0,0.007326345355731975,0.0,0.0,0.17892353133498293,0.8881792539341884,0.0,0.0,1.0115250984593154,0.0,0.0,0.0
thermal100,1,-1,6.978522679521302,6.255908074889114,0.0,8.533242052269037,0.0,1.768543004471669,0.0,0.0,0.0,0.0,2.4014144418425776,5.87427531195382,1.1248660435877376,0.0,1.211693891221863,1.352763305471751,0.0,0.0,0.0,0.0,0.0,0.0,5.497907941648342,0.0,0.0,0.0,0.0,3.692546514899311,0.9712305548259068,0.6859576263274529,0.0,0.0,0.01847929461481958,0.06565329270948518,0.03220054995697836,0.0,0.3163973626424378,3.6183475235235756,0.2717632374020665,1.589812266096792,0.05217829061382668,0.0,0.01160963033625879,2.0006821142105182,0.06644418317728269,0.8951857731406194,1.654239717556394,0.27968834367119655,0.3866469598470733,0.2623521894643468,0.0,1.4698745866433816,0.0,17.994089206315103,1.1785268926246826,2.8352629580466457,0.0,0.589000257803943,0.8086762715873171,0.0,0.0,0.0,0.0,0.0,0.08456182747911654,0.10111502392908972,0.0,0.0,0.0,0.0,0.0,0.0,0.004186966466193165,0.06365249863082073,0.0009472716174886781,0.0,0.0,0.0,0.0,0.0,0.0,0.0,0.0,0.0,8.284004836480817,0.6317441767482734,1.5526827646247017,2.6894803353690926,1.4806215995709564,1.1829896969605298,11.089474457541728,4.173911337209803,3.3505944082593877,0.0,0.24506909733651203,0.9625876554806733,1.791547612258219,0.0,0.0,0.0,0.0,0.17671549168540415,2.5798554769842696,0.48055076441383926,0.0,0.0,0.0,0.6677421026471043,9.414874493309357,2.497886207315362,3.261849277724597,0.42850609057603134,3.8504030914752594,0.11134656014768678,0.0,0.0,0.0,1.3466636177338485,1.0432713319709772,0.0,0.0,0.0,0.0,0.13337944234150645,0.8084441767995717,0.0,0.0,1.016109814097732,0.0,0.0,0.0
thermal100,1,0,2.692433550042874,1.941980283787955,0.07789162076660504,6.3658943936194525,0.8625489819248114,2.1202816210661357,0.4651162624614161,0.0,0.1261918732255265,0.0,1.7496092063557223,2.8839810584013588,1.103998196447122,0.0,1.414790148781442,1.4158993950683685,0.0,0.0,1.0435827533984858,0.0,0.0,0.0,1.9981143248236222,0.5696474989952491,0.0,0.0,2.2251569634287307,4.226464777542915,0.9971555317635266,0.7299637769310363,0.8807671314669461,0.2771567485834034,0.11254279009319575,0.08162853151703385,0.0373298108353737,0.0,0.6863206789198423,1.7453777139803788,0.35143460917491887,1.6481423594524343,0.07686101684245195,0.0,0.38618261165502293,1.442540380602954,0.09360045505911814,1.0880082321175153,2.401071268158589,0.2846101962426113,0.3907000813969243,0.2849847667632019,0.0,1.370223117737156,0.18986846790840767,3.3197932355419937,1.2752195077785078,2.307515792083785,0.0,0.6035905729258958,0.7672490081811585,0.9652949907096705,0.0,0.0,0.0,0.0,0.1402365269629154,0.13623873245411106,0.0,0.0,0.0,0.0,0.0,0.0,0.004208314614826574,0.06378255420756133,0.0009513967821429237,0.0,0.0,0.0,0.8313979743190025,0.0,0.0,0.0,0.0,0.0,2.215169048550553,0.8757139698992644,1.6038451576082051,3.655004818000973,1.5680473005231015,1.2205848742097003,4.297161589583374,3.6741959488071463,3.138463178077162,0.0,0.9513766849401215,0.9470102559306134,1.8470188973131978,0.0,0.0,0.0,0.0,0.22853840738166736,2.2101753578861034,0.5977707319485054,0.4520033816922789,0.0,0.0,0.6694643532546781,7.807166306895971,2.469648882902851,4.056493813034031,0.5009044653120206,3.463139699947674,0.1140270398085453,2.298313418882374,0.0,1.9915076545019712,1.0973792181919828,0.9571929941662167,0.0,0.026081887814230053,0.20872013101277584,0.0,0.3944178325300705,0.7508435199282106,0.19841664541933757,0.0795894269870689,0.9898256084951926,0.0,0.0,0.0
thermal100,1,1,1.4231424836987034,1.2043159585701824,0.956090839007137,2.701955157239035,1.0392309307855647,2.3869185709464453,1.0268102270228459,0.8726691850208755,1.4854311249995038,1.1361571676296205,1.2940501471742065,1.513339696883514,0.9947413559037966,0.14081052740276526,1.2694687748407607,1.3413833635684758,0.0,0.0,1.222811230592946,0.617227656778347,0.0,0.0,1.2009537217718866,1.0369500954438189,0.0,0.0,1.994152679851595,2.739611700994287,1.1108680310394834,0.7786426690255677,0.9937499010464639,0.9166748697420172,0.47083513031225815,0.0,0.06236579707294938,0.36430695662979146,0.957572858167976,1.1217811124047812,0.535772127736829,1.0746059351713684,0.13950302656795613,0.4949012332756336,0.8954963962432461,1.0988912129728234,0.2525715836624852,1.029453117285596,1.8389346184689432,0.2897671704827487,0.3957183251559272,0.3483410546869528,0.3834607899902361,1.0530814881895052,0.8477338785518242,1.331290216173599,1.321123907967495,1.2857473740941343,0.9571919067125224,0.6456862003679739,0.7624874145772146,1.3325004099626372,0.9190357030093852,0.4489239983542543,0.16148698940983708,0.7712077503134253,0.24976568732089724,0.35877314097713225,1.2568080496921321,0.1867016811038012,0.0,1.0909588907656285,0.2576108112563164,0.0,0.004272683283266597,0.06471059336546013,0.000944771737693949,0.612054725605015,0.0,0.0,1.2659305343707428,0.0,0.0,0.7559654591217577,0.0,0.0,1.3262728040956993,1.0863779421165929,1.5371794631945437,3.901951996978513,1.740277100868428,1.3890547867484413,2.1118597363558598,1.973701238937027,2.0774160591499293,0.7398418919313181,1.0424222769662381,0.7142929358517777,2.153951679237752,0.17798393869026272,0.8264880875027641,0.0,0.0,0.49535135682027515,2.039946097551989,0.8415261260196902,0.9107989242261912,0.0,0.0,0.6603912757305466,4.2433017509339335,2.2984542173191773,4.397215948441505,0.6840402795872903,2.1215274341123354,0.26288944979702955,2.4776397291919667,0.3686201052301781,1.7976050953955875,0.5665004082707524,0.45503128141291777,0.22405484111849,0.230518390383739,0.8941243605074056,0.6766402402782085,0.7590006753896571,0.7858245353674933,0.46313276253632063,0.391574366245034,0.9610215351495883,0.0,0.7656546178643233,0.6722132586298215
thermal100,1,2,1.0840203110329858,1.0437013351922562,1.0492237253453582,1.344474276288469,1.021702009652131,1.5464683988663375,1.0294809741413284,1.0397103161648964,1.2197147907935115,1.3091273077265884,1.080610215838621,1.1441870192508614,0.9159890159544631,0.7734585268639389,1.1000689540521922,1.186701643650025,0.22349125148718105,0.0,1.0765926906521894,1.0842446763857947,0.35265914716342733,0.0,1.0483175929510462,1.077784427607116,0.3427190969292362,0.0,1.2926917296583451,1.5199354258052307,1.0319081706925073,0.8716019351335947,1.0007378719488296,1.0006392480396404,0.7964384661789975,0.15614709270000673,0.35758229319056717,0.830607733475311,0.9900671165479806,1.0075805441185,0.8211738534687422,0.9569389691758479,0.5660224070952482,0.8461998873812918,0.9897169078367116,1.007890977317172,0.6600413645171385,0.9457242143249864,1.3299642929037019,0.3095738540268785,0.39700056470269485,0.7122902222205113,0.8636089192473209,0.9939450356938462,0.9639786858238505,1.0649451569026183,1.0916317687651922,0.9969911720495306,1.1134731056622769,0.8493697122425254,0.9142658576780945,1.1567279128539345,1.0688112910033716,0.8414550567351647,0.8329737990010513,1.2626842139119847,0.5846364687593568,0.5743045176767299,1.3015789516396468,0.7200089546349812,0.4624755901681265,1.1950062951853617,0.5971309627301331,0.3894441358224382,0.004467743307512681,0.06588561575593323,0.0009149854743255828,1.0335923153279987,0.7372427800544161,0.7286612634177557,1.193689176566782,0.5449393101081113,0.24047546518013732,1.1600367288992077,0.21178713749818412,0.11793123273457083,1.127764754440086,0.9353776451730371,1.0399808113679923,2.2268397767196104,1.2497708609452316,1.1165146050491377,1.3694469843681536,1.008761520783549,1.0177673227836608,0.9435145872629898,1.03508889436678,0.7323022274786901,1.643974053271847,0.9109999934957951,1.0192776647516533,0.0,0.9523905700000076,0.906347980235779,1.4480138346580365,0.9387710991800021,0.9839721525410875,0.0,1.141123622297256,0.7570825124525985,2.054662436427452,1.6441391911860725,2.7684362637771662,0.8662613598374432,1.392869039654812,0.683894910025365,1.598777546899002,0.8032442159112148,1.3061723954433286,0.4869933239935263,0.3852493704922663,0.51212194367976,0.46070023716114405,0.9769657799442776,0.9439083730693438,0.8968707476619721,0.8972656570125603,0.46265104003285124,0.37154178215787653,0.9258420030273271,0.1956720906057638,0.9554863821865854,0.945138489961385
thermal100,1,3,1.0103789717166003,1.0055056714277673,1.0060369922343197,1.041965856157665,1.0022499587620548,1.0745977037955603,1.0039932320092386,1.0080115151650804,1.0300823913838584,1.0527857497377453,1.0100803858370093,1.0208423476392774,0.9537997590175135,0.8465855206583609,1.0119701282201283,1.0303810986956825,0.7794904513369795,0.006683179128280425,1.0089989113001137,1.0183492096562454,0.8250108196562377,0.3580259303158709,1.0049050192249556,1.01392379683451,0.8291092682334259,0.10780870002747515,1.037581255404877,1.0748347016450972,0.9204828336021414,0.7207100626091631,0.9998409474895072,1.0007647133593485,0.9568857663884026,0.7284752419820748,0.8544477957048818,0.9696597802378216,0.9967875283326791,0.9982613778439682,0.9704096298070125,0.9870068348346491,0.9285680984694977,0.9753695033892293,0.9984916313886928,0.9996400350811815,0.9418488143379007,0.9855139215319788,1.0542468801848324,0.47479318351584776,0.45457773046716304,0.9523499002024834,0.9783889762804985,0.9981908998639121,0.9946311548697516,1.0089724574145507,1.009038533853926,0.9928394200705913,1.0226048921983013,0.9772787811599848,0.9864672836152704,1.0251843512850007,1.0140674082815253,0.9667269169644623,0.9671880782362114,1.0404295692295342,0.8839961440528753,0.8069969761401482,1.0351357392843112,0.8954711754544492,0.7604986023415938,1.0280574425996944,0.8796058267224965,0.762878721222312,0.004753680788570448,0.06496119173914229,0.0008870965422834096,1.0104251305156955,0.9594620342996779,0.9624255363583728,1.024322200574454,0.8654732827551767,0.7175395612233195,1.014809215860499,0.8038667562565731,0.6895798971677993,1.0212753286843135,0.9773121149927083,0.9890867562776479,1.1620255745358377,0.8887053757206056,0.6541631590719287,1.0479242930210801,0.9518666693696979,0.8932426711240975,0.9835156681423971,1.0084925353416068,0.8156662004671186,1.1496067861580435,0.9946198128343018,1.0052124134993072,0.5366581889540565,1.0958949168932892,0.9832908963324167,1.0717743930212278,0.9811407703596224,0.9965102796490457,0.42198627319706167,1.0107072990144228,0.7382331686207065,1.1495777415592294,1.063005796774909,1.2948572785009633,0.9252218939806255,1.0547146506082643,0.8745236419648398,1.0896318736034383,0.896433839023204,1.0387882644963762,0.7528657250296921,0.6017149580529022,0.7780094573236063,0.6527295474269595,0.9937218979251368,0.9868381223642616,0.9556247836495388,0.9330641734423724,0.7424615192176014,0.588234711016253,0.8195049257069129,0.6755655968081308,0.9902576505204888,0.9673743708619894
thermal100,1,4,1.0010347381930482,1.0005475703610027,1.0002806670673927,1.0040565209848367,1.0000946227762373,1.0073377528732392,1.0003509506028134,1.0008395201132694,1.0028811169903071,1.0055231053154328,1.0009104600998544,1.0021343464164796,0.9922337975626119,0.8993130588678239,1.0009306928647181,1.0031077072588193,0.9694185098840514,0.601122444627345,1.0006418554774823,1.0018798515069205,0.9753372774131833,0.7603557814593248,1.0002487681214387,1.0013923918948944,0.9766569025854291,0.7010476899871018,1.0035343023652359,1.0077027151772238,0.9834885914286694,0.763217191626578,0.9999505204764947,1.0000756371779402,0.9946476645286751,0.9311795858761596,0.9831056495166705,0.9962172852071819,0.9989618092673315,0.9991566563333879,0.9953308576153327,0.9969779330480664,0.9917184129199321,0.9966228053836725,0.9997263592843482,0.9997599298483175,0.9933716420052193,0.997709613328585,1.0053341571206897,0.8359968431944805,0.7596870625637238,0.9934156948829822,0.9965664926316748,0.9996477997673853,0.9992745745804318,1.0009208388952227,1.0002393347333371,0.9981530802726403,1.002092594560974,0.9974503656301652,0.9983376507817142,1.0026228349955104,1.000978957476183,0.994413692338191,0.9935218841713727,0.9947019475766983,0.97651524245193,0.9519301959262424,0.9909666804167495,0.9774427085322036,0.9413988263890608,0.9967362828360309,0.9755168666770198,0.9445826090537259,0.005371879791824618,0.09460378410734231,0.0002916198134897614,1.000698798622591,0.9948325897497042,0.9944875463154595,0.9959400528265456,0.9738970866169409,0.9369081581366776,0.9908444338111176,0.9667303770582446,0.9338333824933865,1.001544935571145,0.995297481217696,0.9955204935455595,0.9876187469051549,0.9561238183609733,0.8763485578366716,0.9970279886948946,0.9863148347737066,0.9668986947108106,0.996480028039837,1.000974679067201,0.9485843410763087,1.0170344157767752,0.9988374003216584,1.0005862940913908,0.9000596073158841,1.012379857036124,0.9852738290442266,1.004583377469866,0.9968088235825133,0.9987641835259703,0.8741770799592081,0.9841747263168655,0.9127180642321349,1.0004091417615588,0.9729538256612668,1.0165621725937415,0.977893509045936,0.9993867394729109,0.9595983903022544,1.0026176706034027,0.9735623188600505,0.9962642110012606,0.9351506450987254,0.866241221337423,0.9409559141463382,0.8800797601454178,0.998777161390943,0.997154558175301,0.9878291235637475,0.9757110049060127,0.9320761592480469,0.8608487226787745,0.8684659994527596,0.8507434910868376,0.9975098451169698,0.9798396378924755
thermal100,1,5,1.0001005284411086,1.0000528335615397,1.0000111326986372,1.0003837278348384,1.0000029932828136,1.0007062436986744,1.0000315720920585,1.0000834110939631,1.0002715819331582,1.0005504721706926,1.000083061389098,1.0002118681295529,0.9990544631300767,0.983856286425819,1.0000780234545392,1.0003075350878037,0.9966353199874615,0.9413903071852517,1.0000482189180988,1.0001841438627597,0.9972249319226297,0.964992301630072,1.0000121009578073,1.0001357524261667,0.9974447552380892,0.9576090685631684,1.0003303041631215,1.0007665972670476,0.9978241419933146,0.9607651368690894,0.9999937902179671,1.000007228485957,0.9994384364796105,0.9908091172700695,0.9982632883080096,0.999559462886823,0.9998553214008629,0.9998801410163467,0.9993973766461488,0.9995822474113839,0.9990131223871994,0.9995663568361246,0.9999655820334828,0.9999650532440048,0.9993097570915132,0.9997121107953337,1.0004971809941148,0.9785726165702698,0.9644202885018892,0.9992550567563915,0.9995662884537515,0.9999550584779608,0.9999096740702696,1.0000895770862415,0.9999532019881492,0.9997378379329248,1.0001826644650784,0.9997023764255034,0.9998058825834718,1.0002551693862543,1.000042926796531,0.998530214173177,0.9991968335192998,0.998805187699787,0.9940097793550677,0.993959067748519,0.9982368594344121,0.9944846688764903,0.9927603615592377,0.9992309059291364,0.9939019931536237,0.9931321320772563,0.01289027176548561,0.32893341492510325,0.0,1.0000246729218145,0.9991831053931347,0.9993724438437224,0.9991351477182957,0.9940671711514537,0.9923164309029345,0.9983669570949797,0.9931080587791731,0.9919934694101658,1.0000816118344777,0.9984843567937703,0.9993764512034399,0.996686758338649,0.9855380944852501,0.9839023767045486,0.9991308306619494,0.9957873917812322,0.9957431915736298,0.9995662592953889,1.0000971423202283,0.9933040943555677,1.0016934551869596,0.9998420934278047,1.0000587179156184,0.987810088815846,1.0012183129816223,0.9976567077678983,1.00017993701847,0.9996405343575284,0.9998279256991408,0.9847809003746233,0.9972974194709993,0.9881263119593119,0.9988998159863064,0.9952321329055613,1.0003904904928829,0.9970499494466109,0.9994618855004777,0.994417953856667,0.999719359071913,0.9966231137493835,0.999079479594617,0.9910403655761353,0.980761556900392,0.9918142392855208,0.9826674472742183,0.9998416003170465,0.9996214871354526,0.9983033981235918,0.9964650303491283,0.990615497361307,0.9799842382763307,0.9789241812943702,0.9769332532387066,0.9996450659702487,0.9968043201822229
thermal100,2,,0.0,50.832853188025226,0.0,15.176875475506577,0.0,0.23457555122823198,0.0,0.0,0.0,0.0,0.0,8.637422357800578,1.1790226902924592,0.0,0.0,1.516577036881673,0.0,0.0,0.0,0.0,0.0,0.0,4.834556097844182,0.0,0.0,0.0,0.0,2.9669338966408705,1.3932355074774438,0.8803684421219498,0.0,0.0,0.0,0.0,0.04167258855122121,0.0,0.0,5.011503214844962,0.1659019907240462,0.2419407998757001,0.0,0.0,0.12587056067840358,3.264272464806947,0.17562026562967675,1.7939275789888915,0.0,0.43827727070839817,0.6235322054814831,0.2806315674739081,0.0,1.3614389288394486,0.0,133.29230161651915,1.5512095850571848,1.164754918682924,0.0,0.6590920456415787,0.02644714021156155,0.0,0.0,0.0,0.0,0.0,0.049416374446771286,0.5014568739878558,0.0,0.0,0.0,0.0,0.0,0.0,0.0188189182101494,0.17880877188714006,0.0017430342234363175,0.0,0.0,0.0,0.0,0.0,0.0,0.0,0.0,0.0,27.82077908862811,0.050484503490806215,3.570421432844582,2.3107799596936904,1.6934589615991247,1.7289738002426418,0.0,2.3578144584091287,3.603524785688003,0.0,0.0,0.0,2.2464319199989005,0.0,0.0,0.0,0.0,0.4519234034748397,0.0,0.0,0.0,0.0,0.0,1.5159867880891216,23.36201278943787,2.0009984890404833,0.0,0.42623178705768255,0.0,0.4208577358973674,0.0,0.0,2.66980412319934,1.2003032800950433,0.8741506950014334,0.0,0.0,0.0,0.0,0.0521911568497276,1.6498800164739438,0.0,0.0,1.3696726712196974,0.0,0.0,0.0
thermal100,2,-2,0.0,50.766422857176416,0.0,15.180842514827946,0.0,0.23662379991123778,0.0,0.0,0.0,0.0,0.0,8.637394012716479,1.1789970967635601,0.0,0.0,1.5165597415618934,0.0,0.0,0.0,0.0,0.0,0.0,4.831245005403918,0.0,0.0,0.0,0.0,2.9670822018831817,1.3932576032483819,0.8803089945086512,0.0,0.0,0.0,0.0,0.041673464836720804,0.0,0.0,5.010598931098046,0.16589767716672685,0.24204543353383665,0.0,0.0,0.12590927916454778,3.263601301111493,0.17563006106703624,1.7936992586009561,0.0,0.43827795562003274,0.6235318657985351,0.28063477173912377,0.0,1.3614207933898168,0.0,133.23822430671072,1.5512050912927098,1.1651461802657361,0.0,0.6590822796461067,0.026478878791766424,0.0,0.0,0.0,0.0,0.0,0.04941703296436278,0.5014543683679119,0.0,0.0,0.0,0.0,0.0,0.0,0.018818952260464088,0.17880876489548062,0.0017430323099342244,0.0,0.0,0.0,0.0,0.0,0.0,0.0,0.0,0.0,27.82385202415254,0.05049469173537481,3.5704348898978626,2.3105418125038324,1.6934593091742025,1.7289716566749633,0.0,2.3578112922294876,3.6035311942893538,0.0,0.0,0.0,2.246310854230973,0.0,0.0,0.0,0.0,0.45192213666518033,0.0,0.0,0.0,0.0,0.0,1.5159738692227063,23.363472573544694,2.000997237438413,0.0,0.4262404632762226,0.0,0.4208567461451878,0.0,0.0,2.670766103507866,1.2003095924708946,0.8741631762706052,0.0,0.0,0.0,0.0,0.05214695938013899,1.6497910425970927,0.0,0.0,1.3695688559341637,0.0,0.0,0.0
thermal100,2,-1,0.0,50.17659476511677,0.0,15.216042955738413,0.0,0.25481380798458697,0.0,0.0,0.0,0.0,0.0,8.637087856417624,1.1787658713960991,0.0,0.0,1.516411851805917,0.0,0.0,0.0,0.0,0.0,0.0,4.801836728202006,0.0,0.0,0.0,0.0,2.9684141296912934,1.3934553478677398,0.8797773253473694,0.0,0.0,0.0,0.0,0.04168117656802519,0.0,0.0,5.002490930902629,0.16585921819085905,0.24298831911682858,0.0,0.0,0.12625712792053428,3.2575916522975605,0.1757179380439587,1.7916545670033102,0.0,0.4382840921452486,0.6235287854017332,0.2806635662079558,0.0,1.3612592571613944,0.0,132.75357499786384,1.5511651542812626,1.1686462476313926,0.0,0.6589954677676578,0.02675520812200964,0.0,0.0,0.0,0.0,0.0,0.04942298665952713,0.501431864587955,0.0,0.0,0.0,0.0,0.0,0.0,0.018819257242332292,0.1788087006396195,0.0017430153015142622,0.0,0.0,0.0,0.0,0.0,0.0,0.0,0.0,0.0,27.85126781491677,0.05058607022030827,3.5705538473013654,2.3084020172544184,1.6934624926562842,1.7289527233606636,0.0,2.357782658292789,3.603587927532229,0.0,0.0,0.0,2.245227815840491,0.0,0.0,0.0,0.0,0.45191077215251463,0.0,0.0,0.0,0.0,0.0,1.5158579726670407,23.3765692490326,2.000986172211977,0.0,0.42631806804754335,0.0,0.42084789438548365,0.0,0.0,2.6793816482872312,1.2003661984163772,0.8742751278980748,0.0,0.0,0.0,0.0,0.05175057665196295,1.6489930788570395,0.0,0.0,1.3686376271815182,0.0,0.0,0.0
thermal100,2,0,0.6912794722935693,44.425216708893984,0.0,15.47383308851635,0.0,0.3951343488545873,0.0,0.0,0.0,0.0,0.0,8.644030817719102,1.1769317348190071,0.0,0.0,1.5129605079946042,0.0,0.0,0.0,0.0,0.0,0.0,4.575120126355032,0.0,0.0,0.0,0.0,2.978879064839333,1.3952353327436837,0.8747886720995416,0.0,0.0,0.0,0.0,0.04183385330180617,0.0,0.0,4.925980108265932,0.1654733288574808,0.2517512942578823,0.0,0.0,0.12970179267858778,3.1996845360834274,0.17660676558937996,1.7714148497947397,0.0,0.4383417369296598,0.6234931487404197,0.28093248129819337,0.0,1.3595912697636368,0.0,128.0993436969621,1.5507922584781237,1.2025786101600882,0.0,0.6581107715985114,0.030152418005985573,0.0,0.0,0.0,0.0,0.0,0.04947800051750757,0.5011007950882537,0.0,0.0,0.0,0.0,0.0,0.0,0.01882223774865514,0.17880857384254273,0.0017427894206682659,0.0,0.0,0.0,0.0,0.0,0.0,0.0,0.0,0.0,28.10187219638968,0.05147395647681835,3.5714662654773455,2.2869631376960657,1.6934930760163949,1.7287739740330446,0.0,2.357495219131181,3.604316033697439,0.0,0.0,0.0,2.2349790560404945,0.0,0.0,0.0,0.0,0.45187496207001887,0.0,0.0,0.0,0.0,0.0,1.5147426989518322,23.503031514698208,2.0008608684776275,0.0,0.42707778002969804,0.0,0.42077647322949935,0.0,0.0,2.765087694198287,1.200880335100425,0.8753689905761796,0.0,0.0,0.0,0.0,0.04806956958387532,1.6412161348926382,0.0,0.0,1.3595714557171703,0.0,0.0,0.0
thermal100,2,1,4.465124042660967,20.856065528137083,0.0,16.34155294676256,0.0,0.9362195026679582,0.0,0.0,0.0,0.0,0.0,8.43406751655994,1.1558751208520819,0.0,0.0,1.5263043709967452,0.0,0.0,0.0,0.0,0.0,0.0,3.49455555320921,0.0,0.0,0.0,0.0,3.0835135630350754,1.4081877665949032,0.8458309009006655,0.850248004250139,0.0,0.0,0.0,0.042460263392460784,0.0,0.0,4.333001091282219,0.16335611228263217,0.3377873617643766,0.0,0.0,0.15895391984036436,2.7900169710162888,0.1832542073992936,1.6335608773893564,0.0,0.4387729313118206,0.6231977623672444,0.2830605902249067,0.0,1.349355905355957,0.0,95.19937777919307,1.549273829428805,1.425863552565989,0.0,0.6537660852838516,0.027857500894386482,0.0,0.0,0.0,0.0,0.0,0.050105273150901734,0.49891289073960904,0.0,0.0,0.0,0.0,0.0,0.0,0.018842498437277796,0.17880116835901488,0.0017417217505348616,0.0,0.0,0.0,0.0,0.0,0.0,0.0,0.0,0.0,29.17579882653131,0.05883103732800961,3.5738056440926056,2.100057940743668,1.6941117792401885,1.7287569010476846,0.0,2.353600749691954,3.6053496307736337,0.0,0.0,0.0,2.173271833771828,0.0,0.0,0.0,0.0,0.45162575663403626,0.0,0.0,0.0,0.0,0.0,1.506117355134695,24.473656600422323,2.0006283892391057,0.0,0.4325326384858127,0.0,0.4204130215324164,0.0,0.0,3.3618173514215806,1.2044483333724973,0.8834183153745623,0.0,0.0,0.0,0.0,0.02159521325835227,1.5845008387105548,0.0,0.0,1.2905372686414318,0.0,0.0,0.0
thermal100,2,2,4.1746794778187715,5.009075896926614,0.0,15.922254517310023,0.0,1.6914286796812341,0.0,0.0,0.0,0.0,0.38279984182349164,6.0426448614916,1.0948059086840316,0.0,0.0,1.7306831902584414,0.0,0.0,0.0,0.0,0.0,0.0,2.582725653834066,0.03278680554081785,0.0,0.0,0.0,3.7459571598497594,1.4497648796544031,0.8347084767026836,1.3519058064435292,0.0,0.0,0.0,0.044545270143455266,0.0,0.2189463142574895,2.320209078924251,0.16475257794443515,0.6787256442901219,0.0,0.0,0.31752176554381756,1.808880355474915,0.20233036591456083,1.4186976301223244,1.169136206152238,0.440424951033522,0.6223767627920122,0.29032372716915195,0.0,1.2833723749715058,0.0,27.034968874005422,1.5630098354094772,1.7436203954807705,0.0,0.6391929407509683,0.030644138605480833,0.0,0.0,0.0,0.0,0.0,0.05618891082793305,0.5019640688561575,0.0,0.0,0.0,0.0,0.0,0.0,0.01889711766197103,0.17875408004465562,0.001743686280053791,0.0,0.0,0.0,0.0,0.0,0.0,0.0,0.0,0.0,19.228522523861347,0.11032761638594696,3.5747035744097415,1.545478087248495,1.7030523983283665,1.7368294588404278,0.2473873951460232,2.2998188623106155,3.5675568419565957,0.0,0.0,0.0,2.1381716260707915,0.0,0.0,0.0,0.0,0.4564324146043015,0.0,0.0,0.0,0.0,0.0,1.491786844234884,25.78412007073553,2.0069397347831757,0.0,0.4525107614193387,1.035868395591435,0.40059561059430526,2.49798334275268,0.0,2.968769961779841,1.1528900506175916,0.8540687873981615,0.0,0.0,0.0,0.0,0.2480063822592789,1.6964089844533705,0.0,0.0,1.198829755977556,0.0,0.0,0.0
thermal100,2,3,2.2423942051600063,1.82453026503124,0.0,8.45313886102693,0.5382175584069591,2.4461721684742286,0.6644124970668781,0.0,0.5758206394813051,0.0,1.6499523972663892,2.7247941619148293,1.1084343218138957,0.0,0.7006543768380823,1.4610217995394537,0.0,0.0,1.0050455300888084,0.0,0.0,0.0,1.2004853812665874,0.7062774000422327,0.0,0.0,2.403393398951327,4.628636580771527,1.548413464011977,0.8160940319188613,0.9513232284208601,0.5836324192499217,0.0,0.0,0.07981771673062364,0.0,0.6144213666893931,1.2053765673035493,0.22025247920711155,0.9144054552194194,0.0,0.0,0.7264881168666075,1.1742996378461972,0.28023035174068767,1.4482628913325963,3.3885897532321825,0.4414588575933484,0.6245684056291648,0.317911302743542,0.0,1.0723152339570332,0.3202753235153933,4.136568804579633,1.5870857138135726,1.3323146309001208,0.0,0.6080179559576641,0.5068178878515018,1.3640096399507275,0.0,0.0,0.0,0.0,0.10967944842909695,0.6056221412115234,0.0,0.0,0.0,0.0,0.0,0.0,0.01907139803343356,0.17868169575384987,0.0017651585364714365,0.0,0.0,0.0,0.0,0.0,0.0,0.0,0.0,0.0,4.235771746633585,0.3962710094597437,3.354320663966017,3.1361322369832036,1.7589331214469,1.7792122972725093,2.59531516240697,1.931069386350816,3.265811114339826,0.0,0.0,0.0,2.3853499902440314,0.0,0.0,0.0,0.0,0.4970808797304807,2.554589348449524,0.0,0.0,0.0,0.0,1.5223816142470443,17.28445036769971,2.000445964514022,1.258956503362764,0.5114175115518075,3.1575622571445097,0.40230778658781785,4.808618389346839,0.0,3.051356146205005,0.93178791304862,0.3762002876980863,0.11523717729448124,0.5897962362725542,0.0,0.0,0.8162728964112116,1.3386436410185354,0.0,0.0,1.4603429998897632,0.0,0.0,0.0
thermal100,2,4,1.3193354262204302,1.177300159889021,0.8764336694814601,2.6283001655646157,0.9833943043250339,2.426321677373884,1.040641617648172,0.9481945050718007,1.5176982141712239,1.4415593034076661,1.2454555076879135,1.5151543896210484,1.1375193125189782,0.0,1.148348952197581,1.3719315739638243,0.0,0.0,1.1658637531720335,0.8304757110422034,0.009397356655664218,0.0,1.079327704857212,1.0455395069990452,0.0,0.0,1.865200882591822,2.8338428047946254,1.6963008215657316,0.9463730838397588,0.9919886453163663,0.9624870074620973,0.6057951093963844,0.0,0.19388980854264412,0.6963478847389936,0.9069985665555722,1.0107550185556282,0.49924996971581587,0.8885028387976249,0.10854014099313307,0.4802565710105774,0.9685519184617166,1.02745687369309,0.5289695333385822,1.024535842088691,2.102244976591305,0.4409844602845468,0.6264424268548888,0.5117949309787261,0.5610894501576057,0.9703895222059375,0.8858402646208188,1.4261857579913833,1.3555158057754886,1.0171448349412886,1.185755815765829,0.708618174044644,0.8101116454336232,1.4243934710127089,0.6840369850796181,0.12128437437659703,0.0,1.545257559105085,0.3190546767868013,0.8923462755874292,1.1924468423411396,0.27319026526608386,0.0,1.4044073860397728,0.10531587033790804,0.15751269723622566,0.01942267884142663,0.1787220461937516,0.0017813741997475022,0.41544186999840016,0.2291730619221189,0.0,1.1774459247988205,0.0,0.0,0.3587153214371368,0.0,0.0,1.5136694633129264,0.7824602762360998,2.1931371447538046,4.635696712720034,1.7136998330204811,1.9230104786934514,2.18971917672833,1.1805322412941295,2.0626838187197785,0.504094167184734,0.9017556132460414,0.027379950966306785,3.025319682620896,0.090770150338127,0.7922581801829726,0.0,0.0,0.7651611527171716,2.186292277317642,0.6756253103219902,0.8375095570865633,0.0,0.0,1.4221787383575932,6.158360287571837,1.934325471292406,3.7349611534364926,0.733813991483689,2.3285423361673367,0.5400916068719999,3.1159682718967727,0.34115709585677906,2.213341225579222,0.4376002979958088,0.2510199902179939,0.34257718752872807,0.5425137645313884,0.8245841912865003,0.6820435104462412,0.8310778776155942,1.0138028869287254,0.30182997971007425,0.25102056136463774,1.666363682900498,0.0,0.6112729115675195,0.5618532705694138
thermal100,2,5,1.0535291070642527,1.0298577074259636,1.0128063982627267,1.2519519153416494,1.0064525721476214,1.3506151869894913,1.0173393232970147,1.0391149918910907,1.1386854635710457,1.3006034857449709,1.050335038128713,1.1319458399043614,1.0088655045909354,0.8441760522625185,1.050465586501238,1.1690503246238013,0.5164086734312052,0.0,1.042783640596043,1.0814980609592535,0.697867187991014,0.0,1.0210120228654664,1.0640350782742731,0.6086045043557797,0.0,1.1845812061665508,1.4815674176716256,1.2366694688652131,1.215857098255216,0.9996769778811558,1.003296118571701,0.892212917264925,0.13930984138493843,0.6924706943662036,0.9420962339972033,0.9863668576944478,0.9981854546706119,0.8848829068396268,0.9671974389627291,0.7620446847823508,0.9109218224196454,0.9970170557095,1.001799907276186,0.8772203655261758,0.985832593226385,1.299939009130066,0.45570238961386983,0.6250077195711118,0.8849173873162823,0.9316004944506274,0.99233195351297,0.9814881103905414,1.0672301882785806,1.0650928727619813,0.9885611539083815,1.1135723824368715,0.9259426935647476,0.9592735647592215,1.1310785522086308,1.0218610782545416,0.8075603669485848,0.8362867283072822,1.3524551323752705,0.6835834603278577,0.9527799492462987,1.3059591530169674,0.7278653215368842,0.49416045637837797,1.2215520436180463,0.6357356712660038,0.7612852447956683,0.01998198566117359,0.1780377920596598,0.0017992971803366684,0.989411746956881,0.848824243152931,0.798933116447654,1.1753884851061165,0.5895318977356504,0.3558300640409946,1.1162015116230917,0.4293200722499359,0.43774571383028366,1.1208805919895002,0.8919031399261462,1.1402003329765078,2.277221587815498,1.0346434883058835,1.4249264726400566,1.3608188809432817,0.8896090774683918,1.0883568434814601,0.9223105339578448,1.0339802440760666,0.7425326205127978,1.9358512129525423,0.8920810488562668,1.0115759567248699,0.0,1.2087921478000831,0.9632474389647001,1.3860517730506765,0.9350886211717313,0.985766269785317,0.0,1.066557598718431,1.2248764528658784,2.1941050658928867,1.454754443006968,2.388983254817977,0.9222219964590523,1.3798824124355733,0.8145023116669423,1.5885786634010997,0.8590580292093873,1.3448507096319353,0.41052395040838363,0.37831621396536563,0.502449896723437,0.5321831877671429,0.9630660900276697,0.9447675060132441,0.9134084465549129,0.9410924439080245,0.4007319827433086,0.38763536394435444,1.3837689726319817,0.15136418196357748,0.9409427994108795,0.9890023832538601
thermal25,1,,7.904679405618911,24.709775198678752,1.7750850085254664,5.7934824445510555,0.0,1.0716561355557617,0.0,0.0,0.0,0.0,3.2288544075161716,4.133082387042245,1.3327465779222265,0.32376361075367205,0.0,1.2563342425346091,0.0,0.0,0.13396063750558215,0.0,0.0,0.0,6.537124801062094,0.7282231126028298,0.0,0.0,0.7661164321077018,2.3010413546309105,0.893554274494994,0.3043347191112997,0.0,0.0,0.0,0.04421073869728664,0.04567677342020686,0.0,0.07677726707039856,11.181453936814963,0.21270209725572717,2.0232456907432548,0.06261129867859677,0.0,0.0,2.4993588498017356,0.046625728144389644,1.0689384099000598,1.6255660413193218,0.11772202535773306,0.16220875819763242,0.266022687043995,0.0,1.5118203519912135,0.0,23.238119273468154,0.827286051799656,2.100432931621567,0.0,0.5467878773267472,1.4978192036606637,0.0,0.0,0.0,0.0,0.0,0.15347180295953453,0.10654596871758026,0.0,0.0,0.0,0.0,0.22029507469366477,0.0,0.0019232175995041745,0.019663553818949,0.0003599963118136832,0.0,0.0,0.0,0.0,0.0,0.0,0.0,0.0,0.0,0.6421471809521455,0.5382767824998236,0.9719565797539028,2.3016571778426282,1.0752584198320552,0.8877509383364778,23.003803399403065,4.528147898245357,3.329884919139618,0.0,4.311603831190986,1.6024141417642932,0.41434609646180115,0.0,0.0,0.0,0.0,0.2717267581525881,1.883369274722657,1.105484046735091,1.5477929541961313,0.0,0.0,0.2832745037218965,3.30168973827334,2.2938104735854576,4.477777684280076,0.0,0.0,0.01773996375032283,0.0,0.0,0.0,0.0,0.8127972272621041,0.0,0.26312413335069296,0.0,0.0,1.4915832613845346,0.4692954543162521,0.0,0.0,0.8063146980480599,0.0,0.0,0.0
thermal25,1,-2,8.610444770638532,15.412897499709254,1.3778016650798608,5.908870809592152,0.0,1.2134740041093386,0.0,0.0,0.0,0.0,3.9981859457317337,3.995089278527409,1.34347226926474,0.318863608057955,0.0,1.3035143839186787,0.0,0.0,0.0,0.0,0.0,0.0,6.268315038132653,0.7169029940925525,0.0,0.0,1.3001125050729445,2.30355393598733,0.8917241352120846,0.3040387309695285,0.0,0.0,0.0,0.06033376555814075,0.04637711541604421,0.0,0.14260525538581686,10.432005228238133,0.21505567232606973,2.09755170054727,0.06267459463245618,0.0,0.0,2.4678450661383744,0.04587909903662213,1.0315962050182441,1.906071883421444,0.11925796260244326,0.16262966934740927,0.2670540726260897,0.0,1.508970757579132,0.0,18.755071442411293,0.8270096683856276,2.2223208674006285,0.0,0.5467828802912119,1.4564824204997353,0.0,0.0,0.0,0.0,0.0,0.1535266426038355,0.10532401934995324,0.0,0.0,0.0,0.0,0.22159665199805734,0.0,0.0019240545540325337,0.01966580774324632,0.0003595929845757192,0.0,0.0,0.0,0.0,0.0,0.0,0.0,0.0,0.0,0.8304925229597229,0.5445188618669417,0.9702369101743268,2.4101403575175278,1.0770852918836666,0.8873576454836954,21.772496606075226,4.517242493353972,3.3357954744168197,0.0,4.303965167958331,1.6035360938088774,0.43369202563785725,0.0,0.0,0.0,0.0,0.27162340586176603,1.9713147997465703,1.1074480974616214,1.5456515628090564,0.0,0.0,0.2822069042566101,3.3612483579107217,2.293255652357654,4.504413305896127,0.0,0.6126707641670787,0.018244973947579898,0.0,0.0,0.0,0.0,0.8492477746973955,0.0,0.21628404394493778,0.0,0.0,1.4663260519074983,0.5024973386889161,0.0,0.0,0.8125117663793092,0.0,0.0,0.0
thermal25,1,-1,6.030136148967968,4.791685585699991,0.5602375191544695,6.178196592703322,0.0,1.5418235888894907,0.0,0.0,0.0,0.09886770296809994,2.947627667587033,3.0633467196068964,1.3869777284816731,0.29983005165118176,1.170078150421942,1.2041521377452038,0.0,0.01124134849498686,0.3219157799898925,0.0,0.0,0.0,4.489496745510054,1.1515329882986585,0.0,0.0,2.3752135502528735,2.338317695261279,0.8837552219595625,0.33062388756238303,0.0,0.0,0.0,0.1344100697434024,0.04888600061039896,0.0,0.4757202429814154,6.806277993344476,0.23630710718937115,2.4183986222179836,0.06698005114648026,0.0,0.0,2.273050576266389,0.04221063265958214,0.9015302080023212,2.560252854996687,0.12703320140979324,0.16600265819319607,0.27522211199113233,0.0,1.5022717626803401,0.0,7.274401996332156,0.8370580002468162,2.737232428100565,0.0,0.5516914593035903,1.2219460332128373,0.2563433664340666,0.0,0.0,0.0,0.0,0.1550098372864451,0.10163493450844976,0.0,0.0,0.0,0.0,0.23285871553830798,0.0,0.001926995592091436,0.019684518740375405,0.00035635782689370896,0.0,0.0,0.0,0.6401161780771826,0.0,0.0,0.0,0.0,0.0,0.9174860713950558,0.594553545090583,0.9606779177457624,3.070240926796565,1.0939194821778089,0.8902591120412734,13.973127128200785,4.4189198240894685,3.3419199082077355,0.0,3.4887948982322836,1.6073499459196454,0.6022962361518992,0.0,0.0,0.0,0.0,0.2779445315051217,1.9302786266216367,1.1157517207405765,1.5721702316844448,0.0,0.0,0.2758719320764451,3.8494039581261026,2.2878549788351306,4.613940465767314,0.0,4.001771006325338,0.02278095477278622,0.0,0.0,0.20715906297480308,0.0,0.9984419337881368,0.14551873363175882,0.031964354361280437,0.9134344118470771,0.0,0.9188287507908126,0.6145526647075537,0.0,0.0,0.7731456769006521,0.0,0.0,0.0
thermal25,1,0,2.470769035485456,1.6870087494491781,0.685351599415826,4.8024707715982,1.0285978828079632,1.9655182389874162,0.6116651396309055,0.40565897022608977,0.8492585203112089,0.39370476892865475,1.6841699435805801,1.6038066437076546,1.299083170646167,0.20489578057459468,1.449571166346289,1.1906691239061766,0.0,0.024692922651464177,1.3121150733948115,0.22770522580382307,0.0,0.0,1.8693025318671734,1.3532477829199994,0.0,0.0,2.740001320334062,2.154181687098607,0.9178944030370154,0.4086053651437491,0.8218409534477117,0.2906192444831207,0.07578891413827639,0.12749144930368805,0.05208010668483454,0.0,1.0243980090153955,2.49634317422947,0.36651707525326127,2.206999288743496,0.08326649871058212,0.26212991206514247,0.31566026116776674,1.584841707308535,0.06326571014818723,1.0235816178656914,2.502087143698004,0.14099499165332674,0.17574727347656768,0.30091106528695094,0.0,1.3892678661210223,0.5062703644005958,1.9118515976562416,0.9703865497320491,2.6133940748559907,0.0,0.5756469446684096,0.819249534586783,1.1154538383752322,0.48537964617539153,0.10960071903956078,0.0,0.0,0.17265317965733704,0.1297295449515937,1.3151196046108062,0.0,0.0,0.0,0.32787457478913745,0.0,0.0019412298394324435,0.01991578885745335,0.00034954106484911786,0.06998878975442226,0.0,0.0,1.5968786369336754,0.0,0.0,0.7413159543226899,0.0,0.0,1.1899389811704526,0.8494256285677777,1.0419391474268558,3.7076763677323568,1.2241115720666247,0.944332471356419,3.9494142864997674,3.646077844999599,3.0753112246301004,0.17565599647757799,1.5745591488622246,1.4519407034064002,0.8299731284574954,0.0,0.5804596121429249,0.0,0.0,0.3439200905309197,1.9503571400018387,1.1028612840593512,1.083589102309019,0.0,0.0,0.2645247061134981,4.124017727151298,2.2336966306150967,4.612276110474255,0.23497625423580057,2.8994306855890746,0.04900514899324899,1.8093554878041451,0.13437440467963932,1.7479048367358854,0.21374067417050172,0.8441019801495988,0.08625065928968523,0.04699261569745439,0.9866715397196758,0.14254986245474477,0.7720804709046042,0.6270769265130458,0.1515512315949566,0.13828992595894818,0.6430338819888234,0.0,0.7222889178197698,0.5417332892274245
thermal25,1,1,1.337296220852496,1.1576665103607078,1.1564008181224923,2.312535625708082,1.0937086940344118,2.1904901942415074,1.0623650189322258,0.9574659560289008,1.5975233286511314,0.9975879683675519,1.2791467482172139,1.1348092201179365,1.0065857855668914,0.38788692714695194,1.3462038150457831,1.1135680760686681,0.0,0.0,1.2932934030368382,0.9765522104381346,0.0,0.0,1.2387772876685605,1.0960792254632805,0.07457210996328281,0.0,1.9703016938381592,1.4444986756317224,1.050406229360586,0.4992826347555128,0.9957913398422775,0.9272179619487644,0.4303563981330984,0.0930725931703214,0.0659901490886912,0.4289060724160717,1.1186569694986421,1.2362227328637438,0.6205645499643566,1.2246137787434135,0.17350934228773274,0.6381713615656214,0.898585831062052,1.1276919200295235,0.23088248647897736,1.0119735899170592,1.7144880131591202,0.15472173481880291,0.1839853253575149,0.3627871560338794,0.641365588835693,1.0802272184666732,0.8874838617833934,1.1764550791039587,1.1429932365799422,1.388802009726592,1.0338711889888224,0.6444303072260307,0.7792398420420014,1.3115431488572933,1.0963868488861412,0.8125516200956235,0.6290586902591396,0.8152855413185002,0.26709842266840333,0.19350988467399372,1.51408240610428,0.6567895555864685,0.24433651004796922,1.1475538857176206,0.4116958601517339,0.12456010360369392,0.001971840597631549,0.02124601497089103,0.00032450787392661784,1.0368563518358156,0.019920020097108297,0.0,1.3519228094393383,0.14105485155473427,0.0,1.2158446730790506,0.0,0.0,1.2081075623868902,1.0524969570991884,1.0232804775588433,3.2652377587427557,1.3089211170411497,1.0968387314738943,1.8422363993974453,1.5786953097891203,1.6759869213420517,0.895053990324189,1.0660047605592515,0.891378763445822,1.1055790733198545,0.8612182632731747,0.9889426132968443,0.0,0.10291687792363105,0.6592952236063274,1.829051560643515,0.9869695374131985,0.9469987525310734,0.0,1.1092609313373203,0.3006613133113862,2.8111490442381126,1.8862437634571863,4.170596319399839,0.6802481729479164,1.792544794344155,0.3133472142436714,2.030932426994348,0.7767250084492416,1.498303295614079,0.5835958228722794,0.4484445919724305,0.47545303340814654,0.2346224224857714,0.9975511437593229,0.870604811475862,0.8631555712173594,0.7787263920563123,0.539200940494806,0.3529358016487302,0.536953242609586,0.0,0.945710720842942,0.8339461165089427
thermal25,1,2,1.065076944756326,1.0334084539662747,1.0637217859604284,1.263724422144407,1.0251826077087358,1.4385447262775408,1.0280152116384218,1.015257114795141,1.195411778457686,1.1028198391788562,1.068470984588615,1.044531166997505,0.9034943137402115,0.705625074862107,1.0956469522282601,1.0661899139206183,0.2629751110409807,0.0,1.0748939763664775,1.0507575041797876,0.3587537110381906,0.0,1.0489769927219867,1.0424702342187402,0.37583945597061835,0.0,1.2474474378473477,1.1535544478725526,0.9684160309963514,0.5199351394106779,1.0010372906163363,0.9962746097552817,0.7970934864791732,0.39225541771392597,0.36287483430091644,0.8415732323088162,1.012831794080416,1.0196898587421845,0.8618442771810992,0.97962382258063,0.597188875214727,0.8743987459008212,0.9914466080067211,1.010917186241951,0.6555186550121157,0.9454527431503508,1.269185809318969,0.20427866127984431,0.2005578070488942,0.7283236401861838,0.9021588458909404,1.0011311646070165,0.9712884986015394,1.0408063773132503,1.0430660634208484,1.0098744946273917,1.1052118790092489,0.8572010196756117,0.9229028600526845,1.122931445593876,1.061139211128231,0.8996506270153691,0.8691374974929172,1.1786823236751658,0.6097098669403114,0.44700277532838456,1.2645160967068518,0.7494927648366679,0.5788801896174671,1.1453028377535475,0.6430479166100684,0.40391153750074854,0.0021191230227404446,0.021393365407622798,0.0003051975680680997,1.0569627873351446,0.796279438733847,0.8026554875117314,1.168180269053159,0.6157705267314934,0.3598968623135632,1.1896069428818978,0.322191381834911,0.14638296781037327,1.0825495731276016,0.937862865460029,0.9315469795029301,1.9218236753195255,0.9148318952223313,0.7822146337631232,1.2719495281462756,0.9378303924046831,0.8948566024515971,0.9691748964298094,1.0139158577852776,0.7204218688274449,1.1581186323218062,0.9971441710235804,1.016433281854317,0.13734332837923782,0.8918582985161887,0.9556433002370822,1.3142736377385533,0.9563006866623337,0.9913295374828708,0.06390166408785365,1.2468970653421096,0.4629284988052094,1.6772883010073816,1.2414001642362176,2.2682919695596135,0.8497305386223625,1.2704590689491855,0.7258078650527241,1.4086549831600852,0.8221149426319893,1.211546674548049,0.9165291935169094,0.4151638515702231,0.8997543500135935,0.4591240879537876,0.9993653207181686,0.972347740108098,0.9745443258317598,0.8846682948712207,0.9079701521146597,0.3775326267612106,0.6635323654727494,0.4212104302343486,0.9832474289121433,0.9359198593751756
thermal25,1,3,1.0076389880851808,1.0039783025887234,1.005411967706762,1.0299057525373712,1.0018756866440117,1.055234924688505,1.0031056947057817,1.0026395397880958,1.0234509383881278,1.016481242047155,1.0075335433619057,1.0060959198168045,0.9481778643114294,0.7798669105647661,1.009219217946893,1.0094256216628317,0.7807427832374668,0.13530298328395246,1.0070100922871579,1.0079768706914287,0.8216504945062881,0.41932115956607763,1.0037923890594271,1.0058271900725062,0.8314955458119198,0.22295276599526026,1.02831721987898,1.0212184145375514,0.89697544258497,0.5308334728005318,0.999755128200794,0.9997332508699778,0.9577764025551013,0.792306481768609,0.8541793162716641,0.9688601949416134,0.997657621298899,0.9983797453190585,0.9732112840986121,0.9869146756106362,0.932501763280739,0.9765990660826511,0.9984688246679465,0.9995884740595731,0.9405240256096918,0.9838634052126566,1.03897542719551,0.49621671490070796,0.34414091557410437,0.9515018411649148,0.9797016047413186,0.9984816052666743,0.994950923585541,1.0054374948351605,1.002074029601888,0.9924134507369373,1.017012990325195,0.9782497680944692,0.9868663439762977,1.017667663120327,1.0086136668100483,0.9726190465346577,0.9630431059581843,1.0076633726769095,0.8752939366144015,0.7591150942282792,1.0124940956399278,0.8864137415654467,0.7524124941529581,1.0087181257627154,0.8731140868713738,0.7340591906022148,0.002366798779881642,0.018966821733943505,0.00025901418825366077,1.0084275878809195,0.9653493864032516,0.9658277562221662,1.0112524030900698,0.8651965493432988,0.7156963796772495,1.0066495717571302,0.812008466648883,0.676905217368087,1.0111534065757626,0.9774363385959706,0.9697550746233233,1.0778414776393475,0.8100487816846911,0.5475799381159997,1.0230756236396807,0.9373244633632252,0.865802835327481,0.9869835019271118,1.0029490023224457,0.7961992294961671,1.0455948181952874,0.9995566211906728,1.0028529637065964,0.5867995006333908,1.0310289596342104,0.9564823485162678,1.040922026349555,0.9824392133902964,0.9968114285936575,0.463156218534045,1.000195828419861,0.6307226782429226,1.0661391193501522,0.9098161109839125,1.1596239060749507,0.9098136498280601,1.0262649496976244,0.8456880942786937,1.0463980225043945,0.8891527589546254,1.0147762685026738,0.9804846740319968,0.6413615583806663,0.9783524755120854,0.6658863935302078,0.9998511588500006,0.9927325297451859,0.9946807642549959,0.9273995240654348,0.9786263584290364,0.6198907275157262,0.7011544912997434,0.68073602080479,0.9953670886225932,0.9535554518753652
thermal25,1,4,1.0007358249028615,1.0003802459372,1.000155571655466,1.0027317724653446,1.0000343291129155,1.005155075749071,1.0002378555829448,1.0002499803543463,1.0020883825672842,1.0016119504097418,1.0006169832181493,1.0005793350806522,0.9915052328883152,0.9261065261263487,1.0005814444741707,1.0008638478107774,0.9695196193433798,0.724628163933849,1.0003928649553602,1.0007238176978173,0.9747894073678253,0.8235520737735593,1.0001079808245608,1.0005121602136477,0.9768583736461804,0.7719003356594702,1.0024611145394164,1.0020490987330704,0.9804394919765632,0.8332154191331109,0.9999366846966443,0.9999621845404313,0.994770780021226,0.9505242934518033,0.9829575459573229,0.9959878495100648,0.9989198225399322,0.9991373700917654,0.9953920738413521,0.9969410843109082,0.9919475277715406,0.9965893801556162,0.9997137312312596,0.9997317537604059,0.9932142642274056,0.9974780628120996,1.0034507990293036,0.883563973287943,0.7884334266948914,0.9931758604014721,0.9964940792457169,0.999621452814223,0.9992603190655064,1.0005350101805852,0.9995149328187896,0.9980395307385604,1.0013347240276838,0.9975128222506833,0.9983136900404943,1.0017452439634336,1.000636289231659,0.9946604686825133,0.99355429103889,0.9932193579889608,0.976000312196185,0.948514438997329,0.9924050914273918,0.9772571988305158,0.9435004252354772,0.9963415511902646,0.9753228829901905,0.9429882725354011,0.0027899281089438063,0.06334414892079056,0.0,1.0006382770901918,0.9951533763549021,0.9951434359227385,0.9967514844273353,0.9746786416181143,0.938912704954883,0.993499786967704,0.9677603412549226,0.9352753142286702,1.0008125365480343,0.9950982855973101,0.9941078986020563,0.988474811164656,0.9525562798457485,0.876901960893903,0.9971155049811095,0.9854641653510835,0.966912222920057,0.9972381248750755,1.0003121991593809,0.9528738269967792,1.0048570997546797,0.9996115466116213,1.0002995493670839,0.9126578781542531,1.0034198008628756,0.9866643549409736,1.0025840113137703,0.9968319409234074,0.9990196707369507,0.886980158042217,0.987725968328664,0.9129546833222567,0.9960391315316001,0.9666384162550006,1.0074897802960492,0.9791439052119696,0.998558371477211,0.9629841136869413,1.000374883904334,0.9752985086435483,0.9961346854626656,0.9950922706152509,0.8999272309255278,0.9947545930186332,0.9058736544193171,0.9999622354728999,0.998417216261292,0.9987325766839711,0.9792825764218708,0.994647771705842,0.8939953447338831,0.8980062731750664,0.8994555348042312,0.9988004846019554,0.9845174982456454
thermal25,1,5,1.000070984014996,1.000036294766071,1.0000021906886403,1.0002546509192052,0.9999982209695722,1.000490613204901,1.0000206529022195,1.0000241157781427,1.0001938144052407,1.0001572360624076,1.0000550612304495,1.0000561652994244,0.9990151944656522,0.9904933428293271,1.000045615963032,1.0000828842067548,0.9967081785630738,0.964895928980452,1.0000267068370938,1.0000687910125772,0.997237237876815,0.9775919243409398,1.0000012639189053,1.0000483897986874,0.997516631674698,0.9712131994529445,1.0002256197567394,1.0001996630159367,0.997610219999655,0.9783745313460209,0.999992573668299,0.9999958657656944,0.999456046963952,0.9939357897673816,0.9982525471177471,0.999546513218535,0.9998599405190861,0.9998877674263867,0.9994436966965534,0.9996165625477123,0.9990819462602105,0.9995893851607482,0.9999662898683443,0.9999648881975555,0.9993003753760396,0.9997038772669824,1.0003172631250907,0.986325458209822,0.9729443336370394,0.9992509291176809,0.9995755531712432,0.999953657500327,0.9999118813324874,1.000051797096572,0.9999074413805296,0.999750336850096,1.0001134065745043,0.999724273319833,0.9998105252740319,1.0001694008178046,1.000051811200513,0.9984761760105716,0.9992425840338449,0.9989989334421813,0.9945704557043389,0.9938809994714182,0.998866399965793,0.9950970039971765,0.993291993075092,0.9994372411612011,0.9944906001664431,0.9932324742788335,0.010045160526427191,0.37939768347304664,0.0,1.00005336058172,0.9991364314126364,0.9994665155818121,0.9994866055378431,0.994745432486798,0.9927956707217116,0.9990469601699113,0.9936002741695057,0.9924412978267543,1.0000651349374163,0.9984681807260398,0.9992833636098782,0.9980069534986789,0.9879134363151383,0.9849298953261199,0.9994855043447322,0.9962200842649744,0.9959879252149467,0.9996646907045322,1.0000305954473647,0.9941860927773276,1.000472416391071,0.9999416354595883,1.0000298199252298,0.9896026042953301,1.000313733660687,0.9981023894906697,1.0001774358541229,0.9996447870492958,0.9998760498463981,0.9866861059374202,0.9982588258517223,0.9890735056881137,0.9991246846519296,0.9953586495940452,1.0003436268375412,0.9973912613307622,0.9996743217212185,0.9952306420742617,0.9998382131993252,0.9969963935999625,0.99938320748255,0.9993892776250971,0.987466362980236,0.9993506713291119,0.9881958944536574,0.9999952674021038,0.9998082583144153,0.9998434668969537,0.9973967119510775,0.9993344627250939,0.9867254496084603,0.9868699469004881,0.9871473195707184,0.9998497531833928,0.9980099697334728
thermal25,2,,7.435323523563047,28.236745113767903,1.5175505566077099,6.411164833512802,0.0,1.0668053308067822,0.0,0.0,0.0,0.0,2.6883421012799102,4.304137840522965,1.338314989354781,0.3447408602835211,0.0,1.1904390134202143,0.0,0.0,0.402485209958011,0.0,0.0,0.0,6.915089047606375,0.850540869060709,0.0,0.0,0.4075709032351554,2.333699039308909,0.9653890422542395,0.2760418258930795,0.0,0.0,0.0,0.05138368735112161,0.041187987566711166,0.0,0.0,13.699242343472456,0.17149213967555377,2.5927581865107237,0.04548842661924762,0.0,0.0,3.0263347241284606,0.06765165378424583,1.4798408385861008,1.7049747055701303,0.11675355088208786,0.18101827477488694,0.3028945979791831,0.0,1.5587064628650473,0.0,28.780593704289707,0.980444969090826,1.475701856505366,0.0,0.64198795069722,1.4140330947045532,0.0,0.0,0.0,0.0,0.0,0.18504797976586715,0.10833004186191568,0.0,0.0,0.0,0.0,0.20723069497977833,0.005683381144733582,0.002086012211850322,0.023321282724445763,0.000399647744117101,0.0,0.0,0.0,0.0,0.0,0.0,0.0,0.0,0.0,3.9444626958903157,0.7711567366675501,1.398121692466788,2.3724530025492383,1.0744862997596347,0.9196227343482907,23.499449549641394,4.549021167776129,3.5622241876352203,0.0,4.0487141756557365,1.4554064309951082,0.2854510310381561,0.0,0.0,0.0,0.0,0.3037177424499367,1.600578593771183,1.1327349946269818,1.732018463112567,0.0,0.0,0.3172789061385492,3.9065706014431445,2.3207036076142957,4.172219584151528,0.008907194644147425,0.0,0.046943713933139494,0.0,0.0,0.0,0.0,0.7835451646929414,0.0,0.2966469455766545,0.0,0.0,1.3771260457938148,0.6560418922861335,0.0,0.0,0.7674682582430468,0.0,0.0,0.0
thermal25,2,-2,7.441587882276643,28.177917270640823,1.5159128040490804,6.412026492169406,0.0,1.0674594731062859,0.0,0.0,0.0,0.0,2.6978518092593284,4.303594680137821,1.3383246473626484,0.3447316863848105,0.0,1.1906612638457075,0.0,0.0,0.398514308934866,0.0,0.0,0.0,6.914321931041579,0.8504086230821226,0.0,0.0,0.4102754143328952,2.3337120118434354,0.9653891109601027,0.27603006797381546,0.0,0.0,0.0,0.051416804311136016,0.04119212523134006,0.0,0.0,13.696542722130454,0.17149929998728672,2.5930466758237145,0.045484019484084405,0.0,0.0,3.0259027672389425,0.06765093948907167,1.4796435333723152,1.706262529433634,0.11675876521293997,0.18102018737726785,0.3028995776222028,0.0,1.5586859184049375,0.0,28.76008979403432,0.9804288633091326,1.4763428656614903,0.0,0.6419838396097444,1.4138897464629445,0.0,0.0,0.0,0.0,0.0,0.1850475226088606,0.10832660105187795,0.0,0.0,0.0,0.0,0.2072337325763782,0.005683409026117048,0.0020860171483124018,0.023321291225986408,0.00039964678741626183,0.0,0.0,0.0,0.0,0.0,0.0,0.0,0.0,0.0,3.944232341441306,0.7711716183469306,1.3981237204378123,2.3725695331066974,1.0744900375841016,0.91962170065703,23.49782973137037,4.548998507530644,3.562240189780444,0.0,4.04939977064433,1.4554021898042877,0.28542431124815637,0.0,0.0,0.0,0.0,0.30371195418073943,1.6016909933657966,1.1327408837594313,1.7317763480366062,0.0,0.0,0.31727579847370146,3.906730654403849,2.3207023440852437,4.17234190998904,0.00892478453635341,0.0,0.04694584409204898,0.0,0.0,0.0,0.0,0.7836298011592047,0.0,0.296539217458801,0.0,0.0,1.3771240881352946,0.6561094525253734,0.0,0.0,0.7675011241231224,0.0,0.0,0.0
thermal25,2,-1,7.496140486958624,27.660777501015705,1.501439173417943,6.419622871082538,0.0,1.0732519342450726,0.0,0.0,0.0,0.0,2.7803671543244857,4.298879281264964,1.3384219138383553,0.3446531810875503,0.0,1.1926217643840966,0.0,0.0,0.3639067918793838,0.0,0.0,0.0,6.907507840666545,0.8492449291316702,0.0,0.0,0.4342827671906986,2.3338014751991953,0.965387000703939,0.2759260036179636,0.0,0.0,0.0,0.051714273241102005,0.041229012252060056,0.0,0.0,13.672315945281863,0.17156415140527792,2.595641384899328,0.045445033915395186,0.0,0.0,3.0220604166508296,0.06764450731055396,1.4778771075515797,1.71776026343972,0.11680555069600622,0.1810372548549155,0.30294444569599044,0.0,1.558503477494495,0.0,28.57697845535874,0.9802851304232211,1.4820787655795995,0.0,0.6419480247041498,1.412591503294558,0.0,0.0,0.0,0.0,0.0,0.18504343361237463,0.10829587730197196,0.0,0.0,0.0,0.0,0.20726102208238184,0.005683088699580318,0.002086061188861136,0.02332136705931713,0.0003996378935710363,0.0,0.0,0.0,0.0,0.0,0.0,0.0,0.0,0.0,3.9420113328948556,0.771305179781964,1.39813962016433,2.3736287719717097,1.07452375759587,0.9196128801768316,23.48322748697073,4.548794417107404,3.5623831680891525,0.0,4.055521512769518,1.455364570760725,0.2851890896639251,0.0,0.0,0.0,0.0,0.303659630207939,1.6116382996917882,1.1327935259350324,1.729621419561774,0.0,0.0,0.317247964161989,3.9081717247683136,2.3206909216608698,4.173448887654438,0.009082130208495843,0.0,0.046964732386155776,0.0,0.0,0.0,0.0,0.7843887628370694,0.0,0.2955740732258238,0.0,0.0,1.3771030176624528,0.6567119233350305,0.0,0.0,0.7677914429404824,0.0,0.0,0.0
thermal25,2,0,7.8977642731617435,23.469872681361853,1.3784723983677807,6.482695547360921,0.0,1.1235083121874136,0.0,0.0,0.0,0.0,3.3699238881967206,4.264056230418255,1.340128894399811,0.34360642250380563,0.0,1.2090155943151268,0.0,0.0,0.10654525829050274,0.0,0.0,0.0,6.845773404032028,0.839956528913366,0.0,0.0,0.6459574914348101,2.332888085238998,0.9652134709893837,0.27518623062262576,0.0,0.0,0.0,0.05484355037061178,0.04157715614707531,0.0,0.0,13.436854504600806,0.1722490207273629,2.6213099214149485,0.045109347803765194,0.0,0.0,2.987565636432588,0.06756410964836053,1.461341740891913,1.826517728357907,0.1172602182761918,0.18119189386136747,0.30339507212539396,0.0,1.5568717815807287,0.0,26.863103652245886,0.9789503132564035,1.536339373766194,0.0,0.6416802278131111,1.3991057438281835,0.0,0.0,0.0,0.0,0.0,0.18500492172800714,0.10800810804799796,0.0,0.0,0.0,0.0,0.2075303231036391,0.005636211469238671,0.0020864106477116134,0.023322099560210308,0.00039953506209024225,0.0,0.0,0.0,0.0,0.0,0.0,0.0,0.0,0.0,3.8719897058987724,0.7726166117212057,1.398162845320737,2.386715234979085,1.0748665355301712,0.919558041830037,23.292387756712316,4.546740788227744,3.563741100372315,0.0,4.104262235331564,1.4552163557066726,0.2841762787748584,0.0,0.0,0.0,0.0,0.3033046663423935,1.6881627923368996,1.1333159874872027,1.7099302803840557,0.0,0.0,0.31702962188013223,3.918018004136869,2.3205711355603604,4.1882396313701,0.009887843416438521,0.06351457333164302,0.04713595249657085,0.0,0.0,0.0,0.0,0.792294767997936,0.0,0.2853823494133245,0.0,0.0,1.3754574780754798,0.6635992904456525,0.0,0.0,0.7702802530230487,0.0,0.0,0.0
thermal25,2,1,7.995223385078015,10.470310706809261,0.8200834867184932,6.687383173865674,0.0,1.3631466381785848,0.0,0.0,0.0,0.0,3.8217126748969203,4.061301085844652,1.364264579291592,0.3290922038206562,0.08989980077426056,1.258874816503234,0.0,0.0016767042444969075,0.0,0.0,0.0,0.0,6.2064449678163545,0.8660862485246197,0.0,0.0,1.610580061119412,2.328125080096286,0.9618138993586098,0.2778761345998185,0.0,0.0,0.0,0.08582023418643518,0.04392255599510895,0.0,0.08897830332374844,11.405377208429044,0.18097031308933895,2.816705042109963,0.04493051846315538,0.0,0.0,2.783756890174587,0.06591923732551104,1.352063070520031,2.48251053414717,0.12131701455968576,0.18246513030322006,0.3091757295482138,0.0,1.5492363117703885,0.0,16.894637685397623,0.9736995383289972,1.9357019814758885,0.0,0.641956297486376,1.268399580455787,0.0,0.0,0.0,0.0,0.0,0.18475190944433462,0.10626015457916074,0.0,0.0,0.0,0.0,0.21014695783673662,0.0042203069483670395,0.002087478586120692,0.0233285687244929,0.00039824565053469516,0.0,0.0,0.0,0.0,0.0,0.0,0.0,0.0,0.0,2.6435513938586044,0.7843486443027592,1.3943932752120396,2.5886197845823884,1.0784556095076383,0.9199211049584126,20.49839296652317,4.525876317927688,3.5734209621876967,0.0,4.135723329952529,1.4589025842333831,0.31797118875772407,0.0,0.0,0.0,0.0,0.305002011524571,1.7350213325863801,1.1376065701073244,1.6379568138420257,0.0,0.0,0.3160804329721055,3.9361650147971465,2.3193779741823963,4.3592486809092,0.0006080973875453167,2.026244726319279,0.048216273592369616,0.0,0.0,0.0,0.0,0.863124146749655,0.0,0.19214838046611846,0.4447595703937744,0.0,1.327862901806151,0.7345586904603368,0.0,0.0,0.7753863909910903,0.0,0.0,0.0
thermal25,2,2,3.9394170099436536,2.8653825086060922,0.3207397955909454,6.472789950967119,0.6459583337733225,1.7566615593396917,0.0,0.0,0.0,0.17337798262343115,2.2730291426340097,2.620546201624649,1.3816106600690172,0.2831764209657506,1.2923099373428628,1.1537999418157903,0.0,0.03644703053221785,1.0341118884093539,0.0,0.0,0.0,2.9765103973084686,1.4372505209052706,0.0,0.0,2.8142592913539666,2.39560865397902,0.9611097280417035,0.34635348352302964,0.23036816471309057,0.0,0.0,0.146829025742602,0.047565828227643235,0.0,0.716797205069885,5.059228194070891,0.25579521404141614,3.0706118217517124,0.06332366798806699,0.0,0.0,2.0725789314984255,0.06287111855781806,1.1635822803523124,3.0336268057861875,0.13623211367893198,0.18932487065176995,0.3465465466493176,0.0,1.5433193026448633,0.0,4.322669713805235,1.0134705482785116,2.8879071125012183,0.0,0.6529629525383699,0.8952905974909062,0.7178202181761358,0.0,0.0,0.0,0.0,0.1870172011195143,0.10692518240916862,0.0,0.0,0.0,0.0,0.23479499471271,0.003114212622459273,0.002093318155943806,0.02340004477390564,0.00039210712522034466,0.0,0.0,0.0,2.2223365471319583,0.0,0.0,0.0,0.0,0.0,1.4704840763576397,0.8775601635797446,1.387025064949317,3.369240436526805,1.112839108688017,0.9316333606473587,9.341454575905875,4.32509022034675,3.542105494422278,0.0,2.92458269760994,1.440696598930505,0.536494607594479,0.0,0.0,0.0,0.0,0.32021121653493273,1.9882672963962371,1.1443240366380023,1.2937106091384736,0.0,0.0,0.3052049913424498,4.7377764126409625,2.306519793681871,4.505237556659729,0.060920370663676025,4.4698862601491,0.05313587498262957,0.463773546585276,0.0,1.2322038997693827,0.005034011391541956,0.9893217672187432,0.15381703731735025,0.04718519506408196,0.9600618832724146,0.0,0.816819670091752,0.7832110787701946,0.003487249123467015,0.0,0.6535324050552487,0.0,0.09074995601177056,0.0
thermal25,2,3,1.7735445600311321,1.3575082558141192,0.9181898443564791,3.733924010816522,1.0760584982318309,2.2006926351222336,0.9414138830754757,0.6988951947542883,1.4840142091060422,0.5913723970405961,1.473684946940257,1.3871635884106932,1.1792381646638352,0.2298734357712219,1.374287575015783,1.1168972260688954,0.0,0.03319339968895062,1.3830262076024975,0.6112133335207028,0.0,0.0,1.4511733391936157,1.2266111341784995,0.0,0.0,2.5058865656724807,1.981316046340798,1.0453674788101741,0.40737172599053467,0.9493181023974979,0.6520707350000637,0.20046495078680504,0.11127989668147586,0.046354294797720755,0.2078559004025042,1.1944712124882058,1.7847287173666821,0.5060207900254221,1.8961018816850004,0.10537167279116358,0.3972166756259449,0.6665656108373454,1.3391179891076714,0.14695568589198232,1.2462685927855335,2.373039734729794,0.1525691555288413,0.20301071188762324,0.36620921674181706,0.4897829709285747,1.2413656409859666,0.7676049784993978,1.496095077184139,1.242764026329544,2.077995019563409,0.6045776890916001,0.6748114982914405,0.6743121318263869,1.3073738892804803,0.8896617581190179,0.4797102081222137,0.36968868784685,0.0,0.20099501190079164,0.1278680617894194,1.5392681622100242,0.2153243587150532,0.0,0.83081580936246,0.3551179016142312,0.0935859597101488,0.00211246230865025,0.02427949906563818,0.0003758443402200767,0.6242276143980048,0.0,0.0,1.52911568709734,0.0,0.0,0.8912192870477782,0.0,0.0,1.2525854873629818,1.0709163652217215,1.2896407694251375,3.8616577173057536,1.291655113013272,1.0522824652794094,2.848785648566166,2.91355216177475,2.81144666388386,0.6156979467347545,1.3013825073226373,1.1170077733874153,0.8128632647266345,0.38985487670878033,0.7074987375499661,0.0,0.0,0.4443431076870305,1.9628517239678982,1.0773522092931105,1.0030429465732529,0.0,0.24427284305901323,0.2897648485831139,3.9901462859129615,2.179195228305255,4.609184404583133,0.42797549077024677,2.453521343837075,0.12291734565072641,2.178638796850586,0.42688160277873416,1.6985090075555573,0.2792699964079719,0.6121189399565081,0.11031029570350259,0.147113033426377,0.9925731686580416,0.4610077273665149,0.7696204781489421,0.7405415835988393,0.20938042325618184,0.28532313859062985,0.5634851245092714,0.0,0.8271653912869473,0.6755961124076136
thermal25,2,4,1.1725044512453136,1.0862220535937404,1.115887872643089,1.705973944089633,1.054804228337829,1.9210425513722091,1.0547126691678026,1.0064777878288127,1.4215294103048004,1.1421042956366667,1.1639824205904452,1.1137137853945205,0.9521726237824985,0.504230125916929,1.2102922224296757,1.1266641394529495,0.03188232458226156,0.0,1.1741464027933266,1.0622930159597535,0.13836144380633766,0.0,1.1210361466538155,1.0942669487502283,0.18465702691133495,0.0,1.5873033226341247,1.3862750286556134,1.1238569519332404,0.4856362280577742,1.0006099488424893,0.9733470895400456,0.654791276174075,0.1041376241094588,0.16357409806287362,0.7416676263041643,1.0659917049725898,1.0993381993501208,0.7739249189063961,1.0890345428663686,0.3578246057574933,0.7882587896224283,0.9791604410215587,1.0543484874433136,0.45522214373776837,0.9980891508302081,1.6061158474219943,0.17026216002922231,0.2102125367805103,0.5861640519113587,0.8552835266242722,1.0271722965946903,0.9476164835927142,1.1127136996865328,1.2071430658187743,1.155153925974206,1.1547351640622492,0.7739171317239331,0.8608297788075081,1.2733325629410297,1.1191092555505093,0.8959485492282104,0.87316443441128,1.1524579764754086,0.3822033241851869,0.27055709043855225,1.4972941996872173,0.7008389797795634,0.4270370786222251,1.24201126079489,0.48056029231498754,0.2745122224690967,0.0021807514159883743,0.026281309795889527,0.0003353085997737193,1.0922670092619498,0.519142352534471,0.5016184020188871,1.332643005862923,0.35217963656933354,0.08197753856094166,1.2943331227583577,0.0,0.0,1.1843887634406987,1.0213546431010776,1.0815596379166001,2.9097730610998847,1.2282333680373718,1.0968584814475297,1.6320607742528166,1.23807619307084,1.2936019028652732,0.9357126523114095,1.0324677776001912,0.7588082008740358,1.1224703267420981,0.9410486417518228,1.0134525484087222,0.0,0.3516418758832839,0.8295267139035872,1.7044755361182373,0.9579370889007461,0.9719445446085857,0.0,1.3529425946068483,0.37446592492459013,2.503053486915778,1.6932433485243257,3.754381298831761,0.7698521236974732,1.6240127416753027,0.5007935655798327,1.8968688019971502,0.7805536626187591,1.4331694607445344,0.6846649760575438,0.3969330381437432,0.6034217181251164,0.36257855495936536,0.9983771323691144,0.9157783546930839,0.896534965431585,0.8511112769607034,0.6503971560909957,0.3425493497881175,0.5497329652085712,0.09878211829879872,0.9617350982683861,0.8764572646746474
thermal25,2,5,1.02649860848497,1.013840933053289,1.022210319402841,1.107571361743909,1.008488149570274,1.1873797222759321,1.0112116454447273,1.011242068085934,1.080858916713464,1.0697979121507186,1.0273599312318125,1.0274601332047186,0.927314310907702,0.7404315480531906,1.0354998578007606,1.0422084714868773,0.5683875302632097,0.0,1.0279637448884411,1.0351306233583486,0.6535603348508009,0.14060506826891078,1.0167921653947531,1.0270871328970796,0.6536697723624839,0.0,1.100704312318551,1.0945744687101802,0.9207998957118818,0.5074199604991121,0.9999623128361246,0.9991476056288054,0.9036107160836669,0.5390662091112571,0.6780400478385269,0.939089431273111,1.003619628464573,1.0059074486112587,0.9452982934817088,0.9905946412088344,0.8351447864621407,0.9523089792828484,0.9980848899012641,1.0037419762056163,0.8601361896655689,0.9776563861383202,1.1587832527592692,0.27864935526321455,0.2526055139768724,0.901887204758719,0.9663026579354159,1.0001486919035212,0.989869984867008,1.0224924957791504,1.033794499417126,1.0018080993527676,1.0662505628629055,0.9466167020667394,0.9705127246155433,1.0711904891427375,1.0377009217354438,0.9463694596125557,0.9481451554023278,1.1115257505749387,0.7406012672351092,0.6125149323444241,1.1468491493686361,0.7909749988891809,0.6337324455514776,1.0860515388928234,0.7444958296959302,0.5833732915669456,0.0024204481455501925,0.024904787305177856,0.00032964541132205426,1.0366660002905532,0.9097615334405463,0.9224002478034554,1.0949238434255335,0.7174441759216924,0.5391054436192954,1.1041898757955928,0.5636869823482321,0.43559394491213055,1.0490819487450387,0.9633856361804413,0.9734718919599924,1.5179906351262082,0.8037526865163446,0.6278735876584971,1.1512936966922858,0.9202234298207571,0.8656643406359831,0.9768103439436578,1.0101918359942366,0.720813659846445,1.1523258034840447,1.001691442112287,1.0122182154258434,0.3061753505917979,1.0381086343019816,0.9779217506310903,1.184935305685647,0.9609282771949134,0.9952421145489807,0.13009721363264667,1.1386277953117592,0.5173441881360472,1.389163498680764,1.0796457160020068,1.7507815946811531,0.8724789605140136,1.1525565085871707,0.7912659563655428,1.2376407327350776,0.8328751994558511,1.118102235329679,0.94401407882465,0.46962074024876965,0.933796780507908,0.5251999741015911,0.9995944983817543,0.9805509074267759,0.9832956775324226,0.9031380673530095,0.9383268629403797,0.4405937995049636,0.6802745439230207,0.5308299127062814,0.988683153665128,0.9450844473074674
thermal50,1,,8.410634225745367,29.673860453299042,0.2993296018442788,7.163696945525384,0.0,1.1458178477826686,0.0,0.0,0.0,0.0,0.0,7.487681045086299,1.1858679901258096,0.26254898024160295,0.0,1.1758623973982445,0.0,0.0,0.0,0.0,0.0,0.0,8.920256567539605,0.0,0.0,0.0,0.0,3.323492247191761,0.9302092057580651,0.6068098302086324,0.0,0.0,0.0,0.008285961187355214,0.029805197247666854,0.0,0.035253290922579825,8.236971287734299,0.245155330107667,1.8867474813531975,0.0508748330753956,0.0,0.0,2.1745941061334064,0.061704307679779136,1.0448631225359266,0.0,0.23736695358453466,0.3019860589677501,0.25916708917750597,0.0,1.4557510562341027,0.0,47.89899348363681,1.1356910467979553,2.296257677364433,0.0,0.5834821934530755,0.9724968478797221,0.0,0.0,0.0,0.0,0.0,0.08620833094446369,0.11822134711627487,0.0,0.0,0.0,0.0,0.0,0.0,0.0031012661539428985,0.0438445712784478,0.0006201902216689491,0.0,0.0,0.0,0.0,0.0,0.0,0.0,0.0,0.0,11.884641311071835,0.8742985784163403,1.4574454486984298,2.5131296509118215,1.4288275656465723,1.1353323115294809,17.001532950371917,4.600617182061583,3.3520779314868645,0.0,1.0993022485181467,1.1122356960730249,1.5742307560279787,0.0,0.0,0.0,0.0,0.13342518838387407,1.4158859111354973,0.536461784717039,0.0,0.0,0.0,0.5728712857573729,7.835322373665962,2.5475607514793635,3.291452569070489,0.3263658593048655,0.6768765771506638,0.08458060572883659,0.0,0.0,0.0,1.336182848195665,0.9652236099420379,0.0,0.10951659622131758,0.0,0.0,0.0,0.8045626442709545,0.0,0.0,0.8807271941496766,0.0,0.0,0.0
thermal50,1,-2,9.391881780325354,19.516602162223705,0.0,7.592979336240536,0.0,1.3771951085572713,0.0,0.0,0.0,0.0,0.35862288102702405,7.322501262064151,1.1843863411304754,0.23085281814470623,0.3373173686979335,1.1842780308686838,0.0,0.0,0.0,0.0,0.0,0.0,8.371751781819823,0.0,0.0,0.0,0.0,3.3793144568227858,0.9343634588931851,0.6057183830280406,0.0,0.0,0.0,0.01855477966247735,0.030445180969772192,0.0,0.08151276958116467,7.723319931942632,0.24642154792448548,1.940046844591737,0.05072880778021586,0.0,0.0,2.1516429131292414,0.06167973884405453,1.0129528223944557,0.3634167600227481,0.23824207314206586,0.30202063386990124,0.26007577555113826,0.0,1.452443296474533,0.0,39.61076845184699,1.13520492584986,2.3813033035387807,0.0,0.5827092494757724,0.954165643869148,0.0,0.0,0.0,0.0,0.0,0.08682779506108274,0.11736894604080718,0.0,0.0,0.0,0.0,0.0,0.0,0.0031017972644452824,0.04384700455902543,0.0006198940259410314,0.0,0.0,0.0,0.0,0.0,0.0,0.0,0.0,0.0,10.137419508175329,0.8793111562168379,1.4620963070396364,2.52984115030546,1.4301139910972145,1.1355939432627267,16.301153266528452,4.593288115933424,3.352762866972165,0.0,1.234320254722626,1.1136580772106055,1.5537922895045262,0.0,0.0,0.0,0.0,0.1326475376832574,1.642913481814838,0.5388425854530716,0.0,0.0,0.0,0.5729840004094883,7.785518598992106,2.546827586594557,3.458857022606668,0.32184075765350945,1.4564472937501705,0.08520388758824832,0.0,0.0,0.0,1.336558785128603,0.9897338008245157,0.0,0.07702040389561668,0.0,0.0,0.0,0.8335965906697388,0.0,0.0,0.8904427141998265,0.0,0.0,0.0
thermal50,1,-1,7.062829199975246,6.109277862448538,0.0,8.099672714772138,0.0,1.7942768802097848,0.0,0.0,0.0,0.0,2.5846398113273064,5.906280955428632,1.1794958243203393,0.1643139460340453,1.222216918165073,1.3315910803280053,0.0,0.0,0.0,0.0,0.0,0.0,5.643030288878034,0.0,0.0,0.0,0.14213039962442003,3.695296489816668,0.9461862955440371,0.611165944957455,0.0,0.0,0.00217731956294477,0.06980971962597246,0.03214882059443487,0.0,0.3246868453698906,5.2173377710705084,0.2613087920322427,2.171070855430085,0.053732427263938544,0.0,0.0,2.0203868255604682,0.0598666333160988,0.9295658505816226,1.9248401740342056,0.2427565503217612,0.30280640591886,0.26732062540406537,0.0,1.4433680174773846,0.0,15.285259084279035,1.1410211372911874,2.714422229958211,0.0,0.5840311137583309,0.81822151254674,0.0,0.0,0.0,0.0,0.0,0.09310082686919328,0.11722727862070988,0.0,0.0,0.0,0.0,0.0,0.0,0.003106632816197749,0.04386121174258954,0.0006185728438776024,0.0,0.0,0.0,0.0,0.0,0.0,0.0,0.0,0.0,4.876749725516555,0.9147481671362168,1.468954819396048,2.824914472929321,1.4418947536992661,1.138648673966508,12.274942782962583,4.527354288273578,3.3467854816318265,0.0,1.6056413238269327,1.1192402734998106,1.549622093637447,0.0,0.0,0.0,0.0,0.1322633364736569,2.3206246557766605,0.5573299024179533,0.0,0.0,0.0,0.5722894279445933,7.622002402176102,2.543897124087739,3.9553174061864707,0.30938359300605295,4.287418600722035,0.08836564232736868,0.0,0.0,0.0,1.3394219318866596,1.0600775512178526,0.0,0.0,0.0,0.0,0.0,0.8491816290276589,0.0,0.0,0.915087467888262,0.0,0.0,0.0
thermal50,1,0,2.6955167058922984,1.9123395183915712,0.1801946708513308,6.05715523160656,0.8976805399597214,2.144922233986132,0.4737423032234938,0.0,0.2185307919891599,0.0,1.7432617152492687,2.893667559606782,1.1449272927655756,0.21502266730674544,1.408353758286576,1.4096338048640649,0.0,0.0,1.0649781622499521,0.0,0.0,0.0,2.029771990888341,0.563750174456079,0.0,0.0,2.2553603615100712,4.2219638315667805,0.9712254876982319,0.6550327405628285,0.8629767297959606,0.27770473746092184,0.11075082850213169,0.0983377127333083,0.03571981178584174,0.0,0.8046177079057139,2.1309320858396963,0.3728830382791585,2.061666523642579,0.08558441727674884,0.0,0.34469203328975684,1.4694610733044775,0.0817839685588681,1.0905071673612552,2.456388187480431,0.25132724593391265,0.3093775470656667,0.3018180350936251,0.0,1.3779618150726225,0.20927927286196085,2.973963983024798,1.247965445524905,2.431357131333869,0.0,0.6012850471762585,0.7365850300522246,0.9968342435664936,0.0,0.0,0.0,0.0,0.1530479773994805,0.14836482381782837,0.0,0.0,0.0,0.0,0.001190832063982105,0.0,0.00312449223219392,0.04405376578419103,0.0006193372474947207,0.0,0.0,0.0,1.0378701770142225,0.0,0.0,0.0,0.0,0.0,1.734488490029178,1.1473763368695522,1.5152179865380937,3.8280289159299223,1.5366045811290874,1.1773119415793905,4.531107770592618,3.9899389900047675,3.142308703696782,0.0,1.2839498820501953,1.0892979404423278,1.6955646751115947,0.0,0.0,0.0,0.0,0.18222968707822504,2.076752945999581,0.6603279222120414,0.7067206815892068,0.0,0.0,0.5696008597724345,6.662849131653325,2.515690426206124,4.425100309587399,0.4131462628797625,3.5346198442339047,0.0933353793648721,2.1177060410199307,0.0,1.981190707669517,1.0207739956462607,0.8607497552877529,0.0,0.030870202304413983,0.38666905271403595,0.0,0.18936716446844898,0.7151864480669091,0.27467940581285805,0.19945765285570313,0.853580711650387,0.0,0.0,0.0
thermal50,1,1,1.417107463952052,1.1987029047087965,0.9833302156055641,2.6298488172584933,1.047802635107642,2.390963703209377,1.0283915087139925,0.8750754615051267,1.4864722331338205,1.1376022426961994,1.2924227315523267,1.5130072150669984,1.0041560854297826,0.3192765087731272,1.279265244784424,1.3445253564732584,0.0,0.0,1.2279599235607424,0.614401751028573,0.0,0.0,1.2104651071079957,1.039207700151012,4.06018467880613e-05,0.0,1.9875735922568811,2.7312311165900853,1.0875496889812761,0.7106152181293182,0.9933533278525187,0.9167289156471623,0.4766397220629101,0.0,0.05845906507253304,0.3674125719913517,1.0251839820377588,1.1838693903343072,0.5884572456260603,1.1803113144573059,0.15355117674299504,0.5274610986260132,0.894339475697209,1.1116296040710654,0.24542350543237082,1.045015342779044,1.820323056522184,0.2592732255336264,0.31677341348252197,0.36478367536965206,0.45430674415097183,1.0612055275299412,0.8513276952324558,1.2952888690889355,1.3261653356296397,1.3504838633123484,0.9771585534345625,0.645692715282657,0.7526019373959286,1.329653937834875,0.979324390560077,0.6140807905974226,0.2731146829114018,0.806117094980005,0.24944534158488704,0.3559742207862688,1.3481750128229169,0.2192707547258995,0.0,1.1187434955411075,0.30337669362240566,0.0,0.003176752427404231,0.04529998289078725,0.0006017402684284369,0.6830067618633003,0.0,0.0,1.2923498932792774,0.0,0.0,0.8427824052525231,0.0,0.0,1.2802044508415735,1.201059163343516,1.4416171230250008,3.828047237134062,1.7314444730916514,1.3558655306152965,2.089727605969711,2.0903519885214785,2.04872279919915,0.796838156041176,1.0750441084950806,0.7937723501551153,2.0242200252304285,0.21721101333736162,0.8472261428492853,0.0,0.0,0.45351243135303654,1.9988709429971425,0.8680006715575616,0.9248228557586555,0.0,0.09342505571146328,0.5708345957989296,3.8858553112510923,2.33051912703296,4.490343351064091,0.6642520898080377,2.0796554078290663,0.2489013318016924,2.379140418221013,0.3800923438398566,1.7361434253115207,0.5779764280780504,0.45454206282905124,0.16478609608145056,0.22637816772076336,0.9188209705602391,0.6818863613574243,0.7267632621761452,0.7812790743273468,0.4762511614496999,0.41974397277495945,0.8306017211472452,0.0,0.8051185860720788,0.7161131378871944
thermal50,1,2,1.0830060817385536,1.0429087677944926,1.0517883685805456,1.334582506211653,1.0225557514385084,1.5448506083429459,1.0294056390995268,1.0397899137444016,1.2178682577006732,1.3076724033856786,1.080013256747578,1.1437634158070824,0.910236683664882,0.7868945532934032,1.100787960649145,1.1869979309727512,0.23134803556214498,0.0,1.07659282219265,1.0836488701675744,0.35563950991852084,0.0,1.0491932882771011,1.0781056493064505,0.3535128698874868,0.0,1.2902000535339289,1.5173072432445183,1.0095873398872184,0.8101307829703442,1.0007829955290617,1.0006857364359687,0.7958985953521363,0.1789537322865693,0.3555236245276713,0.8325787496995852,1.0005357616109403,1.0150534069177237,0.8437295411445533,0.9737772533879323,0.578054872541765,0.8561165010931077,0.9906851212143911,1.0099977513204612,0.6591819105971258,0.9504096388177762,1.3229660120473345,0.2830002574385323,0.3221253540418356,0.7227104800329256,0.876723336500557,0.9964766149019837,0.9658607382248242,1.0606632408623125,1.0970796421457747,1.00826160759053,1.1124410333906525,0.8518333968966374,0.916076025316915,1.154067336509013,1.0750408226324568,0.8827793790080627,0.8504589571697211,1.2547801569371326,0.600632817384583,0.5607343918246147,1.295683479290203,0.7343461842963965,0.49018576953626214,1.1901775639166345,0.622398363772375,0.38459008661541594,0.003355214747788149,0.046951216247101434,0.0005569373950391896,1.0411728857683618,0.7455858895081184,0.7376915270613738,1.1909576478500574,0.5643323748162986,0.26466200988999206,1.1641623766676776,0.2225386373216251,0.11686826180694311,1.1227433543913166,0.9669813102083382,1.0279922745138959,2.173420006178703,1.2597195598547304,1.07161259738128,1.3558254758428268,1.038371117491394,1.0037924859980396,0.9499512753156996,1.0354124925290726,0.7401688165259271,1.5843326051664925,0.9162807557392674,1.0205872541192318,0.0,0.95440705649897,0.8984516718569532,1.4371264868820641,0.9418805193094216,0.9850368940053364,0.0,1.1683673777602188,0.7052293975404186,1.987992809807217,1.6537123719986484,2.763959644475628,0.8619254233061756,1.3786168662496086,0.6811249765366327,1.5750301082695868,0.8024354299937085,1.2886542422896574,0.4794950486169929,0.3911155818124663,0.4975559756718139,0.4677408263623827,0.9796037877582503,0.9448901744994438,0.8912598126023537,0.8982788546550986,0.45307207941386174,0.37750256494893325,0.8660461888667715,0.24636823651408,0.9596701688192163,0.9451419499862206
thermal50,1,3,1.0102415136499345,1.0054061586325864,1.0061782288315777,1.0407815900708886,1.002300210678628,1.074102969727909,1.0039585436856264,1.00799525594419,1.0297169828426014,1.0524812956368677,1.0099565198792335,1.020750923404414,0.9522402574387672,0.836260010930353,1.011951458375914,1.0303422428267808,0.7795425714378781,0.016470059818567622,1.008892553470266,1.0182081669056613,0.824145206623712,0.3544224330166815,1.004918766521294,1.013908299858811,0.8297296516916823,0.11774900853442177,1.0371177119324275,1.0743984653447545,0.9143737715009762,0.68276693480017,0.9998482453531645,1.0007700671144708,0.956986382906537,0.7308997805795309,0.8540103524324759,0.9697254200686465,0.9974664042774183,0.9987056625830207,0.9724928003028495,0.9881419694155774,0.9303864906013004,0.976329068688721,0.9985588535757852,0.9997757449688875,0.9417180915437426,0.9857839188845671,1.0527385937031293,0.4657706407812531,0.4081389775571845,0.9532574729126353,0.9794018126421288,0.9984182952048586,0.9948190729749484,1.0084702124817766,1.0094624977854922,0.9935984945393758,1.0220126721109009,0.9776966439121446,0.9867243126482192,1.0246821031661357,1.0144252521267474,0.9721779746569756,0.9689513098275134,1.0368363535928315,0.8895064789829101,0.8005723846600362,1.0316932568498198,0.9012541036854833,0.7584423455106998,1.0259107163744874,0.8867012527016942,0.7577571516855667,0.0036245014175262636,0.046715000185518635,0.0005060386982566048,1.010933990761188,0.9612001631697911,0.963406211597055,1.0225813740952303,0.8723351720246695,0.717117238402204,1.0133514062824325,0.810934580567906,0.6869588370602075,1.0204423429493659,0.9816520540403652,0.9876624016674175,1.148770192504791,0.8996743529019459,0.6326010831429363,1.0445913690683515,0.9579226618140956,0.8885554381399003,0.9839090130895765,1.0082860674317713,0.8106845965456791,1.1396895810084382,0.9951692488272488,1.0052489138491845,0.5438119247728769,1.0912269434080737,0.9801862733087238,1.069423188573534,0.9813687679982716,0.9965234550311577,0.4237235499728836,1.0098421944153717,0.7183316765636815,1.1379001719421784,1.0584449463334582,1.2882449859758534,0.9220899430233899,1.0515764814845359,0.8695714903270455,1.085101535251142,0.8934279404857172,1.0351192039098076,0.7475240009869474,0.6027780865220373,0.7719455716288536,0.6530137941108667,0.9939571556515758,0.9871676726662609,0.9539828357823309,0.9327318863998232,0.7366091527422786,0.5889254517967079,0.7960665744854019,0.6695256553884154,0.9907913798407522,0.9649593987353257
thermal50,1,4,1.0010182993968042,1.0005361133608621,1.0002826687803115,1.0039220443684662,1.0000950521080547,1.0072632749285968,1.0003448238631478,1.000835748029365,1.0028306709186847,1.0054790634141098,1.0008924681051758,1.0021200661740284,0.9919877175647774,0.896530230366895,1.0009183844017966,1.003095912228401,0.9692696100712631,0.5998857420034494,1.0006216039922944,1.0018562294358657,0.9750665474995769,0.7582773848716373,1.0002419704318928,1.00138449779307,0.9765761537884263,0.7009532840128544,1.003469992803525,1.0076416422713788,0.9826108162624533,0.7542865798638476,0.9999507409621998,1.0000757810525995,0.9946516007956002,0.9314099372513761,0.9830459975277547,0.9961953863754146,0.9989535243211793,0.9991504167633903,0.9953594247819231,0.9969804044461947,0.99182131882671,0.9966534049090032,0.9997263156848444,0.9997584360570219,0.9933568257925178,0.997701141933466,1.0051267798175505,0.8411991244462635,0.7664183975737527,0.9933923204579463,0.9965735266099046,0.9996538982393726,0.9992792973347526,1.0008674321467932,1.000237924049199,0.9981491712203873,1.0019992370823951,0.9974772055192291,0.9983462308142157,1.0025614336418345,1.0009707299561086,0.9949150324866913,0.9935759715415612,0.9941038754210457,0.9771073048027473,0.9504736877466721,0.9903988114812844,0.9781682813580598,0.9402468023409419,0.9963663448254089,0.9763148192655285,0.943158861896547,0.004203380429150936,0.07932741147533882,0.0,1.0007125530023995,0.9950116960270309,0.9945204129352887,0.9956337915063492,0.9747515533999378,0.9359324362466181,0.9905298685249047,0.9676492977184755,0.9326438015661136,1.0014100569546995,0.9956962394945336,0.9952532804253823,0.9856533849288069,0.9576275500525853,0.8715694484835261,0.996510540408822,0.9869793457837043,0.9657848399895033,0.9964797987975207,1.0009459053062209,0.9473993497815195,1.0158982496061468,0.9988561033564012,1.0005869845171986,0.8998656257207132,1.0116847874413266,0.9845035088245682,1.0041789764157825,0.9968177716147528,0.9987682798286999,0.8733753059514592,0.983791911233261,0.9093716983738458,0.9987987469672982,0.9713726298269634,1.015174421867741,0.9772569898308433,0.9988939344222845,0.9583720078395228,1.001918025339443,0.972960542364315,0.9957331580614627,0.9340600134427959,0.865308698673626,0.9398435666204985,0.8791348418843312,0.9987843357795785,0.9971695545689242,0.9875673209324394,0.9754779141107294,0.9309301196988783,0.8598614849381002,0.8641000558947154,0.8479523671174463,0.997529433211194,0.979286583577459
thermal50,1,5,1.000098800496071,1.0000516248427584,1.0000116545222515,1.0003698932029614,1.00000311384144,1.0006981138035247,1.0000308656055112,1.0000829125714727,1.000265987658364,1.00054529983153,1.0000812559279297,1.0002102161530169,0.9990278601933438,0.9835190183760673,1.0000767591126345,1.0003061130918944,0.9966165401997771,0.9410899723509165,1.0000465665980645,1.000181546170969,0.9971982886693601,0.9646876778147105,1.0000118358408197,1.0001349206733638,0.9974381153573415,0.9574905607470809,1.0003234562009042,1.0007596112158954,0.9977264334972368,0.9597189895150325,0.9999937927744613,1.0000072301372886,0.9994384645651713,0.9908127096607992,0.9982579886614348,0.9995578484279749,0.9998556567330983,0.9998806523639197,0.999398658976932,0.9995853882369711,0.9990123307786581,0.9995672800169207,0.9999659935096302,0.999965304501652,0.999309822589051,0.9997137271378204,1.0004761910973934,0.9797822998464452,0.9672838644641345,0.9992529407162726,0.9995662343016889,0.9999547690631739,0.9999094870732682,1.0000842059721209,0.9999588915766646,0.9997398001872021,1.000173110495759,0.9997022075915066,0.9998059380246219,1.0002487958004778,1.0000408317748442,0.9985194894106973,0.9991945707651608,0.9987402029726583,0.9939667888799244,0.993788070061304,0.9981721452134031,0.9944507327359979,0.9926126855698842,0.9991898441929647,0.9938666516729375,0.9929566334683336,0.011748968106564766,0.3308135182020119,0.0,1.0000248837976584,0.9991809001852131,0.9993726538123788,0.999099847733676,0.9940358866211616,0.9921813387063444,0.9983281195815209,0.9930785804474549,0.9918354994045196,1.0000670342497302,0.9984715105339459,0.999341983909437,0.9964705076970558,0.9854125933313163,0.9833270738384169,0.9990733858099768,0.9957578110940453,0.9956061379381234,0.9995634522878719,1.000094152081647,0.993151054666912,1.0015786326663685,0.9998421799796408,1.0000587355234167,0.9877487402345964,1.0011465293128399,0.9975522859325453,1.0001352401902028,0.9996406136865172,0.9998279966274578,0.9846544818121464,0.9972474309904061,0.9877338036510931,0.9987281219410366,0.9950141236969279,1.000232813072607,0.9969697532051115,0.9994075634492157,0.9942548871829772,0.9996428037405407,0.9965495353608677,0.9990214989974435,0.9909250702700304,0.9806053818775053,0.991698289161683,0.9825159338124754,0.9998417029806681,0.9996217182291348,0.998276627849363,0.9964302058968215,0.9904948338740125,0.9798207550726671,0.9784212416661852,0.9765706031267347,0.9996453614875883,0.9967382280419239
thermal50,2,,6.2449611930180575,39.762489609584264,0.0,10.65110961793013,0.0,0.9040429198927099,0.0,0.0,0.0,0.0,0.0,9.109291122093515,0.9206788296424543,0.20420308763509942,0.0,1.1913379458102016,0.0,0.0,0.0,0.0,0.0,0.0,7.398518553367321,0.0,0.0,0.0,0.0,3.252631232886879,1.1812779153173945,0.711390387779034,0.0,0.0,0.0,0.05240277318471882,0.0,0.0,0.0,10.61048174777774,0.1550639641973912,2.3391452191099793,0.0,0.0,0.08052827107053898,2.2342011493492624,0.09812921455101588,2.129424274325471,0.0,0.3109221845530263,0.4554793855308385,0.3274844123188698,0.0,1.4234375220054394,0.0,91.9759901276564,1.4726121128346898,0.8559921693534905,0.0,0.6653411521970531,0.5154506827490124,0.0,0.0,0.0,0.0,0.0,0.058420962591682044,0.43103724108840835,0.0,0.0,0.0,0.0,0.0,0.0,0.007105614264424941,0.08148528678175776,0.0008658043967100242,0.0,0.0,0.0,0.0,0.0,0.0,0.0,0.0,0.0,23.54941440893955,1.338943264021444,2.5063057051002438,2.7764422554544033,1.4880108782478492,1.3779442916899696,9.653199778088293,4.61374318346188,3.5397954912070264,0.0,0.0,0.4425196999768998,1.7281534054367536,0.0,0.0,0.0,0.0,0.10744949638801658,0.6802287447588551,0.0,0.0,0.0,0.0,0.9152216191591925,15.222885211801776,2.449401873106463,0.8059864903521287,0.6239406921974388,1.7726285193883164,0.20959246430089526,0.0,0.0,0.0,1.2545707052348525,0.5254157856127525,0.0,0.6172998930675999,0.0,0.0,0.0,1.2389586551143275,0.0,0.0,0.9049323537120852,0.0,0.0,0.0
thermal50,2,-2,6.255051055021909,39.70130342623608,0.0,10.653580954268197,0.0,0.905366125614973,0.0,0.0,0.0,0.0,0.0,9.10936158224859,0.920686607143214,0.2039905886063777,0.0,1.1913078174171452,0.0,0.0,0.0,0.0,0.0,0.0,7.3962661807436225,0.0,0.0,0.0,0.0,3.2527357446786453,1.18129061949118,0.7113692227588604,0.0,0.0,0.0,0.05242637709118436,0.0,0.0,0.0,10.608536907407547,0.15506521465781858,2.339345228903686,0.0,0.0,0.08051153748464239,2.2338811750482086,0.09813439564270597,2.1291845877930684,0.0,0.3109247290759806,0.45547986740792173,0.32749052443433263,0.0,1.4234181081227812,0.0,91.93443629959167,1.4725971608434052,0.8565193897712997,0.0,0.6653321117721664,0.5154139706638037,0.0,0.0,0.0,0.0,0.0,0.058421807993040295,0.4310324045862198,0.0,0.0,0.0,0.0,0.0,0.0,0.007105633147947905,0.08148529131418646,0.0008658013741258134,0.0,0.0,0.0,0.0,0.0,0.0,0.0,0.0,0.0,23.542598781035178,1.338955375046074,2.5063311182565577,2.7762487850058277,1.4880127975979887,1.3779444741569231,9.65372747476826,4.613731846926482,3.539797121986137,0.0,0.0,0.44251896160658477,1.727994020082355,0.0,0.0,0.0,0.0,0.10744363341969877,0.681366338139563,0.0,0.0,0.0,0.0,0.9152204394190394,15.222944546835757,2.44939787856697,0.8067687546142495,0.6239343423004231,1.7741126002573957,0.2095939139124188,0.0,0.0,0.0,1.2545713355415513,0.5254784650252632,0.0,0.6172138759943918,0.0,0.0,0.0,1.239040408967137,0.0,0.0,0.9049511413422202,0.0,0.0,0.0
thermal50,2,-1,6.343930357328777,39.159764525744336,0.0,10.675492282111751,0.0,0.9171013006482017,0.0,0.0,0.0,0.0,0.0,9.109906320866742,0.9207537189479552,0.20208744802364884,0.0,1.1910521898643833,0.0,0.0,0.0,0.0,0.0,0.0,7.3762668406478396,0.0,0.0,0.0,0.0,3.2536804338134613,1.1814042864579133,0.7111800797966809,0.0,0.0,0.0,0.052637889254221894,0.0,0.0,0.0,10.591077903380157,0.155076902725707,2.341145628670047,0.0,0.0,0.0803616051954336,2.2310234797601876,0.09818072339467566,2.127038546517673,0.0,0.31094757058308264,0.4554841665378226,0.3275455562565077,0.0,1.4232457959767293,0.0,91.56216865262292,1.4724633872531854,0.8612403536239186,0.0,0.6652521179902359,0.5150719455831047,0.0,0.0,0.0,0.0,0.0,0.05842946934429153,0.4309892747903216,0.0,0.0,0.0,0.0,0.0,0.0,0.007105802133806319,0.08148532987809254,0.0008657743560070211,0.0,0.0,0.0,0.0,0.0,0.0,0.0,0.0,0.0,23.481423309624113,1.3390639460105862,2.5065572474578497,2.7745179030305716,1.4880301224735404,1.377946425077978,9.658426189387399,4.613629710804985,3.5398106280182566,0.0,0.0,0.44251238941296495,1.7265672271966124,0.0,0.0,0.0,0.0,0.10739104067610994,0.6915533523020219,0.0,0.0,0.0,0.0,0.9152098686457655,15.223473105319721,2.449362231696107,0.8137864190723664,0.6238769327357617,1.787422606087088,0.20960689019669412,0.0,0.0,0.0,1.2545770439056183,0.5260402413574645,0.0,0.6164433816081527,0.0,0.0,0.0,1.2397710156716242,0.0,0.0,0.9051187764111004,0.0,0.0,0.0
thermal50,2,0,7.070426605716412,34.51748257185927,0.0,10.866498020354205,0.0,1.0197137677532264,0.0,0.0,0.0,0.0,0.0,9.10783760623498,0.9211905170312333,0.18393437955163824,0.0,1.1898006054620351,0.0,0.0,0.0,0.0,0.0,0.0,7.1994428746012415,0.0,0.0,0.0,0.0,3.263454914815175,1.1824803157564903,0.7094115988979331,0.0,0.0,0.0,0.054667909297429866,0.0,0.0,0.0,10.42071966600805,0.15523135236548177,2.3591009209847336,0.0,0.0,0.07892418099735886,2.2043842373596902,0.09861640581795796,2.106591754510785,0.0,0.31117044345296657,0.4555241497817738,0.3280962366565614,0.0,1.4217253603171487,0.0,88.00183472973708,1.4711960688457717,0.9063000370606001,0.0,0.6645672721168724,0.5107108920273978,0.0,0.0,0.0,0.0,0.0,0.05851049985450853,0.4305929033172565,0.0,0.0,0.0,0.0,0.0,0.0,0.007107403667826851,0.08148553257421508,0.0008655204978771053,0.0,0.0,0.0,0.0,0.0,0.0,0.0,0.0,0.0,22.88605542289127,1.3401114537677048,2.508594275183898,2.758195460043069,1.4882077069839441,1.3779912613464167,9.70064361312874,4.612598791474018,3.5398497809765077,0.0,0.0,0.44245345590849583,1.7130170453311646,0.0,0.0,0.0,0.0,0.10688291805251166,0.7886733128871861,0.0,0.0,0.0,0.0,0.9151086091173148,15.228244020725052,2.4490325165718607,0.8817450148881142,0.6232839651870797,1.9161215715286173,0.2097304350540327,0.0,0.0,0.0,1.254636980021446,0.531438102587923,0.0,0.6090799794731101,0.0,0.0,0.0,1.2466040677410881,0.0,0.0,0.9066652983255741,0.0,0.0,0.0
thermal50,2,1,8.636135521883885,16.80906985344895,0.0,11.69000037282025,0.0,1.4831129763978592,0.0,0.0,0.0,0.0,0.0,8.828384462769561,0.9197762516218277,0.06079619886045719,0.0,1.2222124004510464,0.0,0.0,0.0,0.0,0.0,0.0,6.3414050025111495,0.0,0.0,0.0,0.0,3.3667924416855732,1.1898018678664772,0.6989481184851273,0.0,0.0,0.0,0.06966458157353614,0.0,0.0,0.0,9.036087122817205,0.15843891507191907,2.511277861968589,0.0,0.0,0.06900214521308767,2.031365848803225,0.10138141174559297,1.9623305232058792,0.0,0.31300451127809903,0.4558582339488747,0.3331050023085046,0.0,1.4137684548055567,0.0,63.493559269714055,1.4623225215705307,1.2371059930524912,0.0,0.6617669513515807,0.446458879233551,0.0,0.0,0.0,0.0,0.0,0.05947839195884561,0.42832065636259486,0.0,0.0,0.0,0.0,0.0,0.0,0.007118206161372077,0.08148262516093062,0.0008638139319033587,0.0,0.0,0.0,0.0,0.0,0.0,0.0,0.0,0.0,18.310895854087267,1.3485560666893286,2.519053823961751,2.6642771841101527,1.4901526853062876,1.379132146856664,9.813654327959528,4.601804945954755,3.537552744435471,0.0,0.0,0.4422831094968367,1.624293253298439,0.0,0.0,0.0,0.0,0.10338110034835532,1.46074074148394,0.0,0.0,0.0,0.0,0.9144009121171144,15.24189160819052,2.4470273393640833,1.3877417524597353,0.6176939424699692,2.8934793085275294,0.21064746067385762,0.0,0.0,0.0,1.2552888878581638,0.570453143631015,0.0,0.5578651187835186,0.0,0.0,0.0,1.2870494425934065,0.0,0.0,0.9154008733417778,0.0,0.0,0.0
thermal50,2,2,4.88448344413021,4.227878290161902,0.0,11.82050308005116,0.0,2.141538452626765,0.0,0.0,0.0,0.0,1.8732170201050289,6.229107566322213,0.9022344002405145,0.0,0.2646744297750865,1.5295783677791097,0.0,0.0,0.0,0.0,0.0,0.0,4.063173387267461,0.0,0.0,0.0,0.0,4.000027377175053,1.2205832563931671,0.6807168427664058,0.834221627327643,0.0,0.0,0.08402102871590718,0.0,0.0,0.29239589995243587,4.364937231898212,0.20648603525484716,2.7459495008360557,0.0,0.0,0.12513341620396887,1.5870341604355487,0.10628592202479971,1.7253272154058594,2.50479962180727,0.3205552607855669,0.45734664000351694,0.3635053735535359,0.0,1.3893266977122938,0.0,15.689340851136956,1.4632376946318755,2.071495501104591,0.0,0.6558940113201484,0.2931123232088934,0.0,0.0,0.0,0.0,0.0,0.0710032026369599,0.43129481267858577,0.0,0.0,0.0,0.0,0.0,0.0,0.0071554400885308084,0.08150324182385812,0.0008621341229312771,0.0,0.0,0.0,0.0,0.0,0.0,0.0,0.0,0.0,6.717074085887897,1.399057006771757,2.525776782045215,2.8350888868062016,1.5096541134112944,1.387525318782703,6.968501517703409,4.491414863542299,3.50839847015855,0.0,0.35768731927023306,0.4464921504548463,1.5555829510978205,0.0,0.0,0.0,0.0,0.10790969533230892,2.3591155750469257,0.0,0.0,0.0,0.0,0.9190310968764918,14.151223607128086,2.442672267319286,2.4934273133083704,0.6073432160988785,5.006293688137021,0.20344798466727762,1.2496553611395682,0.0,0.8489013733545316,1.2543335891079985,0.6315587014330782,0.0,0.47718297709801144,0.0,0.0,0.0,1.35737182360757,0.0,0.0,0.935404548821537,0.0,0.0,0.0
thermal50,2,3,2.1257966253067475,1.6337166917812282,0.0,6.272840070103259,0.8083312448905986,2.5938159256340994,0.7693553744271019,0.0,0.9189718206915614,0.0,1.6092524939174877,2.7883991222779327,0.9443764985810315,0.0,1.023586243145614,1.4430782225885346,0.0,0.0,1.1459570540064918,0.0,0.0,0.0,1.410979812223722,0.6684321702504716,0.0,0.0,2.389550917834793,4.715108120456259,1.2696024277631632,0.6981737882017839,0.9517747732580872,0.5678742469444568,0.128235099823841,0.03969827303022779,0.018342209537317314,0.06988544166011663,0.8723143715567877,1.6319029936755975,0.4177383588199902,1.870727316364565,0.0078116309255160474,0.0,0.6541638971824069,1.1998286540232712,0.19736739671261855,1.6346345410812733,2.9636896664495076,0.3297146265945951,0.46595023691283716,0.4430910481867741,0.0,1.2245023915314863,0.6030384618713389,2.7821900992377686,1.5832324069076975,1.7940941123432586,0.0,0.6660328045122258,0.6621996331283174,1.303545434971351,0.0,0.0,0.0,0.0,0.17553126202236516,0.5095750974183096,0.0,0.0,0.0,0.0,0.0,0.0,0.007236853717006754,0.08197234449045172,0.0008735415231327557,0.0,0.0,0.0,0.7343455889739471,0.0,0.0,0.0,0.0,0.0,1.8686935936145037,1.6233667966048686,2.4618201810515905,4.249696698323597,1.642047382794292,1.4524001609146893,3.4339543576105225,3.712504808444553,3.1255394882961838,0.0,0.8512506381071001,0.4680926092061098,1.7238583057563213,0.0,0.0,0.0,0.0,0.1956609206680675,2.3024683168483078,0.2970413400267013,0.41789744061165257,0.0,0.0,0.9221643451125102,9.866743575688247,2.413257637072231,3.693515528249916,0.6316760255062892,3.491234302682705,0.2174681896681903,3.2960175495814252,0.0,2.591447115136344,1.1056955319496056,0.3794879870065052,0.0,0.6364822557265372,0.2599079979896609,0.0,0.35031018628991856,1.0627313557022007,0.08508865820588375,0.1676122083450209,1.0134473158152806,0.0,0.0,0.0
thermal50,2,4,1.284622056017756,1.146919190624998,0.9578496962071211,2.240599094823541,1.0109453725537942,2.3952461110158216,1.0412676741364941,0.959843106984804,1.4646164652323292,1.4516828680212979,1.2202862591946517,1.518198126013422,0.9992476497960868,0.23325755614641125,1.1730607534739825,1.3946890610818412,0.0,0.0,1.1520745187440349,0.8197489836722466,0.11849125729155707,0.0,1.0953145008430012,1.0525420087356516,0.010894870134533477,0.0,1.7769610515701741,2.819611777510816,1.3518619147458943,0.7860804284922924,0.9949644071973603,0.9643666551181133,0.6647420866253747,0.0,0.14365498724995976,0.7313229132221447,0.9920430531622163,1.0779566538249667,0.6763617805208891,1.0670311981864344,0.24845819858772877,0.6756851540593044,0.9747342927589286,1.0432654780516488,0.4974355887463902,1.0772476108388105,1.8738914340142228,0.33489669995057014,0.470203804519088,0.5969081076992494,0.73264297215223,1.004645095421151,0.9184372736072229,1.2706070662858175,1.4128778307955543,1.133174327307626,1.1591455417065508,0.7430304001548866,0.8333166654079656,1.3570766489652792,0.9746266977413286,0.722270986240437,0.4663814436455482,1.4530257887329103,0.3670337620679411,0.8087605544644086,1.448580867506184,0.3667852189992392,0.0,1.3636393884530011,0.34847752855301234,0.01795558545891016,0.0074286765185773256,0.08397829330762105,0.0008443628530645727,0.7084264963928757,0.2050505043161718,0.0,1.2944670244058372,0.031558397403979276,0.0,0.8146501844507499,0.0,0.0,1.2771683539322847,1.2539947053691198,1.7257720476591514,4.101671033385133,1.7488789095936326,1.6312786247759432,2.0103735561393905,1.7489375781096326,1.834465850618846,0.791263244458622,1.042622310960767,0.472993719313123,2.367501893105781,0.24958431886931848,0.8724166201276784,0.0,0.0,0.5355406173240301,2.0154750276003135,0.8076213183098138,0.9167674715848518,0.0,0.21892397724364834,0.8706144983147674,4.33868389197096,2.2362702384202864,4.2222773352811105,0.7191073480991684,2.0884377222191293,0.35618836112683944,2.5377166188766793,0.39393989217086334,1.8616901349992045,0.525148485106253,0.29994084597106946,0.1943080110862546,0.5368533070438302,0.9005103994510292,0.7140225818267865,0.7465798481571526,0.9699511945514449,0.42244261579115877,0.36601464873945305,1.065902397330327,0.0,0.791053377145159,0.7693253835107929
thermal50,2,5,1.0481619849901107,1.0257416177431233,1.0185275674123706,1.202990072723125,1.0084401282233968,1.3328555272106548,1.0161295660316412,1.039586445608262,1.1248317221889534,1.2952772298145114,1.0454024327186136,1.130486282162296,0.9569151254151528,0.8748799114645488,1.0498518159272423,1.1703584780688399,0.5384642423100879,0.0,1.038469988362547,1.0788207764442943,0.6656244175258921,0.0,1.0212028983636372,1.0645678247764538,0.6289619130139495,0.0,1.166592314973067,1.4727357592503365,1.053516690362827,0.9315550614164064,0.9999759109559399,1.0035936829292256,0.8976381174318362,0.25456551209744016,0.6754270095328165,0.944542189339623,0.9970129944055365,1.00562401618275,0.9255317242039159,0.9916079284460354,0.8048174110258978,0.9402060670212228,0.9983472677066665,1.0039202561929492,0.8714634390705094,0.9923713365509987,1.2488194527802323,0.36603796304189157,0.47666191461513296,0.9064081751011767,0.955209251685262,0.9976689140780125,0.9867327502715697,1.0480656141332252,1.0794640456759963,1.0045653728378758,1.0936262574657531,0.9379303990919488,0.9665605025072562,1.1136792393096928,1.0498824223691667,0.9208691359932254,0.921656905950405,1.2701581021537045,0.7551725165276032,0.845194841933999,1.2454018404712643,0.793767634476609,0.5755018035926402,1.17344414988556,0.7435111552717187,0.6402644487752485,0.007838559101378274,0.08542008703558276,0.0008153064175674795,1.019059605201708,0.8709704181906175,0.8419760397930138,1.1485280685298898,0.6746316860512155,0.4564276378240189,1.1125076541388188,0.49498569486972654,0.4152107411152396,1.0927665559363224,0.9855710118453544,1.0811564004933094,1.979629901407883,1.1430514093364776,1.0986952003286101,1.2820812717640444,1.0067345359467443,0.9964769807199851,0.9514121981507043,1.0351017409298293,0.755549269786443,1.6585627281671798,0.9151735739057383,1.0162415069279673,0.0,1.1720359159179783,0.9280094092449961,1.3348276385520876,0.9483589683470183,0.9897754529995665,0.0,1.1258521222592883,0.9397713485236618,1.85652236099829,1.5480577822551667,2.330982551653974,0.9027325622950415,1.3037652727826285,0.7664373477896725,1.461730988081484,0.8401955782344254,1.2488366859298488,0.4326699941556543,0.4177442515653755,0.49008989142613474,0.5583140242616306,0.9729588169767346,0.9505923409385933,0.9003198232006446,0.9382804925354575,0.41558461812897324,0.4237604925738394,1.049227489017753,0.32256342953072686,0.9595727958381167,0.9758214449773139
