Satellite,,,26360,26605,27663,27704,29486,29486,29601,29601,32260,32260,32384,32384,36585,36585,36585,36585,38833,38833,38833,38833,40534,40534,40534,40534,41019,41019,41019,41019,41328,41328,41328,41328,29671,29671,36112,36112,37139,37139,37868,37868,37869,37869,40315,40315,40315,41554,41554,41554,43508,43508,43508,38858,38858,38858,40544,40544,40544,40890,40890,40890,41175,41175,41175,41549,41549,41549,41550,41550,41550,41859,41859,41859,43055,43055,43055,43057,43057,43057,36590,36590,37256,37256,37763,37763,37948,37948,38091,38091,38953,38953,40549,40549,40938,40938,43001,43001,43002,43002,43207,43207,43246,43246,43602,43602,43706,43706,39199,39199,39635,39635,40269,40269,40547,40547,41384,41384,43286,43286,37605,38652,38779,39617,41028
Signal,,,L2:P(Y),L2:P(Y),L2:P(Y),L2:P(Y),L2:P(Y),L2:L2C,L2:P(Y),L2:L2C,L2:P(Y),L2:L2C,L2:P(Y),L2:L2C,L2:P(Y),L2:L2C,L2:M,L5:L5I,L2:P(Y),L2:L2C,L2:M,L5:L5I,L2:P(Y),L2:L2C,L2:M,L5:L5I,L2:P(Y),L2:L2C,L2:M,L5:L5I,L2:P(Y),L2:L2C,L2:M,L5:L5I,L2:L2OF(C/A),L2:L2SF(P),L2:L2OF(C/A),L2:L2SF(P),L2:L2OF(C/A),L2:L2SF(P),L2:L2OF(C/A),L2:L2SF(P),L2:L2OF(C/A),L2:L2SF(P),L2:L2OF(C/A),L2:L2SF(P),L3:L3OC,L2:L2OF(C/A),L2:L2SF(P),L3:L3OC,L2:L2OF(C/A),L2:L2SF(P),L3:L3OC,E5:E5ab,E6:CS,E6:PRS(A),E5:E5ab,E6:CS,E6:PRS(A),E5:E5ab,E6:CS,E6:PRS(A),E5:E5ab,E6:CS,E6:PRS(A),E5:E5ab,E6:CS,E6:PRS(A),E5:E5ab,E6:CS,E6:PRS(A),E5:E5ab,E6:CS,E6:PRS(A),E5:E5ab,E6:CS,E6:PRS(A),E5:E5ab,E6:CS,E6:PRS(A),B3:B3I,B2:B2I,B3:B3I,B2:B2I,B3:B3I,B2:B2I,B3:B3I,B2:B2I,B3:B3I,B2:B2I,B3:B3I,B2:B2I,B3:B3I,B2:B2ab,B3:B3I,B2:B2ab,B3:B3I,B2:B2ab,B3:B3I,B2:B2ab,B3:B3I,B2:B2ab,B3:B3I,B2:B2ab,B3:B3I,B2:B2ab,B3:B3I,B2:B2ab,L5:SPS,L5:RS,L5:SPS,L5:RS,L5:SPS,L5:RS,L5:SPS,L5:RS,L5:SPS,L5:RS,L5:SPS,L5:RS,L5:L5I,L5:L5I,L5:L5I,L5:L5I,L5:L5I
Mask,CF,RR,,,,,,,,,,,,,,,,,,,,,,,,,,,,,,,,,,,,,,,,,,,,,,,,,,,,,,,,,,,,,,,,,,,,,,,,,,,,,,,,,,,,,,,,,,,,,,,,,,,,,,,,,,,,,,,,,,,,,,,,,,,
deg1,1,,0.0,2.3734071375064176,3.700377058954111,7.6019608050223475,0.0,0.0,6.439960691416657,2.2882826527356825,6.7991856799737995,7.579489401134203,10.392566608591675,3.8810181491373634,0.9016272290065709,0.3682279786500097,0.11294341584824842,0.007530608766068301,0.0,0.0,0.0,0.07031066735102363,4.478595292785281,2.8072812981862594,0.8265074169959743,0.07684470970977546,0.0,3.2774474668583204,1.0934828935328476,0.2958448898297459,10.680550265259903,9.222991106321276,1.1939452754699411,0.5298782553122435,0.005468259861980007,0.0,0.0,0.00028501101337669396,0.13379093762255737,0.0,2.253995003063913,1.9532100603708422,0.0,0.0,1.9677915098064513,0.0,0.0,0.8532198306192658,0.0,0.0,0.31805931376642677,1.4948244138162314,0.0,0.8583191566796409,0.0,0.2212951843371716,4.047889547960178,2.5787918707912874,2.353068146360614,2.5795123621428084,0.4515640407818094,0.4451516448369446,2.616419844176532,0.7600699401232677,0.23804073345185864,12.800149629116001,0.0,0.0355016571265386,0.0,0.5993801440221761,0.0,0.40680960750190576,0.1125943178212582,0.052008207638173265,10.251473900100747,1.0452319974498412,0.365495691379285,0.0,0.665019192041682,0.30373314636452947,0.0,0.0,1.9251203922617326,2.2468101761383505,2.079805376178098,0.0,0.0,1.2871876823602293,0.09447761635133986,0.5495785652635943,1.8876407684198975,0.0,0.0,0.0,0.7476340932857503,0.0,0.14601164548484608,0.6919126963282832,0.02727980779415711,1.779801842293065,4.041427541955652,7.422385855364015,5.488973238164172,5.886466868895349,0.0,0.0,0.0,0.0,0.250655660343705,0.0,1.1925099074869416,0.3862897148060976,0.0,0.0,0.0,0.0,0.1025529675357291,0.35992744049463804,0.0,0.0,0.06843822569646646,16.832053224365655,0.0,0.37082135432851254,0.0
deg1,1,0,1.9894620797987888,3.5509297340193138,1.3793536114252611,0.8953674318834173,2.5247204412809565,1.1431454872441766,3.284569299828284,2.5705366557271674,0.945470937879248,0.98260245886855,2.131281920420382,1.9209729212166584,1.0737447718510904,0.5226470538651259,0.10969193649449567,0.06036061725273988,0.5568583618852466,0.0,0.0,0.11552018279677466,3.635986160880338,3.765118901898367,0.8683920111425595,0.1584940795097194,2.4678172272215897,3.075593888373989,1.0882940959539749,0.5851333957183005,5.59618608961231,7.215548582377449,1.209248432457945,0.4957773316801757,0.062092480353037806,0.0,0.0,0.00025082967047481704,0.15673678787889295,0.07742548148514541,2.2336223464446436,1.7942814011467667,0.0,0.0,1.8289817316530108,0.11158860016132374,0.0,0.8251789710062164,0.4368842236505308,0.0,0.3964868881924591,1.226121782029689,0.0,1.2989177967389611,0.0,0.22849342696085131,2.29798830353699,2.4840109309279805,2.2597944732172683,2.6097358903832197,0.447696253521898,0.42825702123752063,2.429200723342086,0.7760693554738048,0.2434589675275636,1.3274966016415854,0.49764457055777206,0.6388623195340586,0.2793208196714547,0.7014534715650744,0.0,0.41024736510704746,0.11263157724543099,0.05251054024756868,2.891692834215765,1.024124652400535,0.4498287118133724,2.5097740784843823,0.6788118885350823,0.2978086249435511,0.06323545758268062,0.5806195678742103,1.7297523528814316,1.9329536753099446,1.7597505257663466,0.6204736022608264,0.0,1.0254595042519832,0.0991098191722067,0.5460026237747581,1.882027322514003,0.0,0.6116973731375217,1.188170767500523,0.8726376874896293,0.0,0.1405993740881523,0.6838806811148382,0.08280905980302124,2.6259463672728383,3.968679987414781,6.887255373947263,2.4977141440384214,1.1154206091811858,0.0,0.434158973313619,0.07199106334378452,1.5739115497443554,0.28642896167557896,0.0,0.8048346577247013,0.2794171519347234,0.26339028854267005,0.1532750954397921,0.0,0.0,0.33604423830996333,0.43153704509342844,0.0,0.0,0.06860778174226423,4.0462523217594395,0.9074284466112361,1.794496311025962,1.508467114421791
deg1,1,1,1.9560563282510526,2.3649407143144576,1.0951387485446227,0.9752583571756691,2.383720879223646,2.5753215297673417,1.9920341470519325,2.2094643874178033,0.9821522391782422,0.9425975634258441,1.4044278383950315,1.5318163682668566,1.4931749897032094,0.7270231753299529,0.13316945419114173,0.12510094559034599,1.4449073776181705,1.2324818303972964,0.0,0.24438157308415073,2.006404468449431,2.6348342022499542,0.9702469847592621,0.22630038091916285,2.0385696864912966,2.546697121237765,1.1442387504787492,0.7591087044198844,2.7228626057569345,3.715822900591366,1.2016276178409981,0.4345126583465486,0.3530471190664068,0.4289702548483129,0.0,0.00013508501208363548,0.2367926061775468,0.6143686869056723,1.9677391359210195,1.2803812339214524,0.7902894414005371,0.8484217650079882,1.2966547907992583,0.7992446886276987,0.7497816709317752,0.8852419979668963,0.9048258051581513,0.8635537055653514,0.5992712149740944,0.9950498313664741,0.9854902835821495,1.7752246804441028,0.0,0.2440135882593429,1.8954079842062685,1.986764952250903,1.857088962518728,1.5403032626794,0.441390361547502,0.36958516115537227,2.068275454697714,0.8492200810167346,0.3229247864467239,1.044212236967178,0.9276833590685368,0.9069251479318274,0.9243133309962459,0.8828173039496817,0.2683171889242799,0.4132179732972669,0.11224304030174768,0.05251257368933262,1.6419012243542976,0.9408037443778616,0.5893868503467661,2.5100907277824303,0.778369276511587,0.3442479290258989,0.6791207405951848,0.9587211981423429,1.3137263612213879,1.3808681801530958,1.1787924110469883,0.9391418847210046,0.4977148114373596,0.8299850240239124,0.1127447713818527,0.6041721807881139,1.3383965546572298,0.8238980468529313,0.9587765583567506,1.155528127356205,0.8147965775440515,1.1392233432817072,0.13061834867488895,0.812805531079377,0.7604469120601246,2.256809583634442,3.431732558842808,5.006955682547088,1.1834736969891853,1.0120994612710557,0.311449853836129,0.9384838990508643,0.6668751219265222,1.4719650146948462,0.5021486841094496,0.09706844123114429,0.5318214955889567,0.2590276324959471,0.5475956023342811,0.4036670873728881,0.0,0.0,0.40561682670368265,0.3466918546451444,0.0,0.0,0.06860656099234216,1.4582411460753406,1.3344161892825714,1.5284570007813811,1.2061513287492152
deg1,1,2,1.2510725033261312,1.292819026127996,1.0189190869595361,1.0021761524227697,1.3494498495299994,1.6390343451318579,1.212966135934368,1.3941333451296396,1.0000668438855682,0.9957956492542366,1.07986063943931,1.152423158808481,1.253445067781765,1.28052578722165,0.21457868973726205,0.2190284753195935,1.154957413157053,1.2504196117873287,0.533594362170481,0.458226731556421,1.1909727928579665,1.3698482764185411,1.0201832142937077,0.4372314518517273,1.236321507284731,1.4625035826797899,1.072189165002932,0.7370065381042659,1.3469812608106964,1.646354442671167,0.9917977318945134,0.3711296501875785,0.8604668114564776,0.9295310993949224,0.0,6.386424111184758e-05,0.6727976902063642,0.9171453658882893,1.2852638936147005,1.0469059978776554,0.9789639108523754,0.9848992668074557,1.02570669655171,0.9660297989313347,1.0027821909828232,0.9794724380181838,0.9877058272620939,0.9871745729246801,0.9086100047660822,0.990871545569869,1.0535314363778776,1.3461995214710631,0.21352850608850482,0.27123850892112233,1.2612626878049389,1.2242440837535378,1.2141943516089728,1.109510535770525,0.4968485030012782,0.35408508761914503,1.323137546361439,0.8363745183222854,0.5459957990739628,1.0070188331687386,0.9959262854090397,0.9848889614233207,0.9963353698808587,0.9705199941737787,0.8677126999894585,0.41810958392563363,0.1103720717411702,0.051697089588150426,1.1555300350580988,0.8761418190275838,0.7497014089939543,1.4476055236542278,0.850717457127252,0.4940693500432728,1.0195039929591274,1.0114714355353263,1.1379558339070202,1.0996388628159879,1.0193113676546552,0.991230085436889,0.9130627189261014,0.9527837665440095,0.17420274086978751,0.8597883350199175,1.1004857774949828,0.9937027486504082,1.0192952377938345,1.0450915639134013,0.9684434177457649,1.1160718131011835,0.11248044831916319,1.121811320753312,1.3879272718788702,1.3546657861485172,2.2168417955821167,2.085519341954496,1.011725395015675,1.0016847037652752,0.8976758556846695,0.9920342362453067,1.0144852972875817,1.13704506677449,0.622139884839165,0.4292166468991485,0.559515794947185,0.34549798758888767,0.6762782779934697,0.5427812082362778,0.3399597422129209,0.2118780535774231,0.547413283643896,0.3493981221788845,0.35601666960770695,0.09916738852569959,0.0684253967038505,1.0338508979706122,1.014888330783213,1.0161381595366634,1.0154143691429283
deg1,1,3,1.0298353028603136,1.033891904513545,1.0021835257612206,1.000393026611371,1.0413763686294757,1.089018397346521,1.0247475424775916,1.0516950576693116,1.0000802771406514,1.0001861266046537,1.009140364092315,1.0192052172256278,1.0319365446345008,1.066962592375166,0.5773333823885061,0.24467382011438846,1.0189075161106096,1.04023513298981,0.8668726740080898,0.5883530301524974,1.0215777747551575,1.0452932542150006,0.9813577273648367,0.6524874886048756,1.027572006679159,1.060315952141419,0.9738525454328771,0.7023605111285764,1.0397135251135277,1.0826680856183482,0.9322579370885619,0.40390056970155347,0.9842918407566273,0.9920232464262329,0.0,0.0006248934799306479,0.9511494677956703,0.9879481490784491,1.0329153698868292,1.002177851339088,0.997920041553983,0.9984911213108443,1.0013326100046702,0.9954777026826682,1.0018045300510252,0.9974320582580283,0.9983904773188768,0.9991005028375939,0.9889466149901606,0.9979345049525131,1.0071337988794602,1.0193476067211915,0.6534738372243422,0.5714426905258624,1.0211039324434874,0.9930534974290689,0.9819283376322432,1.0005920716790886,0.7803050160667141,0.6823540073651374,1.028431731887537,0.8560605905322596,0.7517928108685128,1.000411643964324,0.9991035502060709,0.9972057896755069,0.9989355828965937,0.9919308353545812,0.9775773224435355,0.4331419121280325,0.10912551453738134,0.04910752306930375,1.0099144887911993,0.9266732212761348,0.8787406925327045,1.0379518380935273,0.8350362580370096,0.6961673943061192,0.9775231402621316,1.004001034623954,1.0036868618322374,1.0137267852652196,0.9890340007730876,0.9996279332276584,0.9775374340294444,0.9966654347073312,0.2829181265087124,0.9959702628229494,0.9908679357721158,1.0016512761271499,0.9969003048542378,1.0023045938830686,0.966264433867863,1.0040857068403428,0.11377702572620851,0.9675731058463037,1.0898566055248993,1.0326706444582159,1.1962554261051672,1.0984914855974723,1.0003170082636605,1.000020651591241,0.9843079975933934,0.9983875721398517,0.9872296110515785,1.0066912161295865,0.8783218631764935,0.7345129819163252,0.8533123683436591,0.6790433159274268,0.8933755707236993,0.7758784188162213,0.8275013807846311,0.6679941587024,0.8534962313788381,0.6787664122651117,0.8077429953951843,0.5967565244471722,0.06539404044276864,0.9727019851550883,0.9233217465185941,0.8954666497126186,0.9730208886204108
deg1,1,4,1.00271316562878,1.0032269488345378,1.0001890848012014,1.000016615607443,1.0038128345142472,1.0091610839357137,1.0022964644460857,1.0052654207711058,0.9999968642757351,1.000027479637361,1.0008532011427145,1.001945782099972,1.0024641947733919,1.0072094447950692,0.9207488228091318,0.6432826617489543,1.001687384230223,1.004206672770756,0.9771808998235324,0.8480640691514655,1.0020401400682093,1.0046055434000334,0.9941850105239168,0.8869074097323663,1.0025827151939726,1.00617457921699,0.9912406807924317,0.8933392816797466,1.0037106453259705,1.008455434881331,0.9832747342983484,0.7729301732735532,0.9980611283787144,0.9988223923783252,0.0,0.006735911082712218,0.9945351218271622,0.9982381084940622,1.0030006594221117,0.999672787682522,0.9997422784883767,0.999807279791552,0.9999293770790209,0.9993052218955787,1.0000411197799455,0.9996177806541368,0.9997091610633594,0.999856905758067,0.998788272460901,0.9996495485146937,1.0006139443563358,0.9891497020821641,0.929846507928609,0.8794243798567949,0.9981951867693405,0.9934188084833061,0.9854543815991438,0.9932936005470504,0.9514037036536838,0.91416281720146,0.9976577157826867,0.9656188638685713,0.9312189413154889,0.9998785475407114,0.999753777483032,0.999338354746302,0.9995722033258068,0.9978901063262611,0.9956600238742274,0.5547885353814914,0.16489591451784982,0.05836452162851246,0.9973979062452228,0.9826026398322026,0.9673109226395642,0.9967029782689741,0.9561634372276043,0.9133549508145866,0.9668252247968556,1.0002039428164917,0.9794486064761004,1.0011538001883407,0.9876951244037058,0.9998799359053353,0.9857838681151652,0.9995478460653229,0.4813047578037097,0.9977057264646129,0.974303949693713,0.9999818571564025,0.9921185213449477,0.9989299168827787,0.969327442236523,0.995447476883768,0.32583464600313206,0.9538958978317552,0.9943749484863607,0.9989945546809135,0.9809969592390222,0.9968581055637624,0.9995877197311109,0.9999165013760677,0.9958012986611288,0.999519174214605,0.9775522938357338,0.9965804806815932,0.9760823771105371,0.9415969365068437,0.9703256114576677,0.9276262672160246,0.9786061125348927,0.9495199590039473,0.9694494583712406,0.9311529870839552,0.9711555804200225,0.9289229915469271,0.9633378960462258,0.9128218147709554,0.05793712497739613,0.9879176813846074,0.9679665394500138,0.9574174151746042,0.9884582621934426
deg1,2,,0.0,0.0,8.969728725640277,9.072566291506748,0.0,0.0,9.382156421246364,1.686451494331686,2.3103387622857707,7.675615488397471,17.968570140170968,2.0852535784636914,0.8803538620074093,0.49044260381270594,0.1896322750594264,0.08093294236083877,0.0,0.0,0.0,0.6939349418616261,5.961772642349454,2.8293017390683555,1.1712009711083857,0.0,0.0,4.017614558879296,1.0433420836871667,0.7492053144208823,8.776129282578335,9.799120273922002,1.0801168315307546,0.1807134444245559,0.0,0.0,0.0,0.0002020979042932974,0.11519936170597066,0.0,3.323160671151972,1.1786147172341719,0.0,0.0,1.9611173678398,0.0,1.1178592890394898,0.6464558926749665,0.0,0.0,0.3097443802540977,2.3605672739583197,0.0,1.65025057637526,0.0,0.417457647516731,0.20611859325366275,2.5415746956420384,3.292317670247051,5.000988775455077,1.3425595815700848,1.0639510259603213,3.871087162921429,0.29534621686906876,0.0,22.600915166042032,0.0,0.5435667096426026,0.0,6.979534268952947,0.0,0.47325218343868963,0.09817918211245241,0.10469736991695601,4.944506768927203,1.967571270666311,0.0,0.0,0.6573143118117032,0.008661382088422757,0.0,0.0,2.160896135332712,1.9476918588732015,5.522308994038997,0.0,0.0,0.0,0.0,0.5653827083713399,2.8478891435276603,0.0,0.0,25.246403320015126,0.0,0.0,0.18638555890973701,0.5227513343889658,0.0,0.5773341445479309,4.22981110814666,6.95957184823669,34.317694425977905,88.54180123361196,0.0,0.0,0.0,0.0,0.0,0.0,0.0,0.0,0.0,0.0,0.0,0.0,1.049278634971072,0.8076332111278948,0.0,0.0,0.07896716254744071,18.213573556834753,0.0,1.6679716336725223,0.0
deg1,2,0,0.0,0.0,8.996695844883174,7.258751921445615,0.0,0.0,9.53782683143956,1.6680933738059676,2.347922875648182,7.444846888417168,17.468261627927557,2.1447774031382534,0.9492374009000301,0.4954969423723348,0.18981718718936438,0.08105749720462627,0.0,0.0,0.0,0.6945705815499023,5.979470481573211,2.8197353889381036,1.1719715774961486,0.0,0.0,4.0182949709472355,1.0458380508884904,0.7541787880394042,8.727391783080172,9.799906605075325,1.0789380212011548,0.1788101265358263,0.0,0.0,0.0,0.000201533217079475,0.11539033125094302,0.0,3.3230378933101092,1.179366335100012,0.0,0.0,1.9617934397101389,0.0,1.3538339216647264,0.6469553253555144,0.0,0.0,0.31018890406820776,2.357454737027663,0.0,1.6667450995433377,0.0,0.4174607587094577,0.2563151633421766,2.541416252106446,3.2920151241186706,5.0761328633790965,1.3426580807412538,1.0640923296140439,3.8599584798594053,0.29534265452582537,0.0,21.940031016632865,0.0,0.5486151384404189,0.0,6.977838829969504,0.0,0.4737351716123818,0.09817987253318401,0.1047012663214161,5.279624815542413,1.967431250414549,0.0,0.0,0.6573413352243339,0.008674835181653372,0.0,0.0,2.1608929544973208,1.9397465181064621,5.521153179424031,0.0,0.0,0.0,0.0,0.5674796539497541,2.851218752193646,0.0,0.0,23.70594117758428,0.0,0.0,0.1863778796694333,0.516099902412443,0.0,0.610855888144163,4.229721432105457,6.945210952516493,34.30983877923204,84.13223920440424,0.0,0.0,0.0,0.0,0.0,0.0,0.0,0.0,0.0,0.0,0.0,0.0,1.049436575316733,0.8082658288464676,0.0,0.0,0.07897065849012554,18.197110550456188,0.0,1.6788984619721872,0.0
deg1,2,1,0.0,0.0,8.855630627552845,2.973755588242068,0.0,0.0,10.446192858604215,1.5628389443489017,1.849032197748833,5.82248739872422,14.436860420381155,2.500753515182553,1.1204272367802837,0.5302388889876483,0.19089815489768983,0.0828032695982568,0.0,0.0,0.0,0.6968373353375221,6.247982076409946,2.7704632413598653,1.1770562255900132,0.0,0.0,4.032163472816612,1.0618738475996659,0.7820500590889049,8.48025111231096,9.792248908934802,1.0710682275324006,0.16904568067952286,0.0,0.0,0.0,0.00019798838065390655,0.11690556606745232,0.0,3.322045145607859,1.1864401002501703,0.0,0.0,1.965806983575483,0.0,2.6325982516921336,0.6503596022690714,0.0,0.0,0.3145241257132701,2.3272449769431804,0.0,1.7538591685527174,0.0,0.41721723140399725,0.5192557565789979,2.5401122624266934,3.289978691168862,5.5017588997841536,1.3436003159353462,1.0658311085029324,3.8036939825366476,0.2951939633301645,0.0,17.410305601214183,0.0,0.5890234412452208,0.0,6.9616409627034725,0.0,0.4765831273897191,0.09818602752914293,0.1047402365420999,6.9233739489472335,1.9666280643335619,0.0,0.0,0.6575664799836105,0.008172099468500692,0.0,0.0,2.156214044795835,1.901334349271323,5.51394289824165,0.0,0.0,0.0,0.0,0.5787618734964485,2.879431449342996,0.0,0.0,15.967662485009896,0.0,0.0,0.1862226007729575,0.4765448959088845,0.0,0.8516518803223142,4.228707805029347,6.848781966745237,34.1293813685862,58.22827026304171,0.0,0.0,0.0,0.0,0.0,0.0,0.0,0.0,0.0,0.0,0.0,0.0,1.0509615848108338,0.8122267403513681,0.0,0.0,0.07899622423551059,17.97961798427708,0.0,1.7666532654819855,0.0
deg1,2,2,0.0,1.0868460246158398,5.45607364800763,1.054744112899675,1.541379089257348,0.0,9.703602278012855,1.7451672059035366,1.1001838852947208,2.2020769012952237,6.972487533579364,2.771706975363688,1.148941689753759,0.6042835189105626,0.1926876703575181,0.09698290632909173,0.0,0.0,0.0,0.6872760173035484,5.931319959897946,2.9138599743790214,1.2042715085344144,0.016481666376909947,0.0,3.9044244460754296,1.101239376278555,0.8564430751649393,7.553147243655285,9.665608542035363,1.0489521300181943,0.15398016164492093,0.0,0.0,0.0,0.00019680020663237816,0.128285146615268,0.0,3.3145829572932772,1.2398768334684789,0.0,0.0,1.9666162698994143,0.0,3.216735250418986,0.6665508476437545,0.0,0.6389972543224022,0.3536805620229315,2.065405993110703,0.0,2.0518210162011656,0.0,0.4098044665724078,0.7744522245758418,2.528888281615717,3.281426005072738,6.234547857807636,1.3543177615401993,1.0852124762354982,3.853479454466156,0.29183054884382886,0.0,6.194972693367998,0.09288904117169429,0.7086963399123729,1.8233191120169505,6.785371050898842,0.0,0.4815831119929235,0.09824338773761365,0.105145154438332,7.334770410956019,1.9638575710199657,0.0,0.0,0.658903802079673,0.0008190152104630561,0.0,0.0,2.0485947515834515,1.9231834472533922,5.435701922071822,0.0,0.0,0.0,0.0031266065145763803,0.5907854147711722,3.1211267888351983,0.0,0.0,5.3771827312023746,0.0,0.0,0.18326080147950383,0.4137060430600441,0.0,1.7691631035016737,4.21334438428966,6.708729946764519,30.96246026723759,14.789175403537156,0.0,0.0,0.0,0.0,0.0,0.0,0.0,0.0,0.0,0.0,0.0,0.0,1.0658131360165461,0.8286914708146801,0.0,0.0,0.07912494857030572,15.494851858114016,0.0,2.3546537188506034,0.0
deg1,2,3,1.8877207230249673,3.1034495620496427,1.868560731015553,0.9164177695295922,2.9595977517196226,0.8998679687823341,4.006713926679304,2.212095801335913,0.9574852373826742,1.0006439384340833,2.4411290089167,1.7111019409201387,1.0907159505144601,0.6074377876527934,0.18897812726221377,0.140181910460191,0.8377329013105073,0.0,0.0,0.6522005819836701,3.2941185435527056,3.692536221140875,1.244377978666951,0.10339868078736743,2.162954029905346,3.4044207628146497,1.1373348197886988,1.088019549992731,4.58830295703533,8.605755134885714,1.04869013861085,0.1477557338164996,0.0,0.0,0.0,0.00019136921766691728,0.1845363672467206,0.0,3.24771230567075,1.332330740310214,0.0,0.0,1.807317272466248,0.1276251240583795,1.6685062960406327,0.744424577348311,0.15778959789157948,1.2178339138144012,0.4996778022146501,1.373392382307789,0.5794070998011825,2.3095664705737287,0.0,0.3770318511864747,0.8368196620260395,2.4273083857920454,3.183398500891175,5.712247029004733,1.4407344846697814,1.1458026907030359,2.4711712636530465,0.2747921955626847,0.0,1.588983749259498,0.6905762587204837,0.8048729038139568,1.758161088439254,5.381034223370557,0.4417623235604684,0.4846190570477413,0.09857898479826566,0.1069002167162055,3.4686225802264166,1.914894851861914,0.0,2.06280606860622,0.6782111335773997,0.0,0.0,0.0,1.7106921485062518,1.7959994683797391,4.473825902175342,0.0,0.0,0.3430333827285665,0.02499707900722208,0.6135367931893067,3.8989669307752197,0.0,0.7618784421758898,1.9330890195691341,0.0,0.0,0.17172689306102054,0.4404683482013343,0.0,1.8245233151796922,4.1260461206965715,6.490929826320743,15.686726752809399,2.7658701283785447,0.0,0.6908673409042393,0.0,2.2498554599816836,0.0,0.0,0.0,0.0,0.0,0.0,0.0,0.0,1.1207026396369855,0.8804064715185949,0.0,0.0,0.07949126464247572,6.918457137348938,0.0,3.8111238731653914,0.0
deg1,2,4,1.7421757271341123,1.9976667713900789,1.1307544730864165,0.981189534694602,2.108709602833373,2.766210441990306,1.8678230402646316,2.14953323916213,0.9870827936934454,0.9313649554495781,1.3541266954254345,1.46870883518813,1.4183999970011982,0.7813905963745152,0.21510324451516386,0.2215604024462539,1.3666801019126944,1.6304350449908385,0.0,0.7164929439746273,1.8046331104736901,3.121794207392007,1.217058473924906,0.23951480535617795,1.7909347870208594,2.8810011826642166,1.2212329848365622,1.6500031710661294,2.3937318202054416,5.090996481728397,1.096626312948304,0.09296460071810073,0.4944151579280294,0.6435999852458779,0.0,3.295026611514554e-05,0.33676047908627876,0.6863562353762955,2.7046089978803685,1.1768640547389477,0.7404779770381488,0.8323033707541132,1.1864647839246565,0.8365104186026562,1.2167688071325027,0.8974241053775167,0.8893132583735072,1.0874283473694832,0.7339342790257996,1.0198903271950488,1.0979849879855752,2.076535152366628,0.0,0.4053443369480408,1.4972511904192403,1.8233203894075467,2.411787203639532,3.0591510580262073,1.6167444136752815,1.0731912022176635,1.928814114302499,0.39290563725861993,0.03436531819643611,1.049340391318564,0.9537296304404433,0.9370484800268906,1.2061140197930764,2.2787161133008924,1.118163116896888,0.48839754737703334,0.09918192428631599,0.10829330878204352,1.864159508736891,1.4696397873598184,0.26628037440777624,2.4116384486419715,0.8225360268197652,0.14582795542868127,0.9654728309516958,0.7060734007571557,1.7141861518520138,1.229828600409748,2.070717068601336,0.8783945366120101,0.3895830657000018,0.7518921753448867,0.07865603147410019,0.662581494678756,2.708108736376895,0.7391225818231613,1.1617429595362734,1.288981613579168,0.16038662923761682,1.12868792173242,0.16015243484057887,0.7381374272441948,0.250089484705221,1.9344026217900072,3.8750067748371646,4.952189843775683,3.432339286048771,1.2091900081347666,0.0,1.0279051978281881,0.3588239883041153,1.7351962499294908,0.2098699933498003,0.0,0.15956831243886774,0.0,0.0,0.19784581921817726,0.0,0.0,0.9074100956842037,0.8840818217007558,0.0,0.0,0.07968133486159534,2.2685894054529605,0.0,3.264485708642253,0.0
interval1800-2200,1,,0.0,0.0,0.0,0.0,0.0,0.0,0.0,0.0,0.0,0.0,0.0,0.0,0.3049582976980168,0.468481859096238,0.0,0.0,0.0,0.0,0.0,0.6414556991057596,0.0,0.0,0.0,0.0,0.0,0.0,0.0,0.0,16.30134568001106,10.676127343512373,1.7357247081933813,0.3784115985145709,0.2199404826912485,0.0,0.008746518524641958,0.0,0.060002222521005524,0.0,3.2957095266569163,1.866906577321989,0.0,0.0,2.0753566120516758,0.4586505484268051,0.0,0.0,0.0,0.0,0.40360403570315295,0.0,0.0,21.436215946632625,2.277111107662985,2.700391324770338,0.0,2.6853293243789382,1.5558519632123888,0.0,0.18250924686317532,0.0,0.0,0.24077722867706844,0.017231794834546732,0.0,0.0,0.0,0.0,0.0,0.0,6.343566171953253,0.0,0.0,0.0,0.0,0.0,0.8993713134077527,0.39962218963181995,0.12649882902467308,0.0,0.0,0.0,0.0,0.0,0.0,0.0,3.001660348716219,0.012537285327604333,0.8612529629954928,1.0559112184729675,0.02284092656832056,0.0,0.0,0.0,0.0,0.0,0.0,0.0,0.0,4.278908420508411,1.6723422551468614,0.0,0.0,0.0,0.0,0.0,0.0,1.5284361820847858,0.1997397799623864,0.4310323369149775,0.3047627013856698,0.0,0.0,0.0,0.0,0.0,0.0,0.0,0.24528678437964999,0.07207956311029834,7.042444258671793,0.0,0.0,0.0
interval1800-2200,1,0,1.4694475520708692,1.1615728263708678,1.0,1.011345365092883,1.293211285570366,1.179589640512009,1.109550564716199,1.1606702405872844,1.0,1.0,1.0,1.0,2.002838112133197,2.107173076906553,0.05588471501155156,0.0,1.064620486485991,0.5877525678685164,0.0,0.46371674602419954,1.0,1.0,1.0,1.0,1.1306443930040908,1.1662778623059489,0.6108381289423175,0.3898210543770685,1.4870226582075214,1.804709572033865,1.4198174710797473,0.83686853122502,0.5664101915926028,0.6690201882234292,0.02656699894308867,0.41222863069631543,0.13183234722862225,0.07758217042954171,2.5246622599968105,1.249997653962307,1.0,0.9999999999999999,1.2272567162411645,0.8858683648335451,0.8850196389632751,1.0,1.0,1.0,0.46406973197237106,0.8716427520064132,0.7216389557300743,2.276571176957806,1.1375210351292355,1.6946075688060975,1.1065119535323715,1.949846145503082,1.2844366406642855,1.1887339573542655,0.9922966239280241,0.6944401248482399,1.818006401987409,0.46588104784796924,0.2384259095434901,1.0,1.0,1.0,0.9999999999999999,1.0,0.9999999999999999,2.4694901605858948,0.15599657793082505,0.10065204456151869,1.3634561662337197,0.8756636109766126,0.5347241013230712,2.2020802861733193,0.5408485823405876,0.18269636097375996,0.723542619962463,0.7556845426367649,1.4120604863093853,0.96567235059647,0.981407808964836,0.9307075838957736,0.8934240521820643,0.9045692531960314,0.08056913118815505,0.8372792911485624,1.247160277184047,0.8534248550672481,0.9196767240713714,1.0469132707009052,0.12025161033972367,0.7710664202108853,0.0,1.8231447898250015,0.4687877291159397,1.8015754095980938,2.980500639062651,4.508503754443926,0.9999999999999999,1.0,1.0,1.0,0.7275543099484396,1.280284863617722,0.7635559955495048,0.3890319628638944,0.48860072234358093,0.27255363937612054,0.3891628154705388,0.2532910937416337,0.0,0.0,0.29798745203425303,0.0,0.08755554833276158,0.12665829653637228,0.07285250834444887,1.047777080157664,0.4906782296810359,0.5508454175669445,0.9180798932796015
interval1800-2200,1,1,1.1209507603331108,1.0309223539322692,0.9999999999999999,1.008348070351699,1.0982144809613206,1.1696414276371385,1.0262471524273304,1.0499106101206073,1.0,1.0,0.9999999999999999,0.9999999999999999,1.2614961676411016,1.4737285595734064,0.24875878206099353,0.06982905790973533,1.0718928259441605,1.1039242914455778,0.42824980778658606,0.40704604417773044,1.0,1.0,0.9999999999999999,1.0,1.0347462067009117,1.0655810668821484,0.8579639668818307,0.8331746064744472,1.1020351855020878,1.1960017560478726,0.8490833376196308,0.7856660189503792,0.9218583253348556,0.9446570685007971,0.488951896841366,0.8199709675793251,0.5314931172705893,0.7595835948566021,1.3652127804125282,1.0301549837198836,1.0,1.0,0.9873086546666294,0.9501906572090527,1.0240089267132508,1.0,1.0000000000000002,1.0,0.7962286152571207,0.9297626209572822,1.070496195467265,1.4609044701286251,0.8419373315346592,0.9244011887221905,1.2059656165911707,1.1344857438539242,0.9393512215658867,1.1064590179208076,0.9658621296441708,0.8901045181155298,1.3576928485419717,0.6197767656416782,0.46408103740852596,1.0,1.0,1.0,1.0,0.9999999999999999,0.9999999999999999,1.4558538315565837,0.4483168451428158,0.34747282063170015,1.1522053135914772,0.9237287532562363,0.8642589408058334,1.5114583528666714,0.639349258484942,0.31094251330658185,1.084194116813986,1.0271355583020145,1.1502827477708018,1.082297172906381,1.0244465101598894,1.0075211545072704,1.006606196419508,1.0073083397927087,0.2494911134126432,1.252914630066519,1.1268210522648083,1.0318140867094172,1.0130579114869072,1.042742851138149,0.932801804791707,1.0938154807219125,0.31004341441611444,1.6480303088843269,0.922435466958343,1.3999771795365668,1.6396107535468443,2.3005307984325696,1.0,0.9999999999999999,0.9999999999999999,1.0,1.0298203089504017,1.1512354742829398,0.6669550925714505,0.46482663961149745,0.60804126794264,0.3939397624367555,0.6814411696631794,0.5451394878794245,0.3740999062999399,0.20522210393203846,0.565550919472929,0.34678330129169693,0.27930965581830625,0.06238365056647706,0.07335940859387162,0.9834005648296833,0.9021981135806154,0.8775980702948077,0.9772645960772287
interval1800-2200,1,2,1.0134219871274734,1.0033624394600111,1.0,1.0009794935925258,1.0111847213623906,1.0298299552273111,1.0028941686437072,1.007605692018994,1.0,1.0,1.0000000000000002,1.0,1.0287452439066165,1.0734255462324327,0.6113744798277839,0.16333470419364984,1.0085308751269186,1.0234732192008182,0.8083615866966021,0.49515319350188575,1.0000000000000002,1.0,1.0,1.0,1.0038689564321186,1.0104658239707607,0.944058234281069,0.8758107015412212,1.011183792857569,1.0281904986926982,0.8913609600867058,0.7079416577809289,0.9914290046793974,0.9923806003741352,0.915091876291923,0.9722154777403798,0.9203154488078795,0.9635173731192649,1.0401940393762608,0.9992600038223356,1.0,1.0000000000000002,0.9953356548362986,0.9917329062988931,1.0049743592081608,1.0,1.0,1.0,0.9708169831568304,0.9867348519446174,1.014343004563258,1.0548737487446598,0.8748510184245447,0.8301019709461734,1.0212006188537468,0.9523353312944259,0.8942661034877496,1.010927757899948,0.9539406215836448,0.9174579949995045,1.0438753142847879,0.7919278567864927,0.6827893500778428,1.0000000000000002,1.0000000000000002,0.9999999999999998,1.0,1.0,1.0,1.0567515269056027,0.7519230849439758,0.6330785221069862,1.0173154829934465,0.9487212762495203,0.9158675440441443,1.0630506578186636,0.743347531098573,0.5704081247425319,0.9793820291550192,1.0216821483654546,0.9840823892145153,1.0374688584435832,0.9921978596916239,1.0060344579931357,0.9939967163004453,1.0069356276904853,0.3693209807049957,1.1952397337445635,0.9881463006262925,1.0204431196968002,0.9920210754376689,1.0047106932827585,0.9800335499437441,1.0076805133888211,0.6927146272290297,1.0760125065352324,0.9223784514760731,1.048815810048803,0.9381917069513215,1.154599372805871,1.0,1.0,1.0,1.0,0.981306615967127,1.0170112559220592,0.8944655711995484,0.7568015557487621,0.8814748048550431,0.730322415822995,0.9085699587747322,0.8088821905138701,0.8329220384381167,0.6722497025137681,0.8723121505761787,0.7161733932393154,0.7856587744261851,0.5498248861822593,0.07029027127074607,0.9756056058734163,0.9348542087000762,0.9080707793224516,0.9780809488302578
interval1800-2200,1,3,1.0010208036260984,1.000280048409289,1.0000000000000004,1.0000645768288214,1.0008208445533753,1.0030830414324194,1.0002227065072538,1.0007798877626315,1.0000000000000002,1.0000000000000004,1.0000000000000002,1.0000000000000002,1.0021808090902247,1.007538814856788,0.9311176991944207,0.6162683932390951,1.000563767807748,1.002451108483153,0.9691394092799103,0.814980703585705,1.0000000000000002,1.0000000000000004,1.0000000000000004,1.0000000000000002,1.0002901626463383,1.0010759611932372,0.9905342576641294,0.9499396733222772,1.0009044966656655,1.0028818797320298,0.980356272095443,0.8643084394297774,0.9990525377155101,0.9990779926369513,0.990679644955416,0.9967189362350687,0.9912539408155214,0.995767750993554,1.0037907456983224,0.9994466149633173,1.0000000000000002,1.0000000000000002,0.9994102935409173,0.9990074585867624,1.000482961614948,1.0000000000000004,1.0000000000000002,1.0000000000000002,0.9967577157975048,0.9982958510381776,1.0014196267133817,0.9983137250677208,0.9722063498506123,0.947795172736576,0.9969750110731576,0.9858929229464373,0.9670547978446947,0.9985976025039168,0.9892081129842961,0.9771212595275175,0.9989917288225924,0.9558356223201522,0.9157101719939004,1.0000000000000004,1.0000000000000002,1.0000000000000002,1.0000000000000002,1.0000000000000004,1.0000000000000002,1.0000307415609782,0.9496042735906762,0.9053624649993621,0.998940453196555,0.9887619918102415,0.9772753567040916,0.9991881628027928,0.9425952549656977,0.8860893932476016,0.9800409641089801,1.003047781419881,0.9812259451773563,1.0051095545340287,0.9935689565287014,1.000850059201648,0.9954788645720268,1.0009783746810297,0.6701558525465522,1.0281679716850374,0.9840076361819622,1.0028526723997782,0.9939700862555809,0.9995143670591001,0.9888095583790127,0.9972292668331476,0.8768463106141621,0.9935592532725644,0.9569188657328186,0.9986455341290426,0.9190774350458611,0.9950662067281111,1.0000000000000004,1.0000000000000004,1.0000000000000002,1.0000000000000002,0.9837732765220123,0.9988042121221227,0.9788807755042304,0.9466101524758386,0.9756818870171996,0.939220048327828,0.981499870651856,0.9568709793557254,0.9703681799363221,0.933786368716858,0.9747398115571037,0.9378094897832424,0.9598031544170178,0.9045110498786306,0.061544753993677266,0.9893018978494599,0.9719369838443355,0.9625571240639146,0.9900223877357611
interval1800-2200,1,4,1.0000823805146895,1.0000240977758268,1.0,1.00000415596763,1.0000636005460195,1.0003058816221988,1.0000180144145119,1.0000774491837576,1.0000000000000002,1.0000000000000002,0.9999999999999999,1.0,1.0001770464735766,1.0007489706146648,0.9923297982678663,0.9320121279422818,1.0000358403712224,1.000242495988752,0.9965824394264217,0.9663066561823116,0.9999999999999999,1.0000000000000002,0.9999999999999999,0.9999999999999999,1.0000233796931468,1.000106854931215,0.9989519894006255,0.9912684574694397,1.0000770652777844,1.0002864436541807,0.9977975000276849,0.9756383220336875,0.9998971648216236,0.9998992806433736,0.9990380012117552,0.9996459450099435,0.9991047876471609,0.999551301272601,1.0003698047585685,0.9999240206979759,1.0000000000000002,1.0,0.9999350740790159,0.9998929239189912,1.000038713274869,1.0,1.0000000000000002,1.0,0.9996647799179579,0.9998138852641152,1.0001184127371372,0.9990310701168116,0.9967099848997462,0.9928440880777343,0.9991707458326824,0.9982758553783616,0.9954792646120249,0.999586913089274,0.9987154331384994,0.9969485731480724,0.9992808277062587,0.994808371393788,0.9888010099556519,1.0,1.0000000000000002,1.0,1.0,1.0000000000000002,1.0,0.9993519269539747,0.9941206522762479,0.9875458376722023,0.9995984263940598,0.9986740332725305,0.9969771346689906,0.9990968381455486,0.993218856107392,0.9849625021968095,0.9965987158141012,1.0003097237282599,0.996763310033541,1.0005190813845244,0.9989128237786755,1.0000864826463163,0.9992395953677269,1.0000994808421286,0.9455318177406005,1.0028684142249247,0.9972350403328483,1.0002897896987957,0.9989835792901051,0.9998484412671219,0.9981697796329662,0.9994094924355215,0.9804947142686693,0.9978377849309583,0.992911369184429,0.9991566070091961,0.9859952655730839,0.9972280483879489,1.0000000000000002,1.0,1.0000000000000002,1.0000000000000002,0.9972513253651283,0.9995728448920345,0.9969750093078883,0.9922751141628153,0.996460115255215,0.9909976768623425,0.9973261821958757,0.9936142029151032,0.9960956559144255,0.9911761500150377,0.9964024969956721,0.990993122456082,0.9944544066593408,0.9866270913748759,0.09860616646845143,0.9980968890286991,0.9950461638737493,0.9934328703459123,0.9982572674365386
interval1800-2200,2,,0.0,3.8076568218484943,0.0,0.0,0.0,0.0,0.0,0.0,0.0,0.0,0.0,0.0,0.28699468323445754,0.39986412482913597,0.0,0.34635667152579824,0.0,0.0,0.0,1.1587893670099347,0.0,0.0,0.0,0.0,0.0,0.0,0.0,0.0,15.05677924337695,11.707853268154334,1.7921520581427521,0.0,0.2776005084607986,0.0,0.016766210099800265,0.0,0.05861495837579415,0.0,4.0680342145591135,2.1793544321980396,0.0,0.0,2.1631432462637816,0.0,0.0,0.0,0.0,0.0,0.4120319939973663,0.0,0.0,17.87719365403384,2.282712962195756,2.8580525043683673,0.0,2.7087817171089092,1.3404772003166263,0.0,0.20060543771523068,0.05388449427798261,0.0,0.24215256382504677,0.19008541616393987,0.0,0.0,0.0,0.0,0.0,0.0,0.0,0.0,0.0,0.0,0.0,0.0,11.677347381064246,0.4060214269284242,0.058972110424580386,0.0,0.0,0.0,1.1151140272324034,0.0,0.0,0.0,0.0,0.0,0.9202590598875079,1.000705588114459,0.0,0.0,0.0,0.0,0.0,0.0,0.0,0.04108693470055929,0.0,4.434723686018456,0.0,0.0,0.0,0.0,0.0,0.0,0.0,0.0,0.0,1.5009149781144735,0.0,0.0,0.0,0.0,0.0,0.0,0.12603530864573798,0.0,0.0,0.0821964544222111,7.193594229830805,0.0,0.0,0.0
interval1800-2200,2,0,0.0,4.196098800887036,1.0,0.0,0.0,0.0,0.0,0.0,0.9999999999999999,1.0,1.0,1.0,0.8460708180778488,0.3666085919576399,0.0,0.34981281314380186,0.0,0.0,0.0,1.1595320120058896,1.0,1.0,1.0,1.0,0.0,0.0,0.0,0.0,13.114136206836562,11.819652039288849,1.7967873084355488,0.0,0.27889878617161473,0.0,0.016998369837517006,0.0,0.05937296711165157,0.0,4.067035984997089,2.172535935899433,1.0,1.0,2.1588877141434257,0.0,0.0,1.0,1.0,1.0,0.4130764701297318,0.0,0.0,17.672269436049238,2.2794712748033383,2.859381856175121,0.0,2.707172010470632,1.341093362906612,0.0,0.20465472066681362,0.054492501476051905,0.0,0.24312703246820375,0.19012856078718215,1.0,0.9999999999999999,0.9999999999999999,1.0,0.9999999999999999,1.0,0.049546631979119925,0.0,0.0,0.0,0.0,0.0,11.778842339340596,0.40644724018708733,0.05830415229094268,0.0,0.0,0.0,1.1332672671944244,0.0,0.0,0.0,0.0,0.0,0.9195210932947683,1.0024162063469642,0.0,0.0,0.0,0.0,0.0,0.0,0.0,0.04185111621691025,0.0,4.433591652132546,0.0,0.9999999999999999,1.0,1.0,1.0,0.0,0.0,0.0,0.0,1.5013901603518938,0.0,0.0,0.0,0.0,0.0,0.0,0.12756799733217383,0.0,0.0,0.08219349377815764,7.108129114703878,0.0,0.0,0.0
interval1800-2200,2,1,1.564809693168089,2.880419315237819,0.9999999999999999,0.18321770207845245,0.0,0.0,1.4591472487112143,1.3169044260304692,0.9999999999999999,0.9999999999999999,1.0,1.0000000000000002,2.03640052992542,0.542041206244476,0.0,0.378795366428913,0.0,0.0,0.0,1.1946719476695224,1.0000000000000002,1.0000000000000002,1.0,1.0000000000000002,1.255874169297754,0.0,0.0,0.0,6.291855599111064,10.89171389955407,1.802805253880112,0.0,0.2754987361825055,0.0,0.010595547581001064,0.0,0.0599768530606037,0.0,4.058984266923422,2.0872968449940625,0.9999999999999999,1.0,2.0960883113144235,0.2380390716317932,0.0,0.9999999999999999,1.0,0.9999999999999999,0.41318160643523577,0.0,0.0,14.377271400218323,2.250266159242637,2.854303068478447,0.0,2.6925152352826793,1.3422399181172364,1.0383454347010124,0.2416290884298853,0.073097241066442,0.0,0.25151392651235066,0.1927369819520195,1.0,0.9999999999999999,1.0,0.9999999999999999,0.9999999999999999,1.0,2.7244029035058834,0.0,0.0,0.0,0.0,0.0,11.924184303624402,0.41064806630210693,0.055426573797602095,0.0,0.0,0.0,1.30322294004155,0.0,0.0,0.0,0.44657816588782245,0.0,0.8913659935987417,1.0293864795031102,0.0,0.0,0.0,0.0,0.0,0.0,0.0,0.04957616286630676,0.0,4.420264283778788,0.023891941808171138,1.0,1.0,1.0,1.0,0.0,0.0,0.0,0.0,1.5037937653299773,0.0,0.0,0.0,0.0,0.0,0.0,0.14244789054095122,0.0,0.0,0.08211970693167019,5.973853128882016,0.0,0.0,0.0
interval1800-2200,2,2,1.981278602334265,1.5338632992071195,1.0,0.9557304547893853,1.2373024244056843,0.6164254706944372,1.2644194709625503,1.7482738279400507,1.0,1.0,1.0,1.0000000000000002,2.385752400805209,1.7742305819171973,0.0,0.42458194320182246,0.042083142465780134,0.0,0.0,1.286553411217509,1.0,1.0,1.0000000000000004,1.0,1.2501434448116753,1.5250864597726967,0.0,0.0,2.4695823552631477,5.407149425707626,1.835159823077758,0.0,0.3698200274952586,0.047295331045348186,0.0,0.078735997881801,0.06709079398933535,0.0,3.926107270520732,1.6344074354333478,1.0,1.0,1.7219176394474325,0.8181101427858172,0.4984874776726719,1.0,1.0,1.0,0.3988247832119755,0.492894652973268,0.0,3.8592827172883015,1.8922499019816228,2.663969347220113,0.0,2.545115818119865,1.3112205477688224,1.461247605826873,0.5539154709545093,0.25675723581050147,1.6042937784312734,0.32270637641441713,0.239833582317981,1.0,0.9999999999999998,1.0,1.0000000000000002,1.0,1.0,3.0084174901403555,0.0064183038802114725,0.0,0.0,0.3184730635494476,0.0,5.97113009988964,0.4437800930711246,0.08552080598287123,0.0,0.0351110351750301,0.0679159934653104,1.152867243038575,0.24924679055107743,0.5921293549613013,0.0,0.823037827152633,0.0,0.8736139210497259,1.1532414706284135,0.34326250975041844,0.0,0.10936687411500784,0.0,0.0,0.0,0.0,0.15314709348669947,0.0,4.325084579264712,5.311106063658072,1.0,0.9999999999999998,1.0,1.0,0.0,0.3784841913962416,0.08317179614244459,0.0,1.4517403150590438,0.0,0.0,0.0,0.0,0.0,0.0,0.1669541254116707,0.0,0.0,0.08214080558863868,2.329255740115215,0.0,0.0,0.0
interval1800-2200,2,3,1.3640573876542297,1.1202842675473408,1.0000000000000002,1.0133682489452551,1.2310190301477568,1.291699056198434,1.0829680901300378,1.2010391104771134,1.0000000000000004,1.0000000000000002,1.0000000000000004,1.0000000000000002,1.735417682244975,2.2912252619528224,0.13992137748542158,0.516335994296717,1.0718154571761147,0.6913630117020987,0.11658260617838254,1.2949645946656934,1.0000000000000002,1.0000000000000004,1.0000000000000002,1.0000000000000002,1.099202812601928,1.2038752763252694,0.7590343713011463,0.0,1.3626290993315135,1.9658609383767713,1.1159170947728039,0.0,0.7250169630754957,0.8202673248627685,0.11246054302732006,0.5895987182762722,0.20468039918020822,0.3618806657835119,2.9543230436857555,1.256253850809301,1.0000000000000004,1.0000000000000002,1.0959155329365853,0.9051322064416428,1.0380236109003518,1.0000000000000002,1.0000000000000004,1.0000000000000004,0.551405503368036,0.9011238287906138,1.113503999109515,2.379181567751794,1.092123999457995,1.6054724798929187,0.7460915848782527,1.8774242613977157,1.1211083449288797,1.3216458583824098,1.0118544187723837,0.8845557099613263,1.9011542384060525,0.49036396685772105,0.4116601561153349,1.0000000000000002,1.0000000000000002,1.0000000000000002,1.0000000000000002,1.0000000000000004,1.0000000000000002,2.279945732903083,0.17900370614102837,0.23232811864073374,0.9652244991657472,0.889555777959297,0.466294827175813,2.8219127546704046,0.5652073980572859,0.13276549750256067,0.5985160053677152,0.8649125845562982,1.3310916932845844,1.1173382833055523,0.9440578231717636,0.9599440722305811,0.8493984955050863,0.9623136655464793,0.035185663956854914,0.9483647844868708,1.2705689614338807,0.9353515060128684,0.8790321713232673,1.0300639786516872,0.0,0.0,0.0,0.43030608066476794,0.5207941162617186,1.6229144256727108,3.3195011524805804,4.5409259035442,1.0000000000000002,1.0000000000000002,1.0000000000000004,1.0000000000000002,0.7622061018512807,1.3215408438833747,0.582619832228378,0.19126564684365238,1.0932009315197257,0.0,0.0,0.0,0.0,0.0,0.0,0.1310985956509472,0.0,0.0,0.08235730725874643,1.2000839013233755,0.0,0.10656826426377362,0.0
interval1800-2200,2,4,1.081603434388076,1.0214034643133802,0.9999999999999999,1.0055175197894541,1.0642400738439064,1.2101807697936713,1.0177428867033678,1.0621391654576553,0.9999999999999999,1.0,1.0,1.0,1.1755495572357777,1.5889294925959565,0.3280345314402843,0.5149977081048746,1.0453048355793206,1.1357422673600241,0.5853557143962094,1.1421232328120448,1.0000000000000002,1.0000000000000002,1.0000000000000002,1.0000000000000002,1.0232983372447733,1.0807926023087189,0.8889429744408102,0.5052108385912276,1.0695189380075614,1.2425170405445123,0.8296268490240137,0.0,0.9623575974755236,0.9714089653861923,0.7000476941826068,0.9030093597666862,0.7191818852765041,0.8733367405247353,1.4436023863548404,1.0455106850129852,1.0,1.0000000000000002,0.9888097538002502,0.9739027571963765,1.0285360249249897,1.0,1.0000000000000002,1.0000000000000002,0.8897266669014133,0.9715776794150458,1.0797192303220224,1.3884398254141321,0.8410255534849628,0.9692749309173101,1.1203212278024097,1.096872865299586,0.8787964169755771,1.097534100429345,0.9621387638078556,0.926552740712083,1.2974639926268796,0.6422333587281731,0.5768356022268737,1.0000000000000002,1.0,1.0,1.0,1.0,1.0,1.3617162223271109,0.48896267126489895,0.47156232078961613,1.0823960036303621,0.9254004357870743,0.8688891748714459,1.4843931898642064,0.6489172857995145,0.3256450919876681,1.1170324672747718,1.042310307987892,1.1982315406267834,1.1134582864634293,1.0358879757074133,1.0123152703392855,1.0082132373669472,1.0130831627146935,0.21657406923706352,1.3308178484931363,1.1811334493160945,1.0463269295819722,1.019195670812632,1.031523961829516,0.9086362314185413,0.9669397634712174,0.2513437842443094,1.348170900568401,0.95490775375787,1.3049774917636983,1.8796979391619604,2.071425035907348,1.0,1.0000000000000002,0.9999999999999999,1.0,1.057691452653133,1.1256131311733368,0.6355914235151665,0.38163815359163605,0.6451437075545279,0.16894847529185555,0.5030594014265372,0.36778982282126904,0.0,0.03634863172137748,0.4779129361664118,0.2915582956411039,0.09391512223346955,0.0,0.08301673758919732,1.0069775600540185,0.6835033567127603,0.8695106744332017,0.874504977143128
interval4400-4800,1,,0.775115647868103,9.727329745427259,0.0,0.0,0.45605903757082417,9.662935925935441,6.496236167278008,0.9842183958148497,0.0,0.0,4.24276739632182,0.0,0.0,0.0,0.1167844574713622,0.044966451972654385,0.0,0.0,0.0,0.0,0.0,0.0,0.6233085026486663,0.0006170325482432012,0.8203210864654872,1.2272769424211918,0.7100060839947006,0.6010637601231003,6.439343594758923,4.6012776411277025,1.7046952048436135,0.4416419624990169,0.12469153344861825,0.0,0.0,0.0,0.16170531536004903,0.7628588659348988,1.6741158077537914,0.0,0.0,0.0,2.62411266839085,0.0,0.0,0.0,0.0,0.0,0.0,0.0,0.0,0.0,0.10442202656428247,0.4517130357914828,0.0,0.0,0.0,3.630293171446898,0.0,0.0,0.0,1.3635609526866634,0.0,0.0,0.0,0.0,0.0,0.0,0.0,1.1162302351778626,0.033906258688178814,0.03154896532487994,0.09827831602504479,0.8900503848964271,0.1853357678298106,3.2320228769241313,0.3773809714973737,0.5747381510504226,0.0,0.018542569759220487,0.0,0.0,4.3034902078875374,10.786052865300572,30.90603022208696,2.368154346453528,0.0,0.3630929775310188,0.0,0.0,0.0,25.363422457000965,0.0,0.0,0.005863541915131203,0.7530564057393268,0.0,0.0,4.056444808798997,0.0,0.0,0.0,0.0,0.0,0.0,0.0,2.3457793454209432,0.2693554897903381,0.0,0.0,0.0,0.0,0.0,0.0,0.0,0.4995732022790295,0.0,0.0,0.06586288721781133,21.736088851482663,0.0,0.0,0.0
interval4400-4800,1,0,2.12253045908165,2.1273144710224363,1.0,0.9999999999999999,2.601194521244234,3.411672119492125,2.1492719126635254,2.6533362842686263,0.9999999999999999,1.0,1.4307881505816964,1.62540397401827,1.800692635394673,2.1577268971367958,0.40197658153369253,1.0092636044177534,1.0,1.0,1.0,1.0,1.5597525741517648,1.6958622368579483,0.5687849852761739,0.0,2.316020202172368,2.999480214207923,0.9115253206737325,1.1462931491108312,2.6003176509863644,3.374415454951641,1.5252713005969332,0.48135878239658625,0.5847831405708823,0.7662102732359276,0.0,0.0,0.43411269168823463,0.8517988527724316,1.1459050029319429,0.9554361811805181,1.0,1.0,1.369434466641223,0.9513503548253287,0.7223285336983355,1.0,1.0,1.0,1.0,1.0,1.0,0.9681131159973518,0.11779110339242203,0.36812773828393897,1.0,1.0,1.0,1.4923778863266324,0.0664402767600559,0.13713124230172935,1.058152821201756,1.12674851686135,0.23846288726654913,1.0,1.0,1.0,1.0,1.0,0.9999999999999999,1.3706821800824924,0.041915045350009,0.011539862098574315,1.0836001528282535,0.8489080500109778,0.4400780819675775,1.0773936152461405,0.5264985959436542,0.4099395343827094,1.5689582194401743,1.0613015903873124,1.4660746169855434,1.0647860023983668,1.8059399746298295,1.073934954228414,3.879793918225492,1.1228008741954043,0.021980257037684033,0.4863586787071605,1.0961847665815345,0.9424372235119003,1.1812583167418442,1.0441132093362784,2.036573834674887,0.8682135666862794,0.13381348184538558,0.9290441777342413,1.0,1.0,2.6733617110668635,1.0898913810332476,1.0,1.0,1.0,1.0,1.108003164374517,1.0005113603806823,0.8205873693493491,0.5992302154972506,0.1824641913118206,0.0,0.38558887495703675,0.0,0.07119728577886328,0.056426126629045885,0.49404196966399755,0.4038632686784263,0.286286894752835,0.0,0.06567066079757129,1.2093389175316347,0.7296707551889208,0.4826297196735924,0.7913320913597802
interval4400-4800,1,1,1.2415252881151184,1.249337946976388,0.9999999999999999,1.0,1.3443085375733566,1.7150912394836588,1.235478245836272,1.4563781641638753,1.0,1.0,1.095368502577109,1.2039020867683958,1.1829010173750236,1.3974194304898484,0.837187880147443,0.7291236884720221,0.9999999999999999,1.0,1.0,1.0,1.1333548414214647,1.288892484828134,0.8321979653161327,0.186520827673145,1.2843602262405907,1.5919290665129087,1.0147430271058908,0.8032765434655785,1.3364335247024073,1.6730103474824563,1.1880847108441093,0.49328990901186887,0.9348326705491854,0.9728139588107689,0.0,0.0,0.8477592019890702,0.9694738831814118,1.0161301728236032,0.9920212702920422,1.0,1.0,1.0395343609158239,0.9902493034013803,0.975765278837935,1.0,0.9999999999999999,1.0,1.0,1.0,1.0000000000000002,1.0131495882688768,0.15689496163042832,0.21988002057790051,0.9999999999999999,1.0000000000000002,1.0,1.063514377656725,0.25187650067593453,0.3478753072876495,1.010497259073816,0.8122418495785471,0.4856325996509164,1.0,1.0,0.9999999999999999,1.0000000000000002,0.9999999999999999,1.0,1.0521488037911504,0.04776550471870443,0.0,1.0088741918413082,0.8584214601239246,0.7329715997282623,1.0091744044310564,0.6899416503906519,0.48747363781678377,1.245231176223994,0.9824009285147383,1.1326821171209183,0.982746316615381,1.1113638688028795,0.9989690124041654,1.3423137211079395,0.9993398884538274,0.13981032452390238,0.6081101807770072,1.1511319018187813,0.9707240821327056,1.0558653755185552,1.0044132713563625,1.1844703690193532,0.9944233373338217,0.17571990318359412,0.9597782105598684,1.0,0.9999999999999999,1.2632828085390242,1.0076556004894694,1.0,0.9999999999999999,0.9999999999999999,1.0000000000000002,1.1062559647419696,0.9999051930073407,0.7259884561711424,0.5172907775180925,0.5456753004643867,0.25298252144639904,0.6604477130081212,0.44034946416063947,0.5387731131962572,0.32225865095136685,0.5893357188168401,0.33773173948366664,0.5874173467926239,0.25623867983017895,0.06580914808963471,0.994611129784032,0.8863816686944436,0.8556734250581687,0.9421325306124999
interval4400-4800,1,2,1.0273983854860729,1.0282907010084474,1.0000000000000002,1.0,1.039087343895146,1.0878610584878674,1.0267026795456373,1.055515079219769,1.0,1.0000000000000002,1.0107887371041433,1.0253348429378013,1.0207899752854603,1.0496429814941344,0.9781514273314512,0.7046874991807726,1.0,1.0000000000000002,1.0000000000000002,1.0,1.0152142189180868,1.036710475162154,0.9766415034063254,0.5235356190014091,1.0322749036033505,1.0726686103068594,1.0018882985870101,0.6924214506007247,1.0382415294611258,1.0821961160614533,1.026684761320698,0.5109237480856736,0.9842428181478001,0.9907726086175257,0.0,0.15788994286608607,0.9671425157832729,0.9826901879045161,0.9997049739646837,0.9964274407318985,0.9999999999999998,1.0,0.9973605401524814,0.99367717369066,0.9976763420555795,1.0,1.0000000000000002,1.0,1.0,1.0,1.0,0.9731284270732259,0.4917966253755443,0.5026025866963664,1.0,1.0000000000000002,1.0000000000000002,0.9837756952428159,0.5957955479249538,0.6183875197410242,0.9913903251269142,0.8114275365342822,0.736556235841034,1.0,1.0,1.0,1.0,1.0000000000000002,1.0,0.9329829137977198,0.0741289817742137,0.0,0.991554623738652,0.9028488051976882,0.8748305768546815,0.9922438446060452,0.8126099459329514,0.7569584419325985,0.9891604266553484,0.9888969326804212,0.9892282369840703,0.9869851738193672,0.9952749845832238,0.9961308544524429,1.0232806162081873,0.9958942907499486,0.22311372571250948,0.8497859511016985,0.9864365844289443,0.9878797093464946,0.9967465433541556,0.9969021335487857,0.98595056132086,0.9881655237973518,0.15680547734575914,0.8455170269252779,1.0,1.0,1.0048934843940494,0.9882138145268833,1.0,1.0,1.0,1.0,0.9881211801846627,0.9883774746118914,0.9242413532653422,0.7979536254787672,0.8843208142772736,0.7126400411990217,0.9121824747473687,0.787263982120925,0.8962104843120623,0.7400721561112071,0.8904105628103202,0.7217402780583368,0.896932098699644,0.7327592499328573,0.0629054952095844,0.9725443324383423,0.9141477739919093,0.8956629388915722,0.9651620027055418
interval4400-4800,1,3,1.0025118922940508,1.0025638309555212,1.0000000000000004,1.0000000000000002,1.003598310021371,1.0088635935233692,1.0025021762096158,1.0056053206195035,1.0000000000000002,1.0000000000000004,1.000962031428248,1.0025520919419673,1.0018584552137035,1.005001921914396,0.9952430636345073,0.9193740589931824,1.0000000000000004,1.0000000000000004,1.0000000000000002,1.0000000000000002,1.0013600527597948,1.0036976397119106,0.9958791958932532,0.8861947974461526,1.0029607421375928,1.0073319979435538,0.9970304437612362,0.9027267449045621,1.0035738739195446,1.00829884397525,0.9998769881382993,0.8403035139393248,0.9955394895704063,0.9964665698356762,0.09856241103790547,0.6335388272011968,0.9918883717762921,0.9928383172006312,0.9994930423628638,0.9988381455014744,1.0000000000000002,1.0000000000000002,0.9975439800176973,0.9972925430121384,0.9996390792941915,1.0000000000000002,1.0000000000000002,1.0000000000000002,1.0000000000000002,1.0000000000000002,1.0000000000000004,0.9866966246545998,0.8534684420087879,0.8334311950026122,1.0000000000000002,1.0000000000000004,1.0000000000000002,0.9896553065023704,0.889698410064815,0.8782977359164111,0.996389431368817,0.9307173752145073,0.9026959155569462,1.0000000000000002,1.0000000000000002,1.0000000000000002,1.0000000000000002,1.0000000000000002,1.0000000000000004,0.9761597192711717,0.5470103707631393,0.38509284431295,0.9967694287427561,0.9657403881184775,0.9541000390828057,0.9968088541005768,0.9390123844457715,0.9192106682986644,0.9673305078750581,0.9978137348555844,0.9781148630495136,0.9975671389131282,0.9869724903032104,0.9992230014328718,0.9931371422004154,0.9989471578583142,0.4646518500325849,0.9740250565498817,0.9736260805855753,0.9977963736183627,0.9925571256216454,0.9987517420497474,0.9730270031862952,0.9945904007597213,0.20304292336837942,0.9136920251492182,1.0000000000000002,1.0000000000000004,0.9829142916199805,0.9957131116354853,1.0000000000000002,1.0000000000000002,1.0000000000000004,1.0000000000000002,0.9795886874666698,0.995781345004957,0.986688347978013,0.9625203557771934,0.9802300026094481,0.9477005926832825,0.9850515383415815,0.961522251292197,0.9818200044371312,0.9507370775668691,0.9809777943095767,0.9484296883271297,0.9822978628856296,0.951562417151931,0.05964050372973199,0.9917350186164735,0.9766732477212744,0.9703667779138719,0.9909878551569862
interval4400-4800,1,4,1.0002084635988204,1.0002113104858443,1.0000000000000002,1.0,1.0003042993084494,1.0008754656578154,1.0002196027472878,1.0005550604585947,1.0000000000000002,0.9999999999999999,1.000076239921119,1.000251223406704,1.0001478262674373,1.0004921955361312,0.9992656747465949,0.9875278515817209,1.0,1.0000000000000002,1.0,1.0000000000000002,1.0001104516676886,1.000363094636319,0.999420866357477,0.9845526312803462,1.000247661105674,1.000724342082678,0.9993683187799403,0.9844073721434634,1.0003107565271447,1.0008211572257355,0.9996670415079009,0.9752959453316449,0.999315289615769,0.9992031429783799,0.6380892762583841,0.9135273322435902,0.9987836581444062,0.9983736833514805,0.9999083630741104,0.9997991673603933,1.0,1.0,0.999525669887218,0.9993700391660768,0.9999484978438856,1.0,1.0,1.0,1.0000000000000002,1.0,1.0,0.9975622229790307,0.9781493427027299,0.9639542601975898,0.9999999999999999,1.0000000000000002,1.0,0.9982053611422886,0.9837658229190053,0.973869863474133,0.9993276096429333,0.9891754404580738,0.9797409865323994,1.0,1.0000000000000002,1.0000000000000002,1.0000000000000002,1.0,1.0,0.9959609244278556,0.9262973365517092,0.8698694153005123,0.9994392612436305,0.9946723001751137,0.9904148709735224,0.9994237735773873,0.9906798567896326,0.9835812692124686,0.9893939281455707,0.9997328565257658,0.9932146804082477,0.9997097122302582,0.9958035564454097,0.9999056553374214,0.9967390487739228,0.999862719088405,0.8397165426709963,0.9969342810306746,0.9915202670739168,0.999736262431293,0.9975699560808738,0.9997828575215452,0.9896609323196002,0.9990169870802927,0.6817372734218072,0.9838166492974627,1.0,1.0,0.993975135271715,0.9992726751327567,1.0,1.0000000000000002,1.0000000000000002,1.0000000000000002,0.9930813879869015,0.9992802091904548,0.9982091920463573,0.9948213383761177,0.9974504301033953,0.99302955534021,0.9980577802842721,0.9948466934805126,0.9976894646997221,0.9936949152358151,0.9975224709296667,0.9930897059418521,0.9976900472037656,0.9935144618828697,0.08872520744174245,0.9987009277823878,0.9964279122876828,0.9954236215566737,0.998686487936857
interval4400-4800,2,,0.0,11.20623642211509,0.0,0.0,0.0,9.490157825762301,7.671654984664413,0.38429851532910514,0.0,0.0,3.707602833912832,0.0,0.0,0.0,0.07455743712812035,0.0,0.0,0.0,0.0,0.0,0.0,0.0,0.7616252081362521,0.0,0.4186009940267937,1.3040143597981315,0.7921392339062161,2.058176180481625,5.408271417800917,5.466829247741031,1.6650364520053749,0.0,0.13554293516951857,0.0,0.0,0.0,0.16410745766329313,0.6780843783145685,1.6825276106051301,0.0,0.0,0.0,2.6548420204988123,0.0,0.0,0.0,0.0,0.0,0.0,0.0,0.0,0.0,0.06101603097110871,0.0,0.0,0.0,0.0,0.0,0.0,0.865423252906478,0.0,1.296165887830793,0.0,0.0,0.0,0.0,0.0,0.0,0.0,0.0,0.03342451818966466,0.0,0.0,1.02798407732576,0.0,0.0,0.46301910422211834,0.6364079318784412,0.0,0.0,0.0,0.0,3.710737936929171,21.600561109428128,32.72299760110331,2.0726205827354556,0.0,0.04280523147697973,0.0,0.0,0.0,4.238805434051072,1.5132660878178659,19.50318706468694,0.0,0.599138942480632,0.0,0.0,6.233464986097002,0.0,0.0,0.0,0.0,0.0,0.0,0.0,0.4282848361843198,0.0,0.0,0.0,0.0,0.0,0.0,0.0,1.0222485875678557,0.15066794372941145,0.0,0.0,0.07686275889061531,26.979407495898528,0.0,0.0,0.0
interval4400-4800,2,0,0.0,7.580454050568166,1.0,1.0,3.6247268792473903,9.437688955876816,6.488720357457831,0.5111917945893968,1.0,1.0,3.726923873359079,0.0,0.9212139776959337,0.0,0.06218440350483136,0.0,1.0,1.0,0.9999999999999999,1.0,0.0,0.0,0.7777961807357879,0.0,0.7794809917956642,1.3394472044408918,0.7878358412535861,2.1026852713668385,4.359903976429392,5.397829214949612,1.6700777946324608,0.0,0.13632040733824113,0.0,0.0,0.0,0.1650199837627606,0.6832711739476133,1.6777723031360257,0.0,0.9999999999999999,0.9999999999999999,2.64423349265677,0.0,0.0,1.0,1.0,1.0,1.0,1.0,1.0,0.0,0.061306632821961145,0.0,0.9999999999999999,1.0,1.0,0.0,0.0,0.8691784787366367,0.0,1.2950911210819502,0.0,1.0,1.0,1.0,1.0,1.0,1.0,0.0,0.03348216185866126,0.0,0.0,1.0271586339967569,0.0,0.0,0.46395156675921817,0.6346987549757273,0.0,0.0,0.0,0.8878873367872778,3.730256279249353,17.674190417650543,32.51090158191275,2.345513404179499,0.0,0.07781781193019657,0.0,0.0,0.0,4.997776994379176,1.5662267175587405,19.195989947688787,0.0,0.6050076435151609,0.9999999999999999,1.0,6.254587659496059,0.0,1.0,0.9999999999999999,0.9999999999999999,1.0,0.0,0.0,0.442657397951473,0.0,0.0,0.0,0.0,0.0,0.0,0.0,1.0152111816381013,0.15627328766189105,0.0,0.0,0.07687860506023314,26.401649972349052,0.0,0.0,0.0
interval4400-4800,2,1,2.051136969960492,3.8853775908354753,0.9999999999999999,1.0000000000000002,4.228355176402106,7.148068077458455,4.393257625284941,1.6473016521538575,1.0,1.0,2.1128726203658648,1.68767495353375,2.0190039564509634,0.6372831464901155,0.07419666338562814,0.0,1.0,1.0,0.9999999999999999,1.0,1.2882169700966575,0.0,0.7842574889693262,0.0,2.4571675308922964,2.1266627461072947,0.7891799363861061,2.4228964545712413,4.164449119927434,5.443822405969866,1.6723112150856196,0.0,0.15105234353485333,0.0,0.0,0.0,0.1721309944929256,0.6628767440148412,1.637937005994129,0.0,1.0,1.0,2.5477315551178044,0.257576215936078,0.0,0.9999999999999997,1.0,1.0,0.9999999999999999,1.0,1.0,0.0,0.06364039499299513,0.0,1.0000000000000002,1.0,0.9999999999999999,0.0,0.0,0.898253282567551,0.0,1.2880997803921554,0.0,1.0000000000000002,1.0000000000000002,0.9999999999999997,0.9999999999999997,1.0,1.0000000000000002,0.0,0.03401645810621124,0.0,0.0,1.0158972924998155,0.0,0.0,0.47032444058374706,0.6196768195078568,0.0,0.6529581232996506,0.0,3.391604092438761,3.935062328745129,6.518478710417132,30.575293680801252,2.8018247090515254,0.0,0.16302911280117785,0.0,0.0,0.0,5.034597623228894,1.8989589776943208,17.212476884389282,0.005690021658771772,0.6658891303214275,1.0,1.0,6.440153945860413,0.0,1.0,1.0,0.9999999999999999,0.9999999999999999,0.0,0.0,0.5244565833503183,0.0,0.0,0.0,0.0,0.0,0.0,0.0,0.9842883957115683,0.20102370423594276,0.0,0.0,0.0770029368604626,22.584322439437386,0.0,0.0,0.0
interval4400-4800,2,2,2.712749702118044,2.7665607935779817,1.0,0.9999999999999998,3.569454285160839,4.695326031847603,3.0144928657524366,3.190648277919806,1.0,1.0,1.6715081197192168,1.7303876424295481,2.1104955343801564,1.9946653568890125,0.1580782148430048,0.0,1.0,1.0,1.0,1.0000000000000002,1.703290041727648,0.39201917202982206,0.7228076629168994,0.0,2.959953188434147,3.380178272328183,0.8312249933182511,3.167714892359763,3.6786553923393686,4.9101361505656484,1.655854513366647,0.0,0.2870126240233548,0.20493413367793456,0.0,0.0,0.24179627630134515,0.6803740726125461,1.347865651226744,0.7019266119646596,1.0,1.0,1.9962351055806793,0.8341939964048001,0.2714771914666724,1.0,1.0,1.0,1.0,1.0000000000000002,1.0,1.2206778549452388,0.07854775766100866,0.0,1.0,1.0,1.0,0.0,0.0,1.0408264593094803,3.0327125627803,1.2455598659905172,0.0,1.0,1.0,1.0,1.0,1.0000000000000002,1.0,0.0,0.03828142684233538,0.004160191511853189,0.3268033990200485,0.9388776769892594,0.0,0.6650886273844173,0.5090494947933123,0.5475962552305557,0.0,2.0868754914134473,0.0,2.177692790653822,4.908468922349363,2.063238577984111,19.16893067048149,2.190561626322849,0.0,0.2940789897193249,0.0,1.0506082361040123,0.0,2.1333623556861863,3.1671680429517326,6.9189508201569385,0.07190487683148748,0.8324973767122796,1.0,1.0,7.166147068030035,1.966356330025296,1.0,1.0,1.0,1.0000000000000002,0.0,0.0,0.6201142606196264,0.0,0.0,0.0,0.0,0.0,0.0,0.0,0.9910172987747867,0.30163311654005076,0.0,0.0,0.07744217166149098,7.807414457865953,0.0,1.631143899958322,0.0
interval4400-4800,2,3,1.8380303875224624,1.818239442478418,1.0000000000000002,1.0000000000000002,2.192137029827888,3.862974222654924,1.872570474371523,3.1236069533758806,1.0000000000000002,1.0000000000000002,1.3103972895722595,1.6702912319529455,1.5749319531513222,2.2104745283977896,0.565818626137526,0.29813510109258207,1.0000000000000004,1.0000000000000004,1.0000000000000002,1.0000000000000002,1.39142916333209,1.6171164063993642,0.6784113691457542,0.01452978412125406,1.9829622736986916,3.376768465751708,0.9852792762701421,3.3748980886883877,2.2178032463792645,4.0219610631246105,1.4388822441138565,0.0,0.7594311388374274,0.8880375827923339,0.0,0.0,0.5857971340810908,0.9040502691316703,1.0638368321910823,0.9536867657744738,1.0000000000000004,1.0000000000000002,1.2047483563501158,0.9643106393546853,0.9468367835065229,1.0000000000000004,1.0000000000000002,1.0000000000000004,1.0000000000000002,1.0000000000000002,1.0000000000000004,1.7437790447046995,0.08369810689679222,0.0,1.0000000000000002,1.0000000000000002,1.0000000000000002,0.7972048780557245,0.08580579059095597,1.2916521209743588,1.4139033286828393,1.0321845939210554,0.0,1.0000000000000002,1.0000000000000002,1.0000000000000002,1.0000000000000004,1.0000000000000004,1.0000000000000002,0.010304919684651139,0.046301259081743575,0.0,1.068926546720789,0.8733118963729926,0.20041106569277012,1.1029498308859569,0.6301681771000205,0.44712711761301815,1.8326400000635306,1.3201205384732206,0.7748502806550931,1.3247280635350704,2.376060224963869,1.1729456945308716,5.063771269260037,1.25108591105187,0.0,0.5540255052974136,1.0915585919646613,1.180257229202615,1.0782377099940958,1.1737639346931956,2.7286684242636876,1.9621144021146517,0.22276799482904586,0.9571837500539866,1.0000000000000004,1.0000000000000004,3.792497014574378,1.3033234263277005,1.0000000000000002,1.0000000000000004,1.0000000000000002,1.0000000000000002,0.45572902069490173,0.8315080383080774,0.8058221425945211,0.0,0.0,0.0,0.0,0.0,0.0,0.0,0.9228124070401433,0.4288367741677141,0.0,0.0,0.077723416805467,1.9181206762729681,0.0,1.5989741241083197,0.0
interval4400-4800,2,4,1.1953323418380488,1.1934745660908785,1.0,1.0000000000000002,1.2778914178931522,2.1291088139859333,1.198634137595698,1.8001954389429657,1.0000000000000002,1.0000000000000002,1.0734555247252262,1.2933985894161821,1.139419464920342,1.5599303347235,0.9130850735638536,0.7411099323422197,1.0000000000000002,1.0,1.0000000000000002,1.0000000000000002,1.0979650954271925,1.37997041294435,0.9068868467778182,0.018311142695994456,1.2320141688673911,1.9485420665793134,1.0303018205171162,2.0462362268984555,1.2802151623698357,2.139252812892136,1.1385636458665118,0.40347063037566805,0.9646433081572839,0.9835796026752784,0.0,0.019707678432560376,0.915209237519977,0.9770292422946645,1.0041235328909854,0.9920680068760535,1.0,1.0,1.0163129175044325,0.9919787859872156,0.9937396791778531,1.0,1.0,1.0,1.0,1.0,1.0,1.1542120633904664,0.19273233382530083,0.34482967475427223,1.0,1.0000000000000002,1.0,1.0647491180847313,0.31381485726705993,0.8574241438024949,1.0383152579677657,0.7875136050127332,0.3622908814075519,1.0,1.0000000000000002,1.0,1.0,1.0000000000000002,1.0,0.7375927949153108,0.04723184193821683,0.0,1.0015099474826439,0.8670688798661291,0.7442612805707904,1.0084904957300826,0.727894178806375,0.5823618739022398,1.4085836669675755,1.0136509231204647,1.1391145845349282,0.9997660414767225,1.2541325970665993,1.0072147243826568,1.513404554058702,1.0231642718127207,0.01633468952900242,0.6739509974967179,1.2437058334337325,0.9996253209475738,1.085074680808373,1.0181208256668983,1.3684940948751914,1.145078736802142,0.31750332929608066,0.9955658544572276,1.0000000000000002,1.0,1.4827208302899382,1.0232361176643727,1.0,1.0,1.0,1.0,1.0845875949751425,0.9834508571738033,0.6704742968167516,0.40650867331158247,0.3967484076008268,0.08306696545231468,0.541596982133816,0.3020071251190198,0.23136743892780573,0.19017004146050473,0.6111679460998694,0.38722496264896505,0.10940412931856694,0.0,0.07819635867333585,1.1041890584416207,0.8187780133644068,1.1239959385352412,0.8530168212169176
interval6200-6700,1,,0.9714929001160789,0.0,0.0,0.0,0.0,3.420908400566628,22.799248883019708,0.0,0.0,0.0,0.0,0.0,0.0,1.3832024783282768,0.0,0.0,0.0,0.0,0.0,0.0,0.0,0.0,10.413059119637678,0.0,0.0,2.210598190049237,0.0,0.0,0.0,9.547912363153372,0.0,0.0,0.0,0.0,0.0023369795629318026,0.0,0.0,0.0,0.0,0.0,0.0,0.0,1.1664975556334929,0.0,1.9739898139595364,0.5667612354040332,0.0,0.0,0.0,0.0,0.0,0.0,0.0,0.0,0.0,0.0,0.0,6.546205342011611,1.1447209045031728,1.1077894634305758,0.0,0.0,0.0,0.0,0.0,0.0,0.0,0.0,0.0,0.39245509125651873,0.11366726539646466,0.050456546834635144,0.0,1.789248067108346,0.05641047711103498,0.0,0.0,0.0,0.0,0.0,22.698191765844363,5.100497750049422,0.0,0.0,0.0,1.0787183556897966,0.0,0.429067443338689,0.0,0.0,0.0,0.0,0.0,0.0,0.0,0.0,0.0,0.0,0.0,0.0,4.40155251591107,7.133722572136962,0.0,0.0,0.0,0.0,0.0,0.0,0.0,0.0,0.0,2.0636730764704376,1.1212012657722412,0.6543575211382842,0.8975232387589869,0.0,0.0,0.0,0.06690500439362519,13.093329710677699,0.0,0.0,22.79825585159593
interval6200-6700,1,0,1.3978500516665684,2.736670787039797,1.7713972063713697,1.0,2.6755237281680695,2.5885177665335295,2.9346472748424266,2.224429406702105,1.0,1.0,1.8538423013183514,1.560538947768446,1.3362179339240503,1.3009360659185103,2.1591313892873183,0.47740791619309286,1.0,0.9999999999999999,0.9999999999999999,1.0,1.3935819515450278,1.2427837869536935,2.8782363388753773,2.676228850036921,1.7594571579760494,2.023935336450564,0.4166025582161564,0.0,1.3566852518664614,1.3659950117680437,2.0629920375452193,0.0,0.0,0.0,0.004303320363713699,0.0,0.013248204685987858,0.0,0.0,0.0,0.0,0.0,1.0656700143746045,0.33860809162301275,1.1865633455594355,0.6902245936580682,0.5268191469392861,0.9737536244190805,1.0,1.0,0.9999999999999999,1.0567730161484976,0.0,0.0,1.0,1.0,1.0,3.5315212811633154,1.262466992482399,1.2877793531141992,0.9999999999999999,1.0,1.0,1.0,1.0,1.0,0.9299220498637177,0.0,0.0,0.4008698919420466,0.11431275424334739,0.05194535609812448,1.2956813980531812,1.2553265835479288,0.2990131233031846,1.001880731199415,0.0,0.0,1.2712255802355814,0.7724736267007274,4.555948166278777,1.0604985309248327,1.5624372069216599,0.9832818128873435,0.0,0.7189171078831776,0.1242823192604089,0.692833396427214,2.6064567297327,0.741781091192149,0.8562323622271094,1.0155928169819395,0.0,0.7831613706645077,0.0,0.24346279436715149,1.0,1.0,0.25006573613937827,1.2422086337116809,2.8981942952216815,1.1718993588604885,0.0,0.9123856767847927,0.25803234325641217,1.3237498103247662,0.1893221887250273,0.0,0.13943356153345163,0.09711568541168326,0.5601460339355431,1.7341957554121614,0.9965502580046511,0.9907583007414085,0.624559696374706,0.30421263529461634,0.0,0.0,0.06866301359051204,1.7267181109082939,1.856389738416157,1.476584194634661,1.468882610680108
interval6200-6700,2,,0.0,0.0,0.0,0.0,0.0,0.0,32.9778690251939,0.0,0.0,0.0,0.0,0.0,0.0,0.0,0.0,0.0,0.0,0.0,0.0,0.0,0.0,0.0,18.92064502494389,0.0,0.0,5.995074976009193,0.0,0.0,0.0,7.251823604001217,0.0,0.0,0.0,0.0,0.0,0.0,0.0,0.0,0.0,0.0,0.0,0.0,0.8811703834036021,0.0,12.104777071488057,0.0,0.0,0.0,0.0,0.0,0.0,0.0,2.08089305137014,8.859263379950272,0.0,0.0,0.0,0.0,6.079597468062335,0.0,0.0,0.0,0.0,0.0,0.0,0.0,0.0,0.0,0.0,0.4646129941553642,0.0943637269111398,0.10007597593013477,83.46466606011683,1.052544133244001,0.0,0.0,0.0,0.0,0.0,0.0,44.76208142462865,0.0,0.0,0.0,0.0,0.0,0.0,0.0,0.0,0.0,0.0,0.0,0.0,0.0,0.0,0.0,0.0,0.0,0.0,28.883046843964514,10.89674443209724,63.96100029502246,0.0,0.0,0.0,0.0,0.0,0.0,0.0,0.0,0.0,13.321796962918452,10.873799427019545,0.0,0.0,0.0,0.0,0.0,0.07721906366436385,0.0,0.0,0.0,0.0
interval6200-6700,2,0,0.0,0.0,0.0,1.0,0.0,0.0,32.75893239355795,0.0,1.0,1.0,0.0,0.0,0.0,0.0,0.0,0.0,0.9999999999999999,1.0,1.0,1.0,0.0,0.0,18.90494578004498,0.0,0.0,6.071200319122741,0.0,0.0,0.0,7.0774503690389565,0.0,0.0,0.0,0.0,0.0,0.0,0.0,0.0,0.0,0.0,0.0,0.0,0.8811154337882925,0.0,12.068832628685787,0.0,0.0,0.0,0.9999999999999999,1.0,1.0,0.0,2.0785538324738164,8.862921796761087,1.0,1.0,1.0,0.0,6.079286636789589,0.0,1.0,0.9999999999999999,0.9999999999999999,1.0,1.0,1.0,0.0,0.0,0.0,0.46501638615058266,0.0943639377223732,0.10008157065674166,76.91958866415798,1.057167623120545,0.0,0.0,0.0,0.0,0.0,0.0,44.67083801241817,0.0,0.0,0.0,0.0,0.0,0.0,0.0,0.0,0.0,0.0,0.0,0.0,0.0,0.0,0.0,1.0,1.0,0.0,34.534517292363155,10.96452075265279,60.63413408849915,0.0,0.0,0.0,0.0,0.0,0.0,0.0,0.0,0.0,13.351345635616802,10.763987169066354,0.0,0.0,0.0,0.0,0.0,0.07734530335393856,0.0,0.0,0.0,0.0
nomask,1,,0.0,2.3144993718254105,3.667340313079924,7.538796199151371,0.0,0.0,6.5341030924534005,2.3416397287342425,6.731525848083526,7.565290706678866,10.399487730892961,3.8221666918630883,0.9039538392996906,0.36716914339784107,0.11268383279288918,0.007286471019925501,0.0,0.0,0.0,0.06386413437897065,4.512323904880934,2.8138859230370254,0.8272059768219356,0.07736930804236915,0.0,3.2573095411694823,1.1094295686518911,0.3226985108413637,10.659605116761822,9.222909141443736,1.1878043186933838,0.5227950985497614,0.006645354585589509,0.0,0.0,8.689937709520648e-05,0.13414915462939012,0.0,2.2538668691446913,1.9590601767894797,0.0,0.0,1.9776341733700666,0.0,0.0,0.8677558729449174,0.0,0.0,0.3190424863751144,1.482449296288993,0.0,0.899368724246784,0.0,0.22099538147317696,4.001175529355808,2.5789241579702167,2.352638754391546,2.735460054397065,0.4545326109838758,0.4403263520253626,2.5154915435472454,0.7602076792683234,0.24046303281518872,12.881009866049615,0.0,0.03982079547483192,0.0,0.5955113005319264,0.0,0.406695271101061,0.11257665884263009,0.05201554702292233,9.900489005323095,1.0368849906631552,0.36721398657075327,0.0,0.6657729531576589,0.30285220356504433,0.0,0.0,1.9280351213993057,2.2818529981417957,2.110008897770105,0.0,0.0,1.258387758352222,0.09328329129949693,0.5461020970863236,1.891520180238022,0.0,0.0,0.0,0.7559540092939078,0.0,0.1463093460693631,0.6807495333948477,0.02624687783368746,1.9084568818714063,4.03992652206078,7.44499384604574,5.4872370425131605,4.897260678525322,0.0,0.0,0.0,0.0,0.28441443380333886,0.0,1.1734242462408142,0.38857622810874576,0.0,0.0,0.0,0.0,0.09756316194083867,0.36381831989623953,0.0,0.0,0.06855286667709057,16.942071612828478,0.0,0.3399697293683225,0.0
nomask,1,0,2.000836096818595,3.5425793883621544,1.3732882265770765,0.8950799865044808,2.523842305610221,1.1408720018873602,3.318833247002161,2.5945374905940426,0.9453874694191556,0.9824533149879334,2.131044656005401,1.913164161053724,1.0712220874889409,0.5222620095574283,0.10937174987190942,0.060696346397704576,0.5511504781620366,0.0,0.0,0.10790929727707957,3.6364588277475827,3.764411498285267,0.8682460741207774,0.16039838764929226,2.4719076810763534,3.0704140134593674,1.1034638522120053,0.6110767465293573,5.591944173711502,7.215854369738305,1.2036563268593523,0.4901346633476181,0.06194354364814106,0.0,0.0,8.49307391766135e-05,0.15666877473223767,0.07937320519908116,2.233492904684066,1.796597556517696,0.0,0.0,1.8360285222645774,0.11115458585688119,0.0,0.8334612625297662,0.45773904994666165,0.0,0.3964821729410834,1.2216940318678655,0.0,1.301158061298586,0.0,0.22829500963915747,2.2990377675401983,2.4841377390786414,2.2596652038357674,2.716797490886012,0.4505240097166058,0.42367946516730787,2.3975580421419442,0.7760784511772163,0.24582504344457376,1.3281261199428602,0.49773614126617055,0.6402641288203449,0.17763827627881662,0.6982821810861467,0.0,0.4100471098432784,0.11261214135976738,0.05251847703768837,2.863909254585532,1.0167316852328485,0.4501646681802618,2.50990996852888,0.6794908000070635,0.29704943578053106,0.07145311089880442,0.585981214792287,1.7281306989744725,1.9434195784812625,1.7795698154537762,0.6157780321236321,0.0,1.004160465327318,0.09785061880125552,0.5443388914588575,1.8796543164486705,0.0,0.6267024846755463,1.1815215631189808,0.8762056341528338,0.0,0.14093101947597936,0.67671159240813,0.0820125470281691,2.632677418055127,3.967163600788079,6.906354167222009,2.4956422169247423,1.1030250978554188,0.0,0.49015552166516424,0.07625204400493761,1.49656296905469,0.310019628440147,0.0,0.7975102363946853,0.29297026228956147,0.22792952001780398,0.12104529974817038,0.0,0.0,0.35374738944432743,0.4465429462192659,0.0,0.0,0.06873066768437844,4.087201755795254,0.8951117081156341,1.7933790840179955,1.455184390486088
nomask,1,1,1.9610933735625178,2.3711499246285017,1.0942591673545465,0.9751657884162906,2.3893590498236112,2.5789607774896885,2.007906953783694,2.225770560659548,0.9821121744675568,0.9425677283788199,1.4066423444337208,1.5328617624107703,1.491632829469707,0.7257823862421799,0.13277673389384242,0.12484450153412252,1.4421959753475855,1.229410582466068,0.0,0.23719966281436397,2.0065518082583145,2.6340957526634527,0.9697356682122196,0.2254587965598412,2.044887894771809,2.5517304956710403,1.1567611056553815,0.7853047046943701,2.7226008728264763,3.7150118084369868,1.1973945025036294,0.4285998194190435,0.35199427626921953,0.4278181873878329,0.0,7.902753834491053e-05,0.2368692976234566,0.6148292574539508,1.9678755141091258,1.2812539032775487,0.7903150758872574,0.8484111214864445,1.3006955503623332,0.7994932220433287,0.7451312668353748,0.8874159786724173,0.9070125400330412,0.8590926078166364,0.5991728042179294,0.9946123756495456,0.9850607270807218,1.7691082954609398,0.0,0.24354910411384756,1.893601907697364,1.9869172424425194,1.8570986758798156,1.5833621761228776,0.4430106919704341,0.36651638932014124,2.0604452912226368,0.8490962870640376,0.3246438187841403,1.0441944031405042,0.9277404384286049,0.9071263668443105,0.9136263792286895,0.8820301506772957,0.2707704862998945,0.4130514598433537,0.11222375501306371,0.052516482506093934,1.6405039025118406,0.9376504284586636,0.5883859733192169,2.510277096523947,0.7785208234122801,0.3438790550788495,0.6853401413108204,0.9585203203378845,1.315010472568281,1.3825443655153264,1.1853222853182857,0.9388525526167891,0.48895876333989474,0.8244574712726497,0.11173173015026723,0.6032002187943271,1.3401414398673976,0.8242799104655217,0.9618835499467985,1.1556473312159963,0.8197792686553184,1.1523823054141213,0.13110402231686913,0.8117218887150006,0.7591239160444601,2.2561841022495783,3.431375345695137,5.011568501228913,1.1834432743286458,1.0108020457392304,0.31734861698001166,0.9470646623793929,0.6688401128310671,1.4659055738125377,0.5090546380131763,0.11072079719455778,0.529308677873502,0.26068177556777844,0.5405378740457976,0.3893422980754056,0.0,0.0,0.40971643608264147,0.35013382888437944,0.0,0.0,0.06873340707170132,1.4629528757060555,1.328541984349491,1.5296806938909893,1.198654777755886
nomask,1,2,1.2527078425486764,1.2954754825035246,1.0188777283427644,1.0021622990175372,1.3518218893617586,1.6430565867402476,1.2169456737311322,1.4010952087885113,1.0000605701786573,0.995776602712983,1.0806676830043247,1.1537992655363822,1.253581162008698,1.2804429966173012,0.21447777933052517,0.2184426242793914,1.1546849818105687,1.249821866590941,0.5320215341122946,0.45197558017178247,1.191360244789504,1.3705145297432437,1.0203762621759387,0.435785598394505,1.2384819328042735,1.4663133884732549,1.0779714587957923,0.7558442365766102,1.3475962925402032,1.6474550789083653,0.9916895064289142,0.36711103978080295,0.8600363890305105,0.9293838631906581,0.0,7.33179983658046e-05,0.6727907193648729,0.9172232492582343,1.28538222430645,1.0470486780402888,0.9789671982660715,0.9849009816648734,1.0264036233840657,0.9660711364754219,1.0024774049859273,0.9796385121398195,0.9879164865567861,0.9869352564674919,0.908604141838747,0.9908563985946062,1.0534633371261835,1.34483640393981,0.21385555016447613,0.271091272907473,1.260915161464469,1.224444240182725,1.2145175941786113,1.1180902755472877,0.4947395088373642,0.35028717466968756,1.321871595223535,0.8370860433966395,0.5474355896811233,1.0070208473789029,0.9959434187345407,0.9849268051636031,0.9956445243891564,0.9707761416275185,0.8683375837415223,0.41802629966915766,0.11037547263566456,0.051707307780326,1.1558603234672349,0.875769501888092,0.7494407891213021,1.4479064134949895,0.8502035443569803,0.4935002833656979,1.0218360680636525,1.0112794055100254,1.1389633803773143,1.0996483699769264,1.0205008211353028,0.991186782048454,0.9124772472013377,0.9522171636692593,0.1732449693857355,0.8586979547880118,1.1014279197919,0.9935854350453686,1.0198036714048548,1.0453343760553995,0.9687717238279042,1.1192566007196905,0.11311554077011225,1.1255691219278008,1.3881628060310998,1.3544223699582372,2.2175366800662615,2.0861899395038748,1.0117977855257128,1.001601992863948,0.897964551610009,0.9934135051636005,1.0151313207414896,1.1371173506677879,0.6229927868142575,0.43169547909171063,0.5593344664394493,0.3463717133530827,0.6756492659360472,0.5415091358006037,0.34001600404928634,0.21333966442564586,0.5479308885953875,0.3508308671858828,0.3561846394263279,0.09900099912226523,0.06856318940970306,1.03514713489971,1.0159729185110447,1.0195101348394622,1.015198056290655
nomask,1,3,1.0300665982303066,1.0342586088858068,1.0021829842338434,1.000392603822358,1.0417161627587468,1.0896787142929223,1.0252498741737741,1.052663194355208,1.0000800794093816,1.0001856482052582,1.0092493269909038,1.0194141093107913,1.0320045763551886,1.0670958071997694,0.5774121879555594,0.24416978081783358,1.0188987284828532,1.0402231339430839,0.866742215879652,0.5863479159615292,1.0216446749325832,1.0454261125562732,0.9815436959613385,0.6524999474243959,1.0278675167117106,1.060893667108315,0.9748849616198826,0.7066443607702411,1.0398284301776324,1.0829016735178034,0.9325437898715313,0.40363221967214913,0.9843335584462536,0.9920790557249897,0.0,7.48637139112804e-05,0.9512284875978461,0.9880420032590501,1.032938904512247,1.0022141713206236,0.997921151073111,0.9984919823369263,1.0014765672001609,0.9955387512585616,1.0017939515519387,0.9975059372687032,0.9984592634903082,0.9990977265876927,0.9889483663502583,0.9979361317922566,1.007127040727434,1.0193752955484625,0.6531704218644084,0.5711179315588053,1.021048932674907,0.9931924785425956,0.9822141303157287,1.0019544107147513,0.777386481238159,0.6779249474174525,1.0283117759811056,0.8565352974282968,0.7527684754420585,1.000411067633765,0.9991080428387542,0.9972178117750704,0.9989110038217737,0.9919792666543948,0.977691491567644,0.4331533216564767,0.10909215935769777,0.049105174552433614,1.0100333607418597,0.9263762406078679,0.8783724785716845,1.0380425247707152,0.8344147831327312,0.6953501773871366,0.97799451027114,1.0039766877315184,1.004035768680216,1.0137030586551428,0.9891750634634678,0.9996220077926586,0.9775386535643465,0.9966251890533442,0.28168715738996947,0.995666526234784,0.9910618074265092,1.0016310186173194,0.9969773185175891,1.0023654739954362,0.9659499815889652,1.0046436999809176,0.1141076824946748,0.970209316592539,1.090274932982518,1.0326210139326448,1.1967753195928146,1.0985942038780618,1.0003348023791379,1.0000173940181807,0.9841606856010936,0.9985851035766391,0.9873909727699636,1.0068179029407915,0.8783454274712406,0.7346751834820845,0.8532723661509083,0.6790909122848521,0.8933295177555177,0.7758295690123674,0.8275098822171769,0.6681528938406768,0.8534969967973657,0.6788583732526765,0.8077017586737038,0.5967435391043071,0.06554062453893233,0.9729706610983909,0.9237731549706184,0.8963239666400713,0.9731199913434605
nomask,1,4,1.0027406843687054,1.0032702128785425,1.0001891351172698,1.000016613591219,1.003853468458286,1.009231776219904,1.0023532116734475,1.0053667349916626,0.9999968635017644,1.0000274751669433,1.000866040104881,1.0019679030912656,1.0024742830126823,1.0072262464522497,0.9207844459300258,0.6431270270294659,1.0016874076517948,1.0042065820292927,0.9771787996848974,0.8478393781497282,1.0020488148568605,1.0046200785218207,0.9942195027153435,0.8869311844586348,1.0026180942001777,1.0062358143655532,0.9913807009773055,0.8936990292695942,1.0037255379501695,1.0084811508264395,0.9833322002126341,0.7729249650331124,0.9981608302781309,0.998896888388213,0.0,0.00011277371143429782,0.9946397865812667,0.9983353511345217,1.003009656147138,0.9996946020254052,0.9997425175454042,0.9998075116558724,1.0000178299816291,0.9993701156146435,1.0000409745122618,0.9996917553381571,0.9997703975135883,0.9998569384864716,0.9987894802200533,0.9996507207847466,1.000613553388236,0.9891738892220651,0.9296818145098704,0.8793064806890442,0.9981909741239665,0.9934313234566743,0.985509847883163,0.9934288379254821,0.9506976350125055,0.9128829593916793,0.9976527923497868,0.9656634946716562,0.9314166688093601,0.9998784001490243,0.9997541244295102,0.999340163304596,0.9995713409278771,0.9978939279902201,0.9956736632960709,0.554830446674614,0.1647754670440157,0.05832031098249231,0.9974126923927186,0.9825131221938673,0.9671847028537648,0.996715420388269,0.9559587334249491,0.9130547501217176,0.9668228095553598,1.000203679948798,0.9794948453996039,1.001153114755376,0.9876608387257436,0.9998799363582727,0.9857723357215034,0.9995460856949524,0.4794698480134907,0.9976918977674634,0.9742733041318951,0.9999815807227768,0.9921081240429009,0.9989368388203704,0.9690747106822581,0.9955051768727683,0.3241283617612706,0.9542938947920799,0.9944964338924311,0.9989902478349533,0.9810418642970186,0.9968710366789135,0.9995909035554448,0.9999163576991426,0.9957049622569777,0.9995375162995889,0.9775439543862793,0.9965981449074417,0.9760710241793511,0.941556400273864,0.9703094321961858,0.927569678470399,0.9785960291286285,0.9494843077736655,0.9694375205806862,0.9311022249723545,0.9711405055795211,0.9288660554955597,0.9633192101526116,0.9127610899011381,0.05808167451970647,0.9879402127911289,0.9680049430004598,0.9574898979502374,0.9884670287948177
nomask,2,,0.0,0.0,9.042858882225774,9.173496981520142,0.0,0.0,9.171101044143334,1.7864075707111178,2.483333003243084,7.6249503206157625,18.26860550378669,1.9712020607163385,0.8880755443063385,0.48774191821583945,0.19155193674039545,0.07736691490946412,0.0,0.0,0.0,0.6924257348034416,5.996370630259557,2.833586582941489,1.1862874654277107,0.000966137966615076,0.0,3.9875059397335817,1.0587315318048693,0.8977185066475756,8.78722975786234,9.797801738174893,1.0685910913096013,0.13466288813409777,0.0,0.0,0.0,8.135387282423382e-05,0.11562873922435063,0.0,3.3224366729040598,1.1844302681398795,0.0,0.0,1.973173472148338,0.0,1.094435301686256,0.6648679217529715,0.0,0.0,0.3098474797624338,2.3563677442902264,0.0,1.869002852108418,0.0,0.42386059755989547,0.16793800405254217,2.544791662149106,3.2989928659914454,5.7060137710463765,1.3086953756072865,1.0374554007606005,3.4987656782914347,0.3100963742417572,0.0,23.176401546211803,0.0,0.5561246085970399,0.0,7.073720384085819,0.0,0.47337110615526395,0.09819319082583143,0.10471654854216801,5.5018593202176245,1.993519359977287,0.0,0.0,0.6483851616522383,0.008300488675431044,0.0,0.0,2.1806137335689573,2.0677052774888636,5.503219672386677,0.0,0.0,0.0,0.0,0.5540103099993955,2.8653826033338428,0.0,0.0,13.160937755414356,0.0,0.0,0.18607162961668833,0.5385179196867705,0.0,1.2156519406086013,4.225445382447954,7.12902345720086,34.37222764690676,85.68363015067673,0.0,0.0,0.0,0.0,0.0,0.0,0.0,0.0,0.0,0.0,0.0,0.0,1.0584842573302886,0.809718001397923,0.0,0.0,0.07899230355135269,19.157337613066105,0.0,1.4271189904937511,0.0
nomask,2,0,0.0,0.0,9.068718425925253,7.336660521092805,0.0,0.0,9.330764491612287,1.7672545447583092,2.4549786038141677,7.405925286346769,17.750801072009725,2.033753165217759,0.9587567458620131,0.4926332121510818,0.19160390357223686,0.07775636814259132,0.0,0.0,0.0,0.6924215286474109,6.01320170508445,2.8239809268909006,1.1865471464951614,0.0013807043047237197,0.0,3.988228914996709,1.0605596161100475,0.900343884193308,8.737488682228461,9.798776219190556,1.0678495126713998,0.1337280438589421,0.0,0.0,0.0,8.130643754173135e-05,0.11580804073602764,0.0,3.3223465345993897,1.185157188619953,0.0,0.0,1.9737096511867855,0.0,1.2860512921766416,0.6652767986061509,0.0,0.0,0.3103911000603773,2.352330706772007,0.0,1.870983936858673,0.0,0.42387439748119493,0.196496062962772,2.5446455598894273,3.2987672711421476,5.75250632018321,1.3087944825153117,1.037610455982212,3.4745844876405223,0.31008309980151444,0.0,22.473180860104744,0.0,0.5614903919397829,0.0,7.071977377179999,0.0,0.47383689922516664,0.09819388334557994,0.10472054072748407,5.666134661566764,1.9934370475652146,0.0,0.0,0.648402081529382,0.008230054776844683,0.0,0.0,2.179725779843366,2.0613186907141245,5.5021767874441325,0.0,0.0,0.0,0.0,0.5555021984094345,2.8683047117841305,0.0,0.0,12.69733963778535,0.0,0.0,0.18607026796318063,0.5325450628958631,0.0,1.2499250591100293,4.2253595245295665,7.111025227057275,34.36395431745096,81.36434021443897,0.0,0.0,0.0,0.0,0.0,0.0,0.0,0.0,0.0,0.0,0.0,0.0,1.0586348959851672,0.8101044070881194,0.0,0.0,0.0789966665823998,19.11979950150772,0.0,1.4383531098550013,0.0
nomask,2,1,0.0,0.0,8.915778772566064,2.992273801635653,0.0,0.0,10.262471143648856,1.656732139375763,1.86861909494438,5.804370647863531,14.625603876443408,2.4075393509209553,1.1319231061708344,0.5273311294518216,0.1920804154018869,0.0809499702858853,0.0,0.0,0.0,0.6920275755190656,6.281667763199989,2.7738645563239523,1.1890163130995246,0.005230817794271968,0.0,4.002444092526268,1.073309413788011,0.9185757130362175,8.487229579299699,9.791913753302206,1.0621917620867898,0.12772672928209775,0.0,0.0,0.0,8.103336218663352e-05,0.11726369882588615,0.0,3.3215047397543214,1.19204698577206,0.0,0.0,1.9770241227178604,0.0,2.3612693528635353,0.6681754747992769,0.0,0.0,0.3151486792880335,2.318190071429631,0.0,1.8863800906059887,0.0,0.4236953795161401,0.3703841961831498,2.5433970879714463,3.297060425766484,6.042162540990896,1.309733782940746,1.0393637561944697,3.3645494897426143,0.3098950221157265,0.0,17.733475881524075,0.0,0.6033361609297593,0.0,7.055444983008131,0.0,0.47657830276610724,0.09820008030490891,0.10476006795381528,6.573029994869776,1.9928896080163285,0.0,0.0,0.6485820366543961,0.007352027712081892,0.0,0.0,2.1711059810610593,2.028613612786185,5.495607918585058,0.0,0.0,0.0,0.0,0.564115565855302,2.894586441455232,0.0,0.0,9.791841208139983,0.0,0.0,0.18593693887864726,0.49715108173915745,0.0,1.4813272873402712,4.224375647078736,6.998779280543782,34.17899968432445,56.165663843418045,0.0,0.0,0.0,0.0,0.0,0.0,0.0,0.0,0.0,0.0,0.0,0.0,1.0600886948121861,0.8129369166821474,0.0,0.0,0.07902617512719569,18.783340989169112,0.0,1.5268683851165488,0.0
nomask,2,2,0.0,1.1006766941577206,5.485882001823681,1.0561369421158846,1.5256456172244717,0.0,9.607359482724767,1.8146619630834224,1.101937988426015,2.199361617183284,6.986541761829581,2.722652097481491,1.158009972951998,0.6020334423041896,0.1931467214490823,0.09796241004120058,0.0,0.0,0.0,0.6814489135993403,5.954694081523696,2.9151062020720295,1.210678829831807,0.03459506768833892,0.0,3.880017451456774,1.108959652381365,0.986655282821646,7.562615226745972,9.666310008981867,1.0439478008756824,0.11504795591191448,0.0,0.0,0.0,8.094146903624108e-05,0.12850970351181384,0.0,3.3141662801931657,1.2444663639258118,0.0,0.0,1.9770004409242423,0.0,3.2012552496020805,0.6830002928355493,0.0,0.0,0.3542923283962617,2.0560878501688205,0.0,2.0474372300241312,0.0,0.41659241132839353,0.6421530937963312,2.5322603278631286,3.2883001912127026,6.6357321259962365,1.32028512025698,1.0581963799596414,3.338758318605314,0.30665139511320794,0.0,6.243908619707317,0.09348799323767248,0.7248346108394115,0.22796501049851614,6.877900611837014,0.0,0.4815357044970087,0.09825788770387027,0.10516577063544645,6.750588541140931,1.9902409229007973,0.0,0.0,0.649816244772169,0.0,0.0,0.0,2.067950321359596,2.0247286451458866,5.430868038302601,0.0,0.0,0.0,0.0021971262280790754,0.5768615930078145,3.1312521775086446,0.0,0.0,4.232349768360738,0.0,0.0,0.18311584871401287,0.43217860346153275,0.0,2.172392483329481,4.210046133507639,6.845896762782004,31.005075682920165,14.59552994607453,0.0,0.7386559948899131,0.0,0.0,0.0,0.0,0.0,0.0,0.0,0.0,0.0,0.0,1.0748076697147266,0.828106599445427,0.0,0.0,0.07916309812618065,16.010761328704103,0.0,2.1185821993177782,0.0
nomask,2,3,1.89301514052994,3.0956782404479934,1.8657562566976957,0.9164342065015831,2.9539568568599757,0.8990468491394273,4.012248451377951,2.245260499369639,0.9575304483919536,1.0003063606851408,2.4403652275407532,1.7016212299007962,1.0922559386267034,0.6063351859844278,0.18933986649700937,0.14188383891052864,0.8385767973505619,0.0,0.0,0.6465517246495661,3.298294298186202,3.6921807288507567,1.2487136365873166,0.12057178593748781,2.1589431750456325,3.3976067918568726,1.1414892534498042,1.217987562563638,4.587031220748104,8.604950959637765,1.0449366964915614,0.11000759352354775,0.0,0.0,0.0,8.127123661347167e-05,0.18467058404278375,0.0,3.2474497381641454,1.3340065176969176,0.0,0.0,1.81525294206236,0.12585251724477078,1.5943922490723372,0.7532358946240282,0.16672128855023305,1.1074287209559932,0.4997121272102198,1.371150781786013,0.5903498706802613,2.202239119828596,0.0,0.3849156085216829,0.827525535248548,2.4309580077781723,3.1913069477720897,5.981972336939064,1.4056530840769002,1.1118714572563149,2.316952222102572,0.2900481593916391,0.0,1.5913532961034274,0.6910576270804175,0.813214023157109,1.370110860669164,5.453583496952929,0.5190024600105219,0.4844325024629871,0.09859895606561501,0.10691711143846863,3.3413739419218698,1.9412556749271779,0.0,1.9596423422661071,0.6689536711756037,0.0,0.0,0.0,1.735192973279989,1.8522600245845546,4.473855165245666,0.0,0.0,0.2244609583956127,0.02367214276628058,0.6080996167762918,3.9008289178787807,0.0,0.7679388978698566,1.799411334028377,0.0,0.0,0.17173941337631723,0.47532089933536176,0.0,1.9135384261523702,4.1230127348271814,6.616800782938799,15.69563214140002,2.7122124768166183,0.0,0.9910054651581062,0.0,1.9470778122705918,0.0,0.0,0.0,0.0,0.0,0.0,0.0,0.0,1.1306056333126522,0.8798697716873686,0.0,0.0,0.07954325946832798,7.094817894732546,0.0,3.6499675595968375,0.0
nomask,2,4,1.7452132829926847,2.001254428887901,1.1302178580568973,0.9811588535415511,2.111706380927919,2.770104500768781,1.8771343063494166,2.166354533751773,0.9870674240568766,0.9313394000791007,1.355416451402785,1.469626589189286,1.417737487930783,0.7802532323098423,0.21503246173739982,0.2213231997031366,1.365168875226252,1.6274305650318617,0.0,0.7073088791302428,1.8047129880565336,3.120844954291774,1.2180389929715465,0.250710018215519,1.794249204333883,2.885174931186744,1.2255513521147103,1.7677583709058793,2.392964122514534,5.089225644532586,1.0927887972910215,0.05242788740544033,0.49235195302305973,0.6417148337002775,0.0,7.350600783407438e-05,0.33672047420012696,0.6859507182203284,2.7046634302108337,1.1773322920163884,0.7406289041328891,0.8323965637635439,1.189435246499725,0.8361356406752904,1.2070066616380615,0.8983417172570088,0.8899846839897028,1.0783632814235833,0.7338916394213578,1.0197001216599961,1.0978817821304792,2.0080481970278306,0.0,0.40754059204736165,1.4896311070105213,1.8268742265909366,2.4148833251012327,3.158081419083248,1.5841222223393618,1.043700521019385,1.891128702356865,0.40783957439274054,0.04538913617367794,1.0489768879288686,0.9538342080855171,0.9375045698701265,1.1611442555780822,2.301089738545481,1.1413440571152833,0.48817418850521616,0.09921195820105529,0.10831868179562754,1.846553493078362,1.4822679359755493,0.27780809646868077,2.3905449586887433,0.815385650321769,0.13998582405525534,0.9748337386310589,0.695327513772807,1.7183408851800088,1.240357941720575,2.0730734357405787,0.8762751974319203,0.4031357717113953,0.7226275323161269,0.0772396322954741,0.6581122590549457,2.7087153895284346,0.7327745233835606,1.16283158414136,1.2748417008993134,0.153426852529483,1.1382441048140302,0.16008368218744362,0.7757650534531761,0.2505929754993731,1.940935188282452,3.873533009972696,4.980515998581912,3.4349881824340387,1.2028592528017532,0.0,1.0660514127285885,0.3665734353442346,1.6996629510375922,0.25594802253056403,0.0,0.1636226036033679,0.0,0.0,0.1920987900853727,0.0,0.0,0.879384291417649,0.8875923337482109,0.0,0.0,0.0797514448781444,2.289954640325635,0.0,3.215264775887728,0.0
pix2,1,,0.0,6.44621546683129,0.0,9.98359046252954,0.0,0.0,4.418620170068849,3.2839429583868833,8.606772315559052,5.487848722441998,0.23219582092744567,5.352273831679787,0.973822749450296,0.48069769048254263,0.13662686389444484,0.022078727676487102,0.0,0.0,0.0,0.01375389040161081,3.349714374231546,2.2827519338222095,0.7199097041752807,0.07498382558131954,0.0,1.6194165445064717,0.9385954097695695,0.29567506068245836,10.935136457310042,9.449493452948726,1.2550905418476819,0.5869561485774422,0.14718754335910755,0.0,0.0,7.66019385854567e-05,0.12528281634878188,0.0,2.300795841493423,2.3239279429344566,0.0,0.0,2.061966778989215,0.0,0.0,0.9164928944115681,0.9588476871887444,0.0,0.3472080521350991,0.9831172217155804,0.0,0.889521134518287,0.0,0.2108147646478276,4.614753167993559,2.5526702736686704,2.1774584836499016,2.8891888823885483,0.5136711394702715,0.26236401851832425,3.626624767977122,0.6772960939010702,0.29849522863147737,12.013388552675636,0.0,0.0,0.0,0.06159099370604363,0.0,0.6847714545453725,0.11499601782597264,0.07426052394663524,9.435394473941962,1.116393973921607,0.3503806175585751,0.0,0.6390013765908036,0.3042643012382958,0.0,0.0,2.2381050941100895,1.133147875755963,3.0505563597695295,0.0,0.0,0.7448826661755379,0.0787575137671046,0.6752491777961799,0.28602157662296473,0.0,0.0,0.0,1.6701242188410086,0.0,0.1399264376453592,0.7429701267010399,0.15208362126227204,1.9325225295716084,3.86014003028745,7.254962900221906,0.0,0.0,0.0,0.0,0.0,0.0,0.1368901556604601,0.0,1.2104331867251612,0.7015026451777115,0.0,0.0,0.0,0.0973140236398208,0.12491785210198779,0.0,0.0,0.0,0.08461771741175238,12.106398716107405,0.0,0.0,0.5173707599059483
pix2,1,0,2.2564354918495146,3.638629088125763,0.9274857975501934,0.9198205228750255,2.3202620839390464,1.2991761632632106,2.724025742074539,2.8939345669678405,0.9467650042697396,0.9196297937508354,1.7372262410752677,1.9625411600626972,1.3300723529694092,0.6056208349122753,0.13476331917705683,0.06734979331691321,0.4886645578381442,0.0,0.0,0.06871864912104216,3.2667500697390492,3.5779223976798313,0.76246017963599,0.13106325037792244,2.5400304767790067,2.668410911735355,0.9334564316829819,0.5446252725974582,5.245471810454502,6.716450481623833,1.2762583644965082,0.5506773206311799,0.1941013743288786,0.0,0.0,7.527884821427766e-05,0.1498493945372732,0.010340926184977638,2.279150127035237,1.9865080586081785,0.7415417050933518,0.7826688464259219,1.8432565640968297,0.625332428648832,0.0,0.8933405052713513,0.9315772105926148,0.042238342092173295,0.4046647688280909,1.0047703136879524,0.0,1.4944799962597244,0.0,0.22327442483954016,2.4757680274255227,2.4434946843219656,2.109462631595572,2.3674682122777777,0.5106614055957764,0.2541125876683215,2.6388100991073093,0.6997963106099473,0.30042819901620177,1.2649316494961271,0.6918583296084739,0.548501851305102,0.0,0.2960481904637641,0.0,0.7132567319174329,0.11426191846418221,0.0740851112733223,2.5526020084011676,1.0658445748263077,0.42764024993578476,2.7018457793185373,0.6604420660879524,0.29522623570454476,0.0,0.47537394849246306,1.828488667859649,1.0679638991985454,2.201254702436157,0.3507481131653665,0.0,0.6204270510571995,0.09133709676400081,0.6470640600982388,0.7400166783185301,0.17291343959909536,0.46890738417419836,1.2200510991951623,1.5891926545815451,0.21214749580647516,0.14073525185359687,0.7705716361472188,0.2590930010217636,2.78056111477184,3.7986691621372697,6.771491233349779,0.0,0.8753371809791796,0.0,0.5049508263332372,0.0,1.6071436166322561,0.27846055970042427,0.0,0.8918567581128177,0.5764707288475136,0.06474879948346313,0.23126201465666418,0.0,0.0900817117204878,0.3336056704977082,0.027024173971590484,0.0,0.0,0.08386578431786011,3.089638748160963,0.7310123169079856,0.8383251192692075,1.6250012089129482
pix2,1,1,1.8813753673019478,2.159003781843591,1.0238856995253993,0.9879944209411432,2.1791060860458384,2.476908596796838,1.7750154038358164,2.1367354468278785,0.9886033742408482,0.9513587316426295,1.295983853280528,1.4776158442505567,1.6185503715757015,0.9366266005738373,0.17024903105665298,0.12641451943435095,1.3378436533718505,1.098939811447384,0.0,0.19342992882210527,1.8283307757298461,2.396042154768473,0.8992683723027707,0.1720777507770151,1.8845570312111957,2.3399711644502466,1.0234445465095956,0.5611557889415923,2.4773727294200256,3.3418405102273954,1.235372816920096,0.498979385715749,0.4928881178031904,0.6792780805003751,0.0,7.182199789739822e-05,0.2641145454616724,0.6622152634908975,1.9445538617128204,1.314391085315756,0.9720173188807817,0.9780552627724868,1.2776504936064996,0.8948664083944815,0.8424406059251339,0.9457143682121668,0.9860105904434612,0.8819576580421621,0.640280253397301,0.9719722297573455,1.0835069592372764,1.9017513903140295,0.0,0.24067779072973172,1.9122030651183786,1.913269255027814,1.774510476985743,1.2975070271358187,0.5071566970611004,0.2328677787081512,2.0410784185145325,0.7840377380714061,0.366931418538615,1.0362253037159814,0.9614070934415593,0.9118365824263934,0.8456699776224688,0.7696239784860562,0.08170852903146023,0.7404569809759757,0.11085558997910747,0.07127826264095097,1.5564550874427738,0.9422162494394746,0.5779760530345515,2.4192861888224657,0.784005219831919,0.3351353400498562,0.47129287850799123,0.8817797255714314,1.188996734619541,1.1318697304456613,1.2099023950148242,0.8846289511474743,0.5709998412494267,0.6990172684383477,0.10947118647636728,0.6581727440261251,0.9124607087202137,0.8586316406773301,0.9207907956020682,1.1372714534840334,1.145390713900032,1.3034927490333597,0.13661797665372147,0.9183202758300704,0.9482194981284807,2.1969508258558514,3.252225873328008,4.707001911968906,0.8091612980365307,0.9829138203547778,0.5808462606935562,0.9313190382959324,0.506830868329496,1.4071163598550995,0.46290508815112574,0.22993392950197653,0.529075787785201,0.3653538309152604,0.4754486630896972,0.3850227909477506,0.0,0.08404572287842649,0.36476259640872916,0.09781988822722396,0.04769472916547584,0.0,0.08352350826520982,1.2837515339975418,1.1411839315223224,1.1020109717820903,1.1547770393858037
pix2,1,2,1.20012148268762,1.2202028927216677,1.0068972507972391,1.002935339854185,1.2667008076958208,1.5055161545606093,1.1520730774429144,1.2986614079471124,1.000490722168023,0.9977879903995629,1.0543755648786957,1.1123747608011922,1.2266448201469662,1.290429068873361,0.2677218053879922,0.20557041906671433,1.105468207646152,1.1710503770438996,0.6381393276629115,0.4280560784375012,1.1449139058221631,1.2866249084498407,0.99153694897402,0.37602229914343527,1.179623745987931,1.3564825257294477,1.003033176075238,0.5579756135207875,1.271236172635005,1.5097382503614225,0.9746257680043559,0.40573008171179364,0.908525438897557,0.9621099719663059,0.0,6.849795067230676e-05,0.7311752170960144,0.9366521840948163,1.2403919490675215,1.048002001180573,0.997521634147516,0.9979665350648736,1.0254250239006863,0.9812737687069383,1.0056068361696262,0.989835538664814,0.9972181617262216,0.9879916042424081,0.9291948446852908,0.9920240718541723,1.0500420382646576,1.313246409416593,0.24500309526251998,0.2660511299241209,1.2251324360387725,1.1814971088296937,1.178301737515455,1.0547196831723844,0.5770853410466902,0.35812466619008854,1.2674957515200358,0.7968166892687946,0.5716183111871187,1.0049655730736642,0.9985798281524786,0.9870489708861928,0.9840343264056428,0.9626193559176425,0.8574932381592052,0.7827833442307687,0.1025714301692511,0.0544039674248745,1.123318267406017,0.8881225092974088,0.7580401513495267,1.3621415269896509,0.8340873549649139,0.500544790517141,0.9515677196006394,1.0023572128378637,1.0704772718093394,1.0565721973872007,1.011457763692763,0.9861525507647964,0.9175682085891264,0.9407512525458678,0.1692743812882244,0.9206296061974636,1.001942977540104,0.9979671110667728,1.0022509155249022,1.033833875792564,1.0519712010632518,1.1117808118566126,0.11745035676538473,1.1456442483319103,1.3525228350177094,1.2918501444316213,2.011062269332477,1.8874323692108932,0.9755154653393375,0.9981827052841161,0.9309938103696068,0.9889655761073257,0.9693676178706389,1.1014332307533428,0.5998204701416786,0.4386335768936456,0.5378094901034738,0.35461376800643346,0.6512560435197541,0.529290592658579,0.37718383299022484,0.25687083605334027,0.5186147302202655,0.2992747337457922,0.3434590736550686,0.11364442993455456,0.08050618471274375,0.9982187921780046,0.9467201057419398,0.9091920718020277,0.9929198597690216
pix2,1,3,1.0224348725193917,1.024372764413533,1.000796160310719,1.0003716637738003,1.0300050705642863,1.0659040866121487,1.0169123208000108,1.0367413761189275,1.0000799128773732,1.0001685708226427,1.0059841872125168,1.0133625935626824,1.0256823072617862,1.0546088581138358,0.6486347336162487,0.2446039246047424,1.0121214335796822,1.0257460482208842,0.9053230862114293,0.5996484761199563,1.0157454687041116,1.033657078674304,0.979992716467191,0.6420946316304036,1.0199973904113864,1.0440963959853091,0.9692021408191916,0.6816776485231523,1.029707162441952,1.0619974057029844,0.9409780365437811,0.4110194727151512,0.9900827526008488,0.9955651754184809,0.0,7.204945466807871e-05,0.9630431810314584,0.9910331003380086,1.0263313233321367,1.0026169186636167,0.9997543899852432,0.9997917925548083,1.0018165143515227,0.9973655961959613,1.0014875808658803,0.9987045742794048,0.9994841877871085,0.9990335606635106,0.9916807495380411,0.9983374711184292,1.0060790636218002,1.0100475154270616,0.6982562273656281,0.6151446107391315,1.01485570515153,0.9888610187773175,0.9761719858402833,0.9928460550399917,0.8187130836740371,0.734076661238537,1.0194014465128851,0.864751067292748,0.7762043492756338,1.0001708876635207,0.9993373604422121,0.9974925858051373,0.9974682464259078,0.9919279092990472,0.9797551860899778,0.8473064000564001,0.11137030261513665,0.038225665041757374,1.0051037439678814,0.9347019827144478,0.8931252349894816,1.024961902489378,0.8426234433180282,0.7214396725351767,0.96126174268124,1.0038393080996408,0.9853193585893557,1.0098766329238802,0.9863248599337812,0.9994742961067615,0.9755712810839601,0.9962027604600847,0.28786381609660167,1.0130673199068856,0.9727163974484613,1.002789589308145,0.992132749896696,1.000549362647691,0.9775931495273263,1.00088074319523,0.12024275126440673,0.9554716540322004,1.0571412180396256,1.023402267018796,1.1238205986727892,1.069587264074328,0.9970755871697771,0.9996919239513079,0.9884213206735339,0.9978583864043594,0.9756365568823003,1.0013392552248872,0.874718000082564,0.7415813234114585,0.8486314951459071,0.6861907470512647,0.8888766465008983,0.778653099416884,0.827735034881705,0.6728727358298863,0.8483480601999991,0.6794574448032802,0.8034596722179527,0.6041449079626405,0.05767065534988805,0.9685926637184514,0.9141552931704079,0.8865189893949752,0.9697476996961336
pix2,1,4,1.0020245240556722,1.0022651072061428,1.0000685799908706,1.0000199476258127,1.0027346989526367,1.006694115086747,1.0015561311248078,1.0036975925584626,1.0000002864515907,1.0000214166937837,1.0005483926395338,1.0013338752993988,1.002006761096764,1.005717917865446,0.9400236610301973,0.6627582955722012,1.0010710434037458,1.0026579642527325,0.9850797058683376,0.8598967782653283,1.0014731708767761,1.0033921602443674,0.9952252436297666,0.8933986645267747,1.0018470627487983,1.0044624159614575,0.9925326182234928,0.8995690120675579,1.0027541617574702,1.0062819029959793,0.9873141737648921,0.7875309772941645,0.998882438554001,0.9993863926943092,0.0,0.00012046808054000853,0.995979227267123,0.9987281564762525,1.0023598138765326,0.9998101976570137,0.999932347841451,0.9999463004036854,1.0000895244811538,0.9995890077342755,1.0000420390298423,0.9998185038631375,0.9998750187998455,0.9998649099901886,0.9990889119076017,0.9997239462021817,1.0005252894353505,0.9893843659853266,0.9306985460049693,0.8872098268141814,0.9978367203976416,0.9933577006099259,0.9864324738463408,0.9935613763199223,0.9467472702754027,0.9138017591291456,0.997185752272811,0.9658968477170139,0.9378671894099421,0.9998716331535049,0.9998170777265951,0.9994525069538981,0.9995279501772746,0.996817915106137,0.9947423945720675,0.952165873512527,0.3600864447771961,0.18092137686581775,0.9973078501528048,0.9798666986905119,0.9662626326408179,0.9960735305165175,0.9517831865213567,0.914910746240002,0.9646888490053217,1.0002890668012232,0.9771391335615062,1.0008890122378273,0.9873550699098673,0.9999067165731746,0.9845411748751256,0.999548596203938,0.5313551590163316,1.0005308253892815,0.9723919175239042,1.0001942001065263,0.9917183869577363,0.9989005804765825,0.9720101378350645,0.9955968326834281,0.3597212937321309,0.9563670493986429,0.9921279963301352,0.998399017552099,0.9743731331446158,0.9950973238659797,0.9993272534662424,0.9999407781106934,0.9960076501707102,0.9995025938820283,0.9770410113136475,0.9965208748473359,0.976651871174216,0.9450776402522396,0.9709082575607744,0.9316683311405451,0.978951265958496,0.9522140880395125,0.9701497746659808,0.9336893912966777,0.9717535385816769,0.9323423133647551,0.9640728251350551,0.9171671252619022,0.028878011547910327,0.988398109796368,0.9692684824166479,0.9600201491873576,0.9889190492265523
pix2,2,,0.0,7.030970574923926,0.0,10.343183132855833,0.0,0.0,3.327730406495139,3.6144168815522915,8.749607214816274,5.997638264060217,0.0,4.645276118324883,0.9207200041293485,0.6000127599941635,0.20435419462214122,0.02058484991486223,0.0,0.0,0.0,0.326840702498274,3.0991746148187675,2.4077876071130606,0.7061612170343853,0.019555612881647397,0.0,1.5121652841943987,0.8569000068172161,0.5046034511537846,10.813255853406462,10.047382288745442,1.2985155025166901,0.44673259906765045,0.1294127460750995,0.0,0.0,7.785511911045412e-05,0.11297505937982452,0.0,3.273936304412622,2.349818582911514,0.0,0.0,2.2006338099140526,0.0,0.0,1.0284307255585996,0.0,0.0,0.36877178387881077,0.953107222024629,0.0,1.318167931649939,0.0,0.4490837756469198,2.282775934934565,2.574105603206035,2.583613771036011,4.6060104593017055,0.5998466982322086,0.41374791231235036,4.2614631649691495,0.7587719750852967,0.16552354858030102,13.908875431378698,0.4552998042621863,0.4375224904820612,0.0,0.0,0.0,0.7487773224310073,0.19893005869526764,0.12289317266977498,9.04762116827509,0.3830285799921427,0.0,0.0,0.6805325117322776,0.19852179489009503,0.0,0.07275819199239177,1.720873178723498,0.8927163966091467,4.709245177531169,0.0,0.39215144885984216,0.5083960226337327,0.04781281353992744,0.7315636923926364,0.0,0.0,0.0,0.0,1.4392412455982853,0.0,0.21221755393579836,0.7058813792667451,0.05418950398244126,6.462220490758069,4.288334595591767,5.861605857365638,0.0,0.0,0.0,0.0,0.0,0.0,0.0,0.0,0.7661769216775128,0.44835743659973076,0.0,0.16385038067440336,0.0,0.0,0.7086270686711819,0.0,0.0,0.0,0.08739215930015579,16.3599601473763,0.0,0.0,0.0
pix2,2,0,0.0,6.9748131363378105,0.0,8.043912095318365,0.0,0.0,3.4053130877396547,3.6090060867776965,6.05314778944494,6.152181332027227,0.0,4.640104704042734,1.063304448503967,0.5972316826498437,0.20430804027295896,0.021131645775394007,0.0,0.0,0.0,0.3270212368669277,3.0572284795670397,2.4088815746202807,0.7060339117189138,0.02023884155371494,0.0,1.5225331774090738,0.857176993708655,0.5066107723284895,10.740072562079906,10.046118078511258,1.298569644749386,0.446454721027991,0.1292680988098063,0.0,0.0,7.783974081091839e-05,0.11307525918179735,0.0,3.2739767407442173,2.3484851198368593,0.0,0.0,2.2001782821817475,0.0,0.0,1.028484866592964,0.0,0.0,0.3688969038147085,0.953852877180218,0.0,1.314323167291724,0.0,0.44916553925277425,2.289912715277398,2.5739760090300727,2.5837738116691678,4.611535197536704,0.5998286698043573,0.4137208820503853,4.286336000594472,0.7587468609937454,0.16539386427279712,13.385084893048077,0.45743518039313497,0.44247931229159315,0.0,0.0,0.0,0.7489362879378886,0.19892968994689522,0.12289572262992547,9.018494506354378,0.3831412909313166,0.0,0.0,0.6805394168084957,0.1985158722222152,0.0,0.06862982469696166,1.7215592821873853,0.8960344530186274,4.706314586139393,0.0,0.39267741621855146,0.509608079571076,0.04783493323305318,0.7316819018976337,0.0,0.0,0.0,0.0,1.4394978616984524,0.0,0.21221187561729868,0.7057645052801045,0.05396911574373411,6.4826878209537195,4.288235027349918,5.852521007211948,0.0,0.0,0.0,0.0,0.0,0.0,0.0,0.0,0.7657604732204493,0.4476155421958294,0.0,0.1654185391000924,0.0,0.0,0.7092380987710232,0.0,0.0,0.0,0.08739242673136301,16.329861389291086,0.0,0.0,0.0
pix2,2,1,0.25440292837908673,6.762422349143577,0.0,3.054915282430898,0.0,0.0,3.6045080001723737,3.6013434688336665,2.5109333697620437,4.875023103596367,0.0,4.548245582782032,1.3143522217627472,0.6193890793046896,0.20427595953925556,0.025657832454761418,0.0,0.0,0.0,0.3282926464820141,3.1400504795996915,2.411382509665889,0.7047039042712974,0.025753554177768336,0.0,1.5849657923518072,0.8575815069192857,0.5235307123441787,10.333197817944757,10.014629778305416,1.300049357388161,0.44483358639482695,0.1300502993226098,0.0,0.0,7.779541963762849e-05,0.11384122320165538,0.0,3.2739775274821583,2.3398677681802296,0.0,0.0,2.1964595786078487,0.0,0.0,1.02876068483553,0.0,0.0,0.37007850451586083,0.9593657654509787,0.0,1.2900020388676214,0.0,0.44992278713385225,2.319903163529792,2.57258948009083,2.583061877992625,4.637409230544096,0.5996470234310466,0.4135750050758018,4.440805616121833,0.7585819193992397,0.16461189060907017,10.105594398009845,0.475888545169327,0.4779956018429144,0.0,0.0,0.0,0.7502516819977855,0.19892478683079498,0.12291263903804384,8.702810758407702,0.38440415818917006,0.0,0.0,0.6806287033616476,0.1985467703168593,0.0,0.044051613694841917,1.7274794426609938,0.9218244386235473,4.680783665896601,0.0,0.3966657072397176,0.5154488134760717,0.0480114749454443,0.7318618138817845,0.0,0.0,0.0,0.37115332652711136,1.4417239078291773,0.0,0.2121709125016628,0.7051846806064365,0.05341681626200449,6.557736301699208,4.2874630066576085,5.8195637890006475,0.0,0.0,0.0,0.0,0.0,0.0,0.0,0.0,0.7628340080412169,0.441140973124619,0.0,0.17874066191339155,0.0,0.0,0.714094406994416,0.0,0.0,0.0,0.0873904302636845,16.056256175341698,0.0,0.0,0.0
pix2,2,2,1.9176716231825834,5.363771078654787,0.5733501180513315,1.1076092441056034,0.0,0.0,3.1742447089606864,3.6898110268834925,1.1504538196931862,1.8239664594936553,1.7538297967338325,3.7311728479774673,1.326429200941502,0.672611671035696,0.20399832719464278,0.054481128385519766,0.0,0.0,0.0,0.3363152924728703,3.6558977816681435,2.6587903833706688,0.7034420498387963,0.06050975484753916,1.6547885368594044,1.8634765971340932,0.8414828644902456,0.6552288513512428,8.094586535384352,9.783026749548359,1.3174891381336744,0.4464690733943131,0.1385453384835347,0.0,0.0,7.627949117791017e-05,0.12032123848030128,0.0,3.2717885735446903,2.2588848424802315,0.0,0.0,2.1380132706965105,0.0,0.0,0.972612366368189,0.44627954112731855,0.0,0.38042777370044706,1.0321300272383842,0.0,1.1861948834888123,0.0,0.45459869434563394,2.1123625671671666,2.5589730253323233,2.5713750732775975,4.427960231234269,0.59794085416345,0.41295916392057896,4.395843161651312,0.7579147785425641,0.16519029755127015,3.592114638798979,0.6048248197881386,0.598777314333837,0.0,0.0,0.0,0.7584112098512921,0.19886708416405258,0.12303589725674242,6.114888942716174,0.39672533030177937,0.0,0.8494728840189376,0.6816268316009451,0.19730736873558344,0.0,0.036806637350138734,1.7758267815280755,1.017424815321116,4.444796112774549,0.0,0.4295485334301083,0.4929980618298791,0.04976706251869888,0.7219575279386822,0.0017998813129449008,0.0,0.0,1.5379423820703635,1.4589405051950353,0.0,0.21194467904856557,0.7086908959631031,0.06297070659238141,5.606843742503242,4.278153003115897,6.015089022235731,0.0,0.0,0.0,0.0,0.0,1.8414472925939676,0.0,0.0,0.7510287438135365,0.399100281113325,0.0,0.2698047146556194,0.0,0.0,0.7440114815978451,0.0,0.0,0.0,0.08725696333673687,13.613522300088919,0.0,0.0,0.0
pix2,2,3,2.2334972062942935,3.2339932270815708,0.9527562045606353,0.9391062032452694,2.3390711683869916,1.202832380643413,2.4124587256120997,3.018074155859544,0.9644311662597416,0.9429396620941972,1.577415289821515,1.9448480510354993,1.3922793453942564,0.6712211083520215,0.20869608399521578,0.09357876674286492,0.8593380952070477,0.0,0.0,0.361351641349993,2.8006150691795995,3.5749177873202207,0.7681669604459951,0.08537461346539742,2.3817968794707833,2.668649351275232,0.8770065328901868,0.8644550667588825,4.507662907100149,8.129781586173674,1.3061815077917627,0.4154202829454535,0.2540335452664212,0.0,0.0,7.391262636285415e-05,0.16650529393405492,0.05286968034924781,3.219739153433608,1.8493919469798457,0.8032864926033644,0.8526001664335842,1.8062434367243414,0.6933717528820249,0.0,0.9081402000799575,0.8768212919954189,0.3688212653804587,0.47672488588439504,1.0490784129791642,0.6640023254725769,1.6603239336450513,0.0,0.47007803812460386,2.0311159470387943,2.440955959451832,2.464857456428112,3.528857528935142,0.5831669821079422,0.41136444512297515,2.904847267422421,0.7576912159189648,0.18799377029380654,1.371925285914854,0.8860611258443047,0.8239926059772272,0.0,0.0,0.0,0.7755930280822341,0.1982643438416449,0.12335545834602411,2.7884040580004688,0.4838770617450838,0.0,2.917992784488164,0.6990074725593098,0.20560134253951415,0.0,0.42752910219331397,1.5742605611318317,1.0481435296996884,3.055594135909699,0.2579227786975417,0.6098434168093307,0.5261989335296663,0.06250612411458199,0.6954158472164713,0.4460664186090689,0.16470964307650457,0.4426470861301711,1.3657099850146264,1.4340562995936097,0.0,0.21042177599137374,0.7717210059980035,0.17476552471061838,3.337097838509131,4.210812137065349,6.23057969709333,0.0,0.8925272203426314,0.0,0.429231376538629,0.0,1.9901160340455741,0.06804939096879997,0.0,0.6777924211931796,0.3870901861647717,0.0,0.349602410093228,0.0,0.0,0.7887396880162166,0.0,0.0,0.0,0.08714806904533622,4.671994970504618,1.6150297263639608,0.7437930310085195,0.0
pix2,2,4,1.6773027026925562,1.79576592829135,1.0110986758765395,0.9903534791119726,1.8591634836341009,2.7900755596853553,1.5482164355868826,2.2775331177652824,0.9918400921741224,0.9431682924216173,1.1994243591732692,1.479449034267442,1.4830057556330274,1.0064820444367146,0.2529954430917983,0.15930401056134993,1.2849249399483624,1.405315425725687,0.09587200970019676,0.4636517755671981,1.6361289925818692,2.8790500771695804,0.9345048550531366,0.13091956883961037,1.6560295384453594,2.6591746415030815,1.0084641564977268,0.9455143860081275,2.2002031171319616,4.6208071289065,1.1799505517194322,0.36566226174239685,0.6737422851320467,0.8267813934403938,0.0,6.983874242951755e-05,0.3919921276082421,0.7786097970160853,2.5942612097813766,1.288499784557925,0.9800586476696561,0.9853611538287512,1.1810827286450012,0.9329636092265148,0.9705714779850827,0.9652241419433487,0.9846057045145139,0.9375619602439718,0.7683916305235263,1.000367301725298,1.1403792464007088,1.906258322010375,0.0,0.46732263984331224,1.775132242675289,1.82694866173509,1.9270423308451703,1.660712347973133,0.5292237015960661,0.3712832338101081,2.00447668539741,0.811149009483322,0.30078572110071783,1.0432374492352752,0.9860672065452099,0.9380636126409732,0.8784309346924613,0.6779014267056992,0.0,0.8031768087987964,0.19403383457975554,0.1206978687694128,1.5815447608258324,0.7248419721146953,0.3251261440808903,2.3730468219625847,0.8072282021905997,0.2828251871132672,0.42485440000520114,0.891468851209423,1.0920486776977905,1.1508770389068979,1.3882724296022413,0.8838891327522732,0.8431645581543142,0.7235176944514283,0.08299567607708172,0.7322628722846409,0.8264990214552616,0.8800539462041014,0.9188657024825116,1.1549148768454227,1.3041791949656687,1.2979384756136614,0.20454353966095243,0.9771797657160582,0.8589272044843194,2.1648357997557577,3.69944030076439,4.544655542716426,0.8133337541000906,0.9867785586516001,0.47671599496374817,0.9496043528451837,0.32853504927880134,1.455297982837691,0.4109199854117446,0.15052150184767732,0.46313561369899847,0.2714978748043016,0.43028858514827745,0.46196230257960885,0.0,0.0,0.5313571566918308,0.06801997697478565,0.0,0.0,0.0871856711711031,1.57481782487729,1.5060279177690965,1.312074063140529,1.0486233270781442
pix5,1,,2.9029690619181676,3.9829874250618675,0.00686483984703575,11.16430421172741,0.0,0.8325152041798412,3.651327782771909,3.500556744037611,1.356164401831819,3.0019131935706156,15.351932940956026,8.990478989756431,0.7302509018036263,0.5716512495174411,0.0897295691440561,0.0015677435265957571,0.0,0.0,0.0,0.0,1.34990123442591,1.8244883483730259,0.8321765359729567,0.29216258004744083,0.0,0.7580492383897691,1.191732443734184,0.1752571443972091,6.526103410197784,6.449247185390231,0.7878522870555275,0.1054591519327147,0.2817542843113747,0.0,0.0,6.840396073500104e-05,0.12701807545281366,0.0,2.407372804246722,1.876511632996123,0.09270341821260528,0.0,2.1898357553433048,0.0,0.0,0.8532963507663544,1.867458279175421,0.0,0.313389156944636,0.455508366071044,0.0,1.9257734445365395,0.3372397267646769,0.2506620065158936,4.162481560258057,2.3923782799138533,2.018394692528858,3.5551933888598093,0.505131480631135,0.22752625569337054,2.9760107713182973,0.4073953984397729,0.41879721628747535,10.259973113747822,0.0,0.0,0.0,0.60079526973819,0.0,0.5377819069939772,0.023003159268449758,0.0013492354382226468,6.03855640763875,2.4232099721522866,1.4704610926480421,0.0,0.4743662760281416,0.19371112778796257,0.0,0.21560272820034757,2.0894786791141207,1.1755044068266565,1.3949938481464936,0.0,0.0,0.5048255130667955,0.05796722130401843,0.6939866866865464,1.0711950166037478,0.0,0.0,0.0,1.4734204234078396,0.0,0.16897332167503468,0.5367302699137794,0.36481930915116806,0.0,2.928805968050371,8.01278876648728,0.0,0.0,0.0,0.0,0.0,2.082762187768472,0.20642945678924426,0.0,1.025321819773769,0.5993559344356261,0.01606979891400983,0.0,0.17155582481979936,0.21501016343558083,0.0,0.0,0.0,0.0,0.05634917853620129,7.555024844881947,0.0,0.21251322923442253,7.286622017802835
pix5,1,0,1.8927954847412458,3.6729247629814363,0.9535931376046513,0.9834318061091625,2.51208193199556,2.415011799338884,2.294430537752636,2.7219543480341026,0.9548760829466579,0.8786388373995441,1.8551870093523182,2.381739501540721,1.383253464277462,0.6747209475294104,0.08923415431670968,0.052851872502390165,0.4901093597650126,0.0,0.0,0.002857592537333627,2.3184389062264574,3.195277506416045,0.8801314855677935,0.3445593263699062,2.12305321060068,2.384471159538813,1.1818282344381543,0.31213172456961563,2.23417066040323,2.9660424999031028,0.8348389956363472,0.2074850624764167,0.35565457501293185,0.26904261856801936,0.0,6.975112036501014e-05,0.15276421011841615,0.1286381225393573,2.1973427208065157,1.3251424386702486,0.9524402238169926,0.9563993139621337,1.8278158932622737,0.8545452472261755,0.02768739026450071,0.9119161075546008,1.079714559698498,0.3010386603968188,0.3651183736018004,0.8266823185264242,0.5381233038028785,2.1482107184927592,0.37489782789042103,0.2892062922814116,2.0426175075543385,2.1724357586515075,1.8852089600242472,1.8182025935707191,0.5556650319854266,0.2515274040297042,2.2809179483113313,0.4853336643044114,0.45770755674382696,1.043928992351507,0.3943705210113344,0.03535898162915129,0.2545696949936814,0.754071614212015,0.0,0.7796616466784854,0.024132865651670565,0.0010661332150037135,1.8427327486192058,1.9348411696267251,1.3406694097604637,2.6333670051873157,0.5512801366849621,0.21508375777938724,0.0,0.7110847860392382,1.632438983608728,0.9650992308782734,1.249847617505496,0.6412101596612982,0.0,0.4497267913426687,0.07001340172757303,0.6680282017454244,1.2830631477401493,0.307281282608391,0.5005768135682698,1.168690707764272,1.3152725012474629,1.2435074320029382,0.16774630182436423,0.6996147213437989,0.5637027974241691,2.2640735800127794,2.8375979367089053,6.157565071646765,0.15776835537217418,0.9109569535422845,0.32779614740779944,0.8266974078195578,0.0,1.7046917883565496,0.21108169526468062,0.0,0.6943856084984306,0.5205100112009717,0.3953584202472991,0.20074864733334227,0.16134497026722824,0.20850937028931055,0.09267585688471229,0.019886465445109837,0.020013825932574923,0.0,0.05393363924523981,1.9876520171310073,1.3535642713913736,1.3981196710871762,2.030608138890645
pix5,1,1,1.4042293308037699,1.8443816591067483,1.0221255554399884,1.0049436312336157,1.6757977764604997,2.0947710183671227,1.4410654482112657,1.8043992699438345,0.9967971550987337,0.9789982589290894,1.2231280574448458,1.4358097076564804,1.371189299369582,1.0715212288502463,0.11526800395101496,0.12367947667869224,1.042875064898866,0.8695853511385366,0.26350550396761585,0.1928067603794498,1.3467409028542898,1.7123107661300554,0.9559234099316851,0.32211308021221124,1.4626157421985193,1.8520812172573435,1.132876110676342,0.4296157103733438,1.3885592817383139,1.6963241589019247,0.8669589828547856,0.3551837857860211,0.7408887256210426,0.8860375562585191,0.0,6.801469443613163e-05,0.39335408418957224,0.7506818042290386,1.4568891160663529,1.05700604725135,0.9948700635883548,0.9954821311867093,1.2106344783603293,0.9503097724504942,0.9364123303686813,0.963759636820368,1.0096354397970064,0.9063166958515723,0.7081472522842089,0.9448576621747132,1.1039334290938863,1.7141714211684953,0.4744074950988775,0.36925473560072314,1.6296152110600113,1.4913001935561738,1.4117773725631542,1.1231835066522546,0.6408290153551481,0.2727362888934091,1.66673201764776,0.667942224305669,0.6200038698162963,1.0068863550024612,0.9392798742849314,0.8788431753888327,0.8907540291686585,0.9380305287877656,0.5030651096255396,0.9697079348578276,0.023117626763900764,0.0,1.3150719314884616,1.1489085068642524,0.9296869341167702,1.9914958986266174,0.7300965270909476,0.3408949346703399,0.5811320506651472,0.9638512819247648,1.1579232352780007,1.0911295192874297,0.9946268665860707,0.9300941364856805,0.5747895045075468,0.7103081249198524,0.08007932300409773,0.7415218023761923,1.0314962108292693,0.9160536418788856,0.9350281669852054,1.090145170337285,0.9404836946743095,1.3432077158588336,0.14773159572061256,0.9435085694071489,1.1984932794381526,1.7767029319640977,2.223578678635343,3.3430683692367644,0.8698307702603314,0.986312094259685,0.8199990309909602,0.9511813521204919,0.645321184930653,1.300215345371979,0.39900131777819886,0.2427274575241549,0.42809017953877126,0.3093592019035708,0.533680310422954,0.42032357431666373,0.1897534031296551,0.18765380891516123,0.30899698282409765,0.12295970130374329,0.0723248453663038,0.0,0.054282690104824484,1.1259153497858236,1.1641770922862302,1.1080632163988795,1.1698163269225543
pix5,1,2,1.0664038916868432,1.1201237751490967,1.0040324694310698,1.001863722986448,1.1073417087296622,1.2279422188185292,1.0648366474900857,1.1402555450667886,1.0001870378834157,0.9996833743469479,1.0305184510498218,1.0669458445450366,1.0768247692219093,1.1205965703487137,0.28948704521894886,0.1467397952358035,1.0166651478165851,1.0268624693822992,0.7550031878934613,0.40037602831435537,1.047222787890498,1.1076584391602375,0.9790284080543931,0.441475525136616,1.070183506052443,1.1556648026787057,0.9816007543498644,0.5141335185292981,1.058415975952867,1.1265593316292106,0.8895144880268684,0.39728743873739514,0.9658920364805514,0.986803559682002,0.0,6.865104447531978e-05,0.8540244388152793,0.9578474500841478,1.0603772868664123,1.0023552379200154,0.9993772392216181,0.9994671516682764,1.0198133805845273,0.9906881646973072,1.0015493879582356,0.9934735598257463,0.9997185840803519,0.992126875748949,0.9548959068806935,0.9896076208835066,1.0242359350730235,1.1029830565381482,0.7150123622352141,0.5500165428613043,1.0920194186337433,1.0436089375365007,1.0425794600696745,1.0090527045752968,0.7738805877270317,0.4746276290428229,1.1008626194906472,0.8262892019990801,0.7529321585300806,1.0004282772094142,0.9936574993388615,0.9859315551004615,0.9874820265087947,0.9835467330432524,0.9011247272957233,0.9848307161182301,0.01662621696092054,0.0,1.0428154073646894,0.9449498326530255,0.828348968909087,1.1519159983390115,0.7889634585607844,0.5440310952945879,0.9110879899795905,1.0026722375709125,1.008096743463147,1.0232647849987884,0.9742556132673388,0.9921513372664964,0.9044671102902927,0.9581933165550618,0.13052986172235642,0.9584078673482711,0.9708505235036567,0.9964428995685376,0.9875204596298781,1.0117551883299378,0.9743995412117508,1.0480400362390143,0.12508760378656641,0.9816010038962095,1.184422252290349,1.1211211943519606,1.3623776746102387,1.3527813450888235,0.9827746901250685,0.9984176769941884,0.9593328473103928,0.9923340991499735,0.9469094282841327,1.0390318660520306,0.6427809707172557,0.49411944394172386,0.5910550361257945,0.4228993112675931,0.6959896239092049,0.5821335396273623,0.513603886095782,0.3559076162423725,0.5758712779911361,0.3760155524618816,0.42834770098831876,0.18708725330615975,0.03972145359636646,0.9700844213712596,0.9136232092378093,0.8712770065981229,0.9785096645944311
pix5,1,3,1.0062287151348885,1.0121203311905886,1.0004187143277157,1.0001109274959197,1.0104004715684156,1.025648514670114,1.0064671049761227,1.015266811709887,0.9999924429714712,1.0000410927380257,1.0030609222266953,1.0071420514658316,1.0058190675387162,1.016315638202033,0.7651623357490277,0.21537020519467714,1.0013035898172356,1.0039841730955879,0.9420742540754911,0.654014360706835,1.004656437572203,1.0114856530479552,0.9879019408137601,0.7250807618175162,1.006937470365912,1.0170821532116756,0.9778928787474266,0.7196034539061215,1.0055687703823193,1.0140483929376027,0.9598882936441051,0.6000125964908826,0.9962757590019169,0.9982317209656021,0.0,9.127178835142315e-05,0.9827014527611411,0.9945398254469953,1.0055881806823572,0.9993244820602125,0.9999225565499386,0.9999342749916135,1.0017012805649985,0.99862161221222,1.0001438330001984,0.9991630278223579,0.9997526430438077,0.999257548363469,0.9949899516451493,0.9984692819218048,1.0023430461464495,0.9851241459076558,0.910375757705072,0.8401872086638275,0.9985466428830824,0.9926159392136481,0.9801429533887606,0.9843644852017779,0.9145553359439156,0.8279663392552394,0.9987325974143438,0.9418515593336909,0.8971693064608636,0.9995968845328191,0.9989843031453657,0.9976826693297876,0.9975330513127463,0.9926102692565598,0.9817942791492803,0.9402035364315191,0.07749704952977296,0.0,0.9955000388083939,0.96761821722108,0.934596817006818,0.9976495537621475,0.9082548022312767,0.8220469260926563,0.9369139705500001,1.00083521674821,0.9647349539736881,1.0030061094339815,0.9777436133086941,0.9993627885504669,0.9623053592389357,0.9961598757893226,0.26881970501023095,0.9988036696764075,0.9539184451330663,1.0001280931666918,0.9857028323833662,0.9977000695526956,0.9572950649398181,0.9905956037488398,0.19986231196105753,0.9113983802189125,1.0041952669163066,1.0019357783365355,0.9826866165981212,1.0044609797584683,0.9974778368732178,0.9997059283594665,0.9875668457302188,0.9975663696310996,0.9592559033268718,0.9930327813487843,0.9059582326044614,0.8122809652514851,0.8879420089623237,0.7769247816742321,0.9174345787493433,0.8413732949680499,0.8773306501871286,0.7629823640022627,0.8872807566587202,0.7679916192255024,0.8504947736764793,0.6976831886315735,0.0,0.9696798641059615,0.9204594553032367,0.8954338747098954,0.9716874945073228
pix5,1,4,1.0005129949524356,1.001093727382874,1.0000362810967076,1.0000019991155802,1.0008930157205929,1.002546295477301,1.0005762422698703,1.0015136739708703,0.999995870320525,1.0000043693474383,1.0002736944988675,1.0007047376621037,1.0003266241985433,1.0016267917050732,0.9679362662137061,0.7197239417476063,1.0000727537065544,1.000401150332181,0.9924586031626725,0.9023066360811639,1.0004188818154014,1.0011390633473698,0.9978887324842074,0.9346642167195776,1.00060744842413,1.0016941179074672,0.9960208998201294,0.9222510523439329,1.0004794045307612,1.0013981675052852,0.9941281995491829,0.8890031106380606,0.9995605274089123,0.9997398033630741,0.0,0.0003434637168536891,0.9981448374166655,0.9992694419178334,1.0004424583972884,0.9997716649618387,0.9999848681761508,0.9999873592898507,1.0001150503760607,0.9997715370613807,0.9999460758556395,0.9998728285790928,0.999911129793941,0.9998912020625013,0.9994698104305165,0.9998025886555989,1.000181050937496,0.9927872214170295,0.974010700742664,0.9511250953617915,0.9974548142978426,0.9976201302616808,0.9935617352932021,0.9941256318992917,0.9697978018572069,0.9428959382503829,0.9970204889572342,0.9848910329981415,0.9712400191215574,0.9998429913980105,0.9998549216756883,0.9996269470631607,0.9994473625210247,0.9965426341678556,0.9940983247862254,0.9771780168964389,0.48397884080904907,0.28090237931442175,0.9973101627379289,0.987772305722494,0.9776896663286124,0.9952274046080981,0.9725000280533711,0.9483385482240789,0.9698795475785418,0.9999878974410235,0.9807930193667249,1.0001984369932273,0.9893108138042223,0.9999031089042929,0.9840223996525586,0.9995278135814142,0.6629159337810447,0.99914241339032,0.9764766882126985,0.9999311298087762,0.9929711352306102,0.9989302651821139,0.9781954088391576,0.9958433309899187,0.6197480293010917,0.9698516791138254,0.9926376380530336,0.9974453550244428,0.9717273919357385,0.9923519165453729,0.9993428865599011,0.9999352894514062,0.995270912189364,0.9993579382737369,0.9806355718753555,0.9966546456141848,0.9825973841580883,0.9633595719439112,0.9789008505972685,0.9557268938246144,0.9845610778059667,0.9685831512590867,0.9788925858345037,0.9563346459673443,0.9792642948038192,0.9551899538755982,0.9728842575412565,0.942017189357197,0.05172189525731404,0.9907806036242767,0.9757515559472141,0.9680842553829175,0.9913706499788495
pix5,2,,3.607636490330136,3.6131484975717023,0.0,10.42480129141457,0.0,1.3148864600741255,3.4609108316501684,3.7588587262834143,0.0,0.7897901779645697,15.922608590082895,8.498742790086162,0.6671354882277714,0.6827438607636023,0.09463186095091282,0.006373705017281118,0.0,0.0,0.0,0.0,1.500455471558675,1.93706931732485,0.8402577343230939,0.30169189042149047,0.0,0.5797659478538805,1.1872759874934231,0.14470805331820913,5.807937697133136,6.106359114639465,0.8031032906946702,0.08975271719305077,0.28431465965267955,0.0,0.0,6.888186786803653e-05,0.1253796990558049,0.0,3.243292086882037,2.1463485900423387,0.0,0.0,2.348707293794585,0.0,0.0,0.9365981186083491,1.2938628726753956,0.0,0.3557570736909663,0.07111733421893271,0.0,1.7248412413485414,0.3059779656743138,0.29751981633566504,4.6702579524374395,2.338251855528648,2.1017485574764954,4.133654842114498,0.5682210463399355,0.24573718938942057,4.336382168386707,0.5011680944202869,0.4654009634971432,8.424755789007822,0.0,0.0,0.0,0.354299837626171,0.0,0.6505272284175101,0.03441148359883346,0.0,4.3407430787066525,2.570717534350869,1.9091414439542242,0.0,0.4714559748252327,0.11436393815950321,0.0,0.0,1.7643653251715505,1.2119219822839284,1.550384575775898,0.0,0.17876715183776729,0.7024824637170254,0.06835412297947721,0.7118030838796137,1.1240919207746944,0.0,0.0,0.0,1.728462072311808,0.0,0.18501575564547115,0.5680770420296465,0.21963844658382814,0.0,3.1556646682186407,7.778013401923204,0.0,0.0,0.0,0.0,0.0,3.6151080223641814,0.30465341423419023,0.0,0.9419735601043945,0.5731784212352322,0.0,0.0,0.12645182995135776,0.2071686405316563,0.0,0.0,0.0,0.0,0.05733582544458859,7.773858514120567,0.0,0.5093540157012719,6.971334125121027
pix5,2,0,3.767310853709089,4.0178093189134305,0.0,6.997840274559543,0.0,1.3250824572229039,3.5764776593211085,3.7479442602001938,0.28615244627488245,0.8214451010206312,13.307907942850068,8.62709393027451,0.8186032177934484,0.6808915845370999,0.09452380928945638,0.007280962462458426,0.0,0.0,0.0,0.0,2.033897969710436,1.8999373352162605,0.8399748039342537,0.30297358873555674,0.0,0.5331957330799584,1.1864900658319821,0.14634395290064786,5.393379062540885,6.130908774319259,0.8043406896590667,0.08947178662548776,0.28501986524780853,0.0,0.0,6.899659669128726e-05,0.1254798055654889,0.0,3.243192460612207,2.140421450843134,0.02101854774599753,0.0,2.347738519428493,0.0,0.0,0.9370623774771445,1.2934072828823977,0.0,0.3552531990876046,0.0794819161942409,0.0,1.71288129720679,0.3060918027196779,0.2975992388986388,4.704453950680951,2.3379129835668273,2.1017320445755914,4.130332567758526,0.5683560799328515,0.24564457470307052,4.384853681720575,0.5013078018943583,0.4653607029373056,7.5157175770630245,0.0,0.0,0.0,0.35472556767979296,0.0,0.6527968519584658,0.034416834612242105,0.0,4.327169267629015,2.569568505839552,1.9093179814898278,0.0,0.4715949706490615,0.11439829547997722,0.0,0.0,1.7633392112028385,1.2134999456743205,1.5498420480015456,0.0,0.1794007788288699,0.7032319980081597,0.06838495032807415,0.7116457884467354,1.1249512379520732,0.0,0.0,0.0,1.727967599929527,0.0,0.18501138427976987,0.5686933059484713,0.2199566612629375,0.0,3.1553942580230676,7.7607228271569815,0.0,0.0,0.0,0.0,0.0,3.6238130856622965,0.3060417987236721,0.0,0.9412692017553583,0.5734003039301794,0.0,0.0,0.1261886998022349,0.20718538029049777,0.0,0.0,0.0,0.0,0.05732209282719565,7.7308879862145865,0.0,0.5200696162158134,6.9391561441659775
pix5,2,1,3.5222973351009093,5.069243676440909,0.0,2.346370072712519,0.45649764456681613,1.3955435730802144,3.678281749888334,3.787000778548416,0.7990652266208932,0.6601320248375547,6.5498595344275525,8.372091864578534,1.0811486691204968,0.6830717830459654,0.09413974514995793,0.010811164933046598,0.0,0.0,0.0,0.0,3.2779055997960334,2.0354929115117324,0.8435828998718196,0.311449320263889,0.0,0.500841447763809,1.1850301021013572,0.15719177339836932,4.469845734913736,6.0115877513910565,0.8061088097742364,0.08834836858002333,0.28941418971669375,0.0,0.0,6.945978356449837e-05,0.125860578472527,0.0,3.241489440810534,2.0938696362897606,0.2970926241705562,0.0,2.3395091578487635,0.0,0.0,0.9412784240857491,1.284404196486803,0.0,0.3509862618159173,0.15320939367942055,0.0,1.766150757970544,0.30700035101497913,0.29856623810978916,4.5462357060133725,2.3349498290271975,2.100065478560253,4.0948556647228145,0.5694887142229956,0.24578006719328888,4.355709517034759,0.502825552734166,0.46627860821169503,4.099004254185867,0.0,0.0,0.0,0.35918452633037856,0.0,0.6728977167082277,0.034443858646647785,0.0,3.907067181023063,2.559047132190922,1.9074103766361676,0.0,0.47290010064463106,0.11450201920512455,0.0,0.0,1.7561577318467059,1.2035730396933044,1.543171636791148,0.0,0.1840610978629242,0.7095060309564424,0.0686177915786605,0.7139773926382956,1.1303079567771772,0.0,0.0,0.0,1.7252407527670637,0.0,0.18495162661904027,0.5751895838252468,0.2202803792210857,0.4971553335864649,3.1548282877127254,7.676068229445766,0.0,0.0,0.0,0.0,0.0,3.6713085716079608,0.3076084818617148,0.0,0.9388275853152013,0.5756499299203829,0.0,0.0,0.1242247578819894,0.20755224499256308,0.0,0.0,0.0039040161270058747,0.0,0.057098052442051093,7.451959186777943,0.0,0.6167225544867125,6.70430347768735
pix5,2,2,2.2155676819378898,4.776672725139961,0.43892952710330113,1.0690415598781073,2.0922313312907166,1.7570807868467988,2.7569350365340277,3.8533761999110507,0.8694969272045447,0.6041828465664447,2.8666943604555257,5.327035430664711,1.2454587796758334,0.7038704173376927,0.09132263912598429,0.024912404865350034,0.0,0.0,0.0,0.0,3.0750480595699425,3.2277920295978526,0.8659149347269883,0.3476683836530223,1.5349735130706599,1.139772836391727,1.1764168135901751,0.22881935596158548,3.130548365290787,4.88294267641338,0.8175891930044553,0.11473999237406163,0.2932069040258398,0.0,0.0,6.967615724550262e-05,0.1241719509504127,0.0,3.215661022212482,1.7912985985666627,0.7944358528303997,0.7895189567659576,2.221565669894233,0.4822013930749423,0.0,0.9343168257784765,1.06018977032622,0.0,0.3325497596453426,0.4730062986631468,0.0,1.986307202172454,0.3153513035229934,0.31027344056659334,3.080490417180427,2.3068510147959334,2.086098275306618,3.6045591360021985,0.5797758251740985,0.25282632825814727,3.2266406654416726,0.5179298939398613,0.4776549830065333,1.4482598884178046,0.0,0.0,0.0,0.403310381906324,0.0,0.7617897122615503,0.03468214008647653,0.0,2.554247525568797,2.4585255578238345,1.869508577828356,1.4372950583256447,0.48526453844860423,0.11325482997033692,0.0,0.18486361830941356,1.692470151445316,1.0026498433281799,1.487863697931815,0.0,0.2351572816300946,0.7041889119397394,0.07052865523098924,0.7278697741122694,1.1716662238523332,0.0,0.0,0.9447300423170483,1.6919928383247647,0.0,0.1843095003271333,0.6258031220001233,0.24214225076085563,1.7084322312225004,3.1477305761152494,7.487362304945897,0.0,0.5353956886575735,0.0,0.0,0.0,2.860037138439597,0.2483694586193553,0.0,0.9273948625050288,0.5976267627173878,0.0,0.0,0.10813720366516413,0.20394096930631986,0.05588212226706374,0.0,0.03193276960648182,0.0,0.055614096822133516,5.61150976172224,0.0,1.189748279046509,5.275324306381932
pix5,2,3,1.775319451338226,3.123416667157637,0.9722213296251029,0.9879153195093964,2.2944751409364215,2.6663662174581235,2.0485865744747103,2.9443636824015478,0.9687426221944301,0.8666819376985655,1.6594247251675922,2.5485108052021506,1.4094232157247937,0.7570681174168887,0.09814315618069736,0.060902972860417924,0.6922862025985104,0.0,0.0,0.007250846109332722,1.9958010816846445,3.360541158572713,0.9012233209383687,0.3432922380071442,1.938663953319559,2.4434397093029347,1.190061911761495,0.31845556645007506,1.9708579511729034,3.200881165324905,0.8577371520181666,0.19491746989409606,0.4427156228664222,0.5835340768648247,0.0,6.896314494432114e-05,0.18381067405043897,0.2923532382541521,2.8513339066393257,1.313141083571047,0.9757730048063286,0.9783201953853372,1.7396815015126368,0.873991647334218,0.5298365318925526,0.9379952611808143,1.0251787598845967,0.637046852797732,0.45302971153487687,0.8692759202506437,0.8594073885601703,2.088630546577561,0.37433806199652536,0.3806802581685041,2.134092644245709,2.0739986958624046,1.9566039498812184,1.900728749440362,0.6351810120951792,0.2949147345131039,2.339136230340394,0.6044649329602813,0.5254330317147731,1.028450434797036,0.5307052623233139,0.19502239619758002,0.2703705642143233,0.6493162967486047,0.0,0.9035947831604779,0.03594080286799027,0.0,1.7835342836375074,1.8675046902464152,1.57344018155822,2.6378812316595366,0.5713244703527398,0.15027200413669356,0.0,0.6634614912618767,1.4149151882605893,0.9626522986883554,1.2716716731133482,0.6381630064816924,0.43989022633259606,0.5981914157196846,0.07960239011161013,0.6991737998013356,1.2776313648625597,0.33967080236361347,0.4791098392731797,1.180723485496416,1.450576484354446,1.3471924436254525,0.17982730401593064,0.7608409147321803,0.46977444406775853,2.372723883081095,3.0554689213283757,6.161901829022797,0.18523417283623955,0.9278750894974911,0.5335658942858581,0.8153589779449555,0.0,1.7560851452049322,0.22406193091742008,0.0,0.7346474344562336,0.5176014463897846,0.2337681435496328,0.14279569927698688,0.10884200619390473,0.20674454769782882,0.11424679625212718,0.038718868994321115,0.050444961889141375,0.0,0.05504452439499851,2.1056022689267007,1.1923614173475445,1.7185243223026876,2.142579280182468
pix5,2,4,1.2836105773022124,1.5936623787275896,1.013005059853752,1.0019277975144079,1.4733991155253077,2.328876636724675,1.3147069522551171,1.9768012278325402,0.9973013739019734,0.978183269289838,1.1595389627337622,1.5232191843065808,1.24744795342596,1.1926897923981075,0.13577725061105142,0.13940151724118088,1.0258693391145266,0.8994555064820634,0.4491671085865512,0.21512582886516993,1.2545270936721071,1.893307663676192,0.9787273096025094,0.30019139792628025,1.327489441896988,2.008537357933809,1.0866578458773066,0.4824799679645904,1.2806764994931472,1.8824513042425766,0.8632895845540182,0.3568394570881614,0.8607485535454531,0.9444355979566721,0.0,6.853558707672987e-05,0.5743137293763757,0.8624368393257935,1.6733795018012863,1.083278810284206,0.9975811495977193,0.997869229116076,1.1402523267903713,0.9761102313655248,0.9970666752969897,0.980236136639913,1.0059111873689224,0.9567085451023208,0.8342938615340701,0.9787203793217337,1.1098505636771427,1.6105559911703897,0.5269951752238038,0.4887319235336954,1.5713693051511362,1.3869607971081357,1.408924822401244,1.1540873421324143,0.7126501930381238,0.36356249245689554,1.6023416847411522,0.7591815317225638,0.6999032173290305,1.0018314413900653,0.9538097542741801,0.8944098877548907,0.9073006321431876,0.9260043556684382,0.46297965728009705,1.0845051826646306,0.033803761962888215,0.0,1.288317425143251,1.096165585318509,0.9754439987788099,1.9019059737629307,0.7524610119782819,0.3412089584025435,0.6427695076539345,0.9895260104634277,1.0693103680246963,1.1214469514719683,1.003011894266562,0.9376008486580307,0.7911799899228623,0.7813510380984305,0.08556581356901892,0.8187952042620754,1.0008589411436373,0.9481820698116054,0.9323818101483262,1.0839543590656702,1.114934863250803,1.3334280840081436,0.16327740313235595,0.9809455598924117,1.1487844822377968,1.711662186983962,2.4308208734564714,3.2283839872295825,0.8938168489964115,0.9898913299083565,0.8888242689744963,0.9610639548913387,0.6396693268336423,1.280240847515408,0.3766406941733934,0.2611044714523271,0.4344452000216801,0.292124323496609,0.49622811860026184,0.4041724743137856,0.14338428326199687,0.1949981359150889,0.2740881490441284,0.13847608168159667,0.06533990684016708,0.0,0.05592395800037517,1.1582405554589799,1.1990910819118035,1.2382515755747425,1.2086410824262797
pix7,1,,0.0,5.973855511254204,1.3075017444341568,0.0,3.6396383003244677,0.45772166350583643,0.0,5.98187858157902,0.0,0.0,2.097258115082422,8.098245326565621,0.0,0.0,2.2201671320277367,0.10522575248931279,0.0,0.0,0.0,0.0,0.0,3.4478636701831946,0.0,0.0,0.0,0.18269973791682145,0.20726646720653005,0.0,0.0,0.0,2.0854976355913735,0.0,0.31670158952975425,0.0,0.0,0.03220920408510465,0.131807097722012,9.197502557118783,1.3352840848059702,0.0,0.019074293665409595,0.0,1.0858918769282824,0.0,0.0,0.6490867738175385,0.0,0.0,0.0,0.0,0.0,0.0,0.0,0.0,0.0,0.0,0.0,0.0,1.0458108562703525,0.5320330017103044,0.0,0.0,0.0,0.0,0.0,0.0,0.0,0.509048130204595,0.8810642512382839,0.1505800124053866,0.0,0.0,0.0,1.517072990034002,0.45739478644390036,0.0,0.0,0.6418218886266833,0.0,0.0,0.0,0.0,4.533301921020239,0.0,0.9771435680086002,0.7376564002000788,0.0,0.8875367704872569,0.0,0.0,0.0,0.0,0.649041199494446,0.0,0.15065315475047242,0.7606714206400175,0.0,0.0,0.0,0.0,0.8405591161591727,0.0,0.0,1.8446034646049427,0.0,32.70516596680863,0.0,0.0,1.0363974562393579,0.8354609295796667,0.0,0.0,0.18485370426423106,0.010769953817069057,0.0,0.0,0.0,0.0,0.0,7.616347785032779,0.0,0.9465026849086056,0.0
pix7,1,0,1.117907608239148,1.405407625349215,1.1256178784919455,1.0,1.2693645816966734,1.5339656491212208,1.144009642615014,1.2904476014047066,1.0,1.0,1.0583940078903733,1.115360568727915,1.0449374123368682,1.0891312944800378,0.9841476586704363,0.6072046643946676,1.0,1.0,1.0,1.0,1.0409886166527382,1.0815017764018293,0.976888832894109,0.6063962481729835,1.2095391918090532,1.418540947161968,0.8795132237524698,0.0,1.0568274107061333,1.1139435241482447,0.9792823531032299,0.4382292675373462,0.9097326533653566,0.9616385539458242,0.0,0.07154314569537126,0.9776450612788136,0.9899186044211267,1.0062900474320566,0.9906002639254599,0.9778645366147353,0.9825659674825625,0.9925111410346122,0.9096028815912176,0.9688433496440314,0.9236719081447009,0.9670389968605588,0.9783273755514178,1.0,1.0,1.0,1.0067823444431263,0.8325373522809352,0.7453481059276245,1.0,1.0,1.0,1.0434582126730265,0.6624763137626603,0.35061176612693173,1.0,1.0,1.0,1.0,1.0,1.0,1.027971748309285,0.7960868175960979,0.6344498554921497,0.934932548151237,0.0,0.0,0.9933203131304302,0.885170570838101,0.7615698015677801,0.9879231281175557,0.7654532096787011,0.6882113572679525,0.5951246128981805,0.9232170012389529,0.8853066094721794,0.9664191628090432,0.9411405609282516,0.9767615027086568,0.45150322675132354,0.8673129317538061,0.0,0.8575846308354429,0.6610744969400717,0.9315318643685786,0.9086720770813191,1.010297093518703,0.49622765864495666,1.0268345458557302,0.1287951549099829,1.1178672016914997,1.0,1.0,0.437033232535107,1.0037444287910782,0.8722293673453455,1.006095851606367,0.839202570008892,1.0190699834705623,0.7052718487406165,1.048349006218741,0.3284018432983129,0.2516651718932364,0.3370571455893425,0.3462341395947254,0.5228311057113939,0.5192216532177574,0.6600427517056444,0.4575481113948938,0.2736288949599483,0.06462648237885595,0.2721576973886876,0.18682184213914282,0.0,0.9469913174109457,0.7611515712642289,0.7220240306137976,0.9286388216276243
pix7,2,,0.0,6.3536833167925595,1.2748237699124432,0.0,3.017171639133816,0.5090941326343975,0.0,5.9722987359307105,0.0,0.0,1.843433840508952,8.186419041378196,0.0,0.0,2.322737857207422,0.0,0.0,0.0,0.0,0.0,0.0,3.3446806763328456,0.0,0.0,0.0,0.18231921226901449,0.17956382954587796,0.0,0.0,0.0,2.112720142030803,0.0,0.2694469036125489,0.0,0.0,0.04113317282779621,0.033924808216438986,10.255918147944623,1.3031730333224958,0.0,0.0,0.0,1.1556565300295827,0.0,0.0,0.6241809629052714,0.0,0.0,0.0,0.0,0.0,0.0,0.0,0.0,0.0,0.0,0.0,0.0,1.034835320131618,0.509842307573399,0.0,0.0,0.0,0.0,0.0,0.0,0.0,0.5403031956808223,0.7821797569407508,0.11398072777004378,0.0,0.0,0.0,1.654580082117147,0.658512703321602,0.0,0.0,0.754908458035262,0.0,0.0,0.0,0.0,4.65313528585657,0.0,1.1458403211843071,1.062522207537524,0.013292159490017767,0.7525548138892305,0.0,0.0,0.0,0.0,0.37225174290473756,0.0,0.15403214040451693,0.7421134697200399,0.0,0.0,0.0,0.0,0.9546425812962659,0.0,0.0,0.0,0.0,36.768919120684934,0.0,0.0,0.9988811603188223,0.8363892292089791,0.0,0.0,0.1538790444269545,0.019390535902219685,0.0,0.0,0.0,0.0,0.0,8.00806579284353,0.0,0.9367415021964419,0.0
pix7,2,0,0.48008148689288166,4.844609331096842,1.164205317114872,1.0,2.642489786606109,2.4323735054768796,1.568345692581476,3.541034379649658,1.0,1.0,1.8478842030181108,3.398747473476795,1.1460773801464328,0.8474557586127806,2.1095768850300365,0.0,1.0,1.0,1.0,1.0,1.3415514309161245,1.929396931799201,0.5525156657924639,0.0,1.146304144377302,0.26821752493023227,0.2145106545922819,0.0,1.2021763005276853,1.8585700637980747,1.7347682833681697,0.0,0.3594524047109625,0.0,0.0,0.05567324463011942,0.3576323230070483,2.4360905349303335,1.325907898968077,0.0,0.09941589232030976,0.0,1.2086099592675525,0.0,0.0,0.7133746388417823,1.7112547281909598,0.0,1.0,1.0,1.0,1.978615296900591,0.0,0.0,1.0,1.0,1.0,0.967655688514412,1.038077330436598,0.5039511873055477,1.0,1.0,1.0,1.0,1.0,1.0,2.1913873150417653,0.5511958289764682,0.7905628596810869,0.4632446713384185,0.0,0.0,0.0,1.6239000394956642,0.6553986546983829,0.0,0.0,0.7658174540740644,0.0,0.0,0.0,0.0,3.7249558483817165,0.0,1.1612251231235942,0.48991026795608633,0.0265794213772996,0.9813827594624702,0.0,0.0,0.0,2.75635084314178,0.3727682443810082,0.0,0.15862935874407358,1.113907271526601,1.0,1.0,0.0,0.0,1.0129691368142297,2.5279053468695407,0.0,4.43956199961415,0.0,16.28068258506581,0.0,0.0,0.9517321786686762,0.7998213492158448,0.0,0.0,0.25505918254822435,0.11875352632677104,0.0,0.0,0.0,0.0,0.0,7.585476021238011,0.0,1.1809506827853054,0.0
thermal100,1,,0.0,0.4813399626927254,5.833847259963621,6.937795613891524,0.0,0.0,7.809740296296642,2.517698723742473,6.042951749361257,7.565909694541793,14.51796828542447,3.9483921703821125,0.9212786100567534,0.3660294414204456,0.11288344194192357,0.0,0.0,0.0,0.0,0.06620643762162624,4.889090314507721,2.816674782903273,0.8425331719892927,0.1033255904054648,0.0,2.958781659879251,1.1252788535022782,0.29708907973840876,10.498479844106049,9.308350670011473,1.1786410001547856,0.5203666818958249,0.07565706143877299,0.0,0.0,8.45960330200017e-05,0.14005877014820894,0.0,2.2756987855438524,2.276203064485104,0.0,0.0,2.0110871359774563,0.0,0.0,0.9197690257013972,0.0,0.0,0.3317862245266722,1.1228132081618458,0.0,1.0327588995588917,0.0,0.19655868912021318,3.741765337652269,2.687714780042389,2.2404329194020174,3.085625882831612,0.34757365700367143,0.5286571743581504,1.9239322508052876,0.8633951743039898,0.17399148151439567,13.067638882423864,0.0,0.0,0.0,0.0,0.0,0.3120592749910451,0.15083918116499392,0.02534304189468134,11.91227561156836,0.6102983408585497,0.7391464824164508,0.0,0.6235586246357411,0.3371611536885376,0.0,0.0,1.9574694187577533,2.1787427385451874,2.0174808922382974,0.0,0.0,1.1261579009997733,0.09459108581686333,0.5496820509985653,1.9255996251781429,0.0,0.0,0.0,0.8921728935206145,0.0,0.13997871231559167,0.6181783022282853,0.0,1.8317164220728872,4.03076758666432,7.596109671809081,3.1067615134195483,8.003301195880894,0.0,0.0,0.0,0.0,0.10879850505036814,0.0,1.1474412291242642,0.6487526407090207,0.0,0.0609852056402773,0.0,0.0,0.1924586749247628,0.2597001944379716,0.0,0.0,0.056293150269896904,14.467137299941319,0.0,1.2644537276558039,0.0
thermal100,1,0,1.9086094895456578,3.476188975578486,1.6238106807461854,0.8927695598790496,2.6644690267319566,1.1608168688665947,3.660389368178197,2.7326618254442616,0.9446625767163886,0.9801669529722468,2.3159506494256816,2.0082432398331305,1.0630089726216643,0.5202190016486952,0.10943961839571105,0.047049042803992476,0.5934726536811464,0.0,0.0,0.11012186798974423,3.695388319334706,3.7955345181532514,0.888422773078249,0.1682674266275918,2.3733617134146354,2.905386222276793,1.1243193027700875,0.5715999921114798,5.555806547871359,7.206071572306204,1.1890666896086952,0.48523150354460237,0.11330947408552644,0.0,0.0,8.226995521048773e-05,0.14984714027562127,0.140010294330171,2.2595648048253327,1.9837791683763635,0.19725228653307858,0.2770017785297633,1.8274984749526118,0.22357305039874875,0.0,0.8433101922778163,0.6487804636341815,0.0,0.382100645818731,1.0568769876527695,0.0,1.416969929243819,0.0,0.20785317459687128,2.075169862976535,2.5850883024083626,2.158349881126545,3.183048301464303,0.334823916968965,0.5175747876712242,2.2855533116467184,0.8735567522169129,0.18106464835500288,1.32861182016268,0.5580502042233777,0.5570523472668811,0.21575110939837713,0.21089345012179941,0.0,0.31824493164448736,0.15000463062052066,0.025925041046933443,3.112855351766005,0.6409807070239193,0.7840656873486785,2.7081914403421044,0.6355068381190876,0.33192974272268344,0.1170978262427382,0.5728893320319716,1.7384091582642587,1.9269937516061106,1.7056512826719568,0.644235574513687,0.0,0.9424823474332408,0.09876418130253627,0.5388263418514171,1.8470022432050819,0.0,0.6023172891881532,1.2804888708487585,0.9276777767568839,0.0,0.136930968222449,0.6146470930512478,0.07068767758189579,2.5545815553863576,3.9575095784941343,6.952502976108468,1.7160570268631592,1.151834320570184,0.0,0.20412476528011733,0.11847668840648062,1.8878095855705952,0.24336447451720541,0.0,0.8131537766327512,0.4912862798884876,0.11283100882196795,0.30907599400705316,0.0,0.0,0.3953924122301703,0.3124487338316077,0.0,0.0,0.05634226627815633,3.6027751594264616,0.9036094310048794,2.2980649810298064,1.5961409242687956
thermal100,1,1,1.9604901302375524,2.399337614578847,1.1246556983668359,0.9750320979896027,2.429063893104338,2.593453823358636,2.072046051796278,2.271000917901307,0.9821416588070756,0.9424414275723421,1.4364158814427253,1.5555010941315175,1.4947692177598109,0.7213751748515889,0.13287007234433576,0.11925639874537958,1.4459089238591756,1.2231458417496903,0.0,0.23838756910151415,2.0189723212991164,2.6402177586536553,0.9859477400182348,0.2453446712808586,2.050859598109317,2.5376866176037205,1.1802235665907614,0.7997734252067253,2.7244140557800067,3.7051272699411872,1.1846395014841773,0.4231120595751978,0.3825784987774452,0.5016273504648557,0.0,7.766481795739037e-05,0.2358790136752562,0.6507224816218001,2.000112563266925,1.3496104899121615,0.8955501565339351,0.9220147396661444,1.3042600666471231,0.824111595263131,0.7709496327394004,0.9023324204650088,0.9372664593764245,0.8738274402061211,0.5904798670550389,0.9766598992748611,0.995147018880639,1.8412798839372746,0.016146655184217474,0.23503664807450075,1.8575663221867607,2.049012555233557,1.7892665812020083,1.8050896437330175,0.30017239645309524,0.4765968375971838,2.058507827596146,0.9038492127471226,0.27233309512758547,1.0443167622946803,0.9391309523306927,0.8949011272342619,0.9312691244086836,0.7183809559136987,0.3865701982716117,0.32456124860599006,0.145284999093963,0.026024619076715542,1.70604756354562,0.7463871117186589,0.7733915779403164,2.5703753134380922,0.7373107371697174,0.3811591974814451,0.7069687521655444,0.9553803388026667,1.3226044291449062,1.3774400969206984,1.1704949025988287,0.9455660464262496,0.4855393541973295,0.8177192432521274,0.11276544298460214,0.603785449365843,1.3323197536628075,0.8231186721931251,0.9580685979030233,1.1790822461505264,0.8299863913778621,1.1765657231064446,0.1279464092706252,0.7905399203506501,0.7532526767079596,2.2482610390221227,3.422669816563807,5.064670070037823,1.069662997361813,1.0172369087356088,0.2985248543143069,0.93024970283676,0.686516852695221,1.5489020639112452,0.49211024722005564,0.26341513765593366,0.5148304919572155,0.3596015923790723,0.5118081661891513,0.47236466905051294,0.0,0.0,0.3924155725014893,0.27585477369850203,0.0,0.0,0.05651857422541856,1.423819962880542,1.3805514639678391,1.7013373284275752,1.236097275602248
thermal100,1,2,1.2546542547022472,1.3018340824371784,1.0221691346390167,1.0022036529849983,1.3591054871819732,1.6478947813456513,1.2258223533988746,1.4090246558660107,1.0000869716553922,0.9957500618995607,1.0845605826211542,1.157392097195321,1.2562655829242513,1.2800404498647429,0.2153894465123484,0.22073999458564686,1.1559462317191307,1.249118685986014,0.5312171698631395,0.4596829050257603,1.1937142625200725,1.372073530114992,1.026624195917515,0.4591005887208124,1.2413097494476677,1.4673305959495175,1.0876853626731962,0.7941096063433162,1.349602528100692,1.647574966617555,0.9920021759508681,0.372349748760993,0.868002378732039,0.9387690270760212,0.0,7.302484565126619e-05,0.6755984013335291,0.9258055949472344,1.2971666083816762,1.058347412466941,0.9898954808448808,0.9924258030769946,1.0286293535268383,0.9704704356659191,1.006637089280127,0.9823647045685069,0.9918175347187272,0.989294950569007,0.9081280437813914,0.9903140194644585,1.055416718136736,1.3615347479840396,0.2112908301939684,0.2775982920455534,1.260286135140622,1.2357985834901557,1.194886122232082,1.1564446419414978,0.4123958503717617,0.45197844893081124,1.325903636061591,0.8516444540019856,0.5226430239863741,1.00711843816138,0.9966859785422436,0.9836003944545111,0.9987293344992692,0.9509628650131529,0.8912034413233917,0.33521733937674675,0.13195956270239007,0.025576364563265636,1.1669589009413701,0.8450323341448872,0.7977038048537453,1.4619069393689188,0.8311130585649947,0.5212516826581945,1.0291661616870464,1.0121915587112185,1.1408083149276094,1.1002230515639992,1.0206489684664646,0.9923141130165393,0.9169159921829475,0.9527179915475715,0.17597097417674526,0.8659324641204299,1.1042547207925173,0.994643999752297,1.01995049610335,1.049374645355004,0.9750827977857349,1.1305553103620458,0.1098154975508251,1.1407432504120372,1.3806051536916675,1.357378647432255,2.2114781328144764,2.10638633540016,1.000715634768799,1.002372609005483,0.898169568867255,0.9932891060828167,1.019488623075937,1.1507102175037682,0.618549636620724,0.4885732386331801,0.5521011804205586,0.40573188773705937,0.6698144687713258,0.5847353335493477,0.3409741416344973,0.1706792264645977,0.540744806752554,0.38532489554208316,0.3460643583775738,0.13594966400290326,0.05644261960359122,1.0347282173028667,1.030614038042736,1.0528672204825225,1.0224076281330468
thermal100,1,3,1.030403806335675,1.0350391728994868,1.0025027472346462,1.0004023344391146,1.0426195135729721,1.0903756462992809,1.026222513477063,1.0536121533074991,1.0000853279704212,1.0001850685184441,1.0096603706689262,1.0198286220439172,1.0324767518951425,1.0672236634857861,0.5784360279258322,0.2550508144425737,1.0191237603919843,1.0402191632769537,0.8673376272162753,0.5964511201376198,1.0219463197040206,1.045645468041504,0.9827035359852367,0.6695969022540622,1.0282762444063436,1.061134133459701,0.9765559202079673,0.7258664486875127,1.040176585508728,1.0830318887836108,0.9336417029162888,0.42327936467614125,0.9850998188398187,0.9929292209261765,0.0,7.517332049727495e-05,0.9517727634011239,0.9891001204759844,1.0345914769470186,1.00359303422633,0.999045349672694,0.9992622722205501,1.0017604158252635,0.996043934166094,1.0022939856352198,0.9978259138684079,0.9988973929517754,0.9993557319744337,0.9889485725147976,0.9979429621390428,1.0074178636966857,1.023652633853219,0.6470903716320473,0.5827098427365688,1.0214917713673881,0.9934426242432806,0.9808478729981648,1.0075507955906957,0.7610453711249288,0.7110802508939816,1.0295824852643907,0.8553601653236702,0.7535991379613313,1.000430386934886,0.9991321456318076,0.9971203482587262,0.9993080210226535,0.990024793747596,0.9814327533071644,0.37094153481049574,0.12310812694224882,0.022785530886405062,1.0117721264890538,0.9218331948198882,0.8889988279827827,1.0405694193704458,0.8281566148735179,0.7092146361744855,0.9794993864089696,1.004457898746422,1.0042042441193137,1.0142089778079342,0.9895064125976546,0.9998418234775143,0.9788613987216584,0.9969120190879889,0.2862414112397776,1.0001448418833137,0.9919361470712188,1.002088693806657,0.997096823771939,1.003016545228659,0.9681062327579212,1.0069334082101071,0.11330209296806437,0.9824098877464186,1.0883092848405393,1.0334329378754528,1.195368329866406,1.1026970193659473,0.9992867687523217,1.0000840778030204,0.9846290694882492,0.9987579109006766,0.9882640331068046,1.008969270735268,0.8782237582581514,0.7534521345331103,0.8527627547000066,0.7014473485442493,0.8929983831488247,0.7922069229306031,0.827481418481041,0.6728473670055931,0.8531716673909385,0.6982102662675046,0.8068275454920036,0.6168119921645318,0.05199489842795047,0.9742977873381491,0.9285794325885169,0.904912010607467,0.9750738764933498
thermal100,1,4,1.002775562643242,1.0033182641612983,1.000204248003866,1.0000181051004657,1.0039186340818806,1.0092991201788133,1.0024099034607694,1.0054534806488806,0.9999976578845332,1.0000275471351272,1.0008872894979848,1.0020051760168343,1.0025293778156106,1.007245651443315,0.9207174065611012,0.6537610261403923,1.0017185083996045,1.004209759797458,0.9772762354413829,0.8537712705798891,1.002072401170862,1.0046413130081395,0.9941309834615136,0.8919012520351642,1.0026502122721452,1.0062605373365443,0.9911046873077215,0.8984354837212725,1.0037630727124802,1.0084970968200146,0.9832956396938358,0.7817627291323241,0.9981449220462865,0.9988772259247263,0.0,0.00011312202559282036,0.994651933963058,0.9984013689766854,1.003178110224611,0.9998180719835779,0.9998449756704115,0.9998696515591787,1.0000141538616674,0.9993930863055648,1.000070005551484,0.9997049046363307,0.9997979370114761,0.9998646721945851,0.9987926735541021,0.9996554534126956,1.0006484720426803,0.9900430455245833,0.9173821074897188,0.8818204083520359,0.9983797976836248,0.9924978630030771,0.9857061026966177,0.9938951347010994,0.9312255830420446,0.9167918350350219,0.9979668420608367,0.960634463354227,0.9324640152326039,0.9998872558781852,0.9997459857203566,0.9993428717072687,0.9995818317121711,0.9961882849582019,0.9960132952547689,0.5831528606464824,0.3034398597913837,0.03383904399414864,0.9976281179721694,0.9765715333810461,0.9685145611172984,0.9971346542523709,0.9446044726592762,0.9155412489249226,0.9667907028818682,1.0002005178185422,0.9794539516720624,1.0011534298749984,0.9876167864732239,0.9998757652337119,0.9858347207042285,0.9995312262298945,0.4791936956261061,0.9976339223389517,0.9741819270974811,0.9999766360490084,0.9921010440808312,0.9990176178604112,0.9692254945421999,0.9957948744144761,0.3246044645166659,0.9568475223265137,0.9945300349705756,0.9992189412151429,0.9810247878617643,0.9976407364652018,0.9994424996965511,0.999914067822031,0.9957401414166657,0.9995552458282939,0.9775668642574568,0.9968688601590682,0.9763373838875843,0.945151793404454,0.9705887943796908,0.9319105036979297,0.9788109821926019,0.95261592087717,0.9697442534327058,0.9332543110663444,0.9714633145981101,0.9328695262688609,0.9636608792571332,0.9171357351635072,0.04261287265580333,0.9883993789472693,0.9692951148527635,0.9595322512383859,0.9889588342237374
thermal100,2,,0.0,0.0,5.088274281183914,8.130154251509872,0.0,0.0,7.985095296520513,2.210152730414968,4.155903094545012,7.504930156106901,16.57084615254408,2.723398755316785,0.8888901209882283,0.4910757537071786,0.17255445218144796,0.028130683854682308,0.0,0.0,0.0,0.42677751854045226,5.724288774764045,2.862910936498779,0.9907248848700042,0.09757410750787204,0.0,3.636475265476677,1.1151912667496444,0.728384161962615,9.637477182081618,9.755489186083404,1.1291011524181453,0.31380890613805773,0.0,0.0,0.0,8.543710831931308e-05,0.11432999429875836,0.0,3.3301609749891363,1.5209178477724803,0.0,0.0,1.983582434455144,0.0,0.0,0.7156850634957135,0.0,0.0,0.3236680918355919,1.972494101891581,0.0,1.873961137441102,0.0,0.41717516480910327,0.0,2.8875911125358122,2.9626838605661123,4.081348470361324,0.037872751583598395,0.8528910311027562,4.0049129080506445,1.0651936463850271,0.0022681552397948667,16.83451081451994,0.39724713156243663,0.4417963906845685,0.0,0.0,0.0,0.6809060404390733,0.2768646669266229,0.07748060850707099,5.363177732533585,0.0,0.021020134347458502,0.0,0.5304163570283367,0.21447715871379833,0.0,0.0,1.5197730439602937,2.0690447682403796,3.809119884752118,0.0,0.0,1.232029276570513,0.059977279324103724,0.568514031731283,1.9630046436687456,0.0,0.2706039020994206,0.0,0.28605368883394705,0.0,0.2110358280722578,0.6394222007670635,0.0,6.481036214882352,4.400237264519107,6.545092706766753,10.941310620248284,7.132679399850741,0.0,0.0,0.0,0.0,0.0789233723876524,0.0,0.7493467546192291,0.0,0.0,0.0,0.0,0.0,0.650501934430724,1.3188646936045645,0.0,0.0,0.06253418447508936,16.462247501906667,0.0,1.2161548010658607,0.0
thermal100,2,0,0.0,0.0,5.093856007810776,6.578637562095526,0.0,0.0,8.139762637204369,2.191701301819548,3.4853617303444966,7.369864566860008,16.08129895572219,2.781023902383558,0.9612337816989367,0.4942672644446611,0.1725314423520004,0.028561714510116545,0.0,0.0,0.0,0.4269185108060832,5.743205775128168,2.8543988600012606,0.9907338842866856,0.0980519565217675,0.0,3.6383345459614507,1.1158949142290295,0.7296229454209036,9.581158995654922,9.757116663779044,1.1288164738555004,0.31357083110113915,0.0,0.0,0.0,8.541584435856879e-05,0.11447359505567266,0.0,3.330142712131091,1.521027782490307,0.0,0.0,1.9835833687995417,0.0,0.0,0.7158733066018794,0.0,0.0,0.3241488027214906,1.9693776450533484,0.0,1.8687895304611082,0.0,0.41718555478948244,0.0,2.8874366861660152,2.96239010056567,4.087010540721816,0.037845402915163605,0.8528111413401592,4.024796435786061,1.0652021280803725,0.002210192134024377,16.296703783894994,0.3990097383788908,0.44631070628685,0.0,0.0,0.0,0.6809985039946231,0.2768694738575737,0.07748721076493582,5.372981011715885,0.0,0.02141546979914943,0.0,0.5304213662434916,0.21446129210915643,0.0,0.0,1.5193000664914493,2.0685439395482286,3.8076950316291818,0.0,0.0,1.2338354396173334,0.05999179340604675,0.5686457620018895,1.9637123247305177,0.0,0.2717897850061134,0.0,0.2868912356810798,0.0,0.21100801504839753,0.638861935171352,0.0,6.503696890429084,4.40003718289115,6.534183348879806,10.925079347864918,6.726091232331211,0.0,0.0,0.0,0.0,0.07886775379497127,0.0,0.7483288413999605,0.0,0.0,0.0,0.0,0.0,0.6517123436476062,1.319152183042994,0.0,0.0,0.06253495527823474,16.41381685434546,0.0,1.2243583707029655,0.0
thermal100,2,1,0.0,0.8712820178245241,5.055003458674458,2.907859979015321,0.0,0.0,8.469201592586977,2.137600354004791,2.208457457228684,5.909364560065088,11.925784386452273,3.0834336452628888,1.1388534074799272,0.5253772775329408,0.17260476142961348,0.03205965232121302,0.0,0.0,0.0,0.42766316726108955,5.811069452864589,2.812228876057761,0.9913947342069499,0.1021470267614653,0.0,3.586082561999442,1.1173384374568245,0.7396307315510272,9.333155147317102,9.774771977398766,1.1283968456485807,0.3119445044927185,0.0,0.0,0.0,8.54698768119098e-05,0.1156701176404945,0.0,3.3297887206248657,1.5223886853896955,0.0,0.0,1.983113327637292,0.0,0.0,0.7169692283992526,0.0,0.0,0.3281096266964718,1.945250476798443,0.0,1.8344108365324066,0.0,0.41738572180145134,0.0,2.886004260773558,2.9593646790641617,4.118303506113004,0.03766090718088655,0.8519204411587239,4.168988633192616,1.0653111981282046,0.0021899487968678453,12.750174524073648,0.41451187774951437,0.4817876582601226,0.0,0.0,0.0,0.6817026177797179,0.2769089025982221,0.07759456802633488,5.386283205602749,0.0,0.023253792169018652,0.0,0.5305010038474791,0.2142765611478491,0.0,0.0,1.5161642896161425,2.0686528477522765,3.79445350481505,0.0,0.0,1.2425004027115547,0.06010529619848986,0.5694483171138117,1.9691876425492811,0.0,0.28293981643100663,0.0,0.29461043287243344,0.0,0.2107622902584531,0.636444344839427,0.0,6.616088969086596,4.398565977810631,6.475149785021018,10.764914003847291,4.609652033388841,0.0,0.0,0.0,0.0,0.07710395940013294,0.0,0.7408776576595221,0.0,0.0,0.0,0.0,0.0,0.6620743802677037,1.3214364663409188,0.0,0.0,0.06254162849856493,16.000515820888317,0.0,1.295197214643869,0.0
thermal100,2,2,0.9067121691339395,3.201787654508848,3.3063539745979966,1.0916211624579275,0.8812723750704123,0.0,6.845053493931055,2.358869998561487,1.179115925235791,2.2742592412924454,4.9175486830996125,3.010049324207248,1.1487204651255118,0.5963097397598739,0.17323704774135443,0.05327134284670503,0.0,0.0,0.0,0.42357233155452545,5.233060502607941,2.9537897087953646,0.9993352038153209,0.13080282579040048,0.0,3.436581477725743,1.1170984808468485,0.8035604100955213,8.110848668678484,9.690479493406686,1.1318465899003176,0.30994979847056586,0.0,0.0,0.0,8.584962016388688e-05,0.12510222246019753,0.0,3.3245066217809156,1.5387131050452167,0.0,0.0,1.9714807865927668,0.0,0.0,0.7273348762548935,0.0,0.0,0.3589127008258358,1.7709183530855703,0.0,1.748530296092839,0.0,0.4175517135995677,0.05024358477295456,2.8728316115632593,2.9378385265422784,4.105341383110238,0.036004061137956164,0.8476350225577285,4.367561546080161,1.066774653546699,0.0057245610336567835,4.652210798278677,0.5297557517996915,0.603148171044179,0.0,0.0,0.0,0.6837864358176473,0.2772174524493969,0.078139033805681,4.727861040154935,0.0,0.038663856214912175,0.4217214201873176,0.5315865819755881,0.21204083285361816,0.0,0.0,1.504307701945383,2.0913170546213298,3.654246216551361,0.0,0.07474388872949145,1.234865055826871,0.06136447229042091,0.5720023993848715,2.0084119968807403,0.0,0.36787266485904246,0.19050161335720633,0.33910466285189844,0.0,0.20825908979299748,0.6364738217727658,0.0,6.00091604113771,4.387426299805875,6.537016641935669,9.28683126833061,1.8536162934466311,0.0,0.0,0.0,0.14434633644965397,0.04648548398535222,0.0,0.7087556200836047,0.0,0.0,0.0,0.0,0.0,0.733041842703746,1.337540518415125,0.0,0.0,0.06259981582118068,12.948611567484972,0.0,1.8144161195386799,0.0
thermal100,2,3,2.044223984837683,3.259727121409448,1.4496466233409695,0.9176609816935766,2.703905074801155,0.9565342553669268,3.3175216711036812,2.481409924253395,0.9598314298341779,0.9987528143377387,2.1080658944345285,1.8399843586973044,1.1166815166230935,0.593574933364724,0.17415361861753878,0.10993129750060152,0.935527233340284,0.0,0.0,0.3996475999149351,3.2203451603322355,3.71779770543409,1.039013360676954,0.2075157575121548,2.375135870371127,3.2522169817330306,1.116759824835877,0.9970513677417517,4.716035349536741,8.56476603929738,1.1449743742605725,0.316187186624889,0.0,0.0,0.0,8.528230135161336e-05,0.17919467513265022,0.0,3.2662453660098887,1.5087526199334294,0.0,0.0,1.795108346341842,0.12102820221361622,0.0,0.7767685760830689,0.31322666440255337,0.18922733467535408,0.4894924496124728,1.3019086899858114,0.28402188275577656,1.7379086612101444,0.0,0.4151488557328558,1.0672529206247705,2.75150808355742,2.7894371170400523,3.3684387228550428,0.02973608320972332,0.8196896205667332,2.930997417573524,1.0779307895081538,0.035005662293817935,1.4609908475974978,0.8392228246127948,0.8031535466174683,0.0,0.0,0.0,0.6874389254238102,0.2780311137763018,0.07934655119324847,2.648689208100884,0.0,0.15058448947057032,2.5880380394319213,0.5544128313625777,0.21428766599793037,0.220080890972051,0.46234602979887957,1.4967810526121843,1.8249753480408648,2.7407161566014877,0.35582527265692365,0.4457025903759656,0.9777842158211016,0.06881474804945178,0.5809680221492811,1.9464370639181878,0.0,0.7345574842344286,1.2163830615897404,0.5133501496704252,0.0,0.1978994832655771,0.6768003578596495,0.0,3.2538170377985582,4.333600672868166,6.5953015818920795,4.2602840540756,1.133428678792275,0.0,0.15438450328238507,0.0,1.7390702423551627,0.08413194975899524,0.0,0.6337545499943262,0.0,0.0,0.12930213754492006,0.0,0.0,0.8286978803759539,1.2967817220535154,0.0,0.0,0.06278673048653644,5.214979758080372,0.0,2.934732586749481,0.0
thermal100,2,4,1.761505248331754,1.982324723993924,1.0805615334253587,0.9820206742124199,2.0692377737333176,2.8031994560062525,1.7778389985457075,2.233872237203928,0.9875737766677409,0.9311635331491575,1.3103946649462643,1.5010007534493404,1.4360828021989274,0.7716610667872761,0.2117256622177327,0.17044239020947968,1.3895141177782648,1.6169953633571035,0.0,0.5317259890105207,1.7941738598982282,3.127236277831749,1.0902071905223851,0.2465005474947252,1.80106642047118,2.883181114395229,1.1653806399596307,1.2353362251126425,2.409303162107568,5.077178214544988,1.1595782548531592,0.2611673067481462,0.4291275064783369,0.5265825239478231,0.0,7.760028576165021e-05,0.33534459422868934,0.7012443108279458,2.730373946563799,1.2229396752306225,0.8089295927174389,0.8658111872335015,1.1841451340065847,0.8409646309582668,0.9310170625103606,0.9073736582389574,0.9076775319563074,0.9227002613727041,0.7308525164223119,1.0167389027675091,1.110859579418493,1.9118568232387512,0.0,0.42101662147010155,1.6705084394192842,2.0666665557960995,2.0564802477757644,1.8426822596787318,0.0,0.6915104964050726,2.077128778937623,1.0756663307405512,0.1832110649931803,1.0542053875779964,0.9779993977786514,0.9154738270759782,0.8908890528315171,0.46597668310528617,0.2924242571572907,0.6932670965362903,0.2734428656892833,0.07998402786916033,1.6175817490914204,0.355822374589444,0.5073702888528423,2.455822092463287,0.6811892466959142,0.303387063462236,0.7874830313880296,0.9342536919299805,1.2670509984210268,1.373390740908138,1.4133014101162884,0.9108293985389355,0.7893081495322907,0.8154892742478621,0.08489351833745905,0.6512313119429789,1.3974254860266153,0.8182246105467282,0.9842783153637389,1.1598419397045912,0.8363727934035189,0.9979929449911302,0.1827808321105082,0.8726452214927047,0.6472422406431533,2.2320728435504678,3.860618090160873,4.904427968690306,1.4481871867520768,1.0177558360772174,0.1714986609855288,0.927418438043457,0.6143031805664867,1.491513608042266,0.47252647893819977,0.24942665492597949,0.4684813385560784,0.12902327735709646,0.34237608691920357,0.4138905922169936,0.0,0.0,0.5468070719646343,0.875563153965061,0.0,0.0,0.06273138289635376,1.6993095767674096,1.0652312940023039,2.1560239067494638,0.954122518327344
thermal25,1,,0.7309992259607316,4.885098920695716,1.7518476611817941,7.5593154176311765,0.0,2.379881597905188,5.366964236052279,0.0,11.075005697590056,1.9964752262985221,5.76246765146631,0.0,0.8853999265384778,0.2714468700043798,0.08669194907202463,0.0,0.0,0.0,0.0,0.0,3.9902026019571686,0.0,0.7372633092705938,0.07867410345994551,0.0,0.0,1.3460606394234218,0.0,12.610839099812974,0.0,1.1063099200520032,0.18338540770725167,0.31602284596520186,0.0,0.0,8.075267281985117e-05,0.11259475039676153,0.46198046859579267,0.8092388885808899,2.6127392052351466,0.23946673455149337,0.0,1.80354648482526,0.0,0.0,0.7651184122193476,1.8000975128758134,0.0,0.2640741881708645,1.2271697122893905,0.0,1.75149320450002,0.21504220146673253,0.21702673451529317,3.3914337875515645,2.748573591905517,1.3460921318005827,2.0505178713865635,0.4220504219827055,0.31528063553145724,0.0,0.24126342980996823,0.2831752860295511,10.543111334758386,0.0,0.0,0.30601671939272945,0.7639712541107921,0.8857940846037995,0.05399347839130934,0.03022303091171017,0.009999518461978616,19.085867656307364,1.2447218879276942,0.6153075447221809,0.0,0.5111762467826908,0.286955756636226,0.0,0.0,2.9348571144410758,2.0124702785542254,0.2179204285933613,0.0,0.0,0.0,0.08992395576012213,0.0,1.1866439953863737,0.0,0.0,0.43171999574558595,0.849479324660635,0.0,0.050443674244952504,0.1602494799565626,0.45021152197828995,0.0,2.4208604269921126,6.498148690648011,0.0,6.746068228732105,0.0,4.049509896337452,0.11216589135240684,0.0,0.0,0.0,0.0,0.0,0.0,0.0,0.0,0.02308348377264609,0.0,0.0,0.0,0.0,0.018995228630119893,15.216150467204793,0.0,0.0,0.0
thermal25,1,0,2.4593766738086074,3.907528995196764,1.1042978728762192,0.8956631660987936,3.066073824276121,0.9007482723733856,2.997039115324873,1.1587187499293705,0.9299471576900908,0.978457001927268,1.9161322615616765,1.1043495739539295,1.200970470079856,0.30130269516968733,0.08973993820317941,0.05290356954034524,1.2487864727904179,0.6416942263707698,0.0,0.05716595541085085,3.5468231770723424,1.2073764016970698,0.8181950525157841,0.2837892544261479,2.82376106395839,1.07605473527783,1.3268570619454931,0.4323573238868995,5.318651088559123,1.229856837716544,1.1290482279997105,0.17113191866687888,0.3420797466281503,0.0,0.0,8.069089727735685e-05,0.12222830896381102,0.5901997065966386,0.8744967546302933,2.218181898227518,0.8045026334790254,0.8367985750618975,1.6549539063576455,0.7274690632123088,0.0,0.8280750616482903,1.0366927705146896,0.21953742684539373,0.3251895370809186,1.0385392939475377,0.026397183719046473,2.2163473616797003,0.20595926389104,0.23054719852250094,1.5663419583271294,2.236698203012599,1.3211321610255444,2.606060880627886,0.4173381370122429,0.307965630560978,1.957349445251786,0.3280955512703696,0.27532269647727375,1.0616525045648098,0.930987659363179,0.7872723270681935,1.2051654770664177,0.8552727864025728,0.883914291795977,0.06009730128925607,0.02957185813632408,0.009832981692339152,2.543528003627062,1.1552887644145853,0.6776276290483525,2.65178081561165,0.5553376792613085,0.2720425803137511,0.2189202432934271,0.7476468384485095,1.6860299486825787,1.047402649196037,0.9114265524969725,0.944665129730847,0.0,0.4422283969048095,0.09901899620406632,0.0,1.2370391360175022,0.785591592291632,0.8926140381881422,1.392395889640878,0.5594134000130025,1.2815030760788317,0.048136451445218,0.2484337112208425,0.8291560236740175,1.6918440955425846,2.0868159742198786,4.906734789803322,0.7444942284941338,1.0478414716055446,0.2757629868344572,1.1357826102205941,0.7140006694298586,2.148418185020637,0.8993346655632584,0.006222237906171326,0.8889910774968567,0.11659468717827062,0.9220001046090699,0.2967844100147402,0.8580672019530953,0.0,0.8784715666180356,0.06583166113492696,0.845806237810526,0.0,0.019163609553166816,1.2511338642852803,1.1757097305031872,1.136467103264591,1.1302204027437526
thermal25,1,1,1.980531485381036,2.3297584271664897,1.0631258159059853,0.9940172496135846,2.4072425465056555,1.1255777706951107,1.9088612832012724,1.1141678683551084,0.9920094484351087,0.9944812917200346,1.3532750073151703,1.0501241370539987,1.7101751306899249,0.8855486594174745,0.1254871019842699,0.11868441311348098,1.5524428952700078,0.9894071657619514,0.039444668942337786,0.3875102155891166,1.82656238149614,1.0957755682897934,0.9566616949403653,0.446926264822844,1.987808670239331,1.1120671675134475,1.329164930206376,0.4536229205942341,2.435700640357945,1.132541180262985,1.14777008039506,0.12487211243442108,0.5410520015602817,0.8154973232073146,0.0,7.627088817993571e-05,0.2551687267558327,0.8478514861727621,0.9916053924367487,1.3737589303798734,0.9771797383914209,0.9839208138612547,1.262317560954973,0.9282370151512437,0.859252610688211,0.9291814904050413,0.9931280258501117,0.9218437730768845,0.6001045249212745,0.9951295888792483,1.0046561952570978,1.6665302129312334,0.18573717128142586,0.2287775780159766,1.3146219909495633,1.3523797682722962,1.1866600477730893,1.492120892102344,0.43313756154990285,0.31318114021705024,1.4385204941231917,0.5474073732359304,0.33167681770328017,1.0122790657879392,0.9968924304640263,0.9711824187835855,1.0504790783512297,0.9648448520782551,0.9330399737728833,0.06588150008857155,0.026849100226667064,0.009652619154272157,1.352656663804014,0.935596511815935,0.7211208610641316,1.6546151398743068,0.653529912667762,0.29884319994342506,0.8192957216964504,0.9211992518270493,1.151591967255819,0.9746672346966291,0.9609261167999372,0.9748622885406214,0.6571174842976755,0.8535932853689014,0.11193158398374636,0.42019909892586493,1.007487967310511,0.9289117712132099,0.9828073562163517,1.1080855335498734,0.7344514158239922,1.2715811779739175,0.027711311498319454,0.8026968659176485,1.1860252105285012,1.395267580912161,1.4266899003254034,2.356783763154432,0.9482097153500493,1.0077285670878897,0.8382718899431859,1.0206546647569266,0.9345353467969838,1.3304834639296474,0.9880711737121037,0.3974685703619692,0.9870402191910899,0.33142792593169706,0.9910361290022794,0.5320232943730121,0.9814712106550207,0.18572490013117943,0.9852457199679614,0.2546595703483576,0.9809507132114055,0.0882034649983909,0.019091938103468226,0.9801690999756321,0.9293641074598866,0.8723497992281822,0.9817236044785339
thermal25,1,2,1.191347557764755,1.223457694638078,1.0109832224524684,1.0037185214302877,1.2639299986783632,1.0337376298367433,1.1577047491266834,1.022141084401327,1.0011304803235095,0.9998878134883472,1.0577984727132304,1.0085268438539707,1.2272453379136383,1.017723890904852,0.1924137429157807,0.23289224201297454,1.1190955793450497,1.0106624813334195,0.586871768190717,0.6291242762412192,1.1293587194128827,1.0160395018717987,1.0162620162150215,0.6740944325136022,1.1750148381554508,1.023241405534051,1.1299351158112791,0.6675010818822879,1.2380097679483968,1.0271195257719696,0.9747727889620263,0.41309902645454694,0.9031197125878259,0.9736260495315596,0.0,7.29149268557776e-05,0.6924555056505116,0.9427324734380386,0.9991786622995331,1.031269766951057,0.9979445541007118,0.9984817109216207,1.025851901807225,0.9815565216137014,0.9899700267831748,0.9875491031236872,0.9973074102641257,0.9933173662396835,0.9135094258246157,0.9865355933084397,1.0049047956987782,1.079330366624623,0.3208761440965123,0.24757770041792948,1.031805541330732,1.015965616754804,0.945085253087912,1.0560514141307191,0.5616282117508508,0.43358208772128154,1.0503003044772496,0.7045437289089708,0.49244848429636223,1.0009861807157758,0.9993469515052368,0.9947849415314663,1.0051691074142626,0.9913308384618839,0.9772998953825073,0.07825653272293169,0.01508986955816664,0.008402053349809141,1.0363563678109817,0.8762227068409496,0.77688280526025,1.0714001904693355,0.6971601853902761,0.3920995103044702,0.9346453394449361,0.9859308714630738,0.9927033006173904,0.9926874245760278,0.9773172915233372,0.9951547590056925,0.9381576526270177,0.9775857697830793,0.15260785082334513,0.8847335695413346,0.9648023317655473,0.986902272016599,0.9875013041746941,1.0110389585631734,0.921801710246929,1.030023848966849,0.027692837110745824,0.9604839325629649,1.030424285786253,1.0424226546639652,1.0267905607065209,1.1456054069794899,0.9926988977209675,1.000634262521479,0.97447834072681,1.0015185138108533,0.9632886489553388,1.0337392820278983,0.9967002584603297,0.7513459387242225,0.9961250754583364,0.7081650850409107,0.9973144943524378,0.7970673084717383,0.9956115877032818,0.6930902105142694,0.9958506919744681,0.6850063969455485,0.9949849304045247,0.6270397737179869,0.014304539172518973,0.9671309982446401,0.9185083085160799,0.8826413840702121,0.9705526124392218
thermal25,1,3,1.018382512559637,1.0229371873087547,1.0011283479956845,1.000218884188971,1.026027865769491,1.0034491536006493,1.015996627857706,1.0022942290685093,1.0000345098697674,0.9999833176991251,1.0059184080471066,1.0008872912063307,1.0185520908330132,1.0014502031898413,0.564212491977819,0.7557985425754897,1.0110235369745826,1.0010337449842257,0.869981616148456,0.9019532044521624,1.0129137407293167,1.0016221642285834,0.9804139202990608,0.9248728925294273,1.017547364948865,1.0023854653045645,0.9763008607042178,0.9233830492211468,1.023329482333367,1.0027095581588246,0.9283881599228391,0.8540784825368947,0.9874751020191211,0.9949787198836335,0.0,7.002682319651201e-05,0.9525644523487261,0.9881051453585067,0.9976252615202923,0.9976987086463379,0.9998277137157726,0.9998176721748591,1.0007126853766697,0.9961660190298429,0.9981838310062588,0.9982033708650847,0.9991940693138393,0.9991383673271231,0.9888961677978421,0.9964752337417992,0.999546793321896,0.994468139751034,0.723224546244838,0.6006442887077252,0.9988871963498502,0.9890342260221876,0.9438068041105871,0.9976762935323998,0.8096940566590257,0.7416203405555734,0.9983174275000871,0.880121075711797,0.7522494895691929,0.9998437818304643,0.99961645460326,0.9982624232133834,1.0000041011994771,0.9949329950741681,0.9919358949971722,0.17067780227404636,0.03237654761578715,0.004681981274901801,0.9994087755027949,0.9388685610268186,0.8916495755975097,0.9979293064512241,0.8590619149425438,0.6946169582393459,0.9515778923886494,0.9980240453299133,0.9727169467166848,0.998661952764225,0.982421554293297,0.9993223319905806,0.976450637546129,0.9973485272425805,0.3251819996523132,0.9833115213078389,0.9631854875988519,0.9981724988864038,0.9886251740456325,0.9995229428924058,0.9544305347528237,0.9975933400192055,0.164131524135455,0.946402895617555,0.9898739187369806,0.9986885928731833,0.9595879691657369,0.99959174217208,0.9983893865379216,0.9999053618681722,0.9929940337099162,0.999767804450212,0.9679358107856786,0.9985991913903889,0.9992300439151004,0.9517058943216828,0.9990554551716443,0.9419635895133377,0.9993490278818854,0.9596930618840719,0.9991096067830268,0.9441644030906534,0.9990427454600078,0.939253457952783,0.9988548994136921,0.9274322719847684,0.007364295216908519,0.991393090678571,0.9783929238282022,0.9699288561528459,0.9920603462133647
thermal25,1,4,1.001435732469761,1.001975727789374,1.0000819227179405,0.999993100614212,1.002109411698324,1.0002860015136628,1.00133335946992,1.0002002077922754,0.9999892029078572,0.9999962836470149,1.0004964386828388,1.0000788123314392,1.000905951315336,1.0000164150462825,0.9198054968296572,0.9638992648614582,1.0008004782695281,1.000064638962672,0.9776453071159669,0.9848433257362136,1.001118299743174,1.000143839468427,0.9941741856383822,0.9888181822611843,1.0014648454756616,1.0002064830433166,0.9908460501548444,0.9880696905695447,1.001953301524605,1.0002283193720851,0.9832540539855241,0.97825245864094,0.9982262353822795,0.9989308529446475,0.0,0.00010256382632534166,0.9944680308132957,0.9980096144264065,0.9993427193426364,0.9990181827914271,0.9998600709740333,0.9998877519154867,0.9997694120764917,0.9992698002558713,0.9995877942571427,0.9996743168100097,0.9997601617068909,0.9998006822529147,0.9987496706708578,0.9994658848376268,0.9998331941050629,0.9971668293506043,0.9351094653180362,0.9248943189754517,0.999447068150061,0.9971903057039934,0.9893693332102471,0.997485791886536,0.9407353108299845,0.9487516636854837,0.9989364132996652,0.972310244779056,0.9552233587479655,0.9999614040136892,0.9999207164062454,0.9997098332714346,0.999813952481555,0.9970958234118124,0.9979505021621335,0.5807874641777226,0.3979878197030267,0.03192969262304721,0.9991891763615036,0.9811118576017758,0.9789799581375742,0.9984253142093632,0.960927502216164,0.9429958765534492,0.9829960860256448,0.9996752187692449,0.9897517396668012,0.9997382678217883,0.9937963278043862,0.9998870826015032,0.9924668717135384,0.9996417295447784,0.7646771463830694,0.9971338061777465,0.9866406935473461,0.9996992789624811,0.9959722855908888,0.9996545730503408,0.9842089284820668,0.9986086052723273,0.6901747073382372,0.9843308478442897,0.9959350547076813,0.9992797685394422,0.9842585188666285,0.9979451760660364,0.9995476144254994,0.9999201629492702,0.9979450337955502,0.9998728362564494,0.9886284851448786,0.9989641079953555,0.9998794472264069,0.993005619481668,0.9998506128991659,0.9915098078325317,0.9998955325773177,0.994026998342303,0.9998793707239622,0.9928509445916903,0.9998506754943357,0.9912592128728366,0.9998277824227341,0.9898583636282066,0.029438085777603352,0.9986662986239101,0.9966067595105627,0.9952945293822221,0.9987764910979375
thermal25,2,,0.7705877133889917,4.86279733605294,1.8659020612483173,7.517782356052412,0.0,2.4945019630851926,5.337543652478193,0.19687173934757068,10.887261696703998,1.5742563122640303,5.550908497144888,0.056024492387062114,0.9184852516386995,0.26083650567165556,0.08978038428287821,0.0,0.0,0.0,0.0,0.0,4.060086494515979,0.0,0.740900112747392,0.08388415294318692,0.0,0.0,1.3555794850880183,0.13386186446683535,12.451303092099092,0.0,1.1390837102867675,0.22927193961531997,0.3261222596795513,0.0,0.0,8.113051328418865e-05,0.10684392672795846,0.45199741134785404,0.8098998978964533,2.836630270197259,0.13360610189764568,0.0,1.8556340435102108,0.0,0.0,0.7857742368352545,1.779397255507946,0.0,0.26589908814021923,1.2880372986419022,0.0,1.5060220501624084,0.21133404272510553,0.18328951898641677,3.365027028971379,2.6505158052319997,1.3590465117477621,1.8697255784968845,0.4249282856059985,0.32093489354451665,0.0,0.26035769235635353,0.32591880679839075,10.191444419598339,0.0,0.0,0.20525617936406937,0.7703387139802214,0.9028326083619489,0.05642494136976311,0.030988072930675497,0.010239877422310058,19.410923594050978,1.254565343981252,0.7157058724827884,0.004148949339836541,0.5221129110406367,0.32215990521056986,0.0,0.0,2.8395261223487207,1.733001984536033,0.3052961061041701,0.0,0.0,0.0,0.09100954672335744,0.0,1.2204840362168476,0.0,0.0,5.670647187657682,0.8481006622946485,0.0,0.05122395195574008,0.20789204080258192,0.5160812656509678,0.0,2.376546623939058,6.62349605431336,0.0,7.418431159251471,0.0,3.35401792078473,0.20381776503814178,0.0,0.0,0.0,0.0,0.0,0.0,0.0,0.0,0.0,0.0,0.0,0.0,0.0,0.01975118759789443,15.008015088229804,0.0,0.0,0.0
thermal25,2,0,0.8893118330652955,4.83984423923142,1.8995297163512364,5.961221307635625,0.0,2.5090225607859042,5.385125536599595,0.10588855539390421,7.4013157708482895,2.2718113522688226,5.363846190332589,0.5426806843157603,1.0352233115189464,0.24912336581791522,0.08975048138525048,0.0,0.0,0.0,0.0,0.0,4.036322477914798,0.0,0.7415633640236642,0.09489167867402205,0.0,0.0,1.3557888764432227,0.17664031155228932,12.30456008077109,0.0,1.1380495925353267,0.2354475895146889,0.3258177315177375,0.0,0.0,8.109973264382266e-05,0.10705195691842351,0.4506454078482558,0.8103359404449361,2.835596006305396,0.13954235692457873,0.0,1.8558601849256635,0.0,0.0,0.7868588613633705,1.7732604486987664,0.0,0.26657705958195194,1.285499575155471,0.0,1.5048037331563056,0.2113053401499704,0.18331079019457985,3.2452398943933463,2.6493772410617367,1.3598837537004358,1.9147182918602268,0.4248902442147448,0.32084563838625785,0.0,0.2606883938671264,0.3259367236069444,8.008321466100654,0.0,0.0,0.4814831843991721,0.7706976157757115,0.9031071122705858,0.056759262923645935,0.030989657336700702,0.010241865839465129,18.732625508826953,1.2548004055566808,0.7172994739914857,0.3760767783641588,0.5218401790371421,0.3212787459854197,0.0,0.0,2.83520506538658,1.7506582402967992,0.3111769296323677,0.0,0.0,0.0,0.09105873116842392,0.0,1.223550918158608,0.0,0.0,5.036534943703681,0.8482661855186475,0.0,0.051171412550482756,0.20583252872543722,0.5179178566014919,0.0,2.3719400260183514,6.599514227135519,0.0,5.516606631440793,0.0,3.110796517232575,0.20493446366542728,0.28540772430342554,0.0,0.0,0.0,0.0,0.0,0.0,0.0,0.0,0.0,0.0,0.0,0.0,0.019768636561307912,14.134088829623312,0.0,0.08390936351330137,0.0
thermal25,2,1,1.365728842310944,5.028283866000587,1.9059434017438235,2.3760727948905345,0.0,1.7739003608378772,5.312743067881268,0.7235187458737151,2.524428855291761,1.3992102903703951,4.294489857233019,1.109695963249487,1.2391793425817437,0.25611311806312115,0.0894120177846082,0.0,0.0,0.4813822285396822,0.0,0.0,4.124999796636845,0.0,0.7450401651260553,0.10834742601483936,0.0,0.3553464636418837,1.3546840858818048,0.2779260857014828,11.717152005840337,0.11047417717007937,1.136684176383847,0.2503343539192634,0.32486446001874536,0.0,0.0,8.116667161303361e-05,0.10799904894269696,0.44915547641464015,0.8133652150530294,2.8279457844677323,0.1923657244820329,0.0,1.8562959289446528,0.0,0.0,0.796067814536243,1.712301802138486,0.0,0.2707482035959631,1.2653031430041848,0.0,1.500538773204163,0.21108080018882214,0.1837832285929849,2.382991550038071,2.638342807744318,1.3620047704263798,2.1396458557814966,0.4244914413133264,0.3199601792891474,0.4948085225079314,0.26232404192855285,0.32445008492644245,3.2386062581012136,0.0,0.0,0.9816191460751569,0.7730315532945822,0.9026910329489439,0.0577520488731224,0.030964102735528815,0.010238367317472848,13.26419296192517,1.2560899669551862,0.727282129120933,1.5498310638182322,0.5214153210774751,0.3176872671485608,0.0,0.0,2.7807274453612187,1.7902468085995535,0.37112345614791703,0.0,0.0,0.0,0.09151474433341225,0.0,1.2510959727661128,0.0,0.0,3.0757161489554314,0.8419783163422859,0.0,0.051100028547812266,0.19143883484404198,0.5277645277969844,0.0,2.3549391681109837,6.571842000141387,0.0,2.2243676806299217,0.0,2.1149954005572686,0.19647817114893673,3.3274819298391156,0.0,0.0,0.0,0.0,0.0,0.0,0.0,0.0,0.0,0.0,0.0,0.0,0.019787171807960306,7.203700007073157,0.309055753997939,1.0358266078704526,2.1090859114746077
thermal25,2,2,1.8498858340604878,4.504151961209581,1.245207610932629,0.952039865606678,1.8753512697964332,0.7429133924425082,3.9015386275237316,1.1473458127868157,0.9931024438860159,1.015067681133339,2.5115708219409125,1.1319005535341229,1.2053212018902788,0.29592448706846586,0.08841639332680475,0.00890429796928815,0.30692362966021575,0.48712804862732173,0.0,0.0,4.461992814720868,0.9533279401284931,0.76581992381058,0.1820016088499497,1.9554032270587842,0.8196319055433615,1.3454868813885357,0.39992050947598956,8.511965008138514,1.2042840033197197,1.1443579679897813,0.23918314581366157,0.32784957777417867,0.0,0.0,8.15748597460117e-05,0.10968283262740534,0.47747064085611163,0.8317489595611847,2.7333597321500824,0.47561936724767734,0.330101944959614,1.8261061462824444,0.2621849272759723,0.0,0.8301583153880586,1.2904878620879685,0.0,0.28852446066499593,1.1549667676523951,0.0,1.8687023706795782,0.21161164060438223,0.18899293373811132,1.4490817928117128,2.5255167467026016,1.351759598919355,2.954349743482124,0.42282948254047154,0.317369101371372,1.7938794817966663,0.2769955355117745,0.3196528313115079,1.2758603601956997,0.6123563481052389,0.3125607871646581,1.4693829298910146,0.7923741728471125,0.8971474649153737,0.060129894159835974,0.030892534458723458,0.010165085195021135,5.206685816133752,1.2427789708923938,0.7495481705962245,2.9862289529748685,0.5255088941831073,0.31189147164249736,0.0,0.2592253518624259,2.283040957660724,1.2969246624258732,0.6875852737176165,0.8448799740664384,0.0,0.0,0.09391948497885474,0.0,1.323488468218462,0.2999855135843286,0.511461275740953,1.9270193605777393,0.6965478082140661,0.0,0.05126045167211509,0.18494782562638212,0.5942824839333616,0.7221727317114447,2.2963496117537514,6.220508596735394,0.21463838330228774,1.2061629112886487,0.0,1.4104935346031109,0.41295686685574556,3.426200604438232,0.6421810840070813,0.0,0.6125216621629306,0.04776926112273752,0.7206420416475936,0.0,0.47721304276538046,0.0,0.5701553859515001,0.04914486793765431,0.44504329881608967,0.0,0.01974450656883144,2.0870146972784562,1.4973932706417856,1.4762071016889122,1.4497010860633235
thermal25,2,3,2.5100839044544294,3.541107912720762,1.1047024589597672,0.9268686535397472,3.180503248410408,1.020579389839644,2.721476697136993,1.1736525328684264,0.94995049829257,0.9801959196678022,1.7400592233808243,1.0976592038741508,1.3712044001756714,0.39916277173516956,0.10088817941130629,0.0818709059999806,1.5820040478620352,0.7629587599811798,0.0,0.15045601312118237,3.0064555954609062,1.1983604158497139,0.855959889841415,0.34633637696905734,2.7393626961230106,1.1309095002419036,1.340057510365231,0.5604354816655915,4.379071542597563,1.219700071554855,1.1656588374711654,0.17593447328749592,0.3571284017183562,0.37989306436401415,0.0,7.94511320167006e-05,0.13359042611152414,0.7052153567665342,0.9251988726351161,2.0992245490892447,0.8849559666558626,0.9210552529503464,1.5949807388560522,0.7968775700857254,0.302018158494917,0.8645207892289183,1.0009152539046178,0.7028347359268452,0.3915235178114653,1.0603377057460226,0.7118746422029661,2.160392816626617,0.19713690055457472,0.20230713079494245,1.5947771995289621,1.9632027443995173,1.319404503302742,2.3155937240004234,0.42094644652340496,0.3162245333794306,1.9297512153662928,0.3898779933113652,0.3229660540190163,1.0387698019456029,0.9618629490865712,0.8635319358057854,1.1612703529273223,0.8938754302108067,0.9060377522104213,0.06475733039944662,0.030059257758832735,0.010030675170484924,2.097620573902114,1.10841303010032,0.7651993141624797,2.5293138658566328,0.5913667977215781,0.31276323393819905,0.4542059196374064,0.8132162849563879,1.467163787188141,1.018442468323486,0.9466530918063034,0.9536700426740746,0.06544981741598857,0.5765017483696058,0.10280489277052728,0.03369228110175644,1.1509775727742015,0.8432003903291064,0.9484032338522564,1.309579924727621,0.5679556065004722,1.440190142621397,0.045527546302358925,0.4100091916378369,1.0203557585571899,1.7802761977404158,1.901275282696456,4.2697547081767055,0.8389346464452399,1.0320605613954208,0.5198057625325561,1.0829124948985227,0.8310516430249663,1.9214682802273375,0.9655006591356616,0.1336488359946754,0.9642290674089492,0.15223136807061535,0.9749815846778578,0.3667701873058011,0.9419356407079648,0.0,0.9583531040789772,0.05083167627493955,0.942682614184515,0.0,0.020031985103766702,1.1097064510771408,1.0988222450469984,1.0722498643679628,1.072305785905848
thermal25,2,4,1.706061885745272,1.8789242544758387,1.0419855216068425,1.0036192748642339,1.9893899777393451,1.1077100759662226,1.6120659195186944,1.083458095252878,0.9988845335404185,0.9974556255886431,1.2302075019250396,1.034484603130552,1.6593023514383383,0.9788008689647328,0.14014996430317583,0.1393545415514817,1.428316886686654,1.014117321802351,0.19703814187482224,0.47238766706959545,1.5429790524803182,1.0664977216028257,1.0039397564188162,0.5108712286294572,1.6773107798873343,1.0850231340224894,1.317390638880622,0.5118424219834016,1.9737683104125454,1.1007871282615738,1.1108803719812728,0.20279163147990256,0.7007655539207636,0.9120541684206979,0.0,7.561143029949218e-05,0.37813027155627227,0.9122233370499702,1.014691374269853,1.2344209740258762,0.9884984161303038,0.9927279565093271,1.1718808580504834,0.9621000854050719,0.9696435765913914,0.9618635177543824,0.9972414838401749,0.9744591524317492,0.7439288718584539,0.9990830655642977,1.0386844441178456,1.4381681699743118,0.19475817278094465,0.20776727805643544,1.201149407342093,1.1983799720485722,1.1096060413670186,1.2959186033119126,0.4546541292072984,0.34352650574632615,1.2896482974293424,0.6055872357989699,0.4047240704866172,1.0076144526819477,0.9982291777702736,0.9834728451780642,1.0309659654029781,0.9778239658528333,0.9533762255554202,0.07156145802345028,0.026315814085167557,0.009778682221766694,1.2135919309523502,0.9040242431784468,0.7663306369605437,1.4231841257652877,0.6722835929976403,0.35634590847200176,0.8846046098300193,0.9415615422635253,1.0869881301372493,0.9765848402860442,0.9704028364888646,0.9805255547178053,0.7891528576957344,0.8973529371262962,0.12156233766596053,0.5484462141878509,0.9943442254358029,0.9466652178123366,0.9892481122166442,1.0670684835709277,0.8179117210130012,1.1734581255109273,0.025096655464397606,0.9700244122752619,1.1582982218253588,1.2584174078099908,1.2816035928629157,1.8395449559023331,0.9693067154995791,1.0045071139232267,0.899942941849654,1.0108240922430722,0.9598707971901763,1.204647385115008,0.9944416494386009,0.4994576075730645,0.9940646099204047,0.4338982057185727,0.9959030545749414,0.6050404326207106,0.990513108480052,0.33069898144747295,0.9929790342586567,0.3665214627281931,0.9906895279236565,0.2322185527019938,0.01939978682791584,0.9657807318928188,0.9128038475310043,0.8608525337830335,0.9715506033449984
thermal50,1,,0.0,0.8308865425381257,5.711828032170951,7.704832373010114,0.0,0.0,7.598455064946694,2.5149154745303566,6.908504192697729,6.647861126605851,13.786978525319752,4.480247638168486,0.8734200555318574,0.46580219110030285,0.1138017546911373,0.0,0.0,0.0,0.0,0.0,4.76355403153427,2.607721965422374,0.8301336369463977,0.09863479417396995,0.0,3.2835829848317157,1.1294925428648148,0.27370654268486766,10.920750983669942,8.267676767989421,1.1805984784950834,0.4794720986787482,0.1703932158436936,0.0,0.0,8.314387775726589e-05,0.14091149201546105,0.0,2.068210908540584,2.5108424410908845,0.0,0.0,2.035644780758429,0.0,0.0,0.9387085457435698,0.18100788322456798,0.0,0.32001943764168983,1.0635482906243214,0.0,1.0104149997738632,0.0,0.14910357655240264,4.926883920234879,2.555024654337449,2.022227567479116,3.2228521572940365,0.43914764379058374,0.45873284892903077,1.306348983927291,0.7882596200190264,0.21025698929774292,12.444212718483326,0.0,0.0,0.0,0.6071057854194248,0.0,0.18723033000003522,0.09885387885725051,0.018353206298467227,14.346503684279384,1.1120660136349734,0.9294895160808425,0.30683359807068467,0.6661683990810846,0.36646360870088174,0.0,0.0,2.318109545649012,2.1179752085526857,1.3282522027014454,0.0,0.0,0.9900964697919261,0.10835679584716475,0.547940854829301,1.9159114418646295,0.0,0.0,0.0,1.2471983287473452,0.0,0.11811444031302513,0.5980220815362098,0.11100667229744982,0.0742690698792885,3.6809779670565366,7.88406757027182,0.11972412833916374,9.402429178434405,0.0,0.0,0.10759181087917868,0.0,0.0,0.2525894876198797,0.634192875753727,0.7360313647891504,0.39224438463935174,0.014691451478024233,0.0,0.0,0.0,0.1309810931217649,0.0,0.0,0.041988438601152055,10.515923198135162,0.0,1.13472324119049,3.989491376209154
thermal50,1,0,2.000953352770789,3.5422686277369104,1.5962286741584106,0.8883938579429218,2.7306465190874802,1.5612866311815252,3.615674364164491,2.80347124271366,0.9362086047404881,0.9451933490509953,2.302965772676272,2.1443785983151535,1.0542978222428303,0.586077418190321,0.10763309492686565,0.021473622531597115,0.6906586117462684,0.0,0.0,0.0,3.7493329650226284,3.6361911260533724,0.8793594984637978,0.16176162862948834,2.4219464253652006,2.7586777201824915,1.1337170840053294,0.4182605568732749,5.642986465835136,5.753509974955905,1.1899107415380525,0.4627058912804477,0.19139340566152935,0.0,0.0,8.076966913048442e-05,0.14310290585810215,0.19795050784841317,2.0632794506496,2.1336332309037003,0.4401866621343965,0.519075575295899,1.829841073154018,0.33380175402882606,0.0,0.8511325155268141,0.7812361442128815,0.0,0.3642286684829663,1.0079621958343858,0.0,1.5375861703165175,0.0,0.16456494370499922,2.3187812193736344,2.4620598256703823,1.958443602177303,3.449226760316784,0.43886157415807153,0.45363639777801545,2.128392200409237,0.8024259084581906,0.21435974061915383,1.2941646367086843,0.45119890904175997,0.5754576586911373,0.3784124482867916,0.6902886996282462,0.0,0.19427241493312636,0.09836258962897876,0.018735778672282093,3.358107451401647,1.0903950620281793,0.9542025564262255,2.8999294101979616,0.6813118206520221,0.35897924583020596,0.09228356075283986,0.5430747358969849,1.9471446583837877,1.898122605489729,1.292910180904475,0.6804127316986534,0.0,0.8952198637888784,0.11186793510310597,0.532957418983634,1.82078450128449,0.0,0.6390373174423877,1.4161103788781615,1.1267737312305055,0.0,0.11864302976121102,0.5873529976949962,0.1885519314448164,2.3157642575467716,3.6243431825227446,7.057649050519428,0.7558703994516252,1.1543270844182139,0.0,0.290457132420539,0.310513781209534,2.2916245320285262,0.1715898658155476,0.22641507274070577,0.4840872852656645,0.6702672283652161,0.4935892969150864,0.1489650329857352,0.0,0.0,0.0,0.19517449585522503,0.0,0.0,0.04194489329492273,3.011035301519219,1.4633570606518007,2.2710182979134195,2.2908968174260576
thermal50,1,1,1.9892863297352725,2.4492079041149246,1.126761934866296,0.9775322883269751,2.478597684697331,2.5604033964437938,2.0931868944413927,2.3099727351110895,0.9830795583836142,0.9505759858489767,1.446687059735285,1.6026425227397985,1.5348275960915796,0.7771612143625511,0.13114020768514503,0.10896658106792623,1.4702834967464233,1.0088289844405576,0.0,0.10931730433998332,2.016561588852186,2.35992630156933,0.9829821270826425,0.26932911899495854,2.069457507375692,2.380049725938593,1.1937961536650386,0.685240283898854,2.701813869904786,2.922164799491564,1.1849196896182077,0.4148799384773479,0.4289931611441947,0.5998282423184099,0.0,7.703528153675452e-05,0.23689595396280447,0.6860449673451388,1.8522566345370233,1.3934359507630074,0.9282104468136458,0.9483297047700319,1.313682326174252,0.8485379759486545,0.8120244806039006,0.9137470935482703,0.9588806722210844,0.9009326148212258,0.5862961634738248,0.9750583523427377,1.0064523146503996,1.9206668184021232,0.01654470771512245,0.19831391402811957,1.9083059411019263,1.9691668119720205,1.6550472440880781,1.9119675563494114,0.4405933983001978,0.4324263278814594,2.065677146429965,0.8586280499112101,0.2987146183102015,1.0411464534567225,0.9235629730809525,0.9045173463692808,0.9573343493704884,0.8879514632248852,0.3857580593857469,0.20188552133658613,0.09572164929668268,0.018866894430083943,1.763805872485152,0.9784265592773839,0.8662497069889704,2.644127717914502,0.7862998215319605,0.4021590841619126,0.7086543068602805,0.9510156789436012,1.3715191500671724,1.369772505637799,1.0862209446701667,0.9513812191492976,0.4891506327327345,0.81395538803688,0.12644619883756525,0.6007809192647425,1.3297617186878798,0.8269990247392964,0.97087956978244,1.2047031572351783,0.8856310284968877,1.3326248597185395,0.1123216483958302,0.7890469719992017,0.829220335356548,2.24299833950693,3.1435029201465614,5.153251211646339,0.9344894221443079,1.018191705700449,0.39408605973882044,0.9448714630713116,0.7804769197618028,1.628977451676948,0.3828659427894531,0.3852560723913787,0.3339796224497557,0.44708061047367537,0.5050493895372095,0.4611943621890797,0.0,0.0,0.23148935580849944,0.24230600253908768,0.01830094572014834,0.0,0.04271848674541864,1.36594469418121,1.5113775942888836,1.708481184031481,1.3382766768621621
thermal50,1,2,1.2514887755541142,1.3048484955584698,1.022520400610325,1.0027817922516684,1.3573546584011476,1.5630181142307384,1.226308275801053,1.38300961049425,1.0003635427625135,0.9969230282314524,1.0852823570609254,1.1542732483291034,1.2617703273763625,1.2359387948066403,0.2161011680212647,0.21068991472322043,1.1516684167298843,1.1611481188531534,0.5348288846650265,0.36681320303506026,1.1872717870421934,1.2895472268962511,1.0267347918932672,0.4854615043544518,1.2380378313367681,1.394475747810853,1.0954603519100463,0.7082673702020426,1.3341199964176556,1.4490930078500925,0.9932452008188778,0.36132385927572847,0.8802092156412089,0.9514015148335766,0.0,7.351315802899283e-05,0.6792206526180278,0.9323735743239723,1.2476505070454016,1.0602415840915111,0.9932138706741894,0.9950585875611534,1.0319234111715099,0.9745355716972944,1.0127288645000903,0.9843848858748772,0.9944061451611129,0.9928142645117726,0.908608189582304,0.9904091447953451,1.0583465819514593,1.3853364311957586,0.23136054573389736,0.2518443538179387,1.2676191403434278,1.2170291699898421,1.1504968990183602,1.172502447681538,0.5262821601303079,0.43890664000855095,1.3333320548637388,0.8404129275944556,0.526544889923907,1.0069556180903951,0.9953538880437858,0.9859728840323054,1.0019513301668994,0.9778358863152449,0.8917141791490042,0.21525384468872777,0.08571246564298596,0.01835422001272084,1.1761662863860538,0.8957425621666504,0.8135736063851646,1.47698873545416,0.8655058304223828,0.521834983752905,1.0240665903063217,1.0140368479096364,1.1389289289216118,1.1017093629111947,1.010806415593916,0.9934470384078234,0.918398994074948,0.9539474610685216,0.1868469996839485,0.8744554973748239,1.0989507442535364,0.9969105090888198,1.0194195853602666,1.0529137467857475,0.9759586994230246,1.1495380224102727,0.0957393174568231,1.1663690232812716,1.3552974777461175,1.3614119570882355,2.057671333710306,2.126553582285947,0.9869966182288401,1.002521862469427,0.9102425686631204,0.9948132103442485,1.0283813534447108,1.161911666214381,0.5850370285636337,0.5109666138386568,0.508384199796034,0.43630704828654,0.6428547438200217,0.6026938505116435,0.3750531333407592,0.2265428330457922,0.4971429038814924,0.39002254139370524,0.3356841324985766,0.1678084912356808,0.04355340225437062,1.02256684174331,1.0307752467983373,1.0281546784725495,1.028778307006302
thermal50,1,3,1.029343886756041,1.0348844314648749,1.0025091849456145,1.0004264718791174,1.0415459975088495,1.0759947923748105,1.0258963391176108,1.0485579197534711,1.0000974731735552,1.0001992063267442,1.0096227284167125,1.0188361903329097,1.0317740143883196,1.054528568147277,0.5797276714882947,0.24239689033058115,1.0180392278244994,1.0270452544180855,0.8683972417282885,0.5774851830336588,1.0208939880933172,1.0346936621806697,0.9831229704234419,0.6755125010026379,1.0274172870462563,1.0502621592288568,0.978230583488872,0.7073628730511141,1.037713197339687,1.0569408561307914,0.9348886891635338,0.4179619277770767,0.9863819523747677,0.9941212469184111,0.0,7.60353695098275e-05,0.9523179026958503,0.9897085778463061,1.0281362249914112,1.0035172322756707,0.999384378639991,0.9995240174695822,1.0021209762011927,0.9964424745354138,1.0030079049185467,0.9980345967382535,0.9991504259102153,0.9997420883750296,0.9890032956652217,0.9979081574757029,1.0078005939630648,1.0274420036096488,0.6641278814404097,0.5719636981746606,1.0219604824630872,0.9934613946919342,0.9713607004433155,1.0093906354625803,0.7897570489760762,0.7085199249482416,1.0306897176052183,0.8612798281574091,0.7470198700428589,1.0004146021504028,0.9990864378578993,0.9973259999535072,0.9994845014318844,0.9930889755700512,0.9815261704838297,0.26589088301856156,0.08455130378117164,0.015245104912025844,1.0127404732696412,0.9311884089930229,0.8887742487752018,1.042103454414412,0.8427336659987223,0.7001844757778163,0.9756511932725315,1.0052759598969558,1.001031828771829,1.0150631149917009,0.9878966732057802,1.0001486792701755,0.9783255001806035,0.997448620559036,0.2843656843706171,1.006944641009738,0.988662302039276,1.0028842288549602,0.9961310852380474,1.0033585749474185,0.9661126154334725,1.0086006373086516,0.10124770785956257,0.9917070182041342,1.0761883002532404,1.0337863298618384,1.1604728415693384,1.1045654934702087,0.9979246067892147,1.0000694151560126,0.9859633008220865,0.9988491582558877,0.9866623881666321,1.0100849251063329,0.8829431949920825,0.7607004063763142,0.8592357989904977,0.7109021815039861,0.8966329725897955,0.7984717650356218,0.8390256001873753,0.6827130524246251,0.8585136602216443,0.704859851933489,0.8170400403276028,0.6266417529549979,0.03786957079994541,0.9722131749952908,0.926276243456341,0.8995336562263402,0.9748845069789488
thermal50,1,4,1.0026489345061687,1.0032777341603243,1.0002008095438706,1.0000193953234213,1.0037799762006745,1.0077603600709175,1.0023575745013142,1.004904917243436,0.9999983574233677,1.000026515532472,1.0008754672604563,1.0018936359377792,1.0024193612879728,1.005807069347899,0.9209586825131665,0.6643196856088514,1.001595288384789,1.0028190548326141,0.9774553132024827,0.8585990893410353,1.0019557173391105,1.0035055212195463,0.9941498555743278,0.8957517473218664,1.0025468152342145,1.0051156174390943,0.9911858979988918,0.8991392660635331,1.0034947627639805,1.0057929159622911,0.9834628696083516,0.7894936571921536,0.9982017994152549,0.9989275558018257,0.0,0.00011374546133225601,0.9946830463746665,0.9984306497563146,1.002508552515234,0.9997875549564185,0.999877657392465,0.9998918862262824,1.0000326706698652,0.9994148624458506,1.0001235088878015,0.999718036738678,0.9998148275438483,0.9998900893168393,0.9987952123832121,0.9996478498899247,1.0006856318823352,0.9908809465257948,0.9177747807150252,0.8804036655769543,0.9985486234242558,0.9925377780352896,0.9848089512676855,0.9940398262992933,0.931554867899323,0.9163045161458487,0.9982544642260892,0.9608462307398031,0.9315074077108679,0.9998959809791605,0.9997470009721644,0.9993503516145105,0.9995728453236568,0.9962161438682224,0.9959987485510144,0.5442346157725719,0.29922666318520175,0.026307093955408735,0.9977741987612299,0.9767368892360059,0.968316845935024,0.997450119758806,0.9450114348904708,0.9142422046065017,0.9661289825642431,1.000255650992417,0.9789594161392312,1.0012118976286632,0.9873785245606419,0.9998946844000862,0.985691983536636,0.9995651638475251,0.47565870089913176,0.9981547090450346,0.973622551004889,1.0000297616984868,0.9919411286685013,0.9990670614003413,0.9687935039730649,0.9959900996545697,0.3203109275481593,0.9592840601011285,0.9933895622524537,0.9994083058247067,0.9779529411768791,0.9981494355406713,0.9993231848851989,0.9999051472405517,0.9958073885251445,0.9995502703231869,0.9772006614595338,0.9970344598164769,0.9788135745444991,0.9455235045516149,0.9739689407776173,0.9323675021948483,0.9809092294472124,0.952848799329213,0.9729088956988262,0.9340076785469752,0.9743971730050558,0.9331089738960268,0.967495936153385,0.9177288983042052,0.02774893175438198,0.9884864036670212,0.9697037259677496,0.9601538385651501,0.9891418131750562
thermal50,2,,0.0,0.0,8.427248788957485,8.262758623941037,0.0,0.0,8.565546652417138,2.4505105655793424,5.1970813319167615,5.979912257045787,16.090171583673698,3.9323705912291906,0.8051252553884126,0.62605855357065,0.16984960710624075,0.0,0.0,0.0,0.0,0.0,5.322416046025941,2.477396796168056,0.8663358071837648,0.05828729395413579,0.0,3.745343637828402,1.0654120534758798,0.2708335221016456,10.430654355289972,8.38349599303536,1.198231234521881,0.4743448327011271,0.0,0.0,0.0,8.338043338217192e-05,0.11510159462884903,0.0,2.8371777983382245,2.565106838153215,0.0,0.0,2.084398972565552,0.0,0.0,0.8967493180461339,0.0,0.0,0.3037046374063743,1.3087243235816475,0.0,1.1092480421661908,0.0,0.212758242050116,5.286171138265029,2.5713327142880438,2.2719211953471476,3.9958204259330805,0.39326356639690746,0.5955287895569401,1.7398704350002325,0.8515792057997618,0.0693750060243746,11.724783374637394,0.0,0.0,0.0,0.0,0.0,0.33126141080176585,0.15232134136548828,0.029575423346627595,14.584930281045526,0.8673388323692747,1.000408051873415,0.0,0.6889459405057264,0.36491053588041084,0.0,0.0,2.3476900197126755,1.9086266565115424,1.756129703950096,0.0,0.25856413824079433,0.966701698630053,0.10653006649876495,0.5985894466348458,2.029944356606666,0.0,0.15600611660993113,0.0,1.2658107959674545,0.0,0.14568523322777074,0.6418472117699703,0.0,2.2513334912741603,3.8481998730775446,7.026138543437362,0.9082446464951415,8.120464753234087,0.0,0.0,0.17059568231348973,0.38020994148820164,0.0,0.40957268356741217,0.5918749221743373,0.7029435801840703,0.2398730493971531,0.0,0.0,0.0,0.0,0.23707970854950616,0.0,0.0,0.05241812698516115,11.939245266287212,0.0,1.0802377015892783,3.7597435890824915
thermal50,2,0,0.0,0.0,8.37749640024399,6.707852678242269,0.0,0.0,8.714605281360818,2.433146206588966,4.075214331614016,5.965204639358259,15.633586663339317,3.98602835313591,0.8869367711261258,0.6269060094215017,0.16976598198142487,0.0,0.0,0.0,0.0,0.0,5.3397571600863865,2.4690357034944617,0.8663836880722621,0.058379313059246894,0.0,3.7479408062452197,1.0661033620096476,0.27075057305379346,10.367787208226746,8.385520460222669,1.1979696989674509,0.47434931588702633,0.0,0.0,0.0,8.336195712271895e-05,0.11521148523111932,0.0,2.837242771672687,2.564250941975792,0.0,0.0,2.0842859648841734,0.0,0.0,0.8969068703900112,0.0,0.0,0.30402091788761365,1.3075165518520453,0.0,1.106081793245131,0.0,0.21276330478224642,5.258972895937957,2.5712090566084513,2.2719330195216023,4.00026878766169,0.39324796649762905,0.5954175937950958,1.7642970467685002,0.8515780274085936,0.06928600680767678,11.295683098252931,0.0,0.0,0.0,0.0,0.0,0.33140768774417845,0.15232215916942587,0.029580765265510164,14.446961263366873,0.8673802731806917,1.0009426195070896,0.0,0.6889644235503428,0.36487668346554436,0.0,0.0,2.347278881840222,1.912502757434534,1.7558113400373876,0.0,0.2589306612784334,0.9689864413820184,0.10654044888061283,0.5981390469116551,2.0299939961688405,0.0,0.15756637627903422,0.0,1.265831679499501,0.0,0.1456928319996029,0.6407388187510268,0.0,2.3008442141720598,3.848051088745326,7.013459348142585,0.9139321950659683,7.544061706449755,0.0,0.0,0.16985952784344668,0.5102013328138825,0.0,0.4094409860225748,0.5919352935314207,0.7033351781014936,0.24005890779858974,0.0,0.0,0.0,0.0,0.23703862664649492,0.0,0.0,0.05241638174822998,11.908220936680802,0.0,1.0889218363991933,3.7625275991233407
thermal50,2,1,0.0,0.0,7.853136709893152,2.816900785928637,0.0,0.0,9.55628990188271,2.344243595252192,2.119447283771652,4.855618860260322,12.933690600057659,4.270663709695843,1.074926586375668,0.6522188267261742,0.16927377318628592,0.0,0.0,0.0,0.0,0.0,5.622995174813544,2.430404275692357,0.8671050300664018,0.059132901804773166,0.0,3.7755742826142358,1.0713267300183136,0.2691478610121636,10.071066094844257,8.368812435447722,1.1957808790580742,0.4746630041960797,0.0,0.0,0.0,8.327869938354797e-05,0.11611161573484924,0.0,2.837593146827287,2.55795205907641,0.0,0.0,2.0830868415015362,0.0,0.0,0.8981451619195696,0.0,0.0,0.3065878905756324,1.2990011212746617,0.0,1.090018807514027,0.0,0.21284691827629937,5.037020967746459,2.57005305652372,2.271535118005601,4.021037807806003,0.3931161942773966,0.5946606306927531,1.9372242083518503,0.8515973605636424,0.06867624789708567,8.597432993318721,0.0,0.0,0.0,0.0,0.0,0.33223339758308,0.15232491282820512,0.029624259545051018,13.285675116099393,0.8678157554560939,1.0049193285205995,0.0,0.6891491269147932,0.3645666945466498,0.0,0.0,2.344313026675527,1.946226692264878,1.7531149985602281,0.0,0.2620778562346644,0.9771124770469274,0.1066156886158243,0.5946522916451893,2.0299434217152954,0.0,0.16363717919454598,0.8998118035306891,1.2659021372295982,0.0,0.1457313821270029,0.6345303632131167,0.0,2.636763735113991,3.8471588933027907,6.93949920150442,0.9414130863502983,4.785879995118806,0.0,0.0,0.1667966301445853,1.2407848046248942,0.0,0.40796570329728277,0.5889923712745162,0.7061547402411217,0.24612512299148118,0.0,0.0,0.0,0.0,0.23720250015086894,0.0,0.0,0.05240528839002427,11.626470899346193,0.0,1.1605462638712176,3.8211795309345855
thermal50,2,2,0.6863417396173169,2.4037786608346297,4.468643231455697,1.0311343535969133,1.7480484977436432,0.11366703192543084,7.514631966942555,2.6952879260514315,1.0917546238931968,1.8812630638728196,5.356041734790249,3.8831752801980555,1.0348020838758603,0.7124799621812683,0.16769521888599773,0.009405605622755619,0.0,0.0,0.0,0.0,5.189726397665012,2.7373799556442795,0.8797317677535629,0.07794789275086927,0.0,3.4618362138818837,1.0743611960840245,0.30948584099894394,8.458879018093363,8.105757517001189,1.1962438075858313,0.470198313940762,0.011456480226797301,0.0,0.0,8.378924218377494e-05,0.12377687983834848,0.0,2.838874186586004,2.501670187571641,0.0,0.0,2.0635913792926965,0.0,0.0,0.9049813307543187,0.0,0.0,0.3262902725744652,1.2636894200025297,0.0,1.1792850223954479,0.0,0.21685603526976663,3.9581704597105594,2.55852012269916,2.2616265708144914,4.150520904287089,0.39163703995762056,0.5908881478259392,2.3403139263667865,0.8535220677854413,0.06947517949189404,3.120471337985534,0.0,0.18340506046523797,0.0,0.0330191231222549,0.0,0.33551183393701967,0.15220112811004732,0.030045185169724004,8.201002986810316,0.8689680491380871,1.017402410211768,1.1728961812037282,0.6910906295349172,0.3590033453705396,0.018296240658371907,0.0,2.2898273531580746,2.090666346489061,1.724972240962782,0.0,0.28151070943846535,1.0025371779967087,0.10705028393912008,0.5825902457612021,2.014145009429213,0.0,0.2855343734452831,1.8454913136932858,1.2505899078308436,0.0,0.14574903305424206,0.6207328083632161,0.0,2.968301097903165,3.8459190701453725,6.830612650348792,0.9654418055944303,1.8005492316482206,0.0,0.0,0.1739257684562677,2.911138759483952,0.0,0.3843985515556109,0.5326721508161699,0.7041493888521738,0.3373215207379714,0.029752992480061927,0.0,0.0,0.0,0.2507214063553189,0.0,0.0,0.052345832905877625,9.331506562833923,0.0,1.6081086091320942,4.189434021250336
thermal50,2,3,2.1305958273400565,3.2725809263775685,1.6381079292273966,0.9067312131854453,2.9964348500889066,1.639349182940828,3.566477244010745,2.7856079369790563,0.9450993317969507,0.9300258461929783,2.21137389864851,2.1539006669182386,1.0921931140668175,0.6781732855108855,0.16499658863170794,0.041832318957164404,1.0167897191979025,0.0,0.0,0.0,3.303704693007639,3.5843390364499172,0.9324865707185948,0.12954004194217764,2.40410723455908,2.9215710587493153,1.101215332789424,0.47358504919511396,4.856297251819601,6.359001543481185,1.195708669873843,0.4463611063007085,0.10147147758664536,0.0,0.0,8.114692496620285e-05,0.15149529115164606,0.18195024516814887,2.819333382592356,2.049254339767639,0.3683252417956769,0.5156341660028305,1.7915398727824643,0.42544078382823514,0.0,0.8427656568367893,0.700075491730076,0.5126014587103958,0.42399119554248454,1.1262423236944115,0.0921044883089645,1.6323953137090303,0.0,0.23511922597306217,2.633215799352556,2.4504659152725012,2.1659870894651396,3.8474888717768465,0.38298692604400353,0.5874877028336088,2.3403147575299785,0.8689292756836724,0.08945441391624226,1.2848639994234778,0.6150458841011384,0.6358339354466924,0.24665026225415035,0.2917514837055123,0.0,0.34174136243222714,0.1510183872966987,0.030477026931998705,3.239014380050305,0.8708730874943664,1.0122154038204088,2.9904203336268376,0.7069470670865484,0.3588450206077838,0.23064419517475268,0.47500653802299575,1.933135243804803,1.8027217378540648,1.5317748747173965,0.6793962716610539,0.43400692685153214,0.9368392672281598,0.11125560267374283,0.5862976509903042,1.8581190330480684,0.0,0.7505335626065504,1.483917964123702,1.1249683602069511,0.0,0.14438623333968345,0.6564843293919191,0.09014567718935655,2.7656331650828725,3.8023985250572174,6.726196354028191,0.9644452276258689,1.120142923494945,0.0,0.0062259359779332,0.3468063859542555,2.4102359341602613,0.11335616652532929,0.371405641827751,0.4269242324921544,0.634919222975273,0.40992777129936536,0.13927814577877265,0.0,0.0,0.0,0.30437386163790636,0.0,0.0,0.05230485102800823,3.5247937641499205,1.2431969868479595,2.3649079471998125,2.4392107195259642
thermal50,2,4,1.8030066401509852,2.0804194549775725,1.1110502156625381,0.9859653056659794,2.182414842123241,2.83458690119837,1.8677925238321074,2.4300680272252873,0.9889093311629716,0.9439607233341197,1.3491189613636665,1.6480941931864153,1.5071072216416035,0.8842210743630561,0.20471258981993143,0.12910794333110046,1.4090847374471178,1.1673708123495303,0.0,0.131945867993093,1.7870579228670358,2.640311973255536,1.031960139976865,0.22684092791538593,1.8319837358822677,2.6131199784719956,1.1739475071063568,0.7456868345575091,2.340677493855837,3.45778802566328,1.1831998603075795,0.3917358948242178,0.5459928811681429,0.7002888836467779,0.0,7.640432902037709e-05,0.34046577549381757,0.7818628913600569,2.3743375934946864,1.3336865131297146,0.9285673472003098,0.9497678302399982,1.204812636237209,0.8938284909557005,0.9834360749067782,0.9389915943741795,0.9600256734288449,0.9693993147627707,0.7226038131857314,1.0091820789050652,1.1036805812041879,1.9384655158859996,0.00013591979242286772,0.2779887874176936,1.9131712781114203,1.8768896224788358,1.6930878948535366,1.932262008648206,0.3839382160876485,0.5625558656543143,2.04845255209602,0.932238908256901,0.22923632512265152,1.0383044824958516,0.9460071598720381,0.9060721532197608,0.9429850202614768,0.7956425617237394,0.2908907638924502,0.352261328381602,0.14590435036919494,0.030961922143947027,1.7189607027076292,0.8867165915606396,0.8978526181904926,2.5826759146154092,0.821068396595251,0.42813584785041064,0.8100285191664415,0.959464358790317,1.358830170345876,1.3726206854450402,1.1573168800893772,0.9512812530240812,0.7753539934835288,0.8367537990780128,0.12691993727616746,0.6716049807728005,1.3675659957061492,0.8528711302157992,0.9972970487664359,1.2006119445772963,1.0039863970497855,1.3457336183980821,0.13660574401130574,0.8814562860887569,0.7370624674330544,2.2323633400503504,3.3843336767533527,5.021118615171772,0.97764406755286,1.0149414918028699,0.43320570011547016,0.9170060256206751,0.8137084772186431,1.6068860385506736,0.33429547282552396,0.47261894761116346,0.2810724454345131,0.4553881513412103,0.45772578248199297,0.46719813322622533,0.0,0.0,0.14659301840953656,0.32976729238146796,0.0,0.0,0.05287941004806472,1.4699293950015513,1.584212465485366,1.8751383060443922,1.401939574935487
