Satellite,,,22877,25933,26605,27663,28129,28361,29486,29486,32711,32711,39166,39166,39166,39166,40105,40105,40105,40105,40294,40294,40294,40294,40534,40534,40534,40534,40730,40730,40730,40730,41328,41328,41328,41328,32393,32393,36401,36401,36402,36402,37829,37829,37867,37867,39155,39155,41330,41330,41330,42939,42939,42939,43508,43508,43508,43687,43687,43687,37846,37846,37846,40889,40889,40889,41174,41174,41174,41175,41175,41175,41549,41549,41549,41860,41860,41860,41862,41862,41862,43056,43056,43056,43566,43566,43566,36590,36590,38091,38091,43001,43001,43002,43002,43107,43107,43207,43207,43208,43208,43245,43245,43246,43246,43706,43706,39199,39199,39635,39635,40269,40269,41384,41384,43286,43286,37605,38652,38779,39617
Signal,,,L2:P(Y),L2:P(Y),L2:P(Y),L2:P(Y),L2:P(Y),L2:P(Y),L2:P(Y),L2:L2C,L2:P(Y),L2:L2C,L2:P(Y),L2:L2C,L2:M,L5:L5I,L2:P(Y),L2:L2C,L2:M,L5:L5I,L2:P(Y),L2:L2C,L2:M,L5:L5I,L2:P(Y),L2:L2C,L2:M,L5:L5I,L2:P(Y),L2:L2C,L2:M,L5:L5I,L2:P(Y),L2:L2C,L2:M,L5:L5I,L2:L2OF(C/A),L2:L2SF(P),L2:L2OF(C/A),L2:L2SF(P),L2:L2OF(C/A),L2:L2SF(P),L2:L2OF(C/A),L2:L2SF(P),L2:L2OF(C/A),L2:L2SF(P),L2:L2OF(C/A),L2:L2SF(P),L2:L2OF(C/A),L2:L2SF(P),L3:L3OC,L2:L2OF(C/A),L2:L2SF(P),L3:L3OC,L2:L2OF(C/A),L2:L2SF(P),L3:L3OC,L2:L2OF(C/A),L2:L2SF(P),L3:L3OC,E5:E5ab,E6:CS,E6:PRS(A),E5:E5ab,E6:CS,E6:PRS(A),E5:E5ab,E6:CS,E6:PRS(A),E5:E5ab,E6:CS,E6:PRS(A),E5:E5ab,E6:CS,E6:PRS(A),E5:E5ab,E6:CS,E6:PRS(A),E5:E5ab,E6:CS,E6:PRS(A),E5:E5ab,E6:CS,E6:PRS(A),E5:E5ab,E6:CS,E6:PRS(A),B3:B3I,B2:B2I,B3:B3I,B2:B2I,B3:B3I,B2:B2ab,B3:B3I,B2:B2ab,B3:B3I,B2:B2ab,B3:B3I,B2:B2ab,B3:B3I,B2:B2ab,B3:B3I,B2:B2ab,B3:B3I,B2:B2ab,B3:B3I,B2:B2ab,L5:SPS,L5:RS,L5:SPS,L5:RS,L5:SPS,L5:RS,L5:SPS,L5:RS,L5:SPS,L5:RS,L5:L5I,L5:L5I,L5:L5I,L5:L5I
Mask,CF,RR,,,,,,,,,,,,,,,,,,,,,,,,,,,,,,,,,,,,,,,,,,,,,,,,,,,,,,,,,,,,,,,,,,,,,,,,,,,,,,,,,,,,,,,,,,,,,,,,,,,,,,,,,,,,,,,,,,,,,,,
deg1,1,,45.48075436159144,0.0,0.0,0.0,0.0,0.0,0.0,0.0,12.633383938784057,2.6629717914525988,0.0,0.0,0.0,0.0,0.0,0.0,0.0,0.0,0.0,0.0,0.0,0.0,0.0,0.0,0.0,0.0,0.0,1.3364357937126454,1.1452228484771143,0.9657519853749432,20.290276158652848,4.876597260516305,1.54421474212278,0.4708257970535355,0.0,0.0,0.0,6.970039970825594,0.0,13.655435059573724,0.20747594410324985,0.6823771681868039,0.0006328738450718437,0.0,0.16411897602594028,8.356520779066065,0.42337927743782194,0.0,5.174065807430686,0.2561337249980291,2.294872070858363,0.0,0.0011729680518598198,0.0,2.0570372835711193,0.4320270344409683,0.0,0.0,0.0,0.0,0.0,0.0,0.0,0.0,0.0,0.0,0.0,0.0,0.0,0.0,0.0,0.0,0.0,2.0674876490120377,0.0,0.05372926097069625,0.0,0.0,0.0,5.881906725565994,1.4395918181019904,1.2051356918845377,0.0,0.0,0.0,14.898489196498053,0.0,0.0,1.8324693753062917,0.0,0.0,0.0,0.0,9.806491027954246,38.83621408353646,0.0,0.0,0.0,0.0,0.0,0.0,4.401558504292388,0.0,0.0,0.0,0.6339401522514676,0.6355966465523745,0.6108039703212242,0.0,0.0,1.7559027168801407,0.0,0.0,0.132759741091533,0.0,0.0,0.0,0.0,0.0
deg1,1,-2,43.217188937626354,0.0,0.0,0.0,0.0,0.0,0.0,0.0,12.816425683469559,2.59921501722358,0.0,0.0,0.0,0.0,0.0,0.0,0.0,0.0,0.0,0.0,0.0,0.0,0.0,0.0,0.0,0.0,0.0,1.4174219209550678,1.1479975762210228,0.9636615628774188,19.89202283610255,4.877062235746253,1.554391341692781,0.48256187882954965,0.0,0.0,0.0,6.978571706661448,0.0,13.626370184752293,0.20593254876082287,0.7057048294657501,0.0006334081047413168,0.0,0.20096032342873194,8.137880617973968,0.4225034322523935,0.0,4.0819377881914125,0.25621119978931467,2.301886736742591,0.0,0.001078418267021953,0.0,2.214898681115363,0.43210682175922505,0.0,0.0,0.04089848994216258,0.0,0.0,0.0,0.0,0.0,0.0,0.0,0.0,0.0,0.0,0.0,0.0,0.0,0.0,2.0676453901694027,0.0,0.05346426752322808,0.0,0.0,0.0,5.862616477595858,1.4396121439192675,1.2067043565855806,0.0,0.0,0.0,14.761589854263937,0.0,0.0,1.8344527015828338,0.0,0.0,0.0,0.0,9.811500536451575,38.18166660260284,0.0,0.0,0.0,0.0,0.0,0.0,4.409257399096021,0.0,0.0,0.0,0.6201422395115904,0.6361266632850451,0.614101504473651,0.0,0.0,1.74734756783897,0.0,0.0,0.14350417616995376,0.0,0.0,0.0,0.0,0.0
deg1,1,-1,25.209836835917624,5.890503859824192,0.0,0.0,0.0,1.2000902072696296,2.44097257020882,0.0,12.156607242402591,2.3944752687557327,0.0,0.0,0.0,0.0,0.0,0.0,0.0,0.0,0.0,0.0,0.0,0.0,0.0,0.0,0.0,0.0,0.0,1.7134801447697878,1.1571602271468637,0.9447019868900712,16.22709768316267,5.019100211802675,1.632111213792221,0.5713796018720216,0.0,0.70599548379043,0.0,6.568030378302145,0.0,13.240465928452524,0.20313032091760738,0.9841257148687866,0.0006561806911121853,0.0,0.3976533124808489,6.057096307104853,0.4568801819552575,0.0,1.5244700449909636,0.2567234848798696,2.278354179957029,0.0,0.006533463886457406,0.0,2.449763874573747,0.43359673362790957,0.0,0.0,0.45605857590600163,0.0,0.0,0.0,0.0,0.0,0.0,0.0,0.0,0.0,0.0,0.0,0.0,0.0,0.0,2.0389675027287057,0.0,0.051475861577732894,0.0,0.0,0.0,5.638687858064023,1.4397231785328835,1.2167760261267149,0.0,0.0,0.0,13.670474983478607,0.0,0.0,1.8238189441094066,0.0,0.0,0.0,0.0,9.835116336771115,32.94539317036797,0.0,0.0,0.0,0.0,0.0,0.0,4.470037153476947,0.0,0.0,0.0,0.5234929321320317,0.6392535437385793,0.6591628875756054,0.0,0.0,1.6678662905849964,0.0,0.0,0.19937590924766774,0.0,0.0,0.0,0.0,0.0
deg1,1,0,5.788049292072965,2.546721683325124,0.0,0.0,0.0,3.641491438315869,3.1557469128628752,1.0377060394650865,9.570539330716707,2.1822873349179046,0.0,0.0,0.0,0.0,0.0,0.0,0.0,0.0,0.0,0.0,0.0,0.0,0.0,0.0,0.0,0.0,0.0,2.1391011660263772,1.1819984923021456,0.8852235774548477,6.984282726716172,4.748867511044087,1.8719755924504278,0.8865205926893253,0.13120275206974955,3.5136636959960046,0.0,4.687129328787586,0.27161376052540537,9.631380520355929,0.30262720794120773,2.239975742967405,0.0010105746777838295,0.0,0.7142477960073949,2.5300307785450267,0.8069800246921234,0.33270794870361015,0.8855499224541429,0.2558232240204497,2.168876924251879,0.0,0.09568138008750231,0.09620888123782197,1.85555233118318,0.5112693539494023,0.0,0.0,1.8952212310755117,0.0,0.0,0.0,0.0,0.0,0.0,0.0,0.0,0.0,0.0,0.0,0.0,0.0,0.0,1.908846644852988,0.0,0.04429818582394362,0.0,0.0,0.0,4.801472099655127,1.4400035107576599,1.2490080528643699,0.0,0.0,0.0,7.0010826790151635,0.004947784598433694,0.5642940009686008,1.801189080381377,0.0,0.0,0.0,0.0,8.925545624688354,14.350128584577332,0.0,0.0,0.0,0.0,0.0,0.0,4.15372159756661,0.0,0.0,0.0,0.3689370372145739,0.6525572229888438,0.6275234696883772,0.0,0.033332638352027356,1.3464217737967468,0.370477232201662,0.0,0.3198176118124628,0.0,0.0,0.0,0.0,0.0
deg1,1,1,1.6545556180128205,1.3085835962382695,0.0,1.5479055494499816,0.48549936361520696,3.353355496241155,1.559182853688722,1.3635634316198437,3.636921643597329,2.2104885041084446,0.21013064193438463,0.6103589741938817,0.0,0.0,0.0,0.0,0.0,0.002535301222804046,0.0,0.0,0.0,0.0,0.0,0.0,0.0,0.0,1.7591453350275783,2.207009380771954,1.2596750545758026,0.8771452580256565,1.930441446615302,2.2128876171523117,1.8070591884000833,1.0681461364798115,0.9615124787027363,2.3408249030381576,0.920789933210506,2.171725005556133,1.14397251693749,3.5369903825382125,0.7876780104829358,1.8740282690723173,0.0018854187135402976,0.0,1.2568502160838748,1.4815011669904512,1.124956864375061,1.005667713116318,0.971039856669744,0.3638581984189437,1.8565009910712533,0.5248088830944917,0.3528713396480522,0.9337812215292994,1.1242147026259361,0.7264515116121187,0.7692927983445303,0.6773086401560718,2.5774672928729356,0.0,0.0,0.0,0.0,0.0,0.0,0.0,0.0,0.0,0.0,0.0,0.0,0.0,0.0,1.9885039314409407,0.0,0.04716892871503792,0.0,0.0,0.0,3.4694331778562173,1.433025874299987,1.2461961640854655,0.0,0.0,0.0,1.8104842369735048,0.9219609504002858,1.91036267223118,1.7823249094602638,0.0,0.0,0.0,0.0,4.305467474522014,3.0060562025543303,0.0,0.0,0.0,0.0,0.0,0.0,2.862908155237496,0.6215132896384975,0.0,0.0,0.3716970099945694,0.6764251701904,0.46051510162436454,0.0,0.8372597057536125,1.0429809927925784,0.8115576032356612,0.0,0.39791472272059386,0.0,0.0,0.0,0.7759440948806172,0.0
deg1,1,2,1.1081851362745831,1.0594168494020058,0.33432199960271874,1.2454205740465611,0.9476111425113707,1.6600805448965197,1.0813448215963763,1.0786798372660573,1.4695792725448003,1.4744367179546491,0.9662619033704888,1.0152186866954687,0.008757279823289764,0.041848741898539585,0.8301458957682483,0.866572850634408,0.0,0.0,0.5442964989234116,0.5602011425485355,0.0,0.0,0.3645025667691674,0.3412683701070224,0.0,0.0,1.274702741981059,1.4150929838642057,1.303611936644132,0.7813943665629641,1.090765128067733,1.1109790543630615,1.2540701334283288,0.9746514062453799,1.0950980559032761,1.220667786246636,1.06503125879677,1.1816971590627086,1.169662824993497,1.3629367743100114,1.0018715187326184,1.155883811756104,0.0026295710556425485,0.0,1.062470768591062,1.0719455556757818,1.0357220855371414,1.012904028409018,1.0016505612581914,0.6790504225638079,1.1878679940241461,1.012823182202789,0.8002957351682223,1.030684474502709,1.0451629256470771,0.9435575894916587,0.9983930842978573,0.9949424554722957,1.4382357565549306,0.0,0.22849237595261038,0.7070550312035242,0.0,0.0,0.0,0.0,0.0,0.14895383445913082,0.0,0.0,0.49251262999718765,0.0,0.0,1.6167817597171021,0.0,0.06196558810379162,0.007021491143896307,0.0,0.0,1.706439686895084,1.378974050477671,1.0259485779491464,0.5994013035636429,0.0,0.0,1.1040515045708563,1.0238310402881385,1.6650574078841325,1.4647781005718876,0.0,0.41052512528913493,0.0,0.3160383395547812,1.5619533991512597,1.2064349690777887,0.0,0.6839763337699694,0.025105062150990395,0.5419304113606442,0.7009075373654314,1.0495312067743507,1.6291132954791085,1.061102979710588,0.0,0.9993028071435925,0.4505957417243646,0.5191375808202651,0.48955340068761033,0.0,0.9757676433550005,1.0010334905326579,0.882864320202185,0.0,0.42416794518753814,0.2187937522879556,0.0,0.2057135862479266,0.9762270050672299,0.44610210440882436
deg1,1,3,1.012440959237897,1.006974590398906,0.9248252217931151,1.0282847292493424,0.9916710531906504,1.0785230169693583,1.0080284738758987,1.0092160660688498,1.050951278004088,1.062859823595614,0.9960487708534776,1.0023528634474717,0.8467339687929077,0.5865256311779071,0.9768474023744097,0.9808664959176413,0.5442090867500505,0.0,0.9486454454661639,0.9498790735144567,0.328479559533751,0.0,0.9305874799629291,0.9251339715187662,0.3579497210292538,0.0,1.029840345843897,1.0518408928161875,0.9295380288184486,0.2763197885934792,1.0071118470687423,1.008340654770347,0.9829344954991334,0.8132864643382572,1.0134947937334389,1.0223484308895812,1.0088454646807175,1.0185695361517013,1.0238394417553585,1.0370691805241337,1.001135885521623,1.0161392698259415,0.006775350192080187,0.0,1.0067222301862624,1.0071375355447831,1.0041086965105361,1.0014796112519804,1.0005587975380255,0.935109707880114,1.016844230814838,1.0050404516348208,0.9736544938353331,1.0036735834118364,1.0081242276269922,0.9933464539346689,1.0001371183997918,1.0016947110663157,0.9231253894901333,0.23681296988078754,0.3276924573785327,0.9500836977013349,0.6456940363751779,0.8403218445815139,0.7679098263047944,0.0,0.026058473566098264,0.8177782354734895,0.0,0.12328823619432508,0.9230524992748158,0.0,0.06787894204250974,1.032442441578249,0.06275287627932775,0.07616701131514048,0.783736524702086,0.0,0.0,1.0530868007544694,0.940105329432969,0.762267596001107,0.9358589837771673,0.5773410038695399,0.7115984925263139,1.0044105492290536,1.00384470780472,0.8883629904418461,1.0605122583630529,0.0,0.7783270065637757,0.8007775152327157,0.9150869918259599,1.0514168555174388,1.0096015230303437,0.24780469522167894,0.921702943672323,0.5457155684949687,0.8756910432810312,0.7810416195828132,0.9835720569021759,0.9616346033554157,0.9774561571398108,0.7157980700308082,0.9674249522145183,0.6671008982196045,0.4337520232814553,0.693768213801353,0.3346727137326079,0.9938634006153969,0.9937119506316753,0.935532998076974,0.7550664633569311,0.650705365682241,0.37565418991562294,0.3932574458652851,0.5068543021240506,0.9935247666515921,0.8783236554742759
deg1,1,4,1.0011822664119525,1.0006537899562815,0.9914368431130639,1.0021292724867925,0.9988110533872504,1.0069453735016356,1.0006582315596677,1.0008739421973796,1.0044332266109892,1.0061005377631758,0.9992652460696785,1.0000745839331646,0.9742635187339459,0.7833081278119007,0.9967688247224176,0.9976232792660711,0.9256092589664813,0.364546236197192,0.9940506263291884,0.9945240411007872,0.9075578419122486,0.5556052016187236,0.9924471282104715,0.9921098248417091,0.9179642518468886,0.6011159243230092,1.002079909361731,1.0048242438581318,0.9661057714505459,0.4779140590597946,1.0005108495439592,1.0007409984256996,0.9917719528342029,0.8703802674591263,1.0011496040226215,1.0017468765277735,1.0004318881869607,1.0012091135591905,1.0015947237561849,1.0026626313940699,0.9988068894459678,1.0004439118825947,0.04980145249787171,0.0,1.0006100438111405,1.0005834678308552,1.0002144538156237,0.9999129796239312,0.9999665641416693,0.9923483428255899,1.0009394719541451,0.9995885078656579,0.9968526859430357,0.9997914396872535,1.0004898073209347,0.999120327932949,0.9996746061813889,0.9999196375678443,0.9290414093955975,0.6448059498371,0.5873001308802166,0.9877506539465715,0.9340107272358574,0.9543886820055658,0.959353115892288,0.6930052133575578,0.7948198353854319,0.9431277751750663,0.6861022753187903,0.6756494713431461,0.9810857816899504,0.7536576435632325,0.7764275128653264,0.9629622968774915,0.3871795998463079,0.2711434023760248,0.930173297659468,0.15493590343241878,0.18925652252148642,0.9787156572909446,0.8550090800820399,0.7952880755571315,0.9827874666491399,0.893784499885937,0.8997783440774333,0.9957072546122382,1.0003066624908832,0.8885662794816664,1.004518167094463,0.37590215395439164,0.9139979193021204,0.9642657090341639,0.9863023104267471,0.9959145958560558,0.996379574677617,0.7688603669898906,0.9683252649374526,0.8203026955545706,0.9523061636628574,0.8839443389232134,0.9823796091957636,0.9385817842944623,0.9801153235875489,0.90110015069959,0.976858710569622,0.8886572930198626,0.7501872653251584,0.8974067770013866,0.7544005328343037,0.9983685909466304,0.9966828387042361,0.9784717424995925,0.9362461874552208,0.8831039558570466,0.7352842996249814,0.6992988878512989,0.7196157426137345,0.9963363792229628,0.9528286447339158
deg1,1,5,1.000108784241495,1.0000591395193776,0.9987171241726748,1.0000356695227257,0.9997911814329273,1.0004875160722713,1.000054275996769,1.0000794963633928,1.00038024397865,1.0005641478480236,0.9998253167541007,0.999969537730321,0.99663588002293,0.9611636349728565,0.9994158571291862,0.9996692543051531,0.9906882377839573,0.8859473864219394,0.9990942505542219,0.999348974283516,0.9886734313953541,0.9252899077322291,0.9989209607544353,0.9991092869019177,0.9901087274785807,0.9352679340380715,1.000007646487956,1.0003942217890476,0.9948433772776696,0.9027813351282841,1.0000388197685874,1.0000669852146862,0.9989770301071446,0.9770847708464396,0.9999955901196893,1.000019913639045,0.9998145381455592,0.9998969166593288,0.9997953946244703,0.9999225390775748,0.9995259174682931,0.9997623492915579,0.30230114794383495,0.42271773022262077,1.0000412687493685,1.0000238988738461,0.9999770467911978,0.9999451182683132,0.9999865500560221,0.9991893009047631,1.0000072948646983,0.9998583498202315,0.9995892198369817,0.9998617433351744,1.0000088964178722,0.9998736648372476,0.9999075712774794,0.9999624006640448,0.986612819169236,0.9305598728469253,0.9097379378001487,0.9980779869172234,0.9895629065594661,0.9912967806978782,0.9942524903295445,0.9548392344305324,0.9665665155663952,0.9904932038285028,0.9453316142502761,0.9371418920580131,0.9969549115504626,0.9605867284734965,0.9599784631957362,0.9919208330844816,0.8731776770780512,0.8188235783819517,0.9882084671931769,0.8530636011581185,0.8377167124980376,0.9950661613569304,0.9684734339591032,0.9523947819069484,0.9971825173935605,0.9817941086541538,0.9799808562197533,0.998979058758663,1.0000199840108037,0.976649029608935,1.000255745551588,0.8800162682829897,0.9852300989807035,0.9942117142591871,0.9981025726972448,0.9983506283019395,0.9992198449450189,0.9582490895777075,0.9943655430962108,0.9670094471026577,0.9916594310654029,0.9769911503270502,0.996582716664208,0.9867971511509387,0.9962290507798073,0.9814699345053984,0.9956719224677565,0.9820678875091952,0.9587806960400977,0.9834729224929267,0.9604132022153483,0.9997475857143507,0.9994402377693721,0.9965334143054785,0.9903453346756299,0.9811787618603149,0.9565396004302632,0.9466016861688209,0.9492794516648435,0.9993300923095673,0.9918830384543296
deg1,2,,15.296202706452721,17.8896955249125,2.3403045240840457,5.586878220526996,0.0,3.2723558610689256,0.0,0.0,0.0,0.0,3.942242900468857,7.2495547082134975,2.7486589284089287,1.2232709613163444,2.8148533072366315,0.8534227456159998,0.02173941970382219,0.0,0.22453969443143254,0.0,0.0,0.0,11.811298560650124,0.0,0.6351072798770598,0.0,0.0,3.538631266736552,1.1157070724954175,0.20803562046757276,0.0,0.5936447250710786,0.0,0.2540414145200471,0.0,0.0,0.0,39.159819411748344,0.0,16.908096264902213,0.0,0.0,0.0,0.09640189776797367,0.0,0.0,0.0,0.0,0.0,0.5352649769944952,0.0,0.0,0.0,0.0,0.0,0.0,0.0,0.0,0.4573869615375387,0.17882831400112212,0.0,7.832081176330837,3.398008621986197,3.6159830196541596,0.0,0.0,0.06352543447383624,0.0,0.0,0.0,1.3269182499782042,0.3449475412839164,0.07448787874497312,1.7565884711534914,0.17076394864988018,0.10186130442406983,0.6178662816391662,0.0002508068692494281,0.0,5.039362388522233,1.3034586494688332,0.9837862665434708,0.0,0.6791778035598768,0.2868812241363887,0.0,2.9573118600315653,0.41036220463203094,0.553046516702973,0.18990576209207904,1.716880013308966,1.4338408692646512,2.1814527857070756,2.600413438069208,8.243300402168932,0.6041388145179447,0.519803306026776,0.0,0.0,0.5416021671233959,0.0,3.103198462945383,6.582174315428935,0.9795564914168887,0.19627727742362738,1.2448275060211462,1.048159058939389,0.0,0.0,0.0,0.0,0.133635045066021,0.007597401301074072,0.0,0.0,0.19619964316475266,0.0,0.0,0.0
deg1,2,-2,15.294859755647394,17.855688134236917,2.3383678729662574,5.588586227117714,0.0,3.2733819889078264,0.0,0.0,0.0,0.0,3.9462258306674443,7.248613480448091,2.748554671129077,1.2232776487215347,2.8170674548483294,0.8534529019717287,0.02172563795080859,0.0,0.22261946558373993,0.0,0.0,0.0,11.809829535416142,0.0,0.6351528393807961,0.0,0.0,3.538886402658637,1.1157360503182394,0.20803137059974405,0.0,0.5938191128474734,0.0,0.25404258357152304,0.0,0.0,0.0,39.15874842038443,0.0,16.908508258353038,0.0,0.0,0.0,0.09640202684586853,0.0,0.0,0.0,0.0,0.0,0.5352689626903191,0.0,0.0,0.0,0.0,0.0,0.0,0.0,0.0,0.4573633503738123,0.17882816410720678,0.0,7.831587570481843,3.3979989493833376,3.6159827740392214,0.0,0.0,0.06352808101408738,0.0,0.0,0.0,1.3271931943047794,0.3449494836221172,0.0744871703676547,1.7566059033328598,0.17076385255227963,0.10186108705930459,0.617934811323899,0.0002511760458757152,0.0,5.039379475446068,1.3034585230624247,0.9837893438342938,0.0,0.6791782910229349,0.2868784128084152,0.0,2.957049763478519,0.41036227514837914,0.5530650752508977,0.18990541423744126,1.7169334284716786,1.4338438610066238,2.1817231840084546,2.6004077273355657,8.242671551713007,0.6041394827623104,0.5196957557834846,0.0,0.0,0.5416020862551114,0.0,3.103194394673721,6.582011024650628,0.9795563116895496,0.1963264018856084,1.2448244996383848,1.0481562322283506,0.0,0.0,0.0,0.0,0.13365145220901006,0.007613131352790713,0.0,0.0,0.19620400279838512,0.0,0.0,0.0
deg1,2,-1,15.281954996783092,17.556901923905066,2.3212444846586466,5.6037015817146845,0.0,3.2824934413048825,0.0,0.0,0.0,0.0,3.980652406676155,7.240288775627167,2.7476357078400264,1.2233379746043374,2.8367334317925934,0.8537147662175364,0.021602242276818416,0.0,0.20597966916508673,0.0,0.0,0.0,11.796540159195168,0.0,0.6355585731405001,0.0,0.0,3.541143382686115,1.1159917049287296,0.20799316482146288,0.0,0.5953872542178389,0.0,0.25405304016297,0.0,0.0,0.0,39.14911222254719,0.0,16.912214667476448,0.0,0.0,0.0,0.09640318811571835,0.0,0.0,0.0,0.0,0.0,0.5353043659571876,0.0,0.0,0.0,0.0,0.0,0.0,0.0,0.0,0.457150102081424,0.178826819049726,0.0,7.827142262059506,3.397911744295331,3.6159802880731893,0.0,0.0,0.06355162289831552,0.0,0.0,0.0,1.3296664833168539,0.34496695480883144,0.07448098697213434,1.7567637689100293,0.17076299409878426,0.10185917752156529,0.618552353739563,0.00025450100823800915,0.0,5.039530757589432,1.3034573509314418,0.983816522398461,0.0,0.6791826612232863,0.28685392066464555,0.0,2.954697196001641,0.4103629183788049,0.5532319088655363,0.18990229203402664,1.7174143362958083,1.4338707519946357,2.184148537252282,2.60035644954091,8.237020774717358,0.6041454729970837,0.5187286442696544,0.0,0.0,0.5416013448861512,0.0,3.1031580518449617,6.580546471714394,0.9795545507630498,0.19676544855794115,1.2447976488099795,1.0481309118376185,0.0,0.0,0.0,0.0,0.13379804686468783,0.007754110636332443,0.0,0.0,0.19624312809317765,0.0,0.0,0.0
deg1,2,0,15.091905797086714,15.145246689913684,2.1748815099337646,5.733863383758503,0.0,3.3634242397659455,0.0,0.0,0.0,0.0,4.21658564084773,7.168360016684326,2.7399461989045313,1.2239520857224506,3.01170986475398,0.8556407564087022,0.02042961642062526,0.0,0.08971393678225859,0.0,0.0,0.0,11.658621533126672,0.0,0.6392672623705937,0.0,0.0,3.5606365951831958,1.1181443810204517,0.20761479976259242,0.0,0.6109221183098439,0.0,0.25415217341239593,0.0,0.0,0.0,39.053045446302164,0.0,16.94910934795472,0.0,0.0,0.0,0.09641475834666358,0.0,0.0,0.0,0.0,0.0,0.5356214133863235,0.0,0.0,0.0,0.0,0.0,0.0,0.0,0.0,0.45496671081202833,0.17881369453552015,0.0,7.78257566838381,3.397027674789676,3.6159334979232263,0.0,0.0,0.06376471886356626,0.0,0.0,0.0,1.3542122221901094,0.345140971099142,0.07443479724822112,1.7584170866577897,0.17075491774535734,0.10184376325943652,0.6247755107797655,0.00028794740349483123,0.0,5.040843982156362,1.3034428918465402,0.9840472092453907,0.0,0.6792250173179648,0.28667319749874454,0.0,2.9317026415617704,0.4103700834238989,0.5548824494528897,0.18987180430737138,1.7222290209311608,1.4341371947357928,2.2076708965152823,2.5998522449615455,8.181327918865534,0.6042033097166081,0.5091529883646517,0.0,0.0,0.5415930730643106,0.0,3.1028163234586454,6.566299311889024,0.9795256762944712,0.20091683099533875,1.2445455152890004,1.0478874072140498,0.0,0.0,0.0,0.0,0.13517932417988193,0.009115942790912598,0.0,0.0,0.19662548796444596,0.0,0.0,0.0
deg1,2,1,12.291645408734832,7.382461563150998,1.5190373426782764,6.1543680649955235,0.0,3.741523793502479,0.0,0.0,0.0,0.0,3.6388626707940075,6.86704012857213,2.717735006841645,1.2304372273463489,3.844055004190768,0.8687542963730545,0.014291008128475806,0.0,0.07458502784414402,0.0,0.0,0.0,10.458306578005843,0.0,0.6600242238671293,0.0,0.5180836599675408,3.626282913211473,1.122939895357108,0.20401662198507298,0.0,0.7289658683488934,0.0,0.25490501748952776,0.0,0.0,0.0,38.12878879726078,0.0,17.29616477506839,0.0,0.0,0.0,0.09652650400388517,0.0,0.0,0.0,0.0,0.0,0.5375086187310628,0.0,0.0,0.0,0.0,0.0,0.0,0.0,0.0,0.43419148896381093,0.17869129584840315,0.0,7.368391277368389,3.3877041291716385,3.6148573613248827,0.0,0.0,0.06509795360570303,0.0,0.0,0.0,1.569440094268768,0.3468664097538903,0.07456907187843416,1.7764570493152425,0.17069144699406136,0.10179784175870399,0.6832288227882681,0.0006312076736284455,0.0,5.047021393883273,1.3032364554187315,0.9850485985963306,0.0,0.6796015280430034,0.286848692043744,0.0,2.7296356024953607,0.41040596248104866,0.5700445440250577,0.1896100033098796,1.7678675396211554,1.4370491707140451,2.3983451669130154,2.594927697365585,7.685042462195922,0.6046690354900158,0.42495884938648215,0.0,0.0,0.5415379444794326,0.0,3.100146916150736,6.436410494109514,0.9789201262710441,0.23614345129113207,1.2425921765573773,1.0458409851769759,0.0,0.0,0.0,0.0,0.14606490723996782,0.02080366810268049,0.0,0.0,0.2001318617974924,0.0,0.0,0.0
deg1,2,2,4.927532608859095,2.579762538683113,1.5583113895158796,5.974318827149372,1.6887561948483998,4.36233562123934,0.0,0.0,0.0,0.0,2.4042025578567974,4.796256975579645,2.5325484594552123,1.2797010736538674,3.9765739574317283,0.9810117599470102,0.026758119057805042,0.0,1.4487857501491137,0.0,0.0,0.0,4.736015101523708,0.36921882523161337,0.7169637563017471,0.0,1.7963476858867664,4.029407977899532,1.1548915412871479,0.17832693855260187,0.860947506324182,0.8948081813994588,0.0,0.2590885460175094,0.0,0.0,0.0,31.42052379588755,0.0,19.01325151495872,0.1046498762010083,0.0,0.0,0.09738861924845471,0.10501266140326115,1.8398471572354227,0.0,0.0,0.0,0.5466325967184076,0.0024437664055767393,0.0,0.0,0.0,0.0,0.0,0.0,0.0,0.36439149530744613,0.1776713857005518,0.0,5.32317657057928,3.2957782628675485,3.596077857570539,0.0,0.0,0.07470943920347749,0.0,0.0,0.0,2.1661293728280007,0.36400894012932694,0.08184142494930852,1.9067641645071514,0.17011256133232164,0.10150237777795915,1.001203713991106,0.0041481379202225,0.0,5.043468917736384,1.300705106483875,0.9885988567512971,0.0,0.6823101710277952,0.2986278283595311,0.0,1.7320158013842917,0.41825458464481063,0.6442254741952615,0.18882946183669108,2.0286974656642247,1.4677444935291835,2.8747680445244876,2.5210904368429965,5.182739012773574,0.6053201360929151,0.15787892052460167,0.0,0.0,0.5413497446447011,0.0,3.0769349080293575,5.39390685230728,0.9728378310006938,0.5285580768962522,1.2295696204588695,1.0325608286658778,0.0,0.0,0.0,0.0,0.22132557069085984,0.10039666632225404,0.0,0.0,0.22652429462607648,0.0,0.0,0.0
deg1,2,3,1.901361166851398,1.3744207121331105,1.9158611488461288,3.826576585317804,1.5178695601541548,4.359338908923971,0.9605092915601331,0.0059699977178685375,1.2345693656530605,0.0,1.7521902012468231,2.3943227587157083,1.8014493040780184,1.2946550384139741,2.527090375778686,1.352994802793813,0.14470578154512362,0.011318575733450797,1.9233539021555182,0.0,0.0,0.0,2.015639974207342,0.9077681507522518,0.833579281849042,0.0,2.8062533746302996,4.333695339704808,1.283546343703256,0.1232597489481424,1.3609049865861762,0.9853466401947124,0.0,0.28308681902831406,0.27826954271341575,5.9700511195682795,0.596392804354139,12.761634083552536,0.6771875231981421,12.931977865249758,1.0044913569247509,2.0309401214536384,0.0,0.10015051077581852,0.599899357750126,1.7293679118091314,0.0,0.0,0.6274669289967986,0.4043963401280231,0.8856591374082082,0.0,0.0,0.0,0.2945477264314303,0.22318082177912332,0.0,0.0,0.5499830154491414,0.1728266888333089,0.0,2.2896616175732665,2.6467756178910307,3.307077921663013,0.0,0.0,0.14775941853768196,0.0,0.0,0.0,1.537373423559372,0.4789233523417365,0.16414056979622793,2.23017514881192,0.16645565236344304,0.09975229553971908,1.2478523033718738,0.029899350564456643,0.0,4.3080716072723515,1.2786307616225043,0.9839483362156869,0.627617742943982,0.7018202671724574,0.4042207727743558,0.5239821517856239,1.0277132771379143,0.4779738750482419,0.7123360060615221,0.1992180122768513,2.4117386174764266,1.5513283397204827,1.846799489986267,2.0474500772219235,2.1558804752600778,0.6158781377341508,0.46504360141098205,0.0,0.0,0.5411319285113084,1.0575983676276326,2.850605316980253,2.610634928763886,0.9490457616715529,1.0153023582734024,1.1298672163865096,0.9751227203473594,0.01432557114267764,0.0,0.27356287082255515,0.20769422934810788,0.5194460916782279,0.4274464304098833,0.029533383654687703,0.0,0.31257511021794837,0.0,0.5282317966340464,0.20173517131808325
deg1,2,4,1.2504251270216309,1.1245029991543458,1.3941722757682344,1.9964981765726426,1.1709144094179214,2.825948087129423,1.08152109822509,0.9625122809015738,1.5739680592192413,1.302626286825544,1.2938870889148688,1.4784849329401106,1.1280994283326105,1.0140576791284501,1.5355277387003379,1.4111958881959779,0.37900963222129674,0.005721989975366751,1.36756252007642,0.9463210637727392,0.27002323045632953,0.0,1.2562145923035672,1.115313537268757,0.6421880679251051,0.0,1.9594514342095257,2.6837691298584914,1.3502894892243988,0.17079570955823506,1.1127687485119977,1.096020108488219,0.4206482900659795,0.40695111587488625,1.493431504830341,2.386969310468934,1.7934657739683182,3.0334286997866275,1.899655304936173,3.469943739846945,1.5851378488079224,1.738888482192032,0.0,0.10249924486715466,1.1839325503869627,1.287729996677776,1.0071069936079473,0.9386879341563045,0.9567595914759438,0.5435342323157151,1.264002705114981,0.5707678022117221,0.500285156009308,0.7970103710300585,0.9191881215291621,0.8346201462450646,0.8351082957457518,0.8432566030302313,1.3261357706423638,0.20799521713660876,0.06124553133599106,1.1907610769660901,1.3516330056091865,1.7969198506242878,0.5050228073531371,0.1855002547320962,0.3650716562258582,0.0,0.0,0.0,1.1486854948540517,0.6195511476400407,0.4331763549297657,2.2246137632049963,0.16418505927231164,0.09913906566306088,1.1763904044044597,0.058519104112608564,0.0,2.6173596291533943,1.1965713050250815,0.9066876700698646,0.9976238232798567,0.7723343332775485,0.598163894119871,0.8908638566359386,0.9935157260678822,0.7292156710448041,0.9341658524301898,0.2519613908950426,1.8466598558456955,1.2721628077847633,1.1424424010945362,1.3451203488749064,1.2069102980114925,0.687917092888876,1.1034571569315648,0.0,0.0,0.659500173690276,1.4081228888840074,1.8074856070941523,1.4507544374344559,0.9476972244007783,1.2544740689930725,0.534217379105694,0.4555854715873714,0.2954318309720574,0.2223073657849985,0.9098682219829578,0.8896070836354891,0.7509756547280664,0.7268404219248071,0.3370342803560896,0.2796113271328823,0.40143832083957776,0.038340121488603225,0.9365979683014662,0.8266938076464087
deg1,2,5,1.041241026927326,1.0222212057243103,1.0729123425852358,1.177174046751078,1.0282715984908501,1.342557194172022,1.019263002128544,1.0332610347792732,1.1314674915436707,1.2605986711702217,1.0529565478463359,1.1223387937707567,0.9886031912384905,0.7352185848037229,1.0942259404442911,1.1831463359150862,0.7227562187996157,0.0,1.0658519787662823,1.0996687210991138,0.7551660974307723,0.0,1.039603478261037,1.0654475967205554,0.8141567462957322,0.10005624574641993,1.1828383502054016,1.438796122477628,1.0790037500824583,0.1964482624021003,1.0168326406733326,1.032720793311521,0.8493685664760461,0.5354471794925837,1.1244752588528224,1.182124535685832,1.1666207798261834,1.2460176298494021,1.239657398852653,1.3106352144024014,1.146311505156755,1.1151255075033981,0.0,0.1035509377507612,1.0295510505770635,1.0388423451517663,1.0104890431286806,1.00190739810869,0.9994745334248444,0.8623586709927619,1.04515843699399,0.9991675686087215,0.927628737219361,1.0048577238895324,1.0165993220140335,0.982035305995512,0.9965442641868807,0.9989571938558968,1.10534923488616,0.3664654553044731,0.18423711407529947,1.0173404261135537,0.9777754957855151,1.0455629415698635,0.9145639843588306,0.6063177567305545,0.6489111694231755,0.784569630711136,0.05146526283623854,0.0,1.0268004840163383,0.7365046787842118,0.6723926711253457,1.4864151997652746,0.1843930954101741,0.10660575451627524,1.0162094010278226,0.032389042695865226,0.0,1.3709749433160012,0.9548712555566613,0.7705138128556518,1.007934601833962,0.8662124707659942,0.8032201423465236,0.9766302607571522,1.0070868492105733,0.7754624686099592,1.119950748429614,0.2918369017143518,1.1104386154112684,1.0215401673842004,1.0125586730219045,1.0358088682720543,1.0237945318525858,0.6885658006868577,1.0698067673418048,0.2281855500193331,0.880005576421828,0.7882089319720386,1.1093015857735948,1.033210230570294,1.1067850742032506,0.8752710175354813,1.0770285093863263,0.4354896423296145,0.3673783016918143,0.47442339545332496,0.41376747490136284,0.9810785536593571,0.9768192636747314,0.886069988519812,0.8730336023219726,0.38932296903805175,0.323100666176237,0.4914914237108123,0.33478646624772507,0.9824950866444088,0.920798667879296
deg5,1,,12.736989798628533,13.593837550654976,1.3433476221810452,5.574159239574757,0.0,2.7713794257227296,0.0,0.0,0.0,0.0,4.910928445524991,6.547653276700785,2.54396806657906,1.312213353249312,3.3110969374886325,1.005465666805583,0.187388046161275,0.0,1.4747333957842192,0.0,0.0,0.0,9.629396834158594,0.0,0.3006297991092522,0.0,1.6876446694021896,3.0754970906974233,1.1315758994809433,0.16186987621089685,0.0,0.4788470981322047,0.0,0.18039416051228058,0.0,2.1386635663273004,0.0,2.3908837568096843,0.04712346606612135,5.872107974620929,0.24641870491725207,0.7900875789192556,0.21995799830580748,0.541714157415772,0.052417659170893076,7.882847367732814,1.1635517434263103,3.2267390246337015,0.0,0.24828614080782316,1.831936648725469,0.0,0.11896373643203886,1.6220419945041937,0.0,0.5697474341441441,0.0,0.0,0.6336469597958012,0.19696949030186298,0.1444251342579678,6.646622852734687,3.3536425686811566,2.198728512113394,0.0,0.0,0.0,0.0,0.0,0.0,1.700488682080608,0.4072577385332349,0.17836585439950686,1.641275903765554,0.16868989268808374,0.09082475744666606,0.3231051333232927,0.012073672046155663,0.0,4.1506764653857395,1.144961373789401,0.8429806726909935,0.0,0.6333071098846933,0.0,0.0,2.9648274406866824,0.30315183337320406,0.5070709496180533,0.1726232570530944,1.429140053829094,1.7416442756364172,7.450879670046133,2.919462277183125,8.140904542226338,0.5972469961158179,0.5929574000849153,0.0,0.0,0.4572184126059279,0.0,3.0680570777953307,7.478565070489724,1.1806879101784826,1.21750843175394,1.2750890035419047,1.037817725668732,0.0,0.0,0.0,0.0,0.1102726051347429,0.1461727586236508,0.0,0.0,0.11244561654579506,0.0,0.0,0.0
deg5,1,-2,11.912503371760579,8.895167625600113,1.00112332436179,5.801569687589091,0.0,2.940109671315061,0.0,0.0,0.0,0.0,4.43606609000579,6.390314804079,2.542943363017516,1.3136204579126436,3.7157538680458777,1.0113786242761769,0.18575185501899846,0.0,1.1995412420316662,0.0,0.0,0.0,9.38549038912796,0.0,0.3053687064810567,0.0,2.0386214113158783,3.109495544670807,1.1316000300810678,0.1599776935324984,0.0,0.5278846047507311,0.0,0.18298788076071706,0.0,2.331996317171987,0.0,2.305571365294594,0.05001383060415553,5.841844862856233,0.247692555665222,0.8443115048643682,0.22000626508290821,0.542992464025033,0.0917337967843556,7.31916217338223,1.181417272064888,3.0007569829161524,0.0,0.24815355106683315,1.8253520739849196,0.0,0.12085379483578132,1.629052200210226,0.0,0.5708246114725309,0.0,0.0,0.6142203972427005,0.19697141793011727,0.14430706299189028,6.575775772214645,3.349811047757312,2.198806723226892,0.0,0.0,0.0,0.0,0.0,0.0,1.8259061833272456,0.4077533113710984,0.17825060564110964,1.6497417340703908,0.16865590994557192,0.090764832357242,0.34937643389566425,0.012207883927149117,0.0,4.164331611925952,1.1449133266847662,0.8435273552777623,0.0,0.6332500667614281,0.0,0.0,2.8621552438259976,0.3044875759019402,0.5144901377572807,0.1724365016544854,1.4619114294909272,1.751652327599956,6.92321623441447,2.9095478618872916,8.08475716140283,0.5974212824190729,0.551107806184809,0.0,0.0,0.45705930556669055,0.0,3.066537523574038,7.406748746453913,1.1798479439672729,1.2251888917028324,1.273553350453421,1.0367624925217473,0.0,0.0,0.0,0.0,0.11880034234784996,0.15235094773297234,0.0,0.0,0.11584957172595216,0.0,0.0,0.0
deg5,1,-1,7.15981256513551,3.6724117274447603,0.817297553880431,6.161713436002064,1.7116489846454122,3.433701670232021,0.0,0.0,0.0,0.0,3.0041054738251516,5.065634041200626,2.491534258239826,1.33413928819933,4.279058952112243,1.125742546574779,0.18808667572319981,0.0,1.3727517855953264,0.0,0.0,0.0,6.004651832706627,0.0,0.3244106563881264,0.0,2.6223130010314604,3.376434704634124,1.1394442342256712,0.14693059998519864,0.4814691368340849,0.7781233408640208,0.0,0.19477413836102642,0.005667597219830797,3.114480431321008,0.0,2.05164257365103,0.07556026794585444,5.547525646017118,0.2553600672138216,1.1027845830621432,0.22039103782881356,0.5537501804378159,0.29488497189266866,4.821022607354082,1.2566727181658692,2.083599494074881,0.0,0.24808453332335126,1.7971137896925586,0.0,0.1330329697039229,1.6331921715385869,0.0,0.5795895702770688,0.0,0.0,0.5256869772488538,0.1969220502960609,0.14389804052213284,5.968868926010892,3.315204355072269,2.1977587359733657,0.0,0.0,0.0,0.0,0.0,0.0,2.289580074210272,0.4126664017699627,0.17892695028086558,1.7226845349340512,0.16837160853053104,0.0905369565757892,0.5482594949794471,0.013442050230403091,0.0,4.235968876911593,1.1441633337647472,0.8449467743375249,0.0,0.6327871414605462,0.0,0.0,2.2382469776916407,0.31515291369336057,0.5601821807032809,0.1715209183560853,1.6726684394697813,1.8050826006219518,5.105472669147062,2.8361526505929557,6.854636833440534,0.5983788198578991,0.3396664831410523,0.0,0.0,0.45592861353960745,0.0,3.0554714796191322,6.834203770055897,1.1731418726450762,1.2673137614130652,1.2628918640949345,1.029652788010979,0.0,0.0,0.0,0.0,0.17935373378083727,0.19521994046740596,0.0,0.0,0.13284608914133939,0.0,0.0,0.0
deg5,1,0,2.614445470564251,1.6367357641473583,1.6560059063324941,5.108036375906655,1.7743301994182674,3.893090349426573,0.7743907861464491,0.0,0.636509505984911,0.0,2.033087563850069,2.515093461237343,2.123643447006839,1.356473485688879,3.217421395941056,1.322984548443473,0.23748600347848536,0.0025275110743389582,2.060679243634673,0.0,0.0,0.0,2.514530714565409,0.5812141274073596,0.3837291342373863,0.0,3.277211175842623,3.8030498043316645,1.2039361999664264,0.09809921939206745,1.7025988518990862,0.8941697829964758,0.0,0.22319596771642838,0.23589752261965605,3.0816967907633983,0.0,2.0173247852711906,0.25470623385036645,3.8572540201519154,0.3094008440653423,1.5542956087170359,0.2229516886912336,0.63068175077719,0.8271073661453846,2.1831215158563135,1.321917382139786,1.2869895353672325,0.0,0.25846801867461117,1.7778988272247804,0.0,0.20132392580756187,1.445278706673691,0.0,0.6119961615962247,0.41715185910725566,0.0,0.5545316883050635,0.1948726365359401,0.14159321798843746,3.2408797725393406,3.012205548338044,2.1625104541267124,0.0,0.0,0.0,0.0,0.0,0.0,1.8787231244746245,0.45690349654150597,0.20043481430314408,2.0492228368699736,0.1660593264877679,0.0898803619835503,1.0405221743156599,0.025199442529629926,0.0,4.249232000080579,1.137283377241387,0.845627882428311,0.4185928424026144,0.6298624641080133,0.0,0.0,1.1778090196333753,0.4040542918168978,0.6354462668667037,0.1765283326749487,2.251815625447385,1.8728376052016273,2.4640498781438196,2.4091066553080855,3.2412883460051165,0.6001147039721197,0.33512881558429275,0.0,0.0,0.4508396116325596,0.1815585410811051,2.9443056293725505,4.050580126791084,1.1387296595954373,1.3398651576954115,1.151165030689085,1.0001991077706103,0.0,0.0,0.24565146751232173,0.0,0.471135327208263,0.382170545153491,0.054925366699515296,0.0,0.19739805012073736,0.0,0.3310104288199293,0.2579318138539597
deg5,1,1,1.443357856767154,1.208225761164323,1.6463639370415795,2.850802345703272,1.3498718868991024,3.5269834590005034,1.1430028512343091,0.8751849921580357,1.8863832846896753,0.9294132662932959,1.508860358637587,1.4918844158223592,1.3280669785880816,1.1195478960804341,1.9894640318605135,1.3307673706120444,0.3496551419460338,0.017987272391680416,1.6815343368451137,0.6901428786671177,0.0,0.0,1.4892338323463,1.0486787073268313,0.4684288249354806,0.0,2.6273709984597544,2.6657589928050376,1.376183600327423,0.1067499091390413,1.2902179960811302,1.0969977605214905,0.24728169843454492,0.3109536604864596,0.7557441758778304,1.6114228537857962,0.44517381077818063,1.2939431248675086,0.625810099359518,1.669346339789029,0.5699966927558087,1.2982536969728569,0.2326388327046448,0.7553264545660253,1.1404540865964348,1.2523345734345381,1.1884567488141,1.0747233287217506,0.8543920850637853,0.3566920945542511,1.5773403973035867,0.0,0.42126304796203407,1.1860916026964052,0.6725961988149449,0.7688121041683283,0.9614029780550046,0.4750084880222197,1.1560972706943533,0.19081469342048432,0.10444754941441618,1.3924185446001809,1.8225711919448895,1.705067965776815,0.20539093562928795,0.09825798665392954,0.03817429033428136,0.0,0.0,0.0,1.2106127959550685,0.5796996188314707,0.3196056421188387,2.255824795597467,0.15889691551537882,0.08874093692870992,1.116771374260828,0.06513319395235213,0.0012351184414163042,2.9925616969825297,1.1034649615291674,0.8294241698978456,0.9653963309537199,0.6630149375118167,0.22602068124338714,0.7786581504917123,0.9931636711541466,0.6577134317323808,0.727845097161185,0.2215824947661461,2.141222743163387,1.4124788256027256,1.2724159580775185,1.540908627093009,1.4229580895319769,0.6703478779195028,0.9422174819767263,0.0,0.0,0.5125056194422498,1.3219115966604211,2.1927583521788074,1.7329721477640914,1.043388136156778,1.2903034749386835,0.5570344789474844,0.550723588270624,0.26154799266539647,0.1444659432079083,0.9083500709538764,0.7830204371980336,0.7269413535962796,0.6669445434609852,0.3660993381450424,0.267419568756134,0.27926682518317214,0.0,0.8966538653643643,0.8066528240059315
deg5,1,2,1.0977060272437815,1.0531552547296354,1.1732341579649053,1.4524954380163646,1.0732210500459514,1.779846378605959,1.0525838238621819,1.039388139957556,1.338060113559127,1.3178072101121836,1.1295278841137322,1.1548988579027386,1.0107706044901665,0.7670094799914317,1.232867244979789,1.2157669518015162,0.5016148601641219,0.0,1.1659393202607202,1.1135909518704972,0.4714759683464426,0.0,1.0950871287572648,1.0743535910602435,0.603686176368876,0.04580326806868904,1.452944528078651,1.5585755912616324,1.254888047483471,0.13197244909036862,1.0510844761232363,1.0457758499331704,0.6676376614382337,0.48776912635690245,0.9745544522197044,1.0715059090645147,0.8820160075808533,1.0220685825427231,0.892985081538775,1.0583576117022135,0.8645061494081036,1.0214714554077498,0.2647284872220104,0.7798730402419064,1.030037909056185,1.0309256683952752,1.026187422510003,1.0048247264494596,0.9861909390700523,0.6572793383305299,1.120504747894103,0.8762678831530444,0.7870204929784506,1.0088840926759017,0.9850049470200323,0.9397131816618316,0.9929282109275381,0.9539356224985613,1.21494836748642,0.26955820714197426,0.06844271506384622,1.055839552151875,1.060908859826737,1.0546011408495315,0.8423667856691632,0.4356157762604222,0.32501218945142774,0.5338294073870479,0.0,0.0,1.0539918756004416,0.6896382887188746,0.5255689595233822,1.7507206893598033,0.16223503806611247,0.08617108100849392,1.0751032243432472,0.05003774437983555,0.0,1.6100847243643823,0.9706253045388569,0.768293322435345,1.0162524091360836,0.8190550433126039,0.6617401845082455,0.9655307876067685,1.003538120845554,0.8151050220440008,1.0416357160309737,0.27552633191080633,1.3210810006544276,1.0574122246608617,1.0405102685835388,1.0748510811513994,1.0665585769290673,0.7378076598989037,1.0896585352848085,0.04898713517284301,0.7281971819151215,0.7652992128275099,1.1735000034550378,1.1788833576371094,1.1970736210570234,0.9323674231696224,1.140634165295238,0.4484663999446635,0.36346594459210524,0.46753546118868283,0.37671075591788716,0.9830595300838213,0.9656853089519667,0.8784368040735657,0.8536845954327027,0.40089586990629594,0.2991776547848732,0.41639443930908987,0.24382657881698688,0.9807228878876139,0.9145560746377669
deg5,1,3,1.0120197090204137,1.0067009868656245,1.0206044586634933,1.056110447184588,1.0082237609759286,1.0998594785627211,1.006713885315787,1.008294203052012,1.0444310674743176,1.0582513058425782,1.01590028378097,1.0230585140806465,0.9831490190752216,0.6686271004576894,1.0275074982309997,1.0363795138987975,0.8581219224823694,0.0,1.01964522839277,1.023297018468763,0.8765978507984243,0.14025892928640718,1.0105140060318079,1.0130717173009443,0.9023353138658892,0.35503774534732363,1.0568496225578743,1.0831898238435829,1.0069863459911461,0.11776856645175018,1.0053671643378705,1.007031405052853,0.9281959885000663,0.6238651576499613,0.9964673279791161,1.0041069688612236,0.9827757247013437,0.9973338652947437,0.9790893134696634,0.9966571998357467,0.9742318489105924,0.9956802727969508,0.46434457644068156,0.8495565722636007,1.0031465110102,1.0026197724632993,1.0015959248399462,0.9992384012367942,0.9998868768065791,0.930721638223981,1.0098364976424163,1.000132379492254,0.9684578754875514,0.9972647881485852,1.0053727005068573,0.9914085111807133,0.9972143736960459,0.999722497470793,0.9621308743327999,0.3818119783240753,0.2054812876434955,0.9957322294818478,0.9737614686346535,0.9654239425389516,0.9622706236675479,0.7986381629776051,0.7450725742712863,0.9125415924165551,0.40806621329339227,0.23511753163454802,0.9954545787630315,0.8032096950783665,0.7389364862006421,1.0987941280800435,0.18652923319489492,0.07890795156238489,0.9481769351255742,0.11602431714621339,0.0,1.067450388913022,0.7736055637676201,0.6639363422344241,0.9921806747129379,0.8822516861936265,0.8313186212391123,0.9859763999160014,1.0027542657026631,0.7805577866163043,1.043485764416695,0.32928914568782147,0.9432109923275047,0.9965433609215975,0.9980677843993665,0.9961719295148668,0.9988639317764287,0.6792033640351484,0.9991638892095537,0.559170649666137,0.9454725256226401,0.7850518573470595,1.0128957138683128,0.9149964809566212,1.0109539618517025,0.8597202239690133,1.0026632198302081,0.653461096164858,0.48495291323531026,0.686539434325115,0.5386768872499604,0.9937140623090194,0.9888760376922779,0.9361488937601963,0.9067150441270885,0.6365410548423619,0.4608780577072311,0.5157224058199839,0.46788014623661334,0.990958213225906,0.9310078915089758
deg5,1,4,1.001163513560095,1.0006406067479827,1.0017665886627132,1.0052794659518256,1.0006969105417627,1.0095320107694568,1.0006005220390701,1.0008380712896099,1.0041048454472992,1.005890851481594,1.0014570255123094,1.0023112490385142,0.9952361808044053,0.8113969719091758,1.0024380992559725,1.0036535383742462,0.9782201679117132,0.4486748489683779,1.00171357930536,1.0023317729330945,0.981665665607093,0.6570298611926401,1.0008970172480807,1.001300145453104,0.986553416963583,0.7329790383914799,1.0052772277374193,1.0083596025297126,0.9916113120097128,0.48770211954911863,1.0004440800793548,1.0006917492420053,0.9906299554846024,0.8540704708441236,0.9993079336129315,0.9997437173600151,0.9974371380616393,0.9986643602224209,0.9960731075375886,0.9975901181170214,0.9948533165055712,0.9977026672517292,0.854713070666422,0.9582139134807528,1.0002524536363249,1.0001289373767046,0.9998187690977992,0.9995650385570761,0.9999442319882474,0.9919473886397616,1.0003855042975125,0.9995969966998977,0.9961340901540036,0.9988538749622397,1.0004022277493623,0.9988473144213755,0.9992278203135504,0.9998560329046859,0.9411670662065146,0.7262161654456952,0.5951001707500112,0.9947033318327158,0.9855510643491802,0.9773758997369336,0.9858439562611393,0.9453029983736413,0.9208910195384248,0.95964247327261,0.8072458040441134,0.7210612941038204,0.990894962086554,0.9212691574657252,0.8827391434558407,0.9750012321778815,0.5116031371068522,0.2956985698080364,0.9552769772139631,0.6087476670757669,0.41433462077162103,0.9824455848505033,0.8601637352370427,0.7866010305491824,0.9907389802781059,0.9501810421632717,0.9228441922060686,0.9938722035787294,1.0002768835898537,0.8953527803759919,1.0044035555788935,0.6291325010749227,0.9436404075427738,0.9932564958098137,0.9971118510020784,0.9917771249951269,0.9960781789264319,0.8557322096131844,0.9800980513849286,0.8486833191782939,0.9643140702598268,0.8992066797158272,0.9874052773389586,0.9455569512442015,0.9863523060662932,0.9314787235163104,0.9832266167999687,0.8904161335355528,0.7877817486675951,0.9009706712778691,0.8101642249708463,0.9982620533337087,0.9963083736382726,0.9798792824557588,0.9618430139490275,0.8856052814825682,0.7794473336382468,0.7445698099047839,0.7328637947977605,0.9959007069947007,0.963415138459082
deg5,1,5,1.0001082264426064,1.000058752571188,1.0001473960788763,1.0004803370750162,1.0000578486694278,1.0008695199903697,1.0000518257188795,1.0000779486966516,1.000364161055281,1.0005538130618734,1.0001290687201407,1.0002194671723832,0.9993151181962471,0.9677643803941889,1.0002105485066763,1.0003436798431262,0.9974012484743809,0.9082584109377343,1.0001455949845024,1.0002153023171507,0.9978349221370835,0.9445278602903666,1.0000754334244006,1.0001208874799645,0.9984775806185839,0.9570672391951196,1.0004718061439222,1.0007955177803058,0.9984820481018832,0.9118050127055946,1.000036326699889,1.0000644272171633,0.9989639937045698,0.9770307834594303,0.999907141372978,0.9999313099881753,0.9996792997912294,0.9997922003458853,0.9994790431881757,0.9996224954685703,0.9992587403337059,0.9995947841485949,0.9820671257346097,0.9943608889055928,1.0000204409992215,1.000003803856512,0.999949573356813,0.9999214137190481,0.9999860079948752,0.9991589752853857,0.9999867554802949,0.9998822289031127,0.9995461067164927,0.9997984191755733,1.000006787909089,0.9998577666084947,0.9998779790400795,0.9999609016677692,0.9892192034452665,0.9557762141766106,0.9230665247576404,0.9990693854062516,0.9977011839513376,0.9957599284717467,0.9977196997379738,0.9920323702221623,0.9867086946392326,0.9931399062226297,0.9703191262314097,0.9503804893296012,0.9983179233020341,0.9873867066405578,0.9777734794303015,0.9940514065561762,0.9117654791392105,0.8370099105691182,0.9920951721507996,0.937921334189815,0.8892870430295707,0.9959260993511238,0.9757622017822006,0.9561725588080606,0.9983151442594446,0.9919161149593718,0.9852798157763798,0.9989337603358143,1.0000193416996968,0.9813218074353907,1.0003052301625746,0.9329350984392099,0.9900781497292146,0.9986910102615607,0.9994930000481638,0.9983992441117004,0.9992970510795992,0.9740839141461123,0.9961690186679693,0.9745957483526925,0.993658694117756,0.9817914822953727,0.9974449365136726,0.9897255071101894,0.9972927216761936,0.9876234009039137,0.9967720505364219,0.983436681483246,0.9662424433110224,0.9850168158946025,0.9697770939701282,0.9997446502530103,0.9994316991825178,0.9969513286533661,0.9939210648333185,0.9827225607728681,0.9649502619822531,0.9567215084554925,0.9550146374486099,0.9993190234506596,0.9937971153800027
deg5,2,,14.902334366786594,15.52567481109366,1.2936596891601222,5.92194675000135,0.0,3.4136546214365233,0.0,0.0,0.0,0.0,0.800352374988216,7.9463603145687935,2.5682742288990554,1.3643289529814009,3.953881178907646,0.9010068088804745,0.19795883195522262,0.0,0.5425898862558074,0.0,0.0,0.0,11.780797332021633,0.0,0.25467581189232863,0.0,0.3449151354614305,3.4158938489043527,1.1359405977065882,0.170144583381521,0.0,0.42679959766610653,0.0,0.19998325496540834,0.0,0.0896573264850643,0.0,5.628648789039273,0.0,7.1020511922068925,0.3852535496458257,0.050848713763157895,0.3709965071753008,0.5209562862196648,0.08859998198740227,9.35093589058542,1.2339830513516714,0.0,0.0,0.29885093590510364,1.8718517326219337,0.0,0.12283415785707716,1.45045454810195,0.0,0.6404101560200423,0.0,0.0,0.3501010496136808,0.12732639746279084,0.07007124533317806,6.859028956577746,3.552394972650148,2.3393462216478107,0.0,0.0,0.0,0.0,0.0,0.0,1.5719213034739894,0.465346386658396,0.254656291599292,1.7024375058417835,0.1680788072602958,0.0948991988702838,0.5779635258513512,0.006976221843748771,0.0,4.977705099532038,1.317241319804166,1.0167051265104532,0.0,0.748764401008602,0.0,0.0,3.1781767182307328,0.33150150853872434,0.5340328451152302,0.18100698409888766,1.6547213961906482,1.845776792216144,7.473742349698447,3.6441882391524882,7.925395238444052,0.6426635233962149,0.7641443056225767,0.0,0.0,0.4748843130966741,0.0,3.1522899540082077,6.524255124790423,1.0145473529504834,0.43513932910726355,1.2207560444640548,1.0161527345221968,0.0,0.0,0.0,0.0,0.33463202771459494,0.2554309666544313,0.0,0.0,0.1778581712003609,0.0,0.0,0.0
deg5,2,-2,14.900288106969235,15.493644249819335,1.2917997583746799,5.923054787750315,0.0,3.41439210889583,0.0,0.0,0.0,0.0,0.8047453452402856,7.945436529160321,2.568198560181035,1.364331780593578,3.9557666195561243,0.9010630024412258,0.1979515653083289,0.0,0.5397128967478445,0.0,0.0,0.0,11.779469048144767,0.0,0.2547141598877917,0.0,0.34630260966543913,3.416093966573085,1.135956613116754,0.17013913407018216,0.0,0.42699947227626406,0.0,0.19999000879609755,0.0,0.09100696582141954,0.0,5.627734656095965,0.0,7.1018897846917675,0.385254134223142,0.05107204793819043,0.3709965628110151,0.5209703474999442,0.08877465227835166,9.347726374875288,1.2340139336294544,0.0,0.0,0.29885034993689197,1.8718069520234062,0.0,0.12284146769562816,1.4504314113831054,0.0,0.6404055430767789,0.0,0.0,0.3500395962292236,0.1273264508348736,0.0700699275202107,6.858779923169094,3.552382719401016,2.3393533705896785,0.0,0.0,0.0,0.0,0.0,0.0,1.5723277959402386,0.46534810408672855,0.2546564465021834,1.7024548892834142,0.16807872280046204,0.09489904973635419,0.5780346045318534,0.006976693197390724,0.0,4.977732706297167,1.3172411464063063,1.016707315333643,0.0,0.748763888725941,0.0,0.0,3.1778601349492344,0.33150636415131557,0.5340567570893209,0.18100659463910318,1.6548057200707107,1.8458123157782094,7.4720689639208295,3.6441452095169837,7.925435045619143,0.6426638086739509,0.7640063792135704,0.0,0.0,0.4748839204843852,0.0,3.1522852632028475,6.524100291266169,1.014545162588636,0.4352005608170301,1.2207528009817294,1.0161498141998198,0.0,0.0,0.0,0.0,0.3346499233774528,0.2554474325178235,0.0,0.0,0.1778689519933811,0.0,0.0,0.0
deg5,2,-1,14.881202277072283,15.212759169389756,1.275411872739043,5.93281494500976,0.0,3.4209262977586956,0.0,0.0,0.0,0.0,0.8433737495221983,7.937179657578165,2.5675250968243777,1.3643576047447623,3.9724675954063957,0.9015617330449266,0.197886176034117,0.0,0.514617603814588,0.0,0.0,0.0,11.767300850401336,0.0,0.2550574610024751,0.0,0.35847988290854876,3.4178822529100783,1.1360991491944794,0.1700902188075122,0.0,0.4288044534738566,0.0,0.20005050469086338,0.0,0.10310354002504277,0.0,5.619539998947644,0.0,7.100439154441938,0.3852593445405001,0.053075604681555005,0.3709970645003733,0.5210965335564137,0.0903405673055418,9.31896544054662,1.2342906178604525,0.0,0.0,0.29884523154629694,1.8714024966318374,0.0,0.12290702401984546,1.450225132159779,0.0,0.6403641221574975,0.0,0.0,0.34948719969529113,0.12732693439808335,0.0700582037527314,6.856533231378655,3.552272365612172,2.3394170556896783,0.0,0.0,0.0,0.0,0.0,0.0,1.5759743318764814,0.4653635622970764,0.2546579485280339,1.702612320535095,0.16807796720348978,0.09489775111536017,0.578676037400771,0.00698093576038826,0.0,4.977978907957698,1.3172395416926856,1.0167265820021751,0.0,0.748759288944676,0.0,0.0,3.1750186000296177,0.33154991609843226,0.5342715858897853,0.18100309547301427,1.6555639535799114,1.846131061800794,7.457094301620712,3.6437587877550994,7.925751378611431,0.6426663661159734,0.7627671934014937,0.0,0.0,0.47488039253653286,0.0,3.1522433315031777,6.52271100499954,1.0145253973915889,0.435747733999498,1.2207238141624233,1.0161236526888278,0.0,0.0,0.0,0.0,0.33480990113429177,0.2555949716355076,0.0,0.0,0.17796545317880444,0.0,0.0,0.0
deg5,2,0,14.64197883924271,12.980956679476556,1.1393770048578196,6.013554798237854,0.0,3.478023023867255,0.0,0.0,0.0,0.0,1.1572447749807944,7.859410991984049,2.5614096906728516,1.3646516017520243,4.1178361756843485,0.9060017860405685,0.1972403002310018,0.0,0.32620327007673094,0.0,0.0,0.0,11.629974160752596,0.0,0.2583271843328185,0.0,0.45625317383418734,3.4346889086744588,1.1373916452870625,0.16961169105777796,0.0,0.44722673419553766,0.0,0.2006286316635897,0.0,0.2193678747600098,0.0,5.540647481986324,0.0,7.08609250471321,0.3853072300202051,0.0725147836409245,0.3710021320868697,0.5223257315287811,0.10542079511383672,9.04302103189205,1.2369454546491678,0.0,0.0,0.2988058990489509,1.86728234848353,0.0,0.12354201458598357,1.448331186076966,0.0,0.6399628535198066,0.0,0.0,0.34405129793581507,0.12733201458718554,0.06995211881394464,6.833717109870522,3.551162680398863,2.3400009493475684,0.0,0.0,0.0,0.0,0.0,0.0,1.611248504203617,0.4655183412786948,0.25468117684873376,1.7042606288792954,0.16807076107953728,0.09488810423945777,0.5852176351930163,0.007023388213104673,0.0,4.980259806687959,1.317220103562753,1.0168853045216721,0.0,0.7487139973954156,0.0,0.0,3.1472616728322973,0.3319729904443327,0.5363859015904227,0.18096873043079542,1.6630725624532554,1.849230456948816,7.315388852339403,3.6399684585737573,7.925010958117893,0.642691111783921,0.750590728292259,0.0,0.0,0.47484555727977773,0.0,3.151846983610345,6.509148276228879,1.014324270305817,0.4409028449595903,1.2204500147647461,1.0158717608212233,0.0,0.0,0.0,0.0,0.33632453520790917,0.25701811993020857,0.0,0.0,0.17888352209897326,0.0,0.0,0.0
deg5,2,1,11.86343733302605,6.49634361677713,0.670504093830884,6.303440545730183,0.41631632259297546,3.77867222890177,0.0,0.0,0.0,0.0,2.0683418297984058,7.283939566795843,2.522170743113874,1.3696644934273865,4.7473224003895576,0.9398876493680562,0.19325335092308982,0.0,0.1112248939355012,0.0,0.0,0.0,9.923057452992001,0.0,0.28105764959431523,0.0,0.7995979761792237,3.55573532120532,1.1452292780981836,0.16528810783365902,0.0,0.6039937490236256,0.0,0.20481526062618052,0.0,1.059600493223852,0.0,4.963032532715519,0.0,6.947988978005532,0.3856365172988731,0.2270087782568069,0.37104636984018324,0.5326743026726963,0.21559076472050825,7.075577356645919,1.2569543211697722,0.0,0.0,0.2986747826829876,1.8330045328150273,0.0,0.12871612295423907,1.4379603145774167,0.0,0.6376359127242621,0.0,0.0,0.30047725665715075,0.12738443360804474,0.06929851893912709,6.612169394581198,3.5398298658999807,2.343961970417028,0.0,0.0,0.0,0.0,0.0,0.0,1.8713060958519798,0.46709873091322535,0.2551189236469295,1.721929705910689,0.16800696736426346,0.09486823641249953,0.650628328486394,0.007448384115281834,0.0,4.996554172603351,1.3169453004357599,1.0175122434141783,0.0,0.748257975353487,0.0,0.0,2.9051428701133886,0.33568669622173064,0.5552453385010736,0.18068738966221357,1.7303186111326152,1.875137065677066,6.384060315232381,3.605602061260112,7.709165798652648,0.6428900651970616,0.6477575596356258,0.0,0.0,0.47451489476913306,0.0,3.1486731321578825,6.383521695093774,1.0123602695964125,0.4814052300116656,1.2182039598501735,1.013704655895672,0.0,0.0,0.0,0.0,0.3488616194134436,0.26940252472974247,0.0,0.0,0.1856372828716412,0.0,0.0,0.0
deg5,2,2,4.802819027178868,2.446856704196088,1.085160569434172,6.027482593705192,1.8482406778925844,4.332838057401297,0.0,0.0,0.0,0.0,2.10434993293427,4.80980588618742,2.3295642548282185,1.421797947132449,4.285137559656456,1.0880308423850202,0.21994705608886952,0.0,1.2531860314018797,0.0,0.0,0.0,4.020830049752609,0.4393189606954807,0.3187756057920964,0.0,1.957702360686257,4.044630781887288,1.174715990701691,0.1371864128546805,1.684032985052856,0.7107450778534344,0.0,0.22013727438766087,0.03395115379104111,2.851455292404593,0.0,3.4653928408358605,0.07338413834183177,5.771036411369659,0.39590325158943496,0.7836975617603084,0.37169077916102855,0.5926421910270945,0.5318870965390345,3.068021179291124,1.2899871215210834,0.6696879998322821,0.0,0.29827286414857657,1.7709293275577085,0.0,0.1623364491937297,1.3856772771589367,0.0,0.6536198587324714,0.0,0.0,0.1975315567359221,0.12763926349190785,0.06725385802562109,5.069441242118989,3.4286476272852355,2.3578547311131075,0.0,0.0,0.0,0.0,0.0,0.0,2.2620627630657606,0.4832245786433797,0.26106300290408907,1.8531397898898367,0.1674008209828677,0.09477359664813038,1.012336561760712,0.011701251182853341,0.0,5.040330258395874,1.3141870718444373,1.0180641384861804,0.0,0.7433766525534762,0.0,0.0,1.781303003804386,0.36735146410634123,0.642998941606274,0.18059953086735495,2.084801894243662,2.014819469467984,3.984363018506605,3.3438275483169293,5.354646096323226,0.6423593310591197,0.3070015629843254,0.0,0.0,0.47119315528418787,0.0,3.124001056723216,5.3681288645872,0.9991216901215645,0.7338279916274805,1.2041602348965992,1.0002812775229917,0.0,0.0,0.0,0.0,0.42962842101672244,0.35013453666743094,0.0,0.0,0.21844659407789188,0.0,0.0,0.0
deg5,2,3,1.9006872610708803,1.3682929960624766,1.6608025252354461,3.8327127579408224,1.5091274887572863,4.336017397514065,1.0226794194915487,0.04297122354512678,1.314441378291155,0.0,1.6939993681440821,2.378555945830904,1.6379791697706965,1.4020169542640886,2.4666815690901327,1.4566098341856293,0.301351580825251,0.0021708258289520276,1.791882336037911,0.0,0.0,0.0,1.8552056726865476,0.8899262455031036,0.46708840328464896,0.0029046146448374953,2.8123098452007618,4.3637622010736505,1.3040737417894086,0.08496822244082404,1.4911237399055788,0.9570610319326672,0.030997697722897573,0.2603642147339186,0.4931415587132988,2.246762348858624,0.09522093305563685,1.9438568207252587,0.43375215091610164,2.7877939416191366,0.5319884389725572,1.345731408491666,0.37374991397617685,0.747741944279146,1.0871842962769678,1.5312195832861792,1.2689400356379217,1.0423506069477588,0.6407821888688823,0.3362246234410847,1.6794137940542753,0.0,0.31019978426001854,1.258505374260929,0.3544672760073571,0.7232798026035376,0.7415439275618281,0.0,0.4829279092777997,0.12841263215464238,0.04468194171469908,2.153573524964401,2.6797389000105842,2.2343390486612305,0.0,0.0,0.0,0.0,0.0,0.0,1.433758351025107,0.587947908211118,0.3346370572124756,2.190454425911142,0.16378549548881957,0.09496560212544126,1.2376526121631466,0.041001207450236055,0.0034041176841137417,4.335329260821451,1.293006586831078,1.0155197632212445,0.5743941427324675,0.7243138012586481,0.05369377985258676,0.433787029347066,1.04721858245814,0.5206597387619784,0.7100533870593129,0.2012651167969904,2.50625590223752,1.9576358006784456,1.7707027681208996,2.416084673460634,2.172955001378507,0.6507331747906804,0.48865678262078954,0.0,0.0,0.45454274036665726,1.0858491560261165,2.8867461511994956,2.5619553475979755,0.9590068639885015,1.0555723198686202,1.0481290213762775,0.9074414287080513,0.09917218686638461,0.054057805240139985,0.27705278941282446,0.212630756448512,0.5871512292425567,0.5547828944049932,0.03620883523465007,0.009598890440569427,0.3067212386666072,0.0,0.5642324620079154,0.39867731465799416
deg5,2,4,1.2518729243149138,1.125233371732898,1.2993122929192256,1.9871438093865805,1.1477350390553007,2.8136999870205575,1.0841928602038624,0.9718831766548764,1.5693688140063455,1.3387914254592532,1.2733411113512492,1.4773554758730616,1.0838509416744502,1.074163684969277,1.4766317418229824,1.424503156637255,0.4098151522492689,0.0,1.308306168247452,0.9538479628983472,0.20441034306457156,0.0,1.2036938374348785,1.1033689190201543,0.49542565581982595,0.0,1.9323826794597627,2.6973551219551384,1.3702140652075707,0.14167931069643103,1.1174281066189367,1.0971276392352023,0.5036703526618448,0.3983520832279769,0.9157321180001444,1.2047522846075724,0.7347393702112833,1.1199817309611557,0.7846736584438742,1.237957656396142,0.8133673382439937,1.0693328952325314,0.38087311088624937,0.8178768673110322,1.0664044337778305,1.0819325590595061,1.0699268297439841,1.009199291739918,0.9584263694797477,0.5374533549760593,1.251206964011184,0.5823535790209116,0.6287970215100255,1.0406044117065523,0.926367103164925,0.8956573865274132,0.98027388271014,0.8475730189470637,1.3028039108251923,0.1746040844652738,0.0,1.1721831258488407,1.3468468393900186,1.3942450951877103,0.5475233279789316,0.21981615302116758,0.10898407666666204,0.0,0.0,0.0,1.1285631421172588,0.6825636468804156,0.5053175519287542,2.2017176331266866,0.16259214903677746,0.09868876470767626,1.148315230510851,0.06791745030670865,0.016750550982815558,2.6226669724252027,1.2095079062360279,0.9544800362350097,0.9855159615034977,0.777372876986157,0.46474121723262907,0.8938455995125906,0.9969736214645449,0.7928712031134465,0.9462858156680983,0.26562059129733145,1.8417849461131393,1.2826578035380742,1.1307981681926995,1.366522690100524,1.2021834695773947,0.7305399314201872,1.1041089479429704,0.0,0.0,0.6149240148156362,1.4098769745597814,1.799687263014631,1.438230803823901,0.9516425076587882,1.2573218581416816,0.5066753896778408,0.4231669618151492,0.34553201891657387,0.28003067554541006,0.9076429225849998,0.8869212947135005,0.7865736342012966,0.7703088314870647,0.32997835018010935,0.2696150872855727,0.42416419221542867,0.04557637827507114,0.9412838425012787,0.859603148546516
deg5,2,5,1.0413498137444228,1.022290473383678,1.0564843077416584,1.1743305631396954,1.0238550463539087,1.3387086783071769,1.0189189247152963,1.033895535326875,1.1281575037282114,1.2629077449374881,1.0492889350475394,1.1197685348654778,0.984145011291247,0.7507769558934198,1.0827573563610196,1.1730169254818532,0.7318128825398342,0.0,1.055343277996762,1.0908971955951308,0.7513737291252395,0.0,1.0310679683278057,1.0567774249374091,0.8024129486598955,0.1456529176789933,1.1762545015672188,1.4363701367267825,1.0782794876339634,0.1845188267939553,1.0165627753696502,1.0325907672964247,0.8496621990929575,0.5010456772043825,0.9915518300469991,1.0181126557476496,0.959158572657132,1.006167083216011,0.9560262036436173,1.0139471474210282,0.9614983189832382,1.0000243323991251,0.4087028919049537,0.8354016063360337,1.0086222294063865,1.0083103669148339,1.0068314862787733,0.9994661154012755,0.9995935490908572,0.8544372520259358,1.0272441424633312,0.999646433453438,0.9235661419545304,0.998200950405868,1.0171028475769222,0.9807869814856178,0.995005063337524,0.9993701836230324,1.0918562106687897,0.350910176652778,0.1098351320622227,1.0144631459852407,0.9893581081719501,0.9928234988252517,0.920495969783356,0.6619408650811169,0.57156486361834,0.7815651086233099,0.060813795191322045,0.0,1.0234455221482113,0.770837943947469,0.6830318048639681,1.4805428415820654,0.18438310547810047,0.10935650481085202,1.0025013479731013,0.045100574089081524,0.0,1.37013025661202,0.9540700702963442,0.7944414948039196,1.0061839101835044,0.8752556979307176,0.7841771182331021,0.977724545352229,1.0075989459822356,0.7881348634295554,1.1192677904020567,0.30405059440797155,1.0916256197729297,1.0271291934804552,1.0119145569925705,1.0347350919298899,1.0211494438883864,0.7080041457387861,1.0685662969089926,0.24353392297657592,0.8806977297705717,0.7910698087175339,1.1080950262591114,1.0345019193360505,1.1037139244208383,0.8810016289835797,1.0752887407445293,0.43504286746195336,0.3659965917710129,0.49073542275320164,0.4319998557076692,0.9803550340308127,0.9759983053626355,0.894618526667387,0.8832359066230085,0.393258721317021,0.32655856771232705,0.5087439354299734,0.32896520157439674,0.9823617548778891,0.9263939147038235
interval2800-3200,1,,0.0,0.0,0.0,11.92506118653873,5.526513130680062,4.679947687038378,0.0,0.0,0.0,0.0,0.8894188710497516,1.4903661311582572,0.11028275106385664,0.0,3.1481902013907144,1.8646090612003723,0.3015824962880101,0.025995935675911797,0.0,0.0,0.0,0.45962510457923794,17.133605290131623,4.841079584135919,5.295334272418913,0.0,0.26320742825147336,0.555764709274806,0.0,0.0,0.0,0.0,0.0,0.0,0.0,0.0,0.0,0.0,0.3522800878934981,10.431535741365535,4.408745234232294,12.808003518211658,0.3489597927115837,0.2620248905535178,0.626178539664432,0.0,0.0,0.0,0.0,0.8756736506215644,8.517747510404417,0.0,0.0,8.854253017301165,0.0,0.0,0.0,0.0,1.6514883130133247,0.7012135490054224,0.41388938552309074,1.886582618577267,0.78605970079164,1.018388316367374,0.0,0.02771174312133759,0.0930297950189527,0.6993517407047681,0.2990200472268179,0.2181735442804816,8.34152123008389,0.03343927365472916,0.0,0.557698146357784,0.11230620797546552,0.0,0.0,0.0,0.0,8.105504855127649,0.2856315879254861,0.0,1.656663313899254,0.0,0.0,0.0,0.0,2.138741659304271,0.5193084113611983,0.0,1.7920830040230151,0.0,0.0,0.0,0.0,0.0,0.0,1.185956993343362,0.0,0.0,0.0,0.27059879164689443,0.0,0.24019413843031423,1.4372957214982547,0.0,0.0,0.0,0.0,1.5769154554835247,0.8866989200183812,0.0,0.0,1.3179760072695554,1.0706150987366532,0.02409523053909031,0.17492537349166762,1.07479008364686,0.0
interval2800-3200,1,-2,1.0000000000000002,1.0,2.379349459470073,5.316280360277301,2.5849278656846395,6.475973452707304,0.22524045749246052,0.0,0.0,0.0,2.717167769132354,2.247455407145354,0.3731950494705215,0.0,4.076075717066693,1.8653947155773087,0.29485762415388655,0.030835936163963327,0.0,0.0,0.06650688199869355,0.40845076851007844,3.0759856536638837,3.371142561650634,4.843763294794121,0.0,2.933258515144131,0.7947407791752312,0.025445045313750882,0.0,1.0000000000000002,1.0,1.0,1.0,0.0,1.518049953514959,0.0,0.0,0.42433168515795555,9.820503704754811,4.675842405073772,9.722430285058122,0.3509872606077705,0.33912097248718887,0.5809832226648245,1.6278015952680578,1.0000000000000002,1.0,1.0,0.9529295136235767,6.779896610705082,0.0,0.0,5.178764590323725,0.0,1.0000000000000002,1.0,1.0,2.3564097917969273,0.6979188514401253,0.4148169002889919,1.917853937959224,0.7902803863264685,0.9972936743947212,0.0,0.026791289099888607,0.09305909941875,1.4641070598403045,0.2986677412711644,0.22538712630319813,3.891449503742119,0.038218082971040915,0.0,0.6669169809625007,0.1117530030221554,0.0,0.0,0.0,0.0,4.725700001532584,0.2951928050012769,0.0,1.636177775651233,0.0,0.0,0.0,0.24937966395486794,2.13096958271441,0.48729853198150236,0.0,1.8572666457629632,1.0,1.0,1.0000000000000002,1.0000000000000002,0.0,0.0,1.1826147080059093,0.0,0.0,0.0,0.2859505087597453,0.0,0.2518032687915213,1.2920600223245768,0.0,0.013714809651632286,0.0,0.0,1.507980418230297,0.8895383797387789,0.0,0.0,1.3186460297752194,1.0566195052985863,0.10002705874497773,0.20323061570711892,1.2555162147651489,0.0
interval2800-3200,1,-1,1.0000000000000002,1.0,2.7179702871496514,2.4145605535880055,1.6677508837521509,4.224200590576866,0.9486260873629329,0.15247475392417234,1.7895946660387319,0.0,1.882470634681829,1.6503581005030143,0.9146954381095209,0.0,2.6447348296457083,1.7218845643526457,0.25029910940246286,0.04433090972533385,2.2426905845233107,0.24235715889601267,0.6098229229648562,0.28710643459731466,1.9074148548606622,1.6931160668929934,2.4037888370795275,0.0,3.1017289441661555,1.45968462005633,0.2615523210031457,0.0,1.0,1.0000000000000002,1.0,1.0000000000000002,0.2418995231993901,2.7684458284331868,0.0,2.290065946578255,0.668326238761826,6.1408336531129075,4.438896343729147,3.7411921278379787,0.3567324586807968,0.5983845157586479,1.0932198236899218,2.003266138786068,1.0000000000000002,1.0,1.0,1.2758137912925063,3.8050459435340875,0.0,0.7372409893959301,1.9186521880798006,0.3379766122045315,1.0,1.0,1.0000000000000002,2.482065166545842,0.6747289183633237,0.42052387851423945,1.4811069087524134,0.8223934122358605,0.9622286138930856,0.0,0.024608025776157064,0.08868335172956329,0.9388908992179155,0.2850410196839471,0.23745034468433812,1.557423887702201,0.0540243727810352,0.0,0.9931744421244658,0.10971714996182061,0.0,0.3177129363363881,0.0,0.0,1.8054255740923864,0.3533341427503996,0.0,1.1810730708464332,0.07168539616125075,0.0,0.5245677090295043,0.8451870850266961,1.9198453671411362,0.4558282355926448,0.0,1.768507876417605,1.0,1.0000000000000002,1.0,1.0,0.0074812027384606105,0.48584303449624255,1.1477727919490488,0.6160519313368175,0.1016876984951686,1.0012299967626395,0.4265915243151474,0.8141242203608406,0.36631599788616387,1.2307763907044262,0.5071077305972922,0.2725428485210956,0.0,0.0,1.025419328572784,0.7972678684571662,0.0,0.0,0.8427519039189688,0.8074587298954055,0.23656795312989332,0.24835227788812905,1.0942751746604382,0.23947517248287606
interval2800-3200,1,0,1.0,1.0,2.3224425327616975,1.6231257790217168,1.3048642678195281,2.141168720453123,1.133187739278215,0.8827674567109154,2.099320966683978,0.6522579650238369,1.4014643312978023,1.1386226276838198,0.9641372700072829,0.07103757267104926,1.9925088092272027,1.205780644050344,0.29005281461558324,0.08696833909537087,1.9081100004593452,1.0418248608590472,0.8464438260605941,0.058550089663597815,1.416318124570111,1.1370165896043058,1.1495316777555713,0.0,2.2295143647911257,1.2834276233438844,0.5227855103486923,0.0,1.0,1.0,1.0,1.0,0.9729004250542822,1.6158581035128763,0.7382216224018066,1.4182924535254318,0.9238520077040777,2.153955872327908,2.2269983025356495,1.4643021054937624,0.3712519674332828,0.9097066299145805,1.337211051956496,1.321766563284736,1.0,1.0,1.0,1.4264263647395343,1.6957678476561169,0.7754735020653003,1.0900735815796916,1.1943274438694889,0.9131291635129194,1.0,1.0,1.0,1.8468917578772528,0.5712614548497678,0.3723036213388389,1.1411508716869785,0.9272364164629727,0.9454117194949696,0.2425836834242895,0.04763434554021313,0.05995547545237143,0.7490673145443782,0.17683954122458623,0.21569356765818537,1.0849880395954623,0.1922823897511679,0.0,1.1128145817905637,0.09741788840363585,0.0,1.0900132666291473,0.0,0.0,1.1487769085007167,0.5908787175535336,0.1463176837821814,1.0238212753734024,0.5103165397302241,0.3445122685495513,0.9993539195050815,0.9851666597438533,1.335305179053244,0.6151219511855928,0.0,1.3883536510557413,1.0,1.0,1.0,1.0,0.16445906757682205,0.8021836987367321,0.8901668682556846,0.7352247368896023,0.5211112468681527,1.055772985849205,0.778431166511349,1.015037871721626,0.7631320519977876,1.138773160022559,0.6254109349788003,0.46360705525407353,0.0,0.0,0.996406422315848,0.9223787029481323,0.5985504183443615,0.35004505975611905,0.6352122546467042,0.5654646918936904,0.38709598497255804,0.34818215397828284,0.9759534192443963,0.7372086892728523
interval2800-3200,1,1,1.0,1.0,1.308116784707714,1.1329476184542362,1.064678119832944,1.2144770060333672,1.0377732035996015,1.0036476391889586,1.2743842121673785,1.077874557731668,1.0838765104434818,1.0482535267317852,0.9159080606643015,0.32594073155920655,1.2290499861954212,1.1107685848883115,0.5571804230521383,0.09612273956027104,1.2029474780147775,1.0934414262895962,0.7948202060807356,0.0,1.0873379268123105,1.0498134131686767,0.9408660015966485,0.20308391344276594,1.26782427789317,1.1422295783148406,0.6680467338968877,0.0,0.9999999999999999,1.0,1.0,0.9999999999999999,1.0263154937953471,1.087394967246418,0.9702476747027929,1.0547801409499689,0.9902746898956898,1.1402263009692641,1.1587967167929936,1.052480944532762,0.3988663692718596,0.9935665075866201,1.0581811301786381,1.0460041331458358,1.0,1.0000000000000002,1.0,1.1025935766973727,1.0963632617937331,0.9935128070565741,1.015672345178973,1.02445509119014,0.9907224707790709,1.0,0.9999999999999999,1.0,1.1668159889062484,0.4308022105228499,0.2187617524971169,1.0311673158469552,0.9831418163829346,0.9677625420055517,0.7648891115397208,0.13619923921388633,0.06508823173258314,0.8372501238453278,0.14919907370069602,0.08986469750012624,0.9983566273410541,0.5508296596326276,0.3661982556824919,0.9835587666763211,0.042855292230874927,0.0,1.0317811059007345,0.013014765606380173,0.0,1.0071141194901263,0.777273730277147,0.6275816702965394,0.9838142155368621,0.7873509063248574,0.7032935413605391,1.003219172147957,1.0023977924298295,0.890245346238841,0.9541392693593043,0.10579404264635267,1.0350052657260158,0.9999999999999999,1.0,0.9999999999999999,0.9999999999999999,0.42537270706084934,0.9052218656107058,0.6361597636038093,0.8558001321207909,0.7930579135537373,1.0029585299012993,0.8582832323672576,0.9819212271639725,0.8693547730346652,1.0172169152416186,0.5052699879125168,0.41348414001348793,0.4233990760495311,0.2611806744527358,0.993535105071287,0.9832318058397158,0.8397356764454098,0.7786935504305587,0.4786516718898318,0.39265902568549527,0.23530313767030878,0.4111791141277908,0.9893530995713535,0.8543245329971692
interval2800-3200,1,2,1.0,1.0,1.03368792321723,1.0144235009829807,1.0069766302973697,1.0227621037355232,1.0042304900367853,1.0020326761062028,1.0302563686204136,1.0186414368217047,1.0090203948779815,1.0075998519882976,0.9567322276342491,0.5837510091756835,1.025042590983048,1.019470030576955,0.8463592359713932,0.0,1.0220203373786285,1.0166243102409496,0.8966341986188712,0.07077268444153356,1.009431258164597,1.0078895840985196,0.9611708085811544,0.48963117295680597,1.0289599126247726,1.0234411287314014,0.8541986834697052,0.0,1.0,1.0000000000000002,1.0,1.0,1.0035530119690395,1.0084478787384021,0.9969232964450858,1.0040841599921737,0.9979454029492504,1.0107762173305506,1.0137008753619803,1.0035412497218774,0.5566602908664957,0.9415704523466533,1.006156266374707,1.0046049843543576,1.0,1.0,1.0,1.0114089026489046,1.009545366024544,0.9994857224753017,1.0015836479070181,1.0020616244370566,0.9989153147807385,1.0,1.0000000000000002,1.0,0.9045542936843675,0.41554826770250447,0.22687203488279467,0.9970892025760645,0.9796944528019882,0.9695380221675378,0.8899985925507953,0.4250757307911299,0.31321502734336404,0.8885739650263171,0.4001451424126578,0.27746633815137317,0.9805351390045542,0.7417030277671972,0.66943953427922,0.9312551776486244,0.21631073858122352,0.0,0.9182863032067344,0.008609445248487006,0.0,0.97355970439332,0.8430768660646398,0.7844255298828451,0.9766854344337685,0.8662950933808486,0.8244604407407902,0.9913080087238096,1.000852075255992,0.7786249494578166,1.0013557206025867,0.31205814556241174,0.9235677172189508,1.0,1.0,1.0,1.0,0.6097318463016077,0.9407341941743919,0.6595675056602862,0.9079902456764607,0.838948804465716,0.9799130124845441,0.8676235855165907,0.9667020118119254,0.8623731637015092,0.9685560351293897,0.6904790396038245,0.519757080968499,0.7005847866334403,0.5382477604585865,0.9961967850660495,0.9927474592884663,0.9308131274837191,0.8931972248187572,0.6731368839737104,0.49496495280728814,0.4187076677872213,0.4883438151812557,0.99471777857727,0.9130806077680993
interval2800-3200,1,3,1.0000000000000002,1.0000000000000002,1.002718252217164,1.0011841187178125,1.0005618811946289,1.0018558774133135,1.0003406630570026,1.00017203645581,1.0024380905373786,1.0016088799457745,1.0007233149011352,1.0006719855814732,0.9915306037048272,0.8101004029956683,1.0020343987156857,1.00176389969624,0.9734514834343493,0.35360686078267295,1.0017727704773778,1.0014397313325862,0.9803218612696989,0.5447454986808626,1.000767743970492,1.0006971537141078,0.9925000646900063,0.7648558672525732,1.0023364111843265,1.0020683146928788,0.972867140534177,0.44931255092599054,1.0000000000000002,1.0000000000000002,1.0000000000000002,1.0000000000000002,1.0001471328127902,1.000418847402798,0.9991794532579966,0.9997040476059194,0.9983414669244768,0.9993404454102882,1.0004225794516275,0.9995725558985062,0.8693976379420385,0.9656131700288038,1.0005522053949525,1.0003170858839212,1.0000000000000002,1.0000000000000002,1.0000000000000002,1.0010419342157189,1.000753788034627,0.9995905176783811,1.0000359042972367,1.0000237051718752,0.9997932273473183,1.0000000000000002,1.0000000000000002,1.0000000000000002,0.9316025406189103,0.7274955272360002,0.6034253343290507,0.9956694956666707,0.987972128051514,0.9818474117577417,0.9563416185363951,0.7999730880006671,0.7162403580765843,0.950984765349685,0.7809227999817655,0.6874811924424638,0.9892935549298947,0.9040216944532581,0.8610332363518687,0.9640549439237676,0.6856189939181214,0.5294730925209644,0.9482830690035366,0.515261355352318,0.3103236708601448,0.9848946686206286,0.9361041913563273,0.9033248142599257,0.9881288653698777,0.9480186396085488,0.9223425039618686,0.9949453192959331,1.0000117807457434,0.8977665288483189,0.9987615823319419,0.7214480406456003,0.9554390433600014,1.0000000000000004,1.0000000000000002,1.0000000000000002,1.0000000000000002,0.8544043627901321,0.9745359619092866,0.8662294532531638,0.9600590982922554,0.9327040093396165,0.9884216893256887,0.945152603302414,0.9824608107398479,0.9406926712362066,0.9804816371592188,0.898804000295697,0.8056504647506609,0.9065859024532665,0.8236353943130917,0.9985304826917922,0.9967647201870852,0.9796700606561635,0.9622859458747718,0.8936923537292829,0.7967358599925498,0.7343832680415371,0.7304500824776771,0.9960284304340044,0.9609406198059661
interval2800-3200,1,4,1.0,1.0,1.0002170118685725,1.000096717604295,1.0000449169995254,1.0001516950443683,1.000026889240304,1.0000117267009982,1.0001937945515404,1.0001214856105682,1.000057579772545,1.000055403381634,0.9989374279642635,0.9673154567826112,1.0001629893051154,1.0001466537765193,0.996775891399711,0.8822716811419613,1.0001417212839352,1.0001138105202523,0.9975570838028637,0.9206645016398406,1.0000622138794615,1.0000574173062418,0.9990655895665275,0.9594675701080517,1.0001873222959303,1.0001690408188082,0.9966563805438525,0.9046576295369619,1.0,1.0,1.0000000000000002,1.0,0.9999972581466317,1.0000114765076524,0.9998758105514486,0.9999228163955654,0.9997216108067508,0.9998142975810591,0.9999824079616817,0.9999017894800625,0.9833088282082068,0.9946347876305324,1.0000502459316847,1.0000207742318261,1.0,1.0,1.0000000000000002,1.0000962226020282,1.0000605210626812,0.9999272025130074,0.9999935725058737,0.9999900299496995,0.9999714567053717,1.0000000000000002,1.0000000000000002,1.0,0.9876409479482083,0.9581697217982473,0.9299822064636684,0.9991721247556595,0.9980883955869472,0.9966666764784072,0.9927794964528693,0.970925904879313,0.9531798525421843,0.9917387905770496,0.9678230903379426,0.947727608857381,0.9981297011646288,0.9858019085548221,0.9764874867618963,0.9937936770368588,0.9529791492699524,0.9190371758332587,0.9907534947441091,0.924915449205116,0.8741764392843672,0.9973467968075116,0.990397424157699,0.983377458300431,0.997944390525261,0.9922507850053492,0.9867650261034783,0.999126761028556,0.9999933118001656,0.9832049481512836,0.9997445214304441,0.9554891891630225,0.9921748356948732,1.0000000000000002,1.0,1.0,1.0,0.9773445594959225,0.9957339494060122,0.9789139913662751,0.9932798290547185,0.9891384995192372,0.9979639147011645,0.9912091092487616,0.9969455142006167,0.9903858758551015,0.9965254280083221,0.9839193748890755,0.9681899487918587,0.9853294869735117,0.9714514969767357,0.9997518819027837,0.9994472858011774,0.9968585652705153,0.9939948772594311,0.9831432674604083,0.9667948275160118,0.9544862169226173,0.9523367136007312,0.9992465433833007,0.9932998377194014
interval2800-3200,1,5,1.0,1.0,1.0000206820125834,1.0000092684147095,1.0000042828871756,1.0000145437360408,1.0000025548764195,1.0000010656133864,1.0000184482599035,1.000011383204442,1.0000054848971418,1.0000053130815423,0.9998901266382954,0.9964720793747367,1.0000155442897245,1.000014086127798,0.9996678898419292,0.9872139962534298,1.0000135130001504,1.00001079955212,0.9997477117677972,0.9914250144758215,1.0000059511250696,1.0000055047116938,0.9999034202962215,0.9956242794360706,1.0000178739686825,1.0000161750568104,0.9996550900683853,0.9897025341772343,1.0,1.0000000000000002,1.0,1.0,0.9999994149797046,1.0000006155806807,0.9999868219192707,0.9999914585872856,0.999970162583119,0.9999793523973102,0.9999972239135835,0.9999892030789992,0.9982788753369785,0.9994303107688046,1.0000049361811063,1.000001882490974,1.0000000000000002,1.0,1.0000000000000002,1.0000094780585496,1.0000057856713636,0.9999921218475138,0.999999175934896,0.9999987881667132,0.999996999939814,1.0,1.0,1.0000000000000002,0.9986593643011258,0.99558021532573,0.992423213767021,0.999909681331587,0.9997972737936536,0.999637745835309,0.9992242790901162,0.9969464933150596,0.9949728723173803,0.9991105847480719,0.996616629783254,0.9943784949109894,0.9997978517793109,0.9985058178709009,0.99746746815086,0.9993300952770103,0.9950457461543786,0.9912637472115782,0.9989980772540993,0.9920587489712972,0.9863339182589878,0.9997130591317095,0.9989876849697541,0.9982063672398405,0.9997780206984485,0.9991837904651051,0.9985733823328898,0.999905833965841,0.9999991808647776,0.9981993258611782,0.9999719627818394,0.9952435705893453,0.9991537990427596,1.0,1.0000000000000002,1.0,1.0,0.9975868743055666,0.9995410382698217,0.9977504583111881,0.9992766261894366,0.9988378827116453,0.9997797764775578,0.999060241784133,0.9996699485199534,0.9989708299050566,0.9996236769898991,0.9982796644999151,0.996587251632337,0.9984327272199207,0.9969410614210739,0.9999732611537006,0.9999403932835111,0.9996650578402526,0.9993577963014867,0.9981971191924237,0.9964384134920873,0.9950900536562736,0.9948400009311276,0.9999178125510945,0.99927706900821
interval2800-3200,2,,0.0,0.0,0.0,12.940925059331846,5.944263630371112,5.25952694227452,0.0,0.0,0.0,0.0,0.1972141338230784,1.5540421738300394,0.05189863273117462,0.01908341405704736,3.1403885336398365,2.0152773268034703,0.30639970956249035,0.020896671011307644,0.0,0.0,0.0,0.42586836532503586,14.045184129476445,4.674302009479555,5.321562821060526,0.0,0.29166672449860515,0.6352407509917624,0.0,0.0,0.0,0.0,0.0,0.0,0.0,0.0,0.0,0.0,0.12421431946463396,13.408906658950364,4.997222575341625,16.086626950391345,0.46881097535720023,0.07689626056373666,0.5144495357697305,0.0,0.0,0.0,0.0,1.0785125844899466,7.032142869859859,0.0,0.0,10.926205635393254,0.0,0.0,0.0,0.0,1.4732220847706528,0.6948038802482799,0.4208593538978537,1.6223981012504718,0.8115324314284758,1.0361248119275683,0.0,0.017387853902945758,0.1208442364941045,0.0,0.3086985928953155,0.19854232576631464,10.482763504704833,0.03913054233514477,0.0,0.5528861487326857,0.11734898519155734,0.0,0.13704084393547203,0.0,0.0,7.835417801709039,0.30617156131917955,0.0,1.417046805328115,0.0,0.0,0.0,0.0,2.0965938801438355,0.5338511170444478,0.0,2.258151751332324,0.0,0.0,0.0,0.0,0.0,0.333444825995569,1.174745986095354,0.0,0.019268468425555508,0.0,0.28007016447723054,0.0,0.22718939661788637,1.1152618043247777,0.0,0.0,0.0,0.0,1.60346892940692,0.8058083784623811,0.0,0.0,1.3306675142318036,1.093724413115892,0.11686818724385092,0.18479649305853973,1.4572059324473787,0.0
interval2800-3200,2,-2,0.9999999999999998,1.0000000000000002,0.0,12.91925065901366,5.974575246537089,5.3345077434950205,0.0,0.0,0.0,0.0,0.4737271786284318,1.5200446820819682,0.04872294985058303,0.01943704498398101,3.166609032486978,2.01637560833188,0.3063053752228833,0.020858541243288384,0.0,0.0,0.0,0.425677069877696,13.264021952004237,4.732983291019035,5.325313818981639,0.0,0.37810088840492834,0.6265444200464518,0.0,0.0,1.0000000000000009,1.0000000000000002,1.0000000000000002,0.9999999999999998,0.0,0.0,0.0,0.0,0.12438692918955428,13.411775621666841,4.9986242631414735,16.06444085534954,0.46880775118306595,0.0771972461348536,0.5153625310189135,0.0,1.0000000000000002,0.9999999999999998,1.0000000000000002,1.0789862110899608,7.027320193530208,0.0,0.0,10.910007170104656,0.0,0.9999999999999998,1.0000000000000002,1.0000000000000002,1.4766474162268197,0.6948003264665679,0.4208466820522287,1.6233424987557419,0.8115527876261105,1.0361416189389767,0.0,0.0173922672909986,0.12078623103578588,0.0,0.3086930321160487,0.19866592903438482,10.434593808243884,0.03915204889170112,0.0,0.5547719420521474,0.1173451005922567,0.0,0.13891484346800775,0.0,0.0,7.819950965986191,0.3061905267982986,0.0,1.4337272355390627,0.0,0.0,0.0,0.0,2.0964739521808715,0.5337024395427155,0.0,2.2595054968455965,0.9999999999999998,1.0000000000000009,1.0000000000000002,0.9999999999999998,0.0,0.3380269559825916,1.174742007797308,0.0,0.019378652079898737,0.0,0.28012502054929406,0.0,0.22710486016977866,1.1119858352702086,0.0,0.0,0.0,0.0,1.603431897836551,0.8056741492725297,0.0,0.0,1.3306597570937688,1.0937383274016406,0.11690008580486856,0.18505013002309978,1.4572364870798085,0.0
interval2800-3200,2,-1,1.0000000000000002,1.0,0.0,12.5341257581308,5.729338874303662,5.737478900167344,0.0,0.0,0.0,0.0,1.832719212938318,1.3935901789869154,0.038475236950248896,0.022762243644372664,3.381540196887192,2.0211244608330485,0.30569581183184863,0.02058828585499271,0.0,0.0,0.0,0.42358065779537935,9.52108838784358,4.98507139518152,5.339390366900372,0.0,0.896235797187965,0.5835314505149792,0.0,0.0,0.9999999999999998,1.0,0.9999999999999998,1.0000000000000002,0.0,0.0,0.0,0.0,0.1259416100387943,13.436281094638913,5.010785856158789,15.872352505266285,0.46878007932259713,0.07983862955422492,0.5232740668430785,0.0,1.0000000000000002,0.9999999999999998,0.9999999999999998,1.0831206932092132,6.993671869762132,0.0,0.0,10.765742067431272,0.0,1.0000000000000002,0.9999999999999998,0.9999999999999998,1.506767091929792,0.6947314781236036,0.42077753522120453,1.6279743831310398,0.8116950443926086,1.0355653700738872,0.0,0.01740839470273029,0.12050011775512807,0.0,0.30865424407845055,0.19947410696958603,10.026620235698733,0.039366869183797885,0.0,0.5702613972274487,0.11731165141082342,0.0,0.15570196008080606,0.0,0.0,7.676334902257709,0.30643147072889254,0.0,1.5702364225253813,0.0,0.0,0.0,0.0,2.0956612285159544,0.5327597449266361,0.0,2.2705455673741466,0.9999999999999998,1.0000000000000002,1.0000000000000002,1.0000000000000002,0.0,0.37892445516149736,1.1746787620619132,0.0,0.020276328088495672,0.0,0.280709597047522,0.0,0.22655064191522675,1.0855985533552988,0.0,0.0,0.0,0.0,1.6031101775448136,0.8048409777122905,0.0,0.0,1.330613532852709,1.0938006054745057,0.11791133627949858,0.18725000926139695,1.4584732411267198,0.0
interval2800-3200,2,0,1.0,1.0,0.7452857632291671,8.589062748071095,3.5292448123209565,6.60249054519139,0.0,0.0,0.0,0.0,2.921531585841828,1.8032515298026874,0.13695411752517342,0.041617242475290146,4.17341368847638,2.020422830922287,0.30411270492253123,0.020206784574060617,0.0,0.0,0.0,0.40107528036729606,4.313835296045554,4.562746786923993,5.257632673353253,0.0,2.3748054880406473,0.5959609110296193,0.0,0.0,1.0,1.0,1.0,1.0,0.0,0.0,0.0,0.0,0.14220279916539016,13.595767065006338,5.112173991552139,14.256788893059932,0.4685694079736672,0.10436263979249462,0.5955065625077806,0.0,1.0,1.0,1.0,1.120164779352359,6.770625338634786,0.0,0.0,9.566955295746444,0.0,1.0,1.0,1.0,1.7955029666426832,0.6936760925573848,0.42048479854987975,1.6549786027121096,0.8128085104415123,1.0258241678236644,0.0,0.017339911773815383,0.12083908350109307,0.20212350005383242,0.3084143619477571,0.20328570501769405,7.273106913791085,0.04139999330932097,0.0,0.6353315232432291,0.1170554216621792,0.0,0.2580505008292759,0.0,0.0,6.341201564970183,0.3093378967543652,0.0,1.9901260506552705,0.0,0.0,0.0,0.0,2.0911402039686844,0.5279708618526882,0.0,2.316114967200339,1.0,1.0,1.0,1.0,0.0,0.5484844733442531,1.1729312736584563,0.0,0.026869029459638455,0.0,0.2875238247055195,0.0,0.22590182956016813,0.9167990085275709,0.0,0.0,0.0,0.0,1.6019232747247556,0.8070761656304298,0.0,0.0,1.3305280937436468,1.0935218281295223,0.14040330364125134,0.20477182886261863,1.494373967976596,0.0
interval2800-3200,2,1,1.0,0.9999999999999999,2.476228065131946,3.3269640997576033,1.9776195441540412,5.529756325483202,0.7073122466847133,0.0,0.8996783988002717,0.0,2.162074153208036,2.1769015994091143,0.6681769976742571,0.06989575303043252,3.2906137376283473,1.99382218162599,0.2727375550097176,0.028709673051906515,1.3671979110055144,0.0,0.3619339875401553,0.319758048180425,2.2519371703188815,2.588353129212763,3.4878460224172887,0.0,3.2002233772223314,1.13915369291325,0.15070632527851163,0.0,1.0,1.0,1.0,1.0,0.0,1.0596436443837893,0.0,3.3028565480426635,0.29763580031256476,11.366903583756503,5.486481254820288,7.77165937018253,0.46970526211351293,0.27200459716873876,0.7872762385348009,1.278026967334165,1.0,0.9999999999999999,1.0000000000000002,1.2886886238216564,4.681030989788443,0.0,0.0,3.8999081571684844,0.0,1.0,1.0,1.0000000000000002,2.375690419742003,0.6859294474203123,0.42574556867336893,1.602309395674061,0.8225286242916726,0.981965627147544,0.0,0.013519642043197538,0.12189110011816266,0.9254219383979738,0.30923215520454067,0.21231723487398196,2.60503169193727,0.05061734085527092,0.0,0.8480499818211836,0.11559428975495231,0.0,0.4850490655538798,0.0,0.0,2.793362150144913,0.3308411869599386,0.0,1.453188135549173,0.0,0.0,0.0,0.46666390437705213,2.0406461149903565,0.4858434446047571,0.0,2.2600610344692673,1.0,1.0,1.0,1.0,0.0,0.6785388000677489,1.1528930346817214,0.03338541248696329,0.061941010057317836,0.215939235871593,0.33737668168354573,0.0,0.2618943019878626,0.9241307342072759,0.0,3.476548725786269e-05,0.0,0.0,1.5628662439606058,0.8653557124055858,0.0,0.0,1.3315122635766314,1.090469813756024,0.23236984131769833,0.25404903821835334,1.4602790396333065,0.0
interval2800-3200,2,2,1.0,1.0,2.65254718771952,1.9199272976832993,1.4464168918623472,2.8886808504784143,1.1113598353414282,0.6869190062689288,2.21808540950299,0.02764597085654188,1.5898396416286242,1.3916734847683352,0.9804898860281873,0.05305798446292078,2.3148978111139535,1.6941331733345044,0.24768995452134998,0.051579124408745854,2.1434673562310746,0.6963822016697263,0.8227066951987431,0.1623243851126293,1.6100602794007035,1.3918039945526275,1.428878503550688,0.0,2.675537798667391,1.5554468360940303,0.42263651364020577,0.0,1.0000000000000002,1.0,1.0000000000000002,1.0,0.6135139328097853,2.166761063205301,0.3444253962793197,2.3936514653811396,0.762959703393757,4.867932605622142,4.458341890586824,2.663440770638545,0.47590391677938043,0.7150903584369318,1.353208926919519,1.5287448467641547,1.0,1.0,1.0,1.4871201378429582,2.1976914169329436,0.4259846799713674,1.0207903983817852,1.6837856631341668,0.8344553149376237,1.0,1.0,1.0,2.101363295607881,0.6272081028882168,0.42534707978330344,1.2386391453529244,0.8796738953064933,0.9220291375512588,0.0,0.02406249327789525,0.10077868734202508,0.6631395171483782,0.24888670714951516,0.22862597586949882,1.226657706393251,0.09085309136015148,0.0,1.133488556140841,0.11161029009916835,0.0,0.9846125072749603,0.0,0.0,1.3154313452118627,0.4664718327263516,0.0,1.0490652174128603,0.2842087817542839,0.14279044330013163,0.8625423666823916,0.9244784582827322,1.6077236049159105,0.523837740650519,0.0,1.7621721020490884,1.0,1.0,1.0000000000000002,1.0,0.07733183468289788,0.8078632636097652,1.016509849137373,0.5783458979352003,0.30057755588679663,0.9888454741151789,0.5930512176150853,0.8323302209063754,0.5164493942700382,1.1067871819279067,0.5129335147933761,0.33823463327249176,0.0,0.0,1.0510670524240366,0.8185074080794256,0.08596125831686117,0.0,0.8356334980448004,0.7641152463246359,0.37776573206268094,0.322928729799474,1.0715248993704478,0.44758578690327006
interval2800-3200,2,3,1.0000000000000002,1.0000000000000002,1.6436496817815056,1.2883874730412708,1.1403230872243477,1.4765286657983494,1.0758339777557688,0.9765547460917456,1.5640398087351899,1.0126450248648664,1.181674878259303,1.1031721261428147,0.92260949686523,0.18175205645705242,1.4961199253949593,1.23920341131905,0.431319795736023,0.1079517682662587,1.4242493035088966,1.116367094568836,0.8080818998588502,0.0,1.1882941442948396,1.1032430028193827,0.9786390950641904,0.023508699702673757,1.5737550348902627,1.2766358929999935,0.6217616828848448,0.0,1.0000000000000002,1.0000000000000002,1.0000000000000004,1.0000000000000002,1.0272905504199004,1.233714521472728,0.9074384627041732,1.2336942068751697,0.9457342535786684,1.5885095178032642,1.7989860328160419,1.2372195989152004,0.4821498543470739,1.0075398125009611,1.1317662096093095,1.10873485978287,1.0000000000000002,1.0000000000000004,1.0000000000000002,1.2254593333504087,1.2183757904401429,0.9711071627564085,1.0426005399662042,1.1041162537135671,0.9787517711056388,1.0000000000000002,1.0000000000000004,1.0000000000000002,1.4576714355625622,0.4957591582413772,0.3021487781164659,1.0721460511886185,0.970118992216426,0.9480324464309202,0.5414340796868714,0.07464168547540415,0.06735245782039409,0.7578015630163676,0.1382676865831989,0.13990633048446222,1.023900649925015,0.38798248121053824,0.1476037696353478,1.0462572911833634,0.07421245742879622,0.0,1.136578832371905,0.004695605233593524,0.0,1.0540410804066653,0.7180269322442442,0.4746984288997267,0.9900000390504405,0.6995177861180686,0.5927981101082576,1.0087416744048245,0.9971948978040963,1.0594136177258906,0.8319966218660025,0.028321017283131616,1.1992187779798535,1.0000000000000002,1.0000000000000004,1.0000000000000002,1.0000000000000002,0.2929365491049261,0.8604580859745093,0.7242255486779445,0.772483081337794,0.7148629770096808,1.0192987169489376,0.8440469636762039,0.9810056078854636,0.8520339496980494,1.0593390925530572,0.5579299090664793,0.4558785318286951,0.1587330912836654,0.0630837534637103,0.9883646357640009,0.9486769306206461,0.7092555596881904,0.6696517407746931,0.5757052652203662,0.5035792476458261,0.39204996308974005,0.425640689810802,0.9763125779724102,0.796648885337445
interval2800-3200,2,4,1.0,1.0000000000000002,1.0932995174467621,1.0404906667323839,1.0196078888398197,1.0630319756600044,1.0117926787241727,1.0083161491089585,1.083908197140715,1.0709399647625606,1.0252227971260413,1.0286932769406962,0.9337116840117464,0.4599769077400403,1.0718125647919734,1.0820629703813727,0.7403024670120969,0.0514775736187818,1.0604963352589691,1.0585393301397807,0.841576808439164,0.0,1.0261953668700838,1.0293330380995278,0.9423741292802753,0.3474346414793868,1.0808560212944336,1.0887745246861553,0.7696087928994004,0.0,1.0,1.0,1.0,1.0,1.008466809302644,1.0269329922012123,0.9922985372289922,1.0253863078597292,0.9965404990933392,1.0633526656202217,1.0906279665120575,1.0247834314206592,0.5076675378133538,1.011274686724829,1.0160180570934008,1.0126200202990634,1.0,1.0000000000000002,1.0000000000000002,1.0309271990727542,1.024684440702345,1.0010162034546095,1.0054467878620785,1.011073132009852,0.9979029948104154,1.0,1.0000000000000002,1.0000000000000002,0.9692175488087016,0.38817252571161104,0.19157166992364433,1.0065784672379956,0.9821863619903619,0.9688928119050675,0.8356413081451193,0.2655219346531568,0.164600131818629,0.8547166428094138,0.2562641572621556,0.14310872756560045,0.9827784558196487,0.6649573863348829,0.5698940225259088,0.9357935900515255,0.08684226398988588,0.0,0.9476523781551118,0.0,0.0,0.9787799988351543,0.8127938749065298,0.737776773981484,0.9750853368203019,0.8337438806262064,0.7843596009053261,0.9945890113659914,1.0024380707556126,0.7827757840381793,1.0075545648972803,0.17070121704110652,0.9463312392862774,1.0000000000000002,1.0000000000000002,1.0000000000000002,1.0,0.49224835347260887,0.9219482192120716,0.587360115796075,0.8772039946844038,0.8094611746360013,0.9831947456084006,0.8457419639767163,0.9653268172763715,0.8460852347764951,0.9775790637423237,0.5047705070601042,0.4192824226480034,0.4817139110736587,0.4032056723967033,0.9927980231282624,0.9872891761100294,0.8707655785264189,0.8514859696268801,0.4800834103303985,0.39491520865128044,0.29452466441988406,0.4393336384539015,0.9939042591403356,0.8846437007545415
interval2800-3200,2,5,1.0,1.0,1.0087471576133273,1.0038166408397076,1.0018288499032788,1.0058341942623459,1.001120209583781,1.0011898227542613,1.0079003023892315,1.0092461345558337,1.0023427202212079,1.0033593440447062,0.9825059395631195,0.6794306280339358,1.006798493185012,1.0100545706046629,0.9429214160272967,0.0,1.0056349162367353,1.0071072415331033,0.9591261078739053,0.2409411662406095,1.0024493031804396,1.0034354892629764,0.984404546991618,0.6033363660571475,1.007543792871044,1.010538947482554,0.9431613516469497,0.07842808781221004,1.0000000000000002,1.0,1.0,1.0000000000000002,1.000804170597752,1.002090242848022,0.9988589126857087,1.001323014539964,0.998274940399165,1.0032493733621923,1.00711340900248,1.001106543592036,0.6393100481258751,0.9480836875777023,1.0015620777927894,1.0010911002046545,1.0,1.0,1.0,1.0030333429386373,1.0022088406040528,0.9996786543471178,1.0004394592870332,1.0007913336562806,0.9996395693465725,1.0,1.0,1.0,0.8948656305830537,0.53874850951558,0.39129909341067654,0.9939182631059069,0.9802690956874137,0.9731665632020414,0.9240512109779928,0.6387301195519858,0.5230871836967932,0.9168192250000832,0.6095301256938579,0.48215775842316544,0.9827347819067005,0.8289610553673005,0.777880428578908,0.9412036866141593,0.4512061636432338,0.26788205197824716,0.9194058855322862,0.19514515971044072,0.022087945935373162,0.9757138021229769,0.8885731641973523,0.8483077004480728,0.9805296674470023,0.908533641245336,0.8764945825618429,0.991411195814972,1.0002294774378644,0.8118511497966459,0.9995487960290668,0.46996209260658217,0.9288989518605227,1.0,1.0000000000000002,1.0,1.0,0.7108708595579,0.9565106062347354,0.737346404051228,0.9320236161036288,0.8732042895670387,0.981482290940382,0.895342340563989,0.9713533190846478,0.8884261413276792,0.969246817246321,0.6895820383050488,0.6401934337277159,0.7170120180696052,0.6735227315243517,0.9950044431975921,0.9936712250567793,0.9394989351585984,0.9301975316845276,0.6748551798593033,0.6240564853640047,0.5484833504091092,0.5579749870464077,0.9940047579362071,0.9337630883352033
interval4200-4700,1,,12.238520629801503,0.0,0.0,9.632884529647907,0.0,0.0,0.0,0.0,0.0,0.0,0.0,7.12200905547733,3.8048803178027786,0.17611761259637768,0.0,0.0,1.0496063604785437,0.4474094313947657,0.0,3.443889954884359,0.0,0.0,0.0,0.0,0.0,0.0,0.0,2.028766837042398,0.5862477371880876,0.0,0.0,0.0,0.0,0.0,0.0,9.366955515558322,0.0,0.0,0.0,5.677641576635598,0.5814776533425607,3.02079808954044,0.046139523391480544,1.3065584100605079,0.0,0.0,0.7252704334738184,0.0,0.0,0.20106292729407832,1.3318271122517373,0.0,0.06730070669608879,0.0,0.0,0.10963269191912628,0.0,0.0,2.0529845991089077,0.35908524808237613,0.3303066091139209,0.0,0.0,0.0,0.0,0.0,0.0,0.0,0.0,0.0,2.2701591668261627,0.7855923187057962,0.3373639117798781,0.021407344112478695,0.09734195755827481,0.08789435064274372,0.6340578150584079,0.0,0.0,0.0,0.35068325637278497,0.0,8.956205199022694,1.0670011953923868,0.17669117397972645,3.121914256728445,3.7121713021987577,1.0068665926623372,0.46755530400198675,0.3283721226701391,0.0,0.0,0.0,0.0,0.0,0.278156798883371,0.45800644995671325,0.4682789264143281,1.5361161067811469,0.0,0.0,1.7107207739916106,4.774068300658376,0.05740363139874879,0.4218604550891425,0.56491117078651,0.1404468442036258,0.739106626492781,0.3782370661729218,0.11952360980414839,0.00807540411109155,0.0,0.12459704790507237,0.033665861147227576,0.5331966527438253,0.15431951538598374,0.0,0.0,5.787543119713356
interval4200-4700,1,-2,8.161800451122392,1.3169174881065888,1.0,9.534100563223653,1.0000000000000002,0.9127361770862247,0.0,0.0,0.0,0.0,0.0,5.249581424459441,3.674595601014858,0.2647013530248404,0.0,0.0,1.047014483814146,0.5121041292553307,0.0,3.3219546182720854,0.02648757234549259,0.0,1.0000000000000002,1.0,1.0000000000000002,1.0,0.0,2.5044012470932526,0.6091531764544208,0.0,1.0000000000000002,1.0,1.0,1.0,0.0,5.939067066177202,0.0,0.0,0.0,5.124013683365685,0.5727879133813498,2.389496786351099,0.039690103996906416,1.4604081170137553,1.0,1.0,0.7010886772011968,0.9732296058527459,0.0,0.19833785420687738,1.6123465700092559,0.0,0.07734199954591207,1.5999315421090547,0.0,0.17993789058192705,0.0,0.0,2.295907007073979,0.3581959284035525,0.3278874060169857,1.0000000000000002,1.0000000000000002,1.0,1.0,1.0,1.0,0.0,0.0,0.0,1.393655660119541,0.7863511951269099,0.3388268773139641,0.4339051664064546,0.09720161147186844,0.0868500600666345,0.5547715240533073,0.0,0.0,0.0,0.352035990366261,0.0,4.360295800405569,1.0688725773939043,0.19729426484755574,2.370068999603057,2.9954349596628655,1.131595796505559,0.5183687793256946,0.32608269020789793,0.0,1.0,1.0,1.0,1.0,0.2738562293306181,0.6964669172563398,0.4355379060135729,1.7083993247138392,0.0,0.0,1.7132998198556288,4.464598311973001,0.04760728786219731,0.45703440991370675,0.37882081957847497,0.18426468097051577,0.739917415795139,0.2903737997963472,0.3044042981965725,0.09549410414342192,0.0,0.35313240864436923,0.21048541550707703,0.5297182352585426,0.22328455318175752,0.0,0.0,4.77130646210093
interval4200-4700,1,-1,3.3243739311484353,1.4145306232576038,1.0,7.258495613970071,1.0,2.9901237010847863,0.22637734326008543,0.0,0.0,0.0,1.4282177960252267,2.552845310900164,2.7072801846933343,0.44918777055357934,1.002049137506205,1.2706526844392125,1.1181611749200422,0.6166311755894599,1.3140261479043287,2.369821902671803,0.4966532192803675,0.0,1.0,1.0000000000000002,1.0,1.0,1.7246099542150761,3.0795456374255217,0.6980691645284997,0.0,1.0,1.0,1.0000000000000002,0.9999999999999998,0.263428436296502,2.2926659946613257,0.0,1.4595433196729621,0.07804359428870686,2.452967598779972,0.6526733327390677,1.8527772493161487,0.0576146158416322,1.878830749280494,1.0000000000000002,1.0000000000000002,0.9265087939799886,1.2865371622283457,0.0,0.20601417412416112,1.8027091849568244,0.0,0.2687978241280617,2.1199700118932787,0.0,0.30132489984488736,0.8775095621349449,0.0,2.0913059744805698,0.35549280153377044,0.3240384313529732,1.0,1.0000000000000002,1.0,1.0000000000000002,1.0,1.0000000000000002,0.0,0.0,0.0,1.2509064350313182,0.7889886584101109,0.34889854575593177,1.1476251460226568,0.09714896982727031,0.08318753686096643,0.7934507987905245,0.0,0.0,0.0,0.3605306916597295,0.0,1.7065540182096415,1.0597381030863045,0.2435795630589729,1.3977460785807045,1.563152667577362,1.221049618693849,0.6345420554711931,0.33540655260759555,0.0,1.0000000000000002,1.0,1.0,1.0,0.27514973446630225,1.2016935450946478,0.3905320536543132,1.6547532194243701,0.0,0.3007381347518591,1.6481719590634543,2.30108141006286,0.1414390364664294,0.8738026186116139,0.3456775165066058,0.2458081512749117,0.4428909045004989,0.16351669550983094,0.7026405606189672,0.38570077766134064,0.6120911578069402,0.7393921706098925,0.3916980813881425,0.5154756439825319,0.40130319064195447,0.0,0.3803780057774951,2.301558189446357
interval4200-4700,1,0,1.7163066375729155,1.2663242652330777,1.0,4.39075091267879,1.0,2.730392307416593,1.012885169229556,0.7292551973193172,1.8272787538797135,0.879108086839548,1.400231016003619,1.494632653516738,1.4226635486842563,0.5361878356690509,1.3014767335354283,1.291537549921613,1.1014283079903822,0.6263838353743745,1.4037153364932715,1.4688102426250003,1.0005321780019438,0.0,1.0,1.0,1.0,1.0,2.4474369340708186,2.5460811018128404,0.9235083936603525,0.0,1.0,1.0,1.0,1.0,0.8873096235122686,1.2260170110328736,0.5173304452621105,1.1337043131580453,0.5485444994630714,1.2827413256355324,0.9404659406983293,1.2887511707316441,0.1964857753136811,1.6079465907506123,1.0,1.0,1.123749605934492,1.0904646266243214,0.819025737832412,0.2877914019412445,1.6118865288977295,0.0,0.6960737844997429,1.2398795849326734,0.558644308493926,0.633383488542646,1.0477544462762531,0.466286966538403,1.1194555956504257,0.3378037748244057,0.2930906834695547,1.0,1.0,1.0,1.0,1.0,1.0,0.24453261761258915,0.004515343749696567,0.0,1.0678664562759794,0.804504398681749,0.44607125616482074,1.361967643839812,0.09851294028417672,0.06898537456643812,1.0804584505346704,0.0,0.0,0.6127067677292561,0.4126918155015789,0.0,1.1200538562846019,0.9893980097162237,0.4602206000948167,1.075070054729978,1.0332663746486028,0.9507700354984648,0.7325697110466053,0.4010181883263116,0.7780862377138608,1.0,1.0,1.0,1.0,0.3304695434035372,1.2599680493750183,0.3669664060637814,1.358630915614218,0.06104917345260354,0.8365399572045747,1.246322654524084,1.3015029323468357,0.5731807459063112,0.9611861472065285,0.3592175713126095,0.27657257343430036,0.4212798814410323,0.28044436407086326,0.9279476720758348,0.8006976341286817,0.8583458689393846,0.8567818873738454,0.364920379004737,0.36755274435185464,0.5757465984089027,0.0,0.8601405145356151,1.1277106925248306
interval4200-4700,1,1,1.160317783686535,1.0815306390383894,0.9999999999999999,1.9737762500046845,0.9999999999999999,1.5400146679449247,1.0436247859298295,1.0263973065127077,1.4175017263295888,1.4077452370147203,1.1276331766588414,1.162124945044056,1.0839043159150885,0.5481177100756945,1.1083308555268334,1.1294606798937752,1.044493011731138,0.5189519053820726,1.1342648792503394,1.1644638612513065,1.0419279951415852,0.4244297750931123,1.0,1.0,0.9999999999999999,1.0,1.4914863748941651,1.608567704113202,1.1008136949961773,0.0,0.9999999999999999,1.0,0.9999999999999999,1.0000000000000002,1.0112021926649215,1.0294039380911595,0.9267444015836305,1.0137146617977881,0.9109199905577315,1.0294978402824169,1.0005413445770894,1.0347661685429201,0.5007545107900218,1.0767187861619878,0.9999999999999999,1.0,1.0203803285018398,1.009594752968691,0.9748897283137609,0.5641311318771843,1.1248791188782188,0.7569692231308475,0.9459375326071906,1.0253654785331257,0.9468128784697041,0.9266493384851247,1.0080888178060756,0.905655803097335,0.8388393388416732,0.22132711351090356,0.12289461850087736,1.0000000000000002,0.9999999999999999,0.9999999999999999,1.0,0.9999999999999999,0.9999999999999999,0.7941029574109728,0.14975679229023903,0.0,0.9950744755030323,0.8180232558210883,0.7109891946176763,1.0537081642593369,0.08587150490229735,0.0397206840608707,0.969073571470589,0.008195222112805548,0.0,0.8694263388997164,0.5625996254599548,0.2702733578141881,1.0025628564255833,0.8882551868949252,0.7744337627802063,0.9830254774672802,0.9923909657811841,0.6557466841532626,0.8941205560375625,0.4443378650396312,0.9154204769298946,0.9999999999999999,0.9999999999999999,0.9999999999999999,0.9999999999999999,0.42348790750753673,1.0321225059966543,0.347155144494354,1.017784414390276,0.3984385897728486,0.9153488281875638,0.886883011480717,1.0302539673902649,0.7217434771654948,0.948703663437168,0.3934303537814085,0.29426042208815856,0.481443206306672,0.3970112394168848,0.9765960025693077,0.9548820780294957,0.9050650330241117,0.8956682643397208,0.38451481156314227,0.2977412646222205,0.509301588159748,0.0,0.9581402400288356,0.9444354578231366
interval4200-4700,1,2,1.019922831497456,1.0106931289494965,1.0000000000000002,1.126590178053644,1.0,1.0708937837105807,1.0065101518099757,1.0079959797053017,1.0581045637275706,1.07946954730712,1.0168289151555654,1.0253652325493,1.015613397222362,0.577005866409812,1.0145084609155242,1.0212843798874052,1.0113557841459369,0.5633814907530097,1.0178105139768603,1.0262200206948344,1.0126544460821503,0.5882252259249943,1.0,1.0000000000000002,1.0,1.0,1.0652609164366182,1.0972936301474034,1.0393767560168785,0.0,1.0,1.0,1.0,1.0000000000000002,1.0014568476065782,1.0015965989925275,0.9910576465551433,0.9990692413281191,0.9870437190438763,0.998660164664821,0.9944974526065306,0.9994730766723954,0.8733626275461263,0.993154207887901,1.0,1.0,1.0002629841078203,0.9991832338307973,0.9972144735363155,0.8941253759865257,1.005655369450841,0.9717139107450832,0.9930021840070677,0.9999337795446742,0.9943873769116892,0.9907523967400371,0.9979256998246786,0.9889686839973677,0.8390215115643869,0.269511197704317,0.07743753802939536,1.0000000000000002,1.0000000000000002,1.0,1.0,1.0,1.0,0.8651747177405696,0.35666533213453633,0.16838871772080874,0.9797910983121875,0.8393346731478876,0.7898169897142986,0.9209602796789762,0.042033345468372146,0.0,0.9300946600755527,0.2533075753914444,0.09848940344150939,0.9244535627262624,0.6653611230231677,0.5457683318904153,0.9801849507343375,0.8796730856588098,0.8351080997808651,0.9810213102259671,0.9986114123531921,0.6935313648232306,0.9845435167442702,0.5346753506176023,0.9301799791662425,0.9999999999999998,1.0,1.0000000000000002,1.0000000000000002,0.5318906473620836,0.9469382972233474,0.42210527482178656,0.8895085701943451,0.6328011347578297,0.9461351779043046,0.852922543499753,0.9699701698590395,0.7883691550222433,0.9500973593113076,0.6146898691786833,0.4419874503768053,0.6621076516042366,0.5127253375819124,0.9891248716608144,0.9814165510863143,0.9365591441059185,0.9097822786390537,0.6069897077121522,0.43377389099707836,0.5049070044429874,0.3181425082629615,0.9800962366545098,0.925824749725962
interval4200-4700,1,3,1.001911391018416,1.001005861708609,1.0000000000000002,1.0120165074615133,1.0000000000000004,1.0066909904180898,1.0006021265909328,1.0008250413690958,1.0054343142816302,1.0081187698254352,1.001583380539926,1.0025726998608955,0.9998719138684323,0.8166455900546021,1.0013666920229425,1.0021634073029666,0.9998547869430572,0.8148092364753571,1.0016779830872837,1.0026626442301796,0.9995294200314282,0.8306383995376998,1.0000000000000004,1.0000000000000002,1.0000000000000002,1.0000000000000002,1.006131256578431,1.009881605877553,0.996852978877566,0.4091564873520751,1.0000000000000002,1.0000000000000002,1.0000000000000002,1.0000000000000002,1.0000008065178632,0.9998758322267887,0.9986432111536488,0.9993687827924074,0.9977241367422759,0.9988508078788267,0.9981409315935554,0.9988274691546895,0.9820047523960762,0.9958526997249029,1.0000000000000002,1.0000000000000002,0.9996246439675327,0.9994814135924448,0.9995358093937738,0.9870818880146001,0.9995946635568435,0.9956587997999874,0.9988465091635959,0.999381883125858,0.9990192391731536,0.998677863799318,0.999171931931255,0.9983464927871544,0.9284257628686392,0.6674518365112506,0.51152730077563,1.0000000000000004,1.0000000000000004,1.0000000000000002,1.0000000000000002,1.0000000000000002,1.0000000000000002,0.9410696397701312,0.7155204348975917,0.5834337452078038,0.9900654860289011,0.9215512663869814,0.8843940494895276,0.9554776916085412,0.48332439584548575,0.27167621857253577,0.9657035122744076,0.6581468137347766,0.500078559541051,0.96892109866081,0.8518373549381127,0.7788550003388188,0.9898206623039435,0.9426031944830732,0.9121623337835679,0.9920388113392408,0.9997055685628535,0.8684096570939756,0.996206222791872,0.7993769524505625,0.9685982991560004,1.0000000000000002,1.0000000000000002,1.0000000000000002,1.0000000000000004,0.7945007254649876,0.9700668543022075,0.744670145867293,0.9405958830212575,0.8524916236929254,0.9776132006352811,0.9329352867353016,0.9832149529112525,0.9102753492232576,0.9773171244377871,0.8887637110642428,0.7877176116148736,0.9010134592552033,0.8121034857499123,0.997202876029639,0.9941358237246323,0.9809150269433794,0.9641099213276589,0.886243197251927,0.7836408457982345,0.7801270335630298,0.734470600199856,0.9933421736145897,0.9667641032023768
interval4200-4700,1,4,1.000177488699454,1.0000908831274395,1.0000000000000002,1.0010984059426524,1.0,1.0006066624278223,1.0000526331542847,1.0000761006284966,1.0004849826812607,1.0007642272575157,1.000142998127415,1.000245457644599,0.9998072120876033,0.9707264254496607,1.0001234048360954,1.0002058072463886,0.9998437236229362,0.9705604260461496,1.0001517449858488,1.0002539005461197,0.9997643667913004,0.973187922441962,1.0,1.0,1.0,1.0,1.0005519840438861,1.0009419901695684,0.9989286193957132,0.9054782708662222,1.0,1.0,1.0000000000000002,1.0,0.999986564925163,0.9999626104372682,0.9998151283824376,0.9998835284604716,0.9996705708021485,0.9997849310828478,0.9996756597512498,0.999764892524886,0.9978170736433978,0.9992434795865476,1.0,1.0,0.999921615760831,0.9999042564427443,0.999938684851248,0.9986497524561446,0.9998920408634,0.9994491496098777,0.9998369577634767,0.9998777227398912,0.9998679782330426,0.9998297079574554,0.9998601700503584,0.9997923721877424,0.9885346618075874,0.9461866446929544,0.908767547608652,1.0,1.0,1.0000000000000002,1.0000000000000002,1.0000000000000002,1.0000000000000002,0.9905673350191367,0.9540886432823091,0.9226734787286602,0.9983840926767844,0.9871119264932284,0.97776423150826,0.9926084968131704,0.9135947922480342,0.8537574735617859,0.9944129880609571,0.944342379851713,0.9039954526905626,0.9950657699922035,0.9761111769027341,0.9590545148619458,0.9983381486455922,0.9906301991294976,0.983351086563591,0.998662018801588,0.9999582579571635,0.9776294728937291,0.9994369259355665,0.9658400972182263,0.9949444401653597,1.0,1.0000000000000002,1.0000000000000002,1.0000000000000002,0.9647528158749356,0.9950484858168989,0.9561791264789151,0.9902448132050508,0.9751825876772501,0.996436166098861,0.98843775384839,0.9972379282381622,0.9847537805389749,0.9963528133308541,0.9841864000412575,0.9680390365383719,0.9858621430218252,0.971618651789526,0.9996144601933689,0.9991456612732142,0.9972501553052703,0.994540577557305,0.9838157697309805,0.9673997281651019,0.9647772979955426,0.9583704040560774,0.9989864977225302,0.9946711123731894
interval4200-4700,1,5,1.000017470454811,1.0000088914974385,1.0,1.00010774379622,1.0000000000000002,1.0000593955093036,1.0000051098070872,1.0000074650598219,1.0000473141307313,1.0000753453573865,1.0000139883255643,1.0000242792477703,0.9999774190970471,0.9968889781884178,1.0000120714185923,1.0000203427370589,0.999981772292301,0.9968727595655593,1.0000148483578637,1.0000251107931097,0.9999729688290514,0.9971530188462754,1.0000000000000002,1.0,1.0000000000000002,1.0,1.0000539554296926,1.0000931558566601,0.9998789463807152,0.9899526187812839,1.0,1.0,1.0000000000000002,1.0,0.9999983884783153,0.9999957579348514,0.9999804786599845,0.9999872452543804,0.9999649153018022,0.9999764119181881,0.9999646399339576,0.9999740201955458,0.9997738753978354,0.9999172420155503,1.0,1.0,0.9999913024357188,0.9999895114300428,0.999993605227939,0.9998641056404842,0.9999879312220246,0.9999428680446322,0.9999826988405701,0.9999865197024123,0.9999861992947777,0.9999821890686234,0.9999848509077481,0.9999784961092403,0.998780107342224,0.9942543328011445,0.9899890334433088,1.0000000000000002,1.0,1.0000000000000002,1.0000000000000002,1.0,1.0,0.998996412351709,0.9950993478230132,0.9915203428209208,0.9998277469031231,0.9986215807980462,0.9975512269785131,0.9992101001990863,0.9907407650656369,0.9838162208142318,0.9994041617452034,0.9940529285562036,0.9894289477258832,0.9994754611992421,0.9974503597217602,0.9955108302811263,0.999822833080977,0.9989985837958958,0.9981696919883339,0.9998552628443658,0.999995597311671,0.9975765154386308,0.9999402687840205,0.9962987547157045,0.9994615764155508,1.0000000000000002,1.0000000000000002,1.0000000000000002,1.0,0.9961774497893617,0.9994712073955256,0.9952471569225584,0.998959406436007,0.9973146967452103,0.9996208840098545,0.9987453089245413,0.9997053246741707,0.9983483907896005,0.9996117742111655,0.9983413942637727,0.996626475848854,0.9985163380754126,0.9970032188734705,0.9999597102326608,0.9999101482978183,0.9997111263300676,0.9994230859341985,0.9983023684082545,0.9965587006910319,0.9962554566437668,0.995584100877584,0.9998928305091004,0.9994334344887505
interval4200-4700,2,,15.21518144258904,0.0,0.0,9.19450031858744,0.0,0.0,0.0,0.0,0.0,0.0,0.0,7.034986347885556,3.7403288898147564,0.13732188701129244,0.0,0.0,1.1587295041300214,0.6059967366620341,0.0,4.080085872013326,0.0,0.0,0.0,0.0,0.0,0.0,0.0,2.2966072136201774,0.5759845261923483,0.0,0.0,0.0,0.0,0.0,0.0,9.14603608831488,0.0,0.0,0.0,6.220502187137829,0.6444918713144819,2.704747230706117,0.04557704107169259,1.2758102714296828,0.0,0.0,0.7292372710057106,0.0,0.0,0.21600008099853915,1.3164178031796046,0.0,0.058653087457464226,0.0,0.0,0.11248459508965138,0.0,0.0,1.6228846558675118,0.35710979938338433,0.3146190570477288,0.0,0.0,0.0,0.0,0.0,0.0,0.0,0.0,0.0,1.6039241701198073,0.8031144762478994,0.3912117236400259,0.056126866588075246,0.09611068416636999,0.0965551358427076,1.1344087359942778,0.0,0.0,0.0,0.35869162637217544,0.0,9.907518083628837,1.0998488495809586,0.20977382258036095,3.282827153995709,4.296900979683719,1.0124559321176543,0.4327524806617539,0.414144648014287,0.0,0.0,0.0,0.0,0.0,0.2912209644913902,0.6636777848529779,0.3949912224132712,1.4797965325274276,0.0,0.0,1.766008305669426,4.672333722130926,0.0,0.7456905571483743,0.5181479936417484,0.09966779224800239,0.6935158832215368,0.3828024858401734,0.22786343407537388,0.05016437476687221,0.0,0.12287412674488617,0.09807001290462053,0.5789521518857271,0.1552492010283384,0.0,0.05382017445363494,5.550968988353
interval4200-4700,2,-2,15.185024124361307,0.0,1.0000000000000009,9.19872226736856,1.0000000000000002,0.0,0.0,0.0,0.0,0.0,0.0,7.031283558005038,3.7400008111941885,0.13774165098946858,0.0,0.0,1.1584957003024445,0.6062755885829698,0.0,4.077587514181305,0.0,0.0,1.0000000000000002,1.0000000000000002,1.0000000000000002,1.0000000000000002,0.0,2.2981301150442235,0.5761174042326594,0.0,1.0000000000000004,0.9999999999999998,1.0000000000000004,0.9999999999999998,0.0,9.134077377364902,0.0,0.0,0.0,6.22271171509071,0.6444388340869741,2.7040795992079794,0.04555394464586526,1.2760597831368063,1.0000000000000002,0.9999999999999998,0.7294010007140183,0.0,0.0,0.21598373496424733,1.3175864044008336,0.0,0.0590516208698844,0.0,0.0,0.11277963354688238,0.0,0.0,1.6255974702998925,0.35710372075283087,0.3145805270583917,0.9999999999999998,1.0000000000000002,1.0000000000000002,1.0000000000000002,1.0000000000000002,1.0000000000000004,0.0,0.0,0.0,1.590976006860041,0.8031212231758321,0.39125492525761846,0.05840547791158835,0.09610988597233201,0.09654745469562996,1.1338916377812298,0.0,0.0,0.0,0.35869634522806826,0.0,9.865979240200813,1.0998680247979562,0.2099822070191796,3.2791093764524,4.293489317687882,1.013084936443076,0.4329860049784892,0.4141312959348804,0.0,1.0000000000000002,1.0000000000000002,1.0000000000000002,1.0,0.2912051878575881,0.6649964712295054,0.3948225159296364,1.4818198870118737,0.0,0.0,1.7660130441551911,4.675462362901719,0.0,0.7448130666063981,0.5176915544332579,0.09983544097478798,0.6935361076463458,0.3825007465105869,0.22825471298336175,0.050447609370061174,0.0,0.12374774809731265,0.09848738054606705,0.5789147959043911,0.15553262580333288,0.0,0.053389281551031426,5.547684920120989
interval4200-4700,2,-1,14.91983684070619,0.0,1.0,9.235794067950106,1.0,0.0,0.0,0.0,0.0,0.0,0.0,6.997888150740706,3.736983824133408,0.1413925199429631,0.0,0.0,1.1565134528810253,0.6086923387980865,0.0,4.055793543956638,0.0,0.0,1.0,1.0,1.0,1.0,0.0,2.3116903028012294,0.5772931139315229,0.0,1.0,0.9999999999999998,1.0,1.0,0.0,9.028973979726528,0.0,0.0,0.0,6.2409919297088,0.6439922724694448,2.6982613653854153,0.0453553837637605,1.2785072934380937,0.9999999999999998,1.0,0.7309642864583259,0.0,0.0,0.21583552831373323,1.3278906958466943,0.0,0.06262193422821676,0.0,0.0,0.11542509710960265,0.0,0.0,1.6485972057590657,0.35705138428154687,0.31425041891865085,0.9999999999999998,0.9999999999999998,1.0,1.0,1.0,1.0,0.0,0.0,0.0,1.4858354023417375,0.8031780744163838,0.39161291656969344,0.07833678788377267,0.0961030635007557,0.09648105264156696,1.1294137638173567,0.0,0.0,0.0,0.3587378936949351,0.0,9.511889540858608,1.1000316037480573,0.21178363742861342,3.246211885278713,4.262900847935944,1.0186362043022876,0.4351072160388643,0.4140119167715246,0.0,1.0,1.0,1.0,1.0,0.29105703200028005,0.6766636095119116,0.39333180575012716,1.4987196649767192,0.0,0.0,1.7660620293425164,4.699269439636119,0.0,0.7370648513832095,0.5137175103182406,0.10134137530605543,0.6937292320123167,0.37981953106789956,0.23163916021942701,0.052921566875156714,0.0,0.13148129319300594,0.10210726155302266,0.5785681921996388,0.15803912345993518,0.0,0.04979466196548282,5.518506878813067
interval4200-4700,2,0,12.772108788956535,0.3008380781328728,1.0,9.50607646195229,1.0,0.0,0.0,0.0,0.0,0.0,0.0,6.662527323703785,3.7024429175728337,0.16962810160996952,0.0,0.0,1.1460113317234322,0.6268596814516223,0.0,3.8947639441393163,0.0,0.0,1.0,1.0,1.0,1.0,0.0,2.433993600114642,0.5873534274545484,0.0,1.0,1.0,1.0,1.0,0.0,7.62606235988108,0.0,0.0,0.0,6.054286168934942,0.6385277054261573,2.456077214819919,0.04253149966335707,1.330700174611787,1.0,1.0,0.7182696509781793,0.5492480907196978,0.0,0.2144131888296712,1.4492628343254987,0.0,0.07236878119510665,0.5347798814879057,0.0,0.14496818898918007,0.0,0.0,1.7944883676071923,0.3567159669831818,0.3126034426544572,1.0,1.0,1.0,1.0,1.0,1.0,0.0,0.0,0.0,1.0295458976541347,0.8034959996518303,0.3926698717155973,0.23790316327887004,0.09606142180735644,0.09604224297446784,1.0949244290912439,0.0,0.0,0.0,0.3590754938258549,0.0,7.188698376245946,1.1009685539231204,0.2229602308232427,2.9642114828744344,3.9740298492248893,1.0647111181449576,0.45671056301503343,0.4129812781849944,0.0,1.0,1.0,1.0,1.0,0.2895532930813716,0.77536480360615,0.38069424033618676,1.5931276138530852,0.0,0.0,1.766861636683286,4.7037274572944066,0.0,0.6764123509684249,0.483203875475249,0.11602266284581088,0.6960219498970273,0.3559796072376113,0.25684113189478663,0.07272344494707499,0.0,0.19859955341452387,0.1292365667806873,0.574312521575455,0.18002571306077292,0.0,0.03400205854417624,5.257148321474629
interval4200-4700,2,1,6.158062891147963,1.3912103050331026,1.0,9.045215954350047,0.9999999999999999,1.8872309751065266,0.0,0.0,0.0,0.0,0.6055481451040472,4.518505370115954,3.2191598210242143,0.28577779952512933,0.0,0.2301442515068707,1.1398646987192613,0.6882641738050101,0.16963597359331709,3.4114570217381424,0.198399827478044,0.0,0.9999999999999999,0.9999999999999999,1.0,0.9999999999999999,0.0,3.037186676668321,0.6492380616448409,0.0,1.0,1.0000000000000002,1.0,1.0,0.029908600663611506,3.4211459779135227,0.0,1.235597546014655,0.0,3.7072177769367682,0.6511764179496516,1.8087396830888962,0.04205098895374187,1.7279496416338023,0.9999999999999999,1.0,0.7926316511162048,1.324317274436123,0.0,0.21216147606059546,1.7540777190520804,0.0,0.1299474208302387,2.2564700934982524,0.0,0.24744702128565452,0.4598957943583413,0.0,2.0256652501124144,0.35534863252174714,0.3107678647768898,1.0,0.9999999999999999,0.9999999999999999,1.0,0.9999999999999999,1.0,0.0,0.0,0.0,1.0896016454429784,0.8043948575375384,0.39311825111438403,0.8665175418403656,0.09597030860991747,0.09400428808868112,1.0226952845546677,0.0,0.0,0.0,0.362351285593187,0.0,2.885590869593355,1.099560689244862,0.2540218603398579,1.9038717408969992,2.519025639759088,1.2280160692585402,0.573174845317102,0.41101601747293615,0.0,1.0000000000000002,1.0,0.9999999999999999,0.9999999999999999,0.28344186406737903,1.158417575544974,0.3348336444780082,1.6497149256566408,0.0,0.0,1.7589802915140293,3.31425019309749,0.00202028357743026,0.6516960847946257,0.39748488874286414,0.19492724623625043,0.6194511783932147,0.24406711189116428,0.4046979374206743,0.17853517976948696,0.16883521782311328,0.5076137879471196,0.2478944309173725,0.544121702648091,0.2999741839756469,0.0,0.20300757526137084,3.789095254678955
interval4200-4700,2,2,2.3817759671156926,1.351920027574619,1.0,5.884527457457109,1.0,3.117364595365352,0.7144052023947103,0.0,0.8623915110325252,0.0,1.458692511623199,2.2975926218799496,1.819642042936784,0.43814027809333395,1.2423018136596158,1.498976764323002,1.149945678977115,0.7412765586499569,1.434410453173605,2.2500411779229186,0.863662291444944,0.0,1.0,1.0000000000000002,1.0,1.0,2.300331522281194,3.5924601743905944,0.8203950611461864,0.0,1.0,1.0,1.0,0.9999999999999998,0.6711064486935714,1.4813786216745772,0.20152872264532276,1.2772398840708974,0.33531300484136045,1.621661422090547,0.8673342729506738,1.4614446918263537,0.12175422472478314,1.864676420061572,1.0000000000000002,1.0,1.1362225249075573,1.170306738155246,0.6243263484177722,0.2489001390776705,1.737772656440092,0.0,0.5302446857568726,1.5207833573325806,0.01536899730606011,0.488749555198764,1.0664417834503799,0.10723006717520601,1.4780774131118606,0.3517050755334267,0.3010674183763764,1.0,1.0,1.0,1.0,1.0,1.0,0.0,0.0,0.0,1.1074076322781994,0.8091912178681872,0.42341950285805496,1.442806987162834,0.0969453541125938,0.08694992155379537,1.1700718442808642,0.0,0.0,0.11981873413781773,0.3811610529779904,0.0,1.3194145707988936,1.0600662634428288,0.3611345418481393,1.2113318956879515,1.218246946081647,1.1708443619976752,0.6997019605062402,0.4366167798274496,0.3523557170847635,1.0000000000000002,1.0000000000000002,1.0000000000000002,1.0,0.30487264985921986,1.3761196225626344,0.3005466748412678,1.571681364625191,0.0,0.7363038622849964,1.5515727701374096,1.6010950206142458,0.2795383794553281,0.9478761078604563,0.3659909542960417,0.2541602131033485,0.3810639053809522,0.19515069091892565,0.7555906873429052,0.5446229656705927,0.7128303378613161,0.7992294870438886,0.38911801460185047,0.47897896971011267,0.5115328840326864,0.0,0.7205318911288497,1.5947268773921652
interval4200-4700,2,3,1.3867018784655711,1.166434332279097,1.0000000000000002,3.0523627651420937,1.0000000000000002,2.0996089366626625,1.0470829860573734,0.8869400991255574,1.6720815411778445,1.3774253638027483,1.2552144371039498,1.4499348464948323,1.1545636639871963,0.5478545669008921,1.2055960326662705,1.310427684114349,1.063800911365115,0.6090345172955579,1.2630019878323466,1.434889300811392,1.040773051128889,0.20513947628667,1.0000000000000002,1.0000000000000002,1.0000000000000004,1.0000000000000002,1.9574545466506954,2.567849706275137,1.0554818753777782,0.0,1.0000000000000002,1.0000000000000002,1.0000000000000004,1.0000000000000002,1.0054084677151174,1.0736002124622175,0.8302524856667862,1.0425384822386237,0.8101792791986605,1.0912712404201115,1.0294130607076393,1.089657151479696,0.34695063428595674,1.2276419812848272,1.0000000000000004,1.0000000000000004,1.0615158935922278,1.0298838992763761,0.9457573302232567,0.4316171172530813,1.2780306720723114,0.512848408343835,0.8779921478104282,1.0718917127410288,0.8787341974236298,0.8447494526773022,1.0283652613329717,0.8100439272451279,0.8617804327630838,0.2810222843904586,0.24950397466358132,1.0000000000000002,1.0000000000000002,1.0000000000000004,1.0000000000000004,1.0000000000000002,1.0000000000000002,0.5900935555236235,0.06622721352253882,0.0,1.0154950053952232,0.8193544568590571,0.6265531248133502,1.2652197580399005,0.09672602070015895,0.0644456991152956,1.0399707262284321,0.0,0.0,0.7367294392768005,0.4891091856188409,0.0,1.0452544724594284,0.9335570088590543,0.6739176881519302,1.0173840312597686,0.9968315909265287,0.7708470387421124,0.812854827655897,0.481901852587866,0.861322013615239,1.0000000000000002,1.0000000000000002,1.0000000000000002,1.0000000000000002,0.37295867154176904,1.1577441943816835,0.3040574773320536,1.1836882548642733,0.24195708344271497,0.8713010135422073,1.0339515629742801,1.1315844804759039,0.6788408361932019,0.9387291749111301,0.3382056671667327,0.2697262002622397,0.4440627565267723,0.36350164449695566,0.9386855970479422,0.8885815942958167,0.891495146600664,0.8904742983488324,0.33890676300303196,0.31107310326465304,0.580762037287392,0.0,0.9218138970355584,1.0218682505886347
interval4200-4700,2,4,1.0641163879493718,1.0324886531673347,1.0000000000000002,1.388097745765661,1.0000000000000002,1.215246388058868,1.0171148330770239,1.0260743875702787,1.1646099975194657,1.32690693174245,1.0508324430246754,1.1201401887096094,1.0368719719677788,0.5495929032132083,1.0431168645429136,1.0978322697883007,1.0256702158360818,0.525146698546448,1.0533846757615823,1.122771696694674,1.0279583163953216,0.5078673318209671,1.0,1.0000000000000002,1.0000000000000002,1.0000000000000002,1.196269195604439,1.4580604550613634,1.0870439999731172,0.0,1.0,1.0000000000000002,1.0000000000000002,1.0,1.0040988731360485,1.0060898599858965,0.9796603962335162,1.001055971525776,0.9720923236168093,1.0030686882790867,0.9970601975999611,1.0039779532443254,0.7404602134205102,1.0024863748542951,1.0000000000000002,1.0,1.0040436467868992,1.0004966287977732,0.9942971260979098,0.7834222570719753,1.0213147717837994,0.939980658582092,0.9841881439604913,1.0037807637450926,0.988800303004913,0.9789731860335114,0.9989568818349239,0.9762022044558085,0.823452706115172,0.19347662795199688,0.05721222945487381,1.0000000000000002,1.0,1.0000000000000002,1.0,1.0000000000000002,1.0000000000000002,0.8412151573522568,0.24867026910071796,0.03075796963183091,0.9828674723199997,0.8293006619646317,0.7870071389158223,0.9676206862995426,0.0463245813990485,0.013110486332330184,0.941218636074015,0.13043425179147125,0.06583082516924613,0.898876137831142,0.606006245269938,0.435227174698356,0.9866725745369476,0.8746045959163903,0.8265229066468167,0.9783370505359544,0.9962972568265832,0.6455195871670769,0.9585595115360035,0.4716656663853927,0.9223525753782036,1.0,1.0000000000000002,1.0,1.0,0.4598722923387292,0.9769829453491113,0.34172640498259516,0.9342858629277476,0.5180919989712637,0.9316591232003408,0.8481329683694891,0.9870280281278965,0.7435832598918493,0.9471117437803359,0.3848886532564627,0.32539853579610845,0.47910227824205615,0.425229525217087,0.9752831673581587,0.967514139858084,0.908306565405356,0.8996433603682844,0.3777168414233933,0.3228864814294308,0.5097075118436264,0.10113666555532932,0.9675492153212155,0.9307716088265754
interval4200-4700,2,5,1.0069731025617503,1.0035980583241348,1.0,1.0429175615307686,1.0,1.0238543615468276,1.0020088574974384,1.0042579999461883,1.0187250530684562,1.0449131660870739,1.0056444526879365,1.0149929248269653,1.002523939337062,0.6645810784067316,1.0048221990995412,1.0124639655200616,1.0018692723082085,0.6548877228740654,1.0059455050177484,1.0154637143524625,1.0018432571054072,0.6810865669352053,1.0000000000000002,1.0000000000000002,1.0,1.0,1.0218665621224186,1.0577083450960112,1.0040379792905219,0.0,1.0,1.0000000000000002,1.0000000000000002,1.0,1.0002405378704098,1.0000904268720427,0.997288000342491,0.9991931774955972,0.995636755698283,0.9985809427892942,0.9973974329805677,0.9986674635352101,0.9579225792170837,0.9943871195436328,1.0,1.0,0.9996914203883486,0.9993266166092056,0.9992100750066971,0.9681117663044858,1.0000363079997587,0.9920390902588739,0.9977383167653959,0.9993465181654351,0.9984376391737532,0.9972339294463489,0.9987704486237365,0.9968882156819245,0.8686679411956584,0.4470699484762424,0.2506890026492903,1.0,1.0,1.0,1.0,1.0,1.0,0.8928327531011979,0.5289624917654507,0.35628542521018636,0.9825255680151205,0.8740966196551349,0.8349715130155703,0.9269548401918793,0.19466178003977347,0.025600596405999952,0.9400028794796692,0.44041630089869416,0.2789521890623635,0.9416142312435021,0.748084987204092,0.6552358615512486,0.9824894599716721,0.9065866523607854,0.870987928303761,0.9846881800676847,0.9993380731722897,0.7566222921634514,0.9923304910684118,0.6324777279548945,0.9432221119050396,1.0000000000000002,1.0,1.0,1.0,0.6295491599030214,0.9507306500398588,0.5400219659543178,0.900504935546766,0.7223327938940914,0.95797751774124,0.8793136872134266,0.9716686840566008,0.8343574782876185,0.9591585657071151,0.620241333859894,0.5750997142469111,0.669778348667564,0.6300893344311,0.9885252783694842,0.9864592891143329,0.9392551032757253,0.9317744128186134,0.6135580891291579,0.5686447073579645,0.6056552784122369,0.4815018790224137,0.9852460720799858,0.9402759973594361
interval5200-5800,1,,0.34232379971802607,12.012354044876627,0.0,14.552925942820284,0.0,2.0471224731986797,0.0,0.0,0.0,0.0,0.0,8.958062298907327,3.4829610365592933,0.2273647891934476,0.0,11.746314095453831,4.106238364879762,0.0,0.0,0.3990425755669118,0.11687947824614242,0.0,0.0,0.0,0.0,0.0,0.0,1.7342658134362159,0.4550521299017998,0.26030955994237515,0.0,0.0,0.0,0.0,0.0,7.514025452221997,0.0,0.0,0.0,3.0660347270950514,0.03228134377054741,1.8286070841825994,0.06617881093470432,1.4501849233321824,0.0,0.0,1.7447911101196545,0.0,0.0,0.2309936960195618,1.2337284743312977,0.0,0.052441538321296687,1.8162993815566437,0.0,0.8563559044776098,0.0,0.0,0.0,1.144794099414446,0.7714864682185449,0.0,0.0,0.0,0.0,0.0,0.0,0.0,0.0,0.0,13.295987286750718,1.883042202594461,0.7677967966788093,1.8819559481881223,0.16733605514611036,0.09909375111511039,0.0,0.0,0.0,1.3717623819108642,0.0,0.0,0.0,0.0,0.0,0.0,4.643871968120091,1.442714627892863,0.48227579400157883,0.0743573650226295,0.0,0.0,0.0,0.0,0.0,0.6938450080791351,3.4457318838286892,0.0,0.0,0.0,0.0,4.084789434809466,2.032562049993592,0.25401335639077877,4.718913459147342,0.0,0.0,0.0,0.0,0.0,0.0,0.1702726594839813,0.45135905993921016,1.358164808049409,1.076193607179173,0.27167487850828254,0.1419372083452123,0.0,2.8317265712117026
interval5200-5800,1,-2,2.953344398803701,3.164985036605142,1.0,11.64164767512039,1.0,2.3441499112118067,0.0,0.0,0.8025659690378543,0.0,2.064666845917876,7.508501427745641,3.4674691006279477,0.2531555232873691,1.841113562733335,8.461238398713018,4.05618796119035,0.0,0.0,1.2644278987395057,0.26850247778090347,0.0,1.0,1.0,1.0000000000000002,1.0000000000000002,1.2784403303043184,2.658159810193269,0.4645635198809618,0.2699122841349173,1.0000000000000002,1.0,1.0000000000000002,1.0,0.0,3.920086120398304,0.0,0.4545366949370666,0.0,1.9411002188548074,0.022086953651932074,1.6064739376885766,0.0568908558360205,1.5505249909823409,1.0000000000000002,1.0,1.6744159330222868,0.40178677044834976,0.0,0.23188262404392207,1.4392924442786743,0.0,0.04663339144617986,2.493629342273731,0.0,0.8716424790574973,0.2652840144471228,0.0,0.0,1.1448118334390314,0.768563426830354,1.0,1.0,1.0,1.0,1.0000000000000002,1.0,0.0,0.0,0.0,6.640755664035068,1.8822097328997824,0.7866000472389308,1.9048830307483962,0.16738096850416273,0.09873705948049837,0.0,0.0,0.0,1.5298160702306287,0.0,0.0,1.552993217605854,0.0,0.0,0.0,3.509949238130077,1.430199448270499,0.5472356965032855,0.07830196049589655,0.0,1.0000000000000002,1.0,1.0,1.0,0.6987563290241563,3.7288271122991383,0.0,0.0,0.0,0.0,4.076566755178024,2.6133887031768297,0.26600531560436824,4.976538137678797,0.0,0.0,0.0,0.0,0.0,0.0,0.19777112505086047,0.4680519266251241,1.353285070506643,1.0755390293988396,0.28642804424263263,0.17760916267264618,0.0,2.455287013976957
interval5200-5800,1,-1,2.7122703349308583,1.745617519747179,1.0000000000000002,6.316108748616937,1.0000000000000002,3.5260597011833106,0.7489224451709332,0.0,1.6781913833289304,0.0,2.0504503732189314,3.6777971506367777,3.1674501078578667,0.3170386858281903,1.9363585291348624,3.6406684007352985,3.4819484384282178,0.0,1.1862084819576342,1.3610320253588921,0.645809213073199,0.0,1.0,1.0,1.0,1.0,3.2716835701857154,4.364073254733497,0.6282162879956898,0.29955435754839704,1.0000000000000002,1.0,1.0,1.0000000000000002,0.10104444736724266,1.6434158793108014,0.0,1.1732071098774821,0.0,1.3081429524340027,0.032138820213948524,1.5401081172145379,0.06628017525960846,1.4788493640574845,1.0,1.0,1.5663696550714143,0.9834107702182727,0.0,0.2373960006151508,1.5530023073503154,0.0,0.07096324701365675,2.5471407108508033,0.0,0.8718653931147792,0.654038490080756,0.0,1.5587781270145715,1.1392619743531978,0.7647003704098875,1.0,1.0,1.0,1.0000000000000002,1.0,1.0000000000000002,0.0,0.0,0.0,2.2734947340809755,1.830464222187689,0.8151814542699607,2.0733720782038807,0.16824769845280668,0.09835526539028928,0.0,0.0,0.0,1.4786414999648125,0.0,0.0,1.543342583225223,0.07187900611385817,0.0,0.0,1.6238249766985795,1.3438057307316793,0.6665401476286461,0.10793125571254122,0.0,1.0000000000000002,1.0,0.9999999999999998,1.0000000000000002,0.737600421551888,3.2698634839226624,0.0,0.0,0.0,0.0,3.9068241657849074,2.5705942410594527,0.37594097768648455,3.309936180719395,0.30226785405860235,0.11854633825102481,0.0,0.0,0.0,0.0,0.4791998737735182,0.6292535680042187,1.0015755816748915,0.9287762271709897,0.320949919806634,0.1428306392526464,0.15355141173685483,1.5662693976000832
interval5200-5800,1,0,1.7867022342917491,1.3464396993171845,1.0,3.1995401585427152,1.0,4.088743945555989,1.0584478203017793,0.8279084190341616,2.060524846472678,1.2625618162339955,1.498935832190249,1.8196967977892935,1.8592144877932386,0.35038625554329195,1.457909966181164,1.78607298361109,1.9070808686477798,0.2864568196484739,1.0882430649159855,1.1491046367239477,0.9566470682677877,0.0,1.0,1.0,1.0,1.0,2.907278544275653,3.701371549672501,1.2196770236496708,0.2564073296832146,1.0,1.0,1.0,1.0,0.7726912149867307,1.1500573676232968,0.3863775685920393,1.1008381884883283,0.6189320887123022,1.094236260076693,0.22517570966432213,1.328623814622715,0.22242387777900657,1.2464369207216954,1.0,1.0,1.3339269138471543,1.0399969530039768,0.810875301868835,0.28087505815887714,1.545957975399796,0.0,0.2460004444956296,1.559443894232028,0.22937468654394916,0.9639109404931556,0.9101706208909416,0.22129133805117743,1.6475050531139452,1.0879138018692822,0.7262480473570293,1.0,1.0,1.0,1.0,1.0,1.0,0.6284367871340504,0.0,0.0,1.2904367763648539,1.4797813383336795,0.8572813374899241,2.44275298602686,0.17434651698051465,0.09979888092794606,0.6675698669357465,0.0,0.0,1.3688292365280423,0.0,0.0,1.2082567268403372,0.6274009741692652,0.14974802919168648,0.7643427915248397,1.0181662296534282,1.083138256078622,0.8259726290960379,0.30423031265897393,0.9484495770891117,1.0,1.0,1.0,1.0,0.9569324262301355,2.0143536559605524,0.0,0.0,0.0,0.8805360882795904,2.884612730370456,1.7513549816782843,0.7254531373336202,1.6432060428807291,0.4523899300062294,0.3718568687861138,0.2733476356889565,0.1524605376345355,0.8092089468498241,0.6420360177113285,0.7726169922529303,0.8073205571269166,0.5424470259247014,0.5014485060310483,0.47942500084346634,0.017409886388180494,0.8722116464180963,1.019834812788206
interval5200-5800,1,1,1.23830123963568,1.1121143383346657,0.9999999999999999,1.657936401876707,1.0,2.198593419881872,1.0411381818245495,1.0464106305497691,1.4429630450644875,1.608320217370328,1.1558348088343373,1.2564975661718,1.2201347193842116,0.6015714265693286,1.1438048699126322,1.2398628209296958,1.2202306220220933,0.5918061075012361,1.0227187432016702,1.0394656728534712,1.0083340567215957,0.6894140101739271,1.0,1.0000000000000002,0.9999999999999999,1.0,1.663873301451987,2.0674612149637186,1.5145742156971935,0.1240574100605593,0.9999999999999999,1.0,1.0,1.0,1.0031764037063542,1.0227173155631366,0.8835125233781779,0.9996463703557454,0.9511916026114962,0.996771635497363,0.6130706435013793,1.0026028655867893,0.5658008102270328,0.9814583543482202,1.0,0.9999999999999999,1.052291492035704,0.9947877287980114,0.9746962087631117,0.5003138086984942,1.1815170774667918,0.7161822961484154,0.5667293080758966,1.036513675841242,0.9109027815651347,1.0018641887373991,0.9845945816869403,0.8739068528750945,1.1826887654321783,0.7694954165572727,0.5602403721983003,1.0,1.0,1.0,0.9999999999999999,0.9999999999999999,1.0,0.9033626366145595,0.1771458531125837,0.050667560611968705,1.0637295422742903,1.1020953489962582,0.8865893133946257,2.053394709519049,0.19464887953160728,0.10838633578879137,0.9827168171358572,0.18099976223313646,0.0,1.0819052662745,0.060990962091679465,0.0,1.0587821551151015,0.9369503930669713,0.7484156028026301,0.9411682099163162,0.9966444208173566,0.8616892978678228,1.0601476003020196,0.714448754730259,1.0174147215532434,0.9999999999999999,0.9999999999999999,1.0,1.0,1.075897969912896,1.2926514592362799,0.06385830209276148,0.7909201667448842,0.3194744179686329,1.0213494751873191,1.413579236987508,1.2182780432445381,0.8505047861274366,1.1575801958794811,0.45141254931839786,0.3435448913265113,0.48206259417334824,0.3988268477873761,0.9709329780370368,0.9466100146218338,0.894891274057125,0.8938883622190615,0.45379567763976775,0.3502850387712528,0.47818899155379563,0.17765854813236168,0.9703457489154663,0.9560546525552635
interval5200-5800,1,2,1.0333168424602632,1.015861245538892,1.0,1.0920277890709618,1.0000000000000002,1.1725351494726908,1.0063636866366226,1.0102945811663218,1.0652465582153252,1.1085189007736413,1.0219232428077123,1.0381487967617014,1.0607165341816334,0.676836457063418,1.020227513156043,1.0354344141588407,1.058684742076714,0.7278850396495947,1.0030784501246015,1.00555678986306,1.0062512281987819,0.93680910956616,1.0,1.0000000000000002,0.9999999999999998,1.0,1.0949296308114629,1.1639207543723655,1.2393869193121936,0.08002266961365793,1.0,1.0,1.0,1.0,1.001160907735492,1.0002074626504418,0.9827647286594496,0.9956248285350094,0.9921505351230356,0.9949182704786925,0.9221830056063662,0.9880217108648709,0.904861962357143,0.9821203775147462,1.0,1.0,1.0031020284285928,0.9960577334778274,0.9999081574827355,0.8504618243794015,1.0143569901044591,0.9944026944361335,0.9040427376264691,0.9904895845277343,1.0089530204733774,0.996302748777652,0.9923327396340058,0.9928085808914945,0.998300610121772,0.5053997134363745,0.3180380482310581,1.0,1.0,1.0,1.0,1.0,1.0,0.9627258864772186,0.5656113008126312,0.421184891821106,1.0039446198765343,0.9277274987438652,0.8735368955092475,1.1886981983136355,0.18034874063675277,0.09468798927734881,0.9898152937892416,0.5326990186254803,0.34768461321186206,0.9750901447839062,0.3311494205251325,0.11546472589179688,1.0036006793373065,0.9062934572419723,0.8523689274030709,0.9798104817109303,1.0009521032767812,0.807863195879218,1.0531892347876424,0.8312943763694469,0.9979018896629204,1.0000000000000002,1.0,1.0,1.0,0.7992833199403409,1.036365015360995,0.5006744281689697,0.942374936486279,0.6232828352400067,0.9923019561789994,0.9742937454193483,1.0284370823430296,0.8330580112654697,1.0139558393236654,0.6858291619313198,0.5150776288451708,0.7071340055050325,0.5552092732366501,0.9929458646461106,0.9874962069910511,0.9417131610266255,0.914694746653253,0.6827131157038442,0.5106080497405953,0.6066600798498311,0.543585618602245,0.990975375598688,0.9489675236260601
interval5200-5800,1,3,1.0033647727129387,1.0015803929759637,1.0000000000000004,1.0092398925008998,1.0000000000000002,1.0173509061815391,1.0006223090705606,1.001074442939404,1.0064492579221735,1.0112487664915395,1.0021895929203068,1.0039276100135994,1.0069003091164805,0.8411356451673294,1.0020217854859448,1.0036472755369312,1.0066675619662497,0.8743134765167058,1.0003090250377782,1.000571888179471,1.0007563889342797,0.9809164589548595,1.0000000000000002,1.0000000000000004,1.0000000000000002,1.0000000000000002,1.009497820747109,1.0169184743562483,1.0286831147198783,0.5322405721674167,1.0000000000000002,1.0000000000000002,1.0000000000000002,1.0000000000000002,0.9999973930900354,0.9997440721745322,0.9977108053134712,0.9989949916674381,0.9985826332431225,0.9988288707387023,0.9892124654729771,0.9968284605930929,0.9869428882896217,0.9957183151386854,1.0000000000000002,1.0000000000000002,0.9998663621129883,0.9990887465967393,0.999970725516306,0.9805714885228342,1.0004114880919266,0.9993127889039044,0.988052410497245,0.9974457010674205,1.0009325008755068,0.9990502253436001,0.9983285789333544,0.999144677029462,0.964237631515275,0.7816180002700037,0.6639203442660059,1.0000000000000002,1.0000000000000002,1.0000000000000002,1.0000000000000002,1.0000000000000002,1.0000000000000002,0.975880303494453,0.8542250628994288,0.7747393727196029,0.9943129809508242,0.9521299804990423,0.9248016282456634,0.9711448860657235,0.34755700511663545,0.14056492320507555,0.9855701652022679,0.8279863013638104,0.7323083039813043,0.9601569497318527,0.7457658287837118,0.61438619192466,0.9940593858538391,0.9556795615639252,0.9284926396474711,0.9944463992636378,1.000108462285365,0.9143932117676864,1.0061827746433492,0.9304293080510743,0.9920879236330301,1.0000000000000004,1.0000000000000002,1.0000000000000004,1.0000000000000004,0.8573204065808134,0.9827028790977461,0.8241165189142964,0.9636118218689178,0.8544228027923165,0.9834506840286202,0.9558684343616349,0.9904751705290763,0.9238311277045848,0.9858747479671387,0.9165552831202773,0.8294803660359037,0.9206975769620167,0.8394125937422283,0.9986287857090891,0.997107379386487,0.9835777810375268,0.9671822646842304,0.9155244098312695,0.8274327686897271,0.8120653880162596,0.8170179713399599,0.9974994774958434,0.9734600144932357
interval5200-5800,1,4,1.000315018107852,1.0001470617208432,1.0,1.0008662105875354,1.0,1.0016102783227847,1.000057217923916,1.000103526142664,1.0005979565261702,1.001088559771115,1.0002040281663276,1.000381510146691,1.0005497009731779,0.9745611187645778,1.0001883966126581,1.0003545056997136,1.0005279179075652,0.9800220785113847,1.000029146338227,1.000055951435683,1.0000552993474416,0.9971234322646445,1.0000000000000002,1.0,1.0,1.0,1.000883129881587,1.001642134835696,1.002206772490061,0.9248024797288539,1.0000000000000002,1.0,1.0000000000000002,1.0,0.9999840423212134,0.9999445739502708,0.9996945007337712,0.9998197869590282,0.9997709600480704,0.9997977016923274,0.9985154504931102,0.9993777047476347,0.9983287809066551,0.99925155578219,1.0,1.0,0.9999282410179832,0.9998427278734696,0.9999841103146974,0.9979635509899119,0.9999498277053753,0.9998157112243474,0.998610055106981,0.9995173171083553,1.000022880203631,0.9998535827972496,0.999748219908462,0.9998728827864525,0.9934407900190946,0.9580984236373065,0.9267969853946907,0.9999999999999999,1.0000000000000002,1.0000000000000002,1.0000000000000002,1.0,1.0,0.9959341296436155,0.9748074484956725,0.9567900949805913,0.9989102348606621,0.9896456706216769,0.9810600218004902,0.9924009341604862,0.8353645862551612,0.7048074059498883,0.997409159914651,0.9683483633047837,0.9440334743985533,0.9929249819608948,0.953684936650363,0.9211922872028222,0.9988728243543632,0.9912390077689707,0.9838131125631586,0.9991554631941905,1.0000050015272908,0.9838203567903353,1.0004933277964987,0.9868853179204107,0.9985452500631695,1.0,1.0000000000000002,1.0000000000000002,1.0,0.9688468195559777,0.9964027024951738,0.9695829498854641,0.9938531921674247,0.9733346079164801,0.9969950786502804,0.9898073812976066,0.9979646027852109,0.9854430025692287,0.9972635198093267,0.9884263535584898,0.9750907808276064,0.9889369152943127,0.9764121320291407,0.9998248368634771,0.9996109664644661,0.9976823373095083,0.9951203538642066,0.9882772415599378,0.9747804592197369,0.9699942920479805,0.9715135263351435,0.9996380135957584,0.9957229325298581
interval5200-5800,1,5,1.000030725804626,1.0000143406257462,1.0,1.0000846383908601,1.0,1.0001565667486985,1.0000055764998284,1.000010213855526,1.0000583443040683,1.0001075013094882,1.0000198994764073,1.0000376992115432,1.000050767493643,0.9972939963143131,1.0000183713801767,1.0000350395455893,1.0000485420113474,0.9978763998807718,1.0000028550536297,1.000005544037725,1.000004904767043,0.9996958839058065,1.0000000000000002,1.0,1.0000000000000002,1.0,1.0000860435320804,1.000162212673451,1.0002000159620148,0.9919969456412354,1.0000000000000002,1.0,1.0,1.0,0.9999978949326833,0.9999934498092917,0.9999665957522029,0.9999790388192253,0.9999739003428516,0.999976708684093,0.9998362012428414,0.9999263133982592,0.9998198574699236,0.999913695213399,1.0,1.0,0.99999070887077,0.9999819073435547,0.9999981099548528,0.9997949564364582,0.9999923559640365,0.9999789840487522,0.999854070991826,0.999943310239974,1.000000639425514,0.9999837366814045,0.9999721319328279,0.9999864018431442,0.9992891749399856,0.9952654920153464,0.9912380551950621,1.0000000000000002,1.0,1.0000000000000002,1.0,1.0,1.0000000000000002,0.9995633968270264,0.9972011666782604,0.9949646709390003,0.9998810990811431,0.9988093458225291,0.9976687040097295,0.9991395600876324,0.9806587037083868,0.9619094572664156,0.9997189426465556,0.9964447968603241,0.9933449913497104,0.9992359065132396,0.9948093451178925,0.9906894245800623,0.999877352032132,0.9990053711195228,0.9980458363658236,0.9999074413174982,1.0000003573610063,0.9981326293561718,1.0000458612427034,0.9984858685067726,0.9998417147825246,1.0000000000000002,1.0000000000000002,1.0,1.0,0.9963002163740401,0.9996038298333036,0.9965576792133131,0.9993396682667322,0.9969406799761189,0.9996736377536031,0.9987798922964755,0.9997761780289894,0.9983160224247185,0.9997018495703914,0.9987892305392698,0.9973797705135821,0.9988418176692461,0.9975171554499529,0.9999818616868781,0.999959471252558,0.9997570215318061,0.9994856242026543,0.9987735551413958,0.9973469939041982,0.9968092403000839,0.9969785390594761,0.9999619243840426,0.9995447025253394
interval5200-5800,2,,0.0,8.93815044415734,0.0,14.058422699693972,0.0,2.598038526910597,0.0,0.0,0.0,0.0,0.0,9.598757460504867,3.4767641515238408,0.057618540199488595,0.0,12.561405482305968,4.235622826134062,0.0,0.0,0.0,0.0790064894773957,0.0,0.0,0.0,0.0,0.0,0.0,1.736184129888102,0.43079934148811244,0.32644075862581123,0.0,0.0,0.0,0.0,0.0,6.758643648456476,0.0,0.0,0.0,3.1075530586806903,0.030460564494286666,1.624497024576333,0.06295378045108953,1.4113498473816786,0.0,0.0,1.8256573257383468,0.0,0.0,0.24862831278946684,1.218608213970269,0.0,0.04337385197513947,2.218940195974565,0.0,0.8931626281855253,0.0,0.0,0.0,1.1594721436075413,0.7477736087529497,0.0,0.0,0.0,0.0,0.0,0.0,0.0,0.0,0.0,13.702681841212232,2.2208745593953703,1.0403747217556878,1.9247404322830484,0.17033742100217591,0.11131775483318712,0.0,0.0,0.0,1.5959079619227297,0.0,0.0,0.0,0.0,0.0,0.0,4.154601968454265,1.1408149019384042,0.4704269992948448,0.12609040972072383,0.0,0.0,0.0,0.0,0.0,0.7277256031236573,3.8584492143072806,0.0,0.0,0.0,0.0,4.1844886291393815,1.7304982395234607,0.4163510139856012,4.141645207888128,0.0,0.0,0.0,0.0,0.0,0.0,0.19913281972635588,0.39294968980084355,1.3315197942069705,1.0946163247410288,0.34863729857676123,0.09326217980328126,0.0,2.638381427480556
interval5200-5800,2,-2,0.0,8.841130797341563,0.9999999999999998,14.070182423869673,1.0000000000000002,2.6002715965670706,0.0,0.0,0.0,0.0,0.0,9.595881951623802,3.4766956779657114,0.05766054831686592,0.0,12.55127512446236,4.235261199556835,0.0,0.0,0.0,0.07899644583091592,0.0,1.0000000000000002,1.0000000000000002,1.0000000000000002,1.0000000000000002,0.0,1.7389924494168518,0.43091395427007767,0.32648896709449665,0.9999999999999998,1.0000000000000002,1.0000000000000002,1.0000000000000002,0.0,6.7350216326765535,0.0,0.0,0.0,3.1058915912754443,0.03039003985318323,1.6224352702692153,0.06287983681821412,1.412488825010442,0.9999999999999998,1.0000000000000002,1.8253158690818532,0.0,0.0,0.24862654611170604,1.2202054967099296,0.0,0.0433365247296176,2.2236247900415025,0.0,0.8934000231414849,0.0,0.0,0.0,1.159472210410994,0.7477601428026127,0.9999999999999998,1.0000000000000002,1.0000000000000002,1.0000000000000009,1.0000000000000002,0.9999999999999998,0.0,0.0,0.0,13.663126023345432,2.220877337337097,1.0404818161493452,1.924889205493836,0.17033733797134368,0.11131527619292525,0.0,0.0,0.0,1.5968532296676525,0.0,0.0,0.0,0.0,0.0,0.0,4.150816101891303,1.140826553982141,0.4706507868235144,0.12609157098857013,0.0,1.0000000000000002,1.0000000000000002,0.9999999999999998,1.0000000000000002,0.7277352835745146,3.8604895737288847,0.0,0.0,0.0,0.0,4.1844940810223425,1.735483011008994,0.4163636217056114,4.144173262535049,0.0,0.0,0.0,0.0,0.0,0.0,0.1990677119791513,0.39292198273530565,1.331532669527462,1.094635875032939,0.3487055822200667,0.09346577874583696,0.0,2.6378375291474594
interval5200-5800,2,-1,0.0,8.09384168393722,0.9999999999999998,14.15624173624905,0.9999999999999998,2.619441917856429,0.0,0.0,0.0,0.0,0.0,9.57044173698911,3.4761045565638713,0.05803507746736541,0.0,12.461276474381306,4.232025179114964,0.0,0.0,0.0,0.07951027509720894,0.0,1.0000000000000002,0.9999999999999998,0.9999999999999998,1.0000000000000002,0.0,1.7638049560398743,0.4319029807968192,0.32691553031278103,1.0,0.9999999999999998,1.0000000000000002,1.0000000000000002,0.0,6.532652561683325,0.0,0.0,0.0,3.0879593362740203,0.029795324030736165,1.6048423977250457,0.06225592752715011,1.4227921093644504,0.9999999999999998,1.0,1.8224636912018435,0.0,0.0,0.24860910832638664,1.2338502491369419,0.0,0.04302876827455367,2.2642402416504326,0.0,0.89546772365109,0.0,0.0,0.0,1.1594725183097137,0.7476384300595131,0.9999999999999998,0.9999999999999998,0.9999999999999998,0.9999999999999998,0.9999999999999998,1.0,0.0,0.0,0.0,13.318701801119836,2.2208973513329213,1.041421790330693,1.9262235027946422,0.17033681214893692,0.11129409846786238,0.0,0.0,0.0,1.6050918017601832,0.0,0.0,0.0,0.0,0.0,0.0,4.1174077362550685,1.1409182591712586,0.47263888204497323,0.12610631060489022,0.0,0.9999999999999998,1.0000000000000002,0.9999999999999998,1.0000000000000002,0.7278215559020337,3.8781974005063304,0.0,0.0,0.0,0.0,4.184529787600923,1.778885773619634,0.41647997926107216,4.166088104848416,0.0,0.0,0.0,0.0,0.0,0.0,0.1985125529691115,0.392696809954041,1.3316429867094397,1.094803020475139,0.3493081248748307,0.09524571829814953,0.0,2.6328524063364624
interval5200-5800,2,0,0.6182400051366224,5.39371066776577,1.0,14.132776728217253,1.0,2.728332628663269,0.0,0.0,0.0024231362305021527,0.0,0.0,9.309704146002959,3.4684390532019074,0.06195346532655798,0.0,11.65756210309231,4.199637504818267,0.0,0.0,0.018868960460820768,0.10756045596508622,0.0,1.0,1.0,1.0,1.0,0.0,1.9892710415036456,0.44087684503326124,0.3304818628870813,1.0,1.0,1.0,1.0,0.0,5.155761134880017,0.0,0.0,0.0,2.829088889402545,0.026140327464187606,1.4894138695864618,0.058468795995330065,1.5130453350205375,1.0,1.0,1.8056624742409007,0.0,0.0,0.24834938294340683,1.3270319911556392,0.0,0.041662688126471586,2.555668813727393,0.0,0.9109956590192964,0.0,0.0,0.0,1.1594949122245903,0.7466869126612268,1.0,1.0,1.0,1.0,1.0,1.0,0.0,0.0,0.0,10.726545170636646,2.2207640946771856,1.0486800956867564,1.9373769205356026,0.17034115484594217,0.11113500880304965,0.0,0.0,0.0,1.6698518562027982,0.0,0.0,0.0,0.0,0.0,0.0,3.8230509493857268,1.1410247863612115,0.49064675347981,0.12642915855503456,0.0,1.0,1.0,1.0,1.0,0.7286831647902636,4.009200336096922,0.0,0.0,0.0,0.0,4.18384175773226,2.099991905395355,0.41786988072544284,4.326393189768742,0.0,0.0,0.0,0.0,0.0,0.0,0.19633522240993848,0.3927134619928529,1.3320990722294905,1.0957392365197722,0.3544168241386201,0.10834106979944053,0.0,2.581983343182682
interval5200-5800,2,1,2.9607271701944384,2.2471294480478394,1.0,8.970684514117538,1.0,3.3051489015880295,0.22985498150128855,0.0,0.7438531498030846,0.0,2.1841987859833107,7.3118407440678554,3.386274479205418,0.0984054904037848,2.004051200999167,7.883675932516679,3.943260367701768,0.0,0.9531691370689408,1.1318487398236987,0.3916887397388741,0.0,1.0,1.0,1.0000000000000002,1.0,1.8940964761888477,3.1278640847697754,0.5009322726631433,0.345532165789825,1.0,1.0,1.0,0.9999999999999999,0.0,2.216755389995923,0.0,0.9534777593720833,0.0,1.5243258617455784,0.020710140199362067,1.3723203256138368,0.05525528176302427,1.507774991194926,0.9999999999999999,0.9999999999999999,1.7073332677420552,0.791246892823948,0.0,0.24968215792587767,1.4937335529610547,0.0,0.04585258195442974,2.9015045117731466,0.0,0.9127672562658627,0.3618957369711717,0.0,0.0,1.160689633325126,0.7430737347802306,1.0,0.9999999999999999,1.0000000000000002,0.9999999999999999,0.9999999999999999,1.0,0.0,0.0,0.0,4.381010815893301,2.2124051746981115,1.070448091566509,1.9854283467390084,0.17054857462372713,0.11082904700351412,0.0,0.0,0.0,1.9037518556775548,0.0,0.0,1.4536782586212873,0.0,0.0,0.0,2.4793483537900745,1.127570153105834,0.5851140988258781,0.13332004081255314,0.0,0.9999999999999999,1.0,1.0,1.0,0.7378929288844605,4.178933640303106,0.0,0.0,0.0,0.0,4.150729369431357,2.6447441471080912,0.4364678545016536,4.396652930119676,0.0,0.0,0.0,0.0,0.0,0.0,0.24260218874750608,0.43774852866930264,1.3238945609121704,1.0894964226354866,0.3673365756383113,0.13582293181826896,0.0,2.1326766403711104
interval5200-5800,2,2,2.1413927435887707,1.4874430603930044,1.0,4.3128426531991835,1.0000000000000002,4.411086858564675,0.9413043960305315,0.05754068305358632,1.8725316279759603,0.0,1.717089335550087,3.250327347339094,2.474006681677771,0.16515360022701395,1.6499905695883623,3.1935240481774287,2.632205760648421,0.031257350302705655,1.1260840573648556,1.2486324013973953,0.8460605782559365,0.0,1.0000000000000002,1.0,1.0,1.0,2.9647257890699374,4.852087476020017,0.9369364118497793,0.3646139801786578,1.0000000000000002,1.0,1.0,1.0,0.43531289326586275,1.2965148801534732,0.0,1.214609256318621,0.27837324233391403,1.2079764293335618,0.09917548315930516,1.4454738493409232,0.12304352523403511,1.3816705152166686,0.9999999999999998,1.0,1.5440396653990909,1.0585707153692179,0.5390981424044846,0.2658052379538675,1.5429444045271967,0.0,0.15573696136316437,2.2124644398273943,0.0,0.9449472096988819,0.7799236470984319,0.0,1.6477647591666467,1.139579488552575,0.7358330802479556,1.0,0.9999999999999998,1.0,1.0000000000000002,1.0,1.0,0.0,0.0,0.0,1.7027796448850934,2.0467906250519596,1.1112833229054828,2.2630292893391415,0.1729029991310876,0.1112358743208943,0.0,0.0,0.0,1.7808810883599375,0.0,0.0,1.3500605098720504,0.2549152746804337,0.0,0.4152894387600837,1.1847233630111729,1.023971090168883,0.7241341424176734,0.18007145773828337,0.4594975354399448,1.0,1.0,1.0,1.0,0.8217093720811751,3.016841209848181,0.0,0.0,0.0,0.3093495908866162,3.7941982756828367,2.189980995118637,0.5668374760912758,2.39956725764387,0.29565237651098375,0.32988536998263424,0.0,0.0,0.0,0.0,0.5615287757133527,0.6641575068229482,0.9731145511419855,0.7213491813873267,0.44606071564707495,0.05924325347989816,0.5546765506012381,1.2821020324876193
interval5200-5800,2,3,1.4965391923840203,1.2149792313494012,1.0000000000000002,2.3187362343993727,1.0000000000000002,3.3686174610674864,1.0457967966298674,0.9260073593187297,1.6882154157193763,1.6565974069055713,1.3066180802591574,1.741301788740767,1.380168510228088,0.3668038126841881,1.2841237981473095,1.7084097282411916,1.3964242980177315,0.3819501590873232,1.046617927188067,1.1124044397691577,0.9940730508289064,0.14994778156950447,1.0000000000000002,1.0000000000000002,1.0000000000000002,1.0000000000000002,2.2246459530591514,3.65542365920021,1.4504966357335738,0.2814907084783739,1.0000000000000002,1.0000000000000002,1.0000000000000004,1.0000000000000004,0.9709324726000014,1.0628484662432551,0.7502893721101289,1.0339673184486842,0.8851289973208512,1.0268443889906966,0.4304231398383645,1.0816977561000796,0.39640842223874284,1.0492258992528218,1.0000000000000002,1.0000000000000004,1.1646876046185595,1.0090354002382884,0.9389834324727357,0.38702785090941144,1.3330650482411521,0.34238286505999643,0.4134887354815409,1.2097897353979215,0.792312957549021,1.027191559264083,0.9740252257135141,0.7097998799749834,1.3404376754881289,1.113241490264939,0.6377693842806865,1.0000000000000004,1.0000000000000002,1.0000000000000004,1.0000000000000002,1.0000000000000002,1.0000000000000004,0.7325953969260306,0.0,0.0,1.1497408098776052,1.479252156792615,1.0352431027637978,2.431444596720496,0.1841477539863006,0.11778742586313017,0.8645063736128541,0.0,0.0,1.2874045421303997,0.0,0.0,1.1145061529053695,0.8580489720608641,0.5270073279044644,0.8599091061175179,0.9891113840977255,0.9689488535827845,0.9575093629286009,0.5030935260722563,0.987689426459967,1.0000000000000002,1.0000000000000002,1.0000000000000002,1.0000000000000002,1.0859984647543282,1.6232131782091475,0.0,0.38809679200626473,0.0038829790018775796,1.0189521937773767,2.3021958542849315,1.429456162397033,0.8634816405942588,1.332807190751238,0.41712116200314114,0.3533437052561698,0.3280990180605914,0.2811014941079908,0.8108933815762596,0.8173224764146387,0.8091693287286319,0.8298155578466149,0.504340249609745,0.4123202352364022,0.5260287024941113,0.0,0.9094791176114358,0.9810701231778871
interval5200-5800,2,4,1.105141229975548,1.0485352691265482,1.0000000000000002,1.2843645947117592,1.0,1.5460353125873816,1.0170625373540212,1.0381753268726943,1.1870102664411748,1.4785559685204306,1.0675781008428828,1.196509552697983,1.1162219666773912,0.6327571891609494,1.0625553809663295,1.183827823495052,1.114199286282504,0.6518580687648277,1.0094161464010059,1.0276208893208219,1.009420613593541,0.8259730248546593,1.0000000000000002,1.0000000000000002,1.0000000000000002,1.0,1.2883847443297751,1.823662653128131,1.4066638049308149,0.12698466056989083,0.9999999999999999,1.0,1.0,1.0000000000000002,1.0030306193487204,1.0041008636619895,0.9612529420106181,0.9949002372670045,0.9847802234181761,0.9934168424870106,0.8319436819057421,0.983258707667689,0.7984383134855937,0.9736686069353906,1.0000000000000002,1.0,1.0152663154809904,0.9942948681614436,0.9987273902816438,0.7120731515384678,1.0419253129182828,0.9758898827319233,0.7971402898872066,0.9962083972842483,1.0198581078530957,1.0022594524034594,0.9885555411282243,0.9770066252492913,1.0893419083025817,0.5932987864497442,0.3895876833199542,1.0,1.0000000000000002,1.0000000000000002,1.0,1.0,1.0000000000000002,0.9343912133735024,0.3289235709415369,0.1823175189324013,1.0309433602524978,1.0403258657079502,0.9431087830197478,1.6607711469800712,0.20787132727927268,0.13853190945998978,0.9949058251177799,0.3636298861307943,0.15917760839160222,1.0409697345646536,0.16351800619369267,0.0,1.030299785900638,0.9319264752770886,0.8518904461430745,0.9585979201638952,0.9999756662092252,0.8028738743615201,1.1067585389450116,0.7764797045667786,1.0096837480057537,1.0,1.0000000000000002,1.0,1.0000000000000002,0.9899387446324596,1.1667730909009786,0.19585848855003285,0.8899287070714462,0.45939005924968324,1.0169730836278386,1.1806685722452792,1.1158124281424922,0.8309789381304771,1.0816370306796,0.43726965969891024,0.3722341568628286,0.49334480266378644,0.4399801343535215,0.9695528032212379,0.9681346625084492,0.9053998856518766,0.900125843779414,0.4398097452648991,0.3718818927999809,0.5612492624739507,0.2835331839012621,0.9760549785763601,0.9544411051395099
interval5200-5800,2,5,1.0124498534982178,1.0057898034323922,1.0000000000000002,1.0337815374717223,1.0,1.0651585788394904,1.0021558811075884,1.0059937980342368,1.0229006353113697,1.066619720161955,1.00803937913231,1.0247904609369354,1.019830277135572,0.7109903523327081,1.0074385073616607,1.0231026927820994,1.019299309279107,0.7640689563680364,1.0011068739219555,1.0034271877107528,1.0021637151925589,0.959475028711884,1.0,1.0,1.0,1.0,1.0346689765219355,1.1059024575448133,1.0823125437428411,0.16518738519377146,1.0000000000000002,1.0,1.0000000000000002,1.0,1.0002386175996592,0.9998326812563152,0.9949528707964208,0.9984194246573095,0.9974507482712751,0.9981041913089854,0.9760993654345742,0.9950717105354931,0.9702063961221715,0.9929378655054142,1.0000000000000002,1.0000000000000002,1.0007293904726842,0.998495654467704,1.0005934090675528,0.9510654041502586,1.0022877182694832,1.0045871625351255,0.9711503768278917,0.9964972158479376,1.0071785815578027,0.998908972017605,0.9970131814719224,0.9995543558141039,0.9521897706867387,0.6184975080838299,0.4303516980934797,1.0000000000000002,1.0,1.0,1.0,1.0,1.0000000000000002,0.9543656710307943,0.6983012754693831,0.560493411257458,0.9938606797224644,0.9348317022324703,0.8967891125938554,1.027404714365336,0.19766088881744334,0.10284920503495687,0.9777250822359717,0.6766171333144859,0.530818936419948,0.9386724031716923,0.5178538704863535,0.3024823957061248,0.9937754165560636,0.9262302491563529,0.8865778118494114,0.9854751900250985,1.000596128163672,0.8274547313955464,1.0277985403809209,0.8583340321959996,0.9888543388469363,1.0000000000000002,1.0000000000000002,1.0,1.0,0.7702786865691503,0.9902532116704402,0.6046844720969445,0.9334628434536686,0.6930569331775487,0.9757415099863532,0.9404733531460517,0.9966279883063428,0.8486054595350184,0.985661563234361,0.6752787570310824,0.6294658062949198,0.7016311709341686,0.6601724621653589,0.9927618610972863,0.9919091827245495,0.9421269679705863,0.9342286566957033,0.6720532951122558,0.6256709648280573,0.6595259107490764,0.6196791726742225,0.9929670360705074,0.9534613309936097
nomask,1,,13.156237773199349,16.460078012000697,2.6221808711509564,5.62577810254638,0.0,2.720467255742204,0.0,0.0,0.0,0.0,7.001468352026457,6.319471071029048,2.620355408524459,1.17167483094497,1.5365330440871232,1.007756504407179,0.067162878108877,0.0,0.8606065200788425,0.0,0.0,0.0,11.914470986246576,0.0,0.620419999229688,0.0,1.1147025866897975,3.071281258571488,1.1268178624671825,0.20242687041712745,0.0,0.3895544956534404,0.0,0.2387723979507655,0.0,0.0,0.0,11.188697335059477,0.0,11.438633605420565,0.2469517326600094,0.16940899513195784,0.0,0.007897602101412396,0.028929516607992263,8.356668850895995,0.440613355338343,0.0,0.0,0.29821879553871855,1.733079656154753,0.0,0.0,0.0,0.0,0.4194536375625651,0.0,0.0,0.6901151833820058,0.18798390398449563,0.11982165932233083,8.020790375169113,3.3668957645677136,2.4262228782794524,0.0,0.0001416215410221474,0.03293597129755403,0.0,0.0,0.0,1.996506172452904,0.4014525453630868,0.1520165942703804,1.6658302155616767,0.16954439369698573,0.09238555359922113,0.38692839377864663,0.007940072320560501,0.0,4.204820155185311,1.1347670436991428,0.8473458502835005,0.0,0.7308856550629997,0.06023046225385211,0.0,2.7923499266929883,0.3902915428586688,0.5189371525157717,0.17456302559246462,1.4497447933378425,2.5397060654159715,3.223252892451857,1.8146198983128181,7.524376234966955,0.5857999680992944,0.27905551929623446,0.0,0.0,0.4621158387762664,0.0,3.0359140848830375,7.65020438938957,1.126896614804363,1.0198208610987016,1.2809719881811388,1.0521164555478841,0.0,0.0,0.0,0.0,0.0,0.0,0.0,0.0,0.11780292671368495,0.0,0.0,0.0
nomask,1,-2,12.451424602696651,10.645554422731388,2.184020435809705,5.887951497260011,0.0,2.925632320604749,0.0,0.0,0.0,0.0,6.02583070787269,6.284798638810391,2.6260597331614113,1.1749818696934389,2.0396169282946204,1.004036809525478,0.06414261291056,0.0,0.6994981404427416,0.0,0.0,0.0,11.650141316792897,0.0,0.6260415918149117,0.0,1.567396665287715,3.0793418583426724,1.1254526169175327,0.20060689060625003,0.0,0.4242712842787823,0.0,0.23889222391076764,0.0,0.0,0.0,11.128562581950291,0.0,11.45014262336217,0.24560917101479707,0.1916517381318583,0.0,0.007898831847502256,0.06831731824834428,8.11693832451729,0.4424169707739195,0.0,0.0,0.2981562064651187,1.7388042981300345,0.0,0.0,0.0,0.0,0.42050623186457414,0.0,0.0,0.6807321990478232,0.1879807677876691,0.1194362298733015,7.861290194365746,3.3632295124407694,2.427177677690484,0.0,0.000458476548352387,0.033287548174869924,0.0,0.0,0.0,2.076884012849178,0.4018680976330049,0.1519258869987301,1.6744134186192805,0.16950962324497873,0.09232922551099158,0.41122104638927787,0.008056636185620105,0.0,4.21239733290399,1.1347672392253236,0.8478883528970457,0.0,0.7307123427018638,0.060649803527712855,0.0,2.70720475041903,0.3910244840044765,0.5248350800181852,0.17443554327827882,1.470974551528353,2.5368160861688493,3.274176933239115,1.816462764727004,7.336039073100403,0.5859992989789012,0.2518561867132471,0.0,0.0,0.46208174190025303,0.0,3.0344687949998024,7.576584513001933,1.1266753128666955,1.0287868373329254,1.2808887623273866,1.0521082215341915,0.0,0.0,0.0,0.0,0.0,0.0,0.0,0.0,0.11982313034775159,0.0,0.0,0.0
nomask,1,-1,7.507642389651359,4.056523288800715,1.5504643461741041,6.247397001445842,0.8713837899980837,3.478440838213286,0.0,0.0,0.0,0.0,3.7033681691068314,5.152790810040262,2.590879256482801,1.2002032726568446,3.3348232154250077,0.9566489041350874,0.05470975305261431,0.0,1.4728824821450168,0.0,0.0,0.0,8.219474047493874,0.31188623273947835,0.6621810482521777,0.0,2.2774700610855914,3.322888759803012,1.1314403649492488,0.18725646944023627,0.0,0.5968637736180187,0.0,0.2394616637991005,0.0,0.9919819475187802,0.0,10.038670357297086,0.0,11.308086989899722,0.24308528403587462,0.5275014062408693,0.0,0.007912939362339232,0.25775477347642195,5.59600653040884,0.4999267211246395,0.0,0.0,0.29689790471955524,1.7120048603956848,0.0,0.0,0.0,0.0,0.42804443745903625,0.0,0.0,0.6263942367907447,0.18798336788046086,0.11819732657696412,6.780587748569532,3.330280816723764,2.431093611687881,0.0,0.003295942250315143,0.03521582969486076,0.0,0.0,0.0,2.4604523395294406,0.40593042389997025,0.1519965404689405,1.749204591622619,0.16923221892940174,0.09210820778681277,0.5897545490291481,0.009148753558299208,0.0,4.24885755265762,1.1343017124740318,0.8479220721961465,0.0,0.7292455901897337,0.0671342692360113,0.0,2.156811176531271,0.3953793140683232,0.5632101639487773,0.17369211992157604,1.6231763405155417,2.510852482491027,3.491374275092821,1.826215068887484,6.101924731633207,0.5872773135374899,0.11042792181521888,0.0,0.0,0.4623490611655363,0.0,3.0239850571449822,6.988071100645918,1.124636773789957,1.0947764406636813,1.2806361219195517,1.047950109221172,0.0,0.0,0.0,0.0,0.0,0.024563583375233868,0.0,0.0,0.13493174706438915,0.0,0.0,0.0
nomask,1,0,2.6323431783607667,1.6796881575924019,2.1527784168698227,5.1778446231731365,1.7586033150240206,3.951057777050673,0.5781768150931871,0.0,0.4204206059558419,0.0,2.1843128185462684,2.60360534310501,2.2444085302405044,1.2607783061781415,3.1403089945285707,1.1265670205798928,0.09726914052824231,0.0073242606895837035,2.3130883892162397,0.0,0.0,0.0,3.060667413491687,0.9166285832794104,0.7252971413911931,0.0,3.2058154760329907,3.751624565689436,1.1922684700764916,0.13282238222239467,1.2657747653159326,0.7655341688196604,0.0,0.24531817608405052,0.03944454179024692,3.905104225202986,0.0,6.223261292642643,0.24219676598370102,8.734725264813706,0.33020066415443294,1.9330564164021975,0.0,0.007979059003808119,0.5355755085094873,2.2333037069149784,0.8848144338467064,0.3980749648606162,0.0,0.28519877237222424,1.6681396673371498,0.0,0.09213938863634086,0.04386967970014989,0.0,0.5266500293125148,0.0,0.0,0.6232637543548067,0.18707882402967702,0.12209656696909428,3.6626090388545682,3.0380402032816223,2.3985948546324325,0.0,0.02818108743580876,0.04982453672609167,0.0,0.0,0.0,2.178603120763115,0.44288116178919906,0.16014957166389665,2.067191100208552,0.16697865271326967,0.09093994531429676,1.0730343609471107,0.019576712493016353,0.0,4.20320057247735,1.1297037357871478,0.838651828104695,0.6174990335051929,0.7169044385921215,0.10045954317850783,0.0,1.138383108878855,0.43733912342913944,0.6333176085165431,0.17581766057046438,2.1118324753352327,2.331428760851375,2.7869312838726907,1.7969180968260534,3.059572045875225,0.5936398073953729,0.22649763215598917,0.0,0.0,0.46512812575981316,0.1675441442409767,2.920761014023627,4.192838050361319,1.1182886082319805,1.289342764125673,1.224813246374896,1.0146954008301434,0.0,0.0,0.22892632995681786,0.0,0.26546971867884295,0.2293245723611496,0.004457842277556088,0.0,0.2100708026048101,0.0,0.28269361405100707,0.016743575816658793
nomask,1,1,1.4386149703095505,1.2062939698688748,1.871025318178103,2.8648303292911836,1.399201695329444,3.54229634584772,1.1243138347068953,0.8536979770444921,1.8615137094978966,0.870545743129859,1.554507956400943,1.507453932223518,1.4262277080745607,1.0590212846014722,2.099796851753753,1.3030097159423468,0.2784384535868341,0.025406440692900427,1.81826671502103,0.6957873032891513,0.0,0.0,1.6358342599353126,1.1168224345040603,0.8231760125548069,0.0,2.6609034702107555,2.6508737263484266,1.3551882931006762,0.1256906742742222,1.2598310812226199,1.0745705730782655,0.028494866136288707,0.3135390053483319,0.9221316664400989,2.4068060389811126,0.890015191574184,2.4014135056675796,1.1085199653518045,3.385169164198522,0.7876109923459734,1.7847481094781317,0.0,0.008080878486151294,1.199110871522205,1.4365715336844582,1.1433268325626194,1.0085060901490088,0.8488914024195897,0.3649241378642962,1.5712892991940413,0.0,0.35830837810349103,0.926108135011638,0.6479656507730168,0.7340518185550836,0.7949664515727236,0.4645140585096343,1.1718369581103787,0.18620484962901426,0.11852220797863253,1.4838874343588635,1.873672215727173,1.8900996406176322,0.26267858947825046,0.14689637630536026,0.13159429828221197,0.0,0.0,0.0,1.293264395464654,0.5747770233675608,0.2630476833998784,2.2832441944962207,0.1596387329159807,0.08885876915636938,1.1763538037051555,0.05851676663189431,0.0,2.9689666291059886,1.0980771174059696,0.8064452917363943,1.0252485515995453,0.7206380463371685,0.2939128320376278,0.7668608249211666,0.9824589349514219,0.6378011926820186,0.7174314511274226,0.21360213896789942,2.115344447502748,1.65782446926285,1.3824978462634865,1.4515904118351703,1.4191951906088724,0.6710423372165448,0.9329495340058784,0.0,0.0,0.5144039120373126,1.3202862188547382,2.2139966332785854,1.782728276589688,1.062469033953443,1.2859921761127182,0.5996945594285081,0.6004358389806334,0.18775043251352638,0.07113717817007743,0.9125905924687013,0.787258209603921,0.6711924705844533,0.6221915824250869,0.3762488172862339,0.27334469491560914,0.27324718262488423,0.0,0.8871447849088455,0.7640481773611917
nomask,1,2,1.0971510230893442,1.052808542908651,1.2268817339201699,1.4610632997243436,1.0874792937537512,1.7910544456306434,1.0531956315940765,1.0369756914138464,1.3469297226981867,1.3081755202187701,1.1409598754598227,1.1602037034028658,1.0231505952334472,0.747289385241334,1.2687022924972373,1.2318702163180404,0.49221382258135427,0.0101763857862554,1.1998301368091544,1.1303612494179165,0.4976260773398912,0.0,1.124650614706695,1.0952303063174555,0.6496259828701176,0.01577757317754863,1.4720444672276223,1.5605331657161479,1.2496004019117481,0.14134407261038923,1.0510969324960027,1.044875009278498,0.6541522298845277,0.5056669875889226,1.084625025604156,1.2268117294732492,1.0590928769961543,1.2045854013961157,1.1601451154266564,1.348009697567268,1.0021129967103042,1.1461248988862407,0.0,0.008144500478706917,1.056232410695078,1.067751359658553,1.037621228589573,1.0126857231503237,0.9855611851846324,0.6659794270194885,1.1452273688367023,0.871566799541023,0.8003829418456336,1.0258297740328908,0.9824754533907158,0.9440210472907044,0.9973615966406674,0.9520696031238077,1.2356582865595185,0.274994138053148,0.10868268908344715,1.0688779580493373,1.0623239554191275,1.0913443457847114,0.8525854298200957,0.43332997322048594,0.3605940090746486,0.5456360959162923,0.0,0.0,1.066317562764899,0.6768643667206732,0.49080026301417196,1.7625202978270889,0.16297820827585505,0.08477547038525873,1.1028727573222457,0.04738864057030639,0.0,1.6071099595698495,0.9657753749671208,0.7452949913831992,1.0251210724559565,0.8236154045613692,0.6667442324587127,0.9616027459330928,1.0019039245565506,0.8144684621373915,1.0366361470996248,0.27248432575815035,1.3484141722447964,1.0959548094622487,1.0523572546093354,1.0756160058124036,1.070698474054839,0.7430875358329612,1.0922619266407243,0.047017951315942476,0.7262085557469479,0.7553691100013016,1.1750179725282996,1.1937324282760562,1.2068991186188813,0.9395372010123767,1.1436179156558879,0.44840760609844277,0.36995394556214045,0.44254669026157273,0.34871413847863303,0.9841166919424696,0.9671912641073759,0.8648113461271969,0.8378090790941479,0.3945445565248782,0.29731039171705426,0.40648850460763847,0.24237883265288132,0.9801309705297232,0.907613471817949
nomask,1,3,1.0120190121753436,1.0067011252544864,1.0272590473194692,1.0576294219908213,1.010060823946991,1.1019196896950494,1.0069536832614876,1.0083598002262497,1.046191525988399,1.0589227935912886,1.0174074993262967,1.0243932245177505,0.9829764877604893,0.6590980262850761,1.032199367445584,1.0407292831581323,0.8492454956109482,0.0,1.0239272973593028,1.0272344804245235,0.8732044487243122,0.09212321993162807,1.0140618282749538,1.0167347418175359,0.9020292047198738,0.30834910550701256,1.0597852916611836,1.0853762512649339,1.0054871425281082,0.13077957496437437,1.0055602944700774,1.0071916883471885,0.9289596809777114,0.6504676588223512,1.0127036271537584,1.023908709266769,1.0079545791854092,1.0211371297013143,1.0222806284193602,1.0357744781328453,1.0004182829467334,1.014780484075402,0.0,0.008310175693728989,1.006405511421043,1.0071301082099005,1.0040749510628328,1.0012762454987016,0.9998721704105099,0.9335288504722224,1.0143178413464438,1.0002599265867622,0.9732620776772799,1.0028990815209229,1.0053062098025054,0.993151388516708,0.9997397112177936,0.9996576171089093,0.9708415002464124,0.3830792333357611,0.2226024679895253,0.996306562289445,0.9661569299861527,0.9613305072029125,0.9604604851321281,0.7701270270632867,0.7195929037773252,0.9153889740732798,0.3997474370958366,0.23171820866441456,0.9966893065892867,0.7874710854446121,0.7170885753139626,1.1021210952698692,0.18586960876575234,0.07651238588327561,0.9554770493393474,0.09785640972883229,0.0,1.0690223589282652,0.7745035789903167,0.6620711405260614,0.992908748107579,0.8773071806048903,0.826247301851644,0.9862765641839263,1.0026750774398085,0.7807774091952997,1.046520822207711,0.3236241318968385,0.9519212672724775,0.9938196575673959,0.9976060966159683,0.9965513982427749,0.9997811223338721,0.6758898209970158,1.0007322346061973,0.5580468878570368,0.9475894569129955,0.7856151366181939,1.0140371489571858,0.9150528677454997,1.0125306165390358,0.8598331468737138,1.0041965102204364,0.6437287062653666,0.4790639254854998,0.6703930414282947,0.5227617589596931,0.994008187481998,0.9894281055884374,0.9305848627423471,0.9003023770594913,0.6241323884657193,0.4515105144960271,0.4986883961489515,0.4725805646256233,0.9915118242342966,0.9277428512294319
nomask,1,4,1.0011667925766419,1.0006429247176283,1.0023982520842503,1.0054445030607957,1.0008745842883326,1.0097587349361943,1.0006273443707854,1.0008522786273424,1.0042894339900474,1.0059942155989785,1.0016048866225227,1.002455675731564,0.9949114539359915,0.800247586219364,1.002887825713128,1.0041190453032174,0.9762155867820216,0.39382323218251747,1.002123252792074,1.00274728454905,0.980391001012082,0.6162282628204314,1.0012357087185682,1.0016780771885536,0.9858653951869278,0.6944925667191306,1.0055764825194617,1.0086158357049302,0.9909041497923817,0.475665394725276,1.0004683513829242,1.0007146858288567,0.9906960262853399,0.8597766417845307,1.0011186425165686,1.0020540668510183,1.0003494068311078,1.0016083884575593,1.001431673217588,1.002666502143346,0.9986902869193812,1.000311977412569,0.0,0.010053039175785712,1.0006006466281112,1.0006304820036562,1.0001936520610215,0.9998817265557942,0.9999491224128053,0.9922976306736123,1.0009129400430865,0.999654190053052,0.996781410900681,0.9997164837111837,1.0004213625801084,0.999083736232889,0.9996263961112798,0.9998691333070872,0.9400025612504925,0.7174908075606117,0.5913058884419677,0.9936605650332343,0.9817590191640163,0.9731024249991188,0.9826792617457902,0.932929293816167,0.90543626441677,0.9577122153373469,0.7988621999497866,0.7132744227441646,0.9901822071375708,0.9134462204725643,0.8726860315500471,0.9740194836034684,0.5041199441321593,0.2899902652020474,0.9536184582243209,0.5830078814014237,0.387804572885825,0.9824515982907611,0.857932606720719,0.7853711234843247,0.9899514129013423,0.9467631888177632,0.9190008487680537,0.9940540119795658,1.0002804275139783,0.8927381128234809,1.0048750423840274,0.6139573383325738,0.9409286523085837,0.9903766803239611,0.9958315955459981,0.9913634222011285,0.995879615688854,0.8505477203911419,0.97922336598435,0.8458475736643816,0.9633164350999287,0.898402631895228,0.9870975004811712,0.9435335594086302,0.9855655341282092,0.9297521917849453,0.9826409670718697,0.8846923664649308,0.7794788085614913,0.893787262368986,0.7992900947957527,0.998323202656031,0.9964456229687335,0.9778059533857837,0.9585835792647831,0.8789069183037385,0.7695209528181367,0.7251072607822463,0.7250008441632372,0.9961040570135097,0.9605650799680597
nomask,1,5,1.0001084336475332,1.0000589000962883,1.0002031554773978,1.0004943718316046,1.000073518986252,1.0008887963307393,1.000053975652886,1.000079095122336,1.000379372265107,1.0005621141191419,1.000141982416649,1.0002327306111662,0.9992524690426835,0.964418835410425,1.000249716755257,1.0003867420027501,0.9971119693015725,0.8937188022661149,1.000181603857979,1.0002535963224914,0.9976326389779729,0.9349047418485358,1.0001056949112175,1.0001562922596066,0.9983575208415542,0.9482848670402952,1.0004975305606791,1.000818505734278,0.9983452494342857,0.9058378447172758,1.000038350131037,1.0000665573016951,0.998963847496593,0.9768858162920067,1.000084285406584,1.0001620821737867,0.9999585233554914,1.000086301756908,1.0000263066670765,1.000151454646156,0.9996700580507241,0.9998687161850833,0.0,0.027872268589604208,1.0000546074758898,1.0000532536290896,0.9999901383310387,0.999955673504636,0.9999862558568683,0.9991937269594677,1.0000384280826975,0.9998832691350416,0.9996130674118447,0.9998914065623256,1.0000077579431563,0.999882100841461,0.9999208822510492,0.9999615402163485,0.9884191248796832,0.9534081455344661,0.9200505050891434,0.998814570703043,0.9970375504074431,0.9947466939916186,0.9970414385650735,0.9899386015989442,0.9833995907523788,0.9924786612679564,0.9684189255738487,0.947655125921883,0.9980931153406786,0.9859018488959957,0.9753608494269711,0.9935344927885902,0.9090207855995439,0.8329918782265663,0.991343554273167,0.9322692791751231,0.8807458413958572,0.9957053990918352,0.9749380762003721,0.9550148994952129,0.9980827314759085,0.9912083003330999,0.984176372467259,0.9989415227988432,1.0000195237927665,0.980371854409928,1.0003398454371182,0.9280629412123679,0.9890001114995537,0.9980974313796317,0.9992246782927962,0.9982574073864083,0.9992109537094536,0.9725762156472681,0.9958198900288152,0.9735752802494223,0.9931995181426136,0.9812683726363378,0.9972569087665627,0.9890996716034948,0.9969962666571793,0.987017600909111,0.9964956603717173,0.981992290205715,0.9637056312893658,0.9834099318813216,0.9669680544247862,0.9997464211920674,0.9994357681004216,0.9965323324418667,0.9931860701086633,0.981100488844096,0.9621002756012678,0.9513987830993541,0.9516340570872232,0.9993250763728174,0.9930335121274505
nomask,2,,13.93239122582606,18.0285296848548,0.33776634151701596,6.924425832376078,0.0,3.610134010672329,0.0,0.0,0.0,0.0,0.0,6.921467974520693,3.5425201615163675,1.0898547674287082,0.0,0.41282024894422753,0.0,0.0,0.0,0.0,0.0,0.0,31.356615930182944,0.0,2.007340283323992,0.0,0.0,3.676577911406057,0.7543598711821013,0.2503613190896082,0.0,0.0,0.0,0.3143998705586833,0.0,0.0,0.0,61.571519812536174,0.0,8.93400286397618,0.0,0.0,0.0,0.006749902492342377,0.0,8.780384750933239,0.0,0.0,0.0,0.4936086577498376,0.0,0.0,0.0,0.0,0.0,0.0,0.0,0.0,0.0,0.056070898754931355,0.0,6.338882194655596,3.536037419025016,2.8084077678180033,0.0,0.07672439207683704,0.4670460729438638,0.0,0.0,0.0,9.43455572889234,0.5676998805575753,0.1114107545608545,1.8354057385680573,0.167002475394443,0.09675731644059767,1.0078798774230096,0.0,0.0,5.028541534818231,1.310823982701515,0.9106084089901157,0.0,1.0204298586808023,0.5165504580693577,1.2596627763499224,4.630955330040177,0.0,0.4158138592150485,0.06603629700089751,1.3406661943500455,10.402485553893472,7.591895233957272,0.0,3.9950767236000897,0.6970484028206614,0.0,0.0,0.0,0.6481207156007728,0.0,3.3382661636949584,5.493074402755735,0.9643553107707431,0.0,1.2677167231290973,1.0512527839406283,0.0,0.0,0.0,0.0,0.0,0.0,0.0,0.0,0.1383738566483105,0.0,0.0,0.0
nomask,2,-2,13.932862135530634,17.999313311169036,0.3379168949329964,6.92594503860732,0.0,3.611200156897354,0.0,0.0,0.0,0.0,0.0,6.921021254892041,3.542448004959027,1.0898700044498015,0.0,0.41294955271015993,0.0,0.0,0.0,0.0,0.0,0.0,31.353777889243794,0.0,2.007381950623236,0.0,0.0,3.676683767915564,0.754377737592038,0.2503556077692314,0.0,0.0,0.0,0.3143945854676566,0.0,0.0,0.0,61.569587769306004,0.0,8.934995510361803,0.0,0.0,0.0,0.006749921953897104,0.0,8.779975963073309,0.0,0.0,0.0,0.49361543868386415,0.0,0.0,0.0,0.0,0.0,0.0,0.0,0.0,0.0,0.05607126097656288,0.0,6.338856978652088,3.536027945133609,2.8084197486061684,0.0,0.07672551639279238,0.46704763152833473,0.0,0.0,0.0,9.43395426449509,0.5677017310656997,0.11141238614767976,1.8354121047089753,0.16700238065044867,0.09675704054637338,1.0079425995707088,0.0,0.0,5.028578437804945,1.3108239010536562,0.9106114745815828,0.0,1.0204290248531545,0.5165446251993002,1.2596296241545621,4.630483828701796,0.0,0.4158473123355466,0.0660369260584018,1.340713444903467,10.40244217686076,7.591735235448017,0.0,3.994890816186131,0.697048494547918,0.0,0.0,0.0,0.6481187578383237,0.0,3.338264489024315,5.493072432839377,0.9643616716378715,0.0,1.2677162504700779,1.0512528431146748,0.0,0.0,0.0,0.0,0.0,0.0,0.0,0.0,0.1383801148348153,0.0,0.0,0.0
nomask,2,-1,13.93619661557131,17.741827149160432,0.33947137546252115,6.939384383091364,0.0,3.6206554764475865,0.0,0.0,0.0,0.0,0.0,6.917058068793292,3.541803355078683,1.0900070998766487,0.0,0.41410562975193316,0.0,0.0,0.0,0.0,0.0,0.0,31.32812800148629,0.0,2.007756365582323,0.0,0.0,3.677617502730558,0.7545365741502139,0.25030425961231706,0.0,0.0,0.0,0.31434710914407454,0.0,0.0,0.0,61.552206754003464,0.0,8.943923833395344,0.0,0.0,0.0,0.006750097040903347,0.0,8.77630187904668,0.0,0.0,0.0,0.4936760309456118,0.0,0.0,0.0,0.0,0.0,0.0,0.0,0.0,0.0,0.056074526035039436,0.0,6.338621689925263,3.535942624297493,2.80852708580269,0.0,0.07673563493976684,0.4670616177183123,0.0,0.0,0.0,9.428550277668917,0.5677183971496701,0.11142714196702565,1.835470599461169,0.16700153374186935,0.09675460604942633,1.0085061600413046,0.0,0.0,5.028907024931323,1.310823125859968,0.9106385558692421,0.0,1.020421542057443,0.5164929799107331,1.2593306236027841,4.626247934057088,0.0,0.4161480925847716,0.06604260100450804,1.3411389850940467,10.402051698353315,7.590293617804876,0.0,3.993220323554913,0.6970492640787626,0.0,0.0,0.0,0.6481012205623172,0.0,3.33824961399982,5.493055677226724,0.9644187835337414,0.0,1.267712039947084,1.0512533760210743,0.0,0.0,0.0,0.0,0.0,0.0,0.0,0.0,0.13843634535868973,0.0,0.0,0.0
nomask,2,0,13.898621800878113,15.61084651855177,0.3711370384186842,7.0545241203756905,0.0,3.70366474097093,0.0,0.0,0.0,0.0,0.0,6.882107383706271,3.535760904578221,1.091387374023708,0.0,0.425021619336496,0.0,0.0,0.0,0.0,0.0,0.0,31.063493077830554,0.0,2.011461791765152,0.0,0.0,3.6854185755885833,0.7559532999677675,0.24982216827978765,0.0,0.0,0.0,0.3138837187437753,0.0,0.0,0.0,61.37910929839609,0.0,9.032671830428896,0.0,0.0,0.0,0.006751841444689205,0.0,8.740114114324793,0.0,0.0,0.0,0.49424405157985657,0.0,0.0,0.0,0.0,0.0,0.0,0.0,0.0,0.0,0.056107705245326225,0.0,6.338129891606986,3.535083568786686,2.809549618821721,0.0,0.07683670738301572,0.46719823703310626,0.0,0.0,0.0,9.370999898292677,0.5678873019353909,0.11159205103782446,1.8360216177522581,0.16699354977748895,0.09673432651861102,1.0136389326833315,0.0,0.0,5.031883126462431,1.3108119244855128,0.910865932754079,0.0,1.020347671929853,0.5160403416711118,1.2563107882499331,4.585840597810581,0.0,0.41899286025400795,0.06610131288344943,1.3453389824064348,10.39814829533081,7.576415745378701,0.0,3.9790640028343587,0.6970305538397107,0.003090015249815812,0.0,0.0,0.6479316117983049,0.0,3.338147291930378,5.491319508106133,0.9649880493981599,0.0,1.26768256571998,1.0512695881401908,0.0,0.0,0.0,0.0,0.0,0.0,0.0,0.0,0.13891746721709,0.0,0.0,0.0
nomask,2,1,11.968423080150838,8.332040477688416,1.1103810039721558,7.499507854453811,0.0,4.108542410565832,0.0,0.0,0.0,0.0,0.3210033408185044,6.6578074844999575,3.4868586801436923,1.104712746746284,0.0,0.5117235310072438,0.0,0.0,0.0,0.0,0.0,0.0,28.32805199990675,0.0,2.0453613889544124,0.0,0.0,3.719892715231365,0.7652565638168624,0.24544627912004574,0.0,0.0,0.0,0.3098305762928647,0.0,0.0,0.0,59.71766360915579,0.0,9.871678197655717,0.0,0.0,0.0,0.006768634606088343,0.0,8.411541866330687,0.0,0.0,0.0,0.4986761193718713,0.0,0.0,0.0,0.0,0.0,0.0,0.0,0.0,0.0,0.056462658726273623,0.0,6.32430834700048,3.5263748698467694,2.818006111685225,0.0,0.07784796076007197,0.46850596700693625,0.0,0.0,0.0,8.821332659070073,0.5695942330569708,0.1134659038353356,1.8430972884435701,0.1669290238505729,0.09665234318488915,1.0564508666255954,0.0,0.0,5.050997272713742,1.3105923640383028,0.9118025374838274,0.0,1.0196458755815536,0.5137846733691195,1.225936217791278,4.238785181434988,0.0,0.44351883867195924,0.06674115654008655,1.385696059447899,10.358811287050763,7.438019351964553,0.0,3.87632546004318,0.6964631343996031,0.06369577132676722,0.0,0.0,0.6464861323652702,0.0,3.3378953205816697,5.4527436692073605,0.9702981673593999,0.0,1.2675998743047308,1.0515318436074916,0.0,0.0,0.0,0.0,0.0,0.0,0.0,0.0,0.14278130910584702,0.0,0.0,0.0
nomask,2,2,5.119444389978862,2.896692507127756,4.681294590184961,7.244474482795305,1.9370475117887145,4.785251252408634,0.0,0.0,0.0,0.0,3.952322246289834,4.766751521318126,3.1814046233376456,1.1905691342810096,0.0,0.6849013479727174,0.0,0.0,0.3241987975212631,0.0,0.0,0.0,14.506136846994425,0.5693669854826038,2.2186432489830508,0.0,0.0,4.061891521627753,0.8231984627164051,0.2108360513142987,0.0,0.1750890742872615,0.0,0.2911523011580431,0.0,3.1925652503144657,0.0,46.449367753756455,0.0,14.58451984067928,0.0,0.0,0.0,0.006897756124095823,0.05865034289591797,4.175455735783516,0.0,0.0,0.0,0.49296334953975696,0.0,0.0,0.0,0.0,0.0,0.0,0.0,0.0,0.0012637121066695384,0.060705917063331435,0.0,5.588952486749364,3.4419932580483406,2.885551026275871,0.0,0.08794180775582706,0.4849907593558418,0.0,0.0,0.0,6.102712796493193,0.5846296806720406,0.1255160311169429,1.9270540858508065,0.1663933372460827,0.09626219723463551,1.330461623234818,0.0,0.0,5.062450816108864,1.3077487007957087,0.9164789652053642,0.0,1.0116678719173622,0.5149270261366317,1.0348507502428492,2.464695963458544,0.0,0.5679860307393289,0.07392001374738703,1.6537612105285642,9.952860637271987,6.167983148358093,0.0,3.2832848875287097,0.6925038944873031,0.3238291653603677,0.0,0.0,0.6341584031536058,0.0,3.331833782412229,4.887546881909513,1.005855389145918,0.30207600638391385,1.2571513103021696,1.0392548565078978,0.0,0.0,0.0,0.0,0.06155622816439484,0.0815342127327397,0.0,0.0,0.1778668632688722,0.0,0.0,0.0
nomask,2,3,1.872845799453849,1.384743719983944,3.2892200891855023,4.2284649467992015,1.9479249592882597,4.59364953113134,0.7073867592357668,0.0,0.572953629707939,0.0,2.1152936827832027,2.451064265797423,2.3060132909948248,1.2703468985308475,2.1291314606031024,1.083495273402856,0.0,0.008209232849423456,2.4758240600627417,0.0,0.0,0.0,3.7347531664888853,1.1828810337489304,2.486572285634079,0.0,2.6281043926310073,4.308945431538481,1.0323757947083037,0.12239552486143257,0.7168090278250551,0.738605903092412,0.0,0.2918557226334027,0.5736966276507219,8.963466511437845,0.975461146546612,17.70762176542897,0.5952234894277292,13.336684024371426,0.9735068715854366,1.694456963005064,0.0,0.007204067385098691,0.9108822796602789,2.297633719015786,0.0,0.0,0.6075382611183928,0.41103882004569847,0.6422683299511631,0.0,0.0,0.0,0.18909634646381682,0.0,0.0,0.0,0.3112376768979542,0.07183464323184105,0.0,2.611690604332577,2.7635810444338262,3.074742196627514,0.0,0.16178137264630413,0.5850876231915554,0.0,0.0,0.0,2.4097496680000354,0.6743548599179382,0.2030254581563279,2.2395305840786115,0.16300582460121074,0.09379753412028323,1.5410431425181523,0.01953097117115017,0.0,4.2713469954957475,1.292992759144071,0.9184204630939906,1.0424188198668263,0.9481402457149642,0.5546715665174432,0.6626833814164215,1.0973636461488137,0.2175116412199753,0.6670463376019795,0.125403098689753,2.1884108869788115,7.166932237334024,2.717318743133049,0.0,1.8930451506289683,0.6809039337643851,0.7391706575108118,0.0,0.0,0.5312333756607269,1.0991080343736224,3.14750492580694,2.6146634306393164,1.0722453536474337,0.993087212095166,1.149637420437812,0.9673473132384621,0.0,0.0,0.2749734466349576,0.2158683514415288,0.45352087672298824,0.44633025260688014,0.03371218658079447,0.00821938717599313,0.2990378078564427,0.0,0.569131077519957,0.19582537974329342
nomask,2,4,1.246322079392652,1.1224269932869644,1.6685080542309325,2.0667011386133076,1.2678653850225006,2.894183581224644,1.0677822137928688,0.9527076563150777,1.5218853775207868,1.2779507850064806,1.360310222494377,1.4896063881113524,1.4227449352423693,1.0144190640981847,1.6076078193930612,1.389491204154909,0.04737825191852473,0.0012919764618743131,1.5169032053743472,0.9620364675921745,0.4352174513742244,0.0,1.5091163959598248,1.1749349865692336,1.8887235341227562,0.0,1.9956857835350015,2.671965100778375,1.2954342885632903,0.15807221588513376,1.0866680525019052,1.0705290194234547,0.0,0.4009996881023169,1.9518667776985346,3.054545410362175,2.262039073100605,3.856920173791083,2.0828647003526974,3.8152086742813247,1.6533431920766508,1.836924655862741,0.0,0.007412904909915205,1.3465651923364998,1.4314352908896701,0.9881375827588749,0.9162877334684764,0.9545711315428475,0.5522783577362753,1.3263121806442066,0.5506390246775229,0.45052771860463303,0.7001389519170882,0.9073105659535334,0.8114515778361103,0.77982618435496,0.8399270554544597,1.2849390051143006,0.13852530654813702,0.0,1.2387946064071773,1.4088304788447974,1.9142476149468541,0.704271211193597,0.3775004333974153,0.8357618101324217,0.0,0.0,0.0,1.2620424012279328,0.7643910471932306,0.5754444849589773,2.261846108826775,0.16247768091557074,0.09198526080968163,1.2651357910854784,0.052393853814542465,0.0,2.6049794919144666,1.212234005304263,0.8705157267420868,1.0585155490676201,0.8674598471346824,0.7286648701433094,0.8632976502528368,0.9948095331121903,0.6886442376568158,0.895713907239496,0.22662693669291636,1.8289963195870038,2.5241666500153204,1.2556434821421707,1.0686180210440475,1.1845666694134172,0.7866083081280573,1.168779699749628,0.0,0.017136558829132287,0.5682980507845943,1.4070377296957743,1.993314807688275,1.4704976668037504,1.0465355967110779,1.253984678270169,0.5409194198266463,0.4501017154923894,0.2843720980749234,0.2291970512061262,0.9102276133898499,0.888431917523415,0.7431489429858578,0.7389134450262733,0.33953829765106125,0.2786368982311166,0.39365111108729833,0.05147554632416955,0.9362939330481292,0.8282035540965988
nomask,2,5,1.0410306224482928,1.022096199957518,1.1075694358462804,1.1873768020026727,1.0407363476192644,1.3543925559742853,1.01875685524475,1.0328165549402586,1.129372973791053,1.2588093433263206,1.0616195742444756,1.1250094708319374,1.037712320103239,0.7357502625317532,1.1075283365942097,1.1865536333535096,0.7520510568187353,0.0,1.0860841046029162,1.1061445458700658,0.8438023789866754,0.0,1.0690293303309064,1.0755850663725042,1.0061373012104868,0.10543909017774837,1.191301488971449,1.4404994012500272,1.0897074482502214,0.19077135321527022,1.016022799471354,1.0319635976099673,0.8218393641129548,0.5283868094954344,1.2182017756356158,1.269040405649352,1.2559653321342594,1.3462888873082781,1.2964115125387945,1.3662870248272114,1.166997564043216,1.1353711370399002,0.0,0.0074954079912117584,1.0511554982625435,1.0579478014448165,1.0105617678159133,1.001747785395689,0.9992468402174858,0.8707091721502749,1.060466893166254,0.9972776979489992,0.926814468882313,1.003533792243649,1.0155819745762709,0.9816584796516982,0.9956514958499446,0.998288145180161,1.1089771209277801,0.34613878103083373,0.1347225853360745,1.024208011562612,0.9930352072075471,1.1021945931986186,0.9461824696842339,0.6884848735372396,0.9021726487322007,0.7990448314740768,0.06535878000868776,0.0,1.0413798180408012,0.7804659584641349,0.7876608032917901,1.5007794930101135,0.18559864715426294,0.10582525331139345,1.036301557624137,0.03608415666148589,0.0,1.3704257297907496,0.9501434151631112,0.7515517538810651,1.0165833553766,0.883630600028287,0.8600285435853777,0.9705800038944589,1.0067018754624395,0.7860547115458583,1.1144147528905948,0.2996917259793552,1.1224513414779667,1.1758181408050425,1.0255676716964153,1.0161325883294015,1.022194060973003,0.7544813174664262,1.0831516300126935,0.2779461885735859,0.8896473867984556,0.7535867952524653,1.1100960139727065,1.077741724603677,1.1122292909764968,0.896467207294514,1.0792115998239051,0.4352828222100474,0.3666542367770052,0.47260230290875005,0.41554715973251605,0.9811846470307272,0.9767594065021609,0.8850774542075279,0.8748108198858617,0.38852272721692765,0.32270914315587934,0.48956656973475127,0.33368032433801426,0.9824772783350244,0.9210931939548221
pix2,1,,47.069645120513336,0.0,0.0,0.0,0.0,0.0,2.3309016261917055,0.0,12.588154874271675,1.5494332969305045,0.0,0.0,0.0,0.0,0.0,0.0,0.0,0.0,0.0,0.0,0.0,0.0,0.0,0.0,0.0,0.0,0.0,2.654438029029089,1.3022642743522517,1.1604620518518138,20.1167718016291,3.9509735702683146,1.4679657642134114,0.44824870689360957,0.0,0.0,0.0,0.0,0.1603713050264529,0.0,0.0,0.0,0.0,0.0,0.030429916623300243,0.0,0.5383467981185031,22.274319476649673,17.83401080615612,0.2484816362385695,1.5544651367990103,0.0,0.0,4.005628426808886,7.166304280242942,0.422853831553563,0.0,0.0,0.0,0.5402292943432082,0.0,0.0,0.0,0.0,0.0,0.0,0.0,0.0,0.0,0.0,0.0,0.0,0.0,0.0,0.30608029573173406,0.29650489028828314,0.0,0.0,0.0,4.637413952482168,0.0,0.0,0.0,0.0,0.0,23.5876345208164,17.664049256927598,0.0,0.0,0.0,0.0,0.0,0.0,12.371616153088832,44.38023977973923,0.0,0.0,0.0,0.0,1.3798302104004359,0.0,0.0,0.0,0.0,0.0,0.5880367998735357,0.36009170013460434,0.0,0.0,3.53711590982737,3.725105019469914,0.0,0.0,0.0,0.0,0.0,0.0,0.0,0.0
pix2,1,-2,44.330141916826534,1.1089644200227695,0.0,0.0,0.0,0.0,2.4452346693213034,0.0,12.717830006488388,1.480804219352984,0.0,0.0,0.0,0.0,0.0,0.0,0.0,0.0,0.0,0.0,0.0,0.0,0.0,0.0,0.0,0.0,0.0,2.7420614291531873,1.3064926432725394,1.1595046311039354,19.690721806579557,3.9503682364915185,1.4778290423629754,0.46161401550164494,0.0,0.0,0.0,0.0,0.17013480144234192,0.0,0.0,0.0,0.0,0.0,0.034291874703479205,0.0,0.6536442759517308,20.841424242212792,14.388354439159967,0.24797766625746773,1.5452886985937349,0.0,0.0,4.239921135351465,7.692475931570287,0.42969576371074547,0.0,0.0,0.0,0.5404384124625816,0.0,0.0,0.0,0.0,0.0,0.0,0.0,0.0,0.0,0.0,0.0,0.0,0.0,0.0,0.30599776364729386,0.29658155048431994,0.0,0.0,0.0,4.667239808025125,0.0,0.0,0.0,0.0,0.0,23.32914786488884,17.533665713576525,0.0,0.0,0.0,0.0,0.0,0.0,12.39018192053836,43.753278237142595,0.0,0.0,0.0,0.0,1.3906052693880304,0.0,0.0,0.0,0.0,0.0,0.5889778880141553,0.3610712904492268,0.0,0.0,3.4992379987337725,3.708104669264331,0.0,0.0,0.0,0.0,0.0,0.0,0.0,0.0
pix2,1,-1,26.954320537836907,8.135241166672474,0.0,1.908378412427259,0.0,0.0,3.7061198118399203,0.0,11.936826961445242,1.2383369621701537,0.0,0.0,0.0,0.0,0.0,0.0,0.0,0.0,0.0,0.0,0.0,0.0,0.0,0.0,0.0,0.0,0.0,3.068887255524929,1.3258233037275975,1.1564368357398915,16.129536121537104,4.10109330787269,1.5578050209601042,0.5657419121831752,0.0,0.0,0.0,0.0,0.22421738896597382,0.0,0.04349422569869132,0.0,0.0,0.0,0.07573378852903714,0.0,1.2454397487926823,13.218730763706024,6.317344368532209,0.2456526814332279,1.4798789319011525,0.0,0.0,5.240933353376344,8.629704241836965,0.44355550151382406,0.3784474440143185,0.0,0.0,0.5421302812057206,0.0,0.0,0.0,0.0,0.0,0.0,0.0,0.0,0.0,0.0,0.0,0.0,0.0,0.0,0.30531783469900314,0.2964630841407977,0.0,0.0,0.0,4.814521143456703,0.0,0.0,0.0,0.0,0.0,21.25785113126519,15.747406185531498,0.0,0.0710605573759559,0.0,0.0,0.0,0.0,12.51877349274629,38.83119551308347,0.0,0.0,0.0,0.0,1.4781750889187375,0.0,0.0,0.0,0.0,0.0,0.5970612395447111,0.36922661349879726,0.0,0.0,3.2106586260316043,3.5676250142765276,0.0,0.0,0.0,0.0,0.0,0.0,0.0,0.0
pix2,1,0,5.641185990051067,2.669971770493907,0.0,5.292754744258003,0.0,1.6759063338534115,3.0925250932981827,1.1793084838105523,7.968372050599184,1.3233851072448564,0.0,0.0,0.0,0.0,0.0,0.0,0.0,0.0,0.0,0.0,0.0,0.0,0.0,0.0,0.0,0.0,0.8425424735280672,3.0121102317587547,1.3668666909747107,1.1726861611229173,6.694902186670148,4.151900709956449,1.8362990380112563,0.9945409295805855,0.0,0.0,0.0,0.0,0.2967565660693235,0.3867207853107249,0.2613028251172272,0.0,0.0,0.0,0.24723604322553389,0.38262876987081623,1.9179447796863562,3.7855098609882525,2.381958970698505,0.24100812283981846,1.4845908943732582,0.0,0.1353959164275212,4.893636109289423,6.611290326790666,0.49958118363213466,1.6744535093266608,0.7807036805273416,0.0,0.5497614678246975,0.06566351256041443,0.0,0.0,0.0,0.0,0.0,0.0,0.0,0.0,0.0,0.0,0.0,0.0,0.0,0.30240755428596766,0.27859363374259827,0.0,0.0,0.0,4.864819254301481,0.0,0.0,0.0,0.0,0.0,11.234389402535996,5.577079254377229,0.2513979840241356,1.200244680713305,0.0,0.0,0.0,0.0,11.760789376436524,18.025877700077626,0.0,0.0,0.0,0.0,1.7122175915256346,0.0,0.0,0.0,0.0,0.0,0.6353810008950972,0.41513131606457987,0.0,0.0,1.938603452805429,2.5620120662788435,0.0,0.0,0.0,0.0,0.0,0.0,0.7474500323039157,0.0
pix2,1,1,1.6831720953108062,1.3312375539871713,0.0,3.1791565259149066,0.39124006989328636,2.5349654074916566,1.5204923018442098,1.2661000446036192,3.426197554448123,1.8775303567563861,0.0,0.0330723636667893,0.0,0.0,0.738602062613995,0.6043634796313299,0.0,0.0,0.0,0.0,0.0,0.0,0.0,0.0,0.0,0.0,2.5236581011096595,2.455513546594816,1.4525493437797665,1.204968851582722,1.8666585371404647,2.0097344315568186,1.7815020208322725,1.2816078965586204,0.0,0.0,0.0,0.0,0.4848163637163952,0.859952264847144,0.4927894581971279,0.5696145784926158,0.0,0.0,0.7287887493780185,0.889768459700347,1.4675534827795746,1.4344614742270376,1.2666577120644047,0.31365141765287885,1.5254373556046008,0.9621896764808472,0.5623232520420367,2.216881771558634,2.402036117955651,0.8258520836878731,1.5123164194696042,1.4538510505614781,0.0,0.5586056233198368,0.11127651374115508,0.0,0.0,0.0,0.0,0.0,0.0,0.0,0.0,0.0,0.0,0.0,0.0,0.3247298302046544,0.29982094628085854,0.25992571575693935,0.0,0.0,0.0,4.030870148779516,0.0,0.0,0.0,0.0,0.0,2.6364216371399367,1.6345792168245963,1.8062144323342102,1.7962007284766337,0.0,0.0,0.0,0.0,5.143590014005821,3.645932579681489,0.0,0.0,0.0,0.0,1.1243860158157861,0.0,0.0,0.0,0.0,0.0,0.6764139719466298,0.47528742608676094,0.0,0.0,1.1522246679067427,1.3520689796489958,0.0,0.0,0.0,0.0,0.0,0.0,1.0947740057540807,0.0
pix2,1,2,1.1129704641666165,1.062752033279853,0.4735972427196303,1.4527819478961053,0.9468661022319336,1.5549987037729838,1.0818371778585596,1.0729189783920143,1.4702770830888556,1.4444348183551459,0.9532190953558355,0.9698887885741392,0.0,0.0,1.0331049230018305,1.0122989702404679,0.0,0.0,0.6766767680507404,0.589751119904981,0.0,0.0,0.40146815228904104,0.32422295157154507,0.0,0.0,1.3802403918036783,1.478336650054607,1.4368649101974729,1.135045122179732,1.0888049869973895,1.1011505586678123,1.2577560471756217,1.2243664327439867,0.20171465075211945,0.23910331252307135,0.0,0.0,0.8166841979682037,0.9488041496224996,0.8130626936789866,0.9313927145824267,0.0,0.0,0.9617684525809801,0.9820509433000233,1.0614828663477092,1.0436234257366552,1.0360782049477357,0.616507673793381,1.0895979623033092,1.0804657654143452,0.8759620369882692,1.1402054492466163,1.1966936789393883,0.9783228127906991,1.0691449174485232,1.1053645457077497,0.9306327893230089,0.529087057866543,0.2623110248140668,0.0,0.0,0.0,0.0,0.0,0.0,0.0,0.0,0.0,0.0,0.0,0.0,1.0075429596283756,0.2859137790563812,0.240217155223213,0.0,0.0,0.0,1.7333419335916724,0.1055406498272489,0.0,0.0,0.2026264839180708,0.0,1.206473534156053,1.088182249799753,1.6097181059350605,1.370194413651693,0.0,0.0,0.0,0.0,1.6429851224928913,1.2730687024037384,0.0,0.0,0.0,0.0,1.1924562061666084,0.6106429796337755,0.056788474695409666,0.0,0.0,0.0963381263341111,0.5306681696617688,0.5673932974101176,0.0,0.0,1.0146478743013685,1.036848740604088,0.392143022360419,0.0,0.21649137646035635,0.0,0.0,0.0,1.018173188796922,0.0
pix2,1,3,1.0126942722063221,1.0071698449228925,0.9410109718360922,1.0496323416871765,0.9921402642527828,1.065715340930094,1.0081278264480824,1.00920532736784,1.0510608618930952,1.0624276504183827,0.9949628502242283,0.9990957789584247,0.8100565019633669,0.03639843783833558,0.9989008990546968,1.0008402970098906,0.7052153583177037,0.0,0.9634742559834751,0.9569954353419797,0.46643828387034597,0.0,0.935389975208035,0.9264154430128776,0.2977457087097891,0.0,1.0409004108282185,1.0623015597043528,0.9378524716646837,0.6407442212087638,1.0070627747329584,1.0080872939652854,0.9773765304798612,0.9594509599102539,0.8824768446395497,0.9073918653231063,0.7984348196261617,0.8411502847472078,0.9625505317255361,0.9813139940453233,0.9693145160617846,0.9844067660012158,0.0,0.0,0.9941065591110804,0.9953192661182163,1.0050809022115503,1.00257014051975,1.0019606251078947,0.9153068875793277,0.9967242766392053,0.9923757895579862,0.9764875104504144,1.0069036520043906,1.0140401372998444,0.99476709390208,1.0025177129677232,1.0062265067671328,0.8182217576434732,0.47494246601166495,0.3017332115355816,0.822976301201892,0.78712891570714,0.609018773160053,0.011553821216698842,0.0,0.0,0.4799663957024625,0.014167289105919514,0.0,0.7133258927954094,0.21157461869991567,0.0,0.8920015626453459,0.24800529497136203,0.1872541700666357,0.6663992901108596,0.0,0.0,1.0041186281219305,0.5538379862996591,0.20698821333364265,0.8564507591166928,0.8180140393688436,0.6919214496038946,1.0147155894091606,1.0068415543438896,0.8592404701462002,0.9848068004627527,0.0,0.4718006894604724,0.4609035919209389,0.7676196472453515,1.0585315603101164,1.0179350797527082,0.38843039437316773,0.7650820352762979,0.31695467770610397,0.6501607054134205,0.8046420589743953,0.9115192807782175,0.7543661742123972,0.7781945491411044,0.4733703849999883,0.8457342219419008,0.6060711434272835,0.47730778714126876,0.46943189088285464,0.2032115588726835,0.997073910843726,0.9971772198138324,0.862940247402282,0.7762177528265928,0.5536982646655216,0.38729455896189297,0.0,0.19045138458319436,0.9990118726181862,0.7003168216479118
pix2,1,4,1.0011893004801573,1.0006591536796465,0.9932266288741861,1.004257281056415,0.9988951889343531,1.0054945098555232,1.000661499735182,1.0008756889362407,1.0043902649845058,1.0060667664790588,0.9991624279056219,0.9997720470732289,0.9718666188735007,0.7015519861013032,0.9991087076073892,0.9997636699225586,0.9479946967520108,0.3794139903758758,0.9956509171381667,0.9953584882829247,0.9268773757339929,0.3503872014852511,0.9930104739845533,0.9923319375709795,0.9150773144075842,0.29254634686054454,1.0031833641268624,1.0059377656015234,0.9701312491767526,0.49393569280292327,1.0005094721051964,1.0007254970676371,0.9917301092100005,0.8966100850196906,0.9873026793334587,0.9898230018635266,0.9777717514105204,0.9827177443960208,0.9948285592012861,0.9967334680455782,0.9951895693391807,0.996913802929578,0.0,0.0,0.999302633200623,0.9993504713709321,1.0002531800116683,0.9999510269608839,0.9999928678954945,0.9898710591058621,0.998601016008293,0.9971620401932051,0.9969171896761108,0.999887101126836,1.0005997412557235,0.999152901146822,0.9997384985022126,1.000001950354443,0.9080156017232535,0.6788068056087283,0.5518351399748728,0.9729462001204852,0.954343203855418,0.9260844437090762,0.8692143738439363,0.7318680530533777,0.5595153520013608,0.8968019688771824,0.7043232120803038,0.5611849609209272,0.9556641177607569,0.8179991866873887,0.6993056241842677,0.9380251905584515,0.47788213430343324,0.2934473295044089,0.9121338703653146,0.4919776702431221,0.22677864575747395,0.9662547689335659,0.8028562301295072,0.690350167000693,0.9722682381190538,0.9293904749017998,0.8928495299781879,0.9962418214163388,1.000356397959874,0.8760366998354853,0.991789621085596,0.2977945508092865,0.8749236006870207,0.92110942424794,0.9693254628681794,0.9972082853960909,0.9974939796037845,0.7733788685996825,0.9455034257769341,0.7728061070390491,0.9178836621834942,0.8723978081112119,0.9703753575094678,0.9074760050054492,0.9542438088892364,0.8607109589290959,0.958866914637575,0.8638094428548947,0.7512986132260563,0.8513626175215409,0.7348031668925556,0.9985405851645963,0.9969496272743944,0.9654906947910529,0.9385252648476806,0.8528705523455812,0.7329371713428686,0.6289070764999672,0.6626407262151109,0.9968085601356889,0.9278418719214906
pix2,1,5,1.0001089164676868,1.0000592381419118,0.999265293593286,1.0003599554847662,0.999868423191647,1.000436619685563,1.0000541803569747,1.0000792765978346,1.0003748498862124,1.0005587172040147,0.9998894763537244,0.9999578180023818,0.9967975453014484,0.9486585467574628,0.999855670810657,0.9999387710885258,0.9939819098122541,0.8810444873881482,0.9995173562907181,0.9994998147222817,0.991976818123891,0.8954940948936231,0.9992682967070987,0.9992075227278961,0.9910249764984226,0.8930187186620935,1.0002381071616744,1.000535985873389,0.9959069540499991,0.8986157745841465,1.0000382397691514,1.0000653481631556,0.998986132906572,0.9778660518229764,0.998687798881615,0.9989172599599893,0.9976610233011446,0.9981529230692667,0.9993403131398412,0.9995276917584147,0.9992839539232633,0.9994956993124705,0.0,0.0,0.9999223038539345,0.9999216535856039,0.9999921351781803,0.9999577723018026,0.9999869662340763,0.9989353855127601,0.9997887255175486,0.9995948130277192,0.9996179513536498,0.9998967616380282,1.000010629412605,0.999884228072624,0.9999239219512743,0.9999636717012645,0.9835162496866352,0.9450501608456645,0.9045549161119719,0.9963615336599306,0.9936771681809071,0.9882561159215457,0.9839540094464587,0.966084698893722,0.9390478307643668,0.9848407510592051,0.9550709021050827,0.9227009761291115,0.9940762469699039,0.9738619116711601,0.9513615520376081,0.9887610104575004,0.900175211374736,0.8214243470949892,0.9857631068854822,0.9161968181767701,0.8444061054838138,0.993365206740417,0.9665694566767914,0.9385519159061803,0.9959255007430331,0.9885610175076265,0.9792739074129898,0.9989854824008444,1.0000206324804646,0.9747028816281196,0.9989001197883154,0.870156989932039,0.9801655232447241,0.9892798058896678,0.9962082058901014,0.9984364402017103,0.9992843258406945,0.9589819715653013,0.9916195774231683,0.9606849151858374,0.98738480805946,0.9751220995199147,0.9950406765582449,0.9828453300794974,0.9931259107128914,0.9764088334936115,0.9933925599933957,0.9776756270126814,0.957298497196864,0.9765367826633266,0.9566505807064916,0.9997509046582078,0.9994460874165039,0.9946675651276261,0.9902925929516964,0.9760537784023003,0.9545875493507491,0.9346983876490769,0.9388456579828496,0.999339794744438,0.9883067017104193
pix2,2,,14.884453846841305,15.276634439372359,1.0433419006015052,5.882830415465924,0.0,3.432570352454587,0.0,0.0,0.0,0.0,0.2026775176417628,7.9135818683751795,2.471883645213085,1.2390009905324482,4.552272065861375,0.7814010784230081,0.24299660329253364,0.0,0.8548498021786,0.0,0.0,0.0,10.85948929558975,0.0,0.19450558053253622,0.0,0.37951103594034463,3.4422584775379144,1.1465097032888754,0.1926125499255044,0.0,0.5964358702221723,0.0,0.2386020552789598,0.0,0.0,0.0,8.891825303605385,0.0,16.704191416208566,0.314107909982222,0.0,0.0,0.0,0.4127437444368607,0.9045478544011223,0.0,0.0,0.0,0.3778158150471137,1.480091957386715,0.0,0.0,0.0,0.0,0.3712858517273125,0.0,0.0,0.5724505375275997,0.15467505930285838,0.07694194113506198,6.655018763600229,3.4095838199880664,2.5202560847799798,0.0,0.0,0.0,0.0,0.0,0.0,0.0,0.3851283267593103,0.19670025669015673,1.7544593057061144,0.1702391775945181,0.09727780211165721,0.4818155812347825,0.009110816072317784,0.0,5.037210254000146,1.3056084708337534,1.0111947994280863,0.0,0.72382279555337,0.0,0.0,2.764331920445104,0.3316520664037437,0.5665463983059693,0.1892660208538893,1.7642731925498167,0.4246749649123159,0.0,4.369582370052651,11.827590410303946,0.6370059727384553,0.7948001729458181,0.0,0.0,0.4943661441385412,0.0,3.129722781642176,6.362399934784495,0.9871846947030432,0.23965852155942444,1.2176573320766149,1.017661037313593,0.0,0.0,0.0,0.0,0.3403538314737225,0.23693663850897453,0.0,0.0,0.2356683734091013,0.0,0.0,0.0
pix2,2,-2,14.882360846413862,15.24535459097236,1.0416420441470855,5.883939079296968,0.0,3.433281570167029,0.0,0.0,0.0,0.0,0.2076798646150705,7.912629970212479,2.4717988729819944,1.239016343919647,4.55390564189202,0.7814780132827343,0.24299294230606003,0.0,0.8517827735605586,0.0,0.0,0.0,10.858526559188958,0.0,0.19453831760211937,0.0,0.380779851756143,3.4424600368622196,1.1465266953068451,0.19260700508481665,0.0,0.5965976293376628,0.0,0.23860383127590795,0.0,0.0,0.0,8.891813243699135,0.0,16.704000785531317,0.31412280821919863,0.0,0.0,0.0,0.41273095190478626,0.9047821691361941,0.0,0.0,0.0,0.37781373193665996,1.4801115857811815,0.0,0.0,0.0,0.0,0.37129535068566366,0.0,0.0,0.5724083367552184,0.1546750863760915,0.07694176221847174,6.655071754141655,3.4095724499176185,2.5202651347089025,0.0,0.0,0.0,0.0,0.0,0.0,0.0,0.3851302752973679,0.1966991297859777,1.7544742893252179,0.17023909262203074,0.0972776678196642,0.48190111202153957,0.009111224774345719,0.0,5.037235792576224,1.3056083004156307,1.0111966147495828,0.0,0.7238224875157577,0.0,0.0,2.764061637158293,0.3316548724930803,0.5665676782136622,0.18926550531613456,1.764357706578711,0.4247176377908688,0.0,4.369531142440212,11.82631724541483,0.6370065516574708,0.7946892127351305,0.0,0.0,0.49436592650970757,0.0,3.129718787145153,6.362298599002985,0.9871830954678184,0.23972710896155394,1.2176546689546153,1.01765854322078,0.0,0.0,0.0,0.0,0.3403684629422986,0.23695060185425604,0.0,0.0,0.2356709869812251,0.0,0.0,0.0
pix2,2,-1,14.862866666974247,14.971022608862096,1.0266742045210053,5.893711416048641,0.0,3.439583271679833,0.0,0.0,0.0,0.0,0.25174508548221897,7.904124883359725,2.4710443730511225,1.2391544224323032,4.568356462171329,0.7821622830373202,0.2429598411801324,0.0,0.8249650598415069,0.0,0.0,0.0,10.849644492804599,0.0,0.19483126873023224,0.0,0.39191154112262655,3.444260463033039,1.1466778635867856,0.19255718743625902,0.0,0.5980616127690607,0.0,0.2386197416619491,0.0,0.0,0.0,8.891703912930254,0.0,16.702286592506876,0.3142568422406682,0.0,0.0,0.0,0.4126161700182554,0.9068926512297254,0.0,0.0,0.0,0.37779513451860586,1.4802848887529336,0.0,0.0,0.0,0.0,0.3713806839856985,0.0,0.0,0.5720282659149671,0.1546753343243402,0.07694027958472607,6.655532941815116,3.409470051389285,2.5203459027237036,0.0,0.0,0.0,0.0,0.0,0.0,0.0,0.38514780490582784,0.19668910053414118,1.7546100888458769,0.17023833251294693,0.09727650182471814,0.4826719523193768,0.009114903976043656,0.0,5.037463432276686,1.3056067242691651,1.0112125347684564,0.0,0.7238197209749682,0.0,0.0,2.7616351090847426,0.331680045769548,0.5667589024795685,0.18926087096357347,1.7651180196275578,0.42510140968194077,0.0,4.369070480208801,11.814877983180487,0.637011741306849,0.7936916605453166,0.0,0.0,0.4943639642850229,0.0,3.129683094428448,6.3613900273857595,0.9871686204554199,0.2403411195485994,1.2176308730819363,1.0176361953756163,0.0,0.0,0.0,0.0,0.34049924215699207,0.23707576079997225,0.0,0.0,0.2356944358516908,0.0,0.0,0.0
pix2,2,0,14.620493269613707,12.789428031957819,0.903161459259504,5.975061007457742,0.0,3.494676645454562,0.0,0.0,0.0,0.0,0.6153517878574111,7.824329975707393,2.464200828914932,1.2405254423815046,4.692655710892019,0.7883511546755197,0.24262159925532567,0.0,0.6187347891645855,0.0,0.0,0.0,10.74465091620931,0.0,0.19761165254321958,0.0,0.4810411919116997,3.461108480737172,1.1480423403052962,0.19206586725696134,0.0,0.6132490604036803,0.0,0.23877249428152153,0.0,0.0,0.0,8.890538380457413,0.0,16.685277715404467,0.3155924277683873,0.0,0.0,0.0,0.4115058865024042,0.928054615071044,0.0,0.0,0.0,0.3776209996311433,1.4817585096583914,0.0,0.0,0.0,0.0,0.3722213663536096,0.0,0.0,0.5682216987059007,0.15467815066908847,0.07693572111279873,6.658795656981156,3.4084406371884115,2.521098739981828,0.0,0.0,0.0,0.0,0.0,0.0,0.0,0.38532246370126544,0.19659740239740808,1.756039631988824,0.17023109331197864,0.09726811848566273,0.49044928340794375,0.009151769968156573,0.0,5.0395633701529245,1.3055877092520545,1.0113390642096762,0.0,0.723792390724006,0.0,0.0,2.7378793782540503,0.331925534122759,0.5686444794475702,0.18921509835992437,1.77268056012997,0.4289155853802147,0.0,4.364494522570273,11.702318844231515,0.6370618210549385,0.7838254280708016,0.0,0.0,0.49434401803012323,0.0,3.1293465453886227,6.352559170866669,0.9870174992708948,0.2462179750029014,1.2174061653433084,1.0174204667936837,0.0,0.0,0.0,0.0,0.34173748253188896,0.23828758802402805,0.0,0.0,0.23592406092002216,0.0,0.0,0.0
pix2,2,1,11.875759293907082,6.528302830185626,0.557123059730136,6.302183688794183,1.277261907351068,3.7955250589343827,0.0,0.0,0.0,0.0,1.6626079044688908,7.254037773111022,2.421323684870576,1.2532789392481039,5.0721523255975,0.83850733800936,0.24126247666481734,0.0,0.190956107365937,0.0,0.0,0.0,8.902610418725207,0.0,0.2155847946580634,0.0,0.7762174542783902,3.577169745400424,1.1559856435508886,0.1874384046301218,0.0,0.7249348279726525,0.0,0.24004840747824,0.0,0.0,0.0,8.875661536576716,0.0,16.523254679624912,0.3285440237538647,0.0,0.0,0.0,0.4045521947634359,1.11446023924418,0.0,0.0,0.0,0.37623127346043156,1.4902087476918464,0.0,0.0,0.0,0.0,0.3801354381960087,0.0,0.0,0.5344456827355757,0.15470719511502173,0.07718015019883086,6.628655717857087,3.3979642424315304,2.526765706730608,0.0,0.0,0.0,0.0,0.0,0.0,0.0,0.3870498515338512,0.19598589669129296,1.7714595926700458,0.17016774881791275,0.09725912243389491,0.5650154664946685,0.009523151188630804,0.0,5.054129998198811,1.3053220724729393,1.011738820906007,0.0,0.723525701520113,0.0,0.0,2.5284394563817885,0.33427510629676804,0.5855496032899233,0.1888178581366964,1.8414516234387595,0.46596817064197854,0.0,4.319365559079809,10.723766333001791,0.6374392967450154,0.6966667065441523,0.0,0.0,0.49412962313345693,0.0,3.1266039698638113,6.2680501046456785,0.9853528933322464,0.29584891131518776,1.2155205389925088,1.0155186364323712,0.0,0.0,0.0,0.0,0.35222205823522895,0.2491764884688092,0.0,0.0,0.2383020421034735,0.0,0.0,0.0
pix2,2,2,4.807148366387034,2.4500112191715124,1.03098780850556,6.031178883827649,1.932298495435706,4.33673054095979,0.0,0.0,0.0,0.0,2.0390304927570857,4.827654381870818,2.2377034683294506,1.3151789102080416,4.41700630268306,1.0112027063147104,0.2685566526808895,0.0,1.255329123419066,0.0,0.0,0.0,3.8347606668731182,0.3953397718196454,0.24518409591462487,0.0,1.9372932416477726,4.048330926919208,1.1828422443853739,0.16298118701000233,1.7446754748013835,0.8170915221806925,0.0,0.24556085195172211,0.0,0.0,0.0,8.510204024940418,0.0,15.22709106302454,0.43755696348982825,0.020313849068591638,0.0,0.0,0.4848647794503255,1.8586060378587668,0.2686244710872576,0.0,0.0,0.36591434881945795,1.5678362025714507,0.0,0.0,0.0,0.0,0.4499766565018271,0.0,0.0,0.4356574984650639,0.15490087565351374,0.08317903772717705,4.897306601173972,3.2970324285792905,2.557356267956834,0.0,0.0,0.0,0.0,0.0,0.0,0.9782086166189227,0.40295865459854713,0.18861914223880927,1.9045524155179798,0.1695888853877213,0.09729054404217582,0.9473444036117301,0.01335103972484783,0.0,5.0754048713841815,1.3026363496636975,1.0106108008709325,0.0,0.7205441749701397,0.0,0.0,1.6477144438227833,0.35700556693527413,0.6560037452702063,0.18845115147384442,2.1343021455810582,0.7401773070293017,2.027741361975692,3.932187361734304,6.066724386755656,0.636861349067681,0.29129004371060546,0.0,0.0,0.49230442976756283,0.0,3.103024709226149,5.222236593008144,0.9718101249667499,0.530093650939509,1.2035618189746775,1.0038281840816707,0.0,0.0,0.0,0.0,0.4208529728378757,0.31754460360147174,0.0,0.0,0.2502457987348176,0.0,0.0,0.0
pix2,2,3,1.9004106932712164,1.368666579928385,1.6686983830081397,3.8325546925379905,1.5215126993365267,4.335726502641868,1.0214290177177812,0.028150082704885993,1.3174922440769516,0.0,1.6907692107830516,2.3856825678599547,1.593058441020987,1.3097770280462486,2.499896559232612,1.3883458049379336,0.3443324665703847,0.012248662833946303,1.8029703801290533,0.0,0.0,0.0,1.842654828568858,0.8734801476782414,0.34782832876051845,0.0,2.8105282832985674,4.3603363172111225,1.3054285434449302,0.11674276498774003,1.48820278029891,1.0031085210377992,0.10231080720198674,0.27731551523164427,0.23011004502776664,2.8454344425649913,0.028770894939714308,4.397435025534561,0.6035081689496702,7.707984297553497,0.7645698950694791,2.1502355081289095,0.0,0.0,0.8504952283779658,1.5242454625211102,0.9518699540246037,0.7153384534374193,0.6414565650938008,0.3569653957577936,1.5191937308882009,0.0,0.17021594220761616,0.5886637371458192,0.35673475848738384,0.6234349074656976,0.3606863667724468,0.0,0.5887919098799778,0.15369782376142416,0.09864024450737081,2.097448698761706,2.605072735122378,2.4853417481157987,0.0,0.0,0.0,0.0,0.0,0.0,1.2554420452669337,0.5109926446151047,0.22554599975804093,2.218340045438595,0.1659756244295285,0.09721310628281789,1.186612746378095,0.040704473237378275,0.0,4.346694426490951,1.2816389762287326,0.9812052796493405,0.4928957068411887,0.7123134114879854,0.09085166452039521,0.4593346720530717,1.039859349888873,0.461553549916861,0.718135853313605,0.2033806973554702,2.478524805383515,1.4149424974775613,1.5699444575555148,2.542401886699578,2.2365355653894947,0.6446573157522371,0.46159490334458175,0.0,0.0,0.49038328625582206,1.0308770035827441,2.875404797024677,2.4978128488154314,0.9400678590443766,0.9945540270281202,1.073217579897669,0.9519965776707967,0.0716015144204312,0.0,0.2786014729841339,0.21439568912928156,0.6006793523266565,0.5780269291293232,0.030069506917306015,0.005422585082071924,0.32555955183152124,0.0,0.5508265559730353,0.21332731987352696
pix2,2,4,1.2516141441165536,1.1251159943887283,1.315678887354322,1.99044376010321,1.1536590610437947,2.8152257351412815,1.0857659418159706,0.9686090812897412,1.5751934500105824,1.3238728984003771,1.2763356374773642,1.4760141044197077,1.0776654926803164,1.025050537765115,1.4933746105697063,1.4039810125404475,0.4177670412311228,0.00493508386603864,1.319685911551608,0.9461401800989987,0.20219821999010992,0.0,1.209395479586744,1.097484754889367,0.471402629376271,0.0,1.9398807602335022,2.6922563479199284,1.370899306966749,0.1641999028953135,1.1180068902275944,1.0998213435793236,0.5179274390326541,0.40681853915084093,0.9869414637921743,1.491240051499413,0.9752955333276238,1.6106709737888563,1.2668542188349596,2.201480661302391,1.1713159728150069,1.4059183074766883,0.0,0.0,1.0787450687123832,1.1363896960158892,1.079856149544703,1.0110407591109702,0.9583743944029253,0.5380550006873269,1.2579373300702137,0.5811224940207391,0.6195903907118707,1.0394445660151443,0.9268217169341916,0.8858197711002517,0.9615042630721734,0.8473257673064819,1.3243093710219247,0.19202630091127457,0.08730458544226911,1.1666348582500468,1.3336651452407404,1.509220605895901,0.4671196280376844,0.18115184743268642,0.13851728333213478,0.0,0.0,0.0,1.1100631777557046,0.6413735699633433,0.44196388199659525,2.205890487491055,0.16423369863685086,0.09926462951133753,1.1466693769697256,0.06796580258160345,0.0007666964544905603,2.6206051459928945,1.1987921711618699,0.9136440405645527,0.9767640696441134,0.7746043445530171,0.47256750658664504,0.8910787235874822,0.9965098747658835,0.7509525117482866,0.9464819059312938,0.26013721285631075,1.8329124624725301,1.2189987692242137,1.1096959641485302,1.3845067112986817,1.2094721889861495,0.7167781072032198,1.0926454975968931,0.0,0.0,0.6294065176731066,1.4036614181680678,1.7977765851433172,1.429263969887192,0.9361657756835495,1.2491439600464838,0.5153704677426596,0.4367136241425944,0.3285265320650815,0.2548519204244087,0.908273148235192,0.887981157037207,0.779717494986812,0.761094093141043,0.33366883885711685,0.2756315435547165,0.42153000619337516,0.03619428730142261,0.940168007836132,0.8334092934993638
pix2,2,5,1.0413399910454229,1.022284523619731,1.059929709563096,1.1751404262702771,1.0249411355311262,1.3394555328773303,1.0193044795986086,1.0337602008790245,1.1296577580403404,1.2614992738320727,1.0499729017137107,1.1199626419222897,0.9823452866841802,0.7421027089882533,1.0860091953890076,1.1741806817363658,0.7243268688410588,0.0,1.0575744183129818,1.0921899759057632,0.7446179088918047,0.0,1.0323691542687579,1.0577428885547346,0.7951603412867757,0.12221516842396142,1.1780516101736151,1.4361407487867313,1.0781110478989473,0.19211361468644392,1.016717353479858,1.0324346131640192,0.8529812121466213,0.5193860956886718,1.0135452448271056,1.060446150709918,1.010739590145696,1.0718084624932813,1.0723064784258831,1.1392585505193185,1.0475652815577265,1.054825749492555,0.0,0.0,1.0121336449812786,1.016557950545023,1.012577270481016,1.0038685416812256,0.9996105181394273,0.8564699305430726,1.0335345869000978,0.9997269237077377,0.9338144255246489,1.0116063325444646,1.0171906420114323,0.98457869934092,1.0001263377979162,0.99940324415884,1.0964989493272415,0.3573873397982299,0.1611604612716171,1.0140214984415612,0.9834876091900986,1.0041909540999254,0.9099779291842418,0.6358267624416648,0.5704802741965527,0.7785927515035023,0.056397458927696036,0.0,1.0216388804730172,0.7543629067408469,0.6640979384925138,1.4796756537078843,0.18504796723041828,0.10789650853252289,1.004703575846742,0.04168023598863841,0.0,1.3695312211094517,0.9521684941350068,0.7798814205159276,1.005111841781553,0.871495396919854,0.7830094628396382,0.9774621951706406,1.0075259623191577,0.7813645138640396,1.1194560515507466,0.29674310304914137,1.095026297296541,1.0174602786285636,1.009477812818009,1.0364867662275175,1.0224536354809308,0.6993101395168355,1.0667307474847931,0.23264607912961036,0.8771059667808637,0.7889000494280631,1.1075539981523845,1.0313152812904145,1.102711062024984,0.87558457018543,1.0746721049558596,0.43561140804816956,0.3671319271191778,0.4857873823927466,0.4256701315383463,0.9805280651211975,0.9762179937138235,0.8924853538258208,0.8805428517233911,0.3927210598225351,0.3262668277045124,0.5046442382513197,0.3293358171627516,0.9823948272078337,0.9232224952368303
pix5,1,,47.840521813691765,0.0,0.0,0.0,0.0,0.0,0.0,0.0,13.603797296114672,2.709312264122208,0.0,0.0,0.0,0.0,0.0,0.0,0.0,0.0,0.0,0.0,0.0,0.0,0.0,0.0,0.0,0.0,0.0,0.9714153460319125,1.028003343697581,1.3298530834703979,26.000745626513158,7.097018291137719,2.1878417140878406,0.41923213671133946,0.0,0.0,0.0,0.0,0.0,0.0,0.0,0.0,0.0,0.0,0.0,0.0,0.26327647353808065,24.621768909281478,29.221931288470998,0.277033928493155,1.0385385101888664,0.0,0.0,4.798152689383853,10.395368913604187,0.3606365646278258,0.6367323187420996,1.1273550156534462,0.0,0.2232339854272723,0.0,0.0,0.0,0.0,0.0,0.0,0.0,0.0,0.0,0.0,0.0,0.0,0.0,0.0,0.3109514782103027,0.27007429775139474,0.0,0.0,0.0,0.6755843788603938,0.0,0.0,0.0,0.0,0.0,32.11224425635127,24.385004187841563,0.0,0.0,0.0,0.0,0.0,0.0,12.579962225186982,44.90856308315529,0.0,0.0,0.0,0.0,0.39949965478085664,0.0,0.0,0.0,0.0,0.0,0.2788715461483093,0.01588775852301783,0.0,0.0,5.687869959934511,6.4122328449295924,0.0,0.0,0.0,0.0,0.0,0.0,2.579284559159888,0.0
pix5,1,-2,44.66517047743982,0.7441853241391289,0.0,0.0,0.0,0.0,0.0,0.0,13.821885037527002,2.6059133576529723,0.0,0.0,0.0,0.0,0.0,0.0,0.0,0.0,0.0,0.0,0.0,0.0,0.0,0.0,0.0,0.0,0.0,1.1009762929406073,1.0343717121774565,1.3284017960349037,24.746574120250223,7.161733890207611,2.218411082337651,0.4493426630621098,0.0,0.0,0.0,0.0,0.0,0.0,0.0,0.0,0.0,0.0,0.0,0.0,0.43288086705273315,22.441612638485637,21.742859979788044,0.27689040386019276,1.0088883875703887,0.0,0.0,5.099541395001094,11.384336736810386,0.35445534204989076,0.8538435701892769,1.779187464528197,0.0,0.22364431412440436,0.0,0.0,0.0,0.0,0.0,0.0,0.0,0.0,0.0,0.0,0.0,0.0,0.0,0.0,0.3107829402468448,0.27007060715189146,0.0,0.0,0.0,0.7198087884065218,0.0,0.0,0.0,0.0,0.0,31.543750144426102,23.937073791660794,0.0,0.0,0.0,0.0,0.0,0.0,12.600584069105874,43.69054294201203,0.0,0.0,0.0,0.0,0.42340081186594763,0.0,0.0,0.0,0.0,0.0,0.28069365427110227,0.01775475989363421,0.0,0.0,5.58182476544044,6.349304422691535,0.0,0.0,0.0,0.0,0.0,0.0,2.5962539704429632,0.0
pix5,1,-1,25.277186367663408,7.387009881844372,0.0,2.123022491893619,0.0,0.0,0.0,0.0,12.904338146199791,2.2333578550631334,0.0,0.0,0.0,0.0,0.0,0.0,0.0,0.0,0.0,0.0,0.0,0.0,0.0,0.0,0.0,0.0,0.0,1.6005083886022713,1.058339805678471,1.3160537263497516,17.120733326795065,7.451381734927485,2.410668731120293,0.660738275830436,0.0,0.0,0.0,0.0,0.0,0.0,0.0,0.0,0.0,0.0,0.0,0.0,1.1834307087510505,12.969561374977886,8.231975653882547,0.2748349404699838,0.8956273581459611,0.0,0.0,6.276282542164207,12.401038015043204,0.3394165564631206,1.8237730831501924,3.1188772195517687,0.0,0.22671324155227082,0.0,0.0,0.0,0.0,0.0,0.0,0.0,0.0,0.0,0.0,0.0,0.0,0.0,0.0,0.30948690019610486,0.2688783083879776,0.0,0.0,0.0,1.0412386846885604,0.0,0.0,0.0,0.0,0.0,27.255712442683812,19.98330634453374,0.0,0.04060926015820336,0.0,0.0,0.0,0.0,12.694438007814162,35.15724839951979,0.0,0.0,0.0,0.0,0.6046189818419639,0.0,0.0,0.0,0.0,0.0,0.29458659777235174,0.030949993840930445,0.0,0.0,4.818337760056146,5.875036696482142,0.0,0.0,0.0,0.0,0.0,0.0,2.7016633464910083,0.0
pix5,1,0,5.86194237629602,2.8341092451772902,0.0,6.539718474359592,0.0,0.0,2.387789070013965,0.7780814545900049,8.529347080453205,1.866590167032066,0.0,0.0,0.0,0.0,0.0,0.0,0.0,0.0,0.0,0.0,0.0,0.0,0.0,0.0,0.0,0.0,0.0,2.2971901596182254,1.1224770379119746,1.2985162081861448,5.150098826651888,5.209960758429675,2.695830486373743,1.227493376899143,0.0,0.0,0.0,0.0,0.0,0.0,0.0,0.0,0.0,0.0,0.0,0.0,2.000766133402635,3.9088316094940883,2.94002161569051,0.2567125480919509,1.0934031485741846,0.0,0.13274026556660753,5.774502442073182,8.468376682074323,0.5063392873770532,2.618226268197173,3.7907385863049634,0.0,0.24037574849145615,0.0,0.0,0.0,0.0,0.0,0.0,0.0,0.0,0.0,0.0,0.0,0.0,0.0,0.0,0.30411710480391396,0.26121978035765364,0.0,0.0,0.0,1.642760986222289,0.0,0.0,0.0,0.0,0.0,12.188950841963187,5.639758321703222,0.0,1.195912230655146,0.0,0.0,0.0,0.0,11.317561225285694,11.90082097219721,0.0,0.0,0.0,0.0,1.2778360203847146,0.0,0.0,0.0,0.0,0.0,0.34196206164536336,0.08801456807820766,0.0,0.0,2.55073298502336,3.811364011574984,0.0,0.0,0.0,0.0,0.0,0.0,2.4383952313668806,0.0
pix5,1,1,1.6686542997072853,1.321348251129425,0.0,3.3353708786437797,0.018414760087593133,1.7688781383529641,1.3969617493068702,1.2334501478848057,3.283699314289671,2.124219524986344,0.0,0.0,0.0,0.0,0.0,0.17050673213897327,0.0,0.0,0.0,0.0,0.0,0.0,0.0,0.0,0.0,0.0,2.131732509212672,2.2028993065601035,1.2363065834348197,1.2850777087346386,1.5593125029028783,1.8177262452374998,2.112920311629063,1.4319539873300333,0.0,0.0,0.0,0.0,0.03973375816783192,0.0,0.3959493631783478,0.056629050195491845,0.0,0.0,0.4291260006490468,0.4626786432208251,1.5193563932713032,1.4958103454715275,1.3494841550619703,0.3273247805090094,1.3511896200679305,1.3429995234426033,0.7439331094493817,2.35354295550959,2.600639624346868,0.9562068854110181,1.631137740545157,1.740800776190095,0.0,0.2572731971474216,0.0,0.0,0.0,0.0,0.0,0.0,0.0,0.0,0.0,0.0,0.0,0.0,0.0,0.0,0.29934019360530545,0.2520410931304729,0.0,0.0,0.0,1.9686762721167839,0.0,0.0,0.0,0.0,0.0,2.5764709449268572,1.558259326430094,1.2536092137588093,1.5225542160975776,0.0,0.0,0.0,0.0,4.05666166860395,2.4277280179688043,0.0,0.0,0.0,0.0,0.9209905348763008,0.0,0.0,0.0,0.0,0.0,0.3966722391308694,0.1623079358018023,0.0,0.0,1.2356428505443369,1.5552037749607912,0.0,0.0,0.0,0.0,0.0,0.0,1.3192597339034868,0.0
pix5,1,2,1.0950644838175752,1.050651014818929,0.38321997381643286,1.4132470898614242,0.8996570350338691,1.2760810650946088,1.0568893155433257,1.0538226884747945,1.376466511339436,1.3823978595367596,0.9098106147530228,0.9281972747040879,0.0,0.0,0.9138187918832711,0.9178514316967655,0.0,0.0,0.607375085526046,0.5576338756424511,0.0,0.0,0.34268049665868033,0.2814104441577885,0.0,0.0,1.2544668373183936,1.3516829480052859,1.234872383502893,1.1676131718360165,1.0516157163637032,1.0664184954810434,1.2277858133178625,1.3030570291742123,0.11103517467703297,0.13871257815212845,0.0,0.0,0.7094758472419822,0.7878831508877316,0.8106327798012367,0.8673787406067097,0.0,0.0,0.9314875248311371,0.9397819052818237,1.0558878767340414,1.0447339001223792,1.0410478697539105,0.6557967653299246,1.0360199194089768,1.0904680619656448,0.9457647406066899,1.1338861938985973,1.1883009135791112,1.0076674203281846,1.068988360766718,1.1013615880327106,0.352115345321106,0.32226985917252926,0.0,0.0,0.0,0.0,0.0,0.0,0.0,0.0,0.0,0.0,0.0,0.0,0.0,0.5676303349495221,0.28850782759559973,0.2584011522238965,0.0,0.0,0.0,1.1763415457398072,0.0,0.0,0.0,0.13783459607394727,0.0,1.1737782078369878,1.0673844087096611,1.2205980072714906,1.1857292078334851,0.0,0.0,0.0,0.0,1.400379241790383,1.1531965939477316,0.0,0.0,0.0,0.0,1.0156132189220708,0.41757748016485075,0.0,0.0,0.0,0.0,0.4334608749953177,0.33942996888061105,0.0,0.0,1.0198762849113452,1.0530720837299443,0.40367856662069845,0.0,0.13402364198653752,0.0,0.0,0.0,1.0387869269753423,0.0
pix5,1,3,1.009833316374763,1.0052675991681723,0.9315052803707207,1.041019974894578,0.9877271402447678,1.0270052026602194,1.0052004401065768,1.0059764128603994,1.037170560712021,1.0463448700280504,0.9895922015752389,0.9925604198693081,0.8046747749248397,0.005501842344328045,0.9865003559898076,0.9877942458052263,0.7096573001963794,0.0,0.9561040394733805,0.9509299139826741,0.48071342166117653,0.0,0.9297079577434277,0.9209891062150831,0.30819943771295644,0.0,1.0237026630425528,1.0404526150564477,0.9053610742942603,0.5789683677453289,1.0038598452836098,1.00504509116754,0.992422924802273,0.9849345397195597,0.8775608398617124,0.8989111645844757,0.7937280778347896,0.8340878079799786,0.9529150836793979,0.9668856356747625,0.9721372766047526,0.9793522489989586,0.0,0.0,0.9916918723938479,0.9919732411466563,1.0044395641920927,1.0027857678934322,1.0014620210807097,0.9317687988006201,0.9914956291464218,0.9854614734364233,0.9878098407962431,1.0072443710615102,1.009201165602352,0.998723670459665,1.0032165470380243,1.0031187362588752,0.7394735308226907,0.4238649365041407,0.19878079207444557,0.8143567712752647,0.7774570949840219,0.5858371109782745,0.006953576189882761,0.0,0.0,0.4748430093556176,0.04220796131663056,0.0,0.70208798622523,0.20049335981399394,0.0,0.8040812647151773,0.23870303115989003,0.1935532379977993,0.6111951025012246,0.0,0.0,0.9199664765095584,0.48542796967588464,0.10560544877005883,0.8473320800384812,0.80850127123032,0.6825855381676131,1.0083859633704004,1.0035915888004296,0.7754374188394638,0.9434403594114936,0.0,0.38361936336647445,0.4435156444320516,0.7631936172122202,1.0315415439094506,1.0093601056462307,0.3462104005930799,0.7379480077059981,0.3398706454406327,0.6377000293761901,0.7457061952273641,0.8784822907839773,0.7080321511282037,0.7522963887352111,0.4382841591135021,0.8191558793701489,0.6190618576863327,0.46784200547755217,0.48214020562055154,0.19801140437788872,0.997798790549541,0.9985495583477643,0.8659895578082825,0.7764165850600045,0.5678500078233261,0.37930241569412265,0.0,0.1621735523670916,1.0004860927906003,0.6980054322667465
pix5,1,4,1.0008949408690304,1.000466475005761,0.9924467253843308,1.0033583099887013,0.9985540835919572,1.0017084411994752,1.0004067882831624,1.0005469896446673,1.0030786817041981,1.0043523197362085,0.9986778894773709,0.9991007767236787,0.9736025809547044,0.7213258325433134,0.9980701983741352,0.9984671028711813,0.9559756186464213,0.4855700510720193,0.9950493549376541,0.994744928743048,0.9337302979071833,0.40394241009094023,0.9925551983443572,0.9917993435259178,0.9202846530410173,0.3377383876570036,1.0015754205736138,1.0036654949662762,0.9722065995988955,0.5469832611754887,1.000276937185664,1.0004521753239388,0.9960838590334472,0.9320093474185681,0.986955620695,0.9890924892269568,0.9774015934359389,0.9820599432392543,0.9940590697675507,0.9955043461401469,0.9957916596103153,0.996681016697138,0.0,0.0,0.9991036256919671,0.9990837773500081,1.000206973595428,0.9999980093888772,0.9999283239178627,0.9920334057489161,0.9982473756086433,0.9965186895852598,0.9982138229685145,1.0000496689952123,1.0001326261490495,0.9996148497882303,0.999902405358803,0.9997346533621546,0.910715381082641,0.7192688639275999,0.589919467907612,0.9735854418192217,0.9588205120068196,0.9297705970675431,0.870341522882111,0.7435944316775194,0.5689951795436623,0.8970959789590766,0.7182888541158585,0.57314368425299,0.9556192600672946,0.8280024052740425,0.7081302642405176,0.9335441442172714,0.5262981093010739,0.34677406840948455,0.9164238616406264,0.5722937142726755,0.3017142581351694,0.962987780381201,0.8204017058055009,0.7116301018512068,0.9724971970565551,0.9353558960582509,0.8993187442159718,0.9970153817743116,1.0000937518878346,0.8840841223770333,0.9881414128201752,0.33300148605860636,0.8799973419880828,0.9208531972189665,0.9695200356679227,0.998043743709515,0.9981136999332867,0.7790056586646655,0.9441745825152259,0.7792479690291229,0.9170233361583614,0.8790939899453225,0.9691717584157544,0.9103625118623494,0.9535953648217047,0.8638784667072305,0.9583715920627963,0.8811714817991726,0.7868753606137894,0.8653933505815603,0.7637364744824953,0.9989000686374534,0.9977530979558934,0.9680264089800669,0.9437547826445362,0.8705011240944209,0.7688654271182971,0.6540091238133791,0.6984367298552326,0.9976924773725961,0.9310765541300499
pix5,1,5,1.0000821030550178,1.0000418986995054,0.9992071368363551,1.0002837496298191,0.9998438364173435,1.0000976251344844,1.0000337403338808,1.0000496467163464,1.000264807641227,1.0004016694603504,0.999850052068348,0.9998963446289016,0.9971067818568444,0.9576037473248578,0.9997742952460726,0.9998228761211004,0.9951270892692623,0.9154455306900032,0.9994735319075261,0.9994488827972052,0.9929191184510711,0.9141469607419725,0.9992344291601798,0.999161475309811,0.9917225796678597,0.90947725608981,1.0001035854864109,1.0003258657275353,0.996492307672288,0.9213680724330886,1.0000222302527235,1.0000422062016663,0.9995241880817102,0.9872457934599984,0.9986653049961371,0.9988625438611209,0.9976470920882932,0.9981114519822932,0.9993096356086656,0.9994532500412868,0.9994291918228911,0.9995435214018427,0.0,0.0,0.9999067374629738,0.999901852343065,0.9999968858833148,0.9999731097928574,0.9999830270697667,0.9991691319132107,0.999775505919275,0.9995635493115242,0.9997717222855301,0.9999426830238737,0.9999779489464953,0.9999412019317167,0.9999577259885984,0.9999485922768429,0.9863569535210446,0.9570879233620666,0.9247698028579355,0.9967494195245138,0.9948312297471237,0.9901847883422825,0.9847709692130355,0.9691829248769187,0.9437414922073314,0.986023603166735,0.9601795858348461,0.9307575263573032,0.9944867153409436,0.97715543960582,0.9569182209646752,0.9898492713092061,0.9199965226436206,0.8588071666507602,0.9882551026811163,0.9372005966039036,0.8804692779957594,0.9942047743201998,0.9732321483742946,0.9507131746631504,0.9963356527071241,0.99052901449784,0.9827644595969165,0.9993550325547366,1.0000001146579072,0.9797675894333072,0.9986124832037726,0.8998870795113493,0.9834824571704025,0.9899253751793947,0.9964316726910541,0.9992017760316964,0.9995783728562196,0.9638179670535736,0.992261370785393,0.9644996176273076,0.9883259391140986,0.9793601088731274,0.9955458755340075,0.9854270654604982,0.9937429922509766,0.9791989049811046,0.9940939011337555,0.982367274106296,0.9675341334376091,0.9805989728336455,0.9654376506862835,0.9998324207678542,0.999637953305862,0.9954580614494525,0.9919817316975252,0.9808845247847002,0.9650594372796734,0.9462749117464492,0.9522472144050377,0.9995844793134396,0.9899514061539872
pix5,2,,14.262796582177534,12.634565789940932,0.0,5.557315149001636,7.292235852900313,2.9464384452999357,0.0,0.0,0.0,0.0,3.143821967608871,8.423863126764505,2.9929959090593607,0.8010893632463812,3.0412738990855575,0.7231809785920005,0.2221883578108357,0.0021826570699679613,1.9846330089747952,0.0,0.0,0.0,6.613666389778959,0.0,0.0,0.0,1.3740742361649922,3.1495289705826033,1.0366684873368655,0.21803273690999475,0.0,2.302086300434695,0.5392620200598308,0.13204014691810828,0.0,0.0,0.0,1.8804382184396615,0.0,14.844903191824844,0.41414343029402734,1.753397544185324,0.0,0.0,0.10335648661586702,10.098967382098325,0.49103810700508005,0.0,0.0,0.32504703803061974,1.806194836158286,0.0,0.02834693990407582,0.6502275982152708,0.0,0.5356497572651985,0.0,0.0,0.08916755022843671,0.25448652868233673,0.18319362458831365,5.149961207041609,3.3070522307696177,2.256048250428175,0.0,0.0,0.0,0.0,0.0,0.0,1.2127173701693532,0.4450317935849485,0.24188523944169055,2.115824610473296,0.18246883354640855,0.11557749832911088,0.0,0.0,0.0,2.902876901341018,1.039996136980658,0.6823646136586219,0.0,0.5940805194906974,0.0,0.0,2.440541429521285,0.13713522762005798,0.5555483355194242,0.10927828050558845,1.063401095695117,0.0,0.0,5.414940620835046,17.73463515029382,0.7011855607562972,1.279657521595845,0.0,0.0,0.3110302177016219,0.0,3.196201191422547,5.648196345366522,1.3643904216554903,4.550024858183317,1.1244101352394302,0.9891146761015582,0.0,0.0,0.0,0.0,0.6180758104182427,0.371249520604418,0.0,0.0,0.43190131044314817,0.0,0.5661497600252441,0.0
pix5,2,-2,14.259369185427408,12.601765792150408,0.0,5.558740866935588,7.27809286036549,2.94722723557117,0.0,0.0,0.0,0.0,3.145546130791245,8.423044235607538,2.9929686582367125,0.8011070628558681,3.0448440330426108,0.7231153018952349,0.22217716550199976,0.002192920008888522,1.979788829657824,0.0,0.0,0.0,6.6192295635338265,0.0,0.0,0.0,1.3760335434992126,3.149740160605541,1.0366760714419652,0.21803180659649357,0.0,2.3026153661975504,0.5393357909089749,0.13205389317498384,0.0,0.0,0.0,1.8812379986287444,0.0,14.84453593457146,0.414140130941658,1.7534427481515704,0.0,0.0,0.10383176165350769,10.09562580817988,0.4910395362288771,0.0,0.0,0.3250480355217603,1.8062353310375117,0.0,0.028348976814606353,0.6500630032228816,0.0,0.5356504413546727,0.0,0.0,0.08920370681536113,0.25448695672644034,0.18319279895537074,5.151036999596888,3.3070399709622365,2.2560631816288432,0.0,0.0,0.0,0.0,0.0,0.0,1.2129259535359003,0.44503419694325025,0.24188312903555353,2.115840453465868,0.18246871607860535,0.11557738255302882,0.0,0.0,0.0,2.9029664689188714,1.0399956975376023,0.6823670239933923,0.0,0.5940807393572942,0.0,0.0,2.4402366726811793,0.13714362974486666,0.5555750772668239,0.10927841999496865,1.063643763800827,0.0,0.0,5.414897748944977,17.73033327791868,0.701185934868798,1.2794498403014456,0.0,0.0,0.3110274247238123,0.0,3.196196042342657,5.648103464650768,1.3643881034666807,4.549801066940341,1.1244034841744837,0.9891080364807366,0.0,0.0,0.0,0.0,0.6181079480017467,0.3712800635481205,0.0,0.0,0.43187779632254514,0.0,0.5660334067880504,0.0
pix5,2,-1,14.227859375257047,12.316722691606214,0.0,5.5712625006280225,7.155337102191689,2.954234554849663,0.0,0.0,0.0,0.0,3.1598171288544403,8.415724847101815,2.9927263997256506,0.8012655368987525,3.07618621765584,0.7225518507304135,0.22207973891727248,0.002285337825784839,1.9377351760906292,0.0,0.0,0.0,6.666793508978685,0.0,0.0,0.0,1.393134808072692,3.1516206995272547,1.0367428871901576,0.21802340433034428,0.0,2.3072792341283774,0.539986955499081,0.1321772746431006,0.0,0.0,0.0,1.8884207713796115,0.0,14.841227192234049,0.41411075993203905,1.7538498513548568,0.0,0.0,0.1080927860591444,10.065660053402874,0.49105313659978533,0.0,0.0,0.3250571636639039,1.806593981313334,0.0,0.028367162623294397,0.6485896760146777,0.0,0.5356564701597234,0.0,0.0,0.08952815496431954,0.25449081594210077,0.18318552940536653,5.160649230329271,3.3069293617048907,2.2561971784826156,0.0,0.0,0.0,0.0,0.0,0.0,1.2148310969951526,0.4450558191828029,0.2418643119625091,2.1159846694057696,0.1824676645755493,0.11557639800739934,0.0,0.0,0.0,2.9037672821354885,1.0399917010945527,0.6823881004621093,0.0,0.594082633850125,0.0,0.0,2.4375083827050386,0.13721877378910788,0.5558149286355197,0.1092797455556286,1.0658238199243277,0.0,0.0,5.414509156049127,17.69172549129985,0.70118917729725,1.2775829310823918,0.0,0.0,0.3110024632509902,0.0,3.19615001076975,5.64726877803819,1.3643673020569949,4.5477852497303335,1.1243438830886106,0.9890484457833696,0.0,0.0,0.0,0.0,0.6183958587874937,0.37155429914267657,0.0,0.0,0.4316666033229092,0.0,0.5649927604713479,0.0
pix5,2,0,13.871290712741892,10.201795467392419,0.0,5.6730347714989735,6.253988258842636,3.016955492196449,0.0,0.0,0.0,0.0,3.221611390547837,8.345385526088263,2.9903986261445143,0.8027850711361119,3.3306216205838015,0.7190816752528434,0.2213662230716589,0.0032114449824571455,1.6294805267527654,0.0,0.0,0.0,6.9634528943627805,0.0,0.0,0.0,1.5245658385277239,3.169112355922552,1.0373297892853375,0.21793389316117037,0.0,2.346653359544296,0.5455481269373869,0.13337554534206084,0.0,0.0,0.0,1.9586718476528506,0.0,14.807838237021967,0.41384748716911873,1.7579951605849313,0.0,0.0,0.14911443287240878,9.77675434489327,0.49127203543667625,0.0,0.0,0.3251572148165327,1.8097453644447081,0.0,0.028540133686780978,0.6345745401639211,0.0,0.5357143162644793,0.0,0.0,0.092716686612464,0.25452990107585743,0.18312573089520257,5.250241356378416,3.3058039932021464,2.2575122771524803,0.0,0.0,0.0,0.0,0.0,0.0,1.2359246924786815,0.4452717069749367,0.24168762386883128,2.117541301121121,0.18245755299285427,0.11557065943216188,0.0,0.0,0.0,2.9113520699050466,1.039948680216277,0.682553480544887,0.0,0.5940956113268806,0.0,0.0,2.4113698030830815,0.13793311737985914,0.5581451212906885,0.10929920740761244,1.0872188008372525,0.0,0.0,5.410403063897523,17.31647305051159,0.7012115142363071,1.2591850930220398,0.0,0.0,0.3107665465158616,0.0,3.195713167516608,5.6389586741550355,1.3641646882573177,4.527561846996529,1.123767040898693,0.9884656828978216,0.0,0.0,0.0,0.0,0.6211779898270737,0.374245210522988,0.0,0.0,0.4296006870901366,0.0,0.5551375149229426,0.0
pix5,2,1,10.62162236920808,5.003353133346757,0.0,6.020437709258847,3.9676329916188995,3.3740050259212127,0.0,0.0,0.0,0.0,2.9354614738685902,7.688321668685444,2.959678139225084,0.8153438927239454,4.259294824571214,0.7627035063054372,0.22415798934123965,0.011960234035490359,1.131615485047084,0.0,0.0,0.0,6.356278775719817,0.0,0.0,0.0,1.9327032470164127,3.3106693124400444,1.0428277365388054,0.21621276949712873,0.4583299250188094,2.4940520957636125,0.5682584596677689,0.14230207912926326,0.0,0.40874012204024285,0.0,2.2832016408441405,0.0,14.412815827099323,0.4167464291206297,1.8708696741003619,0.0,0.0,0.4089799978054202,7.211414158425984,0.5141355343521165,0.0,0.0,0.3255838792143597,1.8011529685091767,0.0,0.032144053182210176,0.5244665144947052,0.0,0.5356215237284919,0.0,0.0,0.126919908432469,0.25493489827522897,0.18323972920622428,5.719684923804393,3.2942041564816553,2.271310511319729,0.0,0.0,0.0,0.0,0.0,0.0,1.4733322334369092,0.4474382687683125,0.2399807596498673,2.1349859448725956,0.18236397184302708,0.11558655793647736,0.0,0.0,0.0,2.9689836680773993,1.0394542530072322,0.682921825969084,0.0,0.5940864539021863,0.0,0.0,2.198087154921932,0.14345671097408969,0.5777209472373768,0.10987957336629577,1.2642790616516544,0.0,0.0,5.358982367046762,14.428921377294428,0.7009436915624229,1.1090056021143235,0.0,0.0,0.30895349560146484,0.0,3.1921479517912226,5.546909192019501,1.3625298826868626,4.338559425052546,1.117872406650513,0.9832391041040484,0.0,0.0,0.0,0.0,0.6458944799464524,0.3988082621863273,0.0007574103314430267,0.0,0.4132413657230706,0.0,0.48687680933062927,0.0
pix5,2,2,4.101157343517585,2.0994978963577955,0.7300898112692135,5.866397827325199,2.191261032625159,4.02048412635122,0.0,0.0,0.0,0.0,2.240746380779047,4.57721850602341,2.6617302476163216,0.8776019502870237,3.85012101674102,1.0584785675341364,0.2822178484326859,0.05356961476867263,1.8012607770209808,0.0,0.0,0.0,3.0329763253573168,0.5635807246319985,0.0,0.0,2.8383614125731103,3.9229846953980654,1.0945943792829218,0.19594398845238392,2.1124605689569953,2.1190723099326045,0.5993801960209353,0.15365112055246585,0.0,2.5053674964428017,0.0,3.1057855945244923,0.0,11.336489615425494,0.48962262101595944,2.5652944584564032,0.0,0.0,0.7021652606615336,2.574867923254988,0.7927850017806884,0.0,0.0,0.32254387517235783,1.6874932974350485,0.0,0.06131482589024681,0.5065183833754177,0.0,0.5667458869832629,0.0,0.0,0.45291997929690736,0.254932337739949,0.18889284799286343,4.335357001540445,3.165061732410979,2.363342625455098,0.0,0.0,0.0,0.0,0.0,0.0,1.8672129897362912,0.46813886927149007,0.2293017234380816,2.2713687166332526,0.1814626770441432,0.11563958960000233,0.013377361874822578,0.003355604686148293,0.0,3.1774227367426167,1.0362893579637404,0.6815041789401182,0.0,0.5928537409117723,0.0,0.0,1.4315683681862164,0.1886362014728218,0.6502111951099796,0.1219959184492066,1.8762851508974314,0.18185325838593447,1.719647326204685,4.678095621016126,6.2355758652800715,0.6919458089021812,0.8637196649530025,0.0,0.0,0.29825661151542365,0.0,3.1612910162471506,4.532492401704033,1.3446723433975265,3.3432214347772757,0.9950725716770852,0.956861028342986,0.0,0.0,0.0,0.0,0.7510803036384174,0.5315075311163189,0.09831248811296185,0.0,0.359197513631743,0.0,0.49430344167875945,0.042402042102979244
pix5,2,3,1.8019812648581928,1.3244269855052884,1.561412064111527,3.8820130258783334,1.422289527607466,3.980864298616551,1.0390338531814804,0.3015959443019371,1.5639619625466876,0.0,1.6511945425224541,2.241408378913021,1.6579539272545318,0.8956105617259209,2.2059163752222766,1.5748710464383089,0.34695788691861923,0.08390163963413987,1.7744004704851633,0.010911344069602978,0.0,0.0,1.6049617259998796,1.1380797923559367,0.28732007604067195,0.0,2.914548578742502,4.1761068212977035,1.3097628179446523,0.15790757087903712,1.3966465493824676,1.3837513181418135,0.6116755468949922,0.1896765035829911,0.5254733557101705,2.4258034390913825,0.2534749681677974,2.463055897221078,0.8482799174562015,4.657286050241009,0.9420537458275839,2.2387342394325915,0.0,0.0,1.161010303128204,1.4516494969833493,1.2229992386319701,1.0588943000300135,0.734851210293575,0.35452414614107525,1.606149210771153,0.0,0.31530013400607715,1.1429528489987653,0.4235846155711732,0.7268020319067849,0.7924739852417406,0.06428566775461797,0.8132310467874123,0.22743644052507947,0.1955962192860096,1.7005459897279278,2.3018431725219117,2.214367327970351,0.0,0.0,0.0,0.0,0.0,0.0,1.3040029215834275,0.5797974053202403,0.29539848795191104,2.552367935223107,0.1764566634883878,0.11623915488443208,0.688056579962647,0.04488313447824302,0.0,2.9285408487443614,1.0241833227755002,0.6807401155634935,0.7914417521517864,0.6150669820614022,0.0,0.4622362331279447,1.00908155917138,0.3707299953725315,0.7148407287912741,0.17517799455214758,2.1073671067446345,1.2377349817559051,1.3143240354032213,2.371795588887633,1.8928898188752896,0.70307825998465,0.9921516750884614,0.0,0.0,0.2975290683297568,0.9591040503291819,2.8173752770685914,2.176947246694748,1.2280626335254734,1.7914714055762362,0.5446874894715198,0.5677978128082751,0.18495233637913686,0.03730469806827711,0.4813217479277363,0.453435489912376,0.7293358725692416,0.7074154209503308,0.3679137653686438,0.3076209058396759,0.3166355394320746,0.0,0.8351563873342616,0.728641133348923
pix5,2,4,1.2142332999050114,1.102560307206918,1.2394575915343211,1.9595581423425996,1.1056789949498387,2.3088686660185083,1.0639993676047037,0.9895761567201561,1.5077456632237582,1.3897086668982068,1.2253056076041373,1.407112663313323,1.0827408964882015,0.8157402026404038,1.364108539987017,1.4317658471813604,0.4417315835530039,0.07791608024800863,1.2644901692562327,1.154006555756994,0.38103823420779936,0.0,1.1387179588655731,1.1339769043036454,0.5460855313144909,0.0,1.8010218694729554,2.453965819136942,1.3389298023728617,0.2062790968192842,1.076374453331611,1.11760788949337,0.738894737802439,0.3792484851544238,0.9959980376711219,1.2701852847940456,0.9279662675942494,1.2659252744829304,1.1604832415326423,1.5733242196336386,1.146797938203624,1.2699450142376023,0.0,0.0,1.057959494251135,1.0716970809025659,1.0917700312273466,1.0395178366210995,0.968967149257298,0.5833452320442208,1.218786629962042,0.7165620568247132,0.7560446188172619,1.1032879925139338,0.9454307257672109,0.9535493854907612,1.0218971669915948,0.8923558879849368,1.1953365292119946,0.236013795968768,0.11568310730591579,1.094948061843312,1.1976843259231138,1.297080704348448,0.6259175658224193,0.2514161231649931,0.14378545912599197,0.07700732243213142,0.0,0.0,1.0803353213282365,0.6676151441397927,0.5118108165741161,2.1983875822590146,0.1730074272919485,0.11633098435187507,0.9640189143366521,0.06733503976820804,0.0,1.8368691440918754,0.9618086407975375,0.6688265336578046,1.0000133204025112,0.7586747489221898,0.4956985286564082,0.9063480889395964,0.9920045108854949,0.7125630412225429,0.94857892559431,0.2645253651184038,1.4236794448929506,1.1009518336080824,1.0517967344079233,1.2382251372184225,1.1255448418615068,0.7874074440300559,1.1157245816203012,0.0,0.510698807451229,0.5353016347758066,1.1881590913766313,1.6185751347504256,1.3249843820254976,1.0071749901527698,1.2456085061533033,0.40170775770595873,0.3600861116104737,0.37554855013140853,0.2960490685890712,0.9323846128116533,0.9258966570301714,0.8431160987743331,0.8195895385253902,0.34148705897051773,0.29198465564148884,0.35304075901589294,0.0036838552877350647,0.9833878247890148,0.9027880218152528
pix5,2,5,1.03159259389081,1.0161465237068963,1.0408486200446745,1.1528553869899105,1.0155944529605887,1.2122748716701761,1.0125497159109806,1.0230225629746867,1.0963392990898106,1.2006162349741216,1.0361404582220963,1.0897116847605768,0.9958330180319657,0.6890456150690988,1.057077423553907,1.1297652326319259,0.8120057530026858,0.0,1.0430346939950736,1.085264644952371,0.8381825417614657,0.0,1.0198184551498632,1.0433580363274888,0.8664291786331063,0.20502542229418697,1.1326316377313865,1.3298400725533213,1.0640016631231461,0.16275935284481813,1.009685249230331,1.023735883914252,0.9228004708475781,0.5461174953907533,1.0050815811810394,1.030036520548973,0.9952503198214616,1.0298873779786746,1.03081765604813,1.062552597070069,1.0272852376570518,1.0314852982447715,0.0,0.0,1.0068919908988674,1.007686623231594,1.0113686255918208,1.00520797050687,0.9992979022935227,0.8886915514094433,1.02372971356062,0.9954727505883939,0.9639361527801567,1.0140848077714892,1.0090936329177844,0.9953649531127549,1.0040343363100575,0.9959020825410013,0.9886884596525846,0.33539767620351535,0.16979848380938883,0.9999902033636495,0.9832488556704105,0.9887305292508493,0.9333508654887297,0.7123356452534011,0.6485688277520918,0.8417682703869889,0.15912792007798884,0.0,1.0034612767368585,0.7688230297950069,0.7046402602932844,1.3021406076238111,0.17774628257216368,0.11343690089072286,0.9413274641081154,0.07580922254057192,0.0,1.1462679877379824,0.7914258543231618,0.6383236897644399,0.9965882632545622,0.860833732228839,0.7933113518232324,0.978314274152447,1.0022062996890524,0.7445118428017501,1.0576309879745793,0.3172860334661607,0.9529698111652356,1.0008863990091508,0.9986181942245695,1.0150937165237912,1.0053572648636202,0.6699019568440377,1.0277424901593915,0.33523381442535094,0.914411490621315,0.7203339600868546,1.030608511094156,0.9737376969942655,1.0515257144695676,0.8488076436550666,1.0313316286024032,0.43303962532269336,0.37961824459482313,0.4924947121201994,0.44086085784171364,0.9840141632400768,0.9817179082918001,0.8998448728191316,0.8887631870605364,0.4002068351313012,0.3452257193092116,0.4589269512409647,0.34008724907352644,0.9891789419671952,0.9271857131558977
pix7,1,,0.0,86.49717717750129,0.0,0.0,0.0,0.0,0.0,0.0,56.968298866653896,6.413575967900076,0.0,0.0,0.0,0.0,0.0,0.0,0.0,0.0,0.0,0.0,0.0,0.0,0.0,0.0,0.0,0.0,0.0,0.0,0.0,0.0,0.0,0.0,0.0,0.0,0.0,0.0,0.0,0.0,0.0,0.0,0.0,0.0,0.0,0.0,0.0,0.0,0.0,0.0,0.0,0.0,0.0,0.0,0.0,27.74921862646502,37.191130502198995,0.0,0.0,0.0,0.0,0.0,0.0,0.0,0.0,0.0,0.0,0.0,0.0,0.0,0.0,0.0,0.0,0.0,0.0,0.0,0.0,0.0,0.0,0.0,0.0,0.0,0.0,0.0,0.0,0.0,0.0,0.0,0.0,0.0,0.0,0.0,0.0,0.0,0.0,0.0,0.0,0.0,0.0,0.0,0.0,0.0,0.0,0.0,0.0,0.0,0.0,0.0,0.0,0.0,0.0,0.0,0.0,0.0,0.0,0.0,0.0,0.0,0.0,0.0,0.0
pix7,1,-2,6.217805786753491,2.163381758643762,0.0,0.0,0.0,0.0,1.0,1.0,34.77959844238464,9.243857975366362,0.0,0.0,0.0,0.0,0.0,0.0,0.0,0.0,0.0,0.0,0.0,0.0,0.0,0.0,0.0,0.0,0.0,0.0,0.0,0.0,1.0,1.0,1.0,1.0,0.0,0.0,0.0,0.0,0.0,0.0,0.0,0.0,0.0,0.0,0.0,0.0,0.8582021278032061,1.1302648851262995,1.255435899332596,0.0,0.0,0.0,0.0,20.49016445227905,23.851371103756073,0.0,0.40755732749799384,1.2664208842681492,0.0,0.0,0.0,0.0,0.0,0.0,0.0,0.0,0.0,0.0,0.0,0.0,0.0,0.0,0.0,0.0,0.0,0.0,0.0,0.0,0.0,0.0,0.0,0.0,0.0,0.0,0.0,1.0,1.0,0.0,0.0,0.0,0.0,0.0,0.0,1.0,1.0,0.0,0.0,0.0,0.0,0.0,0.0,0.0,0.0,0.0,0.0,0.0,0.0,0.0,0.0,1.0,1.0,0.0,0.0,0.0,0.0,0.0,0.0,1.0,0.0
pix7,1,-1,1.9213470048894654,1.2047696295061554,0.0,0.0,0.0,0.0,1.0,1.0,9.045393884045087,8.03556963872791,0.0,0.0,0.0,0.0,0.0,0.0,0.0,0.0,0.0,0.0,0.0,0.0,0.0,0.0,0.0,0.0,0.0,0.0,0.0,0.0,1.0,1.0,1.0,1.0,0.0,0.0,0.0,0.0,0.0,0.0,0.0,0.0,0.0,0.0,0.0,0.0,1.3991465600294,1.3791875532832332,1.4088590812323665,0.0,0.0,0.0,1.6148785276877213,6.132248081002718,6.3373859491405975,1.0219250963119302,1.229492521214541,1.3362668497212717,0.0,0.0,0.0,0.0,0.0,0.0,0.0,0.0,0.0,0.0,0.0,0.0,0.0,0.0,0.0,0.0,0.0,0.0,0.0,0.0,0.0,0.0,0.0,0.0,0.0,0.0,0.0,1.0,1.0,0.0,0.0,0.0,0.0,0.0,0.0,1.0,1.0,0.0,0.0,0.0,0.0,0.0,0.0,0.0,0.0,0.0,0.0,0.0,0.0,0.0,0.0,1.0,1.0,0.0,0.0,0.0,0.0,0.0,0.0,1.0,0.0
pix7,1,0,1.1067977243124405,1.0237230917431135,0.0,0.0,0.0,0.0,1.0,1.0,2.026599606742733,2.4915057762923323,0.0,0.0,0.0,0.0,0.0,0.0,0.0,0.0,0.0,0.0,0.0,0.0,0.0,0.0,0.0,0.0,0.0,0.0,0.0,0.0,1.0,1.0,1.0,1.0,0.0,0.0,0.0,0.0,0.0,0.0,0.0,0.0,0.0,0.0,0.0,0.0,1.0624499072554374,1.0553956777234794,1.05181090611552,0.0,0.0,0.0,1.3267393395482976,1.6503772016886065,1.6186190509803158,1.0220375952959717,1.0364974334690742,1.0424623767255567,0.0,0.0,0.0,0.0,0.0,0.0,0.0,0.0,0.0,0.0,0.0,0.0,0.0,0.0,0.0,0.0,0.0,0.0,0.0,0.0,0.0,0.0,0.0,0.0,0.0,0.0,0.0,1.0,1.0,0.0,0.0,0.0,0.0,0.0,0.0,1.0,1.0,0.0,0.0,0.0,0.0,0.0,0.0,0.0,0.0,0.0,0.0,0.0,0.0,0.0,0.0,1.0,1.0,0.0,0.0,0.0,0.0,0.0,0.0,1.0,0.0
pix7,1,1,1.0109224319279875,1.0024260621237122,0.0,0.0,0.0,0.0,1.0,1.0,1.1066582536253327,1.1665758718238013,0.0,0.0,0.0,0.0,0.0,0.0,0.0,0.0,0.0,0.0,0.0,0.0,0.0,0.0,0.0,0.0,0.0,0.0,0.0,0.0,1.0,1.0,1.0,1.0,0.0,0.0,0.0,0.0,0.0,0.0,0.0,0.0,0.0,0.0,0.0,0.00027131506630826715,1.0065797489538892,1.0058812843392704,1.0053121332553259,0.0,0.0,0.0,1.0430215133824978,1.0678383466750911,1.062883332974925,1.0026366442933476,1.0039204266217647,1.0043521844726182,0.0,0.0,0.0,0.0,0.0,0.0,0.0,0.0,0.0,0.0,0.0,0.0,0.0,0.0,0.0,0.0,0.0,0.0,0.0,0.0,0.0,0.0,0.0,0.0,0.0,0.0,0.0,1.0,1.0,0.0,0.0,0.0,0.0,0.0,0.0,1.0,1.0,0.0,0.0,0.0,0.0,0.0,0.0,0.0,0.0,0.0,0.0,0.0,0.0,0.0,0.0,1.0,1.0,0.0,0.0,0.0,0.0,0.0,0.0,1.0,0.0
pix7,1,2,1.000918560598697,1.0002041332805423,0.18119420059756916,0.892361996266998,0.8233529515246377,0.6119694241434187,1.0,1.0,1.0088660155155469,1.011381580136436,0.780256442217898,0.7735651915505802,0.0,0.0,0.6634195280144692,0.6397523546211701,0.0,0.0,0.42342522499533786,0.37950552831254875,0.0,0.0,0.2510309125213109,0.19369565881291406,0.0,0.0,0.7902125577988973,0.7871963806344786,0.0,0.0,1.0,1.0,1.0,1.0,0.0,0.0,0.0,0.0,0.47323764311545446,0.5091973630685855,0.6791125242768783,0.6896715242412679,0.0,0.0,0.8959969072199109,0.8982094438813176,1.000567455173348,1.0004901858231894,1.0005162877055578,0.7800537233858033,0.7864313307295361,0.7472231647358691,1.003794241613707,1.0059254712429142,1.006175239025438,1.0002318991382215,1.0003352545960216,1.0004228203431142,0.0,0.0,0.0,0.0,0.0,0.0,0.0,0.0,0.0,0.0,0.0,0.0,0.0,0.0,0.0,0.0,0.0,0.0,0.0,0.0,0.0,0.0,0.0,0.0,0.0,0.0,0.0,1.0,1.0,0.0,0.0,0.0,0.0,0.0,0.0,1.0,1.0,0.0,0.0,0.0,0.0,0.0,0.0,0.0,0.0,0.0,0.0,0.0,0.0,0.0,0.0,1.0,1.0,0.2439175251726159,0.0,0.0,0.0,0.0,0.0,1.0,0.0
pix7,1,3,1.0000769824127012,1.0000170822808114,0.9143349355232566,0.9884707476845143,0.9814883341864651,0.9588953476759527,1.0000000000000002,1.0000000000000002,1.00062890986069,1.0007307553929017,0.9769425865258824,0.974953065219171,0.7706727952048535,0.0,0.9647685073582368,0.9603119698172861,0.6926674918190013,0.0,0.9394649585086966,0.9312998908367454,0.46811699240787347,0.0,0.9218814221312366,0.9116800662430222,0.31596791667236235,0.0,0.9775836072438172,0.9757754947492848,0.7660947012204878,0.21382234302603695,1.0000000000000002,1.0000000000000002,1.0000000000000002,1.0000000000000002,0.871912741993728,0.8870572345038467,0.7916493873323333,0.8241672888273387,0.9402440368997034,0.946362472773727,0.9661917572412089,0.966909437345683,0.0,0.0,0.9890063804247428,0.9889852960037688,1.000043407477821,1.0000307032110982,1.000020836489354,0.9771680722047454,0.9774516859468164,0.972725264093644,1.0001631305037335,1.0003691098013052,1.0002533646928378,1.000013334392701,1.0000196161000048,1.0000166554600625,0.5808597355720432,0.33192855109857455,0.0,0.8072024140164197,0.7618582112146014,0.5631413795413297,0.012473168064289136,0.0,0.0,0.40476356274921094,0.059703720143381094,0.0,0.6790812406720371,0.17762406661821536,0.0,0.6080817586614509,0.2320797328108813,0.0,0.5224441638228837,0.0,0.0,0.806701920411266,0.417468796404853,0.0,0.8252620082829428,0.7969964781893264,0.6346084566156383,1.0000000000000002,1.0000000000000002,0.590101111780601,0.8739490771630889,0.0,0.27048147102928993,0.4476421863308829,0.7616893889768854,1.0000000000000002,1.0000000000000002,0.09397647395230879,0.6585616994677731,0.17158879412754954,0.5449586411591445,0.5789847348423688,0.8253468548121271,0.5892124322227117,0.697007842756627,0.3231966616278493,0.7571260413760081,0.6859490431171952,0.417342167661559,0.5406586286801119,0.1539767841201737,1.0000000000000002,1.0000000000000002,0.8767738676559856,0.7666046145559025,0.6382390502456041,0.32915825116202485,0.0,0.04984759639194574,1.0000000000000002,0.6800451412919476
pix7,1,4,1.0000064037817185,1.0000014057321125,0.9911265322049219,0.9987824510687938,0.9980800755262872,0.9956986871115692,1.0,1.0,1.0000408966582184,1.0000547851689003,0.997602161025244,0.9974044657701531,0.9749854156887098,0.8208222297383315,0.9963496831487466,0.9958953288039611,0.9667723822447081,0.7707749920251646,0.9937107836150207,0.9928814780628453,0.9420868662154579,0.5551134412571359,0.9919281202030505,0.9908856896546464,0.9264077299112329,0.4275365135614405,0.9976372965295075,0.9974626367416815,0.9739974775686367,0.8574275518699643,1.0,1.0,1.0,1.0,0.9867404904234444,0.9882334182257985,0.9776147805143156,0.9813429286456294,0.9935973783928859,0.9942385029951205,0.9962977138136023,0.9964021799988573,0.0,0.0,0.9988747691479636,0.9988508359359375,1.000001514961902,0.9999997940587315,0.9999995013504688,0.9976692240524477,0.9976629581325936,0.9970600180920081,0.9999950070682888,1.000011765137643,0.9999899901594339,1.000000295418606,1.0000004935304747,0.9999994949865032,0.9437695816806687,0.889337881225021,0.8018826663227108,0.974844033439946,0.9626737495613403,0.9321160065897155,0.870142025172462,0.749741394379603,0.5636280385232156,0.9192209219565569,0.841790777769256,0.7229272752712345,0.9595036396294269,0.8688530244541466,0.7542203124901165,0.9477273898760458,0.8638157443525747,0.7977596410755317,0.9381436259745753,0.7851032863503303,0.557292940651588,0.9745644477429407,0.9079462773089934,0.8263650498730549,0.9770667940635773,0.9661380737491326,0.9400057260285097,1.0,1.0,0.9342571555202092,0.9857889391558652,0.4147294583580125,0.9052081638402673,0.9176114695710269,0.9697727405712799,1.0,1.0,0.8535967971653989,0.9551148382411263,0.8635168780431373,0.9381966304685762,0.9340667184665414,0.9767743087496111,0.9349385914983553,0.9602207656233657,0.8960900833830523,0.9675567892912783,0.9461711809290385,0.9120347612965751,0.9219541810147596,0.8736105875673206,1.0,1.0,0.9790253252374225,0.9652565383704762,0.938163940331953,0.8991083144454213,0.795914616730584,0.8480649196508527,1.0,0.9494480384010017
pix7,1,5,1.0000006139404463,1.0000001343571583,0.9991041138026209,0.9998764995300361,0.9998061064802557,0.9995646054732483,1.0,1.0,1.0000035213562508,1.000004938349755,0.9997576010904483,0.9997377218006841,0.9974573973715667,0.979302458371194,0.9996314530579331,0.999585463843865,0.9966295820845408,0.9735691617166286,0.9993645120824717,0.9992806975095725,0.994116346392814,0.9486261458163056,0.9991855558165823,0.9990800986999706,0.9925385330243083,0.9342237999234401,0.999760393185483,0.9997428525839958,0.9973517025979971,0.9832672429660188,1.0,1.0,1.0,1.0,0.9986647067075614,0.9988097259559111,0.9977252378163539,0.9980995127016135,0.9993464961906873,0.9994106459059123,0.9996179365937758,0.999629934925189,0.0,0.0,0.999886799028867,0.9998837437652053,1.0000000674668241,0.999999884455519,0.999999905547358,0.9997656933266033,0.9997640774101563,0.9997015675904697,0.999998861398584,1.0000004174165995,0.9999983422975693,1.0000000015212158,1.0000000099252615,0.9999999119319526,0.9938359922625796,0.9878939162759788,0.9768169666799039,0.9972538360993312,0.9959425520473179,0.9921283170589462,0.9858067173218648,0.9727458298871475,0.9492419632727259,0.9911186959379163,0.9826618301849097,0.9674720477612757,0.9956340641398013,0.9857196520730401,0.9715112706096006,0.9942853612707773,0.9849991615907415,0.9759724883142036,0.9932860241088007,0.9764972657838827,0.9483830771919072,0.9972209270001928,0.9899874781275154,0.9799167610881568,0.9975003301100266,0.9962923467203321,0.9929830029986931,1.0,1.0,0.9922692943603223,0.9985524764610548,0.931749932905718,0.9896720689734853,0.9904460171233812,0.9967255222355271,1.0,1.0,0.9827699942204701,0.9951159178821538,0.9838781986403524,0.9932086086359903,0.9922866170320311,0.9974520894948977,0.9923693490002504,0.9956571531052535,0.9878837578413299,0.9964361879021064,0.9937324903040858,0.9901679951801795,0.990922123474762,0.985893710798807,1.0,1.0,0.9975598643412809,0.9961257399244384,0.9928024380754625,0.9887294307221935,0.9763995011581571,0.982452755462035,1.0,0.994172265754062
pix7,2,,1.6742591186089364,36.17609925142502,0.0,2.5879033631049464,0.0,0.0,0.0,0.0,42.18994149772972,4.6451598127729214,0.0,0.0,0.0,0.0,0.0,0.0,0.0,0.0,0.0,0.0,0.0,0.0,0.0,0.0,0.0,0.0,0.0,1.9549895032975622,1.989718374075459,0.6680301382888062,0.0,0.0,0.0,0.0,0.0,0.0,0.0,0.0,0.0,12.854652747319506,2.569997054226577,1.6391261868253293,0.0,0.0,1.1078552326193452,7.9081086268079614,1.1073010730210808,0.0,0.0,2.8648409003863775,6.3836448391284435,0.0,0.0,2.152754646019501,2.4487379374868823,0.0,0.0,0.0,0.3577370318258938,0.38765352017541893,0.0,0.0,0.0,0.0,0.0,0.0,0.0,0.0,0.0,0.0,0.0,0.0,0.0,3.9107300896516124,0.13855077962816578,0.24174240366259975,0.0,0.0,0.0,0.0,0.0,0.0,0.0,2.5230109813136368,1.2971323584183212,0.0,0.0,2.0446157815216743,0.8716861641567951,0.0,0.0,0.0,0.0,0.0,0.0,0.3238921109693289,1.2344876514484375,0.6070410103455672,2.434948525169794,0.0,0.0,1.2643717304859177,0.0,0.0,0.0,1.0395128371432416,0.789672187466292,0.0,0.0,0.0,0.0,0.0,0.0,0.0,0.0,0.0,0.0,0.0,0.0
pix7,2,-2,8.307729462929471,3.6151926003133785,0.0,2.8354252191382194,0.0,0.0,1.0,1.0,41.82603576138048,4.68278878146966,0.0,0.0,0.0,0.0,0.0,0.0,0.0,0.0,0.0,0.0,0.0,0.0,0.0,0.0,0.0,0.0,0.0,1.9439784809209208,1.9903690890912216,0.6679183376887471,1.0,1.0,1.0,1.0,0.0,0.0,0.0,0.0,0.0,12.843438317429966,2.5692429677589947,1.646189748223529,0.0,0.0,1.1135141617442088,7.85907765773322,1.1025766094554328,0.0,0.0,2.8667291608768704,6.391328580988683,0.0,0.0,2.175450279321639,2.4368126738968394,0.0,0.0,0.0,0.35896600523292904,0.38765147137279854,0.0,0.0,0.0,0.0,0.0,0.0,0.0,0.0,0.0,0.0,0.0,0.0,0.0,3.910796774739793,0.1385855640223226,0.24172293194407038,0.0,0.0,0.0,0.0,0.0,0.0,0.0,2.5228098930140628,1.2975011837159718,1.0,1.0,2.043878456777195,0.8712154147285736,0.0,0.0,0.0,0.0,1.0,1.0,0.32387377142174295,1.2374917091160733,0.6069219745199378,2.4331676713360735,0.0,0.0,1.265615578246559,0.0,0.0,0.0,1.0394808365510713,0.7896988988495459,0.0,0.0,1.0,1.0,0.0,0.0,0.0,0.0,0.0,0.0,1.0,0.0
pix7,2,-1,5.075566887297745,2.0007649197549418,0.0,4.552053737159201,0.0,0.0,1.0,1.0,39.132841286943126,4.951724558742303,0.0,0.0,0.0,0.0,0.0,0.0,0.0,0.0,0.0,0.0,0.0,0.0,0.0,0.0,0.0,0.0,0.0,1.8740333707179413,1.9960765139867933,0.6668449972667418,1.0,1.0,1.0,1.0,0.0,0.0,0.0,0.0,0.0,12.763938543567546,2.564973627882666,1.7038705081530332,0.0,0.0,1.1598675492745174,7.58166415324279,1.0775355222963352,0.0,0.0,2.883257874814123,6.354397064003703,0.0,0.0,2.290781417055423,2.3742257655302,0.0,0.0,0.0,0.37106728055172156,0.38810193829012285,0.0,0.0,0.0,0.0,0.0,0.0,0.0,0.0,0.0,0.0,0.0,0.0,0.0,3.911299046479729,0.13860453902092443,0.2414475215920187,0.0,0.0,0.0,0.0,0.0,0.0,0.0,2.5211308818895097,1.301378711492052,1.0,1.0,2.0407332697089857,0.8662064282541383,0.0,0.0,0.0,0.0,1.0,1.0,0.3238963002377112,1.2644210641927076,0.6071131131058396,2.4162978362927365,0.0,0.0,1.2673930813231646,0.0,0.0,0.0,1.039305822864841,0.7897902706021521,0.0,0.0,1.0,1.0,0.0,0.0,0.0,0.0,0.0,0.0,1.0,0.0
pix7,2,0,0.05839353242495764,0.7864147769259511,0.0,5.075028162223682,0.0,3.871307641649475,1.0,1.0,17.98204540746631,6.034360243183768,0.0,0.0,0.0,0.0,0.0,0.0,0.0,0.0,0.0,0.0,0.0,0.0,0.0,0.0,0.0,0.0,3.5118306607673695,1.5260831024321906,2.0150855150701457,0.660077534200282,1.0,1.0,1.0,1.0,0.0,0.0,0.0,0.0,0.0,12.009740824302384,2.545909718394475,2.2219434008662926,0.0,0.0,1.4683912919432578,5.8984503543905635,0.9499317436866759,0.0,0.0,3.004200827291941,5.8405851814937115,0.0,0.0,3.0804725152026213,2.005112583766356,0.0,0.0,0.010664061591062575,0.5104465006156841,0.3934156626401916,0.0,0.0,0.0,0.0,0.0,0.0,0.0,0.0,0.0,0.0,0.0,0.0,0.0,3.8815793505556555,0.13870397826036027,0.23974505416359157,0.0,0.0,0.0,0.0,0.0,0.0,0.0,2.5033869700674485,1.322580212570381,1.0,1.0,2.0065765706140617,0.8379577932521581,0.0,0.0,0.0,0.0,1.0,1.0,0.3243103423450999,1.339406067365227,0.612215066862139,2.347416176361841,0.0,0.0,1.2817104667915389,0.0,0.0,0.0,1.0382505286995973,0.790095120389153,0.0,0.0,1.0,1.0,0.0,0.0,0.0,0.0,0.0,0.0,1.0,0.0
pix7,2,1,0.9910610820094437,0.9969119006323144,0.0,3.4402779430680432,1.0057483411876198,5.7423832717247505,1.0,1.0,4.506927418913427,3.883453820660755,1.2443324389204846,0.6466206391936407,0.0,0.0,0.3177891429674834,0.0,0.0,0.0,1.5637981505328993,0.0,0.0,0.0,0.0,0.0,0.0,0.0,4.344196057077036,2.3797500059700556,2.0586197573807317,0.6492717986123803,1.0,1.0,1.0,1.0,0.031465280908341,0.051550020264182025,0.0,0.0,0.3759203629449443,8.085471281607752,2.782875661643868,3.1469899367116163,0.0,0.0,2.083418030353421,3.220993152095967,1.0492021306862982,0.7514771648568689,0.9047327481271288,3.1451164115563994,3.58308410832332,0.0,0.2838846566353732,3.523558633975872,1.3094162107408438,0.7418171537997685,0.9084295243143149,0.9184681695166392,1.0603988641429543,0.4379413441575144,0.0,0.0,0.08432436957307113,0.0,0.0,0.0,0.0,0.2987212442769178,0.0,0.0,0.0,0.0,0.0,3.613955425244766,0.1436045145583677,0.2383552803665957,0.0,0.0,0.0,0.0,0.0,0.0,0.0,2.3055621175727326,1.3756120826421085,1.0,1.0,1.7827153115498082,0.8023046243681986,0.0,0.0,0.0,0.0,1.0,1.0,0.33652305144904837,1.4349872503882313,0.6493189513578068,1.8120317024994668,0.0,0.0,1.366709716020522,0.0,0.0,0.0,0.9188849582816357,0.7900627160190135,0.0,0.0,1.0,1.0,0.0,0.0,0.10682758070894623,0.0,0.0,0.0,1.0,0.0
pix7,2,2,1.1148416825400933,1.0253907743766502,1.3979902609614847,2.0634672875177293,1.1991260812195808,2.899255447705451,1.0,1.0,1.8158740308705645,1.676843143713563,1.3603507933932908,1.218822402797329,0.4955624409822471,0.0,1.258256717368743,0.9517037589625976,0.0,0.0,1.8366647675532382,0.9517146640171015,0.09461698859270938,0.0,0.8055538828025137,0.3468387259413045,0.0,0.0,2.438851808921031,2.2105946527391036,1.8929579436413677,0.65212161289584,1.0,1.0,1.0,1.0,0.5756754537727031,1.3867466904540928,0.1261727807485228,1.1933606731420117,1.0373513288594187,2.5090111420186,2.3540055093231835,1.7128954114977437,0.0,0.0,1.4168844651934795,1.3940592319883147,1.069290792821127,1.023432384700296,1.0014795526796745,2.0241744427691395,1.5478156698319996,0.7956843524923543,1.0548996664013959,1.6365497473091972,1.1015126607457981,1.003379388510447,1.0194285490548236,1.0000780515049494,1.2320683696424133,0.5788239082480445,0.0,0.3720215599675642,0.6640439525981292,0.06731392401779937,0.0,0.002401105576986494,0.0,0.917383429769098,0.0,0.0,0.0,0.0,0.0,2.3889608843141117,0.17318359384894919,0.25887859465073126,0.4187779807446012,0.0,0.0,0.570966961319497,0.0,0.0,0.8070962451479256,1.4774333826526933,1.3101094399166844,1.0,1.0,1.2931970643783592,0.89677137781919,0.0,0.0,0.0,0.0,1.0,1.0,0.43188913434412496,1.2506455012729365,0.7494145606751611,1.1471232650656231,0.0,0.4157393553691134,1.297547542305065,0.18128934876583103,0.0,0.04643514545384548,0.51612883459275,0.5211784785120936,0.0,0.0,1.0,1.0,0.4220047314785998,0.334996669705625,0.35734476020491407,0.15906961426347033,0.0,0.0,1.0,0.0
pix7,2,3,1.020905229183322,1.0046238267294876,1.1192598895785821,1.1857220237795687,1.0433768180827967,1.3382739108889379,1.0000000000000002,1.0000000000000002,1.1324711449167018,1.1843078526870683,1.0732200270120535,1.1070571778207365,0.8695952498229104,0.024116470114642005,1.0650819650382541,1.0852645061534947,0.768589400086406,0.0,1.1774897833075382,1.2094125273742438,0.6498999175971698,0.0,1.0163010327801352,1.0139219121706122,0.37616706764648516,0.0,1.26352844247495,1.4042607415123556,1.0592487595905486,0.4616307891988442,1.0000000000000002,1.0000000000000002,1.0000000000000002,1.0000000000000002,0.9346871478628418,1.0617390364275174,0.7813359903791423,1.0484608647995028,1.0347858023708338,1.1855382660522942,1.2549748970199042,1.0977506609196994,0.0,0.0,1.0604075989666168,1.0481246470861336,1.0102964877045857,1.0054742680509625,1.0019688020678397,1.1607154695870932,1.071412099982972,0.9807831264994988,1.024462993573515,1.0832113625174993,1.0181408426377567,1.0022789443178997,1.0036727992409815,1.0014312284749656,0.9275198713432729,0.4561918042128875,0.2452910217981142,0.8706169977073236,0.8619726968409541,0.7416744891047594,0.4025312484358127,0.06354927716936859,0.0,0.8129673467740206,0.024974260632630793,0.0,0.7778900896745061,0.23698036182404159,0.0,1.1356516210687917,0.15291698535766055,0.24324140459422983,0.7988757716992445,0.0,0.0,0.9317608882246335,0.45030227526386135,0.0,0.9308617925839123,0.884965672439415,0.8426691867350959,1.0000000000000002,1.0000000000000002,0.8461301663556992,0.9639452939766349,0.0,0.5367216934731142,0.5290569295660965,0.7702699848786371,1.0000000000000002,1.0000000000000002,0.5529403688025664,0.9476324747125093,0.5820762414952275,0.8863022210416516,0.6854592382452536,0.90808745895198,0.9094047463903194,0.86791917152464,0.44432034094746903,0.8613878946824627,0.4179380717265321,0.3702515863655462,0.18784297016114446,0.08807441095996558,1.0000000000000002,1.0000000000000002,0.7437812317595414,0.7211828653043445,0.34503193183901154,0.27313184290460557,0.006236653277274304,0.24453652592509104,1.0000000000000002,0.7103720196605
pix7,2,4,1.002296896813639,1.0005076833562734,1.0132304075570135,1.0201092839823984,1.00472635654912,1.0365416717409732,1.0,1.0,1.0141483865784946,1.0254834541521018,1.007942415116513,1.0158827124811174,0.9626562528989114,0.4185925947617146,1.0071887214587185,1.0143058924617947,0.9516454859153619,0.3539057319671897,1.0193738802025114,1.0350945808453231,0.9026107301432998,0.0,1.0021869016405383,1.00698670706491,0.9091409419785578,0.0022420734548926967,1.0285961214646966,1.0562419875236428,0.9486240764279856,0.0,1.0,1.0,1.0,1.0,0.9924906225508372,1.005264909384603,0.9717556276737415,1.0029289576849791,1.0021908715301295,1.01689159194432,1.0261943824575275,1.0088482163291623,0.0,0.0,1.0061834859361471,1.0045992767141179,1.001012764921518,1.000521693361623,1.0001888139797406,1.0167746663847823,1.0069083722462493,0.9970512818288828,1.002181338005394,1.007926368082246,1.0009578423997498,1.0002370529407938,1.0003594273193506,1.0001333111456225,0.8774085664026663,0.5232563873373951,0.42375442123846757,0.9646847675307738,0.9238828850598594,0.8925456370103386,0.7729745395593531,0.3157489050533665,0.15647030939733694,0.7968094510382154,0.19445231173118266,0.0463339857943418,0.9427891110313376,0.6195285492434751,0.4834084046298783,0.9010829391129684,0.11631667582263994,0.09714593506880416,0.8709024484865892,0.03842688908473019,0.0,0.955601463007194,0.7690755648101553,0.6808505990321898,0.9543436830974227,0.8415407035731294,0.8095158023079881,1.0,1.0,0.8317706710733291,0.9868755810848391,0.09117595380116256,0.8449620462961882,0.9340548966811728,0.9702234266717429,1.0,1.0,0.5637618304678715,0.8961935626469439,0.5398431414984437,0.8369766302128544,0.84423904789429,0.9601984888453144,0.8640317732740626,0.9369398750144732,0.8320538732824316,0.9414917689948077,0.6223808706179067,0.5684455100360695,0.5290503173578242,0.46043435850742837,1.0,1.0,0.864827712801471,0.8459819803906525,0.585165973770017,0.5251171935457734,0.30965836772242944,0.5449857781726827,1.0,0.8698141093882749
pix7,2,5,1.0002182078811648,1.0000479944991556,1.000950369740199,1.0017769274238435,1.0003626947484265,1.0031023235499434,1.0,1.0,1.0012128374906888,1.0024039181038316,1.0006321150486839,1.0014805665590445,0.9929230039945629,0.7358726301924545,1.0005498058990387,1.0013124711851775,0.9921311898869314,0.7092638333994116,1.0015169911993949,1.0032110363896611,0.9826207531990958,0.4328956764089812,1.000040568855721,1.0005696553748402,0.9877318373249451,0.6453712677876746,1.0024383508747847,1.0053526377410373,0.9868683456544206,0.42368396783905166,1.0,1.0,1.0,1.0,0.9990282418493843,1.000130228417895,0.9963737749481116,0.9994444583943523,0.9993707910658671,1.0008283420039408,1.001880322059936,1.0002734353063674,0.0,0.0,1.0005698514155887,1.000353673464121,1.0000650865878764,1.0000146461361625,0.9999974061857736,1.0016100819778975,1.0005610624905759,0.9994331755812952,0.9999823474514496,1.000490031074782,0.9998137206934583,1.0000130581876776,1.0000199405607002,0.9999951318408323,0.9407485069613416,0.795933245441497,0.7063681794154554,0.9890816722257336,0.9726450302441313,0.9587460246488532,0.9193718925193898,0.7372254658178262,0.6221911269130277,0.9048501153976656,0.6604924129463976,0.5169969178666743,0.9810416282184216,0.8526493975257778,0.79008574155229,0.9436266850326706,0.5740868855483814,0.4057210232129447,0.9446644347463233,0.5998874681679198,0.4310614512432299,0.9802070167826458,0.9142142998726023,0.8736217484815509,0.9804284586350935,0.9316271336675236,0.901599157587182,1.0,1.0,0.910066173633362,0.9968911488973284,0.647009132357692,0.9425338180281994,0.9881639744528582,0.9953521825266258,1.0,1.0,0.7642389727492543,0.9493594978200469,0.749192328864779,0.9217129035285803,0.9276537273375886,0.9837769082654622,0.9237229856666542,0.9739834772819924,0.9307499462889975,0.9759294321729622,0.8728236827212312,0.858473645908283,0.8444717744201717,0.8269315856069892,1.0,1.0,0.9560991843299734,0.9511195451679247,0.8608690733397693,0.8453068482391013,0.6772027986747976,0.7968814185640336,1.0,0.9440086477419238
thermal100,1,,53.46452790170364,0.0,0.0,0.0,0.0,0.0,0.0,0.0,14.935435115392949,3.376059065841284,0.0,0.0,0.0,0.0,0.0,0.0,0.0,0.0,0.0,0.0,0.0,0.0,0.0,0.0,0.0,0.0,0.0,0.0,0.0,0.43768906844078653,20.67765290173597,5.700202686006266,2.285506358305459,0.7428318054967347,0.0,0.0,0.0,0.0,0.0,0.0,0.0,0.0,0.0,0.0,0.0,0.0,0.052588835561706765,22.99005015218153,35.07962092174905,0.2531235558691731,0.0,0.0,0.0,5.308171568948184,10.714755486579156,0.25373890115349407,0.8532543091525817,0.0040649436704205295,0.0,0.0,0.0,0.0,0.0,0.0,0.0,0.0,0.0,0.0,0.0,0.0,0.0,0.0,0.0,0.0,0.0,0.08245277638580767,0.0,0.0,0.0,1.1671513012465307,0.05063428930849337,0.0,0.0,0.0,0.0,38.70577967702482,22.1377641720557,0.0,0.03476660926316147,0.0,0.0,0.0,0.0,12.283088826880041,51.79189369167273,0.0,0.0,0.0,0.0,0.0,0.0,0.0,0.0,0.0,0.0,0.0,0.0,0.0,0.0,8.33271905315721,6.651429608354669,0.0,0.0,0.0,0.0,0.0,0.0,13.429832577737962,0.0
thermal100,1,-2,50.240345747806074,1.9241115958731483,0.0,0.0,0.0,0.0,0.0,0.0,15.062967360965173,3.3762996972454222,0.0,0.0,0.0,0.0,0.0,0.0,0.0,0.0,0.0,0.0,0.0,0.0,0.0,0.0,0.0,0.0,0.0,0.0,0.0,0.4392604422891317,20.280678093824186,5.748258419252625,2.2989012873550396,0.7591001183650906,0.0,0.0,0.0,0.0,0.0,0.0,0.0,0.0,0.0,0.0,0.0,0.0,0.17393443430211503,21.47339184401505,26.99398408127089,0.2505094224855663,0.0,0.0,0.0,5.501875768841863,11.680264469956805,0.25041658917295667,0.9704589784343709,0.6100323783946329,0.0,0.0,0.0,0.0,0.0,0.0,0.0,0.0,0.0,0.0,0.0,0.0,0.0,0.0,0.0,0.0,0.0,0.08303935453787298,0.0,0.0,0.0,1.175085497002237,0.0511751229734442,0.0,0.0,0.0,0.0,38.41776486232943,21.44709137505457,0.0,0.10337215757563321,0.0,0.0,0.0,0.0,12.317912771030128,51.04514061212439,0.0,0.0,0.0,0.0,0.0,0.0,0.0,0.0,0.0,0.0,0.0,0.0,0.0,0.0,8.27638000429789,6.656925642457192,0.0,0.0,0.0,0.0,0.0,0.0,13.330815149802069,0.0
thermal100,1,-1,33.47762421146359,10.316561614926703,0.0,0.0,0.0,0.0,1.5420425527094515,0.0,15.478079065667961,3.3951410355911116,0.0,0.0,0.0,0.0,0.0,0.0,0.0,0.0,0.0,0.0,0.0,0.0,0.0,0.0,0.0,0.0,0.0,0.0,0.0,0.44989712656991376,17.05839066112162,6.055704234902848,2.3976811800371474,0.8847656364235533,0.0,0.0,0.0,0.0,0.0,0.0,0.0,0.0,0.0,0.0,0.0,0.0,0.7934773149471336,13.784236710327772,10.145839597051387,0.2388524775880743,0.0,0.0,0.0,6.401761138496506,13.047756617419164,0.23810154197634417,1.6137679639593063,2.2228227839687396,0.0,0.0,0.0,0.0,0.0,0.0,0.0,0.0,0.0,0.0,0.0,0.0,0.0,0.0,0.0,0.0,0.0,0.08696410379806767,0.0,0.0,0.0,1.2390770754136216,0.055106385652874686,0.0,0.0,0.0,0.0,36.02314941013521,16.926026178866984,0.0,0.5251433257127159,0.0,0.0,0.0,0.0,12.587604765993953,45.32778446235299,0.0,0.0,0.0,0.0,0.0,0.0,0.0,0.0,0.0,0.0,0.0,0.0,0.0,0.0,7.804573937744514,6.673077248458928,0.0,0.0,0.0,0.0,0.0,0.0,12.524482557906774,0.0
thermal100,1,0,10.271192585092923,4.7868512703599055,0.0,0.0,0.0,0.0,3.502481559623804,0.8450289096378281,14.826569183923645,3.6257252701948137,0.0,0.0,0.0,0.0,0.0,0.0,0.0,0.0,0.0,0.0,0.0,0.0,0.0,0.0,0.0,0.0,0.0,0.0,0.0,0.49052948685452963,7.642536695031009,5.847976769247029,2.726939891467012,1.4109349952051977,0.0,0.0,0.0,0.0,0.0,0.0,0.0,0.0,0.0,0.0,0.0,0.0,1.6665659263633203,4.358534905078918,3.2344110035051874,0.22197063318216695,0.184868314158167,0.0,0.0,6.343531301579942,9.701388381772043,0.3431196235310974,2.668426575199633,3.8151363497285753,0.0,0.0,0.0,0.0,0.0,0.0,0.0,0.0,0.0,0.0,0.0,0.0,0.0,0.0,0.0,0.0,0.0,0.09310668190468907,0.0,0.0,0.0,1.6697811578452002,0.06744353725435713,0.0,0.0,0.0,0.0,21.34598826457139,5.9757935155421915,0.0,1.676793773928918,0.0,0.0,0.0,0.0,13.12884554018127,21.82733648666927,0.0,0.0,0.0,0.0,0.2974442938897763,0.0,0.0,0.0,0.0,0.0,0.0,0.0,0.0,0.0,5.100808238004754,5.882575369799459,0.0,0.0,0.0,0.0,0.0,0.0,8.1550036010421,0.0
thermal100,1,1,2.4859828906593053,1.7756296614768716,0.0,0.0,0.0,0.0,1.949203864254736,1.6374672615386365,6.46591321248823,3.999860915722361,0.0,0.0,0.0,0.0,0.0,0.0,0.0,0.0,0.0,0.0,0.0,0.0,0.0,0.0,0.0,0.0,0.0,0.0,0.0,0.5357929975151589,2.173913826035839,2.6637389975894203,2.5964419724249037,1.8081991498575232,0.0,0.0,0.0,0.0,0.0,0.0,0.0,0.0,0.0,0.0,0.0,0.0,1.5859226056192475,1.6634227518042364,1.42290528983052,0.21701530240205172,1.021496553510273,1.7883065159202405,0.5789563138474543,2.901277448208413,3.1437379046179674,0.8268918980940765,1.89775821386026,2.040382757426429,0.0,0.0,0.0,0.0,0.0,0.0,0.0,0.0,0.0,0.0,0.0,0.0,0.0,0.0,0.0,0.0,0.0,0.08528404187744801,0.0,0.0,0.0,2.1761160672906126,0.08010842519200975,0.0,0.0,0.0,0.0,4.978309853645474,1.6859610585384648,0.0,2.1546867697429786,0.0,0.0,0.0,0.0,7.3581257419485775,4.3846198095898945,0.0,0.0,0.0,0.0,1.1437476793737356,0.0,0.0,0.0,0.0,0.0,0.0,0.0,0.0,0.0,1.8374080724477835,2.4711831075829607,0.0,0.0,0.0,0.0,0.0,0.0,2.5920815161861874,0.0
thermal100,1,2,1.1581353582498117,1.0900924778327192,0.0,0.7056708210620427,0.07290548231465442,0.5975410942625312,1.1293764367823034,1.1476427209468036,1.7497827993216681,1.8048684514059208,0.2960132301494216,0.3738757326929255,0.0,0.0,0.0,0.0,0.0,0.0,0.0,0.0,0.0,0.0,0.0,0.0,0.0,0.0,0.81439697468654,1.007193721993052,0.0,0.614232539328037,1.131114770672136,1.1936721741263643,1.542345840501532,1.7348772230566354,0.0,0.0,0.0,0.0,0.16538368779466736,0.13248598839847558,0.4741268331670919,0.551003514358871,0.0,0.0,0.676915548081645,0.6663349133479278,1.086022645429222,1.072509594196823,1.066294173270093,0.5235225968701489,0.9997326174176673,1.311393684992149,0.9146567280315948,1.2333011096054725,1.3363721142350609,0.9996979552575157,1.1247749563122658,1.2004075633968665,0.0,0.0,0.0,0.0,0.0,0.0,0.0,0.0,0.0,0.0,0.0,0.0,0.0,0.0,0.0,0.0,0.0,0.09280519976219934,0.0,0.0,0.0,1.5932757608092343,0.1990799482885684,0.0,0.0,0.0,0.0,1.4770396092607838,1.1106706862991043,0.08721505702140112,1.748030991220096,0.0,0.0,0.0,0.0,2.015701978025153,1.3910905141999892,0.0,0.0,0.0,0.0,1.266485285583644,0.0,0.0,0.0,0.0,0.0,0.0,0.0,0.0,0.0,1.0949031696853524,1.1821205476753949,0.0,0.0,0.0,0.0,0.0,0.0,1.1865419452960688,0.0
thermal100,1,3,1.014323129146443,1.008207266067642,0.5838891523552331,0.9566362550020423,0.8986870720851263,0.9357145330310727,1.0108129742601235,1.0119942178755676,1.0653999117575557,1.0758748629137687,0.9217469912597065,0.919621622648231,0.28235373104048306,0.0,0.8200875100886812,0.803759170430229,0.0,0.0,0.7109259430240028,0.6888240893779629,0.0,0.0,0.633909230187377,0.5896531164574317,0.0,0.0,0.9640539056142508,0.9734369675655514,0.613972598144244,0.47250274609628934,1.0101215763981914,1.0118025946153337,1.0508070455727618,1.2458675179682033,0.6585808570110359,0.6801337253187183,0.47367267295538096,0.5356459099524932,0.8623025704913115,0.8885022595040025,0.9165981105814991,0.938542549064792,0.0,0.0,0.9629438711572149,0.961754689313564,1.0063224087457443,1.0043150018560334,1.0052750293891155,0.8919596924460348,0.9799537823521587,1.0184809743919616,0.9811148027458296,1.0128371441164938,1.027705470900707,0.9967818942048231,1.006106119950631,1.0165308907008836,0.43843100214065345,0.0,0.0,0.4966982406851319,0.0,0.0,0.0,0.0,0.0,0.0,0.0,0.0,0.25236091556001283,0.0,0.0,0.5392165758066894,0.0,0.06340152381525148,0.0,0.0,0.0,0.9804512398245441,0.6269041817954817,0.3955608479464632,0.5338236378024918,0.0,0.0,1.0378914988809014,1.0118542955323049,0.7005649303804706,1.0714736639688274,0.0,0.0,0.0,0.2564683303690176,1.092524699433415,1.0400655449968164,0.0,0.38106918900513204,0.002364140660698899,0.20017897690229813,0.823489541479442,0.7966066158867741,0.4976504795795499,0.4835640929638661,0.26878825691284475,0.7054427235113898,0.39411957491323707,0.0,0.0,0.0,1.0057256134851467,1.0187481662426858,0.5647951518047766,0.06837738753194564,0.2653469060423192,0.0,0.0,0.0,1.0180166556574637,0.14916493997683025
thermal100,1,4,1.0012426737099094,1.0006951292947737,0.9551877223758293,0.9937554867305711,0.9888628690964133,0.9906593681131408,1.0007654426116341,1.0009442467613086,1.0049679284906219,1.0064749847791132,0.9912015630671468,0.9908924332784007,0.9040080243453934,0.4645336583349169,0.9796176900637281,0.9776285612230415,0.785670329803409,0.0,0.9687033873081092,0.9658880179501006,0.6823237070560421,0.0,0.9612311542586748,0.9559041096564238,0.6557968370519964,0.0,0.9941185065942105,0.99527004292058,0.9047130883158938,0.4135748750256167,1.000641530805729,1.0008157430047717,0.9950093686477808,0.9683281167214357,0.9621792843629612,0.9654595385379054,0.9393451924069013,0.9499631752686067,0.9834180337991173,0.9865055281513676,0.9894372195980103,0.9918458219928604,0.0,0.0,0.9960142029189003,0.9957378862485187,1.000349184273459,1.000068037166258,1.0000861448319873,0.9866110997095517,0.9959688347641358,0.9973986685119378,0.9971470152636932,1.0001848983725201,1.0009776534496304,0.9992607046815977,0.999915995561654,1.0002811510562963,0.8453985639917213,0.4948663749652573,0.44335977341593025,0.9335541503907522,0.850747616489306,0.84961581229503,0.7044923442691627,0.16994841065570826,0.11718927325709926,0.7988477087036129,0.4137280858958901,0.34250572461943857,0.8984012689949886,0.3830000265388136,0.2888460795798043,0.8770361428185742,0.27605272033699124,0.22249535606348766,0.823094351956375,0.0,0.0,0.9499469995604304,0.8110274924275821,0.7134702235059873,0.9310397332132666,0.8061846823980203,0.7880628683908873,0.9989655687055248,1.0004764588604764,0.8535536149026907,0.9924877739223107,0.0,0.7470345268230344,0.8459477531843461,0.9081438486303256,1.0036757733179813,1.0005654685379,0.6405017530959931,0.8903638244499086,0.7178671510947371,0.8479252549115893,0.8620541898158254,0.9500053523181506,0.8737425850861887,0.9140652939809002,0.8324748983946663,0.9356401737205784,0.7870940058097214,0.6112646953920718,0.7311201199061074,0.5057039387625957,0.9991997850782842,0.9986262569809808,0.9115783015275405,0.8341473257088391,0.7628454699354748,0.5671711749057518,0.2964960061033954,0.45120009024908236,0.9989349590730893,0.8569398098567869
thermal100,1,5,1.000110253756965,1.0000601387449664,0.9953280845137291,0.9992491464590342,0.9988257165013357,0.9988656047511422,1.0000568322271897,1.0000809926234455,1.0003938713586369,1.0005725224586577,0.9990575321168049,0.9990361205285144,0.9891260689311627,0.8981092849147584,0.9978187288353093,0.9976423498924146,0.9756254730349421,0.7799563278695728,0.9967242967838963,0.9964542296074616,0.9651216185290284,0.7506670861829939,0.995994414613429,0.9954586139373235,0.9630155155613492,0.7049697040360966,0.9992612287703021,0.9994096138373078,0.987580569699641,0.8481973529326037,1.000041773230112,1.000068451800953,0.9990290512002522,0.9802022679028172,0.9961080852100122,0.9963923195504226,0.9936296348947308,0.9947099218928211,0.9981063427703464,0.9984096528029587,0.9986241084140081,0.9989130886081747,0.0,0.0,0.9995854329221655,0.9995449836048929,0.9999954810409839,0.9999616736633107,0.999989098701942,0.9985813496662777,0.9994841361644267,0.9995344933847385,0.9996254297076472,0.9999063465502666,1.0000191801227627,0.9998875895204984,0.999929347291617,0.9999699104676141,0.9701172030381229,0.8949977725520372,0.8682109802001887,0.9904354709367316,0.976530802073928,0.9753680567980945,0.9600990789822079,0.8767439837229036,0.8694852631582447,0.9684063976492614,0.8972628746625223,0.8780070178085079,0.985694798578536,0.9036733142723324,0.887659350493451,0.9774066174159474,0.8329445293076958,0.7804411329535016,0.9706031951445634,0.7958148653477681,0.752593015611036,0.9889194471129988,0.9551622306790293,0.930508249071701,0.9896276381131734,0.9665613375909479,0.9611362140569386,0.9990659835250933,1.0000231210774015,0.9658150426860576,0.9987505656269332,0.7906113866238635,0.9583371668743504,0.9781555464961387,0.9876739189456584,0.998552813843453,0.9993464087778909,0.9333657762509638,0.9825041637764977,0.9461224868307063,0.9750536375613285,0.9686343146253504,0.9909717001191441,0.9751085646857351,0.986266172556637,0.9681645448128282,0.9886028913077347,0.9591720872781371,0.9250001668602454,0.951631836612869,0.9131521261152948,0.9997709177118514,0.9994933001473941,0.9851214223632956,0.9736704125619793,0.9551172627374064,0.9181366161223693,0.8646773345311324,0.8876097156104259,0.99940672797854,0.9747245797377541
thermal100,2,,15.817088206415876,19.42033372224035,3.12797582227756,5.694466208516749,0.0,3.2463531548142233,0.0,0.0,0.0,0.0,4.994515256975082,7.2726612354308,3.027224623537723,1.0996930281424986,0.0,0.8901580553460292,0.0,0.0,0.0,0.0,0.0,0.0,17.3541039017636,0.0,0.6894017116245633,0.0,0.0,3.5027938945782737,1.0580872850590213,0.24611288228666478,0.0,0.15142194430965242,0.0,0.2722950045855167,0.0,0.0,0.0,18.985758601247184,0.0,17.937384463663896,0.12707955565188836,0.0,0.0,0.0,0.0,5.492374618499083,0.0,0.0,0.0,0.454100577117,0.8492706278866202,0.0,0.0,0.0,0.0,0.0,0.0,0.0,0.5285737939906728,0.12097943145113665,0.004540820657100792,7.993327003618644,3.6177519371791274,3.0881174958806707,0.0,0.0,0.0011279422501804762,0.0,0.0,0.0,0.0,0.3607902311878874,0.09211165058791905,1.835350222583974,0.17230427687492966,0.10116362137374792,0.6721405404625271,0.0,0.0,5.038241531030218,1.2982416661848042,1.0004639193504774,0.0,0.950972586708715,0.2830852671053458,0.0,2.529563762868701,0.5525447591332324,0.5968793459730944,0.16783028813207806,1.631880537671893,5.2072910280037785,0.16192690260878315,0.2371867315982113,10.522941269710293,0.6237411758421153,0.8611160267113894,0.0,0.0,0.4707022562169731,0.0,3.1811525908927694,6.146421628903463,0.8702215040460749,0.18976119828839014,1.2659000813388321,1.0470860622453548,0.0,0.0,0.0,0.0,0.0,0.0,0.0,0.0,0.21066994301138886,0.0,0.0,0.0
thermal100,2,-2,15.817142538902171,19.386202976556017,3.1267087520139065,5.695854306923114,0.0,3.2473987095298122,0.0,0.0,0.0,0.0,4.999104976816418,7.271422739950557,3.027099762762687,1.09970267785342,0.0,0.8903118869402715,0.0,0.0,0.0,0.0,0.0,0.0,17.352263500323332,0.0,0.6894414046774774,0.0,0.0,3.503068952141186,1.0581157878759277,0.2461088649095864,0.0,0.15161198818973168,0.0,0.27229476665171004,0.0,0.0,0.0,18.985430284058324,0.0,17.937410979285584,0.12709250861709948,0.0,0.0,0.0,0.0,5.492097578836059,0.0,0.0,0.0,0.4540973420154418,0.8493178803310283,0.0,0.0,0.0,0.0,0.0,0.0,0.0,0.5285586767921185,0.12097991756577003,0.0045399575881094716,7.9928401527570605,3.6177429152667004,3.088124721767598,0.0,0.0,0.0011291698232433827,0.0,0.0,0.0,0.0,0.3607924773730007,0.09211209401923154,1.8353653620053347,0.17230417492390654,0.10116333095006798,0.6722139397126662,0.0,0.0,5.038260022446224,1.2982413411992582,1.0004673253348544,0.0,0.9509722177299318,0.28308254697276924,0.0,2.5293293205074705,0.5525438108917743,0.5968959312452244,0.1678297244071599,1.6319480270735809,5.2072554302157075,0.1624543185849832,0.23722211342850288,10.522076067991948,0.6237430328255648,0.861004094944479,0.0,0.0,0.4707016548685764,0.0,3.1811480266158503,6.146321215585336,0.8702231586472537,0.18982097896166816,1.2658995682506826,1.047085793342289,0.0,0.0,0.0,0.0,0.0,0.0,0.0,0.0,0.21067298511526522,0.0,0.0,0.0
thermal100,2,-1,15.816525389641889,19.08579083669537,3.1156503586261826,5.708191795081363,0.0,3.2566880515200007,0.0,0.0,0.0,0.0,5.039254163713485,7.260444413861268,3.0259950394926203,1.0997896278781847,0.0,0.891674318492854,0.0,0.0,0.0,0.0,0.0,0.0,17.335770659927654,0.0,0.6897948313261977,0.0,0.0,3.5055062317498153,1.0583676319203357,0.246072781996001,0.0,0.1533233142485622,0.0,0.2722926217312173,0.0,0.0,0.0,18.982476303073636,0.0,17.937649134479308,0.12720912175759097,0.0,0.0,0.0,0.0,5.489618114447479,0.0,0.0,0.0,0.45406839071729077,0.8497386540170365,0.0,0.0,0.0,0.0,0.0,0.0,0.0,0.5284210047034715,0.12098429839171593,0.004532204242608188,7.988455918663408,3.617661609801659,3.0881890762520228,0.0,0.0,0.0011402385334731266,0.0,0.0,0.0,0.0,0.36081269143434636,0.09211613694096106,1.8355026632630922,0.1723032637154314,0.10116076983045198,0.6728760758139108,0.0,0.0,5.0384240012191785,1.2982383752355129,1.0004974017782688,0.0,0.950968895117837,0.2830590407376031,0.0,2.5272268434978913,0.5525352404044783,0.5970449312954232,0.16782466494006845,1.6325558061344607,5.2069350291669245,0.1671907125878741,0.23754073623981162,10.514294424281056,0.6237597000275319,0.859999244190921,0.0,0.0,0.47069627805184006,0.0,3.181107229441617,6.145421146728743,0.8702379404968383,0.1903554633811403,1.265895001371979,1.047083398433506,0.0,0.0,0.0,0.0,0.0,0.0,0.0,0.0,0.21070017809530903,0.0,0.0,0.0
thermal100,2,0,15.72502273023247,16.62530882448544,3.0328936224486407,5.818586102786946,0.0,3.3396061146258162,0.0,0.0,0.0,0.0,5.348764509527556,7.164234751144192,3.0164746683152797,1.1006668853470614,0.0,0.9035131210146123,0.0,0.0,0.0,0.0,0.0,0.0,17.176468993006218,0.0,0.6930212659858606,0.0,0.0,3.5267909755477524,1.0605100866616157,0.24571794486766219,0.0,0.1704872319996003,0.0,0.27227087171406117,0.0,0.0,0.0,18.953023990721213,0.0,17.939978702227222,0.12837835687213844,0.0,0.0,0.0,0.0,5.465968192383945,0.0,0.0,0.0,0.45379211955219195,0.8535855332719954,0.0,0.0,0.0,0.0,0.0,0.0,0.0,0.5269180093095422,0.12102858231798136,0.004456212109303172,7.94449534337172,3.6168398459534616,3.08877588311201,0.0,0.0,0.0012527436624921373,0.0,0.0,0.0,0.0,0.36101469437539885,0.09216079141781874,1.8369573221369826,0.1722946618830196,0.10113936302705696,0.6796091322716169,0.0,0.0,5.039866568333361,1.2982054218094297,1.0007515737062096,0.0,0.9509355312771304,0.28290177339506034,0.0,2.5068345928626705,0.5524463492400411,0.5985111141271579,0.16777529276256256,1.6386548886743746,5.20373133158573,0.21359933681392795,0.24073963627105135,10.437033083313734,0.6239224961973991,0.8501778559874885,0.0,0.0,0.4706455874771555,0.0,3.180722062490497,6.136698766215269,0.8703770201937492,0.19541578977911034,1.2658534506882702,1.0470614942805858,0.0,0.0,0.0,0.0,0.0,0.0,0.0,0.0,0.2109573986284942,0.0,0.0,0.0
thermal100,2,1,13.008134757522521,8.379799063986296,2.7729073853512083,6.417336934241805,0.0,3.7967723004919187,0.0,0.0,0.0,0.0,5.558825176782529,6.721270362647542,2.9694843455665634,1.109471500842227,0.6239199273855331,0.9274455843251252,0.0,0.0,0.0,0.0,0.0,0.0,15.474821414713807,0.0,0.7141047184786021,0.0,0.0,3.633636873988331,1.0700299957224217,0.24245568104696552,0.0,0.3464621107368023,0.0,0.27214618234969773,0.0,0.0,0.0,18.669064776922106,0.0,17.956230320284778,0.14022691575534377,0.0,0.0,0.0,0.0,5.273186752984909,0.0,0.0,0.0,0.45145356364215344,0.8808757088148798,0.0,0.0,0.0,0.0,0.0,0.0,0.0,0.5083345132522159,0.12148645435502511,0.0037859547099240378,7.526377353366846,3.6083070594583173,3.0912079189121022,0.0,0.0,0.0028181963520313392,0.0,0.0,0.0,0.0,0.3630494115343985,0.09283394526788807,1.8530247403809315,0.1722235597364123,0.10104607281934655,0.746284214282651,0.0,0.0,5.048114724747586,1.2977758503265373,1.0018001915656285,0.0,0.9506074548884156,0.2837587458035466,0.0,2.334067942439069,0.5514662853197735,0.6116431695663053,0.16736261839682298,1.6983861183727755,5.172487805904289,0.6119220968584934,0.27212729667524804,9.717777654376809,0.6253215922906306,0.7683991922096679,0.0,0.0,0.47033440013657696,0.0,3.177579533449138,6.053158236991993,0.8714914341846918,0.2367349583893603,1.2649414933334844,1.0469336863128837,0.0,0.0,0.0,0.0,0.003982970546458128,0.0,0.0,0.0,0.2129880220580197,0.0,0.0,0.0
thermal100,2,2,5.046742763658702,2.6663309043813572,2.3956466614781404,6.2168950247219525,2.1315245598318464,4.444145280301414,0.0,0.0,0.0,0.0,3.001931138076602,4.894553285066817,2.773178993190069,1.1579319298284654,2.9356856013142174,0.8371406756517493,0.0,0.0,1.3609634740317527,0.0,0.0,0.0,7.015171085969938,0.5513454359636687,0.8006239503990733,0.0,1.388630630361268,4.024902135748602,1.1033204814843138,0.21960292455497982,0.0,0.7070197642190523,0.0,0.27870989823142645,0.0,1.6821014704974049,0.0,15.698951373220579,0.0,17.413780187015895,0.29859410824203503,0.0,0.0,0.0,0.12308434430125216,2.978038427444254,0.0,0.0,0.0,0.4323790420729976,0.9466131201006054,0.0,0.0,0.0,0.0,0.06869002170350487,0.0,0.0,0.4047665479916984,0.1245419444435577,0.005847289727562202,5.195597579960437,3.5195399125399907,3.0814496927585653,0.0,0.0,0.01879691604264897,0.0,0.0,0.0,1.0450158394933948,0.3822284906822377,0.09547821717402705,1.9794211965487274,0.17161130933156948,0.1005768999883925,1.096806914470364,0.0012744312473941038,0.0,5.054223660236201,1.293850364221815,1.0028731636053188,0.0,0.9473204225936671,0.29265713401537696,0.0,1.5594309622417686,0.5366841990165567,0.6723843436472985,0.16612382351509886,2.0130491608032517,4.908253803377357,1.8063884973313125,0.5129146290740006,6.132948212251548,0.6340140708279228,0.3402463821127071,0.0,0.0,0.4703156330743158,0.0,3.1518264914691705,5.120592616307095,0.8823188916461728,0.474594261207076,1.251310758628657,1.046442378572269,0.0,0.0,0.0,0.0,0.07993643466458361,0.0,0.0,0.0,0.23227594442699867,0.0,0.0,0.0
thermal100,2,3,1.8926731748976295,1.3736522431548164,2.2708560658652175,3.9055405502219975,1.6408217176553066,4.388614412205554,0.9113009865566677,0.0,1.0853096390381758,0.0,1.8612910627966395,2.438788079164858,1.9540188774125462,1.1812225185544147,2.526926280914438,1.2631700252140765,0.055707069021186925,0.019833578174467233,2.079078157779973,0.0,0.0,0.0,2.3963769871943654,1.0336259126942478,1.008404845833751,0.0,2.807317375454427,4.326590746814817,1.2710583699826932,0.17637261403775087,1.2558749619606668,0.902533765967214,0.0,0.3039558563229285,0.5713171369810353,4.616283492924184,0.4184435639138521,7.350429405115857,0.8227912466859095,9.865073246695989,0.8502499131940376,2.287149173893484,0.0,0.0,0.8140336464261959,1.838989179055889,0.5831136693526117,0.2512638116869619,0.6265455181563672,0.3794875472453889,1.349073573528462,0.0,0.0002746496521802938,0.0,0.2826961649645084,0.5324993697329072,0.0,0.0,0.5603937134115796,0.1262293087290339,0.023608110961930887,2.1778267608846766,2.7804943385953496,2.8423829568785592,0.0,0.046405550851191975,0.11209739682395843,0.0,0.0,0.0,1.3213855246286434,0.4925898887251842,0.15440845475185974,2.2780339785367336,0.16772743136577442,0.09852080188407078,1.2923383173641945,0.028776796904054183,0.0,4.323660244519298,1.2773873622471763,0.9822481528007779,0.590938136916619,0.898532325253346,0.3464127075505662,0.48900433495450457,1.0195264116689098,0.5073217918993008,0.7257024209823354,0.18016056293115526,2.3946018726857936,3.604779066739733,1.6115453631048386,1.2864017760982605,2.255977031571792,0.6741158988026464,0.5120748833036288,0.0,0.0,0.46386598394793677,0.9983883900771682,2.9346006637948068,2.4996701745490424,0.9402877568620404,0.9768953523019146,1.149402809623375,0.9979835506016688,0.0017359152039975313,0.0,0.2586667326056667,0.18868628081728123,0.43707934698034373,0.2693109826489637,0.03211050047682018,0.0,0.2942868136584321,0.0,0.4843151154963639,0.0
thermal100,2,4,1.2492637792939236,1.1238970140955593,1.4615349515511515,2.0138720637947545,1.194764096510165,2.8394166654631743,1.0795848187967898,0.9593765682965281,1.5661836509217242,1.2939709105982111,1.311966307146499,1.4862059811858876,1.1625216719929237,0.9481545969610721,1.5595867066352322,1.407904596125303,0.3664376940149847,0.012452594735221714,1.4048096224687374,0.955971329102193,0.26345984560296243,0.0,1.3123461519022042,1.1410933827214447,0.7186801002603531,0.0,1.974411212188898,2.684244294955399,1.3519640157152306,0.21808321343285572,1.1098437013950828,1.088736639290109,0.39276382154055817,0.4257052268644787,1.3691929349979486,1.9637797811153799,1.3603621077952701,2.167699347089827,1.6359013452587572,2.7537426948481047,1.3233301661500083,1.553352343709869,0.0,0.0,1.153070740910564,1.240380666571146,1.0493085224663792,0.9801312049083168,0.956535661748404,0.5506798319421435,1.2797955240090073,0.5680141855595985,0.5691395359048501,0.9283569811860479,0.9182835753862281,0.8637404339598842,0.9007966790857307,0.8424220680671468,1.338765109234356,0.17912359147211873,0.03877536337315505,1.1752302235202918,1.3840519017515394,1.672528052561704,0.43294017116917133,0.26276198379309096,0.328379019878948,0.0,0.0,0.0,1.1231378832916792,0.6364809812101229,0.423855902947392,2.2337598876541143,0.16566399541646054,0.09890911735529782,1.1869948864340634,0.0597538935925955,0.0,2.6191245662122524,1.2003600493376112,0.9135711965247941,0.990868941359697,0.8370117964070157,0.5844882197363567,0.8773737471718396,0.9927088934512356,0.7693428020469181,0.9418958940181591,0.25093611217681805,1.8284024207596012,1.7121592014205211,1.1142493376698699,1.2771080819164797,1.2142011787052962,0.76001546161692,1.1034506656872165,0.0,0.0,0.5850804911606582,1.4012456508371869,1.8631653988024255,1.4342848746362193,0.9711532684641151,1.2486516531345382,0.5475628727113443,0.47818763791731894,0.2723519141985517,0.18503894417076425,0.9098466447420148,0.8910363040454795,0.7257182182997032,0.6879327097335175,0.3458241678420136,0.29185751933068504,0.3682069255297215,0.0054879062636272085,0.9358023317649992,0.7828953353540421
thermal100,2,5,1.0412222375795415,1.0222116860906674,1.0809143774624839,1.1797132280931288,1.0311044135910241,1.3452545478619151,1.019250644674226,1.0331881148986737,1.131469985122997,1.260349102659826,1.055148932416654,1.1237854451876117,0.9933022666869638,0.7250974740454105,1.0977492281379537,1.1848934459066078,0.7256344804350322,0.0,1.0704572467653413,1.1024482443855381,0.7574257687041617,0.0,1.0459071450328188,1.06965771207046,0.8243417494257101,0.06059663850054246,1.1853860494164388,1.4402726763648852,1.082163432154424,0.20777980549778993,1.0167955537680788,1.0325817204223477,0.8480589758303579,0.5637567936036589,1.0910042309892558,1.1252327219632432,1.0844885761503615,1.143750423191041,1.164494305376042,1.2166937769623138,1.085050157600701,1.081936283271482,0.0,0.0,1.0235379582277642,1.0309722870400897,1.0119167523660406,1.0031898794405518,0.9994986223629783,0.8637684008552942,1.0427536921396274,0.9992115348279441,0.931699587032924,1.0090088582162065,1.0167179400826918,0.9836733287104222,0.9986411117181692,0.9990415030326887,1.1075509165578852,0.35799078646792964,0.15658354519108922,1.0163675492025663,0.9832671058262779,1.0273956698687603,0.9051633030059494,0.6314116768014737,0.6266602662484927,0.780806618736956,0.05562179520225973,0.0,1.023903941487354,0.7420546933332911,0.6614819798988427,1.4846570908902836,0.18636158876534867,0.10784092786305968,1.0196024243183084,0.03546161531064954,0.0,1.369058725422788,0.95253165472343,0.7688670224365294,1.0068387091531144,0.8749984278545335,0.7979359107894496,0.9748859325329796,1.007116871659308,0.7884007382206183,1.1214258823490466,0.29993144768832053,1.1126354414030313,1.0720759833903992,1.0099049239542226,1.0313978345354229,1.0254495713667342,0.7240826109672636,1.0680220455999254,0.24912565719305746,0.8757503823696813,0.7763940119804995,1.1078259551461422,1.049154344707823,1.1047729046597183,0.884092046791443,1.0762791420688587,0.4372418617923342,0.36978378676886065,0.4699449861123804,0.40640658043716466,0.9811442633647001,0.9770231917650305,0.8823904778869036,0.8673097047364252,0.39085516772509443,0.32461464293459963,0.48769988897087346,0.33138434421863944,0.9825974228561657,0.9164815583021241
thermal25,1,,49.067008994718314,0.0,0.0,0.0,0.0,0.0,0.0,0.0,15.784148299383856,2.6926285775006495,0.0,0.0,0.0,0.0,0.0,0.0,0.0,0.0,0.0,0.0,0.0,0.0,0.0,0.0,0.0,0.0,0.0,0.0,0.0,0.19109021792237754,21.165933387595924,4.5012626369249515,2.2842097456226913,0.6924388050097492,0.0,0.0,0.0,0.0,0.0,0.0,0.0,0.0,0.0,0.0,0.0,0.0,0.011179417024280568,24.063307529729403,36.35616558216079,0.25696550469570584,0.04125098323681207,0.0,0.0,5.212989669338839,11.393709382732021,0.2498579975701436,0.8222192152316923,1.3376134068143133,0.0,0.0,0.0,0.0,0.0,0.0,0.0,0.0,0.0,0.0,0.0,0.0,0.0,0.0,0.0,0.0,0.0,0.005509815493877124,0.0,0.0,0.0,0.0,0.0,0.0,0.0,0.0,0.0,37.41791879889886,22.346807653672293,0.0,0.2060049295368013,0.0,0.0,0.0,0.0,11.508808264330016,52.26333345156435,0.0,0.0,0.0,0.0,0.0,0.0,0.0,0.0,0.0,0.0,0.0,0.0,0.0,0.0,9.073629763632033,6.99601440811517,0.0,0.0,0.0,0.0,0.0,0.0,17.981628980004075,0.0
thermal25,1,-2,46.6535643507819,0.0,0.0,0.0,0.0,0.0,0.0,0.0,15.99233470327124,2.6855770373494217,0.0,0.0,0.0,0.0,0.0,0.0,0.0,0.0,0.0,0.0,0.0,0.0,0.0,0.0,0.0,0.0,0.0,0.0,0.0,0.19364609707971026,20.75442500516661,4.5580539462297835,2.2983456455305675,0.7105972959986677,0.0,0.0,0.0,0.0,0.0,0.0,0.0,0.0,0.0,0.0,0.0,0.0,0.13607730476972596,22.451506354931016,27.9962907753116,0.256237760728238,0.02711022057722849,0.0,0.0,5.42320284780693,12.400802951538997,0.24520532160398578,0.9579164607859025,1.9664206344089867,0.0,0.0,0.0,0.0,0.0,0.0,0.0,0.0,0.0,0.0,0.0,0.0,0.0,0.0,0.0,0.0,0.0,0.006133083461666341,0.0,0.0,0.0,0.0,0.0,0.0,0.0,0.0,0.0,37.123762957521016,21.638217757835626,0.0,0.27840400588763003,0.0,0.0,0.0,0.0,11.543446352862908,51.47471324226439,0.0,0.0,0.0,0.0,0.0,0.0,0.0,0.0,0.0,0.0,0.0,0.0,0.0,0.0,5.661667283411905,6.992747673440775,0.0,0.0,0.0,0.0,0.0,0.0,17.984171153694827,0.0
thermal25,1,-1,30.57904245851887,9.05970148627158,0.0,0.0,0.0,0.0,1.7831476862933373,0.0,16.249861920720075,2.6803148942267248,0.0,0.0,0.0,0.0,0.0,0.0,0.0,0.0,0.0,0.0,0.0,0.0,0.0,0.0,0.0,0.0,0.0,0.0,0.0,0.21163905522938783,17.380131454207824,4.925799726393413,2.4017101508247958,0.8523003619886133,0.0,0.0,0.0,0.0,0.0,0.0,0.0,0.0,0.0,0.0,0.0,0.0,0.7806138378880498,14.362757313864702,10.597611973068283,0.2475774372623738,0.0,0.0,0.0,6.382724643082399,13.889003250854381,0.2305313401412623,1.6465196659205603,3.630941475342627,0.0,0.0,0.0,0.0,0.0,0.0,0.0,0.0,0.0,0.0,0.0,0.0,0.0,0.0,0.0,0.0,0.0,0.010209513189225888,0.0,0.0,0.0,0.0,0.0,0.0,0.0,0.0,0.0,34.67988316740692,17.01518121129735,0.0,0.7238978557147983,0.0,0.0,0.0,0.0,11.81037419750793,45.49046318903944,0.0,0.0,0.0,0.0,0.0,0.0,0.0,0.0,0.0,0.0,0.0,0.0,0.0,0.0,2.5877758349054196,7.195584063886606,0.0,0.0,0.0,0.0,0.0,0.0,16.496208404669552,0.0
thermal25,1,0,9.415882669141837,4.462646990901126,0.0,0.0,0.0,0.0,3.6413871300296488,1.3665253202472398,15.26413528726547,2.824068138185521,0.0,0.0,0.0,0.0,0.0,0.0,0.0,0.0,0.0,0.0,0.0,0.0,0.0,0.0,0.0,0.0,0.0,0.0,0.0,0.2771568180575699,7.684977592983951,4.8164840231944765,2.741205174231471,1.4291084772658547,0.0,0.0,0.0,0.0,0.0,0.0,0.0,0.0,0.0,0.0,0.0,0.0,1.6900922135460115,4.4883269546346245,3.4756670409560657,0.219059059952075,0.2807445740428823,0.0,0.0,6.350694697712237,10.672141836970814,0.33931433242468456,2.696171665564897,5.033468472006724,0.0,0.0,0.0,0.0,0.0,0.0,0.0,0.0,0.0,0.0,0.0,0.0,0.0,0.0,0.0,0.0,0.0,0.027112573594057474,0.0,0.0,0.0,0.2135801237999329,0.0,0.0,0.0,0.0,0.0,21.432371106107965,5.959140579907854,0.0,1.9336344266750984,0.0,0.0,0.0,0.0,12.358133248557598,21.492915264561212,0.0,0.0,0.0,0.0,0.0,0.0,0.0,0.0,0.0,0.0,0.0,0.0,0.0,0.0,1.5290465160713378,6.719032931469941,0.0,0.0,0.0,0.0,0.0,0.0,9.28294043422851,0.0
thermal25,1,1,2.375616380925702,1.73417152132058,0.0,0.0,0.0,0.0,1.9618027691118596,1.5548129528005907,6.536805092309144,3.423926093267353,0.0,0.0,0.0,0.0,0.0,0.0,0.0,0.0,0.0,0.0,0.0,0.0,0.0,0.0,0.0,0.0,0.0,0.0,0.0,0.29940717243338144,2.1403812541826497,2.2467204027714756,2.6033708485786566,1.8445705680753215,0.0,0.0,0.0,0.0,0.0,0.0,0.0,0.0,0.0,0.0,0.0,0.0,1.5944878786194272,1.6797003534143842,1.4572095744464533,0.21949293293148278,1.0692201175223772,2.117380270907226,0.5825277475171804,2.913993468842342,3.3116649708012296,0.8283283983329215,1.9146802779918841,2.2299671743640213,0.0,0.0,0.0,0.0,0.0,0.0,0.0,0.0,0.0,0.0,0.0,0.0,0.0,0.0,0.0,0.0,0.0,0.03138027880721289,0.0,0.0,0.0,1.2281136642249766,0.0,0.0,0.0,0.0,0.0,5.027779036657327,1.6843806559700485,0.0,2.2818790013043966,0.0,0.0,0.0,0.0,6.773770747566361,4.28354714687213,0.0,0.0,0.0,0.0,0.6460143205930883,0.0,0.0,0.0,0.0,0.0,0.0,0.0,0.0,0.0,1.0895707992626376,2.675302217017908,0.0,0.0,0.0,0.0,0.0,0.0,2.6153418245931697,0.0
thermal25,1,2,1.147555662791368,1.0855077101446737,0.0,0.6858238031498484,0.06962029018963191,0.5168527350599341,1.1290749579291095,1.122753304814701,1.7493113703471501,1.6534139765335574,0.2895672793939299,0.27830692960115644,0.0,0.0,0.0,0.0,0.0,0.0,0.0,0.0,0.0,0.0,0.0,0.0,0.0,0.0,0.7929795689832851,0.6623239076914949,0.0,0.34840457442466527,1.1266577184218476,1.1438016173155698,1.5433791065727878,1.7219614219175707,0.0,0.0,0.0,0.0,0.12168825974437227,0.0645189825828219,0.4417192504018672,0.5366494290715997,0.0,0.0,0.6731959244217199,0.6604580368430886,1.08852530759587,1.0755337600289694,1.0686802700744225,0.526351629450278,1.0059327841079804,1.3345875292922174,0.9188474342953277,1.2391053237684055,1.3466552070023265,1.0018992958163035,1.128843489110583,1.2109072643622238,0.0,0.0,0.0,0.0,0.0,0.0,0.0,0.0,0.0,0.0,0.0,0.0,0.0,0.0,0.0,0.0,0.0,0.037671001649415295,0.0,0.0,0.0,1.3051737352706514,0.0,0.0,0.0,0.0,0.0,1.462651645189157,1.1092171550697176,0.0,1.7452509576088306,0.0,0.0,0.0,0.0,1.8951104937628889,1.3798532250425914,0.0,0.0,0.0,0.0,0.9381016933739457,0.0,0.0,0.0,0.0,0.0,0.0,0.0,0.0,0.0,1.0097269396997166,1.2027672457001704,0.0,0.0,0.0,0.0,0.0,0.0,1.1814739347126266,0.0
thermal25,1,3,1.0129931228038054,1.0075413994498406,0.5828668237117162,0.9527536531647942,0.8981781205689762,0.9246012728890407,1.0105213530935875,1.0086028614691194,1.0632286703038298,1.0515172629947696,0.9205279927685461,0.9082519868110058,0.2817596344623885,0.0,0.8181725649347908,0.785443166907206,0.0,0.0,0.7100430994606006,0.6805132102973122,0.0,0.0,0.6331121181254589,0.58359840021359,0.0,0.0,0.9598327282153662,0.9317583702075855,0.6127296254789443,0.33580998889499575,1.00974822305259,1.0080865534648582,1.050676942437869,1.2043317482105262,0.6556627056142673,0.6767299223118162,0.46981539535261585,0.5307275055703984,0.856409739580998,0.881364786808579,0.9122562380414763,0.9367753818195032,0.0,0.0,0.9625181352331283,0.9611222806617398,1.0065527051387262,1.0045669614489223,1.0053260020378842,0.8921535826139331,0.9801153712186588,1.0189984630352644,0.981642405323006,1.0132354839169708,1.0278420970863904,0.9970302312336606,1.0064325015827968,1.016694662210942,0.4313947959368708,0.0,0.0,0.5021320095305877,0.0,0.0,0.0,0.0,0.0,0.0,0.0,0.0,0.25692529522045987,0.0,0.0,0.5011939884762049,0.0,0.026705141926201846,0.0,0.0,0.0,0.9411767952766847,0.5208630100650902,0.30888834509744273,0.5378099894851729,0.0,0.0,1.034749623106359,1.0114118847400644,0.6499098185306743,1.0671657397038168,0.0,0.0,0.0,0.2640966240602329,1.0790194466426855,1.0382623213713957,0.0,0.3814348109478863,0.011542749947156483,0.21504858010806038,0.754291307228577,0.7866786953824868,0.45094492266848774,0.4808086053063941,0.22916807172984577,0.7011462422307319,0.13350408892089063,0.0,0.0,0.0,1.0008575413524716,1.019570097774462,0.550556269116112,0.0848435252318424,0.008263661902454545,0.0,0.0,0.0,1.0167272842315702,0.15736088673660664
thermal25,1,4,1.0011013208702648,1.0006224543522537,0.9550457950925638,0.9933098704975823,0.9888041743642899,0.989452797930979,1.0007290285924018,1.000611503322901,1.0046897590075692,1.0039661762681846,0.9910601424113825,0.9897541496018476,0.9039321144948822,0.4647718172361191,0.9793990721145568,0.9758754066826372,0.7856071711259072,0.009839280141800117,0.9685826479698165,0.9650373548699044,0.6821958667339422,0.0,0.9611306083273682,0.955302638733515,0.6555899512073378,0.0,0.9936328500384931,0.9911000809115744,0.9046359954070103,0.4182421435359998,1.0006070577643968,1.0005062320768086,0.9950544845759456,0.9746176510451828,0.9618529131541627,0.9650908501337652,0.9388857693983959,0.9494160892765033,0.9827699940009375,0.9857504592203108,0.9888730687173538,0.9915720189088217,0.0,0.0,0.9959674000939266,0.9956704677205415,1.000351306642988,1.0000700324021543,1.0000818434234027,0.9865910752599832,0.9959308177910664,0.9973546972426736,0.9971501866819014,1.0001654185744417,1.0009460376813828,0.999262639304967,0.9999159742985356,1.000267452733709,0.846159152744518,0.49274683446132655,0.4375467148226081,0.9335288585566446,0.8507239798962065,0.8483275481281787,0.7040864522778439,0.17006167687076387,0.11596017212416627,0.7994830214073774,0.413710539363562,0.3421261805809499,0.8982692318657792,0.38250905686249664,0.2872209388243221,0.874977215300568,0.2717630035342673,0.219971103332856,0.8237991337010333,0.0,0.0,0.9487754061579058,0.80688594995302,0.7110133932506401,0.9309821936336549,0.8055608269461833,0.7875989600407582,0.9988119451615477,1.0004316435365002,0.8504908962423828,0.9919386065850174,0.0,0.7474828018825955,0.8447989669378456,0.9080304906741915,1.0026163297228678,1.000655046873246,0.6378887769254931,0.8900844496934578,0.7184711214221293,0.8484290407014538,0.8605631883643301,0.9497683164579551,0.8718836185588635,0.9137510385110308,0.831209357079972,0.935661016699436,0.8185173614676509,0.6111908913672819,0.7569633275573757,0.5052925625833791,0.9999609766465063,0.9986675746517637,0.9158219526288444,0.8339393606085557,0.7951538274681845,0.5670243274647485,0.2972240395155042,0.4561694800309048,0.9991893763323452,0.8569853712522773
thermal25,1,5,1.0000963888845815,1.0000530090544144,0.9953133527001682,0.9992048521926746,0.9988198902908227,0.998747239090346,1.0000532426162014,1.0000489399003794,1.0003660734553146,1.0003282981178043,0.9990434689708947,0.9989253074137134,0.9891433743914715,0.9017040353308633,0.9977969892145326,0.9974733025452364,0.9756899944983782,0.7910253602356342,0.996711881819022,0.9963714623793332,0.9651388062568989,0.7564095675682777,0.995984141094213,0.9954002363001543,0.9630267227043794,0.7104070612650182,0.9992131260417373,0.9990038931516773,0.9876499204760721,0.8578275633160928,1.0000386116641646,1.0000393547811604,0.9990568948425836,0.9848542874805838,0.9960750087020029,0.9963561181745055,0.9935829258056679,0.9946555761925575,0.9980416982782494,0.9983358751691668,0.9985672071456434,0.9988856167291826,0.0,0.0,0.9995806895490301,0.9995384586427537,0.9999952113765197,0.9999614831477798,0.9999891661342706,0.9985789221545575,0.9994802331680307,0.9995346023388312,0.9996246781689346,0.9999041236110443,1.0000182515710023,0.9998873689169987,0.9999293376106116,0.9999701224294654,0.9713712551443111,0.895642493196805,0.8703377870009095,0.9905526910530369,0.9765121431679324,0.9754847609927135,0.9601650747917703,0.8766357266568822,0.8693846463833419,0.9689114832917797,0.8973692421585394,0.8783818698272851,0.985856956607837,0.9037955889431282,0.8880330670072953,0.9781090912782269,0.8392717267137365,0.7881525039373002,0.9715237634337893,0.7960358131848762,0.7547522355773116,0.9895264485009734,0.9564078654476414,0.9328490939309434,0.9897683539336712,0.9667011297338448,0.9614024530091202,0.9991379951390293,1.0000189651749316,0.9668390987531665,0.9986976849201077,0.7987479771166418,0.9597000076016926,0.9782567229902182,0.9877390657928884,0.9987057756839458,0.9994656081545481,0.9347537665236834,0.9828514239979319,0.9468516914541465,0.9755475711990128,0.9700188138057199,0.9912897443248666,0.9758952103578518,0.9865648735366731,0.9690097802585624,0.9889791170686248,0.9703705959454985,0.9257588216938403,0.9613247366217519,0.9137405962733949,0.9999756918354928,0.9995118492843007,0.9869335268527551,0.9737521422751451,0.9667283165509211,0.9188814432021721,0.8692309623091653,0.8930711872403936,0.9995215290210625,0.9753570951104679
thermal25,2,,11.957604476747528,16.317198790750986,1.599048047417504,5.296834418686138,3.514955564163945,2.4224344833927796,0.0,0.0,0.0,0.0,6.4835905043901185,5.2679665694362185,2.547117795319751,0.9137884435582786,3.405364026467533,1.199241765703186,0.3073308240081268,0.0015081707229992454,2.208401007228555,0.0,0.0,0.0,4.896032301349363,0.0,0.08130318088117094,0.0,2.065470877625301,2.4352341889119056,1.118416209510589,0.22906013246004725,0.0,0.541777089349687,0.022964512189137098,0.12225541369691671,0.0,0.0,0.0,6.434951875057936,0.0,12.339092588951399,0.28610096105712374,0.6552289167902638,0.0,0.0,0.0,10.377064414384163,0.8568466347985585,0.0,0.0,0.32984030065708864,1.8301978682349398,0.0,0.053876745385011145,0.39307654245446816,0.0,0.5603402499328378,0.0,0.0,0.5721258111127775,0.3432118042358319,0.14470372297512862,7.246773018818193,3.2017389634352114,2.196388609106436,0.0,0.0,0.0,0.0,0.0,0.0,0.0,0.15686194256166958,0.09136525499842327,1.7159494470549566,0.15848095945461885,0.10334029424761577,0.4795504027378875,0.011286214986657519,0.0,3.8393069670954825,1.0216569353906273,0.7774192715959344,0.0,0.5885648225514775,0.28967855780391283,0.0,2.1131816572043713,0.6779271231243962,0.5397097124269024,0.14169825686044177,1.5670409047574658,0.9769281354177983,0.0,2.953664996377975,11.625551596438228,0.6175092735882495,0.9132226002180989,0.0,0.0,0.2962561958042337,0.0,2.877935699437114,7.057848979927313,0.9375353205092051,2.243214775941951,1.0043579127959097,1.0971401655047859,0.0,0.0,2.647509069589328,0.0,0.0,0.0,0.0,0.0,0.22647796934745795,0.0,0.0,0.0
thermal25,2,-2,11.956473353209748,16.278208431691542,1.5962764011148858,5.298372272999545,3.5093647816674545,2.423371588185039,0.0,0.0,0.0,0.0,6.480487085087436,5.268205279034421,2.547165947209178,0.9138122759156871,3.4079223148608553,1.1992203174253462,0.3073301048239403,0.0015145855055403714,2.2055808900420275,0.0,0.0,0.0,4.900785663949379,0.0,0.08129916816174583,0.0,2.0685084331741352,2.435174962038314,1.1184034073633047,0.22905663509657478,0.0,0.5417927074535992,0.022965005468752495,0.12225558953375171,0.0,0.0,0.0,6.435020697879128,0.0,12.339035607284899,0.2860966278212498,0.6552930727950032,0.0,0.0,0.0,10.376106659905389,0.856841179549423,0.0,0.0,0.3298397585986936,1.83022895091184,0.0,0.053878238504113315,0.3930392363799292,0.0,0.5603418270896813,0.0,0.0,0.5720977717558836,0.34321165291761974,0.14470329483022554,7.246558897977039,3.2017291204006204,2.1963926375692133,0.0,0.0,0.0,0.0,0.0,0.0,0.0,0.15686379114714336,0.09136479148835668,1.7159677641692965,0.15848084172768684,0.10334004077733977,0.4796407913317367,0.011286576124777944,0.0,3.8393568376577414,1.0216569387313932,0.7774216968233822,0.0,0.5885651622587369,0.2896764273338725,0.0,2.1129834794832463,0.6779297577912774,0.5397248293375118,0.14169757805864922,1.5671449226580638,0.9769394283208492,0.0,2.953655330381836,11.624324814969198,0.6175097495199303,0.9131334641826572,0.0,0.0,0.29625579967168114,0.0,2.8779311504026883,7.057704341631885,0.9375354971867803,2.243198262170062,1.0043615493728466,1.0971390715268794,0.0,0.0,2.6448267722917573,0.0,0.0,0.0,0.0,0.0,0.2264619697426715,0.0,0.0,0.0
thermal25,2,-1,11.945455677397625,15.937465791530988,1.5720038642513139,5.3119089256347465,3.460984634164283,2.431664070524457,0.0,0.0,0.0,0.0,6.452335584608609,5.270285502253504,2.5475989167197315,0.9140254033330327,3.4303704124005208,1.199033426912235,0.30732415446266476,0.0015722949877776241,2.1810150029119577,0.0,0.0,0.0,4.941932163031591,0.0,0.08125811918799922,0.0,2.095215558648147,2.4346533683908405,1.1182902886983053,0.22902459791159516,0.0,0.54194033670237,0.02297138458823211,0.1222569388572075,0.0,0.004118910894963861,0.0,6.433116357570846,0.0,12.338170167683188,0.2860769851547743,0.6563915236666564,0.0,0.0,0.0,10.361328110038784,0.856895026259331,0.0,0.0,0.32983296895548914,1.8302759134652475,0.0,0.05390532666811229,0.39265776860090607,0.0,0.5603342758866054,0.0,0.0,0.5718431541146437,0.34321030854166473,0.1447002745711243,7.244604031277819,3.2016409289106043,2.1964339165665003,0.0,0.0,0.0,0.0,0.0,0.0,0.0,0.15688039545400867,0.09136062784042318,1.7161391955646652,0.1584797915413421,0.1033378171348597,0.4804638392744737,0.011289830057620553,0.0,3.8398048760671335,1.021656846735776,0.777441593284629,0.0,0.5885683352472147,0.28966160630470905,0.0,2.1112064949502227,0.677951643583954,0.5398596483046658,0.14169153428250322,1.568083380156783,0.9770373553143475,0.0,2.953563360231158,11.61327058441305,0.6175135581277651,0.9123240796410886,0.0,0.0,0.2962531001428969,0.0,2.8778899715543425,7.056397467493284,0.9375373941592207,2.2430430791664855,1.0043936597442231,1.0971292013193317,0.0,0.0,2.621043527582888,0.0,0.0,0.0,0.0,0.0,0.22631994389707225,0.0,0.0,0.0
thermal25,2,0,11.775146735495635,13.303264545700792,1.3811091347666449,5.42498345649626,3.1177477780833387,2.5031457105604034,0.0,0.0,0.0,0.0,6.161481236462406,5.2850016966353675,2.551383780716497,0.9160092993927812,3.6104842087388542,1.1977918468464297,0.3072552467846502,0.0021387931761379098,1.995347675655147,0.0,0.0,0.0,5.2356956773252445,0.0,0.08095342243567341,0.0,2.31252957039636,2.4305769936302677,1.1173277658997276,0.22868669988753776,0.0,0.5440785164047222,0.022975688219661627,0.12226483635733204,0.0,0.12401677489257622,0.0,6.3659607903805195,0.0,12.322391608453776,0.2862657148509131,0.6773130634257851,0.0,0.0,0.0,10.09847804780357,0.8594158051245895,0.0,0.0,0.32973907347449316,1.826009436688537,0.0,0.05443187813859513,0.3881379821177229,0.0,0.5598321330751483,0.0,0.0,0.5691393918618375,0.3431977690247245,0.14468660742118233,7.224111095896259,3.200761864037415,2.196909156054466,0.0,0.0,0.0,0.0,0.0,0.0,0.0,0.1570475133916311,0.09132640747976067,1.7180693268372604,0.15846981970053953,0.10332011216631376,0.4889291394041954,0.011322404190670208,0.0,3.8440400192346336,1.0216489553985302,0.7775647125880394,0.0,0.5886034750761715,0.2896591962428904,0.0,2.094247621788995,0.6781310022348336,0.5411596259213507,0.14163277818690398,1.5774275799698825,0.9779162560757858,0.0,2.9525402744260196,11.503961784219493,0.6175405364453131,0.9043437120489003,0.0,0.0,0.2962451263644115,0.0,2.877488556241627,7.043542118872918,0.9375480537032568,2.2411865882739344,1.0046571236519755,1.0970371361317492,0.0,0.0,2.414499669058113,0.0,0.0,0.0,0.0,0.0,0.22504938164483848,0.0,0.0,0.0
thermal25,2,1,9.455669101796625,6.217235539664266,0.8899296288425433,5.872033268145281,2.507592251635702,2.8455419871661176,0.0,0.0,0.0,0.0,4.431084143229691,5.13817488875048,2.555526190026859,0.9294211992919106,4.207760894607618,1.2099617483962777,0.30721395143252767,0.007023904822875476,1.6108821193912897,0.0,0.0,0.0,5.313421937337433,0.02001839155017542,0.08632059522892835,0.0,3.0413330143858874,2.4514757208286846,1.115274659685804,0.22488352874637824,0.24616750717244137,0.5723032595352066,0.019110731161933642,0.12221041708923219,0.0,1.018257047984272,0.0,5.880419807475767,0.0,12.166108904669814,0.28762729670137904,0.8492813371255495,0.0,0.0,0.061092048197635675,8.061250973747246,0.8784118914341883,0.0,0.0,0.3295245373789132,1.7887103151691506,0.0,0.05855390678298275,0.35614599961530363,0.0,0.5563176291081218,0.0,0.0,0.5412906452705066,0.3430908644689514,0.14467579476960765,7.004916698474302,3.1918558471050273,2.200021771834113,0.0,0.0,0.0,0.0,0.0,0.0,0.0,0.15879898515633678,0.09117701327958405,1.7395578554445454,0.15838106551686384,0.10325229480741471,0.5694544263735282,0.01165063367954821,0.0,3.876110942462987,1.0214126838886362,0.7775138466364461,0.0,0.588995047683046,0.29122524316041704,0.0,1.9576628232027948,0.6796443383098871,0.5527010099027267,0.14111638703874888,1.6611283675838335,0.9858783653582383,0.0,2.9417051013959643,10.553149563635683,0.6177133259802011,0.8430191122813274,0.0,0.0,0.29631267092892255,0.0,2.874039163581102,6.921295617681159,0.9372751576840531,2.2178401598315456,1.005157045036472,1.096474209057149,0.0,0.0,1.5896471973777588,0.0,0.0,0.0,0.0,0.0,0.2187523999842469,0.0,0.0,0.0
thermal25,2,2,3.9100168110108497,2.2905676715027576,1.366609957212518,5.959010443841909,2.007405363138923,3.438166504948908,0.0,0.0,0.07100178466568687,0.0,2.5882750363100713,3.310290306777884,2.3960773138964653,0.96737485713753,4.010459890941212,1.2608523952519497,0.33127406791538505,0.033780626108229676,2.0090766612133106,0.0,0.0,0.0,2.9082638134112355,0.5142063067694805,0.10991864881650901,0.0,3.704500681563677,2.8074114719045244,1.141596654531178,0.20638248465072678,1.6974250006657061,0.5822744547013627,0.015474929063473331,0.12190387540747237,0.0,3.2826951984588084,0.0,4.761052562618363,0.10471582258135506,10.608435410549468,0.31872362476534843,1.6035124590274892,0.0,0.0,0.3489472569007392,3.5298249355355176,0.9703327398103795,0.0,0.0,0.32707224830243864,1.697724430657055,0.0,0.08502830983243694,0.3651146412459888,0.0,0.5696120183755585,0.0,0.0,0.5312865254761561,0.34181094484305835,0.14971482321596746,4.732648966962556,3.1042949441538363,2.208104734475951,0.0,0.0,0.0,0.0,0.0,0.0,0.3136350771806028,0.17619290502020388,0.08868320287557922,1.9089918683655145,0.15755800587865013,0.10287215376088502,0.9379070076132497,0.015063506568746915,0.0,4.0127495244374165,1.018767893265088,0.7724363625382464,0.0,0.5930775346677898,0.29911869455047907,0.0,1.3882159951362405,0.6893586494527952,0.6042755983919063,0.14031646680922333,2.0353428775859626,1.0458987462054583,1.4603118196827807,2.8124519507296912,6.198884603363073,0.6172711668853877,0.680536399501934,0.0,0.0,0.29825752238763803,0.0,2.843971596256398,5.651285741296809,0.9363241496518026,1.9882418043910686,1.002189522911933,1.0853467357342341,0.0,0.0,1.0403388650874614,0.0,0.0,0.05528484282943978,0.0,0.0,0.20329360463517324,0.0,0.0,0.0
thermal25,2,3,1.7655707630407838,1.327819428899216,1.9156620869606067,3.881950717399589,1.5917177846744164,3.723749051310722,1.0730069984081236,0.6260403151533271,1.743256966295002,0.4063684606191572,1.7773616768461826,1.647823483480761,1.6680525292727082,0.9158324113973578,2.596272896861829,1.2185983092295374,0.38485376641234315,0.06497165003545118,2.054565865055892,0.33351970568785244,0.0,0.0,1.8336005678676506,0.9851992422463997,0.2524585466341095,0.0,3.2144385197058343,2.5702007397755566,1.295650694511671,0.1659940027061982,1.4778991691409935,0.9827664220224201,0.13926611329955554,0.1495681812455082,0.5239558954661806,3.2082047151397184,0.38341095568379485,3.021456001430261,0.8328190555472291,5.414476844709495,0.6257459400221881,2.122136078834479,0.0,0.0,1.075562234704054,1.828580010128959,1.179857544399164,0.958548624925082,0.6477213947473279,0.35123833171731367,1.6679318218664747,0.0,0.2380176221289904,0.8260375886337029,0.44589707851009075,0.679152410804284,0.5064009688588155,0.0,0.8198597623770214,0.32901133706192026,0.16691979883502892,1.9441973111844204,2.489509886773297,2.0899056827587756,0.0,0.0,0.0,0.0,0.0,0.0,1.1834369443407105,0.29891116475858787,0.1253163197089946,2.247826374978195,0.15234434050085718,0.10195389059699025,1.1967892508034663,0.040102146352249686,0.0,3.5385608293101423,1.000098983553479,0.7441013291056131,0.8722082358449,0.6303999731357939,0.3609903785436706,0.3656293433623887,1.0007926970146916,0.7377179520691161,0.656925608111567,0.15715577582970977,2.372578123619195,1.2909824906921434,1.4120305345378317,2.071354131493746,2.152644266872109,0.6358404261640836,0.8575490406443302,0.0,0.0,0.31486615593202666,0.9880400501355971,2.56729190564723,2.5423841400503817,0.9427134727667004,1.459444423127124,0.5542566398101509,0.9429247615263011,0.0,0.0,0.9932032498458425,0.22610677908909307,0.3522597790966763,0.40362897938191733,0.32192253526629466,0.07802900443161136,0.2378471359694126,0.0,0.6426018343876334,0.38784272254869084
thermal25,2,4,1.206499917885293,1.108191204816412,1.4183906588732398,1.9619528392811751,1.1793535190539899,2.499372427536243,1.1003939208250035,1.0117210885144423,1.6520119228079162,1.2387794771913785,1.2812825015241731,1.2067404945871436,1.0887808882723462,0.7445363917364424,1.5440394514003115,1.2266883334164629,0.4320354439441527,0.06756169770533119,1.3902950735806379,1.1024172758875026,0.2041370337779797,0.0,1.2377208110937297,1.0954236912207047,0.4400232618195019,0.0,1.9414338076961473,1.6982932318185104,1.3859116222710521,0.19376248956017955,1.1195410208727314,1.0667411603715788,0.5221509517953725,0.2992300016130557,1.0708276281822418,1.5016603434958755,1.016104174003788,1.4111991020054342,1.2566240061206773,1.8234863454012031,1.0026446543953331,1.3265949999151128,0.0,0.0,1.1196062410015575,1.1638085048021618,1.0960208446036337,1.027707724251639,0.959148706925376,0.551327522708668,1.3010351146773507,0.6050265170611733,0.6370158543473281,1.058603832206527,0.9402263014627869,0.8968044779462812,0.9810550098714375,0.8621821035799812,1.4067699251281283,0.3167945605915206,0.16676550773180224,1.1490486402506404,1.3006934288828689,1.3311631117040583,0.49257648143072835,0.14077454132734246,0.11078976247721721,0.0,0.0,0.0,1.1003117296451657,0.5174383208360845,0.34218602127179326,2.151573340666222,0.14446328161434643,0.09839439817592399,1.206754459057648,0.07275072413830758,0.0,2.2037406979415124,0.9468596294418969,0.688380280890387,1.0242063641697334,0.7481938274706851,0.5974800480669911,0.8971227015888285,0.9871421971316551,0.8481539789390972,0.8967025336497972,0.2169104960034505,1.795077941012638,1.1530298442614841,1.0838761327706856,1.2694596405744416,1.1957732340401395,0.7233219150224534,1.1475200256666471,0.0,0.33584649729808663,0.5183247780017729,1.3127505558585626,1.5607144086641629,1.4122304036463937,0.9379628351805396,1.280502353302165,0.381003166018525,0.465527239682426,0.21447852229647907,0.23687489590314445,0.9993969064973335,0.8964405236916659,0.7458218933648755,0.7245555871414516,0.30678632070947615,0.3076917244525762,0.3029910422626486,0.0011406404583734426,0.9634610232982377,0.8402321214344346
thermal25,2,5,1.0319349621627438,1.0177658154007525,1.06796596299014,1.1543681337990264,1.0262395355650524,1.2628521269031976,1.018579449973885,1.0201842301787978,1.1222220657983928,1.136544340459213,1.0454703169101303,1.053788780619454,0.9810221928016614,0.6403927806858734,1.084681612179854,1.093077690687665,0.7170936990516124,0.0,1.0614336164558869,1.0702012026585608,0.7352180943973802,0.0,1.0340792563421202,1.0393010799920552,0.7809028353733694,0.07764559858700773,1.1579285762149307,1.1842208106086647,1.082506245596096,0.12290875924501163,1.0157275512806685,1.0180890278565897,0.8552412538981607,0.5506494656695534,1.0261206651937202,1.0608577503127827,1.0136135625127995,1.0497160794834703,1.064980813200301,1.0970403300317628,1.0110881293245195,1.0420879024417244,0.0,0.0,1.0166469538195906,1.0192694484039035,1.0133541227499872,1.00466935266715,0.9997512234560021,0.8622838541205333,1.039028380729508,1.0016326537247544,0.9353027771699698,1.0112976174547852,1.0178718262342932,0.9854334539002753,1.0010923835090708,1.0000003283058037,1.1164554827900741,0.36007699520777514,0.17597672153418725,1.0142983816825721,0.9729239575450491,0.9719302222505071,0.907612463318227,0.5772268388714688,0.5159994490557562,0.8344204081369325,0.11361477337507755,0.0,1.0180500061662652,0.7032944175875739,0.6158747692802464,1.3883872489973756,0.15218965009424953,0.09255836453304972,1.0325015508374682,0.05354279073401785,0.0,1.275583764060875,0.8169743739927602,0.6516176497510517,1.0067874438293742,0.8486650548368027,0.786870708651372,0.9792262970823684,1.0054265127961395,0.7626579619614222,1.1058797188351166,0.2650518409859048,1.1064406155343454,1.000179209541991,1.0059661979221906,1.0246014863406114,1.023723860662901,0.6313142262586343,1.0596611772680211,0.3452685054531083,0.9208568338442522,0.7152814161328646,1.0850660695728305,0.9633288386176622,1.088479065774726,0.8445018492855721,1.0722461132052696,0.6250535811723906,0.38852009933107073,0.578296678055556,0.43005263212346284,0.9992925291729171,0.977705084018064,0.8852556837558555,0.8752955860965737,0.591261866328144,0.3478740597989013,0.4285294090555976,0.37343478739990665,0.988940519983168,0.9133592145309689
thermal50,1,,53.46641929729444,0.0,0.0,0.0,0.0,0.0,0.0,0.0,14.935153372174943,3.37608708403619,0.0,0.0,0.0,0.0,0.0,0.0,0.0,0.0,0.0,0.0,0.0,0.0,0.0,0.0,0.0,0.0,0.0,0.0,0.0,0.4377277014406632,20.677701947408746,5.700194112928761,2.285517597864258,0.7428250111331244,0.0,0.0,0.0,0.0,0.0,0.0,0.0,0.0,0.0,0.0,0.0,0.0,0.05237217925949879,22.998701322622683,35.08044981630127,0.25264656499143956,0.0,0.0,0.0,5.305379345225704,10.715295176750127,0.25368610349469084,0.8547429884069706,0.004897519485241767,0.0,0.0,0.0,0.0,0.0,0.0,0.0,0.0,0.0,0.0,0.0,0.0,0.0,0.0,0.0,0.0,0.0,0.08210516675762512,0.0,0.0,0.0,1.1663924811080764,0.050094412634129476,0.0,0.0,0.0,0.0,38.70926880624755,22.13814325166247,0.0,0.03487918774394454,0.0,0.0,0.0,0.0,12.283089873252242,51.7918909891341,0.0,0.0,0.0,0.0,0.0,0.0,0.0,0.0,0.0,0.0,0.0,0.0,0.0,0.0,8.332743286328556,6.651462104753006,0.0,0.0,0.0,0.0,0.0,0.0,13.430136892541553,0.0
thermal50,1,-2,50.24098675569203,1.9274289954588781,0.0,0.0,0.0,0.0,0.0,0.0,15.06253636893727,3.3763286720602186,0.0,0.0,0.0,0.0,0.0,0.0,0.0,0.0,0.0,0.0,0.0,0.0,0.0,0.0,0.0,0.0,0.0,0.0,0.0,0.43929912744167804,20.280725985117368,5.748250056505192,2.298912533730332,0.7590932928308414,0.0,0.0,0.0,0.0,0.0,0.0,0.0,0.0,0.0,0.0,0.0,0.0,0.17376667181147692,21.481408808616,26.994650000171937,0.2500309299154142,0.0,0.0,0.0,5.499184759270916,11.6808272268971,0.25036367960587186,0.9719672398095436,0.610869803333816,0.0,0.0,0.0,0.0,0.0,0.0,0.0,0.0,0.0,0.0,0.0,0.0,0.0,0.0,0.0,0.0,0.0,0.08269184416881806,0.0,0.0,0.0,1.1743262433657025,0.050635282703872554,0.0,0.0,0.0,0.0,38.42122547056696,21.447459380485054,0.0,0.10348580353608543,0.0,0.0,0.0,0.0,12.317918130145475,51.04513952975527,0.0,0.0,0.0,0.0,0.0,0.0,0.0,0.0,0.0,0.0,0.0,0.0,0.0,0.0,8.276405243347938,6.65695905628408,0.0,0.0,0.0,0.0,0.0,0.0,13.331115732121795,0.0
thermal50,1,-1,33.4786866687333,10.317616260484709,0.0,0.0,0.0,0.0,1.5434793064576082,0.0,15.47759935536059,3.3951655240103014,0.0,0.0,0.0,0.0,0.0,0.0,0.0,0.0,0.0,0.0,0.0,0.0,0.0,0.0,0.0,0.0,0.0,0.0,0.0,0.4499353709041397,17.058152397734897,6.055688083602543,2.3976914300572836,0.8847591798183849,0.0,0.0,0.0,0.0,0.0,0.0,0.0,0.0,0.0,0.0,0.0,0.0,0.7935434266104084,13.789050403574082,10.146145994586131,0.23836834512109745,0.0,0.0,0.0,6.399622904890289,13.048358556730001,0.23804960480028156,1.6153399489789244,2.223642469615184,0.0,0.0,0.0,0.0,0.0,0.0,0.0,0.0,0.0,0.0,0.0,0.0,0.0,0.0,0.0,0.0,0.0,0.0866172116409763,0.0,0.0,0.0,1.2383277304308826,0.05456708685548594,0.0,0.0,0.0,0.0,36.02638095082525,16.926319914309865,0.0,0.5252607476880445,0.0,0.0,0.0,0.0,12.58764277309479,45.32777587096297,0.0,0.0,0.0,0.0,0.0,0.0,0.0,0.0,0.0,0.0,0.0,0.0,0.0,0.0,7.804605331131313,6.673116978583908,0.0,0.0,0.0,0.0,0.0,0.0,12.524752028671545,0.0
thermal50,1,0,10.271611484222205,4.787172805480298,0.0,0.0,0.0,0.0,3.5026579778829645,0.8450537351092048,14.826742952487287,3.6256865183983784,0.0,0.0,0.0,0.0,0.0,0.0,0.0,0.0,0.0,0.0,0.0,0.0,0.0,0.0,0.0,0.0,0.0,0.0,0.0,0.4905432272307831,7.642545940708289,5.8479639945723685,2.7269614362447108,1.4109320995243397,0.0,0.0,0.0,0.0,0.0,0.0,0.0,0.0,0.0,0.0,0.0,0.0,1.6659552948083618,4.358894150521217,3.234497742839056,0.22230218647089037,0.17897907051720283,0.0,0.0,6.344278388271972,9.70167665352408,0.3429194765557685,2.6719789961709286,3.8154240287449213,0.0,0.0,0.0,0.0,0.0,0.0,0.0,0.0,0.0,0.0,0.0,0.0,0.0,0.0,0.0,0.0,0.0,0.09286139430577076,0.0,0.0,0.0,1.66946765984914,0.0669938544021833,0.0,0.0,0.0,0.0,21.360848666367005,5.975897653197132,0.0,1.6768313516311621,0.0,0.0,0.0,0.0,13.129941163817724,21.827393179335203,0.0,0.0,0.0,0.0,0.2946794119468773,0.0,0.0,0.0,0.0,0.0,0.0,0.0,0.0,0.0,5.100824490225149,5.882608880013399,0.0,0.0,0.0,0.0,0.0,0.0,8.155089977460115,0.0
thermal50,1,1,2.4860285635751262,1.775663089641237,0.0,0.0,0.0,0.0,1.9492275964864354,1.6374697558744236,6.465964491032591,3.999858317961119,0.0,0.0,0.0,0.0,0.0,0.0,0.0,0.0,0.0,0.0,0.0,0.0,0.0,0.0,0.0,0.0,0.0,0.0,0.0,0.5358033009190908,2.173917955325339,2.6637379721512695,2.5964567119323836,1.8081986993841785,0.0,0.0,0.0,0.0,0.0,0.0,0.0,0.0,0.0,0.0,0.0,0.0,1.5859317336394665,1.66355139313069,1.4229268510733437,0.21699646526385988,1.0183230032080004,1.7883015701923441,0.5789930052407938,2.9015020961839166,3.1438335927157746,0.8269705222350293,1.898380554970136,2.0404689266051483,0.0,0.0,0.0,0.0,0.0,0.0,0.0,0.0,0.0,0.0,0.0,0.0,0.0,0.0,0.0,0.0,0.0,0.08502856722983586,0.0,0.0,0.0,2.1758628074880355,0.07966051314353231,0.0,0.0,0.0,0.0,4.980832939604255,1.6859765387175465,0.0,2.1547222875259577,0.0,0.0,0.0,0.0,7.359121819495698,4.384635088330089,0.0,0.0,0.0,0.0,1.141585515896937,0.0,0.0,0.0,0.0,0.0,0.0,0.0,0.0,0.0,1.8374122816162965,2.471195152056002,0.0,0.0,0.0,0.0,0.0,0.0,2.592098533407756,0.0
thermal50,1,2,1.1581524549537838,1.0901031048460452,0.0,0.7052320216400892,0.07233980415819488,0.5970377924748893,1.1293893465461127,1.147652179939177,1.7498513668879614,1.8049254375194859,0.29557606460792646,0.3737901407864946,0.0,0.0,0.0,0.0,0.0,0.0,0.0,0.0,0.0,0.0,0.0,0.0,0.0,0.0,0.8139423016683442,1.0071408823825583,0.0,0.6142334897592879,1.131124184253612,1.1936794981483438,1.5423711490757988,1.734880697208227,0.0,0.0,0.0,0.0,0.1574382604021752,0.12137513436730459,0.46950517248952883,0.5475599142404483,0.0,0.0,0.6763436608906315,0.6650194145594309,1.0862293312021398,1.072706127978711,1.0662964287375425,0.5233063338088689,0.9992444663439439,1.311392805283077,0.9149341953451119,1.2338178485511686,1.3363812924450589,0.9998317031267645,1.1250789505054564,1.2004146226397825,0.0,0.0,0.0,0.0,0.0,0.0,0.0,0.0,0.0,0.0,0.0,0.0,0.0,0.0,0.0,0.0,0.0,0.09259269070384363,0.0,0.0,0.0,1.5932004283391754,0.1986935604747179,0.0,0.0,0.0,0.0,1.4774814463334238,1.1106721727231958,0.08349810578415309,1.7480332716985816,0.0,0.0,0.0,0.0,2.016286199725532,1.3910992108881892,0.0,0.0,0.0,0.0,1.2668985666613084,0.0,0.0,0.0,0.0,0.0,0.0,0.0,0.0,0.0,1.0949034151331132,1.1821219061132502,0.0,0.0,0.0,0.0,0.0,0.0,1.186543398464814,0.0
thermal50,1,3,1.0143238499941976,1.0082077332875519,0.5837167002068555,0.9565880600302491,0.8986303103710231,0.9356546878669615,1.0108136994771986,1.0119947283589896,1.0654028756175358,1.0758772264897014,0.9217022230896684,0.9196120237255306,0.2821082339557509,0.0,0.8200107649696066,0.8037439486323776,0.0,0.0,0.7108189637392899,0.688800749624746,0.0,0.0,0.6337711550774109,0.5896214529242647,0.0,0.0,0.9640038917731241,0.9734274548433789,0.6137531167327699,0.47251518610191506,1.0101221914415868,1.011803129885736,1.0508156534653474,1.2458690962107817,0.6577135474748186,0.6794108911587008,0.47291850028946664,0.5346476244846091,0.8611495536533946,0.8873053160853497,0.9159074239727735,0.938117979627653,0.0,0.0,0.9628811835107679,0.9616182955323317,1.0063265993669073,1.0043196842224535,1.0052754162413053,0.8919044082883612,0.9798880662982187,1.0184824239564687,0.9811272977928802,1.0128472279173488,1.0277071339811414,0.9967873537244287,1.006115091322947,1.0165320446669408,0.43838751378121615,0.0,0.0,0.4966738672125385,0.0,0.0,0.0,0.0,0.0,0.0,0.0,0.0,0.25231215511141813,0.0,0.0,0.5391570251632773,0.0,0.06318609355821768,0.0,0.0,0.0,0.9804473818026861,0.6267315802989423,0.39551041693080935,0.5337947475464236,0.0,0.0,1.037919357560787,1.0118546414344982,0.7000028553942439,1.0714787121331304,0.0,0.0,0.0,0.2564292886958197,1.0925485724071415,1.040066301751543,0.0,0.381015550021032,0.0014835670462620867,0.20013989232277812,0.8234366803516511,0.7965991637889231,0.4970852097919412,0.4835426564529092,0.26835836865643925,0.705429136194901,0.3941222641993227,0.0,0.0,0.0,1.00572561044818,1.0187482624564093,0.5647963610014199,0.06837739865167389,0.2653498809422084,0.0,0.0,0.0,1.0180167686595842,0.14916617124786982
thermal50,1,4,1.0012426994276937,1.0006951467130332,0.9551703551253843,0.9937504256374154,0.9888571528808004,0.9906529115342284,1.000765473441919,1.0009442708770249,1.0049679754787673,1.0064750982057693,0.9911970134347011,0.9908913971536598,0.903982574505664,0.4645330933154323,0.9796098547066794,0.9776268319064622,0.7856305274766714,0.0,0.9686925729267692,0.965885492407955,0.6822733426837574,0.0,0.9612173005331359,0.9559007676013348,0.6557270756761073,0.0,0.994113213167959,0.9952689021618637,0.904685472797443,0.413575008047876,1.0006415594451894,1.0008157615719415,0.9950100839562345,0.9683284805639992,0.9620860928846955,0.9653847079851062,0.939259380266909,0.9498599083093625,0.9832968399839281,0.9863842382962494,0.9893651107727434,0.9918019518049234,0.0,0.0,0.9960076005235567,0.9957239013663371,1.0003493014891471,1.000068166415227,1.0000861569151018,0.9866042460819845,0.9959611703422709,0.9973985826857246,0.9971472581258931,1.0001846730037045,1.0009776986252654,0.9992608296624003,0.9999161969069744,1.0002811849478852,0.8453928188709238,0.49483200000868177,0.44318670339587946,0.9335516805758529,0.8507255933447896,0.8495363494543078,0.7044829555842669,0.16983153236101634,0.11690683071575457,0.7988408916168769,0.4136668174795381,0.34231672289861065,0.8983961856347026,0.38293499639921563,0.2887115859177174,0.8770280751948522,0.27598099115369584,0.2223960969810145,0.8230825709312994,0.0,0.0,0.949945541212099,0.8110197124147362,0.7134524410617441,0.9310366328597655,0.8061570764932408,0.7879926241597635,0.9989668872640698,1.0004764800864705,0.8534761471429546,0.9924879745058531,0.0,0.7470214934076876,0.8458436149504914,0.9081399454654014,1.0036772898444497,1.0005655267679556,0.640334151542342,0.8903576140142525,0.7177423687659323,0.8479202221831645,0.8620195194263056,0.9500039295792676,0.8736739925979636,0.9140626721670478,0.832415202614666,0.9356382567809941,0.7870943149970845,0.6112644800895658,0.7311204644748898,0.5057034458720668,0.9991997875225057,0.9986262651945328,0.9115784012412023,0.8341471586611888,0.7628458040898219,0.5671708878809799,0.2964958383298467,0.45119987249791665,0.9989349720221967,0.8569397878300177
thermal50,1,5,1.0001102542395612,1.0000601390699115,0.9953263316524426,0.9992486254625527,0.9988251404358147,0.998864933176278,1.000056832775069,1.0000809928535332,1.0003938614519021,1.0005725205644391,0.9990570713246864,0.9990360085864611,0.9891233943088897,0.8981091269058381,0.9978179310010171,0.9976421582289712,0.9756211532788518,0.7799561007599372,0.9967232015997322,0.9964539557713729,0.965116238543415,0.7506667083311345,0.995993019448942,0.995458259461735,0.9630082862914547,0.7049693451257262,0.9992606814754017,0.9994094805800947,0.9875774689852447,0.8481971551658334,1.0000417738262048,1.0000684519879364,0.9990290605806595,0.9802022792729363,0.9960987152268547,0.9963848497787564,0.9936209750973226,0.9946996375122601,0.99809424953113,0.9983976204760749,0.9986169296088896,0.9989087086723412,0.0,0.0,0.999584770382419,0.9995435877091312,0.9999954832217618,0.9999616760550561,0.999989098897391,0.9985806464020385,0.9994833503961297,0.9995344752336429,0.999625429863876,0.9999062957801481,1.0000191806485754,0.9998875916174225,0.9999293506674014,0.9999699109925965,0.9701165185282594,0.8949917269674862,0.8681863294168235,0.9904352157807681,0.9765283952762348,0.9753598992548038,0.960098110415279,0.876731205179866,0.8694553431829941,0.9684056389562853,0.8972547942406408,0.8779828199882169,0.9856942698249685,0.903665457118601,0.8876425626551182,0.9774056867667392,0.8329318944345692,0.7804150576267899,0.9706019456056929,0.7958030035796738,0.7525556547476803,0.9889192385387522,0.955159911797352,0.9305014756668762,0.9896273107357729,0.966558081384521,0.9611278271287486,0.9990660227285395,1.0000231214365933,0.9658064199135286,0.99875054873235,0.7905746982019844,0.9583357676132573,0.9781460540862784,0.9876735230182317,0.9985528963541254,0.9993464102597711,0.9333480984491245,0.9825034847653121,0.9461085220033052,0.9750530569211315,0.9686292044306312,0.9909715132948411,0.9751013070715999,0.9862658755001442,0.9681577568221986,0.9886026594438911,0.9591720919286804,0.9250000829597477,0.9516318413877992,0.9131520116000336,0.9997709177872617,0.9994933003686409,0.9851214237660764,0.9736703784556425,0.9551172676365937,0.9181365210218992,0.864677185369107,0.8876095718425411,0.9994067283207628,0.9747245543809431
thermal50,2,,15.463525805760888,16.67386722857734,2.264960182565708,5.557960493770821,0.0,3.234272876556392,0.0,0.0,0.0,0.0,4.931551454986637,7.643394272682133,2.6990939714799667,1.1093394576797913,3.2827045148038807,0.8176594708173248,0.19226032627072923,0.0,0.0,0.0,0.0,0.0,11.179501648833387,0.0,0.3057637959263721,0.0,0.0,3.4550136278094303,1.1081281214151015,0.24308274446486242,0.0,0.5960270505909074,0.0,0.26712635083600933,0.0,0.0,0.0,12.008652502685424,0.0,16.3762745070333,0.2614263748166036,0.0,0.0,0.0,0.10901042065181488,6.543109772615724,0.0,0.0,0.0,0.3939941068587616,1.3547973576476182,0.0,0.0,0.0,0.0,0.27329563989372363,0.0,0.0,0.5506460068898178,0.16953345112245205,0.06092003489329177,7.613609142757777,3.480129146650754,2.795838801294662,0.0,0.0,0.0,0.0,0.0,0.0,0.0,0.2438996501968675,0.05994962319107694,1.8260413880542699,0.17375896300637655,0.10108644950086908,0.6043802253811686,0.00608361831432496,0.0,5.02605372808145,1.300604194489925,1.0109495602143481,0.0,0.8019259009321837,0.1212273707201367,0.0,2.4354123762848996,0.4719929726677114,0.6054978833693722,0.18567379869234937,1.6890470504463764,2.0022797323415817,0.0,2.8008082883711864,10.906830563797593,0.6393502574583928,0.8195942371035495,0.0,0.0,0.4677356981249469,0.0,3.143876557753216,6.20330220854938,0.8882620376210192,0.20303423017786754,1.2649024113644027,1.046814575174135,0.0,0.0,0.0,0.0,0.004418881090859498,0.0,0.0,0.0,0.21364854923642468,0.0,0.0,0.0
thermal50,2,-2,15.462102041264139,16.644228726593848,2.262797314191384,5.559465790988769,0.0,3.235303910220076,0.0,0.0,0.0,0.0,4.932920981801442,7.642605836103542,2.699012836876352,1.1093520169542241,3.28469977979312,0.8176793301949464,0.19224839931713983,0.0,0.0,0.0,0.0,0.0,11.177709621672765,0.0,0.30580257087473023,0.0,0.0,3.455233314123672,1.1081507740950791,0.2430773879306171,0.0,0.5961892045539277,0.0,0.2671272025575275,0.0,0.0,0.0,12.008556700634568,0.0,16.376227501681118,0.2614348056832573,0.0,0.0,0.0,0.10911546401931999,6.542482079568004,0.0,0.0,0.0,0.3939929942372485,1.354830347590304,0.0,0.0,0.0,0.0,0.2733016979914998,0.0,0.0,0.5506072453713843,0.16953339936470996,0.06091943431903224,7.613434335464633,3.480118775003106,2.7958438119687616,0.0,0.0,0.0,0.0,0.0,0.0,0.0,0.24390175145609963,0.05994990961876315,1.8260540763223678,0.17375886553999464,0.10108623313026958,0.6044618777109286,0.006083999139954691,0.0,5.0260750888163885,1.3006040234880392,1.0109520633661075,0.0,0.8019257928094191,0.1212260818302042,0.0,2.435178256252676,0.47199500806213945,0.605514788358748,0.18567332355348912,1.6891246848211687,2.0022812046275176,0.0,2.8008003435034525,10.905902679507937,0.6393510727845558,0.8194932665439008,0.0,0.0,0.46773521504009785,0.0,3.143872229584291,6.203216368916293,0.888261700341221,0.20310542744765675,1.2648993601004639,1.0468144340458168,0.0,0.0,0.0,0.0,0.004435065893709713,0.0,0.0,0.0,0.21365240873553296,0.0,0.0,0.0
thermal50,2,-1,15.448459064565883,16.383415755440375,2.2437220545482535,5.572837353086308,0.0,3.24446136907208,0.0,0.0,0.0,0.0,4.9445966487288775,7.6356044809007715,2.6982957800626295,1.1094650763963936,3.3024386824926917,0.8178534793766952,0.19214175400566127,0.0,0.0,0.0,0.0,0.0,11.161704795788276,0.0,0.30614826982005294,0.0,0.0,3.457183411865112,1.1083510579294877,0.24302924632318937,0.0,0.5976461729386062,0.0,0.26713482283949336,0.0,0.0,0.0,12.007693993927965,0.0,16.37580416373609,0.2615107533918774,0.0,0.0,0.0,0.11005937361227398,6.536850180116177,0.0,0.0,0.0,0.39398310297971373,1.3551234350779056,0.0,0.0,0.0,0.0,0.27335614503791866,0.0,0.0,0.5502579186637003,0.16953293607776582,0.060914064225948576,7.61185255170639,3.480025338897417,2.7958885139724323,0.0,0.0,0.0,0.0,0.0,0.0,0.0,0.2439206624251142,0.05995248852946355,1.8261692935697587,0.1737579939725908,0.10108433200942119,0.6051977198374378,0.006087429204440527,0.0,5.026264967676914,1.3006024496343924,1.0109741002560262,0.0,0.8019248197417763,0.12121521980572345,0.0,2.433077366606809,0.4720132353571456,0.6056667161322059,0.1856690572569796,1.6898231403621327,2.0022942359281246,0.0,2.8007292510989807,10.897562222871313,0.639358378522867,0.8185860614379346,0.0,0.0,0.4677309051911712,0.0,3.1438335406247226,6.202446807572911,0.888258589694111,0.20374292663557325,1.264872099023205,1.0468131771520321,0.0,0.0,0.0,0.0,0.004579741986570438,0.0,0.0,0.0,0.21368703616307402,0.0,0.0,0.0
thermal50,2,0,15.249533551991009,14.25114903467832,2.0847420955010083,5.691773798664497,0.0,3.325924786814405,0.0,0.0,0.0,0.0,5.01184523012519,7.573027797226889,2.692160416247322,1.1105967697636496,3.461497798968645,0.8192680593511622,0.19113858514235207,0.0,0.0,0.0,0.0,0.0,11.011566168292129,0.0,0.3093366999916915,0.0,0.0,3.4745235720383283,1.110067705925504,0.2425534101742183,0.0,0.6119982443085116,0.0,0.267207069333772,0.0,0.0,0.0,11.999024723006773,0.0,16.37153570144648,0.2622767383381515,0.0,0.0,0.0,0.11936020206932071,6.482044789139729,0.0,0.0,0.0,0.3938937730335833,1.357748695777172,0.0,0.0,0.0,0.0,0.2738952598977244,0.0,0.0,0.5467373762132174,0.16952851072277209,0.06086358991547521,7.595336835953329,3.4790836186317327,2.79630295960645,0.0,0.0,0.0,0.0,0.0,0.0,0.0,0.24410977527204583,0.05997830725070908,1.8274017815401165,0.17374972881313935,0.10106899682580317,0.6126212096811006,0.0061219467683376275,0.0,5.027971635270441,1.3005839296446144,1.0111549440940693,0.0,0.8019151076705306,0.12116491669079556,0.0,2.412592642144821,0.4721875754487884,0.6071664004692583,0.18562727656211983,1.6967764939665064,2.0024070132452225,0.0,2.800050777432423,10.815168928160043,0.6394287380827894,0.8096545638867709,0.0,0.0,0.46769110762801935,0.0,3.143468112233802,6.194975803838617,0.8882216716763663,0.209850535453228,1.2646154222279742,1.0468016626314045,0.0,0.0,0.0,0.0,0.005948100301691188,0.0,0.0,0.0,0.21402501457211323,0.0,0.0,0.0
thermal50,2,1,12.357229696017994,7.078718630915551,1.43744887099697,6.106449669467715,0.39566806343646754,3.6998908092199922,0.0,0.0,0.0,0.0,3.919963627390496,7.238258444109409,2.677765677179714,1.1217100062123466,4.230553238447833,0.7794090708177954,0.18608348357504328,0.0,0.0,0.0,0.0,0.0,9.734082637246397,0.1597978589462884,0.3278642802268127,0.0,0.6111192951725425,3.551884375041812,1.1122577103719136,0.23803314332055672,0.0,0.630937116073441,0.0,0.26772112008386756,0.0,0.0,0.0,11.912683125087288,0.0,16.32261044159111,0.27042280466222224,0.0,0.0,0.0,0.20201863341403892,6.019194323091916,0.0,0.0,0.0,0.3932205294883851,1.3728711892883445,0.0,0.0,0.0,0.0,0.2793072127614531,0.0,0.0,0.5143076589245844,0.16948598731924513,0.0605053568951778,7.409934321120404,3.4692476206616734,2.7991076808930093,0.0,0.0,0.0,0.0,0.0,0.0,0.0,0.24599638235360521,0.0602995133393459,1.8417385882727721,0.17368374324228716,0.10102530253547534,0.6829190960302687,0.006474986280435698,0.0,5.037577090349098,1.3003417995585096,1.0117193371305606,0.0,0.8018281112938231,0.12228012505790578,0.0,2.2353322038508114,0.4734935802720492,0.6208181591992702,0.18526580478541738,1.7615688073278144,2.0033440945837167,0.0,2.7941582532011453,10.078750366516127,0.6399990808005304,0.7309609533748869,0.0,0.0,0.46744519606362545,0.0,3.1405989656294846,6.124622623589367,0.8876900456710854,0.26116780030199116,1.2626113842383782,1.04673875500204,0.0,0.0,0.0,0.0,0.01685075235939843,0.0,0.0,0.0,0.21721003538250747,0.0,0.0,0.0
thermal50,2,2,4.923953693474547,2.53439684792783,1.536138615303658,5.9691197499071,1.9188413898256054,4.324665630660775,0.0,0.0,0.0,0.0,2.4802041047365617,4.965757469906251,2.4981385977715576,1.1730000311445619,4.184973710996107,0.8375962378596276,0.2055858717407188,0.0,1.264826892628623,0.0,0.0,0.0,4.381962144142962,0.7511757150668912,0.3703771563760087,0.0,1.9030276410281155,4.00726887372846,1.1402920084462724,0.21511140620057648,1.1549405430643953,0.6549252723311604,0.0,0.2735764622185763,0.0,1.6904115588811959,0.0,10.303610035279975,0.0,15.329026663206546,0.40183346385817875,0.0,0.0,0.0,0.40074070580300575,3.067571463167661,0.0,0.0,0.0,0.3826708133242528,1.3726574749979552,0.0,0.0,0.0,0.0,0.3374670776824809,0.0,0.0,0.4390700764153453,0.1690000547631158,0.06502271186318168,5.1737135589332865,3.373780638046979,2.807658752327633,0.0,0.0,0.0,0.0,0.0,0.0,0.625773057555247,0.2642794757688761,0.05978210065904608,1.9707771936586453,0.17306707194565554,0.1007888310839143,1.0378137751384158,0.010138963158982718,0.0,5.044556396904807,1.297660379749284,1.0107128600792388,0.0,0.8008215992435403,0.13074816757565552,0.0,1.483371251410079,0.47931013698787456,0.6795715053592272,0.18472104359361954,2.071839120283872,1.9959583282877233,1.4478788007462584,2.716876327445904,6.335725200772837,0.6421254232708348,0.33718913385170923,0.0,0.0,0.466790748088763,0.0,3.117210415481873,5.204451937392802,0.8852724789750067,0.5087687995807582,1.2486349540266037,1.046261778623348,0.0,0.0,0.0,0.0,0.09441367392386536,0.0,0.0,0.0,0.23591941402763125,0.0,0.0,0.0
thermal50,2,3,1.8999271066301662,1.3716301629197565,1.9206690662738968,3.831779277002035,1.5563884755815507,4.340127410061878,0.9693048753395539,0.0,1.2419961161952244,0.0,1.7696587629686582,2.4367665988421567,1.7569442885260924,1.188222525396432,2.5701861960172003,1.322330595076186,0.28642783480921585,0.019308532825249,1.9137532175906429,0.0,0.0,0.0,1.991338451321854,1.0286544410346494,0.5443183489100795,0.0,2.844266239777254,4.328031162720843,1.2813168849655077,0.17512612868173036,1.407670478479436,0.9372192170043604,0.0,0.3016032236456593,0.4273250869981397,3.826045130643995,0.419212930785616,5.175316969424447,0.7795395889396374,8.043085758366145,0.7847520331488593,2.2236762434078816,0.0,0.0,0.97626498754939,1.8081304162333334,0.8836511546378599,0.5864707441069436,0.6292116803802711,0.363332494721795,1.5391794272822654,0.0,0.13703388703667316,0.1590561436056407,0.297257093043078,0.6240524020527357,0.15444757786169167,0.0,0.5839124186419188,0.16413492143852215,0.08293756145957733,2.143379654096877,2.7008724170065292,2.6614708120705775,0.0,0.0,0.0,0.0,0.0,0.0,1.2221799365409827,0.39177775109226176,0.11569485113593884,2.274691971215297,0.16908210322776687,0.09978318286682823,1.2510030670306045,0.03702541441928575,0.0,4.326610479012818,1.276775918538146,0.979961826479349,0.5430494834129033,0.797579407548466,0.21642969141931273,0.40944387713297886,1.0101855125002688,0.5307404792043288,0.7284656777997428,0.1989248698232862,2.4349416394346153,1.920057215659431,1.5088825723063908,2.171147758799702,2.291132205483575,0.6569613851576435,0.4893081438836367,0.0,0.0,0.46761155170351415,0.9918485472683487,2.8942880517075227,2.5075207682224363,0.8959299757280024,0.9834260562415751,1.1466638169229968,0.9969824186903136,0.00702392417365796,0.0,0.25830015297967235,0.1892653034788193,0.4401556996441859,0.27443012994282034,0.02959255051130185,0.0,0.2962028742305727,0.0,0.48135580086826496,0.0
thermal50,2,4,1.2502960251349622,1.1244242095644958,1.3935828525513774,1.9980779114681266,1.1731252835314665,2.823207006517175,1.082672034236236,0.9609315404773872,1.5781255139656027,1.2977980552737938,1.2950435506193418,1.4855229240517895,1.1091031664190139,0.9496642832655884,1.5386960644264234,1.4143528494389392,0.41337630155039023,0.013029088808332534,1.3646840476324964,0.9569075694426326,0.2320685602832561,0.0,1.2517753857264615,1.1354578504335067,0.5259235944970122,0.0,1.9634230136095856,2.687479680469429,1.3647513222768906,0.2182758292259135,1.1152396787522558,1.09303233954861,0.4785060563456472,0.42613053109307764,1.159273410368505,1.7239467994701765,1.196447364192445,1.7915098230927842,1.4359594657623318,2.350898998044431,1.195927233691984,1.4465685225200633,0.0,0.0,1.1424594950821043,1.2002696043660586,1.0687923286071874,0.9995161611397746,0.9567779215182808,0.548977086690364,1.2847014364166311,0.5700200303411567,0.5988264993812177,0.9931812004667195,0.9196526133832315,0.8776770399631425,0.9356685900526719,0.8426199594350158,1.3453838430515066,0.20189464763148718,0.08615147535673773,1.1699361115554903,1.3594222037363681,1.5693932149376666,0.4137068624358756,0.18167189650299356,0.1695634250614366,0.0,0.0,0.0,1.108674745681834,0.5709863640491452,0.3610139732846495,2.2294016010673694,0.1662214393869746,0.101103385965509,1.1738301589247657,0.06640158099502817,0.0,2.6200508727477647,1.1972826658987255,0.9099297217027593,0.9832311974655861,0.8012842425788694,0.5181557658111382,0.8809111249036812,0.9922956315550865,0.7770551796077881,0.946482460087654,0.2582735908606444,1.8304074101313492,1.341361601609993,1.0997421486745895,1.3633334245796478,1.218206811526356,0.731882607775814,1.095475634068406,0.0,0.0,0.605151166618485,1.4011954652350698,1.8259493435817769,1.432990894656706,0.9342358274994175,1.2491169285089347,0.5470005325951576,0.4782277607829322,0.2733342509196635,0.1852334556790797,0.9098992575684173,0.8911828181957895,0.7264130139399629,0.6881320811662408,0.3454750523888937,0.29158241591640904,0.37020371170776906,0.004349707137528363,0.9359313441602544,0.7838575944689844
thermal50,2,5,1.0412690979143975,1.0222399268876703,1.0724796097979707,1.1773973369929835,1.0283320815321262,1.342388675028892,1.0193634027873313,1.0332850882935385,1.1319136670240366,1.2607491819099277,1.0529950661391594,1.123486777167647,0.9846823578195122,0.7251587443405687,1.0942594668083934,1.1846499728954756,0.7195417226254459,0.0,1.065248403739871,1.1017426273037279,0.7420836804738593,0.0,1.0389448597956037,1.0684140248708234,0.794405013884456,0.06074286698102834,1.1831537606652909,1.440223618082736,1.0807464966146898,0.20833064419627667,1.0169666457333242,1.032741015852665,0.8527523904903924,0.5642363036444777,1.0483361415852208,1.0918100903563643,1.0504922126038825,1.0969760893810212,1.1136579158016464,1.1633905011354821,1.0549022095252476,1.0633810015140857,0.0,0.0,1.0207386400765306,1.0248286676640286,1.0123344955776048,1.0036209786717045,0.9995295586255413,0.8622548541549339,1.040112239153431,0.9994403363110905,0.9329333434012569,1.0104064068201901,1.0168534068452202,0.9842155385983289,0.9994953861304834,0.9991258826051422,1.1074001026720228,0.3644830203565721,0.16235720871637357,1.0154486635065145,0.9766378131233611,1.0028219681548143,0.9013903492052032,0.5959024915937481,0.542030574102592,0.7791263635574883,0.04882288264786563,0.0,1.0218894234962257,0.7220455567777313,0.6257750744885499,1.4829052437391024,0.1856360801409328,0.10865916467401103,1.0165675364776898,0.03643291832921837,0.0,1.3692781980270032,0.9551320539689513,0.7761818573048207,1.0057073947699948,0.8678236227596229,0.7810973430018584,0.9768607699175135,1.0071668095832285,0.7892157357944174,1.1224440036313441,0.298692017950758,1.1105012354343864,1.0257108864911142,1.008103854058311,1.037641471367924,1.025713103851763,0.7051001762384537,1.0663475692534659,0.23808952747518974,0.874744172105994,0.7860760578278783,1.1078281442805524,1.0384351624477444,1.1041907911412525,0.8776100767793569,1.0761094201849386,0.4372689946969174,0.36982726173776953,0.4700261153200752,0.4063318681521163,0.9811408835783386,0.9770261810577218,0.882429614794666,0.8672714526086452,0.39090779302473666,0.32463985532163825,0.4880882366887158,0.3315417771875685,0.9826026981518755,0.9165340665976698
