Satellite,,,22877,25933,26605,27663,28129,28361,29486,29486,32711,32711,39166,39166,39166,39166,40105,40105,40105,40105,40294,40294,40294,40294,40534,40534,40534,40534,40730,40730,40730,40730,41328,41328,41328,41328,32393,32393,32395,32395,36111,36111,36400,36400,36401,36401,36402,36402,37829,37829,37867,37867,39155,39155,42939,42939,42939,37846,37846,37846,40545,40545,40545,40890,40890,40890,41175,41175,41175,41549,41549,41549,41859,41859,41859,41860,41860,41860,41862,41862,41862,43056,43056,43056,43566,43566,43566,36590,36590,38091,38091,38953,38953,40748,40748,41315,41315,43001,43001,43002,43002,43107,43107,43108,43108,43581,43581,43622,43622,43707,43707,39199,39199,39635,39635,40269,40269,41384,41384,43286,43286,37605,38652,38779,39617
Signal,,,L2:P(Y),L2:P(Y),L2:P(Y),L2:P(Y),L2:P(Y),L2:P(Y),L2:P(Y),L2:L2C,L2:P(Y),L2:L2C,L2:P(Y),L2:L2C,L2:M,L5:L5I,L2:P(Y),L2:L2C,L2:M,L5:L5I,L2:P(Y),L2:L2C,L2:M,L5:L5I,L2:P(Y),L2:L2C,L2:M,L5:L5I,L2:P(Y),L2:L2C,L2:M,L5:L5I,L2:P(Y),L2:L2C,L2:M,L5:L5I,L2:L2OF(C/A),L2:L2SF(P),L2:L2OF(C/A),L2:L2SF(P),L2:L2OF(C/A),L2:L2SF(P),L2:L2OF(C/A),L2:L2SF(P),L2:L2OF(C/A),L2:L2SF(P),L2:L2OF(C/A),L2:L2SF(P),L2:L2OF(C/A),L2:L2SF(P),L2:L2OF(C/A),L2:L2SF(P),L2:L2OF(C/A),L2:L2SF(P),L2:L2OF(C/A),L2:L2SF(P),L3:L3OC,E5:E5ab,E6:CS,E6:PRS(A),E5:E5ab,E6:CS,E6:PRS(A),E5:E5ab,E6:CS,E6:PRS(A),E5:E5ab,E6:CS,E6:PRS(A),E5:E5ab,E6:CS,E6:PRS(A),E5:E5ab,E6:CS,E6:PRS(A),E5:E5ab,E6:CS,E6:PRS(A),E5:E5ab,E6:CS,E6:PRS(A),E5:E5ab,E6:CS,E6:PRS(A),E5:E5ab,E6:CS,E6:PRS(A),B3:B3I,B2:B2I,B3:B3I,B2:B2I,B3:B3I,B2:B2I,B3:B3I,B2:B2ab,B3:B3I,B2:B2ab,B3:B3I,B2:B2ab,B3:B3I,B2:B2ab,B3:B3I,B2:B2ab,B3:B3I,B2:B2ab,B3:B3I,B2:B2ab,B3:B3I,B2:B2ab,B3:B3I,B2:B2ab,L5:SPS,L5:RS,L5:SPS,L5:RS,L5:SPS,L5:RS,L5:SPS,L5:RS,L5:SPS,L5:RS,L5:L5I,L5:L5I,L5:L5I,L5:L5I
Mask,CF,RR,,,,,,,,,,,,,,,,,,,,,,,,,,,,,,,,,,,,,,,,,,,,,,,,,,,,,,,,,,,,,,,,,,,,,,,,,,,,,,,,,,,,,,,,,,,,,,,,,,,,,,,,,,,,,,,,,,,,,,,,,,,
deg1,1,-1,8.083012842014769,2.7376492658181664,0.0,2.6687483036168236,0.46480377427866343,1.5167042464872647,0.0,0.0,0.0,0.0,1.225354222546918,7.413629945054795,0.720841768467812,1.6902774734283916,2.884617310422295,0.6254936911517797,0.0,0.21005184861628448,0.0,0.0,0.0,0.0,2.707059733863428,0.0,0.0,0.0,0.0,3.1209718140704887,0.4321996069845743,0.042386578509867066,0.0,0.0,0.0,0.3089476764712719,0.0032741974898072776,0.0,0.0,10.683420094873343,0.0,3.887467003742301,1.7532259502379284,1.5238863466005101,0.016340824279156178,0.0,0.281555671451568,0.02320292809244024,0.023732951844707063,0.0,0.37567569114114696,0.0,0.0,0.3055450967784711,0.3401290364840412,0.0,0.0,0.0,3.914924287650415,0.4304433298037114,0.0,0.0,0.0,0.0,0.18105962457036423,0.0,0.0,0.0,0.0,1.301445749520826,0.6078122661121679,0.5522014490667837,0.0,0.0,0.0,0.5473976210079,0.06456114816790998,0.03337282167397907,0.0,0.0,0.0,0.0,3.3305553288292464,2.1104552188008268,0.0,0.11917739695729354,0.0,6.859220386018965,3.2751429927538047,0.0,0.894299560965214,3.405956625934202,0.0,3.358152602782284,5.2908452787159534,0.0,0.0,0.48377245010847036,1.0078924384693757,0.0,0.0,0.0,0.0,0.0,0.0,1.1552194403284255,4.475622418949577,0.33811111351617423,1.3690486470904704,0.0,0.0,1.187873979017652,1.0165243695187995,0.053716814060910265,0.0,0.0,0.0,0.14100974707905387,0.0,0.0,0.0,0.5372448033303608,0.0,4.097238829183699,0.0
deg1,2,-1,20.667871356762486,3.5017844210097553,0.0,1.2884277396074895,0.0,1.4233667692584953,0.0,0.0,0.0,0.0,0.0,10.41761215960423,1.4378778709874525,1.4861793678065112,0.017722083830468676,0.22216434763176013,0.0,0.19892802184651615,0.032514138771649985,0.0,0.0,0.0,12.0431314459788,0.0,0.1751908681213178,0.0,0.0,3.025238718786634,0.22191833871904018,0.054288505087363007,0.0,0.0,0.0,0.30821378894983603,0.0,0.0,0.0,95.82414059926343,0.0,0.0,1.5965817225542216,0.0,0.0,0.0,0.0,0.0,0.016446807113604193,0.0,0.1642118724280037,0.0,0.0,0.16256999998837135,0.37731476715963297,0.0,0.0,0.0,6.564453290068008,0.0,0.0,0.0,0.0,0.0,0.19993175234035127,0.0,0.0,0.0,0.0,0.13744660824692093,0.6011133963477764,0.5173794453443049,0.0,0.0,0.0,0.5907489745664175,0.06243819638891076,0.038032451111199406,0.0,0.0,0.0,0.0,3.6724251921658806,2.27567939026449,0.0,0.11317068139514114,0.0,4.318843410123618,5.453798426098348,0.0,0.611522030094467,4.761612656440985,0.0,2.983159403181067,3.325741849494221,0.0,0.0,0.2748739088280114,1.7166062683879055,0.0,0.0,0.0,0.0,0.0,0.0,1.7343325616965806,5.978171037666271,0.33996391841914936,1.5712641682433777,0.0,0.0,1.1916666765452681,1.018011784820187,0.03237178666450719,0.0,0.0,0.0,0.1183074772950923,0.0,0.0,0.0,0.5982176319456766,0.01852029074287483,5.070791942628507,0.0
deg5,1,-1,8.00970259111738,2.651567297517619,0.0,2.705747088609862,0.4712993692149519,1.5025431014824728,0.0,0.0,0.0,0.0,1.1226677777554317,7.338084305228707,0.6772762847804755,1.592969516467536,3.186337544022885,0.6255138045380595,0.0,0.20389749567597812,0.0,0.0,0.0,0.0,1.4883854171106201,0.0,0.0,0.0,0.0,3.168765821290913,0.4543221878235521,0.06917112329950997,0.2554774588099429,0.0,0.0,0.36703342765435965,0.0465564506042102,0.0,0.016081846650907807,7.331107513579303,0.0,2.3712152263854684,1.5507876929381126,0.0,0.08951109296210642,0.0,0.417533915155541,0.011940151956899774,0.029509798406286186,0.0,0.36750689844492,0.0,0.23432627918614019,0.3260101613447594,0.3643414909696063,0.0,0.0,0.0,4.016751180578524,0.3548953960581637,0.0,0.0,0.0,0.0,0.22993437486431587,0.0,0.0,0.0,0.0,1.641784265104336,0.6104520430937602,0.5912478198741077,0.0,0.0,0.0,0.6271044920412853,0.07103623012371184,0.03514196790041663,0.0,0.0,0.0,0.0,2.96720214773771,1.9466395928217433,0.0,0.12430767746051356,0.001656776953099218,7.988260674915457,3.459387870548272,0.0,0.905461281459173,3.1640741751654806,0.0,3.8338903346575037,5.872902002377183,0.0,0.0,0.5888021112115067,1.1095795049294197,0.0,0.0,0.022955271811206057,0.0,0.0,0.0,0.8917506544159103,4.229867821009557,0.2874581476641394,0.831656381994044,0.0,0.0,1.1766645613931563,0.9778198307249136,0.046737392320226674,0.05310164056997142,0.0,0.0,0.30424938488418113,0.0,0.0,0.0,0.5530909660130221,0.01687883767760256,3.8840445709430407,0.0
deg5,2,-1,19.231023056997323,0.0,0.0,1.3920255504383807,0.0,1.397014479456533,0.0,0.0,0.0,0.0,0.0,11.088869804659044,0.6955896674496945,1.4145035500441894,3.721373866395809,0.1540604260052746,0.0,0.1963632070854092,0.0,0.0,0.0,0.0,1.3961178541252528,0.0,0.0,0.0,0.0,2.9404146246517873,0.45349764186321107,0.06014860103056734,0.0,0.0,0.0,0.34343571811490803,0.025229083535813723,0.0,0.0,11.962546693298162,0.0,0.5841216238115563,1.703333513424218,0.0,0.07665166130785313,0.0,0.2607187987319422,0.0,0.016952718344089037,0.0,0.44216218044965094,0.0,0.4410866471910115,0.3003824189962382,0.4115852405518377,0.0,0.0,0.0,6.7255442196188255,0.0,0.0,0.01173533280675985,0.0,0.0,0.24959746757596507,0.0,0.0,0.0,0.0,0.7904204989931406,0.6048903240642786,0.5773909609079246,0.0,0.0,0.0,0.6341860197444577,0.06860044271483592,0.03507337220355017,0.0,0.0,0.0,0.0,3.350418365681614,2.3413170203644698,0.0,0.11390421834536556,0.0,6.362033137992743,5.280827051845112,0.0,0.6767275157077113,3.8686664160820916,0.0,3.8016112677670977,4.795386679986016,0.0,0.0,0.5174105125097356,1.8378020504854726,0.0,0.0,0.0,0.0,0.0,0.0,1.1490222665221275,5.170175229837287,0.3356393613646927,1.1112318550500802,0.0,0.0,1.1184419191895572,0.9924563343654359,0.09085590693488048,0.04147064633922852,0.0,0.0,0.3131380456541784,0.0,0.0,0.0,0.6554414362568983,0.03555856880669905,4.890062602809147,0.0
interval2200-2400,1,-1,1.0000000000000002,1.0,0.932429033283389,0.89071479082516,0.9674790363644667,0.8651700738021069,0.9416313392505511,0.7784478775922606,0.8412590842068434,0.7615198825986367,0.950402151914164,1.104176703237844,0.0,1.3245690483058428,0.9828502435410457,0.9888127758386114,0.4939559140172068,0.0,0.7843082074408568,0.8078603529182078,0.0,0.0,0.9636981858785769,1.150827005490275,0.0,0.0,0.8415795380978341,0.9392997590996018,0.0,0.3063107695277001,1.0,1.0,1.0000000000000002,1.0,1.1797450120650863,2.027654709369081,0.5059623928512766,1.5783949714276402,0.6183526171098312,1.0115880259124213,1.6991951189008345,1.7770955879232426,1.0,1.0,0.6124286262170862,0.9310207268083843,1.0000000000000002,1.0,3.9291937244812947,0.5783699920909853,0.25023196662287034,0.22003593510246483,1.0,1.0,1.0,1.0000000000000002,1.0000000000000002,1.0,0.8822961018084433,1.2045365771868157,0.1615639005272188,1.0638913985916738,1.016366950665338,0.0,0.46985157496819996,0.5895643834178169,0.0255478737767071,1.0923413909513753,0.0,0.0,1.1256528993031638,0.6192865374956233,0.9493047671297445,0.0,0.09425695962357777,0.014554628968263667,0.6780199865231489,0.8030729660788395,0.0,1.7128805467627413,1.6683060753704142,2.3928164390268245,3.977401234737975,0.0,0.20059366271770304,1.0260707184597067,1.205377263107022,1.341827175655907,1.4351120119455476,0.9999999999999998,1.0000000000000002,0.46371260642753614,2.637054828471586,0.09119311518399846,0.1668319851070916,1.0,1.0,1.4653583799258871,1.242488920856194,0.9930260166721223,1.1770475501022493,1.3816370179841195,1.1050921605921895,1.1606148368321179,3.2754263529265373,0.14487954617880314,0.0,1.313694230646849,1.4584967997364076,0.5443105040817251,0.4656955747199683,0.0,0.0,1.0,1.0,0.3354638478740275,0.0,0.4952507415587508,0.42885455702230124,0.17175791290676587,0.0,1.0,0.8823693246646899
interval2200-2400,2,-1,0.9999999999999998,1.0,3.4289933433696285,0.0,0.0,0.5990710371981645,0.0,0.0,0.0,0.9201417159439527,0.0,1.0669090394916692,0.0,1.8197779270598953,0.7879261408661274,0.7091630320542621,0.46963938511115116,0.0,0.0,0.0,0.0,0.0,1.2418610773777674,4.462737064381142,0.0,0.0,0.0,0.439914292701175,0.0,0.2670517277032267,1.0000000000000002,1.0,0.9999999999999998,1.0,0.032387531797566704,27.03365979607686,0.0,0.0,0.0,0.5709491360724397,1.4745141712226608,0.06094522211182813,1.0,1.0,0.0,0.0,1.0000000000000002,0.9999999999999998,5.048415039401175,0.0,0.3278652056532336,0.022731201771062977,0.9999999999999998,1.0000000000000002,0.9999999999999998,0.9999999999999998,0.9999999999999998,1.0,0.0,1.370923852953591,0.0,0.0,0.8136334183527324,0.0,0.0,0.4395020164094077,0.0,0.0,0.0,0.0,0.0,0.0,0.0,0.0,0.09468415351025113,0.018215038966396715,0.0,0.7870563385748515,0.0,17.763307909160183,2.7089889709351733,4.417103278764097,4.193691479979133,0.0,0.0,1.0617763112259717,4.8077781704868485,1.0664069970530328,1.0711260935484537,0.9999999999999998,1.0000000000000002,0.0,2.6430587446649447,0.10733923871272427,0.0,1.0,1.0000000000000002,2.684281462757324,2.0042879750304397,1.6380373224935072,0.0,2.946839524560328,0.0,0.7497615416584604,0.0,0.12087032066062789,0.0,2.2459444363199883,5.58862460464841,1.1319899100439983,0.7361349126461756,0.0,0.0,0.9999999999999998,1.0,0.0,0.0,0.0,0.1706318880836999,0.0,0.0,0.9999999999999998,0.0
interval5500-6200,1,-1,3.51353150472661,1.5250467868416693,1.0000000000000002,4.20154327043301,1.0,0.748328738372873,0.25617308256804416,0.0,0.0,0.0,2.1053073054704985,4.494475642369885,3.144693415477066,1.4337324350453216,2.1030619110770004,5.250524848623547,0.6588113179764148,0.0,1.0000000000000002,1.0000000000000002,1.0,1.0000000000000002,1.0,1.0,1.0000000000000002,1.0000000000000002,2.0676012287369527,4.514380219491043,0.10831388727986171,0.07013228617371282,1.0,1.0000000000000002,1.0,1.0,0.027695896573185136,0.30208438624336786,1.0000000000000002,1.0000000000000002,1.0,1.0000000000000002,0.4327780607555753,1.4612420951456018,0.007478055657783132,0.0,0.21902379933064675,0.0,0.0,0.0,0.055688440298011385,0.0,0.038381865870147434,0.5408860297121008,0.32668770863025104,0.0,0.0,1.0000000000000002,1.0000000000000002,1.0,0.9143060747481715,0.11405672380559927,0.0,1.3351850680077295,0.2700974240944065,0.0,0.0,0.06223236332794648,0.002957551102600274,1.7172843690327153,0.6260042928379753,0.2667048536749037,0.6863850890623832,0.0,0.0,0.0,0.01159933717560372,0.0,1.0000000000000002,0.9999999999999998,1.0,0.23769230724942958,1.4398692530572748,1.9235650326395797,0.0,0.1777502243774446,0.22327870187529944,1.8436040303185868,0.5354451474786888,2.857010916014561,1.2415983008643419,1.9541863435981772,0.20546770940292702,1.2113348880089478,1.1488098283451909,0.0,0.0,0.16652782561530272,0.835367635700045,0.23274030697651715,0.0,0.0,0.715615673412806,0.0,0.8562207760678359,0.3443213688170245,1.8445153226367763,0.037947813065439824,0.0,0.1951631982091977,3.106360215653388,0.38506932760022905,0.22324815219309171,0.0,0.0,0.0,0.0,1.9686355919485918,0.9289234204938491,0.594179227689535,0.648131773920694,1.3643203868026061,0.2348064325900913,0.8243314332344265,0.8655309856593455
interval5500-6200,2,-1,16.95997168333214,0.0,1.0000000000000002,13.581667080259606,1.0,0.0,0.0,0.0,0.0,0.0,0.0,11.125172444953165,4.064176035361638,1.2843535732996265,0.0,9.439359033669723,0.3012432122215266,0.0,1.0,0.9999999999999998,1.0,0.9999999999999998,1.0,0.9999999999999998,1.0,0.9999999999999998,0.0,2.3845797065317385,0.006829441603496388,0.05159068627849481,1.0000000000000002,0.9999999999999998,1.0000000000000002,0.9999999999999998,0.01438280670707561,0.2968153710775749,0.9999999999999998,0.9999999999999998,1.0000000000000002,1.0,0.051748163171667666,4.661777556691759,0.0,0.0,0.10389228173498406,0.0,0.0,0.0,0.04439527743878978,0.0,0.0,0.2757607045639512,0.37811077598503445,0.0,0.0,1.0,1.0000000000000002,0.9999999999999998,0.0,0.09212191512305509,0.0067719639967381345,6.257011283923522,0.25184780014528446,0.0,0.0,0.06281675612846702,0.006142356055507498,1.5784247455309859,0.6316068674494616,0.16617719118228555,0.5898019785644766,0.0,0.0,0.0,0.012753065730992861,0.0,0.9999999999999998,1.0,1.0,0.0,1.5188069229798666,2.3872859899950405,0.0,0.19012291675374804,0.2600330541839454,2.660202568042384,0.0,3.3145875743457953,1.248196311571324,6.094812331870473,0.0,0.8956334886208471,0.0,0.0,0.0,0.2841125275578705,0.7453313142875557,0.27049433913992665,0.0,0.0,0.3798519133245718,0.0,0.0,0.0,0.3111100116924725,0.0,0.0,0.17558209160493488,7.809845855204016,0.0,0.0,0.0,0.0,0.0,0.0,2.5661028018176726,0.890078366656202,0.9142390459943678,0.9081138577818503,1.703970195434387,0.2029650067421123,1.8388606063587825,0.0
interval775-1000,1,-1,1.0,1.0,1.0,1.0,1.0,1.0,1.0,1.0,1.0,1.0,1.0,1.0,1.0,1.0,1.0,1.0,1.0,1.0,1.0,1.0,1.0,1.0,1.0,1.0,1.0,1.0,1.0,1.0,1.0,1.0,1.0,1.0,1.0,1.0,1.0,1.0,1.0,1.0,1.0,1.0,1.0,1.0,1.0,1.0,1.0,1.0,1.0,1.0,1.0,1.0,1.0,1.0,1.0,1.0,1.0,1.0,1.0,1.0,1.0,1.0,1.0,1.0,1.0,1.0,1.0,1.0,1.0,1.0,1.0,1.0,1.0,1.0,1.0,1.0,1.0,1.0,1.0,1.0,1.0,1.0,1.0,1.0,1.0,1.0,1.0,1.0,1.0,1.0,1.0,1.0,1.0,1.0,1.0,1.0,1.0,1.0,1.0,1.0,1.0,1.0,1.0,1.0,1.0,1.0,1.0,1.0,1.0,1.0,1.0,1.0,1.0,1.0,1.0,1.0,1.0,1.0,1.0,1.0,1.0,1.0,1.0,1.0,1.0
interval775-1000,2,-1,1.0,1.0,1.0,1.0,1.0,1.0,1.0,1.0,1.0,1.0,1.0,1.0,1.0,1.0,1.0,1.0,1.0,1.0,1.0,1.0,1.0,1.0,1.0,1.0,1.0,1.0,1.0,1.0,1.0,1.0,1.0,1.0,1.0,1.0,1.0,1.0,1.0,1.0,1.0,1.0,1.0,1.0,1.0,1.0,1.0,1.0,1.0,1.0,1.0,1.0,1.0,1.0,1.0,1.0,1.0,1.0,1.0,1.0,1.0,1.0,1.0,1.0,1.0,1.0,1.0,1.0,1.0,1.0,1.0,1.0,1.0,1.0,1.0,1.0,1.0,1.0,1.0,1.0,1.0,1.0,1.0,1.0,1.0,1.0,1.0,1.0,1.0,1.0,1.0,1.0,1.0,1.0,1.0,1.0,1.0,1.0,1.0,1.0,1.0,1.0,1.0,1.0,1.0,1.0,1.0,1.0,1.0,1.0,1.0,1.0,1.0,1.0,1.0,1.0,1.0,1.0,1.0,1.0,1.0,1.0,1.0,1.0,1.0
nomask,1,-1,8.133316005566954,2.7815129006475368,0.0,2.6600314936721476,0.18596835631213385,1.525537116404397,0.0,0.0,0.0,0.0,1.3888234513940942,7.51957222135889,0.9374388652226163,1.7032389170874527,2.478288918559522,0.6093488204539914,0.0,0.2038523061268017,0.0,0.0,0.0,0.0,4.554294851092645,0.0,0.0,0.0,0.0,3.09298173263172,0.3817091617632213,0.045759399640995936,0.0,0.0,0.0,0.3081087070792274,0.0,0.0,0.0,14.68777978667937,0.0,5.8611045836607225,1.7358945530439753,3.2839049332877743,0.0,0.0,0.21999420136945208,0.19539405320936365,0.017919198143164825,0.0,0.3516064324727426,0.0,0.0,0.017370188003111568,0.3326994132838933,0.0,0.0,0.0,3.8956755677139956,0.45450290983239455,0.0,0.0,0.0,0.0,0.20943964923072791,0.0,0.0,0.0,0.0,1.2745595374648953,0.619956586921772,0.5481829315780407,0.0,0.0,0.0,0.554376136359623,0.06228098437125275,0.03269555790329769,0.0,0.0,0.0,0.0,3.414951698765969,2.137468511369143,0.0,0.1061076111204696,0.0,6.547521220211615,3.368792180453423,0.0,0.8757077496570504,3.470248667585687,0.0,3.182677140998905,5.0734447982945605,0.0,0.0,0.44521359097238405,1.0059571790666162,0.0,0.0,0.0,0.0,0.0,0.0,1.2353475346442528,4.447210558299532,0.36019412289418856,1.549468255869967,0.0,0.0,1.2117529632758448,1.0164288821822742,0.029310858945628807,0.0,0.0,0.0,0.12588660178859645,0.0,0.0,0.0,0.5224923661137801,0.0,4.0859605681699,0.0
nomask,2,-1,24.434581753975213,13.954309717043897,0.0,0.0,0.0,1.0485476188380487,0.0,0.0,0.0,0.0,0.0,10.577874191352283,0.0,1.5100683018536964,0.0,0.0,0.0,0.19995676885585834,0.0,0.0,0.0,0.0,38.34499730619354,0.0,5.820824954911874,0.0,0.0,2.730725787845001,0.036433508096547905,0.0881869339905384,0.0,0.0,0.0,0.31399069212359787,0.0,0.0,0.0,120.52391033696883,0.0,0.0,0.3955660405677649,0.0,0.0,0.0,0.0,31.875000459167506,0.0,0.0,0.0,0.0,0.0,0.014298432984633609,0.3268633539175175,0.0,0.0,0.0,6.491998215213531,0.0,0.0,0.0,0.0,0.0,0.425035804600326,0.0,0.0,0.0,0.0,0.0,0.6625958878881495,0.3625630869945978,0.0,0.0,0.0,0.536638797159493,0.0545077948505495,0.0332538568449033,0.0,0.0,0.0,0.0,3.867315533137229,2.4727074980906303,0.0,0.04459796104291343,0.0,1.893457290451631,6.762306642743491,0.0,0.42286603184003685,6.421054588615944,0.0,1.728940316687945,1.3730997856623497,0.0,0.0,0.0,1.4987723517420513,0.0,0.0,0.0,0.0,0.0,0.0,2.487754582363478,6.999335868536229,0.4066761495972154,1.8517395299736208,0.0,0.0,1.2357345133918427,1.0172653658624435,0.0,0.0,0.0,0.0,0.017522061765362484,0.0,0.0,0.0,0.4411628421675024,0.03003200107864518,4.653825149570438,0.0
pix2,1,-1,8.029106445665608,2.685046111742006,0.0,2.7030114389295976,0.4437453809504549,1.5088887921175393,0.0,0.0,0.0,0.0,1.0457156881556875,7.361152758007836,0.6089248926174191,1.6520506115657265,3.172565183644075,0.6200044257702696,0.0,0.21582285813135707,0.0,0.0,0.0,0.0,1.5169103633599588,0.0,0.0,0.0,0.0,3.1441221565455653,0.46258552837164174,0.050342890470258084,0.28059375449371243,0.0,0.0,0.32273857332078254,0.04321684850129564,0.0,0.0,6.804017223834712,0.0,2.623166846694308,1.5213752787231112,0.0,0.0773311365338944,0.0,0.3969778630469708,0.06995485741359572,0.025303904238363557,0.0,0.38213353248761156,0.0,0.2420881878770368,0.3786983376124903,0.35875243275278573,0.0,0.0,0.0,3.9407141583038388,0.3518000677532931,0.0,0.0,0.0,0.0,0.17313265808046788,0.0,0.0,0.0,0.0,1.4339082363818088,0.6095235496069662,0.5734449793393354,0.0,0.0,0.0,0.565116371349901,0.06750688038161193,0.03411560664582038,0.0,0.0,0.0,0.0,3.190451058527552,2.0446450145913944,0.0,0.12630283124385994,0.0,7.4855991885363435,3.2887100796314055,0.0,0.907875720929955,3.276993758826106,0.0,3.685851675214017,5.561075739331717,0.0,0.0,0.5594393354620242,1.0511505021078704,0.0,0.0,0.0,0.0,0.0,0.0,0.9862361703831143,4.370343767976265,0.30618849427778017,1.1726173102673636,0.0,0.0,1.1654667347877123,1.007394960605122,0.07356036011973655,0.014721209345805363,0.0,0.0,0.1843778646288767,0.0,0.0,0.0,0.5409497843044238,0.005299837141279416,4.00661658189029,0.0
pix2,2,-1,19.26799182869979,0.17182015834222458,0.0,1.375501580582704,0.0,1.3981895957156114,0.0,0.0,0.0,0.0,0.0,11.01484142743377,0.6141709129184346,1.4654142196227644,3.6972866301380733,0.15300633740475664,0.0,0.20916630324942412,0.0,0.0,0.0,0.0,1.4096756766843934,0.0,0.0,0.0,0.0,2.939141007543743,0.46453435351108746,0.041682535467689484,0.0,0.0,0.0,0.30703590572589734,0.01745600015432799,0.0,0.0,11.988222383051511,0.0,2.275385577568232,1.7206245347819866,0.0,0.0850725206399062,0.0,0.17845923586424045,0.0,0.014028523640293703,0.0,0.461896659077236,0.0,0.4124502946658449,0.3638012824831133,0.4054156934758692,0.0,0.0,0.0,6.5959441752826535,0.0,0.0,0.0,0.0,0.0,0.19075350921743672,0.0,0.0,0.0,0.0,0.5493890785342881,0.6030934485095453,0.5428143070492778,0.0,0.0,0.0,0.5790046191041179,0.06520990328673948,0.03493970215514931,0.0,0.0,0.0,0.0,3.5595579017373784,2.428482798006527,0.0,0.12005959014017659,0.0,5.699325080815303,4.928832317984097,0.0,0.6996555447860142,4.0798575878352645,0.0,3.6586071442057655,4.498902028202853,0.0,0.0,0.4649890752163205,1.7765751535810759,0.0,0.0,0.0,0.0,0.0,0.0,1.2920317404084845,5.459474544447213,0.3199723454311135,1.258072331882157,0.0,0.0,1.1154386554631557,1.0233925194628584,0.11597955780103261,0.0,0.0,0.0,0.14329179553350793,0.0,0.0,0.0,0.6488478941635648,0.022389752147696375,5.018656691598791,0.0
pix5,1,-1,7.982894932257601,2.6249306685268565,0.0,2.681886708081791,0.4418441270208886,1.498138118982143,0.0,0.0,0.0,0.0,1.2289897937214749,7.5245921694977245,0.6589383327585921,1.6069555204138477,3.23268934028515,0.5766500665380758,0.0,0.2200888563256401,0.0,0.0,0.0,0.0,1.2946457248979764,0.0,0.0,0.0,0.0,3.144373152704114,0.4564459522667727,0.05015616075967811,0.16101537302322444,0.0,0.0,0.3351372163802645,0.0436839155583304,0.0,0.020846337475542,7.7879697620828585,0.0,2.216918913591987,1.5767457011808184,0.5429888145791563,0.07906726526795062,0.0,0.3972837639463872,0.0,0.02847663116311864,0.0,0.3692211848369481,0.0,0.22335957116628688,0.21929129175839232,0.36426226155587277,0.0,0.0,0.0,3.988799306879978,0.35873461067254664,0.0,0.0,0.0,0.0,0.2013284297436816,0.0,0.0,0.0,0.0,1.6021786064988026,0.6173803295634518,0.593397311667078,0.0,0.0,0.0,0.5941402051422872,0.0694333310710752,0.03497488060193627,0.0,0.0,0.0,0.0,3.0603159074549167,1.971653050762865,0.0,0.12415928489589612,0.0,7.894088940155878,3.43523470055192,0.0,0.9003261716723265,3.233246039951296,0.0,3.7522813701149844,5.774526000080226,0.0,0.0,0.5875404970533161,1.0799454965808268,0.0,0.0,0.0,0.0,0.0,0.0,0.9184840035359161,4.232110299130901,0.3082522351310466,1.0200609816104496,0.0,0.0,1.145269005132563,0.9704259544540635,0.08824405846266822,0.05934156647059234,0.0,0.0,0.2548249247788353,0.0,0.0,0.0,0.5765268044847555,0.013532660514763258,3.9836807836416,0.0
pix5,2,-1,19.083809356511974,0.0,0.0,1.3649755703694517,0.0,1.3886935645573073,0.0,0.0,0.0,0.0,0.0,11.318857070886505,0.6770854551458687,1.4318288591473773,4.037631682369208,0.0782209203761071,0.0,0.21135882844759782,0.0,0.0,0.0,0.0,0.5308342218179417,0.0,0.0,0.0,0.0,2.915911570043364,0.45638197490886373,0.03906971672949019,0.0,0.0,0.0,0.3180424188388714,0.026260924696930022,0.0,0.0,15.52793962744711,0.0,0.0,1.8792968471421096,0.16591753601581097,0.10910469051558418,0.0,0.1600673348865706,0.0,0.016481254560838505,0.0,0.4367642830256175,0.0,0.323677202323484,0.11060639272591355,0.42511575624852144,0.0,0.0,0.0,6.677089666528357,0.0,0.0,0.0,0.0,0.0,0.2279472798495753,0.0,0.0,0.0,0.0,0.7467822276633307,0.616061951682197,0.5682976023037062,0.0,0.0,0.0,0.6027380193594731,0.06654907896214395,0.03481233326387582,0.0,0.0,0.0,0.0,3.4525326597700645,2.382945690997614,0.0,0.11251707826839466,0.0,6.107599998267104,5.257981027673797,0.0,0.6698432130823878,4.006279273661219,0.0,3.704573338963809,4.659274687189863,0.0,0.0,0.49353715316357505,1.7930554045960745,0.0,0.0,0.0,0.0,0.0,0.0,1.202287778457101,5.237374265480304,0.34530193975802004,1.249249005443365,0.0,0.0,1.085853275183085,0.9892191390271627,0.13594975041924698,0.0421296451025558,0.0,0.0,0.2448763788703387,0.0,0.0,0.0,0.684513373820449,0.03016254804080824,5.009000641814273,0.0
pix7,1,-1,7.9376205761037655,2.558296953798921,0.0,2.6674297442541826,0.5026243971112125,1.4903283438328438,0.0,0.0,0.0,0.0,1.3554519029608576,7.534060841319701,0.701321764972496,1.5594636148546326,3.2440629722825065,0.5162206246001042,0.0,0.21323761383859094,0.0,0.0,0.0,0.0,1.169493647111202,0.0,0.0,0.0,0.0,3.2008605361699103,0.45507308618832487,0.057710130309626954,0.08236700237423976,0.0,0.0,0.3412194277018665,0.0418150497628196,0.0,0.026136198814671566,7.492978069328483,0.0,2.2909775165252837,1.554040145997484,0.9932942626007188,0.06800002767458793,0.0,0.40086725169242077,0.0,0.030359172927896777,0.0,0.35623688223781197,0.0,0.20712298846187022,0.14266108149702658,0.3648228560785924,0.0,0.0,0.0,4.0516542452454445,0.36902094623385945,0.0,0.0,0.0,0.0,0.19894884139939228,0.0,0.0,0.0,0.0,1.7738599105666222,0.6350504841055012,0.6108185868283439,0.0,0.0,0.0,0.6302853731022846,0.07154058834622486,0.035778605596290536,0.0,0.0,0.0,0.0,2.9154369633375743,1.875610865943589,0.0,0.12495688946907735,0.0018036177030968208,8.274557778878997,3.492074438392866,0.0,0.9015716042376289,3.077402898504975,0.0,3.9100641463399333,6.034808439790507,0.0,0.0,0.6006022817714762,1.1223688908033158,0.0,0.0,0.03884108023868051,0.0,0.0,0.0,0.8369876576591152,4.061947535600701,0.2814981838457033,0.8278957287981812,0.0,0.0,1.1310016671162106,0.9515846172894811,0.10965486292485437,0.08186702506216244,0.0,0.0,0.24153346172545082,0.0,0.0,0.0,0.6112305148308769,0.02444588833397056,3.983296613775642,0.0
pix7,2,-1,18.879261127441293,0.0,0.0,1.3595872452979767,0.0,1.3800450006034448,0.0,0.0,0.0,0.0,0.0,11.44436831132031,0.7243261282861176,1.3828365025691574,4.191552825844889,0.0,0.0,0.20206768827215627,0.0,0.0,0.0,0.0,0.0987199715107751,0.0,0.0,0.0,0.0,2.9481634143102324,0.45446581600182706,0.046580508207656135,0.0,0.0,0.0,0.32019103682028116,0.02523846324506901,0.0,0.0,15.006730399107093,0.0,0.0,1.8510458568476733,0.7637150092588276,0.08848127887739253,0.0,0.18782816806233263,0.0,0.018981072320488918,0.0,0.41961799264121896,0.0,0.28574157971910086,0.009941141973542952,0.42585748015565605,0.0,0.0,0.0,6.797928430576168,0.0,0.0,0.01687457725248958,0.0,0.0,0.20540979341885268,0.0,0.0,0.0,0.0,1.0028628157169084,0.6371853595075234,0.5988300911003411,0.0,0.0,0.0,0.6371918465020738,0.06894797452141098,0.03631418132997192,0.0,0.0,0.0,0.0,3.3068862870720377,2.262006491575526,0.0,0.11230516654142053,0.0,7.038839515401897,5.387331707664634,0.0,0.6631371544719659,3.5744353893978174,0.0,3.8828545949031885,5.092950216831492,0.0,0.0,0.544696955162016,1.841725005216656,0.0,0.0,0.0,0.0,0.0,0.0,1.0855607183308404,4.871742272584952,0.3210971492564418,1.1569339308025086,0.0,0.0,1.0668373619866411,0.9609396882427949,0.16313094989122232,0.07574601007507914,0.0,0.0,0.23047005648092636,0.0,0.0,0.0,0.7272100137405331,0.04214164904421655,5.014576103562585,0.0
thermal100,1,-1,8.10797822470264,2.749832811743797,0.0,2.6781698494900117,0.397685335891442,1.5161098718799724,0.0,0.0,0.0,0.0,1.3110485574198332,7.46181967759533,0.699007227398702,1.6745893072444817,2.745967063419395,0.617180032641252,0.0012561649894621218,0.21491184279789333,0.0,0.0,0.0,0.0,3.4374021031229374,0.0,0.0,0.0,0.0,3.1084228662805122,0.44216885129840716,0.03440404641966796,0.0,0.0,0.0,0.3105289164930601,0.04091106510753084,0.0,0.18566504546897986,10.338150922744534,0.2885963371036778,4.6462822045693075,1.545693166870665,0.0,0.0,0.0,0.3516403647832882,0.9312945759980211,0.0038967027521390855,0.0,0.3564577231347194,0.0,0.288117945141536,0.17792665854008874,0.3727015932486608,0.0,0.0,0.0,3.9092768955574457,0.47723234509898904,0.0,0.0,0.0,0.0,0.19311222902953806,0.0,0.0,0.0,0.0,1.4129960440059113,0.6132640537912858,0.542434884345737,0.0,0.0,0.0,0.5644035399622552,0.06334891980742094,0.03388221370046927,0.0,0.0,0.0,0.0,3.3789698185837076,2.103321214140981,0.0,0.11263853360946167,0.0,6.678769624099286,3.18617701953767,0.0,0.9069531937835227,3.4500705261575373,0.0,3.2402101868145023,5.618348035208722,0.0,0.0,0.4589378409373736,1.0238564403565322,0.0,0.0,0.0,0.0,0.0,0.0,1.2097070129587866,4.411408126488307,0.35464722306785573,1.1591098608034232,0.0,0.0,1.1642891080121223,1.0154679039741872,0.09035362095227069,0.0,0.0,0.0,0.07366888903657477,0.0,0.0,0.0,0.569573937014784,0.0,4.11629100445969,0.0
thermal100,2,-1,19.755299680405045,1.532244629552843,0.0,1.460865414577359,0.0,1.435021903237033,0.0,0.0,0.0,0.0,0.0,10.926582822678197,0.6324836713185462,1.4345136914930416,1.5635531810194234,0.18069030386501495,0.0,0.2250406534462347,0.0,0.0,0.0,0.0,8.250678532375384,0.0,0.0,0.0,0.0,2.930902275775976,0.4609705983833667,0.01631922436282954,0.0,0.0,0.0,0.30023157299436426,0.0,0.0,0.0,12.526552802236163,0.0,9.478819444295453,1.6933531350854134,0.0,0.0,0.0,0.2462522828469385,1.530209811015818,0.0,0.0,0.4227925456885436,0.0,0.406154755883094,0.42252639130390013,0.3982949054360183,0.0,0.0,0.0,6.626175610601018,0.0,0.0,0.0,0.0,0.0,0.19859426268966685,0.0,0.0,0.0,0.0,0.8409070986586034,0.593759592816337,0.4521218224784349,0.0,0.0,0.0,0.5794633845492904,0.06275008273359137,0.03868379732283864,0.0,0.0,0.0,0.0,3.6828511228601695,2.4273188253222355,0.0,0.11344620588951268,0.0,4.195495907127321,4.331365727893601,0.0,0.7725591902340536,5.008077279294553,0.0,2.755107822217941,5.416317286919445,0.0,0.0,0.23963718041784102,1.7530383636538078,0.0,0.0,0.0,0.0,0.0,0.0,1.8338318741860293,5.345095043803602,0.36557799963459836,0.7247657641793785,0.0,0.0,1.0893694488823544,1.0159338076623892,0.164555233046174,0.0,0.0,0.0,0.0,0.0,0.0,0.0,0.7588688006846099,0.0,5.2615723626337045,0.0
thermal25,1,-1,7.258681366213722,2.782027554485606,0.0,3.0734379308828856,0.5676154187390103,1.3938005462644791,0.0,0.0,0.0,0.0,2.005616785858969,5.8660988884849266,0.7450478417325638,1.8132608668157708,2.7315232211224636,1.0167463144931765,0.0,0.06906782702870869,0.0,0.0,0.0,0.0,3.3567589368624895,0.0,0.0,0.0,0.0,2.6490398807712934,0.4347910300492422,0.08351255638414294,0.0,0.07924727328897178,0.0,0.30666934979702104,0.030980018430043603,0.0,0.032361963626149695,10.0647390230001,0.07047271252354873,4.301848320113588,1.423830787183302,1.5797319401575194,0.0,0.0,0.33958805908540907,0.6464098277014952,0.0056092922648667675,0.0,0.3579899609364863,0.0,0.13265588676632004,0.073964586024582,0.35964335753181914,0.0,0.0,0.44566326518685895,2.734095806765444,1.602443729520322,0.0,0.0,0.0,0.0,0.18469050610332988,0.0,0.0,0.0,0.0,1.9079745577708749,0.601486337758482,0.5298345973129056,0.0,0.0,0.0,0.6226202570856838,0.0619153252055365,0.031434424313811535,0.0,0.0,0.0,0.0,3.381519172910301,1.795845449207765,0.0,0.123542777769253,0.045963943810249513,7.571257284346576,2.8858937802890474,0.0,0.8421042395649816,3.115517993270838,0.0,2.6550840351722256,6.208232085622057,0.0,0.0,0.5159073537750127,0.9334717903513992,0.0,0.0,0.22006969289611672,0.0,0.0,0.0,1.1537719429247717,3.788353354995672,0.22951594512964263,1.3098827231111452,0.0,0.0,0.9754408000356294,1.0217642185145992,0.0,0.0,1.3753453578491128,0.0,0.0,0.1842594451936154,0.0,0.0,0.3447731583818897,0.02747109212863523,2.803902500629429,0.28134081139862993
thermal25,2,-1,15.273026023994513,4.266531651048918,0.0,2.621401531777769,0.0,1.1914305736522424,0.0,0.0,0.0,0.0,0.0,8.109457146109582,0.7939425764686612,1.7405976624894264,2.078721590868445,0.7805955265894565,0.0,0.031205703609336225,0.0,0.0,0.0,0.0,7.395131889290901,0.0,0.0,0.0,0.0,2.384315436923991,0.4327357797708312,0.0992298888830858,0.0,0.0,0.0,0.281739181090878,0.04423792155041457,0.0,0.0,17.421451670237687,0.0,7.304988720072045,1.6416562261400933,0.0,0.11086688582071759,0.0,0.21725492980780578,0.0,0.009576738241986587,0.0,0.4637994712581717,0.0,0.14582259783666401,0.0751080997655719,0.43580669431988683,0.0,0.0,0.0,5.590734282608013,1.7547354438792124,0.0,0.0,0.0,0.0,0.21184507786005,0.0,0.0,0.0,0.0,1.8605512124004253,0.5913538612856457,0.6276539746552277,0.0,0.0,0.0,0.6352239018174383,0.05841696680013312,0.036403318987589015,0.0,0.0,0.0,0.0,3.722085973721323,1.8247242204214966,0.0,0.12369188287145197,0.02451940935439264,8.523549490796173,3.751581387746676,0.0,0.6737364280377468,4.146102070719209,0.0,2.740456092674718,6.641947150632937,0.0,0.0,0.6308519779970528,1.4668454868773113,0.0,0.0,0.09518109822046714,0.0,0.0,0.0,1.21575276707488,3.8755137003340363,0.2341282473751368,1.4288778268477766,0.0,0.0,0.8869677567328332,1.036922073560337,0.0,0.0,3.969079610197,0.0,0.0,0.1808168241493483,0.0,0.0,0.37997107594640256,0.041772088481929336,3.0555305468868004,0.0
thermal50,1,-1,8.10095606914041,2.7454312534765926,0.0,2.6714023344593114,0.38479073146276344,1.515535165581789,0.0,0.0,0.0,0.0,1.3108744353171469,7.442651916530926,0.7413128601870844,1.6821391443124478,2.7735545994143975,0.6164161584220011,9.835588332322585e-05,0.21216619112922222,0.0,0.0,0.0,0.0,3.3752117508093282,0.0,0.0,0.0,0.0,3.1131850285195855,0.4321691181613268,0.03683082230760346,0.0,0.0,0.0,0.30970833705210965,0.03331072796404301,0.0,0.13206804496078595,10.766360210538934,0.2692751475738737,4.695545338504695,1.5455225099204946,0.6307962736530889,0.0,0.0,0.3251508343051889,0.7756704894401625,0.006799862215724626,0.0,0.3576639259215186,0.0,0.24608020196693645,0.13217247213820255,0.3665098958075356,0.0,0.0,0.0,3.903066123158893,0.44464248824483116,0.0,0.0,0.0,0.0,0.18917877538798367,0.0,0.0,0.0,0.0,1.3825359922730645,0.6132089414644055,0.5470213999526262,0.0,0.0,0.0,0.5615974805664088,0.06331108297655616,0.03365557417483223,0.0,0.0,0.0,0.0,3.3825628616747516,2.1070119224338164,0.0,0.11328364874705063,0.0,6.764957746320139,3.2244250450643404,0.0,0.9000571355455336,3.4265735797301504,0.0,3.299454252329493,5.4984295806649515,0.0,0.0,0.4715505930329935,1.0195434238314531,0.0,0.0,0.0,0.0,0.0,0.0,1.1817223177708167,4.415175941978375,0.3470128919699345,1.2528430712121015,0.0,0.0,1.175382492001375,1.015738378201009,0.07591901141727715,0.0,0.0,0.0,0.08680326035286454,0.0,0.0,0.0,0.5585861504960539,0.0,4.109266623038841,0.0
thermal50,2,-1,19.756083462813113,1.5925104751211858,0.0,1.4452536223846677,0.0,1.4296991845375793,0.0,0.0,0.0,0.0,0.0,10.78726696628969,0.8063594656044893,1.4597974624245906,1.6680610804351164,0.17406738183948256,0.0,0.2147600461263733,0.0,0.0,0.0,0.0,8.156478300777326,0.0,0.0,0.0,0.0,2.9619524817253273,0.42012743535104996,0.026848847819347016,0.0,0.0,0.0,0.299563846360887,0.00965130413898865,0.0,0.0,18.486390508675832,0.0,9.31230103031561,1.6788248932096221,0.0,0.06888524136912208,0.0,0.043496327573190205,0.3334821600465031,0.006502884749732084,0.0,0.4485566989076388,0.0,0.315294102239638,0.23191540977012023,0.4145236708292632,0.0,0.0,0.0,6.549883330916891,0.0,0.0,0.0,0.0,0.0,0.230598199686775,0.0,0.0,0.0,0.0,0.6575172723529434,0.606589001460023,0.4796592504954269,0.0,0.0,0.0,0.5789775713674796,0.060495130374802066,0.03783982020345207,0.0,0.0,0.0,0.0,3.761687788338461,2.4330830262466643,0.0,0.10085925266645358,0.0,4.531556955232644,4.596146140703472,0.0,0.7286198513261187,4.76808873938455,0.0,2.97466789833085,4.88066157098314,0.0,0.0,0.293117926979949,1.7427249545020087,0.0,0.0,0.0,0.0,0.0,0.0,1.7058660092598168,5.461800048404911,0.35076006123867304,1.0266499221662675,0.0,0.0,1.1213728726108072,1.0171925704509153,0.12953422893548502,0.0,0.0,0.0,0.0,0.0,0.0,0.0,0.7123871914058817,0.0,5.227157182876162,0.0
deg1,1,-2,14.082926066476276,2.818551763927378,0.0,2.3467438603907858,0.0,1.2808377068796997,0.0,0.0,0.0,0.0,0.0,9.273483615675156,0.7150548348998903,1.6622264651575005,2.918052581880405,0.38520780335357696,0.0,0.20776795629105146,0.0,0.0,0.0,0.0,4.477480222817838,0.0,0.0,0.0,0.0,2.7512751741520405,0.4334801983227032,0.034292595319158084,0.0,0.0,0.0,0.2980836758471011,0.02102106613620394,0.0,0.0,14.935162504739612,0.0,3.854387165665019,1.754220897469383,0.0,0.10220539200576922,0.0,0.16838600947804447,0.0,0.02552850633117132,0.0,0.3703580359646426,0.0,0.0,0.30288605080257136,0.36359507366514254,0.0,0.0,0.0,6.410539456108774,0.0,0.0,0.0,0.0,0.0,0.17501517448050263,0.0,0.0,0.0,0.0,1.3152886200811544,0.6054956819044743,0.546177057680589,0.0,0.0,0.0,0.5079945820114622,0.06356165047200407,0.03325325093702195,0.0,0.0,0.0,0.0,3.3390823624706414,2.1143237102193573,0.0,0.12147052992640706,0.0,7.331247693774543,3.9951379674071656,0.0,0.8307373231633042,4.5193932069406095,0.0,3.363621502457366,5.66219349669571,0.0,0.0,0.49108583143536194,1.0583582370402231,0.0,0.0,0.0,0.0,0.0,0.0,1.1270150139806208,4.3771321172218824,0.34326950986772947,1.3524366200020115,0.0,0.0,1.205914137641108,1.015971141419451,0.039227501565092894,0.0,0.0,0.0,0.10990907611819425,0.0,0.0,0.0,0.5724001520095304,0.0,4.506847219287559,0.0
deg1,2,-2,20.742643956423368,3.4655381788865554,0.0,1.2872845113832772,0.0,1.4215009960295772,0.0,0.0,0.0,0.0,0.0,10.420487919380095,1.437894603132571,1.4861083954912935,0.0065999045416240566,0.22191079563294216,0.0,0.1989378265547362,0.016958561831065245,0.0,0.0,0.0,12.100048080412572,0.0,0.17482404100921967,0.0,0.0,3.0245869510276067,0.22192085402731107,0.054276025871745466,0.0,0.0,0.0,0.3082086618559792,0.0,0.0,0.0,95.88625433868901,0.0,0.0,1.5929516437498497,0.0,0.0,0.0,0.0,0.0,0.01646495074503457,0.0,0.16387228165373377,0.0,0.0,0.16256585635828977,0.3772960102937242,0.0,0.0,0.0,6.573463987130253,0.0,0.0,0.0,0.0,0.0,0.19992185273795726,0.0,0.0,0.0,0.0,0.13691995207385713,0.6011084115941472,0.5174084045546228,0.0,0.0,0.0,0.5906979915262588,0.062433782714116384,0.03803482358905292,0.0,0.0,0.0,0.0,3.6724236809958115,2.2754233141623526,0.0,0.11318056981525368,0.0,4.319106401804458,5.457562461392113,0.0,0.6112160934553568,4.765811643181422,0.0,2.9831026863985537,3.3254300442149813,0.0,0.0,0.2748542940432927,1.7166577466451234,0.0,0.0,0.0,0.0,0.0,0.0,1.7343437470908691,5.9787200643191385,0.3399763414374884,1.5710193374845252,0.0,0.0,1.1917347168349117,1.0180115651146202,0.03230422246920685,0.0,0.0,0.0,0.11827296020457441,0.0,0.0,0.0,0.5983123617474577,0.018477933472648325,5.072101103743479,0.0
deg5,1,-2,13.918512701632478,2.3971357384275134,0.0,2.348442378867865,0.0,1.2641571347259226,0.0,0.0,0.0,0.0,0.0,9.43840237489809,0.6774064362263879,1.565230264578125,3.525920393943341,0.36040548485345114,0.0,0.2035467134050374,0.0,0.0,0.0,0.0,2.5878673742919918,0.0,0.0,0.0,0.0,2.752611649903366,0.45351380108731887,0.06362926620358114,0.0,0.0,0.0,0.35443378729328184,0.04375149880069974,0.0,0.0,9.855639646282357,0.0,1.9542055320603247,1.4964069292887643,0.0,0.0892438591912602,0.0,0.3333847792764186,0.0,0.028414949609056637,0.0,0.36072082382393866,0.0,0.2339503722270807,0.27728677483082453,0.3668847861340454,0.0,0.0,0.0,6.601138106409464,0.0,0.0,0.0,0.0,0.0,0.22468729322968037,0.0,0.0,0.0,0.0,1.72428128575862,0.6081869890811674,0.5717425292689657,0.0,0.0,0.0,0.5758009144089736,0.07002181134068632,0.035040925496207055,0.0,0.0,0.0,0.0,2.9738543936557886,1.9408400864071678,0.0,0.12678006603225778,0.009777107174728293,8.786607832680946,4.241044854486072,0.0,0.8355753263027607,4.115241073738363,0.0,3.8193869499346516,6.398068389899916,0.0,0.0,0.6039815052084145,1.1576701739998432,0.0,0.0,0.0,0.0,0.0,0.0,0.8659682320039008,4.0749257087602695,0.29226025560990515,0.7935054209936458,0.0,0.0,1.2086222445280557,1.0028582456771866,0.01603230503143423,0.025460089952431528,0.0,0.0,0.2808947113295049,0.0,0.0,0.0,0.5961929623360253,0.0,4.367270410977537,0.0
deg5,2,-2,19.291421095026344,0.0,0.0,1.3866790175033377,0.0,1.3942875594668773,0.0,0.0,0.0,0.0,0.0,11.09571957580694,0.6955569903460391,1.4144291928485493,3.721882680643597,0.15328486465532704,0.0,0.19636509441344963,0.0,0.0,0.0,0.0,1.4026889337698702,0.0,0.0,0.0,0.0,2.9389059203304857,0.45349068532888037,0.0601383082096876,0.0,0.0,0.0,0.3434205156659336,0.025188141247904867,0.0,0.0,11.985272679761664,0.0,0.559742000515101,1.7028595660567831,0.0,0.07663532148827883,0.0,0.260190207112066,0.0,0.016943138742335207,0.0,0.4421248311409638,0.0,0.4410871079854803,0.30009144905894297,0.411598453201374,0.0,0.0,0.0,6.734865577270122,0.0,0.0,0.011762163141961114,0.0,0.0,0.24957846431306677,0.0,0.0,0.0,0.0,0.7901588445917509,0.6048756844996765,0.5773600093416907,0.0,0.0,0.0,0.6341122367230645,0.06859588853462475,0.03507206948818776,0.0,0.0,0.0,0.0,3.350427021430157,2.34136864010352,0.0,0.11391451606050654,0.0,6.363044895007955,5.2846878252315745,0.0,0.6763668930715,3.8714477231889903,0.0,3.8015772196644706,4.795696409163238,0.0,0.0,0.5174231494383936,1.8379072198227993,0.0,0.0,0.0,0.0,0.0,0.0,1.1489782545518605,5.170386878431922,0.33564948393395555,1.111073646013361,0.0,0.0,1.1185200542260436,0.9925452985203226,0.09077568929806926,0.04137271006768845,0.0,0.0,0.31310681665436396,0.0,0.0,0.0,0.655543565175114,0.035503511185317166,4.8913771107628925,0.0
interval2200-2400,1,-2,1.0,1.0000000000000002,1.631227753700558,0.4521137513035534,0.9227632105757825,0.8926836533702037,0.6005037433084607,0.0,0.47646191996675635,0.8232968613772941,0.8028753482563803,1.566384052309195,0.0,1.7786824467138052,1.214342426246547,0.9745198712368833,0.47257158731338894,0.0,0.24450267540840082,0.272231040513657,0.0,0.0,1.0925713537685522,2.230296038540143,0.0,0.0,0.5914884773298603,0.8212409367007858,0.0,0.24614624293190399,1.0,1.0,1.0000000000000002,1.0,0.8766544380578791,6.396413918163457,0.009498512218924879,3.324204641108146,0.1071912483635434,0.6802453808160221,1.6123644187464135,2.950005806929427,1.0,1.0,0.3842279631733589,0.0,1.0,1.0,5.051173880553107,0.0,0.24644403468577367,0.14104534527076257,1.0,1.0,1.0,1.0,1.0,1.0,0.0,1.2895884427926743,0.0,0.0,0.8493494561657143,0.0,0.0,0.45476040081739194,0.0,0.0,0.0,0.0,0.0,0.0,0.11764952225283028,0.0,0.08933203142833863,0.0150122051493631,0.0,0.8323363889991368,0.0,2.925728453303752,2.595624367606009,4.1452472741211706,4.290799632817066,0.0,0.0,0.9957387666757112,2.0823238653069005,1.4436693746294638,1.2870117841145434,1.0000000000000002,1.0,0.0,3.4726346373422112,0.07373927483402865,0.0,1.0000000000000002,1.0,2.011276979671244,0.8376633248880498,1.2626874261696885,0.607845657924027,2.1992728465477747,0.0,1.0028030221451538,3.471936482841402,0.13115291276533048,0.0,1.7719834505307932,2.002812528524236,0.6334029321093051,0.48491209775234057,0.0,0.0,1.0,1.0,0.0,0.0,0.47770921611088923,0.40439639638248825,0.0,0.0,1.0000000000000002,0.5859672980181913
interval2200-2400,2,-2,1.0000000000000002,1.0000000000000002,3.6010074723997385,0.0,0.0,0.5373316594537312,0.0,0.0,0.0,0.9218011759601219,0.0,0.9454910624946212,0.0,1.7760672723711157,0.620088195461552,0.7092074022364881,0.4701758747040792,0.0,0.0,0.0,0.0,0.0,1.0948036930766332,4.641818668951791,0.0,0.0,0.0,0.4076828863851709,0.0,0.28224740039777624,0.9999999999999998,1.0000000000000002,1.0000000000000002,1.0000000000000002,0.0,28.014572509774055,0.0,0.0,0.0,0.2738960020700587,1.4569331999665611,0.0,1.0000000000000002,0.9999999999999998,0.0,0.0,1.0000000000000009,1.0000000000000002,5.041620964723852,0.0,0.3278230390397832,0.014050290224680769,1.0000000000000002,1.0000000000000009,1.0000000000000002,1.0000000000000002,1.0000000000000009,0.9999999999999998,0.0,1.3699005709608607,0.0,0.0,0.8126756650192389,0.0,0.0,0.4388599757465131,0.0,0.0,0.0,0.0,0.0,0.0,0.0,0.0,0.09466877872521648,0.0181979126837408,0.0,0.7854870762448934,0.0,18.545703366596907,2.712866335332361,4.417134083478175,4.16581959636966,0.0,0.0,1.057321290494994,5.1026916748944044,1.0636895141887865,1.0605295832384907,1.0000000000000002,0.9999999999999998,0.0,2.3856702479636382,0.10744165971821779,0.0,1.0000000000000002,1.0000000000000009,2.6966453615606643,1.6525683085097909,1.643696186142646,0.0,2.958773235996625,0.0,0.74434941615794,0.0,0.12082264187458597,0.0,2.2534288113514265,5.636100277860284,1.132195107358877,0.7637188716633793,0.0,0.0,1.0000000000000009,1.0000000000000009,0.0,0.0,0.0,0.14591272068644587,0.0,0.0,1.0000000000000002,0.0
interval5500-6200,1,-2,9.973149514306437,0.966447025275568,1.0,11.516333608162014,1.0,0.2717041248039492,0.0,0.0,0.0,0.0,2.661817873500471,8.99046234173065,3.8902121661512954,1.4322850387904045,0.554140728561161,8.679485555356196,0.3265115137820143,0.0,1.0,1.0,1.0,1.0,1.0,1.0,1.0,1.0000000000000002,0.0,2.7947171734112692,0.02624475552286729,0.06172061326776862,1.0,1.0,1.0000000000000002,1.0000000000000002,0.025220902232268846,0.28918203722181973,1.0,1.0,1.0,1.0,0.253429889300293,3.0536022611576468,0.0,0.0,0.15348272829975915,0.0,0.0,0.0,0.04854098363380596,0.0,0.03107256965934127,0.26099530365898804,0.3301526800384552,0.0,0.0,1.0000000000000002,1.0,1.0000000000000002,0.0,0.09345192162726045,0.0,2.688254141240609,0.2382212011657167,0.0,0.0,0.06148466827580163,0.001633272781014118,1.8397935501041334,0.6191707796241014,0.21832564541048444,0.587605597926992,0.0,0.0,0.0,0.009729633524215367,0.0,1.0,1.0,1.0000000000000002,0.0,1.5474432003782328,2.063264135147304,0.11433789485706307,0.18994723481344758,0.23747615689666018,2.566378023211234,0.0,3.3154983572319896,1.285023441664199,4.511572189763419,0.0,1.0260391738969004,0.8133305881683779,0.0,0.0,0.26637925962969666,0.7449473447482389,0.2566885455389797,0.0,0.0,0.0,0.0,0.0,0.0,1.215226718493532,0.0,0.0,0.033186984738585446,6.265624300840013,0.0,0.0,0.0,0.0,0.0,0.0,2.5289741314089427,0.9938738542675928,0.8990457951180247,0.8641564633963649,1.414059997859773,0.23408461252965682,1.3050734562162865,0.5639219691289135
interval5500-6200,2,-2,17.396570629171656,0.0,0.9999999999999998,13.363905708470718,1.0000000000000002,0.0,0.0,0.0,0.0,0.0,0.0,11.186508767289684,4.069734075885026,1.2828464282274985,0.0,9.411241673140223,0.29618186161500387,0.0,1.0000000000000009,0.9999999999999998,1.0000000000000009,1.0000000000000002,1.0000000000000002,1.0000000000000002,1.0000000000000009,1.0000000000000009,0.0,2.3759390036431514,0.006581213488436335,0.05134434676362567,0.9999999999999998,1.0000000000000002,1.0000000000000002,0.9999999999999998,0.014397332429135644,0.29415039498872847,0.9999999999999998,0.9999999999999998,0.9999999999999998,1.0000000000000009,0.04676016281563701,4.735233756189177,0.0,0.0,0.10356733526507399,0.0,0.0,0.0,0.04438270552340902,0.0,0.0,0.2653655570911832,0.3782725047307775,0.0,0.0,0.9999999999999998,1.0000000000000009,1.0000000000000002,0.0,0.09207277285953588,0.007046829473112832,6.419218975530901,0.2516073429668023,0.0,0.0,0.0628169350972663,0.0061724934414397695,1.5788240848498678,0.6315522119362287,0.1653523870359612,0.591649583932969,0.0,0.0,0.0,0.012750793317092507,0.0,0.9999999999999998,1.0000000000000002,1.0,0.0,1.5192365642348724,2.3882983519435106,0.0,0.19019210893451802,0.26016524428183074,2.6539473330896732,0.0,3.3186800969200387,1.2485180686176,6.145667847207614,0.0,0.881333841625507,0.0,0.0,0.0,0.28506619236890085,0.7411816450878973,0.2710755595250465,0.0,0.0,0.3688722518245334,0.0,0.0,0.0,0.2639027093357685,0.0,0.0,0.17585711995103276,7.866123825109362,0.0,0.0,0.0,0.0,0.0,0.0,2.5681741730358145,0.8904601974668451,0.9138901098450783,0.9080079815572871,1.705145737621399,0.20208098265461966,1.8558622002507352,0.0
interval775-1000,1,-2,1.0,1.0,1.0,1.0,1.0,1.0,1.0,1.0,1.0,1.0,1.0,1.0,1.0,1.0,1.0,1.0,1.0,1.0,1.0,1.0,1.0,1.0,1.0,1.0,1.0,1.0,1.0,1.0,1.0,1.0,1.0,1.0,1.0,1.0,1.0,1.0,1.0,1.0,1.0,1.0,1.0,1.0,1.0,1.0,1.0,1.0,1.0,1.0,1.0,1.0,1.0,1.0,1.0,1.0,1.0,1.0,1.0,1.0,1.0,1.0,1.0,1.0,1.0,1.0,1.0,1.0,1.0,1.0,1.0,1.0,1.0,1.0,1.0,1.0,1.0,1.0,1.0,1.0,1.0,1.0,1.0,1.0,1.0,1.0,1.0,1.0,1.0,1.0,1.0,1.0,1.0,1.0,1.0,1.0,1.0,1.0,1.0,1.0,1.0,1.0,1.0,1.0,1.0,1.0,1.0,1.0,1.0,1.0,1.0,1.0,1.0,1.0,1.0,1.0,1.0,1.0,1.0,1.0,1.0,1.0,1.0,1.0,1.0
interval775-1000,2,-2,1.0,1.0,1.0,1.0,1.0,1.0,1.0,1.0,1.0,1.0,1.0,1.0,1.0,1.0,1.0,1.0,1.0,1.0,1.0,1.0,1.0,1.0,1.0,1.0,1.0,1.0,1.0,1.0,1.0,1.0,1.0,1.0,1.0,1.0,1.0,1.0,1.0,1.0,1.0,1.0,1.0,1.0,1.0,1.0,1.0,1.0,1.0,1.0,1.0,1.0,1.0,1.0,1.0,1.0,1.0,1.0,1.0,1.0,1.0,1.0,1.0,1.0,1.0,1.0,1.0,1.0,1.0,1.0,1.0,1.0,1.0,1.0,1.0,1.0,1.0,1.0,1.0,1.0,1.0,1.0,1.0,1.0,1.0,1.0,1.0,1.0,1.0,1.0,1.0,1.0,1.0,1.0,1.0,1.0,1.0,1.0,1.0,1.0,1.0,1.0,1.0,1.0,1.0,1.0,1.0,1.0,1.0,1.0,1.0,1.0,1.0,1.0,1.0,1.0,1.0,1.0,1.0,1.0,1.0,1.0,1.0,1.0,1.0
nomask,1,-2,14.325977551556122,3.3360247547612634,0.0,2.3739477657238726,0.0,1.2966149536781726,0.0,0.0,0.0,0.0,0.0,9.282989196436581,0.9232825248694598,1.6750133090680002,1.9469686958124146,0.3869747918683734,0.0,0.2015185820122958,0.0,0.0,0.0,0.0,7.705695301821912,0.0,0.0,0.0,0.0,2.7359244580708326,0.3851455992197307,0.03763603614525093,0.0,0.0,0.0,0.29791950072325646,0.009504411417339183,0.0,0.0,20.478410188488514,0.0,6.885532208281216,1.750442594050859,1.073782823821264,0.08264118346553415,0.0,0.07926139673025792,0.0,0.02518984650895937,0.0,0.3489526229103555,0.0,0.0,0.01732557871540504,0.36734396952762594,0.0,0.0,0.0,6.37437663330911,0.0,0.0,0.0,0.0,0.0,0.203584240730257,0.0,0.0,0.0,0.0,1.2767961490978255,0.617658276372955,0.5445092984111451,0.0,0.0,0.0,0.5192860587517321,0.06128258450286888,0.032668318444348754,0.0,0.0,0.0,0.0,3.4235174979352334,2.132976502520461,0.0,0.10834940611479757,0.0,6.983133254963694,4.118064554980363,0.0,0.8096507118371657,4.645124020270519,0.0,3.1881841857620516,5.410032741312167,0.0,0.0,0.45182704263885026,1.05826186284533,0.0,0.0,0.0,0.0,0.0,0.0,1.2091317659107572,4.363010506697921,0.36507542197283155,1.5310867321265882,0.0,0.0,1.2300847494078688,1.0158834104450576,0.01420431443834706,0.0,0.0,0.0,0.09654668998795174,0.0,0.0,0.0,0.5577477292169848,0.0,4.496340760962491,0.0
nomask,2,-2,24.47630221853854,14.033066433126974,0.0,0.0,0.0,1.0429984246119077,0.0,0.0,0.0,0.0,0.0,10.57759071907399,0.0,1.5100129743329744,0.0,0.0,0.0,0.1999833918340114,0.0,0.0,0.0,0.0,38.38214923036199,0.0,5.82020691536633,0.0,0.0,2.729549125396631,0.03632848636679564,0.08817026965959449,0.0,0.0,0.0,0.3139908765941878,0.0,0.0,0.0,120.62377681348529,0.0,0.0,0.39053073792280707,0.0,0.0,0.0,0.0,31.845189645660504,0.0,0.0,0.0,0.0,0.0,0.014298166037624285,0.32682864478273244,0.0,0.0,0.0,6.50086252846465,0.0,0.0,0.0,0.0,0.0,0.4250305880228688,0.0,0.0,0.0,0.0,0.0,0.6625935489935016,0.3626470408965903,0.0,0.0,0.0,0.5365274939902828,0.05450350950506586,0.033254453798364614,0.0,0.0,0.0,0.0,3.867310177065784,2.4725132462491266,0.0,0.04460893798526768,0.0,1.892842670749079,6.766744740308562,0.0,0.4225479737842709,6.42766253977904,0.0,1.728907468331341,1.3728356647503295,0.0,0.0,0.0,1.498735248262287,0.0,0.0,0.0,0.0,0.0,0.0,2.487751663558734,6.999701059460922,0.4066866475295978,1.8515061709190754,0.0,0.0,1.2357563016002913,1.0172609197217115,0.0,0.0,0.0,0.0,0.017400456228418605,0.0,0.0,0.0,0.44126320410960485,0.029988082853573492,4.654990298700506,0.0
pix2,1,-2,13.924987736966635,2.458185451311182,0.0,2.340396915390866,0.0,1.2684394513744774,0.0,0.0,0.0,0.0,0.0,9.371110169313638,0.6087488131152866,1.6250998422197735,3.4896319555791315,0.3658311236656465,0.0,0.21428681607752825,0.0,0.0,0.0,0.0,2.515594554149114,0.0,0.0,0.0,0.0,2.7467130031305644,0.4617656544153662,0.04299186047663151,0.0,0.0,0.0,0.3108504838184257,0.040595773895281774,0.0,0.0,8.585741074867077,0.0,2.6835600567883318,1.4699559150475767,0.0,0.07983748964563206,0.0,0.3318557222152094,0.0,0.026289949919910585,0.0,0.3784155179562111,0.0,0.24103428143183883,0.3567838775131264,0.3592961844055124,0.0,0.0,0.0,6.456118620153998,0.0,0.0,0.0,0.0,0.0,0.16697532852138872,0.0,0.0,0.0,0.0,1.4770462604661199,0.6071612662229622,0.5634673626361869,0.0,0.0,0.0,0.5181402218501944,0.06650732140128487,0.03386332460846389,0.0,0.0,0.0,0.0,3.198580688727271,2.0551903634671658,0.0,0.12871625870682482,0.0014500457305781458,8.055172193272206,4.013490192016015,0.0,0.8443453397214348,4.266631160714353,0.0,3.694864359447002,6.002769317389909,0.0,0.0,0.5683667864639614,1.099848904721119,0.0,0.0,0.0,0.0,0.0,0.0,0.9508721124889565,4.2434165077828245,0.3118050893489943,1.151950185099326,0.0,0.0,1.1872372942943261,1.020376632263204,0.055277787655637546,0.0,0.0,0.0,0.1519635542892046,0.0,0.0,0.0,0.5784456895536282,0.0,4.437728808574386,0.0
pix2,2,-2,19.351929662261163,0.08776847046709094,0.0,1.3720591467550873,0.0,1.3971417509819741,0.0,0.0,0.0,0.0,0.0,11.020994919285437,0.6140558902218388,1.4653427342200163,3.6989141344137626,0.1521101223392876,0.0,0.20916722365824708,0.0,0.0,0.0,0.0,1.4100885742856872,0.0,0.0,0.0,0.0,2.938003632146828,0.464563400276572,0.041674321368493694,0.0,0.0,0.0,0.3070256457950862,0.017421796237941684,0.0,0.0,12.003451011543627,0.0,2.2629920042061484,1.7201625392416977,0.0,0.08505212707046293,0.0,0.17798747259687556,0.0,0.01402288962544883,0.0,0.46186027263964047,0.0,0.41245081229444147,0.36369348073033264,0.40543818517803304,0.0,0.0,0.0,6.605032218727119,0.0,0.0,0.0,0.0,0.0,0.1907371086207195,0.0,0.0,0.0,0.0,0.5491906392440844,0.603087643571933,0.5427942924759024,0.0,0.0,0.0,0.5789437501760984,0.0652054006058773,0.03493836263814573,0.0,0.0,0.0,0.0,3.5595681229481557,2.4285220462479,0.0,0.12007060075055732,0.0,5.700120715160046,4.932209772259847,0.0,0.6993438458613569,4.083039421854117,0.0,3.6585597655392585,4.49901090443324,0.0,0.0,0.46499361209850887,1.7766111121496677,0.0,0.0,0.0,0.0,0.0,0.0,1.2920051743256948,5.459723580616247,0.3199814529394053,1.2579599913717483,0.0,0.0,1.1155125708169165,1.0233934178780446,0.1159036756219625,0.0,0.0,0.0,0.1432636845367079,0.0,0.0,0.0,0.648937547032463,0.022340163260383746,5.019885890338827,0.0
pix5,1,-2,13.87268530958962,2.3051712625092655,0.0,2.338355786316863,0.0,1.2634610870176362,0.0,0.0,0.0,0.0,0.0,9.66905477717163,0.6596505945305142,1.5789055870516195,3.6554461267069533,0.3081995473833292,0.0,0.21886359652762605,0.0,0.0,0.0,0.0,2.1229271440584294,0.0,0.0,0.0,0.0,2.7212559540239716,0.4558995304946196,0.043956937291214276,0.0,0.0,0.0,0.3222262004248266,0.0480351515307115,0.0,0.0,11.108389077601686,0.0,1.2847540389526728,1.5465648191951602,0.0,0.10557753787728862,0.0,0.30960611913880154,0.0,0.027770932629704925,0.0,0.3631582444302856,0.0,0.22351238604772214,0.18312868082333683,0.3745374868365767,0.0,0.0,0.0,6.547846133744124,0.0,0.0,0.0,0.0,0.0,0.19537207104360488,0.0,0.0,0.0,0.0,1.6754084769631563,0.6149890600513992,0.577522428136393,0.0,0.0,0.0,0.5446135133843859,0.06841473412017962,0.034799603830368245,0.0,0.0,0.0,0.0,3.0681084432625156,1.9732309742006482,0.0,0.12662396047549002,0.005229749136506599,8.558390417951111,4.206725309412894,0.0,0.8311299373651048,4.186080014309331,0.0,3.763175971118774,6.280599985324596,0.0,0.0,0.5959109929384423,1.1303344665501607,0.0,0.0,0.0,0.0,0.0,0.0,0.8776942779435357,4.078517529885734,0.31419099504024106,0.9922181450218274,0.0,0.0,1.1732519737988107,0.9938506296222336,0.06281702486252595,0.03340592065495661,0.0,0.0,0.22535785642088038,0.0,0.0,0.0,0.619013639446273,0.0,4.461615840854699,0.0
pix5,2,-2,19.143200976824133,0.0,0.0,1.359666926895378,0.0,1.3859443460455845,0.0,0.0,0.0,0.0,0.0,11.325983441209535,0.6770592883357144,1.4317531096981118,4.039619968723927,0.07739358221014972,0.0,0.2113564414784348,0.0,0.0,0.0,0.0,0.5332454993732261,0.0,0.0,0.0,0.0,2.9143564905557553,0.45638506397255957,0.039060135000223026,0.0,0.0,0.0,0.3180289782663997,0.026421253132029907,0.0,0.0,15.5646106656042,0.0,0.0,1.8793991872454703,0.15326610350406203,0.10989603424463665,0.0,0.15919494843364868,0.0,0.016496394393174692,0.0,0.4366982472432441,0.0,0.3236872991447225,0.11036613390550017,0.42533265101669654,0.0,0.0,0.0,6.686316464313135,0.0,0.0,0.0,0.0,0.0,0.2279320578561916,0.0,0.0,0.0,0.0,0.7464961180231703,0.6160546172832351,0.5682790700135932,0.0,0.0,0.0,0.6026830844850559,0.06654453764814239,0.03481144380299402,0.0,0.0,0.0,0.0,3.4525378315630797,2.3829342577290054,0.0,0.11252888401718765,0.0,6.108494289529394,5.261790114076079,0.0,0.669477118169309,4.0092734395110705,0.0,3.704542112962422,4.659486503372738,0.0,0.0,0.4935425076901289,1.7931703952493276,0.0,0.0,0.0,0.0,0.0,0.0,1.2022561880693314,5.237602655488187,0.345311707358223,1.2491349433167052,0.0,0.0,1.0859305184788048,0.9893085421259531,0.1358716575508217,0.04203167094448772,0.0,0.0,0.24483773639533862,0.0,0.0,0.0,0.6846149264312538,0.03010548121508012,5.010340064679938,0.0
pix7,1,-2,13.824572481826948,2.1173916829316446,0.0,2.3393869441195005,0.0,1.260340002912141,0.0,0.0,0.0,0.0,0.0,9.76387848177126,0.7034301372828677,1.5294273000685386,3.7567713347583727,0.23019170175718065,0.0,0.21248630083724288,0.0,0.0,0.0,0.0,1.9057950421723189,0.0,0.0,0.0,0.0,2.7630438311407084,0.45466253840356396,0.053436953817065404,0.0,0.0,0.0,0.32731792023296935,0.05323952215850678,0.0,0.0,11.400459332377173,0.0,1.5616130751313575,1.5517202883257752,0.0,0.11849001359992441,0.0,0.3144558963119556,0.0,0.029766157973810475,0.0,0.3506101571560742,0.0,0.20812262816727778,0.10721919381061892,0.38243316546092115,0.0,0.0,0.0,6.67018914423045,0.0,0.0,0.0,0.0,0.0,0.19379174473598154,0.0,0.0,0.0,0.0,1.886930355049901,0.6329201446708986,0.591202079738257,0.0,0.0,0.0,0.5767954639777324,0.07050579696435365,0.03569772245073909,0.0,0.0,0.0,0.0,2.921616099698955,1.8669871731675662,0.0,0.12748252082502082,0.010350633714304351,9.196897333729092,4.279917205637553,0.0,0.8300095000147409,3.9804339788647094,0.0,3.8795971374273153,6.623929704708935,0.0,0.0,0.6223993382824963,1.1724094708446762,0.0,0.0,0.0,0.0,0.0,0.0,0.8188109548579547,3.871173802747674,0.2865858534789382,0.79445089532974,0.0,0.0,1.1644541006056564,0.9810005614406377,0.07999580174788946,0.04972835052084389,0.0,0.0,0.2041539373319531,0.0,0.0,0.0,0.659788291576796,0.0,4.521089207498162,0.0
pix7,2,-2,18.938086888131167,0.0,0.0,1.3544904886296194,0.0,1.3773585733539018,0.0,0.0,0.0,0.0,0.0,11.450084136038692,0.7243333716142506,1.382752606392803,4.193267354214859,0.0,0.0,0.20206527521217443,0.0,0.0,0.0,0.0,0.09977466185102084,0.0,0.0,0.0,0.0,2.946619672796054,0.45446074946686466,0.046571247588254774,0.0,0.0,0.0,0.3201733465354638,0.025396801044925994,0.0,0.0,15.044931917717166,0.0,0.0,1.851132731529627,0.7512372335561243,0.08925822830035061,0.0,0.18696997632104537,0.0,0.018994856368004232,0.0,0.41955251428154405,0.0,0.28575407105282996,0.00964425085790707,0.42607501213353804,0.0,0.0,0.0,6.8073809233392915,0.0,0.0,0.016903986484038108,0.0,0.0,0.20538984518762995,0.0,0.0,0.0,0.0,1.0026842331134314,0.6371702428436351,0.5988098343827815,0.0,0.0,0.0,0.6371186930902857,0.06894331076799677,0.0363130540789375,0.0,0.0,0.0,0.0,3.30689184927172,2.262002022112863,0.0,0.11231579735194586,0.0,7.040086263773321,5.391326520568481,0.0,0.6627503844996412,3.576719069834138,0.0,3.8828305977070565,5.093437779506035,0.0,0.0,0.5447070968524979,1.8418593784327222,0.0,0.0,0.0,0.0,0.0,0.0,1.0855114435377546,4.871832428853364,0.32110851192081796,1.1568276650757616,0.0,0.0,1.0669126353030542,0.9610281557951845,0.1630566610985756,0.07564913140672484,0.0,0.0,0.23042219223957422,0.0,0.0,0.0,0.7273187326481858,0.04208253311995441,5.015933665874803,0.0
thermal100,1,-2,14.18054938009817,2.978406945021819,0.0,2.365663071047641,0.0,1.2859413044394377,0.0,0.0,0.0,0.0,0.0,9.288252314404348,0.6918498437741644,1.646889488649031,2.54800257450827,0.3842407698519736,0.0,0.21307805113959158,0.0,0.0,0.0,0.0,5.792955005013636,0.0,0.0,0.0,0.0,2.7435497783018743,0.44320214089533805,0.02614202726035703,0.0,0.0,0.0,0.2982587797742948,0.04544907183389671,0.0,0.0,12.86698505846375,0.0,6.5778936511582335,1.444822189238136,0.0,0.09564206576528483,0.0,0.318127517378434,0.0,0.025863696241939436,0.0,0.37492286993268426,0.0,0.2821517700014055,0.17607867670377797,0.37222123624191256,0.0,0.0,0.0,6.399116888752462,0.0,0.0,0.0,0.0,0.0,0.18726174246965804,0.0,0.0,0.0,0.0,1.4487912244984134,0.6111058154682243,0.5368931546420583,0.0,0.0,0.0,0.517349349289993,0.062340322209193506,0.033651610963479184,0.0,0.0,0.0,0.0,3.388010148180062,2.1149020029099037,0.0,0.11485058396930307,0.0,7.127605074690523,3.870730183145147,0.0,0.848269967865567,4.6073661426254,0.0,3.2420118122248436,6.044842379276636,0.0,0.0,0.4663733428991289,1.0744567003472776,0.0,0.0,0.0,0.0,0.0,0.0,1.182266159207871,4.283414292199659,0.35995870253556816,1.1478874421537777,0.0,0.0,1.1798475579628527,1.0148566122006586,0.0802137343642615,0.0,0.0,0.0,0.033550408210307005,0.0,0.0,0.0,0.6054454522196336,0.0,4.529740875259901,0.0
thermal100,2,-2,19.837766565887165,1.4712390263409671,0.0,1.4574118961660083,0.0,1.4336902229413764,0.0,0.0,0.0,0.0,0.0,10.930633656927636,0.6322811592166939,1.4344343517084264,1.555908263151057,0.18019743512757389,0.0,0.22503616065145282,0.0,0.0,0.0,0.0,8.276005877411569,0.0,0.0,0.0,0.0,2.9300568312304387,0.4610190701561552,0.01630002346354888,0.0,0.0,0.0,0.3002131305431872,0.0,0.0,0.0,12.529368765888616,0.0,9.51149504607318,1.6929764437713026,0.0,0.0,0.0,0.24621023791129926,1.5246824481237726,0.0,0.0,0.42293030779056034,0.0,0.40614322480564286,0.42251826863955505,0.3983185882874876,0.0,0.0,0.0,6.635272053762936,0.0,0.0,0.0,0.0,0.0,0.1985829397626743,0.0,0.0,0.0,0.0,0.8408200901310654,0.5937550394513934,0.45212106707195426,0.0,0.0,0.0,0.5793924022401346,0.06274541049666064,0.03868310640316889,0.0,0.0,0.0,0.0,3.682866191040292,2.4273087329698178,0.0,0.11345587580756401,0.0,4.195740664708606,4.33409367511984,0.0,0.772312227242629,5.012656912420524,0.0,2.7550377803817643,5.416783107008927,0.0,0.0,0.23962885387463115,1.7531247728624209,0.0,0.0,0.0,0.0,0.0,0.0,1.833838276521499,5.345093998986056,0.3655852656130996,0.7246999647606435,0.0,0.0,1.089408573094057,1.015932873756261,0.16451112349657543,0.0,0.0,0.0,0.0,0.0,0.0,0.0,0.7589566294273451,0.0,5.262613664495603,0.0
thermal25,1,-2,12.561936554063402,3.7738354011937685,0.0,2.894707988069863,0.0,1.195099930324584,0.0,0.0,0.0,0.0,0.030106022694677624,7.531449843371848,0.7415428832824347,1.8194995562038132,2.5986788124445903,0.8134023941744666,0.0,0.06893540351980332,0.0,0.0,0.0,0.0,5.983727766182216,0.0,0.0,0.0,0.0,2.3232253610227422,0.43594325328473027,0.08144087265552093,0.0,0.0,0.0,0.28630115014505136,0.056447119900642335,0.0,0.0,14.469473160049738,0.0,5.361711204282579,1.4352430113779446,0.0,0.11528868754300874,0.0,0.287481556885909,0.0,0.021491464908137223,0.0,0.37050255635702045,0.0,0.13127941385265463,0.07244958989675297,0.3845323705040459,0.0,0.0,0.0,5.246563421918601,1.9391197052881222,0.0,0.0,0.0,0.0,0.17891839363151676,0.0,0.0,0.0,0.0,2.0723268134994135,0.5995445862175875,0.5135887871416119,0.0,0.0,0.0,0.5609396894008513,0.061246041925960795,0.03145165181222421,0.0,0.0,0.0,0.0,3.390695356290633,1.7768568300975967,0.0,0.12530346797566286,0.05498371412488551,8.581703683770169,3.4663657295185013,0.0,0.7903252749420779,4.342499152962357,0.0,2.614063256363302,6.918475591757216,0.0,0.0,0.5482251970409223,0.9768308542217055,0.0,0.0,0.1535801198274724,0.0,0.0,0.0,1.1483024947424882,3.5190511111011564,0.23428825910569695,1.3071964821674953,0.0,0.0,0.9705082225872423,1.0270749796958751,0.0,0.0,2.7600577822404633,0.0,0.0,0.15590753531660473,0.0,0.0,0.3898156335848558,0.011813758142496508,3.185580466188153,0.005876896473391191
thermal25,2,-2,15.3273122735346,4.259767348343168,0.0,2.617843962158935,0.0,1.1894999435167248,0.0,0.0,0.0,0.0,0.0,8.113254098732968,0.7937992013475751,1.7405952990445823,2.0716321700022737,0.7802283669270772,0.0,0.0312100608352369,0.0,0.0,0.0,0.0,7.419304686484775,0.0,0.0,0.0,0.0,2.383495508772386,0.43275617441270664,0.09920570698382007,0.0,0.0,0.0,0.2816755901506969,0.044198174265309094,0.0,0.0,17.43304637086267,0.0,7.313631311807211,1.6410393678250033,0.0,0.11092413570709296,0.0,0.21648235266154955,0.0,0.009579081455984776,0.0,0.46372616208365497,0.0,0.14578119688459518,0.07509559154503166,0.4358056033383666,0.0,0.0,0.0,5.6074113826096195,1.7556892743423902,0.0,0.0,0.0,0.0,0.21183455203470614,0.0,0.0,0.0,0.0,1.8609304594819984,0.5913472183383859,0.6275872779193236,0.0,0.0,0.0,0.6350544059510984,0.05841315969542224,0.03640415810877216,0.0,0.0,0.0,0.0,3.7220903452849368,1.8246027152002084,0.0,0.12370241333832242,0.024557438509011036,8.526505352172228,3.7538315995158786,0.0,0.6735390220875245,4.150983187069973,0.0,2.7402475755031555,6.643855338571694,0.0,0.0,0.6309341512291137,1.4669623496418935,0.0,0.0,0.09497272900760999,0.0,0.0,0.0,1.2157671516586375,3.8748073805441203,0.23414607748448313,1.428852844459562,0.0,0.0,0.8867004697897817,1.0369771980862945,0.0,0.0,4.022132807730973,0.0,0.0,0.1805539942193662,0.0,0.0,0.38005925702307625,0.04173570908915641,3.05351496922192,0.0
thermal50,1,-2,14.169149408856342,2.9666903317524476,0.0,2.361367474074565,0.0,1.2848431477573907,0.0,0.0,0.0,0.0,0.0,9.267958674147554,0.7326249156295133,1.6544391417092332,2.59907397835619,0.38292552978820577,0.0,0.2100993030268547,0.0,0.0,0.0,0.0,5.666604349750805,0.0,0.0,0.0,0.0,2.748543671091258,0.43356701938376535,0.02866388750419728,0.0,0.0,0.0,0.2979295301921852,0.04554021122569589,0.0,0.0,14.146322478603572,0.0,6.388633633815911,1.4829026388487854,0.0,0.10937622532787333,0.0,0.2716035862937221,0.0,0.025762200371762595,0.0,0.37207755460601777,0.0,0.24100352311781664,0.13016209873900786,0.3761590419874336,0.0,0.0,0.0,6.387123956883163,0.0,0.0,0.0,0.0,0.0,0.18327235115738358,0.0,0.0,0.0,0.0,1.4103958273199164,0.6110048842534929,0.5417457968788238,0.0,0.0,0.0,0.5174171718246005,0.06230268501066478,0.0334415884094131,0.0,0.0,0.0,0.0,3.391624020784048,2.1159548116896945,0.0,0.11551140675575845,0.0,7.225589342048691,3.9239028148266635,0.0,0.8393420710219607,4.56031635614857,0.0,3.302924218643849,5.902506886513624,0.0,0.0,0.47905048194433836,1.0704282889438141,0.0,0.0,0.0,0.0,0.0,0.0,1.1537090079568515,4.297254319957796,0.35224721654817837,1.241853220630868,0.0,0.0,1.1918129329277023,1.0151520203742446,0.06430764330074498,0.0,0.0,0.0,0.04955159008362404,0.0,0.0,0.0,0.5940437028393295,0.0,4.521223340944779,0.0
thermal50,2,-2,19.838397582805104,1.5325322587489765,0.0,1.4417452931665256,0.0,1.428345974646595,0.0,0.0,0.0,0.0,0.0,10.791264956015208,0.8061610258345716,1.4597203452207081,1.6604535729507512,0.17358194399481963,0.0,0.21475671298276722,0.0,0.0,0.0,0.0,8.181705959898935,0.0,0.0,0.0,0.0,2.9611146176724215,0.42017377194928485,0.026830938871437508,0.0,0.0,0.0,0.2995488610397778,0.009723568832605283,0.0,0.0,18.50088666476508,0.0,9.334580468089374,1.6781184886938287,0.0,0.07023032819598743,0.0,0.0436619841997865,0.3229035630797485,0.006757020017187464,0.0,0.4488098903780168,0.0,0.31526264938164766,0.23190034523390649,0.41454658281473605,0.0,0.0,0.0,6.558860536240979,0.0,0.0,0.0,0.0,0.0,0.23058681582701815,0.0,0.0,0.0,0.0,0.657306545909241,0.606584916812697,0.4796569219010113,0.0,0.0,0.0,0.5789143978267085,0.0604904368756622,0.0378385653013592,0.0,0.0,0.0,0.0,3.7617060653774756,2.433106235435319,0.0,0.10086867073961071,0.0,4.53194640380591,4.5991708255178665,0.0,0.7283488530385055,4.772315937893054,0.0,2.974605209176075,4.880872616409013,0.0,0.0,0.2931168213098733,1.742812170024424,0.0,0.0,0.0,0.0,0.0,0.0,1.7058591992183663,5.461943328292515,0.35076762308857645,1.0265783263104706,0.0,0.0,1.1214179818222307,1.017191640858273,0.12948363624885248,0.0,0.0,0.0,0.0,0.0,0.0,0.0,0.7124679360965749,0.0,5.228205936275869,0.0
deg1,1,0,2.4364463928515216,1.4197558696192643,0.21990734740791426,2.498724843710012,0.951145331343633,1.789820010176933,0.4643880049943503,0.0,0.0,0.0,1.3805147410240677,3.3245304014511103,0.7628580157537213,1.6617858887898687,1.763118648166521,1.2084577199390263,0.0,0.2041512316582594,0.5830525589434152,0.0,0.0,0.0,1.2577314263419141,0.0,0.0,0.0,0.836032964324653,3.8060806517419397,0.42334662907664805,0.05917051148697514,0.7734225574759499,0.590456476249472,0.0,0.36280189052016465,0.0,0.0,0.38231851317127225,3.6825698823399957,0.758930582552408,1.8388626586426124,1.8631939119910803,2.6894951219458254,0.0,0.0,0.43915525843089426,1.2405151370630338,0.003290321427980728,0.0,0.36175280245625663,0.0,0.0,0.3117811257106688,0.3328293640253775,0.0,0.0,0.9014401405701372,1.5251179064917133,0.9265189232955146,0.0,0.0,0.0,0.0,0.24418280862860864,0.0,0.0,0.0,0.0,1.2822239913725249,0.6175607126992152,0.5802441495229134,0.0,0.0,0.0,0.7583552260016265,0.06756670358728872,0.03559407754217477,0.0,0.0,0.0,0.23499134682193262,3.2094520508994475,2.030177134190078,0.0,0.1148642139817683,0.0,4.054479908276829,1.602334497275197,0.0,1.062946190891758,1.7228461376024329,0.7783881030397676,3.297742409584091,3.788365469517599,0.0,0.0,0.41578387718473014,0.9585452262506928,0.0,0.0,0.04849370300280658,0.0,0.0,0.0,1.300596382552067,4.550272463055586,0.31762680962444856,1.5538857834686153,0.0,0.0,1.0498010713529973,0.9676215226030699,0.13116365770461574,0.010245791670424872,0.4062525690441772,0.24453301258795582,0.47721031287448373,0.20103433261136303,0.0,0.0,0.39995972802768076,0.08717352809434784,2.1398544599781477,0.6570812222064837
deg1,2,0,19.963092232845177,3.789818215132196,0.0,1.3028947153889376,0.0,1.4425664450167432,0.0,0.0,0.0,0.0,0.0,10.387225359413446,1.4376993397633981,1.486894044290998,0.12418171183806996,0.22478822535953924,0.0,0.19883053633308673,0.17190585534345743,0.0,0.0,0.0,11.510303598377371,0.0,0.17872244708407092,0.0,0.0,3.032229857540847,0.2219202107729722,0.05441141757208824,0.0,0.0,0.0,0.30826711988694994,0.0,0.0,0.0,95.20747216543116,0.0,0.0,1.6326212793079486,0.0,0.0,0.0,0.0,0.0,0.016266963785298513,0.0,0.16758344290720908,0.0,0.0,0.16261113405681418,0.37752196086124695,0.0,0.0,0.0,6.475923459018237,0.0,0.0,0.0,0.0,0.0,0.20003242768557725,0.0,0.0,0.0,0.0,0.14282933168953124,0.6011637511038415,0.5171013650194494,0.0,0.0,0.0,0.5912750538841005,0.062481666513589766,0.03800917513426951,0.0,0.0,0.0,0.0,3.672435665689813,2.27820127007115,0.0,0.11307303899343372,0.0,4.316203517707038,5.416363448379719,0.0,0.6145661410332813,4.72018287018754,0.0,2.983715421368787,3.328779857232523,0.0,0.0,0.2750644247363602,1.7160128450912175,0.0,0.0,0.0,0.0,0.0,0.0,1.734227619443045,5.972699685105376,0.3398405556738802,1.5736846842757204,0.0,0.0,1.1909851388949768,1.0180138870515776,0.03304538037414506,0.0,0.0,0.0,0.1186697345223585,0.0,0.0,0.0,0.5972776851804077,0.018937786969506144,5.057722527414484,0.0
deg5,1,0,2.4130881367371906,1.3987899322318817,0.08052406939277781,2.530370073688183,0.9152732775924838,1.7635760369304208,0.5591162104151801,0.0,0.0,0.0,1.3332033016156202,3.211264477808649,0.7194553021313081,1.5876383806896315,1.7963326869831144,1.2047192582264317,0.0,0.19381835911294848,0.38435309908404786,0.0,0.0,0.0,1.0376734289584684,0.0,0.0,0.0,0.9428646870554417,3.8561823818931913,0.4437442223122021,0.08308973332990603,0.8516035241160063,0.6099174319147117,0.0,0.4226173359826832,0.032146583016977724,0.0,0.5109291836455665,2.237600721497868,0.7628177043872155,1.3053331675670554,1.561076236989339,0.9096740740955049,0.10736932881276126,0.0,0.50474445138174,0.790806254871443,0.021048794915408137,0.0,0.3603827634967807,0.0,0.23751472720352193,0.3677182160312954,0.3571934402534675,0.0,0.0,0.8927291126858024,1.5437012288104226,0.9083936457749787,0.0,0.011544480711412805,0.0,0.0,0.28748144763187417,0.0,0.0,0.0,0.0,1.4652037789082843,0.6152128748531833,0.6153103442030909,0.0,0.0,0.0,0.859500090945469,0.07405464741370998,0.037661414005962804,0.0,0.0,0.0,0.3494231256889254,2.8507543333407277,1.8624738214781509,0.0,0.11882519966236939,0.0,4.21771468366226,1.6605528996843248,0.0,1.090736654754574,1.6516530570562538,0.7527755590436105,3.8609554444043246,3.9116267298396936,0.0,0.0,0.43990650264265396,1.0590692253942267,0.0,0.0,0.23238903836017138,0.0,0.0,0.0,0.979371024042568,4.372269505395264,0.2770451599067734,1.1767281253648243,0.0,0.0,1.0225654020969859,0.9069953924576732,0.15528609237951488,0.0742574567112283,0.3653739271181496,0.16083117502063818,0.5756497224268855,0.2937460467195474,0.0,0.0,0.40667241899769946,0.11061126770886263,2.054558172060988,0.6076844102052097
deg5,2,0,18.45810251221847,0.7055503608107407,0.0,1.427339954204532,0.0,1.4089974990731202,0.0,0.0,0.0,0.0,0.0,11.024217533602178,0.6966089433100002,1.4152121065744228,3.7052541943024337,0.1632615802631757,0.0,0.19634032694598183,0.0,0.0,0.0,0.0,1.386259648620475,0.0,0.0,0.0,0.0,2.9527018946097563,0.4532588661619485,0.06025070048380744,0.0,0.0,0.0,0.3435768875394679,0.02558770284760374,0.0,0.0,11.74606674422826,0.0,0.8042598881574943,1.707877642326716,0.0,0.07675391451061718,0.0,0.26592394016106147,0.0,0.01704202281681394,0.0,0.4425422453255469,0.0,0.44107840368506146,0.3032352226387896,0.4112735615245905,0.0,0.0,0.0,6.633956822237595,0.0,0.0,0.011472416847077777,0.0,0.0,0.2497875364654032,0.0,0.0,0.0,0.0,0.7920926950415215,0.6050272092542932,0.5776351287538101,0.0,0.0,0.0,0.6349288552909396,0.06864559652142599,0.03508855674709442,0.0,0.0,0.0,0.0,3.3503169106097923,2.340801768729593,0.0,0.11380630965610346,0.0,6.351542904561164,5.242697592055043,0.0,0.6803248819514538,3.841057806543657,0.0,3.8019884683638736,4.79270568820085,0.0,0.0,0.5172994410196695,1.8371030694922657,0.0,0.0,0.0,0.0,0.0,0.0,1.1494550404847463,5.168058038586293,0.3355390686864264,1.1126736601937608,0.0,0.0,1.1176397365090074,0.9915526271577236,0.09170503771061049,0.04246273476754011,0.0,0.0,0.313328261243839,0.0,0.0,0.0,0.6544503818764412,0.036126392202043105,4.877169989677089,0.0
interval2200-2400,1,0,1.0,1.0,0.9121396085946334,0.9598950732780509,0.9827342820708564,0.9322064038344742,0.9859762535590393,0.96270852198481,0.9202185348450777,0.8754379728653972,0.9751476346684096,0.9852542048238307,0.31624503872973725,0.8135825906046538,0.9560320135952951,0.9414248734427744,0.2881675946134689,0.0,0.9328857826556588,0.9185352847492563,0.0,0.0,0.973797884781261,0.9853468493267393,0.3725939013643282,0.35082668035556686,0.9259455883947781,0.9147882505471759,0.0,0.21632981481555652,1.0,1.0,1.0,1.0,1.0740771231954829,1.119399802167468,0.8798505372644146,1.0784798337105812,0.9277141708407897,1.0136085321420745,1.3317600349338434,1.0893104975453363,1.0,1.0,0.8799930599551197,1.0482297397429683,1.0,1.0,1.7767258526661405,1.01657883250402,0.2541485469049743,0.26217879495444585,1.0,1.0,1.0,1.0,1.0,1.0,1.0923222697778088,1.0522008206425688,0.7441101682363721,1.0902311267561824,0.9999782712328122,0.12670944114125024,1.1101216212755336,0.5870042081120925,0.13982903471637784,1.1382610983616526,0.3151861444589786,0.24190176965286564,1.2519323769410946,0.8711675809983128,0.8131280393844792,0.635914131197113,0.09002152793596972,0.005371608057988898,1.1425936358752882,0.8404157166695876,0.568449057144898,1.3270357185897708,0.994672416131371,1.0069535150616784,2.336099225885382,0.06206806846707468,0.2707122979425607,0.9878617199203547,1.0009507761996352,1.0193750318983257,1.471130505115544,1.0,1.0,0.9383414320580996,1.5756025028191052,0.24032896772566287,1.413290287798289,1.0,1.0,1.1262895406580982,1.1576673311852441,0.9436079510672591,1.1162506463553379,1.0119855402493583,1.1196439464739485,1.0676477432208236,2.2296146658420706,0.17409414018332078,1.057849972906609,1.0464405627415183,1.1718247079192612,0.4030578799771523,0.4027936679664036,0.24685952048978546,0.01992731244523235,1.0,1.0,0.7835215153546384,0.7197831842806766,0.35686766659518654,0.3574607255512827,0.4635825725503441,0.0,1.0,0.9047488486548829
interval2200-2400,2,0,1.0,1.0,2.5377837910170977,0.0,0.8274370147650231,0.8493746740277067,0.040150164344146186,0.0,0.0051100231222590995,0.8913061075840588,0.308690933714988,1.5795519680230483,0.0,1.9188528483651455,1.374587647871996,0.781831179842693,0.4668385480939676,0.0,0.0,0.0,0.0,0.0,1.1267530563071466,3.5232105741711788,0.0,0.0,0.28496064518963815,0.6194056688993087,0.0,0.2408591311548194,1.0,1.0,1.0,1.0,0.3154042686484167,14.751628509238365,0.0,2.6606179817850872,0.0,0.0,1.503258419538303,5.426426620425421,1.0,1.0,0.08340773882620274,0.0,1.0,1.0,5.0843204620819735,0.0,0.3280981125313226,0.0,1.0,1.0,1.0,1.0,1.0,1.0,0.0,1.3794664487494372,0.0,0.0,0.8234944183628673,0.0,0.0,0.4461336192954757,0.0,0.0,0.0,0.0,0.0,0.0,0.0,0.0,0.09483305256972442,0.01834396663178578,0.0,0.8018980119776307,0.0,6.335796829097857,2.6714212390807646,4.417096841735474,4.427617870716485,0.0,0.0,1.0458012146215734,3.6644855663786986,1.1098286873487173,1.1163049449277644,1.0,1.0,0.0,2.9925626854006744,0.10717278310555994,0.0,1.0,1.0,2.609621922214785,2.229114404694124,1.592052350756381,0.11566956474378906,2.851395035571009,0.0,0.7795941363254459,2.5193603288192374,0.12120759094774643,0.0,2.1962219122451345,4.530082915892374,0.9127597911554846,0.6575772468431389,0.0,0.0,1.0,1.0,0.0,0.0,0.20384144331755025,0.24305930903881548,0.0,0.0,1.0,0.0
interval5500-6200,1,0,1.4022822016066336,1.103665480015803,1.0,1.5159787907811697,1.0,1.288910412476589,0.9142696805686447,0.8854345725063831,0.6505675811902514,1.0523910119780977,1.2113569480293542,2.049022662309351,1.5656059054821507,1.2968981887465467,1.2364196866046058,2.27272095676947,1.0242362071204199,0.024491979104519848,1.0,1.0,1.0,1.0,1.0,1.0,1.0,1.0,1.4552273137949554,3.967344683728152,0.35416599886326533,0.0985642901534167,1.0,1.0,1.0,1.0,0.04594735963519117,0.10348601115120151,1.0,1.0,1.0,1.0,0.7457398411706228,0.9803011922884226,0.3511201268173756,0.7056909046807401,0.4316535638470866,0.6085464785955707,0.0016824159203943075,0.0,0.08106710374157737,0.0,0.15439617640921635,0.6777928930108568,0.363480740117784,0.0,0.0,1.0,1.0,1.0,0.9776963401971623,0.26914193725621427,0.11744027614080327,1.0134470097583013,0.42540363873375975,0.14136561208327864,0.34347214310874435,0.06294621567044051,0.007130558453289654,1.292128021607742,0.6097375086621665,0.34874409275293217,0.7436037013770941,0.0,0.0,0.5803417307247384,0.011884341137736613,0.0,1.0,1.0,1.0,0.9400596794875113,1.1078147099002817,1.305261046256443,0.15212634611414083,0.1346186809826256,0.15372041870111075,1.1844720863701306,1.0153588217180616,1.5399971012219071,1.1955409277471003,1.1063371720887496,0.9200442686650816,1.011052938247697,0.9743980875297855,0.019599957054008015,0.27800807565609953,0.06454097820054192,0.6238843489565209,0.21625031554621885,0.6518009361495924,0.11411673088341928,0.974078122730961,0.24661411685742493,0.9567969733777927,0.9706250661107788,1.059230765197536,0.16969340511556696,0.5821910902526236,0.6810762296567291,1.323302812445118,0.40529998269134554,0.4068640224885601,0.27392367390118305,0.0,0.32972817734456134,0.06469272743481311,1.1208430810241128,0.9131772954586169,0.44107744256103426,0.4673218171408145,1.3539481441978687,0.27435547750446576,0.8692231879204039,0.9719587407983151
interval5500-6200,2,0,14.335345281250072,0.0,1.0,14.605533364671478,1.0,0.014641841816248464,0.0,0.0,0.0,0.0,0.0,10.595802842487233,4.014585323832327,1.2972619866066704,0.0,9.580931814717909,0.33939498572800547,0.0,1.0,1.0,1.0,1.0,1.0,1.0,1.0,1.0,0.0,2.4876600740863113,0.011065584657888443,0.05329749250980214,1.0,1.0,1.0,1.0,0.014276835269314503,0.31735794549599644,1.0,1.0,1.0,1.0,0.09337713712368169,4.059547570073218,0.0,0.0,0.10724990355260319,0.0,0.0,0.0,0.04458595939171281,0.0,0.0,0.36545900283271165,0.37683623314632175,0.0,0.0,1.0,1.0,1.0,0.0,0.0926364809694702,0.004033203849285687,5.033462343319121,0.25399026076202985,0.0,0.0,0.06282360604616657,0.0059035805710809545,1.57197985027006,0.6321270364712828,0.17379240235767449,0.5628258922750684,0.0,0.0,0.0,0.012782291477750988,0.0,1.0,1.0,1.0,0.0,1.514519781489476,2.3792476715199977,0.0,0.18946997490114423,0.25874850993003606,2.7008814748013124,0.0,3.28243152034461,1.2456556547848636,5.64134092071889,0.0,1.012943583599581,0.5556552768339336,0.0,0.0,0.27588810457661583,0.7270935992815543,0.26554961513008146,0.0,0.0,0.47583345155676027,0.0,0.0,0.0,0.5769886221514231,0.0,0.0,0.17368614305780036,7.3118156302902975,0.0,0.0,0.0,0.0,0.0,0.0,2.5476654732305923,0.887980273481642,0.917274086340361,0.9088448798891147,1.6936875694590428,0.20948007918388228,1.6947032924492476,0.0
interval775-1000,1,0,1.0,1.0,1.0,1.0,1.0,1.0,1.0,1.0,1.0,1.0,1.0,1.0,1.0,1.0,1.0,1.0,1.0,1.0,1.0,1.0,1.0,1.0,1.0,1.0,1.0,1.0,1.0,1.0,1.0,1.0,1.0,1.0,1.0,1.0,1.0,1.0,1.0,1.0,1.0,1.0,1.0,1.0,1.0,1.0,1.0,1.0,1.0,1.0,1.0,1.0,1.0,1.0,1.0,1.0,1.0,1.0,1.0,1.0,1.0,1.0,1.0,1.0,1.0,1.0,1.0,1.0,1.0,1.0,1.0,1.0,1.0,1.0,1.0,1.0,1.0,1.0,1.0,1.0,1.0,1.0,1.0,1.0,1.0,1.0,1.0,1.0,1.0,1.0,1.0,1.0,1.0,1.0,1.0,1.0,1.0,1.0,1.0,1.0,1.0,1.0,1.0,1.0,1.0,1.0,1.0,1.0,1.0,1.0,1.0,1.0,1.0,1.0,1.0,1.0,1.0,1.0,1.0,1.0,1.0,1.0,1.0,1.0,1.0
interval775-1000,2,0,1.0,1.0,1.0,1.0,1.0,1.0,1.0,1.0,1.0,1.0,1.0,1.0,1.0,1.0,1.0,1.0,1.0,1.0,1.0,1.0,1.0,1.0,1.0,1.0,1.0,1.0,1.0,1.0,1.0,1.0,1.0,1.0,1.0,1.0,1.0,1.0,1.0,1.0,1.0,1.0,1.0,1.0,1.0,1.0,1.0,1.0,1.0,1.0,1.0,1.0,1.0,1.0,1.0,1.0,1.0,1.0,1.0,1.0,1.0,1.0,1.0,1.0,1.0,1.0,1.0,1.0,1.0,1.0,1.0,1.0,1.0,1.0,1.0,1.0,1.0,1.0,1.0,1.0,1.0,1.0,1.0,1.0,1.0,1.0,1.0,1.0,1.0,1.0,1.0,1.0,1.0,1.0,1.0,1.0,1.0,1.0,1.0,1.0,1.0,1.0,1.0,1.0,1.0,1.0,1.0,1.0,1.0,1.0,1.0,1.0,1.0,1.0,1.0,1.0,1.0,1.0,1.0,1.0,1.0,1.0,1.0,1.0,1.0
nomask,1,0,2.456794388818517,1.4349190629218849,0.4037908140487446,2.4663496435425385,0.9744544240970651,1.8086871414675565,0.3857768279735028,0.0,0.0,0.0,1.439861808460035,3.381139357548,0.9644198965252746,1.6730115084640338,1.6641115698685887,1.1912158990688533,0.0015756829271083585,0.1977822901578197,0.8283451952188574,0.0,0.0,0.0,1.5470176403509261,0.0,0.0,0.0,0.7539896988444703,3.794112945868462,0.37780804526123224,0.06277578393541539,0.6910216839996968,0.5623794895247181,0.0,0.3602999838814183,0.0,0.0,0.8079851078884245,5.076985092901301,1.2182068525652903,2.3698195720054063,1.9918546127087704,4.348160180866081,0.0,0.0,0.48438459703953135,1.7305640292228408,0.0,0.0,0.3366513121249564,0.0,0.0,0.01746682421546004,0.3286095783025958,0.0,0.0,0.9024066228180501,1.5220178891996765,0.9360196102921957,0.0,0.0,0.0,0.0,0.27249879715521186,0.0,0.0,0.0,0.0,1.2792064406039643,0.630133521852653,0.5753502973861512,0.0,0.0,0.0,0.7588516322953719,0.06533901766087398,0.034769885244478396,0.0,0.0,0.0,0.1999036346212204,3.291084741364024,2.067440582807445,0.0,0.10211006414241479,0.0,3.998178977922271,1.6280896700965242,0.0,1.0466578206469304,1.7427440533493237,0.7852354302176153,3.0921240164071486,3.6790686052691384,0.0,0.0,0.399817388464019,0.9538847834177596,0.0,0.0,0.0,0.0,0.0,0.0,1.4018268814033394,4.502789932121604,0.3378932335598033,1.7207172677622433,0.0,0.0,1.0693512460309262,0.975478753546905,0.11181781059282787,0.0,0.4079776735296423,0.25013675256947554,0.4582885987171203,0.20840198995629855,0.0,0.0,0.3871318643192532,0.0867104561617412,2.1328532133490103,0.6429467619912487
nomask,2,0,23.90876180077034,13.101235758351157,0.0,0.059505295767469345,0.0,1.1045944954729097,0.0,0.0,0.0,0.0,0.0,10.582136363342583,0.0,1.5105818087532583,0.0,0.0,0.0,0.19970780031540203,0.0,0.0,0.0,0.0,37.937811342064435,0.0,5.827463207887461,0.0,0.0,2.739080588035884,0.03707245942626916,0.08835260805594569,0.0,0.0,0.0,0.3139919695293146,0.0,0.0,0.0,119.53567166080938,0.0,0.0,0.4453727488566402,0.0,0.0,0.0,0.0,32.167744320957844,0.0,0.0,0.0,0.0,0.0,0.014301089405952119,0.32718960307927436,0.0,0.0,0.0,6.4049258540352865,0.0,0.0,0.0,0.0,0.0,0.42509609732262305,0.0,0.0,0.0,0.0,0.0,0.6626304604922564,0.3617795293440916,0.0,0.0,0.0,0.5376552910496848,0.05455025963669304,0.03325005908179436,0.0,0.0,0.0,0.0,3.8673453967723614,2.474463041578161,0.0,0.04449159553089584,0.0,1.8992803031476928,6.718316581944805,0.0,0.42612907058263505,6.355849477215293,0.0,1.7292885128529105,1.376279841317747,0.0,0.0,0.0,1.4995717021317954,0.0,0.0,0.0,0.0,0.0,0.0,2.4877776088901866,6.994966408366415,0.4065777266954792,1.8543098598998358,0.0,0.0,1.2355257452318946,1.0173032360362808,0.0,0.0,0.0,0.0,0.01871165369625955,0.0,0.0,0.0,0.44019629109376135,0.03049963151467727,4.642451109830434,0.0
pix2,1,0,2.4190018270812534,1.4058249517761015,0.07413788171778112,2.5377038660953946,0.9226083892914427,1.7716213758565496,0.537310903708631,0.0,0.0,0.0,1.3360053317452485,3.251006134161035,0.6579972635198709,1.6302825483321932,1.8349461838485166,1.1972415658552766,0.0002892926924687972,0.20850066739284956,0.383587739185176,0.0,0.0,0.0,1.069332191587051,0.0,0.0,0.0,0.9029350506817392,3.828974497905663,0.450990520343734,0.06427523549318642,0.843805503336778,0.62943511374323,0.0,0.37728490971836204,0.033597746117677456,0.0,0.484694504228259,2.2683709245931643,0.767513561553738,1.366867189223054,1.5605244895857653,0.6470002119053925,0.1073142084939306,0.0,0.4925097720090445,0.8581376371945312,0.016509454490671344,0.0,0.3751126753946809,0.0,0.2460832671071764,0.4053433330257714,0.35730256244353703,0.0,0.0,0.9007562206027604,1.5296045937829486,0.9075964304168266,0.0,0.0,0.0,0.0,0.23579363346216745,0.0,0.0,0.0,0.0,1.343334749181865,0.6176307512064494,0.5964400271783554,0.0,0.0,0.0,0.787233867881102,0.07052420379565517,0.03650706746602837,0.0,0.0,0.0,0.2979259601660387,3.0702140459821656,1.9613980658834953,0.0,0.12176381928451083,0.0,4.097281806512766,1.6107607309049652,0.0,1.0798230275591687,1.6737698206620941,0.7689242971080228,3.696199682039561,3.856461591745558,0.0,0.0,0.4341829224983077,1.004996186955442,0.0,0.0,0.16873906434780325,0.0,0.0,0.0,1.0802203000115944,4.485538080418232,0.2918918650109618,1.4046836496793675,0.0,0.0,1.0234621405928144,0.9237126120338179,0.157607665684589,0.05997612343636561,0.3887661630796552,0.199765739757979,0.5139367117012105,0.22742463143605254,0.0,0.0,0.40087582053336884,0.10039101430548632,2.0944151672516735,0.6351618244585127
pix2,2,0,18.496926240777935,0.8700318937045968,0.0,1.4107281064222168,0.0,1.4102934745150937,0.0,0.0,0.0,0.0,0.0,10.953013224259664,0.615192634970536,1.4661387323153316,3.682146884691388,0.16172448521913982,0.0,0.20915768472016674,0.0,0.0,0.0,0.0,1.400983262876,0.0,0.0,0.0,0.0,2.950879276947706,0.4642957797151723,0.041764269999210166,0.0,0.0,0.0,0.30714143311088515,0.017791780876279993,0.0,0.0,11.84073904316323,0.0,2.3881586423302736,1.725150552702964,0.0,0.0852668956160316,0.0,0.18315401768811418,0.0,0.014080575077306654,0.0,0.46226411669689854,0.0,0.41244434673987485,0.364868578640751,0.40522724988739023,0.0,0.0,0.0,6.506669074807112,0.0,0.0,0.0,0.0,0.0,0.1909186202072872,0.0,0.0,0.0,0.0,0.5515846410451752,0.6031530045915084,0.5430227513967388,0.0,0.0,0.0,0.5796187671498807,0.06525422581349873,0.03495272612281887,0.0,0.0,0.0,0.0,3.5594515069409747,2.428098717307672,0.0,0.11995060803003937,0.0,5.691437921102922,4.8952683842845754,0.0,0.7027498606304174,4.048482055531569,0.0,3.6590631202687294,4.497696016193352,0.0,0.0,0.4649408404555886,1.776092255942142,0.0,0.0,0.0,0.0,0.0,0.0,1.2923013385837985,5.457015005860907,0.3198815565133416,1.2591956423099373,0.0,0.0,1.1147045458179952,1.0233839107951588,0.11672713840837748,0.0,0.0,0.0,0.1436020316284688,0.0,0.0,0.0,0.6479502216834143,0.022878013234469308,5.006349237027162,0.0
pix5,1,0,2.4101946256954965,1.3969506873442132,0.08891689163661479,2.521852523389015,0.9087841347962009,1.762210428620616,0.5625837410571981,0.0,0.0,0.0,1.3488613333410286,3.2833699181741585,0.7044221183361571,1.5989210890929135,1.8090359883144558,1.1747527142300633,0.0,0.2119791239416078,0.37859142381312505,0.0,0.0,0.0,1.0142842816003852,0.0,0.0,0.0,0.945153863147873,3.8492992960065804,0.44537018867602357,0.06421435077554799,0.824714513432678,0.5601642647959325,0.0,0.39262611182441304,0.031985269053430805,0.0,0.5471837698604798,2.4031285648059026,0.7589238021463387,1.316332742179309,1.6081875187549943,1.3219932744723235,0.10145132387833555,0.0,0.5023374290342559,0.7825808638025922,0.019841432384004973,0.0,0.36328134174193727,0.0,0.22669531379163912,0.26567076869645123,0.3590839492970856,0.0,0.0,0.8996894936889481,1.5381910036206963,0.90911380815571,0.0,0.0,0.0,0.0,0.2613949859216673,0.0,0.0,0.0,0.0,1.4384300683981348,0.6254159774482557,0.615148800178634,0.0,0.0,0.0,0.8227715009867841,0.07253732194887437,0.03749186890533583,0.0,0.0,0.0,0.2888209618057619,2.938705074766027,1.8861343509232584,0.0,0.1197005705668862,0.0,4.195065264544592,1.6568306628520213,0.0,1.0827311510292668,1.6646164821088807,0.7624659763685915,3.7890651277878535,3.8801886745789,0.0,0.0,0.4412448556806114,1.0245910247865657,0.0,0.0,0.20646858498094606,0.0,0.0,0.0,1.002768811885412,4.399103696702742,0.2949093892864986,1.3155800930038581,0.0,0.0,1.0007084910491804,0.8949189103843261,0.18063295983982822,0.0891641654888372,0.3733281270882862,0.17640734146064033,0.5575379510934112,0.2699420425921735,0.0,0.0,0.42838063284577227,0.10865010758022597,2.0907444880524935,0.6136464615811681
pix5,2,0,18.37386181636923,0.508016627981059,0.0,1.4045149527774603,0.0,1.404923305095426,0.0,0.0,0.0,0.0,0.0,11.250391073856717,0.6778321547271363,1.4325618074296282,4.010035574888694,0.08750227569847496,0.0,0.21137813498809876,0.0,0.0,0.0,0.0,0.5470014721234799,0.0,0.0,0.0,0.0,2.9294315710432497,0.45613540533460584,0.039164962640575514,0.0,0.0,0.0,0.3181680617830303,0.024698311960081903,0.0,0.0,15.17324922749456,0.0,0.0,1.8783285480999838,0.28788158530462743,0.10147845460169648,0.0,0.1685258533390714,0.0,0.01633762274448969,0.0,0.4374072726390027,0.0,0.3235791733936307,0.11294701992560308,0.4228952330966067,0.0,0.0,0.0,6.586430571806124,0.0,0.0,0.0,0.0,0.0,0.22810095337512193,0.0,0.0,0.0,0.0,0.7489688116901275,0.6161292965034207,0.5684429583568155,0.0,0.0,0.0,0.6032969535627116,0.06659403600698305,0.0348230121397496,0.0,0.0,0.0,0.0,3.4524664275866357,2.383025276220776,0.0,0.11240349840764659,0.0,6.098367473432569,5.220316300643586,0.0,0.6734861199165203,3.976606600856291,0.0,3.7049129626405843,4.657434865723889,0.0,0.0,0.4934906479291071,1.7921577841641358,0.0,0.0,0.0,0.0,0.0,0.0,1.2026036715412918,5.235078911988105,0.3452044774111903,1.250317172483364,0.0,0.0,1.085066752421494,0.9883158757597484,0.13676285678472846,0.04311769981625009,0.0,0.0,0.24517801234845157,0.0,0.0,0.0,0.6835198636732961,0.030744508275120628,4.9957994080678905,0.0
pix7,1,0,2.399436753259004,1.3855491130532842,0.10637733424023052,2.5003444373458397,0.9037504064113406,1.7514363181119657,0.5797113631337829,0.0,0.0,0.0,1.3527380257627866,3.2704262221920106,0.742123705246262,1.5629864025143643,1.7571501751884993,1.142303136886396,0.0,0.20419021142562374,0.39485866911844514,0.0,0.0,0.0,0.9763780262458412,0.0,0.0,0.0,0.9981794893621397,3.8982607779365566,0.44488288242193214,0.0701685073017865,0.8110716528293295,0.5097662775596715,0.0,0.4018732187789027,0.03402475405825383,0.0,0.5653364866345496,2.3376779905960214,0.7856393235427055,1.3131488670239815,1.5982968588089534,1.478142348897796,0.10599347868173577,0.013662799766146334,0.5037824982967897,0.7606800471154019,0.02252810136034128,0.0,0.35135305166815206,0.0,0.21060660024874478,0.2014776031345009,0.36314322583157244,0.0,0.0,0.9026498353256082,1.5501845199068371,0.9124754722982349,0.0,0.015543027895602099,0.0,0.0,0.2564522915196511,0.0,0.0,0.0,0.0,1.5247474416679423,0.6385737027876326,0.6346771218615421,0.0,0.0,0.0,0.8722506281516799,0.0746217101648093,0.038377290419326845,0.0,0.0,0.0,0.22242996126319986,2.797843281205396,1.7908199652916041,0.0,0.11912930677411095,0.0,4.31928471562326,1.6721762841804138,0.0,1.0879559784868271,1.6433881010589755,0.7597075084440182,3.9340844747869377,3.921500151480533,0.0,0.0,0.44452514052158254,1.054065183606715,0.0,0.0,0.2536829385293493,0.0,0.0,0.0,0.9380878334026366,4.309067488723566,0.26705831220344095,1.1768293354151123,0.0,0.0,0.989864435270576,0.8778626421373864,0.19678878811704337,0.10943030841963305,0.3594470150089933,0.16269549189171076,0.5543275517991163,0.2744406245568602,0.0,0.0,0.4547402833025533,0.12064984955201011,2.0912523667518688,0.6347309005246643
pix7,2,0,18.279585212836423,0.12472336045126282,0.0,1.4068978678836805,0.0,1.4037378233194586,0.0,0.0,0.0,0.0,0.0,11.380647699958832,0.7244700218028765,1.3836697515852288,4.1673507731737365,0.004000471888160515,0.0,0.2020874230878689,0.0,0.0,0.0,0.0,0.10481124652980499,0.0,0.0,0.0,0.0,2.9633475347155387,0.4544392733474148,0.046672818451912526,0.0,0.0,0.0,0.32036523023289404,0.023710438581296032,0.0,0.0,14.637200132931662,0.0,0.0,1.8502392561247365,0.8839092706214509,0.08101756329083953,0.0,0.19615304870062827,0.0,0.018849721004090363,0.0,0.42025493887645654,0.0,0.28562053936639276,0.012836716096697218,0.423727828488628,0.0,0.0,0.0,6.705067534362955,0.0,0.0,0.016588086298545874,0.0,0.0,0.20560949996240424,0.0,0.0,0.0,0.0,1.0045064201674974,0.6373328943063806,0.5990291922318183,0.0,0.0,0.0,0.6379404540833228,0.06899397121806901,0.03632606307567808,0.0,0.0,0.0,0.0,3.3068216618897,2.2620126073115636,0.0,0.11220097466650812,0.0,7.026302129205517,5.347724966179995,0.0,0.6669729702530892,3.5518384111046917,0.0,3.883104063874694,5.088168307248761,0.0,0.0,0.5445938954961747,1.840430058090794,0.0,0.0,0.0,0.0,0.0,0.0,1.0860553839526517,4.870799089215796,0.32098371151889227,1.157999420589952,0.0,0.0,1.0660804359582254,0.9600568724792466,0.16388207244712405,0.07671243970149033,0.0,0.0,0.23092933684021683,0.0,0.0,0.0,0.7261330130993892,0.042731986032377864,5.0010782184994715,0.0
thermal100,1,0,2.446469123632865,1.426101343012516,0.28799432561429494,2.497070201455915,0.9666555566196721,1.7957495761507893,0.4337739215004528,0.0,0.0,0.0,1.4079624010582057,3.3495431459683633,0.72852901844006,1.6489152852468216,1.7377634964755375,1.203256346989557,0.009762511979173655,0.21090038281978937,0.6701902538801661,0.0,0.0,0.0,1.3763680691492097,0.0,0.0,0.0,0.805299817047761,3.8003730671443345,0.4326385715077954,0.05436635056707604,0.7536082377227854,0.5789452899852131,0.0,0.3684479496700428,0.020918020192581127,0.0,0.8866109649499128,3.333522478729289,1.2449981923161284,1.8730778964873789,1.6085821734663805,1.7033922705082478,0.0,0.0,0.5672667901596921,1.5048160554564955,0.0,0.0,0.3616537226056134,0.0,0.29652610025674614,0.1801204538986311,0.35686840520579055,0.0,0.0,0.8964936854919293,1.5244245323724925,0.9382466101650291,0.0,0.0,0.0,0.0,0.2563513239473997,0.0,0.0,0.0,0.0,1.3365657920818015,0.6234836241239772,0.5727295160464938,0.0,0.0,0.0,0.7866062592523708,0.06639106922344647,0.03593309202707777,0.0,0.0,0.0,0.2690196083581461,3.2553413112877725,2.0285943641413255,0.0,0.10857015356580553,0.0,4.0448962586463315,1.5813219839313621,0.0,1.0719591139936406,1.7398068055848923,0.7639573650989271,3.1537815143264107,3.941002844683014,0.0,0.0,0.40893659577126173,0.966963117080158,0.0,0.0,0.010312112276336478,0.0,0.0,0.0,1.37251310041874,4.57058728651184,0.33267168981823314,1.3251508213195997,0.0,0.0,1.0447077866358885,0.9668771725311798,0.14250193493293697,0.01883866280023702,0.4084641198035206,0.2426973005345118,0.4399774874258271,0.15315613767314615,0.0,0.0,0.4305567777723563,0.07705324079487395,2.1697464393698507,0.6584441130184772
thermal100,2,0,18.990665667385695,2.033237681212286,0.0,1.4957550761634142,0.0,1.4494121204264432,0.0,0.0,0.0,0.0,0.0,10.885050951283219,0.6343717703837122,1.43531403964737,1.6370766819168554,0.18559389261143186,0.0,0.2250849878780696,0.0,0.0,0.0,0.0,8.00444561723829,0.0,0.0,0.0,0.0,2.939750306805795,0.460535487959389,0.016509490182217135,0.0,0.0,0.0,0.30041813848810883,0.0,0.0,0.0,12.493095423124917,0.0,9.172879894422959,1.6971750159747674,0.0,0.0,0.0,0.24667409677193639,1.5844259448152966,0.0,0.0,0.42143520867344914,0.0,0.40627052169772154,0.42260566211913486,0.39809294017494384,0.0,0.0,0.0,6.536802028060542,0.0,0.0,0.0,0.0,0.0,0.19870992930437492,0.0,0.0,0.0,0.0,0.841955289816473,0.5938063237901583,0.4521452053705823,0.0,0.0,0.0,0.5801846447065083,0.06279607063403023,0.038690717100398585,0.0,0.0,0.0,0.0,3.682696185372271,2.427390749898783,0.0,0.11335061950452319,0.0,4.193042151796963,4.304221843811356,0.0,0.775014392812999,4.962904991675556,0.0,2.755791585960742,5.411575194669796,0.0,0.0,0.2397132832286999,1.752075356804557,0.0,0.0,0.0,0.0,0.0,0.0,1.833776977062059,5.345111072414741,0.3655058633812033,0.7254237124243387,0.0,0.0,1.088972182440923,1.015943219893686,0.16500215318095027,0.0,0.0,0.0,0.0,0.0,0.0,0.0,0.7579901097169881,0.0,5.251110513702715,0.0
thermal25,1,0,2.3051629625798364,1.4032570416205885,0.3750494154523509,2.6518876515084586,0.960911273139168,1.6244264113272526,0.533879739090878,0.17145393241922358,0.0,0.14668948271450563,1.4206435475668149,2.5904529688949562,0.7804245884546982,1.743162506504563,1.6963645236221516,1.2204534790206278,0.0069897813327840395,0.06093743545093177,0.7762354640161814,0.0,0.0,0.0,1.2945173663827418,0.6276895653843265,0.0,0.0,1.1628414123189261,3.023992343293421,0.4242815058986121,0.09996924831140855,0.7472642434339964,0.6637810168431495,0.0,0.4055309058406792,0.02188049189225142,0.0,0.8326097934180827,3.393326845055836,1.1524732957168156,1.8259441042535915,1.5499521150385587,2.496308913922743,0.0,0.0,0.5509180754537519,1.4504560747314654,0.0,0.0,0.3599542122103493,0.0,0.14845597017430262,0.07621114938480403,0.3561419197573222,0.0,0.0,0.9748661136979438,1.2589217249342082,1.1262567376189534,0.0,0.0,0.0,0.0,0.24775363226022296,0.0,0.0,0.0,0.0,1.5504220169378282,0.6087405339745385,0.5793196105722838,0.0,0.0,0.0,0.8912225740957266,0.06453330033073969,0.031969920146770865,0.0,0.0,0.0,0.28269826824181943,3.2583985575445498,1.8064922580836094,0.0,0.12061584030225336,0.022412997242590278,3.5177734273544896,1.491435905912807,0.2527471455338226,0.9845857152368767,1.5555048642972404,0.7699285744739861,2.6055987635502804,3.9263343905991355,0.0,0.0,0.3831588578087093,0.9070112919862605,0.0,0.0,0.36410250867716354,0.0,0.0,0.0,1.1556730491944363,4.224216730553679,0.22402475765711044,1.4811613656470497,0.0,0.0,0.5782454573260949,0.9862590472444188,0.0,0.0,1.0652738090151903,0.0,0.4275421422536162,0.39606361966669257,0.315584711072183,0.0,0.27009981190422355,0.08996966824736147,1.6492594795168536,0.8238452071302359
thermal25,2,0,14.75924416028922,4.30643311899073,0.0,2.656151380691204,0.0,1.2105144977131292,0.0,0.0,0.0,0.0,0.0,8.070937585502525,0.7953077003158027,1.7406939275860753,2.146153612186876,0.7843407812010642,0.0,0.031169315610483528,0.0,0.0,0.0,0.0,7.1635322879236005,0.0,0.0,0.0,0.0,2.39266666558302,0.4325493833007135,0.09944893871559292,0.0,0.0,0.0,0.28236764853653906,0.04463620970932022,0.0,0.0,17.30558517750199,0.0,7.221991609487492,1.6477851949876194,0.0,0.11031636559291395,0.0,0.22490692833700224,0.0,0.009555326627257948,0.0,0.46452447382703027,0.0,0.14623400655462032,0.07523182969820778,0.43582718241946217,0.0,0.0,0.0,5.430416716206643,1.745164020395253,0.0,0.0,0.0,0.0,0.21195413511278502,0.0,0.0,0.0,0.0,1.8567656854739694,0.5914200256405944,0.6283231564977388,0.0,0.0,0.0,0.636928996579058,0.05845388464048563,0.03639523000318245,0.0,0.0,0.0,0.0,3.7220285021890027,1.8259203677005207,0.0,0.12358986583448638,0.024139589564458632,8.494073018043743,3.7291719971431574,0.0,0.6757028889699545,4.098211890760852,0.0,2.7425124997915296,6.623022800683655,0.0,0.0,0.6300333174881195,1.465643654363398,0.0,0.0,0.09725248312586783,0.0,0.0,0.0,1.2156183675882062,3.88253769440581,0.2339518965169007,1.4290768932599025,0.0,0.0,0.8891902918056106,1.0364314903260896,0.0,0.0,3.528595496055667,0.0,0.0,0.1831961914660223,0.0,0.0,0.3791005456935923,0.042142516994626504,3.070485151458854,0.0
thermal50,1,0,2.4454900734988185,1.4256549159503544,0.28897463466125656,2.4930406396094007,0.9633060532273938,1.7950772908829922,0.43401405990672215,0.0,0.0,0.0,1.406452188827924,3.342203456240287,0.7630070454717686,1.6548310982552448,1.7430408494708733,1.2014131058304867,0.010051824834411409,0.20784213161315584,0.6727395871500232,0.0,0.0,0.0,1.364653097173561,0.0,0.0,0.0,0.8079065551641618,3.8020100030156008,0.42437517496526056,0.05594672914631744,0.750208298080256,0.580796936712786,0.0,0.3664167338177717,0.016155681438257376,0.0,0.8994886388807111,3.5069962598388913,1.2781659393138989,1.9087817820930797,1.6386549583861343,2.110145485377928,0.0,0.0,0.5459395427798545,1.5033122815227735,0.0,0.0,0.35974062145467733,0.0,0.25708675789473695,0.13492255590013832,0.3544191813465662,0.0,0.0,0.8978587764564903,1.5232316065077296,0.9310340038450179,0.0,0.0,0.0,0.0,0.2524216533185554,0.0,0.0,0.0,0.0,1.323148293131626,0.623197735762767,0.5756768144857601,0.0,0.0,0.0,0.7800505928446015,0.06636136168736685,0.035746573222449465,0.0,0.0,0.0,0.2534362453451627,3.258969891062168,2.0331917228799656,0.0,0.10921112697420245,0.0,4.047797072714739,1.5908107530788285,0.0,1.066503040973957,1.7308808663804802,0.7687219842333628,3.2256348004311066,3.884567291134882,0.0,0.0,0.41281155034984607,0.9642542388944659,0.0,0.0,0.02948661346437688,0.0,0.0,0.0,1.3354815111547964,4.554143626780122,0.3258943251138532,1.4154140645437927,0.0,0.0,1.050082716053467,0.9688295333830454,0.13568629567680268,0.014165823927500964,0.40840618952761615,0.2446293758244751,0.44460458123050894,0.16811413489565796,0.0,0.0,0.4206203342753545,0.07948363404278752,2.1610658693736156,0.6575961203094975
thermal50,2,0,18.992577969347742,2.0847233884452967,0.0,1.4806478898442976,0.0,1.444275805997708,0.0,0.0,0.0,0.0,0.0,10.746269379795987,0.8082054734143694,1.4605755902901303,1.7411895440003626,0.1788991266814479,0.0,0.2147930841881215,0.0,0.0,0.0,0.0,7.911330711106688,0.0,0.0,0.0,0.0,2.9707196520111094,0.4197133665093318,0.027026241195658163,0.0,0.0,0.0,0.2997159221840564,0.008959934778855707,0.0,0.0,18.340429758906627,0.0,9.101909485352547,1.6858476057309604,0.0,0.05576170391855838,0.0,0.041927376829759784,0.4370546835700467,0.004018352545721803,0.0,0.44607771177078304,0.0,0.31560624472757226,0.23206338719091701,0.41432766050891545,0.0,0.0,0.0,6.461683941564645,0.0,0.0,0.0,0.0,0.0,0.23071408654152364,0.0,0.0,0.0,0.0,0.6597906705785584,0.6066311100517443,0.47969599572255656,0.0,0.0,0.0,0.5796197963473744,0.06054134351392673,0.03785221998922676,0.0,0.0,0.0,0.0,3.761501231412908,2.4328370981852894,0.0,0.10076621505334758,0.0,4.527676858655935,4.5660691419891,0.0,0.7313130369531852,4.7263931496558955,0.0,2.9752792387991724,4.878453638913498,0.0,0.0,0.2931242888147793,1.7417560303136037,0.0,0.0,0.0,0.0,0.0,0.0,1.70594016955891,5.460383236657032,0.3506848781635638,1.0273642669740817,0.0,0.0,1.1209163856538062,1.0172019123359608,0.13004531399171496,0.0,0.0,0.0,0.0,0.0,0.0,0.0,0.7115790002945871,0.0,5.216624917695068,0.0
deg1,1,1,1.246557276022262,1.0851558751371797,0.7880555168293552,1.5043188158273944,0.9713950843118813,1.7866158207129978,0.9236248459463108,0.8220598742194294,0.7561812150118287,0.8446207954021019,1.096218533050651,1.5595218556585575,0.7345985252577149,1.274781998907414,1.047053971084352,1.1354819554435234,0.0022069057943541128,0.20537239883342304,0.9282843968815568,0.4733633755742308,0.0,0.0,0.9917794156712806,0.8350841978711026,0.08775985258733168,0.0,1.2182235329884266,2.6539480841994916,0.42097319043550374,0.08765113244537527,0.9781933456894834,0.9774555064545876,0.2811494618568221,0.5501563801910764,0.03995813501741687,0.10657674026231236,0.9635062368065609,1.4287623852993525,1.041422512886151,1.1315777734618016,1.7031974595755832,1.4365344183566193,0.5812655129808874,0.7662612649133819,0.7212290749594541,1.013978287383908,0.0965825398999436,0.0,0.4214318219022851,0.06661367069097075,0.0,0.3190626774061507,0.39952365438941206,0.2938059674178706,0.09060294531063955,0.9953268608038077,1.0610291972698316,1.0056274299697483,0.6143358076945388,0.008820657723637389,0.0,0.9342708544437869,0.5704947446787929,0.035097678718077355,0.0,0.0,0.0,1.0597025249904664,0.6432289473782061,0.6002364722521543,0.0,0.0,0.0,1.2071241091946165,0.08129567023780865,0.04316721202445965,0.0,0.0,0.0,1.2937827394278192,2.444713412518785,1.766136472397968,0.07980737835237228,0.12379162965062594,0.0,1.4562781842501271,1.05320920887816,0.3476579423711263,1.1785787329321293,1.1035227440391324,0.970342226899414,2.53673911662409,2.028015879463164,0.0,0.2637064550871567,0.25610695015961576,0.760828860334986,0.0,0.7844518671026476,0.029606691861155887,0.6139715883332829,0.0,0.8884079651805763,1.5384944482481344,2.6714650354985054,0.34886950968524183,2.124372234606707,0.0,0.8511529129888342,0.493010677872585,0.530931238620225,0.3519124532170761,0.1922583348872837,0.9305140469523181,0.8635849940941392,0.8148193449551157,0.7057942698164981,0.29770428396080817,0.17816582010457802,0.5230136136435551,0.1989550782226242,1.1592781099247793,0.9470832058982727
deg1,2,1,15.198358990275755,4.158276137537022,0.0,1.5356094218956051,0.0,1.6214505055113817,0.0,0.0,0.0,0.0,0.0,10.004304077903331,1.4358053299210662,1.4941544523569288,0.8308634927031581,0.26097737245931135,0.0,0.19780085572407655,0.8330256321888382,0.0,0.0,0.0,8.272618276195951,0.0,0.20460279023047473,0.0,0.0,3.11973035939234,0.22340224611219467,0.05556722635215191,0.0,0.0,0.0,0.30895700720285607,0.0,0.0,0.0,86.71576725315649,0.0,9.58930034248503,1.9929935680637492,0.0,0.0,0.0,0.0,0.0,0.018935478459125125,0.0,0.1879289228188704,0.0,0.0,0.16301422563562132,0.3818328086199319,0.0,0.0,0.0,5.722080203265612,0.0,0.0,0.0,0.0,0.0,0.20141619967670935,0.0,0.0,0.0,0.0,0.19870645954998023,0.601611955903279,0.5177484714998043,0.0,0.0,0.0,0.5980563950278109,0.06285854072829329,0.037923873451018685,0.0,0.0,0.0,0.0,3.6714822408970513,2.287006963837255,0.0,0.1122486542310193,0.0,4.278914737841618,5.06655446184207,0.0,0.6429060084049365,4.351262940240117,0.0,2.9883773373185814,3.349569547185128,0.0,0.0,0.2748922942790573,1.7058491157933864,0.0,0.0,0.0,0.0,0.0,0.0,1.7355047998682223,5.922681428731614,0.33875123338405183,1.5959997629316978,0.0,0.0,1.1841844637977121,1.0180426654817256,0.03959947866302689,0.0,0.0,0.0,0.12316800450543475,0.0,0.0,0.0,0.5883273044506541,0.022708325397345176,4.930128663751231,0.0
deg5,1,1,1.2471276675380427,1.0847570229343122,0.7495479242714842,1.5036107337808529,0.959878616582349,1.7791103627239468,0.9297554870072887,0.83117234629605,0.7798848904807301,0.8795104617445852,1.0861832318759912,1.5451641360598474,0.7241835094380145,1.2271098141931454,1.0305742931664998,1.1344522932335084,0.015477540988559043,0.1996938840048611,0.8926925165103218,0.44839335655186074,0.0,0.0,0.9619614066622312,0.8019009387310259,0.029314063789093528,0.0,1.2213431864727948,2.6573752221935765,0.4305122827996924,0.10973727965431612,0.983212347106923,0.9826969161221462,0.31517636921831604,0.6131511626501038,0.05887942518492701,0.0,0.8590314033187232,1.1279929794264862,0.9714289005554089,1.0326032267785736,1.3420567669048442,0.9386746801506741,0.6133270324241478,0.7861668868415839,0.6778577769085401,0.8550917183271463,0.1060849425693538,0.0,0.40377101711363284,0.08855450579012397,0.24338811009396077,0.3888131536765215,0.4115406328634837,0.2734865405228853,0.12125948363569292,0.9954344453802126,1.0646141444306088,1.0081066332337347,0.69423374234348,0.21929992692746914,0.0,0.9522063652807401,0.5695350527869544,0.08875140293037023,0.0,0.0,0.0,1.0848980776654331,0.5836922376529157,0.5974560695768316,0.0,0.0,0.0,1.2977433128147018,0.08700338999617402,0.04558260869823272,0.06287768966410717,0.0,0.0,1.2585065786385599,2.1413980620182245,1.5703266436811079,0.12013608034210074,0.11105182105061973,0.0,1.454719381914491,1.0739930978211674,0.5936888015751461,1.2094968882508337,1.1016416451973654,0.9706452132163733,2.719182139370012,1.9899270917128271,0.0,0.3183027831566967,0.25186150799326745,0.7851215441647451,0.0,0.8016588970902154,0.0690858562211618,0.6845792871851664,0.0,0.9068964447249961,1.31412949547288,2.4610876776453137,0.32626641816927854,1.8010312922421623,0.0,0.8980120316618132,0.4790778401505052,0.487925001563979,0.36283477710968925,0.22330910614272173,0.9192988350795104,0.8393663152732185,0.8378627117151619,0.7471521181763073,0.3109550115649317,0.20059544804354842,0.5115017784939525,0.21447506026384716,1.1446408865742206,0.9366033807083806
deg5,2,1,13.83222696247209,2.767123892966141,0.0,1.7473727436789739,0.0,1.5555964585676194,0.0,0.0,0.0,0.0,0.0,10.39634477746791,0.7019322485898497,1.422556650800233,3.5658414756007963,0.243833901293242,0.0,0.19614191631890124,0.0,0.0,0.0,0.0,1.2567710103141838,0.0,0.0,0.0,0.0,3.080970308291347,0.45260796932368486,0.061219095326207805,0.0,0.0,0.0,0.34507929041178204,0.028199191858264066,0.0,0.0,10.145281921139464,0.0,1.855679529442638,1.743616141732758,0.0,0.07726274452288812,0.0,0.31259109995236717,0.0,0.017554277350643785,0.0,0.4464048923583606,0.0,0.4408750980565424,0.3277742533073534,0.40959217090648437,0.0,0.0,0.0,5.85768722667021,0.0,0.0,0.009345845716611597,0.0,0.0,0.2517173808103098,0.0,0.0,0.0,0.0,0.8152832547206926,0.6062892734848905,0.5802037341004443,0.0,0.0,0.0,0.6425257712768921,0.06903881774354971,0.03522764475007626,0.0,0.0,0.0,0.0,3.3488614036148374,2.3363040557329287,0.0,0.11293131225004491,0.0,6.249842605570535,4.890971049040087,0.0,0.713513324743743,3.597231290087504,0.0,3.8048035813959498,4.760574298731067,0.0,0.0,0.5161224128909111,1.8254236188264856,0.0,0.0,0.0,0.0,0.0,0.0,1.1539219078961638,5.149551175350408,0.33457271458128435,1.1264315981563817,0.0,0.0,1.1099698653533043,0.9831248467691025,0.09958436122534046,0.05172218159663306,0.0,0.0,0.31638702319145245,0.0,0.0,0.0,0.6447675617802331,0.041354553625825304,4.751106401407159,0.0
interval2200-2400,1,1,0.9999999999999999,1.0,0.9714348928774863,0.9889701904957998,0.9947589397184322,0.9796052440019344,0.996770321137502,0.9933647508622977,0.9770154211918066,0.9632747479091497,0.992618125514589,0.9905566375150265,0.7129430947483653,0.7061671238090316,0.9855094489129594,0.9779736226249971,0.5039949916476734,0.0,0.9818902480653038,0.972815661024238,0.3030100511175734,0.10622609570688678,0.9917620672081269,0.9890422078029005,0.6900671032793639,0.5535324326559794,0.9780262433178887,0.9674963606941492,0.18036315751614568,0.0877612266061669,1.0,0.9999999999999999,0.9999999999999999,1.0,0.9998942303726026,1.0044042436212661,0.9756143293525688,0.999751185353825,0.9878319277696874,0.998622372081543,1.0331862365002245,0.9933278894394787,1.0,0.9999999999999999,0.9790010500626858,1.0005496788287747,0.9999999999999999,0.9999999999999999,1.0918370357488227,1.000068060889789,0.26336307285653193,0.336198177544629,1.0,0.9999999999999999,1.0,1.0,1.0,1.0,1.0338335719428253,0.9282378314908526,0.8424773519941633,1.0305975543983446,0.8650672338061393,0.6520650406490749,1.0531888882331069,0.6416216036539323,0.47228041232091994,1.0416087911315037,0.7383331324387769,0.620583587731268,1.0815221558475974,0.8411119601463184,0.7812458620604472,1.0991813488167528,0.05400509648200186,0.0,1.0553305722091304,0.8591954805251942,0.7737872997590984,1.0935739086784597,0.8374977823672393,0.7878624462305983,1.355750860859741,0.24177189341141309,0.07358963929058968,0.9943483953746222,1.00448812265366,0.9241877234960106,1.2517298675388386,0.9999999999999999,1.0,0.8812804113700343,1.1638336482196239,0.5634333236791468,1.173703041528168,0.9999999999999999,1.0,0.9773584736913475,1.0432147533754128,0.9487767841340464,1.034281580234322,0.9486167688177585,1.0381015879870268,0.7541697571979725,1.3662021873825831,0.28950698942921155,1.170398855137544,0.9595242571257169,1.0435872409937865,0.50473294925476,0.3822068341267088,0.49223675852790466,0.3501483777440288,0.9999999999999999,1.0,0.8841785281448874,0.8506981802747068,0.4682241800472629,0.3366656571272875,0.4658973738582874,0.41565870398711463,0.9999999999999999,0.930201267584086
interval2200-2400,2,1,0.9999999999999999,0.9999999999999999,1.0396473315334194,0.7910247077798617,0.9727343504192943,0.887093716711682,0.8543542498276465,0.38878153945878974,0.7372724936197032,0.735369423351774,0.91853859115074,1.3280951164265389,0.0,1.7470424650934178,1.0251232939422261,1.0313890138059307,0.48132229200172183,0.0,0.6268099510556789,0.6428076998277914,0.0,0.0,0.9771995931327261,1.5229244157930888,0.0,0.0,0.7498795064455476,0.9203689442510534,0.0,0.2695245394939459,1.0000000000000002,1.0000000000000002,1.0000000000000002,1.0000000000000002,0.9722318672014957,4.974585829514482,0.14949250979832485,2.8477826337853105,0.22861037582585714,1.0416157468174922,1.718663158940655,4.405248763179029,1.0,0.9999999999999999,0.40206308357783116,0.5039540004846503,1.0,1.0,4.792822176726515,0.0,0.33036427065734286,0.11576467356947272,1.0,0.9999999999999999,1.0,1.0,1.0000000000000002,1.0,0.5338928544342246,1.4003489937644933,0.0,0.9307244021462551,0.9116533039640149,0.0,0.0,0.5078572778883139,0.0,0.7104912752907916,0.0,0.0,0.496485921349817,0.08879767803623777,0.24917403132885332,0.0,0.09633166201976978,0.020309532523275747,0.0,0.8706964647480091,0.0,2.1550361085720784,2.32445837383783,4.1447086812213785,4.443054220051578,0.0,0.0,1.0390764116670415,1.8391704045201716,1.3779505840443254,1.2350080023458598,1.0,1.0,0.0,2.9621453767856014,0.10927199373789281,0.0,0.9999999999999999,1.0,2.169972731119823,1.5813648485186111,1.3227395321165532,1.0578018078773261,2.2236748374102517,0.8768230227349701,0.9849995488404857,3.3296950755531802,0.12708080133769523,0.0,1.8366307400463537,2.1547267971390784,0.6378199601402732,0.5080182874092091,0.0,0.0,1.0,1.0,0.0,0.0,0.46043441443377614,0.38514765101176623,0.0,0.0,0.9999999999999999,0.6262641984134469
interval5500-6200,1,1,1.0639178283521278,1.0261350531750315,0.9999999999999999,1.0917138172333487,1.0,1.3963352440579584,0.9994921206865502,1.0578734346654999,1.0311839279847472,1.5542924094288664,1.0428135328936057,1.263549520027205,0.9960613427408551,0.8556885092160752,1.0464735108732426,1.294264304653464,0.9339739546693083,0.5789575865797165,1.0,0.9999999999999999,1.0,0.9999999999999999,1.0000000000000002,1.0,0.9999999999999999,1.0,1.1377323011493925,1.991013549434693,0.5284881255448112,0.10015436045319519,1.0,1.0,0.9999999999999999,0.9999999999999999,0.11025513509364017,0.3143306031218204,1.0,1.0,0.9999999999999999,1.0,0.9094239596136234,0.947834127971694,0.8025694113555218,0.8784941619838214,0.8005094978396508,0.8596751708538775,0.138372952279524,0.36053109915376963,0.2853649630954626,0.490692680647724,0.5097523471393883,0.7650907059049289,0.489759855293489,0.5919844560882027,0.72057902575699,0.9999999999999999,1.0,1.0,0.9431945048633729,0.6087066203910696,0.4814666950663421,0.9451845069227558,0.7023970072985775,0.5635660642095117,0.6519908072276086,0.04758528746982811,0.0,0.8796633622324987,0.5589524355661137,0.40681074925321437,0.6901323619955745,0.024820824647482486,0.0,0.7405634889307774,0.0017767912150770957,0.0,0.9999999999999999,1.0,1.0,0.9701018830372544,0.9613351929269035,0.9606706066339353,0.4801013990714295,0.07963022424055702,0.0,1.0177062494656262,1.0115905532178742,0.8027751452890445,1.0232085473269932,1.0074764844336752,0.9943996010332474,0.8546874473205548,0.9057971021200374,0.11521040801101606,0.6871135855692597,0.16785480621097632,0.6447832328335946,0.42802137508522686,0.8467786012842575,0.3366857403403938,0.8074286682252236,0.6863472412919893,0.9122454609576303,0.6000947606821828,0.7381551318238503,0.413015565177329,0.7863899005914384,0.7859982455647417,0.9230379469295777,0.4097472688544902,0.3297361524474415,0.4064474855260732,0.2273825165530312,0.8860402963488151,0.8225421731992021,0.9371638707482879,0.894842239319144,0.4267864635299745,0.3535966721983498,1.096863356348621,0.3927661491940853,0.9256870737774441,0.9546013880886697
interval5500-6200,2,1,6.980527350306904,1.8853290950401826,0.9999999999999999,8.693249665564217,0.9999999999999999,0.4784600554955945,0.0,0.0,0.0,0.0,2.4300979403287943,7.757846997027827,3.591553487863981,1.3339276704791294,2.00440253520454,8.826920525733584,0.5231800579371791,0.0,1.0,0.9999999999999999,1.0,1.0,1.0,1.0000000000000002,1.0000000000000002,0.9999999999999999,0.5145281764415905,3.362315920492358,0.06495313522697445,0.06161361327969015,1.0000000000000002,0.9999999999999999,0.9999999999999999,1.0,0.014886948381762471,0.3672212767530687,1.0,1.0,1.0,0.9999999999999999,0.26005499777813745,2.1712404072859184,0.0,0.0,0.14076859626270521,0.0,0.0,0.0,0.047609449603059864,0.0,0.0,0.6478485030763199,0.37328813368453034,0.0,0.0,1.0000000000000002,1.0,1.0000000000000002,0.6020861660142972,0.09866210121578903,0.0,2.223704389938938,0.268017774932349,0.0,0.0,0.06308475036366104,0.00583281668376185,1.5253519852425823,0.6355296324802224,0.21046437131306706,0.4810277929761214,0.0,0.0,0.0,0.013395238856680345,0.0,1.0,1.0,1.0,0.0,1.4754174448139104,2.334040947579045,0.0,0.18429973390728,0.2490507831825751,2.495296782645716,0.0,3.197832244291942,1.241412089796095,3.5539794839466414,0.0,1.4064307851421343,1.0890809989509869,0.0,0.0,0.2329009355607392,0.6557097166423818,0.24710391856319133,0.0,0.0,0.9150248761571269,0.0,0.36174831599226803,0.0,1.683701198478352,0.00566029915862175,0.0,0.19560392391760534,4.914396611612279,0.0,0.0,0.0,0.0,0.0,0.0,2.4378885596723823,0.8766708001087334,0.9350704140804171,0.9119791543632616,1.6457568200745059,0.22710769116219512,1.127314085394376,0.043501996508778486
interval775-1000,1,1,1.0,1.0,1.0,1.0,1.0,1.0,1.0,1.0,1.0,1.0,1.0,1.0,1.0,1.0,1.0,1.0,1.0,1.0,1.0,1.0,1.0,1.0,1.0,1.0,1.0,1.0,1.0,1.0,1.0,1.0,1.0,1.0,1.0,1.0,1.0,1.0,1.0,1.0,1.0,1.0,1.0,1.0,1.0,1.0,1.0,1.0,1.0,1.0,1.0,1.0,1.0,1.0,1.0,1.0,1.0,1.0,1.0,1.0,1.0,1.0,1.0,1.0,1.0,1.0,1.0,1.0,1.0,1.0,1.0,1.0,1.0,1.0,1.0,1.0,1.0,1.0,1.0,1.0,1.0,1.0,1.0,1.0,1.0,1.0,1.0,1.0,1.0,1.0,1.0,1.0,1.0,1.0,1.0,1.0,1.0,1.0,1.0,1.0,1.0,1.0,1.0,1.0,1.0,1.0,1.0,1.0,1.0,1.0,1.0,1.0,1.0,1.0,1.0,1.0,1.0,1.0,1.0,1.0,1.0,1.0,1.0,1.0,1.0
interval775-1000,2,1,1.0,1.0,1.0,1.0,1.0,1.0,1.0,1.0,1.0,1.0,1.0,1.0,1.0,1.0,1.0,1.0,1.0,1.0,1.0,1.0,1.0,1.0,1.0,1.0,1.0,1.0,1.0,1.0,1.0,1.0,1.0,1.0,1.0,1.0,1.0,1.0,1.0,1.0,1.0,1.0,1.0,1.0,1.0,1.0,1.0,1.0,1.0,1.0,1.0,1.0,1.0,1.0,1.0,1.0,1.0,1.0,1.0,1.0,1.0,1.0,1.0,1.0,1.0,1.0,1.0,1.0,1.0,1.0,1.0,1.0,1.0,1.0,1.0,1.0,1.0,1.0,1.0,1.0,1.0,1.0,1.0,1.0,1.0,1.0,1.0,1.0,1.0,1.0,1.0,1.0,1.0,1.0,1.0,1.0,1.0,1.0,1.0,1.0,1.0,1.0,1.0,1.0,1.0,1.0,1.0,1.0,1.0,1.0,1.0,1.0,1.0,1.0,1.0,1.0,1.0,1.0,1.0,1.0,1.0,1.0,1.0,1.0,1.0
nomask,1,1,1.2451774265065547,1.0845169740183707,0.8497316241592808,1.5069567810557123,0.9856676120074185,1.7920012979258497,0.9191717784288178,0.8180830133283513,0.739918887505376,0.8325491192990868,1.1113189021249685,1.567071803520701,0.7808874113052742,1.2784492735792035,1.0655335530430468,1.1328683884498465,0.0,0.19874734225911103,0.980663292620428,0.49541737968355276,0.0,0.0,1.03685271834385,0.8633938415554957,0.24624410341435543,0.0,1.2238285772603934,2.6521533699998088,0.40415782477596607,0.0901902306105655,0.9733026232743649,0.9705662455681754,0.2094400277739018,0.5452460105271381,0.045735385765185245,0.18589654850926698,1.2690211495613335,1.739573830727351,1.1965946439674702,1.2382848650722684,1.936256617377093,1.933473254535154,0.5562928582658645,0.7424808332778169,0.8377920031859379,1.2022640217887413,0.08764146846572991,0.0,0.4169432484594897,0.08208259058833416,0.0,0.017606258844792343,0.407615910603049,0.2874522424252527,0.08507201646467831,0.9951613614904429,1.060621731339858,1.0055976510544202,0.6077057640507892,0.0,0.0,0.9376470858545234,0.5962423267347942,0.02763185492004858,0.0,0.0,0.0,1.0616288297673524,0.6591383134551573,0.6041278379236372,0.0,0.0,0.0,1.2022688195405755,0.07955143429402248,0.04212778747400282,0.0,0.0,0.0,1.2906909966191948,2.505410651877836,1.8126581208162666,0.05465305070562077,0.11414570416914833,0.0,1.4636598558613614,1.0531987369565605,0.24741894815016308,1.1606467193278054,1.1048756055843874,0.9704418223952245,2.4516376469221055,2.0062631724554274,0.0,0.2668243798610544,0.2558423961762281,0.7721097670818997,0.0,0.7838502334783529,0.018666972634009415,0.6047919856046354,0.0,0.8867215097399923,1.6190409829386094,2.675111623798768,0.3672970002706866,2.2334270559294525,0.0,0.8452397620452177,0.4993780880673436,0.5355652598327055,0.34373675877939036,0.1882668474174781,0.931201587602683,0.8637118694646703,0.8073044172652869,0.7043632532444751,0.29826458124134986,0.17693647775207744,0.5162851197812223,0.19638290659212843,1.1579457414550798,0.9437038845899894
nomask,2,1,18.394407299874366,8.241021256011935,0.0,0.919365615243348,0.0,1.4982187735474306,0.0,0.0,0.0,0.0,0.0,10.61694659674093,0.0,1.5154693588775237,0.0,0.0,0.0,0.19743856607335705,0.0,0.0,0.0,0.0,34.25169498268889,0.0,5.889379564313636,0.0,0.0,2.782174747652913,0.0395373822658714,0.08992878538553441,0.0,0.0,0.0,0.31402311561182394,0.0,0.0,0.0,107.77319485296589,0.0,11.25471305614742,0.920913649356852,0.0,0.0,0.0,0.0,34.155561588872814,0.0,0.0,0.0,0.0,0.0,0.01432746333194424,0.3317735704262471,0.0,0.0,0.0,5.6626932905052385,0.0,0.0,0.0,0.0,0.0,0.42612917988425353,0.0,0.0,0.0,0.0,0.0,0.6629904310090659,0.35858937443519834,0.0,0.0,0.0,0.5469875572372781,0.05492023466389309,0.033272644333521846,0.0,0.0,0.0,0.0,3.8663772297823535,2.478774170748719,0.0,0.043657258001636653,0.0,1.93685375036754,6.308791149082495,0.0,0.4575573447023361,5.777413249047319,0.0,1.7345597596600135,1.4097079080819765,0.0,0.0,0.0,1.508907240138093,0.0,0.0,0.0,0.0,0.0,0.0,2.488053478828567,6.948108026668669,0.4058652285861417,1.8800377345215666,0.0,0.0,1.233541608829515,1.0175837118754567,0.0,0.0,0.0,0.0,0.03030371775966754,0.0,0.0,0.0,0.4312819853468482,0.03513618464656251,4.534488655210993,0.0
pix2,1,1,1.2477138605550737,1.0856092361203666,0.7423245169390316,1.5054357286630216,0.9595175810588407,1.7826579310664155,0.9275330563339113,0.8272754409501004,0.7691264018316372,0.8608902398372106,1.0856515442231038,1.550761279344535,0.7026222967189751,1.2548829004312798,1.0306868394179756,1.1294050665695523,0.015765220201238994,0.21257701915456315,0.8899085586748041,0.4427022042866899,0.0,0.0,0.9628153344038477,0.8057022797057979,0.0,0.0,1.2148079004205543,2.655082351835585,0.43032358144384736,0.09149240926800815,0.9827994175003842,0.9858512342434863,0.3216839867880809,0.5665860924695205,0.05800180111676199,0.0,0.8420477615541202,1.1306094572802998,0.9726240015758828,1.0393493698318466,1.3412656122008502,0.9033681703526372,0.6129327251992595,0.7836480020851455,0.6694133241385972,0.8642740529056592,0.10382144410505548,0.0,0.4179663694357247,0.08140266936880013,0.2508264180706738,0.41163467344675997,0.4106487133662729,0.2672797598430003,0.10340186990038516,0.9956472768776604,1.0622160442383697,1.0060610687133105,0.6486782902666132,0.08682327540625037,0.0,0.9354422883210014,0.5531916845840439,0.053528747785529615,0.0,0.0,0.0,1.067874972054891,0.6184374041519042,0.5995927397876208,0.0,0.0,0.0,1.233248994435184,0.08400438110319261,0.044528932860318116,0.013624755141142584,0.0,0.0,1.2838932135080876,2.323860852317764,1.6794202744910613,0.10776398272116744,0.12363257108031737,0.0,1.44731855052658,1.0602911262228294,0.49901652268378,1.198526492934122,1.1013422844826417,0.9706115773892061,2.6794516501927697,2.020002058656453,0.0,0.2770792040956986,0.25625398472933614,0.7694949482020909,0.0,0.7875170993722973,0.05434134678211993,0.6338697721183866,0.0,0.8951952192364209,1.396155683239818,2.5911613377233333,0.32793182389565356,1.9900420497785272,0.0,0.8744007119231814,0.4843405542871281,0.5058197951391049,0.36355138566211825,0.21680291663221782,0.925857044979501,0.8514371693994198,0.8252703674277099,0.7243740669176355,0.2989937284358383,0.18437217206548642,0.5177660135731617,0.20846989315807407,1.1522917180214822,0.9430831243123082
pix2,2,1,13.88307800138144,2.8545663911097825,0.0,1.7313877970041995,0.0,1.5585159198960683,0.0,0.0,0.0,0.0,0.0,10.350951778498013,0.6207735901685775,1.473644110317137,3.551072553453319,0.23849527709943075,0.0,0.20908932253818444,0.0,0.0,0.0,0.0,1.2817052609808282,0.0,0.0,0.0,0.0,3.0739555650243466,0.4636211765225508,0.042548567307403286,0.0,0.0,0.0,0.30830270485141165,0.02060002576773577,0.0,0.0,10.674414300226793,0.0,2.9030437772120234,1.763530371944395,0.0,0.08691299582420997,0.0,0.226850645828386,0.0,0.014389660747673897,0.0,0.46596913413951446,0.0,0.4123484576946676,0.37452194209907425,0.4046504618341026,0.0,0.0,0.0,5.749545844876374,0.0,0.0,0.0,0.0,0.0,0.19266232346573847,0.0,0.0,0.0,0.0,0.5801398561334864,0.6037789523219788,0.5453003033707018,0.0,0.0,0.0,0.5860023217259985,0.06564004006419225,0.03507141417136153,0.0,0.0,0.0,0.0,3.5579478293056988,2.4245959398359336,0.0,0.11899246587805189,0.0,5.614216355317478,4.583812792043789,0.0,0.731454498653355,3.7720065816276835,0.0,3.662632733787891,4.480036535104567,0.0,0.0,0.4643302240595111,1.7663177140146484,0.0,0.0,0.0,0.0,0.0,0.0,1.2952480839607328,5.434943838827496,0.3190018458967558,1.269934602799123,0.0,0.0,1.1076728412746903,1.0233104728271059,0.12363896747875863,0.0,0.0,0.0,0.14786643236207597,0.0,0.0,0.0,0.6391183796749322,0.027373924413679324,4.88525740696041,0.0
pix5,1,1,1.246855851116875,1.0846108076396255,0.7492746729566546,1.5040394030233368,0.9584644798283658,1.7792359813607288,0.9298144010573549,0.8305079749941977,0.779714447061871,0.8778589396480924,1.0881630403255302,1.5540908830786486,0.7243722600599966,1.23691614296652,1.029080302823712,1.1219167494677982,0.015636289468881612,0.21775617695112096,0.8924364239733816,0.44677632007049595,0.0,0.0,0.9591042680629662,0.7933208584607816,0.012564639089357196,0.0,1.2218137562510711,2.658388649197315,0.4303386348226562,0.09115350313660503,0.9801863313789858,0.9750956476017157,0.314943431468989,0.5829979537138671,0.0645449687406067,0.0,0.8831178230063463,1.159714761170775,0.9763249318071243,1.0372395240311982,1.3951357663297244,1.0198587947025342,0.6143810766538003,0.7864246761456088,0.6845584287854939,0.8652361706665279,0.10439916759541992,0.0,0.40688897217812825,0.09481368500560601,0.23219718121552171,0.3005756327466135,0.4156149532658604,0.2852762374297858,0.1143863785751704,0.9958183362449153,1.0637237041197363,1.0074788269564126,0.6709870778720426,0.1667126955716468,0.0,0.9409778761140117,0.553643097598668,0.06489137034752009,0.0,0.0,0.0,1.083394254451122,0.6045682320847385,0.6076585904359884,0.0,0.0,0.0,1.2634319131656089,0.0861036382914247,0.04551378095316139,0.04059356308077224,0.0,0.0,1.2638852013921282,2.2026089276306373,1.6034929351258989,0.10852761109080859,0.11655170507405323,0.0,1.4566233603106375,1.0702902047306047,0.5513987548927192,1.2027544918782802,1.1022428090421361,0.9709412117601635,2.6921521247942284,1.9981112416551898,0.0,0.3028276908527423,0.25710313832051596,0.7769826258077626,0.0,0.799170126732591,0.06399220303359543,0.6625985627861407,0.0,0.9004494052818838,1.333151055821178,2.513170690207103,0.3405918109483901,1.9028749581059698,0.0,0.8907466469439371,0.473289433860294,0.4843231930057022,0.3716858884530647,0.23077259443263665,0.9217311508259055,0.8446422769862808,0.8369448153440097,0.7426721435893209,0.30711451299248854,0.1956404279738173,0.5347890849539408,0.2125386284718672,1.1496519868234194,0.9398564798822076
pix5,2,1,13.765352681817,2.6841611153849074,0.0,1.721196157996241,0.0,1.5512415746531218,0.0,0.0,0.0,0.0,0.0,10.603466679887452,0.6825604731128476,1.4400038695003454,3.7750996443502656,0.17151408914858216,0.0,0.21149391313371205,0.0,0.0,0.0,0.0,0.6892733116247216,0.0,0.0,0.0,0.0,3.060596024813296,0.45483340213451906,0.040082569551282574,0.0,0.0,0.0,0.31951525951234633,0.013867874747286105,0.0,0.0,12.286096462205474,0.0,0.6930391599791199,1.8745515552338943,1.1918821279561682,0.04906425917290826,0.0,0.23148961044880112,0.0,0.015641376722057804,0.0,0.44188334763206666,0.0,0.3229410390177288,0.13110708992740755,0.40704784087502877,0.0,0.0,0.0,5.817414909913168,0.0,0.0,0.0,0.0,0.0,0.22977404451964398,0.0,0.0,0.0,0.0,0.7740428378772196,0.6167967548918466,0.5705025753227309,0.0,0.0,0.0,0.6095128263190613,0.06698639344370871,0.03494361250158969,0.0,0.0,0.0,0.0,3.451158252171475,2.381215820182837,0.0,0.11141958226034497,0.0,6.005930609807685,4.873429121085726,0.0,0.7068614190753857,3.713832364287797,0.0,3.707652273640938,4.632949170172664,0.0,0.0,0.4926379039165075,1.7798373675555967,0.0,0.0,0.0,0.0,0.0,0.0,1.2063199029565026,5.2153863337864035,0.3442537892252266,1.260772351581405,0.0,0.0,1.0774904746666738,0.979791081477352,0.14440770865807773,0.05245085830853971,0.0,0.0,0.2490437014095919,0.0,0.0,0.0,0.6738061267464925,0.03615868367265279,4.866988132951217,0.0
pix7,1,1,1.2454745655139607,1.0830768373940414,0.7592023403193644,1.5005664988208842,0.958296900917012,1.7743869846303,0.9318206824340535,0.8339366096583324,0.791777527186578,0.9004035316262884,1.0892585854250703,1.551670329343386,0.7396744940089147,1.220365767069266,1.024595062465588,1.11008873248734,0.01614690655643469,0.21105424898983594,0.8970152453828503,0.4615954765609255,0.0,0.0,0.9565348059164042,0.7879800621589772,0.029614108698424815,0.0,1.231946540377438,2.670178923576545,0.4337787907444458,0.0946959347675162,0.9776258893945303,0.965539782086248,0.3063553539699131,0.5919073360543728,0.06462563714699518,0.022960654388742018,0.8913827499678088,1.1510889615227733,0.9802283674566209,1.0365606992951475,1.3835450634327022,1.0330450747452307,0.613635969285526,0.7888013515101113,0.6843145475741942,0.8585898196904694,0.10600445758597903,0.0,0.39555699224446744,0.09761012476765683,0.21582502303417692,0.2491979369202703,0.4166145546102989,0.2947798271005497,0.1320828548932251,0.9964641341015607,1.0655108587879245,1.0092548674290456,0.6943702045611572,0.2284236239494833,0.0,0.9441866148448013,0.5420128722021073,0.06640473590421199,0.0,0.0,0.0,1.0945679507234976,0.6028855901890494,0.6169779788254995,0.0,0.0,0.0,1.3073920481713726,0.0876021447344424,0.04631662055622417,0.07463470966635295,0.0,0.0,1.2295404857942325,2.0868173397095657,1.523565747954956,0.11466397261941531,0.1103370013703956,0.0,1.461380549966502,1.07622826086612,0.6533818143114305,1.205142022554478,1.1022468986173188,0.9717446818809609,2.7325368843227467,1.9679002821567937,0.0,0.3272539958003882,0.25431610663495213,0.7880420371657246,0.0,0.8113032994449569,0.06734962191572022,0.6923855856640908,0.0,0.9075916133596899,1.2766636884625469,2.41253626364435,0.3185107613309172,1.788857750492874,0.0,0.9082467674105605,0.46775620821499886,0.47265646456382626,0.3731990121882687,0.2361768358363414,0.9191209590646244,0.8419511195668143,0.8381135782824216,0.7480819081970215,0.31520816465025453,0.20393846262423065,0.5516528695206218,0.2258507702821041,1.1481825117380817,0.9417144362064209
pix7,2,1,13.660271825926792,2.502313899902992,0.0,1.7230359837638334,0.0,1.5468395676711353,0.0,0.0,0.0,0.0,0.0,10.700711273012692,0.7285449303867723,1.39189748749488,3.869707046393047,0.09539315102263632,0.0,0.20213559240210865,0.0,0.0,0.0,0.0,0.4123549737098238,0.0,0.0,0.0,0.0,3.0996611117218706,0.45330626374820476,0.04756452698380218,0.0,0.0,0.0,0.3220967792053681,0.01389907275526544,0.0,0.0,11.55552467930147,0.0,1.3418047006406812,1.8493814214291653,1.740851691545936,0.03335040044592038,0.0,0.254246569183184,0.0,0.018524929440612896,0.0,0.4241079708046425,0.0,0.28495877652223234,0.03455415539138344,0.4084306044369241,0.0,0.0,0.0,5.917527719561535,0.0,0.0,0.014407983520387475,0.0,0.0,0.20764877848629518,0.0,0.0,0.0,0.0,1.0192351463492613,0.6385759483510551,0.6015178893769577,0.0,0.0,0.0,0.6461195971973661,0.0693959384460243,0.036474619169171656,0.0,0.0,0.0,0.0,3.3054771643075713,2.2583720706997346,0.0,0.11129712958095997,0.0,6.89989719651455,4.9844294928967114,0.0,0.7020588994463939,3.349622690507573,0.0,3.885320659305581,5.038142797905773,0.0,0.0,0.5431332276093541,1.8264981971338539,0.0,0.0,0.0,0.0,0.0,0.0,1.0915728249664565,4.863292154916711,0.3198753748901406,1.1684625147789611,0.0,0.0,1.0586600867042684,0.9516294158341393,0.1712070160106571,0.0859366739785973,0.0,0.0,0.23561700410122835,0.0,0.0,0.0,0.7157493662969195,0.0483309271084067,4.870574562961124,0.0
thermal100,1,1,1.2461361750319857,1.0850378283402111,0.8113097650999911,1.5047746513024012,0.9770020794918073,1.7878803315701874,0.9219411358349082,0.8204518587569416,0.7496709250863212,0.8397987473811446,1.1014886030531161,1.562976998823727,0.7267976532249707,1.2675034502618283,1.0551310663255513,1.1352705282463729,0.023403750025654223,0.21290788652056036,0.9465223801548974,0.4827377093037199,0.0,0.0,1.0097239813515382,0.8472929065196656,0.0351235256917549,0.0,1.2194398818614163,2.654142115512766,0.4228655793787854,0.08685457596001309,0.9772626093069721,0.9747507066347028,0.2962353470712025,0.5602521590391318,0.07069573337224992,0.0,1.0942181390743895,1.3615714532801377,1.1134826481926752,1.1310349642795883,1.4690113238868738,1.2373861559280417,0.5989316611327676,0.7658078680490172,0.7914335562533648,1.0455818711915117,0.09457889281599353,0.0,0.4250350493163138,0.10603390123336667,0.30847888360226233,0.18386895022953567,0.4222425209732713,0.2616085744333257,0.09408834558888263,0.9953731887286464,1.0608293051618667,1.0059529452946037,0.6172542479297545,0.0,0.0,0.926508411602724,0.5825661740301682,0.022618705792477073,0.0,0.0,0.0,1.0644412088785036,0.6520932765673598,0.6003776803039235,0.0,0.0,0.0,1.2402893271664512,0.08034948289225978,0.04328173032962648,0.0,0.0,0.0,1.2917419798155543,2.4786654992340966,1.7732215307301664,0.12699536583972681,0.11926244855606696,0.0,1.459871527178602,1.055561724999735,0.29178065477573334,1.1853708118863966,1.1043393864340894,0.9701030259393969,2.4780671343145655,2.0482903724962416,0.0,0.29734633541578,0.2559735073013721,0.7364389723086242,0.0,0.7854864452340146,0.024686967845761135,0.6262171869484879,0.0,0.8904289649088394,1.5854491583971704,2.642440232575458,0.36280675026207976,1.95995147194941,0.0,0.8572295975153408,0.49366500363825017,0.533901022401491,0.3496387605153967,0.1850154516356453,0.9318415387076752,0.8663898986786036,0.8070115044430133,0.691218862067423,0.299557131210988,0.18324386126092493,0.5320036971234192,0.1953437893103874,1.1621210052724538,0.9448753596050337
thermal100,2,1,14.236216118870448,3.274286856348797,0.0,1.799849961766418,0.0,1.6005982135591936,0.0,0.0,0.0,0.0,0.0,10.427765255543731,0.6468877276170433,1.4435087550980117,2.129864279713573,0.23760985817141056,0.0,0.22547654594046604,0.0,0.0,0.0,0.0,6.230745713325775,0.0,0.0,0.0,0.0,3.040287027151823,0.4581856561169104,0.01829952550552158,0.0,0.0,0.0,0.3023458029128153,0.0,0.0,0.0,11.913386334522368,0.0,7.301715513291656,1.7364090294422154,0.0,0.0,0.0,0.25250883915888234,2.0347136627058466,0.0,0.0,0.410064251417071,0.0,0.4073934595711012,0.4232465365710802,0.3974639063096824,0.0,0.0,0.0,5.777965618560626,0.0,0.0,0.0,0.0,0.0,0.20004987136890331,0.0,0.0,0.0,0.0,0.8588367829211551,0.594304055329225,0.4530893914888095,0.0,0.0,0.0,0.5880109659489279,0.06319541266082648,0.038766171176299616,0.0,0.0,0.0,0.0,3.680763840927926,2.4264684446832967,0.0,0.1125158705980981,0.0,4.165151078071059,4.049753221695316,0.0,0.7980565446253608,4.565179685663883,0.0,2.7616206168941027,5.360865118391147,0.0,0.0,0.2401001558137345,1.7383777988287223,0.0,0.0,0.0,0.0,0.0,0.0,1.8337929858811164,5.345557288940209,0.36482535450037473,0.7317738510893971,0.0,0.0,1.084729723126862,1.016035278307656,0.16973451388948013,0.0,0.0,0.0,0.0,0.0,0.0,0.0,0.7493967368796022,0.0,5.14632436975295,0.0
thermal25,1,1,1.2227493885092153,1.0788040198716125,0.8661296371136277,1.5481390686193928,0.9913223419230144,1.639853450946239,0.941353700784674,0.8964345183908128,0.8557563823587276,0.9600592177052923,1.108251662867559,1.3138445541501895,0.7403916529001253,1.2637987257978263,1.0841570043025217,1.0293983535750337,0.014002888904966338,0.07419488867553534,0.9879182341267435,0.7691338947634411,0.0,0.0,1.0187209923997473,0.9488999519823441,0.09154607081456394,0.0,1.277605879720055,1.919336025841182,0.42449782314046686,0.12741674135865125,0.983724140715115,1.0028240517714166,0.2779833288522269,0.7194318887813844,0.07098048259892321,0.08230161311991246,1.1111472823956539,1.39188620901003,1.1101672064617414,1.1326640348141326,1.452581658823967,1.3731843484842055,0.5879232330655185,0.7669115565989846,0.7882748985063636,1.0463307180497465,0.09137698718316915,0.0,0.42092848986558945,0.12111828048628312,0.17319165367554912,0.08173293063431716,0.41842633398459733,0.29952751338436934,0.12353069289403928,1.0022361187939586,1.030494011562902,1.0175018527567545,0.6772216263807673,0.020818168610585667,0.03200755197979103,0.9438980018289467,0.5720515740705316,0.1976691402507666,0.0,0.0,0.0,1.0781005797551608,0.6324030307739936,0.5547341776335821,0.0,0.0,0.0,1.3374889809010826,0.0785180299257457,0.03502295386100599,0.11441569904546763,0.0,0.0,1.2449146631522192,2.4779571897282304,1.5480460697393894,0.15444709148865715,0.13057406912295927,0.006624112706358176,1.2938388503537952,1.0449198708405385,0.7303955180220681,1.0709228785086997,1.0712257514024324,0.9727462206646335,1.8401399943123629,1.9449709320128392,0.0,0.35732164795331534,0.2507887190931226,0.698538220580619,0.0,0.8137898267705428,0.250542236500347,0.645700121643035,0.046277436099645367,0.9050068364038942,1.1815068397039823,2.408187658813979,0.2896854154096298,2.0193661206949365,0.2899477401406269,0.878072882134744,0.4583859288050118,0.47873594128376096,0.3308116191179947,0.17843937017747183,1.0069691764487794,0.7994677026783946,0.8008414540147164,0.7617361936796092,0.420298958957855,0.27604397268999303,0.44469121916610427,0.1939712093805337,1.0886291656848621,0.9598470254635882
thermal25,2,1,11.265036546336251,3.8910990663550984,0.0,2.9051054907671614,0.0,1.3611088742408783,0.0,0.0,0.0,0.0,0.11867159169462918,7.656296763061814,0.8046542711789925,1.7442420287520997,2.558165971640629,0.8296245406725756,0.0,0.03126699022108211,0.0,0.0,0.0,0.0,5.565016957888016,0.0,0.0,0.0,0.0,2.481528631761158,0.4303646556542452,0.10082966630583692,0.0,0.0,0.0,0.28785612801600335,0.02692918660651623,0.0,0.0,14.659278064028804,0.0,6.39798558032182,1.6509678617223174,0.9324141111203075,0.0,0.0,0.23432672325695814,0.6645907477097472,0.0,0.0,0.4478520773736538,0.0,0.14744127400155804,0.0761727519888211,0.42065646277114355,0.0,0.0,0.0,4.285451878650788,1.6502622373278384,0.0,0.0,0.0,0.0,0.21338152166590352,0.0,0.0,0.0,0.0,1.821152681363274,0.5920347933437627,0.6347972850829752,0.0,0.0,0.0,0.6522966717518088,0.05874177004071743,0.03639204801237063,0.0,0.0,0.0,0.0,3.720466242032272,1.834297161359605,0.0,0.12277337312481834,0.020132831810451324,8.201237762362833,3.5184397530168767,0.0,0.6953671954730313,3.694608271717578,0.0,2.75887930709922,6.44735163985269,0.0,0.0,0.6218434616495023,1.4507586116423687,0.0,0.0,0.1172198673120064,0.0,0.0,0.0,1.215663411920645,3.9476682892771064,0.23252962352846418,1.4297517189643028,0.0,0.0,0.8967244442438453,1.0336555991223013,0.0,0.0,2.0611958868675777,0.0,0.0,0.1978878576670968,0.0,0.0,0.37117124737451124,0.045890086397991345,3.055039426073918,0.0
thermal50,1,1,1.2460787865653788,1.0849597034971386,0.8117903462986877,1.5047116648612324,0.9769633926863943,1.787760439275103,0.9220522762451714,0.8206833500118037,0.750774534932539,0.8409546384203902,1.101640493471788,1.5620501547512744,0.7355164939480717,1.2702334274993814,1.0565788443049924,1.135288884067832,0.016975558609597388,0.20993647281718583,0.9471898498135618,0.4803101108673034,0.0,0.0,1.008653349887522,0.8431259235742055,0.07055646653981942,0.0,1.2202111241685256,2.6536252300101126,0.4211176464161635,0.08730828181514326,0.9771087383372494,0.9752688986818213,0.28321589043473466,0.5569124142184312,0.07175420686364585,0.00611728751500521,1.1242044084591971,1.4017227268060235,1.1301529141305457,1.1411049795765638,1.5128423383575935,1.3295698086553114,0.5973244570278549,0.7659041445966933,0.7904592107819085,1.0601084528993747,0.09348932281634251,0.0,0.42423079138240616,0.11100139071265029,0.2731010297042266,0.13975750806452725,0.4226663993657589,0.2724822005241486,0.09221197239997508,0.9953314742770031,1.0607741805334112,1.0056507718443592,0.6156395746326301,0.0,0.0,0.9286825037158277,0.579986893583977,0.026310582461093714,0.0,0.0,0.0,1.0633551070098168,0.6515820648251992,0.6004149060981384,0.0,0.0,0.0,1.231796037227903,0.08036528529306988,0.04321248437544345,0.0,0.0,0.0,1.2916229019880667,2.480584999807082,1.775762054223514,0.11201544060166159,0.11984649103670864,0.0,1.4576408336525768,1.0549681321950868,0.32019956554605467,1.1806382205546626,1.103854488505429,0.9701775727717125,2.5070635483921686,2.0400068015239854,0.0,0.28939629825879665,0.2566400397015972,0.7440652721916414,0.0,0.785412876480359,0.026937888643336943,0.6216976670019791,0.0,0.8896394486135498,1.5607496610571718,2.649280067838005,0.3564895211593373,2.018585350185663,0.0,0.8546021785958509,0.49482457031738486,0.5340111230224796,0.34847692910195976,0.18601339555496627,0.9317240797588805,0.8657911534459861,0.8071931808788556,0.6945148716734852,0.29924269331831316,0.181823166269653,0.528759186846301,0.19580284874113074,1.1612768227497612,0.945082007964484
thermal50,2,1,14.238148046993171,3.2934188361791867,0.0,1.7877889440310455,0.0,1.596231109669798,0.0,0.0,0.0,0.0,0.0,10.294537357929887,0.8201131381415381,1.4685468392040348,2.229021509064384,0.230298648686232,0.0,0.21509568982203436,0.0,0.0,0.0,0.0,6.151841464282883,0.0,0.0,0.0,0.0,3.0702198241187877,0.417618357728208,0.02869420791879599,0.0,0.0,0.0,0.30131189959694954,0.0047539885457333455,0.0,0.0,16.954912134956263,0.0,7.743171702541811,1.749839605217275,0.0,0.0,0.0,0.03738436883583245,1.2161771207468481,0.0,0.0,0.4248421535287297,0.0,0.31839649809277454,0.23332723417363754,0.41370383327570154,0.0,0.0,0.0,5.712946568133011,0.0,0.0,0.0,0.0,0.0,0.23203141480783024,0.0,0.0,0.0,0.0,0.6879465912669388,0.6070931835001709,0.4803488841535291,0.0,0.0,0.0,0.5865993231181535,0.06094366874771834,0.037967891115518855,0.0,0.0,0.0,0.0,3.759294104268624,2.4302915075887865,0.0,0.0999587866691248,0.0,4.487768663384334,4.285402830359344,0.0,0.7564918610490555,4.359584370577458,0.0,2.9802793655006616,4.851547580560713,0.0,0.0,0.2930644170321511,1.7281425594503488,0.0,0.0,0.0,0.0,0.0,0.0,1.7070787019031741,5.447569805127541,0.34996069702654176,1.0341657675261746,0.0,0.0,1.1161400890476958,1.0172909367129446,0.13535613510500963,0.0,0.0,0.0,0.0,0.0,0.0,0.0,0.7036464354072314,0.0,5.111410702345989,0.0
deg1,1,2,1.0415347617469268,1.019803324908543,0.9856103847073091,1.1152541435158876,0.9986141340605156,1.311448130815694,0.9990031890247278,1.0102047164795545,1.033214754140709,1.1972042411651014,1.0287056790608493,1.1236958513884396,0.7480464297179483,0.7644738512487664,1.0232698266869873,1.1027292903188344,0.1723675985025442,0.18327955337350932,1.0018666610570375,1.0047690573152663,0.2287339116429159,0.009057827366803837,1.0004952727330845,1.0026043848490234,0.6025900341354495,0.5174537386357997,1.0990624459500211,1.4400541976610364,0.3668880690269986,0.08676993357574068,0.9976631073443524,1.004320691747262,0.7785096871187095,0.7024722503635352,0.2665698899213277,0.6443251281727101,0.994150800625921,1.043574612401747,1.0054085333319494,1.014113218992702,1.1272931212111759,1.0216576674492313,0.906829873139169,0.9341362572478695,0.9015449015039627,0.9477188768663368,0.48864410357614224,0.7138703143065179,0.6435100792747853,0.7369880953993102,0.0,0.32841706288858113,0.7151061989523297,0.8343147004603781,0.8630999381287574,1.000094210286947,1.0069404255983743,1.003696163333554,0.9251879556538894,0.6047162821815079,0.37266677310538265,0.9785426275405404,0.7749662802320195,0.4591927784533911,0.674050317830235,0.0,0.0,0.939783227737819,0.6834188509624592,0.44840015928325627,0.49699562867765196,0.0,0.0,1.3624994408604354,0.0987864333692048,0.05165503842072264,0.8527551778396864,0.4444585973346488,0.18824034265031286,1.0885938675387037,1.2403777763260995,1.0998656378489333,0.68844039251184,0.09506286311161705,0.0,1.0362284365478436,1.0195635438989465,0.6695562377388649,1.1192918990452387,1.0105353564148274,0.999150732221064,1.462878901666129,1.2087717581019783,0.0,0.8691296182447243,0.17043628487993856,0.7863285818369478,0.2849421190104012,0.9382162948759206,0.11903535456449568,0.8587183769722497,0.6161901115613998,0.9635848083006494,1.0502392892374122,1.2720609390139963,0.5857401638189452,1.4293395634185317,0.6384339228393828,0.9488162657832803,0.4283694984189702,0.3361759862525538,0.4495472027379892,0.33184367026778566,0.9822173516670616,0.9725999296359215,0.8914341341232255,0.8576204670896018,0.4040244361184648,0.2964127854914105,0.52553597283405,0.4422604358155412,1.0116322771292277,0.9396359548369084
deg1,2,2,5.196361901126147,2.122204943398591,0.0,2.083520417266335,0.9950887440008095,2.0647908243247186,0.0,0.0,0.0,0.0,1.4774319533908882,6.909704639903966,1.3690479618380065,1.5516176760985154,1.5127310991521343,0.6496004148064383,0.0,0.1961125801221961,1.2945534124394176,0.0,0.0,0.0,3.0046815258043567,0.0,0.3222697910856073,0.0,0.0,3.756046862543654,0.22710835939118196,0.06305710430985106,0.0,0.0,0.0,0.31370955360596264,0.0,0.0,0.0,40.944464890366625,0.0,11.306943496106717,2.7383072884445743,11.34603810554738,0.0,0.0,0.0,8.40575825593844,0.0,0.0,0.0,0.0,0.0,0.16483439395842642,0.2041420870852448,0.0,0.0,0.2795543218288179,2.992725166262853,0.0,0.0,0.0,0.0,0.0,0.2196024773640618,0.0,0.0,0.0,0.0,0.5534357907071764,0.6052969175691595,0.5052086667634511,0.0,0.0,0.0,0.6308935430788665,0.06466398615804629,0.038676584486133994,0.0,0.0,0.0,0.0,3.644245765737316,2.314003858238731,0.0,0.1085089429895648,0.0,3.8247647213463307,3.1777346991684925,0.0,0.8182522922749461,2.7637714553678876,0.3230547896148942,2.994133222997393,3.4270142429864414,0.0,0.0,0.2713934526354762,1.5940761253912907,0.0,0.0,0.0,0.0,0.0,0.0,1.7577757223434658,5.609932648556616,0.3330325771526451,1.7171195187170274,0.0,0.0,1.1318188064769923,1.0177590662432126,0.08822537396192648,0.0,0.0,0.0,0.17111641850263853,0.0,0.0,0.0,0.5248803233851338,0.05371284637558875,4.011563869018908,0.0
deg5,1,2,1.0416950070218314,1.0198931318649598,0.9783359271234824,1.1145267765611175,0.9963386911262058,1.3100566526802053,0.9993765013146648,1.0115770061404892,1.0347238570915909,1.2042248083621447,1.026887287171611,1.1219036466658294,0.753886315737134,0.7511332406626928,1.0187074590414242,1.0989681907615745,0.20341219846403638,0.19395698687552448,0.9960146044413859,0.9993952769404499,0.24542023019594975,0.0,0.9960503736821495,0.9968730315585717,0.6225379439860852,0.4895450635827563,1.097558030513775,1.441233953395256,0.3696466521018851,0.10348906891859325,0.997726746950309,1.0042854381224633,0.7756181887263077,0.739330211953672,0.2541258988314209,0.5824769354690859,0.9668349457927079,0.9990460922672069,0.9935676789657323,1.0004207891460228,1.016050010025595,0.9391497477017583,0.9080056428452725,0.93370487934894,0.8859970439973335,0.920917495801926,0.4911799378259422,0.7168478551193797,0.63319341155946,0.7295265248514711,0.26481205834862664,0.45845673377251817,0.7135936671047788,0.8241336219530037,0.8708170600359361,1.000253832223601,1.0072714522090946,1.004190664215728,0.9391382278072651,0.6773832211407382,0.4122853244170851,0.9767482594106763,0.758097342925549,0.4531310034158236,0.6968987608163087,0.0,0.0,0.9414268987489163,0.6591183954388813,0.4215055791056449,0.5470829056267033,0.0,0.0,1.3659049265996106,0.09925342424021287,0.05254845851182703,0.8591223412277391,0.45675171728716984,0.19876329046522617,1.060543534049386,1.1296013502281694,1.0182914040827893,0.6585773877877628,0.06910469206882518,0.0,1.0439523979302392,1.0256015907580442,0.7208699540782868,1.1322489360399346,1.0112287920600154,0.9997234278778971,1.472635401640789,1.1762859299969044,0.0,0.854582964933416,0.17418608177658887,0.80078204429687,0.30818291339462645,0.9379695280256947,0.15758668569080597,0.8758080751806397,0.6357406210920574,0.9611153257217395,0.968969453434247,1.1677682914803191,0.5691552983514394,1.187457433048411,0.6556194307660235,0.952965175111848,0.43184192139881267,0.33642002564021883,0.4556358797173463,0.3400350662823163,0.9807675621418046,0.9696214871184383,0.8956110087804474,0.8645247238673833,0.41152357627208225,0.30421265697292993,0.5179503197676528,0.4540515521936865,1.0105551086494025,0.9371239547226392
deg5,2,2,4.9241250875745735,1.9847130793218348,0.0,2.4737848007403,0.6711207903261213,2.0137878880790057,0.0,0.0,0.0,0.0,1.1186699365103467,6.779970164651727,0.7119850120679028,1.4759885954034127,2.482381830141316,0.717466985546437,0.0,0.19470281365522485,0.0,0.0,0.0,0.0,1.0221481115415714,0.0,0.0,0.0,0.0,3.8031447831730296,0.4527111803767853,0.06889332826772365,0.7803147659900457,0.0,0.0,0.35802630240340977,0.01986246937357051,0.0,0.26430358166119466,4.396685702933115,0.37328947195453266,1.705413306466286,1.8391598754343466,0.42937359367552164,0.004796180395516934,0.0,0.41059451696162286,0.928214654259205,0.0,0.0,0.43534421577626836,0.0,0.441275046680458,0.4029206914947893,0.401574385786803,0.0,0.0,0.1792709917909145,3.0491591760330246,0.0,0.0,0.00628180309353506,0.0,0.0,0.27181034037514745,0.0,0.0,0.0,0.0,0.9656483236212805,0.6118896704532377,0.6003286057933395,0.0,0.0,0.0,0.7065716883661509,0.07092299308654042,0.03662660419748796,0.0,0.0,0.0,0.0,3.316371347168603,2.2843349891723914,0.0,0.10897005940968814,0.0,5.34266851203712,3.0778408550098804,0.0,0.8898646092207707,2.4957603178665275,0.15521125208614028,3.8051669421013044,4.385829399886048,0.0,0.0,0.5016804662986278,1.7159383634019405,0.0,0.0,0.0,0.0,0.0,0.0,1.2022815326727667,5.067981852808967,0.3274635286788455,1.2351517443764348,0.0,0.0,1.0539081405390864,0.9234015521176937,0.153771596122717,0.11738641219077703,0.0,0.0,0.3580866346098437,0.0,0.0,0.0,0.5727890247853169,0.08011902670731956,3.830312021101294,0.0
interval2200-2400,1,2,1.0,1.0,0.9932190886917359,0.9975293291866693,0.9987382132367016,0.9950317805694947,0.9993779095310229,0.9991127110050769,0.99492799362956,0.9942570288599296,0.9982417618280129,0.9983102417103107,0.9302071697990245,0.740145839215495,0.9966590214141466,0.9963810892518367,0.871717568981072,0.3552246769603147,0.99573734986637,0.9954799610465037,0.8246027919111723,0.28689184470899853,0.9979981968224089,0.998011736719728,0.9223621629840424,0.6411623552936166,0.9947867083403541,0.9945328321884079,0.7957364381686174,0.26822627817405204,1.0,1.0,1.0,1.0000000000000002,0.9944513347077215,0.9958527062617332,0.9923805953294011,0.9948510379507577,0.996656929555695,0.9979170421109983,0.9919936299783625,0.9901343231942525,0.9999999999999998,1.0,0.9944127340576986,0.9962264815717262,1.0,1.0,1.008033513290699,0.9975599447362904,0.3668748315878556,0.6082585255899735,1.0,0.9999999999999998,1.0,1.0,1.0000000000000002,1.0,0.9934620179890966,0.9533266435137633,0.915052459690211,0.9944277643999764,0.920933515457917,0.8526457637842557,0.9939826837354687,0.8446311947456201,0.749652336066579,0.9915660919598405,0.8969081930142767,0.8286983918443614,0.9926110670508879,0.9208591653140842,0.8728948029725326,0.8786143998415629,0.040589990345777704,0.0,0.9933622825856536,0.9346488097582688,0.8891042414449121,0.9899011312860497,0.9122374210895995,0.8605007859606508,0.9641242344367219,0.6190287557035383,0.4065829019747711,0.9969013845293915,1.0011750596178346,0.9037972939421034,1.0459748353399445,1.0000000000000002,1.0,0.8597106000893976,0.9769531826432318,0.7171669902961205,0.9794136078699155,1.0,1.0,0.9458607543398257,0.9925830537532052,0.9556522940792641,0.9928983228672584,0.9440023295558315,0.9888454906495391,0.7001423227266188,0.957141055968308,0.48111978430645935,0.9339408042239654,0.9483620554160413,0.98974610023395,0.8046190409177669,0.6596563686997862,0.8026735370454156,0.6566798053863686,1.0,1.0,0.9563229158572761,0.9235925603959754,0.7905041450833085,0.6352607223511069,0.5723085278733042,0.6510054104681109,1.0,0.944458572432308
interval2200-2400,2,2,1.0,1.0,0.8904339413931448,0.9384529698750874,0.9778076125668047,0.9071751641932873,0.9731913079601363,0.8990240703116259,0.8843285593377023,0.8057711661226464,0.9652233323714613,1.024385017117157,0.08233636646240201,1.1723865240340308,0.9501453180428596,0.9454865501732188,0.3918795242191801,0.0,0.8917278601444241,0.9131788067134893,0.0,0.0,0.9650584145914507,1.0395533346638415,0.2246956058024784,0.0,0.8905899052812564,0.924662607329804,0.0,0.2882299654568666,1.0,1.0,1.0,1.0,1.1715797183276064,1.5838200239184823,0.7623127962565946,1.3382925748547168,0.8343879043268642,1.0536053827935483,1.6838261620795187,1.5700894708619877,1.0,0.9999999999999998,0.7636471340410258,1.1537672384094184,1.0000000000000002,1.0,2.885866011547297,1.04547533865349,0.333164582816508,0.23143629771982502,1.0,1.0000000000000002,1.0,1.0,1.0,1.0,1.0702674585114371,1.1863810648650053,0.43300332840710565,1.1391701284083975,1.0806895807343198,0.0,0.9809140391898961,0.6492386600571386,0.17100295638072502,1.2092313920151254,0.0,0.0,1.2689871674196664,0.8377953339196584,0.9705398203974854,0.1621760304163195,0.10171921749744962,0.01732587908561819,0.9393431487979818,0.8405630158952568,0.09358560126339668,1.5554068195554067,1.329756456348127,1.714965234350735,3.418834437072061,0.0,0.28316137450811774,1.003610011106003,1.0865514341601914,1.130270842664768,1.4346941073147903,1.0000000000000002,0.9999999999999998,0.7040859746083385,2.109516380226975,0.14894835156332004,1.1491550345172092,1.0000000000000002,1.0,1.4159418958448478,1.29445946059103,0.972276291505485,1.179701078448302,1.2302544374028765,1.2021199676246226,1.1684325013985155,2.9353395139600527,0.1423425258047736,0.2677339826841046,1.2684625749988383,1.3802861994848352,0.520838972623481,0.43968859612828015,0.0,0.0,1.0,1.0,0.4963155075211117,0.3130640754118041,0.4702159576553492,0.39459962472685217,0.3980404204656137,0.0,1.0,0.8576947242914302
interval5500-6200,1,2,1.009451290501001,1.0049127889989484,1.0,1.0146294350558287,1.0,1.1014019858721367,1.0013377332586677,1.0128627066813118,1.01382729231112,1.1094891206477717,1.0072542471072814,1.039188693372798,0.9623081077970015,0.7135812972850986,1.0076832707870562,1.04241096654057,0.9513825492358176,0.7340674808501525,1.0,1.0000000000000002,1.0,1.0,1.0000000000000002,1.0,1.0,1.0,1.0260513561896,1.1555273130861916,0.7702505898696449,0.07703228451395704,1.0,1.0,1.0000000000000002,1.0,0.5942094347225334,0.8159244694600138,1.0000000000000002,0.9999999999999998,1.0000000000000002,1.0,0.9786964502696766,0.9851810270212674,0.967229903101836,0.9708009625234126,0.9648331164049895,0.9669694590440636,0.6990820928161877,0.8598050193091351,0.7915231607891685,0.8856158624739978,0.8989058344627834,0.9397703759878936,0.8591395967011543,0.9135302814674812,0.9517965490584428,1.0000000000000002,1.0000000000000002,1.0,0.9683076982588811,0.7787067611668298,0.7236347657106894,0.9668197774776797,0.8202393995008556,0.7591056638659712,0.8481752603564582,0.018194859933920865,0.0,0.9116728597556759,0.6484070260888957,0.5656317755483576,0.8131967660876672,0.21471152717041794,0.06421758902245195,0.8742627255400305,0.12705274286326557,0.0,1.0,0.9999999999999998,1.0,0.9862395872478329,0.9665904455451508,0.9616280419951819,0.7594686811468044,0.08754414242595086,0.0,0.9819438032620775,0.9978618630618036,0.6484249156962937,0.9491616462922028,0.9984603777918628,0.999084276029995,0.8385194154250405,0.9488284186345975,0.2586555120400495,0.8620433095585311,0.39756255888205366,0.8426020654969014,0.6363101603861264,0.9421116017672567,0.4286334147244153,0.8871371403669897,0.7910306836536886,0.9512445832972859,0.5094829017882777,0.8463605468591874,0.5142485269423861,0.899854225999528,0.7815854201390071,0.9358763200839096,0.6097202167562497,0.425240881618307,0.6264889226182848,0.439848982241696,0.9735188304574016,0.9593148890752216,0.9433453927103522,0.9101281702955261,0.619013445447816,0.43924390510844014,0.76296362446285,0.5371349640247205,0.9753966257008084,0.9498185562839669
interval5500-6200,2,2,2.1659405241069525,1.2966912678796585,1.0,2.530827903170185,1.0,1.1362672592269785,0.7371738093699806,0.0,0.0,0.0,1.5250150295351257,3.7555345843762606,2.131605023506863,1.3512348213523853,1.602126542732951,4.610495346893612,0.9978054038428924,0.0,1.0,1.0,1.0,1.0,1.0,1.0,1.0000000000000002,1.0,1.7150093118525278,5.112406309656033,0.2664244624672288,0.0647447685328163,1.0,1.0000000000000002,1.0,1.0,0.027192912449921544,0.2479253458190501,1.0,1.0,1.0,1.0,0.58913689064582,1.1012317179492381,0.14087861218419773,0.5707716572138096,0.28274907101074176,0.35497610774510596,0.0,0.0,0.0552092333288725,0.0,0.05905772045092464,0.748819360179844,0.39452995548724756,0.0,0.0,1.0000000000000002,1.0,1.0,1.0141796026625318,0.16702858577232138,0.0629347606784032,1.1877183830952116,0.34981461732553853,0.029707796567775824,0.0,0.06440703234948181,0.010506691565633865,1.4898928934572795,0.6385795271394491,0.3000062265408774,0.7458266845729801,0.0,0.0,0.5723346772119265,0.015894951449383972,0.0,0.9999999999999998,1.0,1.0,0.6264603505734571,1.2466342091815399,1.8469700533626459,0.0,0.15755610360768174,0.20635023272307812,1.4666312905814776,0.8493372995982837,2.215315391707109,1.186480133342075,1.4475157127000813,0.6948753901906483,1.1554170958431929,1.0828536022754462,0.0,0.0,0.09558143026624026,0.6909650491640257,0.22411440810786737,0.4161647848859158,0.0,1.319729584747345,0.0,0.9936242630336698,0.8654634131495967,1.5173142787390994,0.07482800965461006,0.08082357523897259,0.4595042605146187,2.0720381012919478,0.43363292771774803,0.3680881369460603,0.0,0.0,0.0,0.0,1.8337182988278133,0.8188369911609247,0.5874003434702039,0.5466772942496038,1.5419852335648365,0.23167223906726958,0.7557198822027281,0.7713132619988583
interval775-1000,1,2,1.0,1.0,1.0,1.0,1.0,1.0,1.0,1.0,1.0,1.0,1.0,1.0,1.0,1.0,1.0,1.0,1.0,1.0,1.0,1.0,1.0,1.0,1.0,1.0,1.0,1.0,1.0,1.0,1.0,1.0,1.0,1.0,1.0,1.0,1.0,1.0,1.0,1.0,1.0,1.0,1.0,1.0,1.0,1.0,1.0,1.0,1.0,1.0,1.0,1.0,1.0,1.0,1.0,1.0,1.0,1.0,1.0,1.0,1.0,1.0,1.0,1.0,1.0,1.0,1.0,1.0,1.0,1.0,1.0,1.0,1.0,1.0,1.0,1.0,1.0,1.0,1.0,1.0,1.0,1.0,1.0,1.0,1.0,1.0,1.0,1.0,1.0,1.0,1.0,1.0,1.0,1.0,1.0,1.0,1.0,1.0,1.0,1.0,1.0,1.0,1.0,1.0,1.0,1.0,1.0,1.0,1.0,1.0,1.0,1.0,1.0,1.0,1.0,1.0,1.0,1.0,1.0,1.0,1.0,1.0,1.0,1.0,1.0
interval775-1000,2,2,1.0,1.0,1.0,1.0,1.0,1.0,1.0,1.0,1.0,1.0,1.0,1.0,1.0,1.0,1.0,1.0,1.0,1.0,1.0,1.0,1.0,1.0,1.0,1.0,1.0,1.0,1.0,1.0,1.0,1.0,1.0,1.0,1.0,1.0,1.0,1.0,1.0,1.0,1.0,1.0,1.0,1.0,1.0,1.0,1.0,1.0,1.0,1.0,1.0,1.0,1.0,1.0,1.0,1.0,1.0,1.0,1.0,1.0,1.0,1.0,1.0,1.0,1.0,1.0,1.0,1.0,1.0,1.0,1.0,1.0,1.0,1.0,1.0,1.0,1.0,1.0,1.0,1.0,1.0,1.0,1.0,1.0,1.0,1.0,1.0,1.0,1.0,1.0,1.0,1.0,1.0,1.0,1.0,1.0,1.0,1.0,1.0,1.0,1.0,1.0,1.0,1.0,1.0,1.0,1.0,1.0,1.0,1.0,1.0,1.0,1.0,1.0,1.0,1.0,1.0,1.0,1.0,1.0,1.0,1.0,1.0,1.0,1.0
nomask,1,2,1.041400317138354,1.0197105340854447,0.9960165677170804,1.1170515216239052,1.0013185714329391,1.3141803394244242,0.9989917042629629,1.0099257246927826,1.0337358123049003,1.1959223498396543,1.03132219764387,1.1251545390761466,0.7563042295862719,0.7662861937136998,1.028707479607255,1.1053919427541186,0.17539217435379026,0.17750043974678217,1.0098862310821606,1.0096167930723667,0.2686200751443726,0.009317530185346456,1.0067216079767145,1.0071950164834804,0.6315270517694611,0.5197965186277488,1.1023042537294192,1.4408231670427512,0.36164083337205133,0.08548831309231011,0.9975619636440262,1.0041250499250338,0.7718198820044232,0.6991453746338543,0.2901437261318899,0.686724509686525,1.0450192494586854,1.0856157954120988,1.0257724566556905,1.027981590968058,1.1961197138980588,1.0938521351029076,0.9071807774217122,0.93424846086779,0.9329060223847195,0.9771451538117782,0.48709094885806786,0.7132412066715192,0.6465553853258015,0.7492569474477208,0.0,0.01780679079364809,0.7220311474010456,0.8393795387016073,0.8617920541798153,1.0000571813285744,1.0069054164008995,1.0036368900214039,0.9234355073246298,0.5965285736513875,0.3623044857791942,0.9796607406742693,0.7850000981592834,0.46500048587893533,0.671833615397846,0.0,0.0,0.9402091855405444,0.6937163635079197,0.4572326635150145,0.4899650124735628,0.0,0.0,1.3647150887888533,0.09820619541244413,0.05090973697910353,0.8519612914696952,0.44485043417461984,0.18511343852336049,1.092833069354033,1.2588017657909172,1.119575837108978,0.6859922943042157,0.09351101728460401,0.0,1.034283240896357,1.0187822437258698,0.6461080671414979,1.1103202986645897,1.0104100440082193,0.9990699241161978,1.4481401451034965,1.2108626149901984,0.0,0.8721664831062509,0.17042162520082368,0.785025311694159,0.27758272289431557,0.938408014137471,0.10817147270861878,0.8558621798293932,0.6095731088151931,0.9639128934045975,1.063283826792032,1.286919814740519,0.6074525294970997,1.484371809998579,0.637584846951335,0.9483528877673462,0.42842456647900845,0.3361343492033092,0.4482711478432063,0.33186576697825554,0.9823581251422083,0.9726867466015826,0.8905543198637513,0.8577034035434027,0.40349779819475895,0.29593224115000494,0.5237223215239307,0.4413857101227325,1.0116683179755293,0.9397987261614951
nomask,2,2,6.001832184244108,2.62272905787006,0.0,1.7083258392203133,0.0,2.282311812716797,0.0,0.0,0.0,0.0,0.9293767884497784,7.904822939133546,0.14855063288411852,1.5547815167041583,0.0,0.0,0.0,0.18857309720561177,5.492656977645836,0.0,0.0,0.0,14.505546222958236,1.3828379219654316,6.050648779257086,0.0,0.0,3.434177048035959,0.01029903764489177,0.10010011116615579,0.0,0.0,0.0,0.3117695170229888,0.0,0.0,0.0,60.66596256118585,0.0,16.422855281928342,2.6550853579967946,6.059893342630377,0.0,0.0,0.21053507630832613,36.99622795227549,0.0,0.0,0.0,0.0,0.0,0.014484912801712461,0.25219524973086,0.0,0.0,0.41144593430018084,2.9686589777274346,0.31277697428316636,0.0,0.0,0.0,0.0,0.4391167896249211,0.0,0.0,0.0,0.0,0.09524353450077762,0.6663334083777877,0.3410080546451149,0.0,0.0,0.0,0.57796083275506,0.056699917968335296,0.03216993320453262,0.0,0.0,0.0,0.0,3.840351075569591,2.6080536128993934,0.0,0.04138453098158427,0.0,2.0048755432434278,3.985638357756335,0.0,0.6553393717806842,3.3117396491298194,0.5392208388323246,1.7455515781004356,1.749007773664186,0.0,0.0,0.0,1.5295806838353367,0.0,0.0,0.0,0.0,0.0,0.0,2.485588987537857,6.554925732180289,0.4008026524426938,2.0350874577781792,0.0,0.0,1.216891337651063,1.0183771479188226,0.0,0.0,0.0,0.0,0.13115598140242613,0.0,0.0,0.0,0.37206815165838625,0.07087616305780219,3.7454253151057895,0.0
pix2,1,2,1.0416772043412166,1.019893537615147,0.9775672588452127,1.1141085106434137,0.9963575841924299,1.3096234943248635,0.9990389549638378,1.0105835333892987,1.0327671675426322,1.1987531495711354,1.026740520981997,1.1219676139592365,0.7473788702450633,0.756834656141275,1.0187142706933066,1.0985259021268836,0.17565961324694868,0.19757875670399822,0.9957419785894944,0.9986173761860961,0.2194329092620319,0.0038973622922849746,0.9962288750906454,0.9976453117671079,0.5994746383863037,0.4981484732983153,1.096421971090297,1.4387184355541554,0.37048520319200384,0.09114643092751196,0.9977673107991253,1.0045652153245321,0.780479367275977,0.7164473120305581,0.2554439663942209,0.5826999472202276,0.966471889528726,1.0011323982627158,0.9942705083583931,1.0015055243167295,1.0221676506721296,0.9402968045342674,0.9080144284066083,0.9335641891021919,0.8837757211950729,0.9228107418090676,0.4904736923144755,0.7162085863811631,0.6387887443244691,0.7297440204184401,0.2684753902911628,0.44307930471879886,0.7136599541110451,0.8238484523906614,0.8665483829690133,1.0001796228661612,1.007056195854438,1.003880011740628,0.931451581905972,0.6330718995671568,0.39230614054971497,0.9768950975378217,0.7626517208213189,0.45365410001174516,0.6835703276824402,0.0,0.0,0.9399624969149837,0.6701213447819917,0.43404998207126383,0.5191890688485532,0.0,0.0,1.3622140623483034,0.09949761119754957,0.05256850619116451,0.8545108430109395,0.446565926964423,0.19373942429826893,1.0765632150027837,1.1930136146452095,1.0610768118910723,0.6809989784176247,0.0875244420936429,0.0,1.040024327482374,1.022114761556552,0.7055664579558844,1.1292795411383247,1.0108112544319612,0.9993987837570447,1.483410130171216,1.19630228748634,0.0,0.8615881301547601,0.17078558834490376,0.7923796307438756,0.29772296336186166,0.9376739664395913,0.14060840804843733,0.8652481416238665,0.6265376365740978,0.9622678804020831,1.0140416142118613,1.2252169967561246,0.5602424546879202,1.3143777448394316,0.6484452811061596,0.9511776404425917,0.4291959963178595,0.3353446649352521,0.4527658992227848,0.33699786822251976,0.9816407810931108,0.9711472841928254,0.8933897976886259,0.8610895665691685,0.4063651211548533,0.299354927894211,0.523067602805212,0.4474352179156947,1.01103078435435,0.9382789054700696
pix2,2,2,4.944015115897,2.0031600955662094,0.0,2.460168929733367,0.673630575886063,2.018755928151089,0.0,0.0,0.0,0.0,1.0874400105355213,6.8265454011151245,0.6366978871996494,1.5233786076325415,2.5179527280508087,0.699916853883552,0.0,0.20888815793879187,0.0,0.0,0.0,0.0,1.0642756105499356,0.0,0.0,0.0,0.0,3.7770039646007825,0.4623644331740129,0.04973422595953947,0.7730749062092339,0.0,0.0,0.319370181349421,0.011147625927230714,0.0,0.1527474375428087,5.182028799591815,0.2503591200714011,2.1460766530992053,1.877522251388657,0.6337099957483515,0.0,0.0,0.3316457611953445,1.0208169082570293,0.0,0.0,0.451024535151634,0.0,0.41231329483450374,0.4113408805997623,0.3963124588376828,0.0,0.0,0.22962885991992132,3.004804999981558,0.0,0.0,0.0,0.0,0.0,0.2130768855975378,0.0,0.0,0.0,0.0,0.776903642354443,0.6082105022186435,0.5630279405570203,0.0,0.0,0.0,0.6423364296294771,0.06748138176266574,0.03629198304714222,0.0,0.0,0.0,0.0,3.525429026718626,2.381480084356969,0.0,0.11510289547256577,0.0,4.876681771460753,2.930885372683172,0.0,0.8889397262137697,2.546185896969524,0.221357076326004,3.669200908392941,4.221576202902861,0.0,0.0,0.45467126194865765,1.6649721280028897,0.0,0.0,0.0,0.0,0.0,0.0,1.3316475998789985,5.318494389057607,0.312333622650044,1.3533748876369807,0.0,0.0,1.0537774602806005,0.9646028059159572,0.17244050347969536,0.06428193078146358,0.0,0.0,0.20574084038883517,0.0,0.0,0.0,0.5688996202985775,0.06723132227224099,3.9410932412914796,0.0
pix5,1,2,1.0416888730960243,1.01989494176804,0.9781621416548413,1.1146387620562594,0.9961633459504131,1.310136952071196,0.9993625448189789,1.0113425879871927,1.0346536280565057,1.2033911772657448,1.0270688827092682,1.1225574779152343,0.7531937053182806,0.7542906887259642,1.0184770214122643,1.09756578099075,0.1911526303098165,0.20392916985751583,0.9959538077857614,0.9988108743524987,0.23990189814007615,0.0023866596030673337,0.9957681442450184,0.9959839520936683,0.6173454155403975,0.5095445848780054,1.0975819868522338,1.4408123257201513,0.3704501886638859,0.09255595984989187,0.9974404495657488,1.0033660175862342,0.7801924830370938,0.7227708939690662,0.25912541288921065,0.5925221360905936,0.9690138394082273,1.0021364003381652,0.993796319081748,1.0008059080318963,1.0286974697973266,0.9480729192799482,0.9082625275559051,0.9339805136934353,0.8871755240113747,0.9221978739433776,0.49083678372038486,0.7169778444892912,0.6347270832945404,0.7308356448713791,0.24835359923831446,0.37829137955170794,0.7154911417091644,0.8263855771650641,0.869357294976381,1.0002227119708471,1.007195521779621,1.0041084126802855,0.9357525838451906,0.6622109179552277,0.40665325228734783,0.9760327327113338,0.7542534886428404,0.44800340963851565,0.6917919997658065,0.0,0.0,0.9414093170592707,0.6659633678374443,0.42983741151608623,0.5353968298272783,0.0,0.0,1.3604437060281258,0.0995611472986011,0.05265578786518701,0.8571030366327406,0.45305128955872537,0.1973819246100157,1.065337477672046,1.1463944886466464,1.0297473142596842,0.6686191483312416,0.07579793605077396,0.0,1.0431718222693,1.0244899046719147,0.7090627097465815,1.1305354399024237,1.0111878630342621,0.9996314250749738,1.4652246294228255,1.183130750309203,0.0,0.8570758445177404,0.17682397834595578,0.7977146898210281,0.3019763872529736,0.9381398648319171,0.15250230814594887,0.8716933659291443,0.6284112419847743,0.9614218564502741,0.9726270284630925,1.188761472156414,0.581388193358054,1.2368152271233204,0.6516412565672137,0.9525484720566858,0.43023127784993453,0.33439837465940325,0.4563381917003364,0.34101551531611635,0.980865915698959,0.9698780600175302,0.8956363944013065,0.8644042976318289,0.4101888437768072,0.30260780505745033,0.5291696628865824,0.4500991647639481,1.0103441962273503,0.9380868214332064
pix5,2,2,4.9079323385605464,1.9723518720765585,0.0,2.445531047953268,0.6408365834803866,2.009696734756125,0.0,0.0,0.0,0.0,1.1670393767297558,6.922485026127134,0.6926425695467501,1.4927503892922824,2.553719131494878,0.6526640955522505,0.0,0.21112799624183043,0.0,0.0,0.0,0.0,0.918258117912488,0.0,0.0,0.0,0.0,3.7924709207933787,0.45420273623115043,0.047645013934408946,0.6714547676076694,0.0,0.0,0.3318999720074855,0.0,0.0,0.14344826820249293,5.00692090866271,0.21111141413110154,1.6350959781025998,1.9249643280633648,2.6356108373750717,0.0,0.0,0.3743154175078247,0.5725603265765339,0.004694721751740841,0.0,0.44126886174694335,0.0,0.3223254321384833,0.1962720239500365,0.38392085954576866,0.0,0.0,0.22105406108094064,3.0327291579264313,0.0,0.0,0.0,0.0,0.0,0.24968022548909158,0.0,0.0,0.0,0.0,0.936169849834402,0.6214549144675329,0.5901342628841895,0.0,0.0,0.0,0.6697515078520366,0.06888984529537279,0.03626040404207433,0.0,0.0,0.0,0.0,3.4175272744250527,2.3344595521967344,0.0,0.10751076409756097,0.0,5.162356834550666,3.076794296324168,0.0,0.8810872791302247,2.5371791187442922,0.19412298208945697,3.711602728550469,4.297367597587269,0.0,0.0,0.4800220014142753,1.6711558008224308,0.0,0.0,0.0,0.0,0.0,0.0,1.2500901576982548,5.129963160764472,0.3367736590859874,1.3521766588848634,0.0,0.0,1.0224184952185427,0.9186850820628543,0.19595923914824004,0.11950342562163074,0.0,0.0,0.29947231497355853,0.0,0.0,0.0,0.6008162027027184,0.07628771504739602,3.919983434703778,0.0
pix7,1,2,1.041636368115364,1.0198453714469167,0.9793378384191793,1.1150953479750552,0.9961382257589333,1.3104150860152102,0.9997022199060187,1.0122970335314707,1.0369613031599771,1.2097227638199926,1.027321448324692,1.1230350543071612,0.7576269332764877,0.7518228601286061,1.0183183786350936,1.0968238284545209,0.21413544196127657,0.19782027707338193,0.9965416517251452,1.000539304212508,0.25784434364835784,0.01777300263741025,0.9955233882552095,0.9951642862314575,0.6319490347452359,0.5135831400585732,1.0992294271891068,1.44502991786196,0.37231920839285026,0.09724444739766326,0.9971415774212754,1.002362739536719,0.7798940799502874,0.7219795954799967,0.259376798005858,0.595487457805859,0.9688557259100852,1.0000922608050524,0.9938594159717062,1.000458297170177,1.0224100060814034,0.9466975073939623,0.908431547016071,0.9343346068224644,0.8876701096426842,0.9210416919120306,0.4913267416558758,0.7176783428196615,0.6304620747712559,0.7307893215404431,0.23166099170805526,0.3565584288591068,0.716321774806187,0.8279777979473809,0.8723264408568026,1.0002997457576284,1.007366474557039,1.0043609091359769,0.9389493447665834,0.6833570381954247,0.41952506220277497,0.9749194164116074,0.7470954892227142,0.439946280004177,0.7002473097108056,0.0,0.0,0.9422801232698228,0.6673623718617607,0.42540607821313625,0.5496387892208121,0.0,0.0,1.3533418284513932,0.09882697748853282,0.0526674262468366,0.8584493268831671,0.45987787794316665,0.20337413013276268,1.0533413044027007,1.1097566417467017,1.0004077198286696,0.6530639762187387,0.064279833068387,0.0,1.0467189381033188,1.0255870795258961,0.7304155898263255,1.1273460260020733,1.0115737669310252,0.9999152869312337,1.463013865335477,1.1667738589675825,0.0,0.8515527381063052,0.17904147610526228,0.8047732383149362,0.31285656353199404,0.9381778566197834,0.1645223010542062,0.8773060936396101,0.640685861714307,0.9603371361774352,0.9511457919239305,1.1511628195696044,0.564136870328596,1.1765935467579571,0.6568494666612391,0.9533019042371048,0.43185566749483556,0.33444111239320845,0.4580465786530475,0.34243530138732764,0.980269288859393,0.9692391925833198,0.8961136826460065,0.8652412635184671,0.41392062487440034,0.305077064603645,0.5328310165665567,0.4560671167909769,1.0099826703756112,0.9379355301966767
pix7,2,2,4.870879939608153,1.9380756140630122,0.0,2.442293396121924,0.6657912386482406,2.001042076818365,0.0,0.0,0.0,0.0,1.2317129650351708,6.917963608077699,0.735172693888102,1.4501982417867298,2.5327818268010005,0.6021676741517513,0.0,0.20136705760386658,0.0,0.0,0.0,0.0,0.8501360519653849,0.0,0.0,0.0,0.0,3.8473974856241093,0.4535766225257383,0.054789273039495996,0.6145535346931891,0.0,0.0,0.33686608794153605,0.0,0.0,0.1809643050510794,4.663624763842978,0.28456298773798155,1.6863292404731511,1.9107089358836653,2.8560551814376,0.0,0.0,0.39167050017140026,0.5636155562667677,0.00805009424726218,0.0,0.4242150808837681,0.0,0.28436512068722025,0.11513397491955311,0.38928987507533086,0.0,0.0,0.2271813544402135,3.073001109964118,0.0,0.0,0.011813027792122361,0.0,0.0,0.2282423360468476,0.0,0.0,0.0,0.0,1.1127347665637919,0.6440502725908992,0.6231692575611716,0.0,0.0,0.0,0.7180546433984719,0.07133276309428402,0.03795506930068579,0.0,0.0,0.0,0.0,3.272334283970859,2.2044527597361556,0.0,0.10718221203053793,0.0,5.832194284695606,3.1273897098161827,0.0,0.8830866085078345,2.4123495028135813,0.16336933536250545,3.884875068177875,4.5356405755074,0.0,0.0,0.5264527854979106,1.7088213913845516,0.0,0.0,0.0,0.0,0.0,0.0,1.1481828543054682,4.856901061504629,0.31116516773791486,1.2636142553627847,0.0,0.0,1.0050624868920963,0.8914971099052673,0.22006221283953945,0.15191185249704484,0.0,0.0,0.2921332757008436,0.0,0.0,0.0,0.638170669746833,0.08969555584919092,3.915030878702901,0.0
thermal100,1,2,1.0414684030538177,1.019750087342946,0.9885426607757926,1.115459007050714,0.99933807062332,1.3117102743461604,0.9989184041253851,1.0101209057430718,1.0328791932848786,1.1968450945914817,1.0293394244830159,1.124334528726485,0.7466122148092186,0.7625802217942115,1.0246592216228014,1.1039346292237888,0.1768741333781964,0.18848023820940482,1.0040062218201533,1.006736144678977,0.22150344789097173,0.00685730964015177,1.0024336079585032,1.0044796287324433,0.5918717767984695,0.5112592516296053,1.0994489790161868,1.4405732884552858,0.3698296380751046,0.08813499715209086,0.9976459058915884,1.0042618456621937,0.7801377795329487,0.7060584949227742,0.2742165993382509,0.606923045912791,1.0088225957938814,1.0331004091268785,1.0126734665104182,1.0133615362979589,1.0629858954321094,0.9905327774283342,0.908395034058729,0.9332917549766063,0.9134362646056099,0.949347585429633,0.48882775250770694,0.7153070865092985,0.645393024248734,0.7408103519163491,0.32998159165202,0.1928603471338371,0.7192693257925932,0.825504600304063,0.8637211430934847,1.000109465597099,1.0069235473200673,1.0036931850495476,0.9260505341934658,0.6002416473903253,0.3732224514977968,0.9775113010967641,0.7798416354926678,0.45521883427155757,0.6749034813209754,0.0,0.0,0.9397586629661534,0.6887430538082254,0.4481075245659526,0.5004536448671207,0.0,0.0,1.368742014117074,0.09849134208554501,0.05158142206287336,0.853637544134026,0.44468665015881204,0.1869922885685151,1.085563316585462,1.2506893784328648,1.1022553403055932,0.692078560228395,0.09437660642092469,0.0,1.035104609688783,1.0199504513678996,0.6563698059039491,1.1220571337844398,1.0104774876953238,0.9991775788553482,1.4521549324401444,1.2076815066534448,0.0,0.8701768809092243,0.1710065703540513,0.7863230860413097,0.2820766941333369,0.9384186683241206,0.11452638366400769,0.8602976965049268,0.6128655091076768,0.9633188507613429,1.055725621721605,1.2615364648981777,0.599057455603242,1.39121289797993,0.6388396945279897,0.9490880700561738,0.42852635131711186,0.3372633046107929,0.44838806969622863,0.3289497644010175,0.9822561797699553,0.9727918410196144,0.8903767020749644,0.8551524081459329,0.4040967611006304,0.2970729219580217,0.527346947050433,0.4413357460871799,1.011587397125581,0.9389409672785585
thermal100,2,2,4.961250463043191,2.008415535919919,0.0,2.4251017345404375,1.0176115786984767,2.027279567969368,0.0,0.0,0.0,0.0,1.3635875994810804,7.098874136263543,0.6805130149105567,1.5025516535522585,2.276420911557354,0.6767559231826836,0.0,0.2268219820817128,0.0,0.0,0.0,0.0,2.575416379969841,0.0,0.0,0.0,0.0,3.7098254487735303,0.4536236137824215,0.028661184932387847,0.3296799450322109,0.0,0.0,0.31759212245336627,0.0,0.0,0.44346348095331506,6.75534159209196,0.6998597343460983,3.443835603123011,1.938279738182372,0.4767522661672254,0.0,0.0,0.44224816223942726,2.948907372940679,0.0,0.0,0.4037743688031654,0.0,0.41356659046508826,0.4254395799612729,0.3941582883171468,0.0,0.0,0.15668884167346755,3.0191423949804617,0.0,0.0,0.0,0.0,0.0,0.2183246831309118,0.0,0.0,0.0,0.0,0.9710945239071294,0.5982664734772573,0.4667108465578127,0.0,0.0,0.0,0.6568926577802261,0.06505419938149358,0.03946208814269047,0.0,0.0,0.0,0.0,3.6481380740445037,2.4053291518326168,0.0,0.10932146745004027,0.0,3.7510705227234333,2.679550569762813,0.0,0.9286516588386954,2.849173104651551,0.10439897798574017,2.7881575224154775,4.88819484276833,0.0,0.0,0.23900825065750536,1.6246179266416263,0.0,0.0,0.0,0.0,0.0,0.0,1.8454973864324997,5.365443942285304,0.35984155314540905,0.7884096381435926,0.0,0.0,1.0355632318949075,1.0159614217013346,0.2233918386985294,0.0,0.0,0.0,0.0,0.0,0.0,0.0,0.6777408492707657,0.023098287417752505,4.23427175041465,0.0
thermal25,1,2,1.0349949125430322,1.0166375151461216,0.9969512509548533,1.1112582049443154,1.0013537007850666,1.2410288534860499,1.000538732133175,1.007457861334148,1.0382741299935478,1.1246798903482418,1.0268630922167925,1.0679802633096542,0.7502202231176778,0.742216504140277,1.0263484124823488,1.0552366188976268,0.1829110028823625,0.12722036206355228,1.009202713098019,1.017915814768195,0.2319551761652189,0.025928731880365912,1.0040878309886592,1.009168774794286,0.6022571715066467,0.5214829917235138,1.0915394275900892,1.2387539775786338,0.3741008983785621,0.07843548323682387,0.9981744363649923,1.004591677317698,0.7797642335268852,0.9124917360787453,0.28208961758641,0.6309344778123136,1.0121087735604206,1.0358693120770504,1.0126794164824953,1.0134509340817406,1.0562857501151308,1.004482513531812,0.9085530697761752,0.934332684375586,0.9146968620854086,0.950468484605543,0.4881265099920699,0.716038687208263,0.6449573347942802,0.7448475632314139,0.2233925205884687,0.09341790159657937,0.7227326456229474,0.8334160903398485,0.8672943452283735,1.0009809984444857,1.0036231945237553,1.0026602571616312,0.9320652129613837,0.6108321381919909,0.4677914155283046,0.9781125416039883,0.7780882616947664,0.4896269464990718,0.6934155251550036,0.0,0.0,0.9407814613949125,0.6838026463327193,0.4491168950494494,0.5222608653881341,0.0,0.0,1.3789813413019345,0.09637506053698051,0.035084414808562926,0.8609481719182136,0.44838915118767797,0.26567569289667425,1.0731693304385863,1.2454848902763471,0.9988548479857846,0.6796726179353485,0.10202860999159141,0.0,1.0220158891497617,1.0144542136483168,0.6933824567307529,1.050100931220989,1.0069017997150833,0.9992152746096152,1.1274278414320744,1.1886807843488725,0.0,0.8685841293108568,0.24744564223564106,0.7856815866672052,0.404312768149219,0.9396767562138415,0.34004186402037484,0.865067256218848,0.6825280686254795,0.962730212970816,0.7324414833529883,1.2132881935239925,0.48727980819260286,1.3491331697258353,0.7088363448425004,0.9503026350802365,0.787988106997179,0.3450761030799763,0.753858173154886,0.33978051949109456,1.0001707332084393,0.9669290737294132,0.9353227191064888,0.8635783752112061,0.7801909551526691,0.3138416069339525,0.4791548791901204,0.4538895296663299,1.0059686375591856,0.9345614528729476
thermal25,2,2,4.094325348256952,1.9630554596793006,0.0,3.1022593052158984,1.025788865322483,1.691986748358996,0.0,0.0,0.0,0.0,1.714108140199744,4.874919203414226,0.8254140973449948,1.7569391312354472,2.3373655355248926,1.1282404338926926,0.0,0.03028582269582607,0.39547966845801674,0.0,0.0,0.0,2.142542330074949,0.14093348653862414,0.0,0.0,0.26113075986883216,3.018355675517543,0.4261956261688283,0.10746662788094868,0.38741110034120313,0.20885880909529006,0.0,0.32343507860868115,0.0,0.0,0.45567116863889495,6.534110739612152,0.8028315320367453,3.1244618370239703,1.7363998594100905,3.177803535723834,0.0,0.0,0.39733843350424985,1.9502763580469777,0.0,0.0,0.42775338754273057,0.0,0.15707206898669776,0.07886699949679474,0.38843086658888626,0.0,0.0,0.793656822148127,1.9251063809540239,1.2554415868481312,0.0,0.0,0.0,0.0,0.23274614643033828,0.0,0.0,0.0,0.0,1.6194908655158244,0.5963018919130354,0.673532062832113,0.0,0.0,0.0,0.7735028373960946,0.05994591257610668,0.0366294112689059,0.0,0.0,0.0,0.0,3.684909538024845,1.861886556112762,0.0,0.12034789536901276,0.0,6.151683438349899,2.3696622098660423,0.0,0.8060051807618899,2.275853248746525,0.13135320673113424,2.832932738844404,5.270135089050772,0.0,0.0,0.5618556823566356,1.3515883473925225,0.0,0.0,0.2444264164130829,0.0,0.0,0.0,1.2317908529861779,4.3209137568350915,0.2237566598681804,1.4557432741069283,0.0,0.0,0.9030862003052013,1.0200306908969803,0.0,0.0,1.2116462221013165,0.0,0.0,0.27816348517894374,0.0,0.0,0.31901269388480996,0.07096855418044273,2.4293461120559994,0.14836586266725754
thermal50,1,2,1.0414668561973877,1.0197499125394232,0.9887529322667375,1.11553115325099,0.9993869802054248,1.311778436705713,0.9989526439965749,1.010137240147032,1.033128411121831,1.1969724195219662,1.0294043655442893,1.1241899068172565,0.7478400585691783,0.7634011784637715,1.0249431487587184,1.1037514474054408,0.17737531949781457,0.18627497565356352,1.004179788962557,1.0063224825668948,0.2273560001681451,0.007558172955361389,1.0024048801627923,1.0039534949941398,0.5972772526177343,0.5133870808042242,1.099664112963047,1.4404299579911983,0.3688385589354352,0.08757411688323388,0.9976456364412207,1.0042724639900693,0.7790131408631665,0.7045894302373199,0.2771150583174923,0.6166452049694667,1.0137369338124993,1.037885543486942,1.0147678887625349,1.0145916121659784,1.0732546222778716,1.0014562421223752,0.9084168716784197,0.9334913920110053,0.9140728278134814,0.9515805914516573,0.48863539509326687,0.7152904916638353,0.6455199374993054,0.7421440004337118,0.30001575028574357,0.1505241916285326,0.7201737452770681,0.8273825763275394,0.8633725167466627,1.0001005639987472,1.0069213910682557,1.0036842201075704,0.9255932664345925,0.6001164581605778,0.3727505975516321,0.9778803198123119,0.779236691657072,0.45654958160208065,0.6743437042744407,0.0,0.0,0.9397785845124574,0.6884315402377975,0.4485582254621694,0.49858403316809946,0.0,0.0,1.3676335017419414,0.09853719553668099,0.05168552149019896,0.8532900682694874,0.4446997456194373,0.18786406487415627,1.0869167183982702,1.250952292920099,1.1028586108266498,0.6908835164622881,0.09465836276924018,0.0,1.035623976050572,1.0197352417045609,0.6629555187616938,1.1201476139927136,1.0104986697725786,0.999158430032607,1.4573756643025382,1.208274539416086,0.0,0.8702525558202822,0.17071058347666115,0.7861313577906469,0.28381063511429183,0.9384101220114216,0.1166979455015902,0.8594743126468221,0.6143682481347534,0.963420563215871,1.0524612244097797,1.2662142133452239,0.5926487968038214,1.4087132602244095,0.6385688346928244,0.9489291616117994,0.4285057388665495,0.33702618159056386,0.44838350105018115,0.32957490417897944,0.9822785167891146,0.9727719704312058,0.8904241335935581,0.8557048439853387,0.4039765890546234,0.2968399128756665,0.5267041974052044,0.4414075142404385,1.0116111675050712,0.9391510880301711
thermal50,2,2,4.954826094324243,2.0050966473253786,0.0,2.4043169802291198,0.9803164463230487,2.022171772483859,0.0,0.0,0.0,0.0,1.4024125335741358,7.011221767314375,0.8438888663423942,1.5250306809283805,2.337919969599554,0.6673475040943787,0.0,0.21596358639557983,0.0,0.0,0.0,0.0,2.569938878413021,0.0,0.0,0.0,0.0,3.730451975099518,0.4141274816549917,0.0364778330625148,0.28345893494612506,0.0,0.0,0.31343946257397626,0.0,0.0,0.5685785793321552,7.739488246428936,1.2453213639692722,3.6218757371995474,1.8773015759245097,2.4603334086954782,0.0,0.0,0.26243327889042356,2.495500014754029,0.0,0.0,0.4083655697278165,0.0,0.32751523386703324,0.2372553054181043,0.37795863161930304,0.0,0.0,0.1913071672044544,2.991232276723408,0.0,0.0,0.0,0.0,0.0,0.25033613984292946,0.0,0.0,0.0,0.0,0.8472656479486677,0.6111533439888447,0.4920678342111587,0.0,0.0,0.0,0.6436717490420821,0.06282245807239711,0.03876292070788035,0.0,0.0,0.0,0.0,3.7254241378837527,2.4113486481347612,0.0,0.09683044241337004,0.0,4.003173569883801,2.797587374324204,0.0,0.8985044802825815,2.7693072875621882,0.17137405084800725,3.0002666566033027,4.521839376262055,0.0,0.0,0.2904278552381259,1.6221151023738456,0.0,0.0,0.0,0.0,0.0,0.0,1.7241903798111242,5.396035386420522,0.3447306498916874,1.0935513078751853,0.0,0.0,1.064472941219016,1.0167846692580174,0.18544836320268573,0.0,0.0,0.0,0.034122544640462625,0.0,0.0,0.0,0.6318919103626791,0.03415248964952879,4.164517795129686,0.0
deg1,1,3,1.0044397528137783,1.0021998835677033,0.9975044791061854,1.0121504448521363,0.9994456832880724,1.036137231604876,0.9999406068900939,1.0038050654504185,1.0040966682581638,1.0386030610679797,1.0028857155350335,1.017389154474919,0.8882900770041899,0.6690706278197674,1.0014370416385836,1.0196151411134375,0.7008421721461247,0.22172521222129826,0.9994141092368435,1.0069066227087244,0.7763944097141622,0.4730070646634437,0.9995019175405693,1.0028170033765764,0.8872045716092102,0.6969621320154102,1.0104222959891256,1.0628403406663636,0.650908671495927,0.04384196499512452,0.999570472626329,1.0009154357093821,0.9557296061458944,0.8881009831568113,0.8027224252593197,0.932248831305635,0.9971227121470444,1.002398676973618,1.000042531526881,1.0009327719036478,1.0070149981811845,0.9956866482877264,0.9878942120417336,0.9892404137077386,0.9847175598764709,0.9882132072350346,0.9089190667713429,0.9561064027462538,0.9344571708616404,0.957534150595001,0.0,0.39105572935130506,0.9558837353380697,0.9742036833623522,0.9848664677348217,0.9999520469005602,1.0007649471093014,1.0005975623919567,0.9804927171267732,0.8353914508499433,0.7736238739107776,0.9843753758250328,0.8327007053571173,0.7581489901027362,0.9252109530947945,0.1295192518154628,0.0,0.9682623846521985,0.7597818199884526,0.6712046365884662,0.8983955678225359,0.3512194713598309,0.14855676733157303,0.9422514071612998,0.08684408174051766,0.034755957809948904,0.9689403885547488,0.8113463435007218,0.7448012940665889,0.9924583478102054,0.9505958331335015,0.9225553253560084,0.8728091707850204,0.16554653813722844,0.0,0.9918982494213835,1.0046538873222957,0.7326274238237711,1.0408232686181407,1.0000396970346273,1.000303638638193,0.9593117107297263,0.9870151791030501,0.26977257932813165,0.9337211297095305,0.6201446551930064,0.950473233234093,0.7218509627440503,0.9747876999242011,0.588053511550439,0.9616801823182985,0.8281390760151583,0.9754949860892186,0.6652582020195114,0.9464248487385583,0.624163931850647,0.9738625863677453,0.8228932112587934,0.9711585267521399,0.6453341186761948,0.46397317267792193,0.6673176758626547,0.49615506165945106,0.991380460899509,0.9860821015258959,0.9380131594804815,0.9044167224399946,0.6408380035843131,0.45735116500337464,0.5617896494340947,0.5218944880775326,0.9934070587835371,0.937020485217885
deg1,2,3,1.6282196344564264,1.2037765344044817,0.7383853931030288,1.7896331274719177,1.0180807363505535,2.2030556145717726,0.7088979369743605,0.03541736778055104,0.0,0.0,1.2535713890893316,2.804658527753704,1.1087788505272413,1.4896752628569498,1.1306074095519647,1.2366439811060097,0.0,0.1822001880036566,1.1499412759095105,0.0,0.0,0.0,1.23296241853023,0.19548510231767813,0.5618727164675679,0.0,0.9101233384059074,4.288534976415783,0.2946554152779324,0.08418971046373064,0.8466893859472765,0.6582138010553565,0.0,0.376330403870711,0.0,0.0,2.6327871651488883,9.656781498081896,1.9465081535613007,3.512450656485536,4.473568846689865,9.198436995904782,0.0,0.0,1.7597364297024534,5.385185145476513,0.0,0.0,0.33042247235492506,0.0,0.0,0.16705849384841326,0.30833908960648393,0.0,0.0,0.9362493333590931,1.3003112523389957,0.8187679391338105,0.0,0.0,0.0,0.6691978358166109,0.3817131886703152,0.0,0.0,0.0,0.0,1.150794517183598,0.6232150235936698,0.5385256878830716,0.0,0.0,0.0,0.8882112721193307,0.07101710175472639,0.04151960548854929,0.0,0.0,0.0,0.9906970547427298,3.3106643541447576,2.2841060710712116,0.0,0.11076151867472273,0.0,2.081130169127933,1.2956445780939305,0.0,1.0405335843817065,1.357051715270219,0.8967342267060615,2.8963451036627825,2.7582426432635,0.0,0.0,0.24472015412187934,1.4503393675194787,0.0,0.0,0.0,0.12461762600703012,0.0,0.33998571643989434,1.8800168351395412,4.361029225653714,0.31865257122805424,2.1643917193766473,0.0,0.2567338572761637,0.9698263152954351,0.8957796520225222,0.1783716380644468,0.051901965856566756,0.5118934598516466,0.5785973689334667,0.5730883889001461,0.36336734213334687,0.0,0.0,0.4419707249440729,0.1452834948683538,1.7586135941908803,0.5764573636428745
deg5,1,3,1.004413331205333,1.0021776262270654,0.9965951364911452,1.0117034058197047,0.9991432965603443,1.0354005610884145,0.9998917417249082,1.0038832858820552,1.0037815353936013,1.0388678933391222,1.0025849254347472,1.0169891098858996,0.894275038902702,0.670706578708993,1.000741315807047,1.0184076593225553,0.7262499854895802,0.23949703871981046,0.9986909951623719,1.0057615251684953,0.7959576860563107,0.48498154930961357,0.9990301998415924,1.0018291846472944,0.9016911008389102,0.7122458196061806,1.009793075498498,1.0624534890353101,0.6591843488654584,0.03983248652768989,0.9995260979940981,1.0008848336220872,0.9552493120963051,0.8862346330618636,0.7908970012198291,0.9159545699956038,0.9917258248173881,0.9947442754666797,0.998196950950452,0.9988239618547233,0.9837376978614404,0.9795965200248605,0.9876409316459203,0.9887085184844976,0.9819605241952067,0.9837413489549243,0.9088305372387708,0.9556606103193774,0.9323727149255713,0.9552148631830116,0.462804471274642,0.7439267004218384,0.9541293910939628,0.9709434142866529,0.9852388994240205,0.9999538069185413,1.0007955063099914,1.0006368138165667,0.9806278853363845,0.8397259142761692,0.7765323387442347,0.9826296070013358,0.8275467822130018,0.7573997886558811,0.9237296403653,0.1351122483079767,0.0,0.9662596949618764,0.7526053165729629,0.667767913479921,0.8993767157845477,0.3634321778038747,0.1555822268523398,0.9160302406839661,0.08417979594074475,0.033771836666322476,0.96712690997613,0.810007376261555,0.7447130815211045,0.9863685949834659,0.9377332485823376,0.9129079150781851,0.8576417855981598,0.14384417508499056,0.0,0.9928741459855428,1.004984421053206,0.736964184521096,1.0348967044620228,1.0001341822821588,1.0003414262483663,0.9542341062450312,0.9763910238496921,0.2699064695712733,0.9248368505310275,0.6244770596430627,0.9511974401035386,0.7247514209484542,0.9728434400280543,0.5967939954850375,0.9617037476488026,0.8297390889944097,0.9732362579001812,0.6454854250694758,0.922760399967353,0.5955866247180934,0.9375982638391183,0.8242494348978598,0.969148732162735,0.6511042815893662,0.4687674146974582,0.6749436153898913,0.504832962157516,0.9911674700364648,0.9855986548925771,0.9402840694720467,0.9075632043823618,0.6479044004204351,0.46425077431607276,0.5683470652384611,0.5207538418276639,0.9931165714257892,0.937736542251872
deg5,2,3,1.6221292956754214,1.1935395730343847,0.38471515583327104,1.8371103513348086,0.907519051950167,2.149665806116458,0.7909979100241584,0.08673847974973657,0.18819272627689035,0.0,1.145994125461501,2.738908404808608,0.7530946116715751,1.4416557358989168,1.1387874486690017,1.3138488482433515,0.0,0.1859234516857388,0.6556784181264868,0.0,0.0,0.0,0.9287663174614715,0.04486715158355511,0.0,0.0,0.9818922244893135,4.315927272551576,0.4422729468861304,0.08520737397162322,0.9435517424994599,0.7123386615783421,0.09230341072140173,0.4321350901897839,0.029053299958968798,0.0,0.7237622760225383,1.437998963905509,0.9106913478414551,1.0982797305527237,1.743257432882423,0.9529608345038014,0.40675218653603606,0.5895357076234533,0.5862265528316347,0.906472769818056,0.04234873969424472,0.0,0.4570461933363493,0.0,0.4430983378611385,0.4317206967574092,0.42864222216253184,0.0,0.0,0.9333978677425683,1.311200184096758,0.7853247087132819,0.0,0.05824188863964137,0.0,0.7070766249719825,0.4275434789775382,0.0,0.0,0.0,0.0,1.1399797849740252,0.6140056703178702,0.6524282614772318,0.0,0.0,0.0,0.9800636299897519,0.07762416240374767,0.043133380640043004,0.0,0.0,0.0,1.026990101979869,2.9668503867980585,2.0521901307930874,0.0,0.10593281526016819,0.0,2.537120790034336,1.2807709415103896,0.0,1.1233248741464301,1.3554820600570219,0.8806314839942677,3.5489347099096147,2.971897611291811,0.0,0.0,0.4125073102233031,1.4552664929744117,0.0,0.03642958324859574,0.0,0.3815698616555935,0.0,0.4303442851099697,1.4699585497248147,3.995041160299608,0.31177292741786106,1.805963679624725,0.0,0.4303388543649438,0.8964317555670152,0.8090036781137201,0.2543417720182706,0.14595075873850655,0.45978173635582237,0.5055936966308606,0.6875788636586346,0.4666112416145334,0.0,0.0,0.4727338408149826,0.16483340212866143,1.718725142336443,0.6463879988494204
interval2200-2400,1,3,1.0000000000000002,1.0000000000000002,0.9988984533388953,0.99960838681796,0.9997932564044667,0.9991962285788083,0.9999035162004061,0.9998885857535303,0.9991864827433454,0.9992264730668837,0.999711883514748,0.9997615477118196,0.9908589435331934,0.9216676173084825,0.9994609304485127,0.9995037298124244,0.9833598159441623,0.8199087087292329,0.9993123744472255,0.999385628677055,0.9773798879069008,0.7861965045478054,0.9996757288633775,0.9997200625390128,0.9900041920769873,0.89244652407944,0.9991552039907264,0.9992493123061629,0.9734063975529591,0.7835168128435337,1.0000000000000002,1.0000000000000002,1.0000000000000004,1.0000000000000002,0.9986405161343668,0.9987837807656244,0.9985622642038373,0.998604601102542,0.9994030812781867,0.999478238454695,0.9968944602899866,0.9973942309651652,1.0000000000000002,1.0000000000000002,0.9989631043003805,0.9990115856773801,1.0000000000000002,1.0000000000000002,1.0005707808865583,0.9993473699717853,0.7680014928619734,0.904205129706144,1.0000000000000004,1.0000000000000002,1.0000000000000002,1.0000000000000002,1.0000000000000002,1.0000000000000002,0.9961823295275848,0.9833966554755197,0.9746447115079412,0.9966718988383191,0.9733770876736295,0.9588714361080142,0.9954589194565935,0.9514908637151667,0.929516690209874,0.9952024362484848,0.9658542071308901,0.9499971092411827,0.9939036776042804,0.9740741103998697,0.9624453104199867,0.9462542100188917,0.46363482269999023,0.22972386654954519,0.9952550889162909,0.9786009664856431,0.9679701924857667,0.9924427979709775,0.9703006465386109,0.9576740634407606,0.9721356012108759,0.8682665045159671,0.817267500846088,0.9988390587016444,1.0001053369906283,0.9661076400969427,1.0042921894349341,1.0000000000000002,1.0000000000000002,0.9516344044451274,0.9846246516544377,0.912189803634127,0.9849081475615111,1.0000000000000002,1.0000000000000002,0.9812741565858979,0.99558354267487,0.985567315499127,0.996020669703908,0.9805220945963179,0.9942824828926632,0.8990561965785415,0.9690841177810459,0.8312074821405276,0.9668583516613353,0.9826772269008482,0.9944942080869116,0.9581241839818669,0.9181646030804824,0.9576015447957759,0.9174692228206871,1.0000000000000002,1.0000000000000002,0.9906305481610618,0.9816403598130452,0.9551038248536435,0.9123102226291547,0.8726005326591902,0.900774880366095,1.0000000000000002,0.9833605379858783
interval2200-2400,2,3,1.0000000000000002,1.0000000000000004,0.9515432467753548,0.9805640183449903,0.9913986035612283,0.9668633592780513,0.9933859317818828,0.9813314755940558,0.9584366013137295,0.9175561164681468,0.9875417851870298,0.9846550577039797,0.6205696801602953,0.8113100240824667,0.9750949735369123,0.95471649224665,0.3992285592202597,0.0,0.9691488428552008,0.9503128879665886,0.12316430119716429,0.0,0.9863943292240376,0.983137773880702,0.6066279703490024,0.5139010987095726,0.9624216526852593,0.9375899594975049,0.0,0.1935451236349517,1.0000000000000004,1.0000000000000002,1.0000000000000004,1.0000000000000002,1.0267545580464237,1.0583079214435989,0.9558613625058127,1.0354155952476163,0.9763322487932212,1.0084312339469919,1.1721111634642185,1.0502806448645303,1.0000000000000002,1.0000000000000002,0.9617200908717469,1.029531843461348,1.0000000000000002,1.0000000000000002,1.3168106220695872,1.0202060188724105,0.3323324525283949,0.30027280266938267,1.0000000000000002,1.0000000000000002,1.0000000000000002,1.0000000000000002,1.0000000000000002,1.0000000000000002,1.0819147912165563,0.9811573810697234,0.7951005624870583,1.0757693131415018,0.9137398157773436,0.4037049291826542,1.1167142073173721,0.5634501778690109,0.3435207700514677,1.107365780463962,0.5459530138293126,0.46084837354083535,1.1930640189709516,0.8386258677454143,0.7780233833125503,0.9512599247119377,0.08510101216611879,0.0034965131712829884,1.1168780212577731,0.8326033415417947,0.6669314653481293,1.2303282908446949,0.8713313745073948,0.8692069296090175,1.9118577494316635,0.14920604066715035,0.18106838362685534,0.9895822346260968,1.0017004184779776,0.9993592886384318,1.4319070180940379,1.0000000000000002,1.0000000000000002,0.9578166912068312,1.3949637652551519,0.351938978195284,1.3957869981655577,1.0000000000000002,1.0000000000000002,1.0823712681532067,1.1179410926868343,0.9595193554352798,1.0876955372193697,0.9887366759080158,1.097558746933992,0.9937435116086869,1.8883520604195216,0.19556525227361096,1.204456979040149,1.0288548570386744,1.1214365690396078,0.3775320278397378,0.34387858115745723,0.29617851434407694,0.18392187794668866,1.0000000000000002,1.0000000000000002,0.8177961384587763,0.7933723909781903,0.32863769394704634,0.2936706463031101,0.5383225751154929,0.003615248623635056,1.0000000000000004,0.9228592593489319
interval5500-6200,1,3,1.0007717677455654,1.0003490191475417,1.0000000000000002,1.0011488839315683,1.0000000000000002,1.0068707022130268,1.0000594062758317,1.0013672502094306,1.0007754350421765,1.0115524881218312,1.0005547106024448,1.0040415965174199,0.991223230269621,0.8207705154570963,1.000577910402216,1.0043617512867096,0.9890338117327921,0.8536570710843498,1.0000000000000002,1.0000000000000002,1.0000000000000002,1.0000000000000002,1.0000000000000002,1.0000000000000002,1.0000000000000002,1.0000000000000002,1.0018333981363226,1.0161099125650834,0.9525564636422884,0.4587902689693303,1.0000000000000002,1.0000000000000002,1.0000000000000002,1.0000000000000004,0.9383184093160557,0.9742835310116185,1.0000000000000004,1.0000000000000002,1.0000000000000002,1.0000000000000004,0.9972016403875016,0.99792910870327,0.9958607028154229,0.9958224899940759,0.9953750931215902,0.9952379169409601,0.9561322258423428,0.9792100820051266,0.9711386529705527,0.9831903367624717,0.9879399032832865,0.9917679112265081,0.9823968252329542,0.9887602289584682,0.9931019281505977,1.0000000000000002,1.0000000000000002,1.0000000000000002,0.9885407644655693,0.8942764948933761,0.8571015389997365,0.9877855400607822,0.9083004288637361,0.8739255738451202,0.9499886820495744,0.3996205097830845,0.22520051460242482,0.9696482040651655,0.8238935956814191,0.7648365581649202,0.9343021461750387,0.5988957236129137,0.474453421233301,0.9583241011411772,0.548425701359808,0.403485624972868,1.0000000000000002,1.0000000000000002,1.0000000000000002,0.9956270057583588,0.985107130833019,0.9794034296005384,0.9177164097885036,0.48206346185732535,0.3180601399102119,0.9888204232844817,0.9994040350866754,0.8177954421518498,0.9893701211370731,0.9988473165812305,0.9998638169444207,0.920303172342197,0.9821968999286443,0.6446667038420562,0.9542566536134017,0.7254468816663482,0.9466810417106832,0.8375113207884741,0.981825063500284,0.7203516143512898,0.9622092667153732,0.9027172147204892,0.9819673166338799,0.753826722034615,0.9466606065880439,0.7644085801252857,0.9674403438265736,0.8921015063850332,0.9766466391112955,0.8824499160115902,0.7580215068872704,0.8874651050955977,0.7678379553190594,0.9943605675794216,0.9891787605698985,0.9817037896793516,0.9608800604749899,0.8852186725630556,0.7636916276400176,0.8240888305459058,0.7657239958675326,0.9918554853797572,0.9704112747285215
interval5500-6200,2,3,1.1818211431999937,1.0507487514092717,1.0000000000000004,1.229489055043395,1.0000000000000004,1.5629949454973642,0.9602919104498141,0.956173570312106,0.8356989241071442,1.385980887920121,1.0941892755964664,1.8650682627126332,1.1114625534853342,1.1041054095801275,1.1169836052199897,2.067721202987076,0.9792773018759523,0.17687178908693849,1.0000000000000002,1.0000000000000002,1.0000000000000004,1.0000000000000002,1.0000000000000002,1.0000000000000004,1.0000000000000002,1.0000000000000004,1.2188086340015998,3.73358689989192,0.4827624764485728,0.08484689638599952,1.0000000000000002,1.0000000000000002,1.0000000000000002,1.0000000000000002,0.06305463060565267,0.21315341684069414,1.0000000000000002,1.0000000000000002,1.0000000000000002,1.0000000000000002,0.8616285808458986,0.9488805803143324,0.6874277002737884,0.8411643201847235,0.6958858971745191,0.8106170801576552,0.06193813723371585,0.07836511678756065,0.1776784568633374,0.2802571479811406,0.3279549152525862,0.725893713582881,0.44403050226442864,0.39176466455705816,0.5015088904450097,1.0000000000000002,1.0000000000000004,1.0000000000000004,0.9522854199951147,0.4645249023928897,0.3393162811774471,0.9697066335196117,0.5968767301551654,0.3837595016147666,0.539734150810744,0.05935195047353677,0.012659937479001756,0.9931900437692194,0.5767194715918805,0.3840358223560457,0.7408551802078397,0.0,0.0,0.7500807289223265,0.006613747330723024,0.0,1.0000000000000002,1.0000000000000002,1.0000000000000002,0.9454559846824214,0.9899356663143463,1.1105429739464214,0.2960741484216702,0.10740339057563864,0.07300247774845332,1.0887660110055613,1.0232342104511032,1.1576191229370811,1.1233283052642893,1.0434516148506123,0.9759240604332227,0.9452490971325458,0.9200018275352881,0.042353471325544186,0.540432806377741,0.09607233728878166,0.5591822851695059,0.3030649545533992,0.7802344452239874,0.21167960851187467,0.9236438587924071,0.4946195877080409,0.9188430083239117,0.8738460766951403,0.8301277793720557,0.297927096244968,0.7309955210941005,0.8204861822689137,1.0540326345494095,0.43567575611853737,0.41607797070783387,0.24793115062889717,0.028406107106810602,0.3825644114544865,0.4792731133376276,1.078591374080872,0.8854080142497299,0.46723032615179283,0.4544935612463149,1.4596428058720012,0.3103995233899074,0.8570896047022667,0.9423027660547951
interval775-1000,1,3,1.0000000000000004,1.0000000000000004,1.0000000000000004,1.0000000000000004,1.0000000000000004,1.0000000000000004,1.0000000000000004,1.0000000000000004,1.0000000000000004,1.0000000000000004,1.0000000000000004,1.0000000000000004,1.0000000000000004,1.0000000000000004,1.0000000000000004,1.0000000000000004,1.0000000000000004,1.0000000000000004,1.0000000000000004,1.0000000000000004,1.0000000000000004,1.0000000000000004,1.0000000000000004,1.0000000000000004,1.0000000000000004,1.0000000000000004,1.0000000000000004,1.0000000000000004,1.0000000000000004,1.0000000000000004,1.0000000000000004,1.0000000000000004,1.0000000000000004,1.0000000000000004,1.0000000000000004,1.0000000000000004,1.0000000000000004,1.0000000000000004,1.0000000000000004,1.0000000000000004,1.0000000000000004,1.0000000000000004,1.0000000000000004,1.0000000000000004,1.0000000000000004,1.0000000000000004,1.0000000000000004,1.0000000000000004,1.0000000000000004,1.0000000000000004,1.0000000000000004,1.0000000000000004,1.0000000000000004,1.0000000000000004,1.0000000000000004,1.0000000000000004,1.0000000000000004,1.0000000000000004,1.0000000000000004,1.0000000000000004,1.0000000000000004,1.0000000000000004,1.0000000000000004,1.0000000000000004,1.0000000000000004,1.0000000000000004,1.0000000000000004,1.0000000000000004,1.0000000000000004,1.0000000000000004,1.0000000000000004,1.0000000000000004,1.0000000000000004,1.0000000000000004,1.0000000000000004,1.0000000000000004,1.0000000000000004,1.0000000000000004,1.0000000000000004,1.0000000000000004,1.0000000000000004,1.0000000000000004,1.0000000000000004,1.0000000000000004,1.0000000000000004,1.0000000000000004,1.0000000000000004,1.0000000000000004,1.0000000000000004,1.0000000000000004,1.0000000000000004,1.0000000000000004,1.0000000000000004,1.0000000000000004,1.0000000000000004,1.0000000000000004,1.0000000000000004,1.0000000000000004,1.0000000000000004,1.0000000000000004,1.0000000000000004,1.0000000000000004,1.0000000000000004,1.0000000000000004,1.0000000000000004,1.0000000000000004,1.0000000000000004,1.0000000000000004,1.0000000000000004,1.0000000000000004,1.0000000000000004,1.0000000000000004,1.0000000000000004,1.0000000000000004,1.0000000000000004,1.0000000000000004,1.0000000000000004,1.0000000000000004,1.0000000000000004,1.0000000000000004,1.0000000000000004,1.0000000000000004,1.0
interval775-1000,2,3,1.0000000000000004,1.0000000000000004,1.0000000000000004,1.0000000000000004,1.0000000000000004,1.0000000000000004,1.0000000000000004,1.0000000000000004,1.0000000000000004,1.0000000000000004,1.0000000000000004,1.0000000000000004,1.0000000000000004,1.0000000000000004,1.0000000000000004,1.0000000000000004,1.0000000000000004,1.0000000000000004,1.0000000000000004,1.0000000000000004,1.0000000000000004,1.0000000000000004,1.0000000000000004,1.0000000000000004,1.0000000000000004,1.0000000000000004,1.0000000000000004,1.0000000000000004,1.0000000000000004,1.0000000000000004,1.0000000000000004,1.0000000000000004,1.0000000000000004,1.0000000000000004,1.0000000000000004,1.0000000000000004,1.0000000000000004,1.0000000000000004,1.0000000000000004,1.0000000000000004,1.0000000000000004,1.0000000000000004,1.0000000000000004,1.0000000000000004,1.0000000000000004,1.0000000000000004,1.0000000000000004,1.0000000000000004,1.0000000000000004,1.0000000000000004,1.0000000000000004,1.0000000000000004,1.0000000000000004,1.0000000000000004,1.0000000000000004,1.0000000000000004,1.0000000000000004,1.0000000000000004,1.0000000000000004,1.0000000000000004,1.0000000000000004,1.0000000000000004,1.0000000000000004,1.0000000000000004,1.0000000000000004,1.0000000000000004,1.0000000000000004,1.0000000000000004,1.0000000000000004,1.0000000000000004,1.0000000000000004,1.0000000000000004,1.0000000000000004,1.0000000000000004,1.0000000000000004,1.0000000000000004,1.0000000000000004,1.0000000000000004,1.0000000000000004,1.0000000000000004,1.0000000000000004,1.0000000000000004,1.0000000000000004,1.0000000000000004,1.0000000000000004,1.0000000000000004,1.0000000000000004,1.0000000000000004,1.0000000000000004,1.0000000000000004,1.0000000000000004,1.0000000000000004,1.0000000000000004,1.0000000000000004,1.0000000000000004,1.0000000000000004,1.0000000000000004,1.0000000000000004,1.0000000000000004,1.0000000000000004,1.0000000000000004,1.0000000000000004,1.0000000000000004,1.0000000000000004,1.0000000000000004,1.0000000000000004,1.0000000000000004,1.0000000000000004,1.0000000000000004,1.0000000000000004,1.0000000000000004,1.0000000000000004,1.0000000000000004,1.0000000000000004,1.0000000000000004,1.0000000000000004,1.0000000000000004,1.0000000000000004,1.0000000000000004,1.0000000000000004,1.0000000000000004,1.0000000000000004,1.0
nomask,1,3,1.0044407721482818,1.002201855776735,0.9989230373194186,1.0125432310365332,0.9998278427664619,1.036759215749702,0.9999831990556385,1.0038095070638453,1.004411833671295,1.0386641843446687,1.0032662835397037,1.0176203512989699,0.8906479780613048,0.6689100255569036,1.0022959134188973,1.0201092929717366,0.7059704689157522,0.22098992995341044,1.00048952534251,1.0075849779403983,0.7846927047486967,0.47251056636711825,1.000284523009989,1.0033938524333492,0.8924317163646865,0.6966307442270089,1.011050583422286,1.0631391552186267,0.6536849803818696,0.04321269670150095,0.9995858861898715,1.0009160688813827,0.9556225069437502,0.8879505283530384,0.8120522366356191,0.9397576296446707,1.0036958532753062,1.0077310677453488,1.0025686966469125,1.0026679752441232,1.0171487079093604,1.0051371611618938,0.9881515810520524,0.9894693184131307,0.9891665711982222,0.9921459242194584,0.9089760353815243,0.9564784440171527,0.9353822131969204,0.9596449538354312,0.0,0.018641969929867577,0.9574224083912856,0.9753727105849986,0.984783442243181,0.9999505409676495,1.0007612752403683,1.0005885635946918,0.9804322803599839,0.8348116088660941,0.7728192627065185,0.9848101854709538,0.8343794029390159,0.7597619148198623,0.9255121616611157,0.12922889668777673,0.0,0.9687138369787446,0.7619180873621882,0.6734542559769044,0.898059228492469,0.3494636533680549,0.14624521899069132,0.9472451381009712,0.08698791143989149,0.03478004126069641,0.969313505721201,0.8119110038603226,0.7453750607693416,0.9937358191688644,0.9531212581579486,0.9260250784257215,0.8748721498108918,0.16743791258575688,0.0,0.9915960236176944,1.0045958581996919,0.730031142582794,1.0405797848466936,1.0000112971724395,1.0002968941772619,0.9592185973087677,0.9887767053550378,0.2677085711140031,0.935628274140891,0.6189052029389576,0.9502723394355661,0.7208057213170423,0.9751755573061127,0.5852759584948137,0.9615748197360009,0.8273902969906645,0.9759490683896996,0.6694542789091932,0.9511807216769572,0.6389146510045889,0.9837726208639549,0.8227629648024801,0.9715667372541218,0.6449029469667937,0.46384611932482567,0.6666509357762129,0.4959179019654156,0.9913876867140753,0.9860833552467612,0.9377575154796957,0.9043142166324059,0.6403383778558075,0.4572035861409425,0.5614378668119953,0.5215419018041646,0.9933954976362501,0.9369743813635608
nomask,2,3,1.6782066552840589,1.237533074877866,2.2294931664696396,1.9106134039242373,1.1981820428077585,2.4844191618958553,0.3416218679621011,0.0,0.0,0.0,1.6329797539763244,3.1811335005130252,0.2556906674454703,1.4836518808755648,0.43100249868252166,0.6913822152307615,0.0,0.1714226906368768,2.7571858404249374,0.0,0.9927843646831958,0.0,3.2548730157173957,1.9346568549597485,4.31369946840305,0.0,0.3394999268296037,4.1835429434132445,0.0,0.12299148793673116,0.47009622683522956,0.22802952978591604,0.0,0.3544920897376952,0.0,0.0,4.53881035423752,14.135773413899665,3.3327298992914436,4.950730663314955,4.871069512957781,10.98308223627907,0.0,0.0,4.632345603467183,13.637157424091201,0.0,0.0,0.138963869436006,0.0,0.0,0.014759632063293834,0.2731799250896594,0.0,0.0,0.9405582618099368,1.298642581501494,0.9193728871194664,0.0,0.0,0.0,0.875126727436773,0.5731003889978304,0.0,0.0,0.0,0.0,1.179050945174861,0.6860169063497562,0.3933057197570763,0.0,0.0,0.0,0.7536826138512762,0.06304641173479929,0.029791709278981175,0.0,0.0,0.0,1.0143987158755432,3.497017177706136,2.824579078897758,0.0,0.0505687928102341,0.0,1.431062581105105,1.4316884954594495,0.0,0.9332188100760149,1.3892999968724977,0.9290593594508955,1.7791082814603734,2.312781719119855,0.0,0.0,0.0,1.4843477238126341,0.0,0.0,0.0,0.0,0.0,0.23331962477231083,2.4682965121019467,4.665125353236378,0.3938743126728865,2.565275833012997,0.0,0.19953078464398158,1.0477422570083734,0.9439299652889727,0.09805567187746582,0.0,0.5044508242481256,0.5730690617228111,0.5318967384075992,0.3644257135650568,0.0,0.0,0.33090717957086413,0.15085643534302165,1.6991548685006672,0.41349859967493313
pix2,1,3,1.0044259424860187,1.0021871754080292,0.9963641559951519,1.0117302587719943,0.9991112503918598,1.0354698075697026,0.9998689246265461,1.003802083597009,1.0036231690058197,1.0384498988590063,1.0025611632714002,1.0170819781573002,0.8893864682213259,0.6702902708124792,1.0006300989459822,1.0188386175319462,0.7034892618406805,0.22477738434292802,0.9985862503467199,1.005967984158152,0.780298364884081,0.47962847149385684,0.9989799630812919,1.0021315308247287,0.8902758149880536,0.7028321194188526,1.009719438244809,1.0623515693636318,0.651578121672348,0.04253881798732544,0.999542584344535,1.0009150199021135,0.9555024811524465,0.8872904453294818,0.7926252118083181,0.9177979370126987,0.9915585208618616,0.9949787379652595,0.9981289471519531,0.9988532250531683,0.9857289013169811,0.9805681025013055,0.9877062512347787,0.9887956082986075,0.9814743110120445,0.9839015891016597,0.908857990020567,0.955766636014925,0.933214682599289,0.9554414904056797,0.41983847242345385,0.657827942502188,0.9545003021374182,0.9714289330058964,0.9850550456159777,0.9999540630925111,1.0007761674619504,1.0006154581143683,0.9806036221603563,0.8371228771516906,0.7751064627826307,0.9834300753711235,0.8300240353552344,0.757144674982337,0.9245162288698,0.1314045859809221,0.0,0.9672342147957844,0.7564020693191597,0.6688937935406258,0.8989668001850365,0.3561886140069129,0.15243535277652273,0.9297190919542825,0.08603678268534708,0.03458236908516988,0.9679434694784829,0.8103355841405053,0.7444788415476892,0.9894893862873064,0.9449514033219787,0.9173705990543369,0.8659134701675051,0.1573554327154722,0.0,0.9924299076920363,1.004808743761935,0.7361362592869745,1.0389148415318696,1.0000896830703354,1.0003213935328368,0.9582023432087289,0.9820917056645784,0.2718798133742077,0.9292416216534951,0.6224202032936408,0.9509539998361312,0.7235553392535937,0.9738276331403485,0.5932252841310947,0.9616289116701233,0.8291194477880302,0.9743810073985916,0.6552876751081014,0.934768089447182,0.6025957581894487,0.9550946429769975,0.8239031860760697,0.970247722310423,0.6474704311825707,0.46590962511002043,0.6705278580391754,0.5001630316137081,0.9913195705896797,0.9859200114538058,0.9390105263216871,0.9058643156221113,0.6433938634718787,0.46002560972453344,0.5639943371508002,0.5218411263964791,0.9933556272311335,0.9374296540453534
pix2,2,3,1.6243574379666625,1.196537137928661,0.38237022779297436,1.843304872235093,0.9125180675912351,2.1586285641479215,0.7867116986214329,0.06675469545125359,0.16664515134736654,0.0,1.1487844619729695,2.759170825444896,0.7048680429941983,1.4743336232730861,1.1588138538405435,1.3008215704243316,0.0,0.20056685926344767,0.6569785830489588,0.0,0.0,0.0,0.9393047245009472,0.06636658159836796,0.0,0.0,0.9711850490889091,4.297561403993148,0.4465336434164529,0.06646656006985799,0.9423651961843006,0.7233503930276827,0.09557764616890882,0.39121111730496944,0.02402210779628287,0.0,0.7098159360084753,1.6060361962738043,0.9176178381504435,1.17105992424657,1.827847404025656,1.113976318823567,0.3995039500716939,0.5775062803046622,0.5600616544038958,0.9811512628227353,0.036870635172986284,0.0,0.47770013761649316,0.0,0.4134286611989405,0.4322738468544011,0.4259654190783586,0.0,0.0,0.9368589585523066,1.3027201129721149,0.783659021213312,0.0,0.0,0.0,0.6381796806205697,0.3825522780218452,0.0,0.0,0.0,0.0,1.1143927895749433,0.6246986115598486,0.6152809430718582,0.0,0.0,0.0,0.9138640144361838,0.07403961857763075,0.042222322315436316,0.0,0.0,0.0,1.0358758665381267,3.173107303794538,2.1706758025500763,0.0,0.11591422125789003,0.0,2.421864630232434,1.253408267372236,0.0,1.1139260480994848,1.352313268491704,0.8848851136488532,3.454684738372411,2.9988073460133644,0.0,0.0,0.38348170451251146,1.4532879854260803,0.0,0.0,0.0,0.2661499381825893,0.0,0.3861498028338659,1.5580277015867174,4.229544040008062,0.29533474624926487,1.8369002747872802,0.0,0.3781994332181046,0.9073405261610957,0.8343965564018461,0.24621664694461054,0.12053452532426029,0.4893080290119554,0.542654076837541,0.6118727481825876,0.3976423635556638,0.0,0.0,0.47634159385428515,0.15824279762055932,1.7466669386935019,0.6569058390926267
pix5,1,3,1.0044192799073135,1.002182309037186,0.9964722017063691,1.0117266680350159,0.9990974750588479,1.0354490223557369,0.9998869165600022,1.0038699227728025,1.0037529578357307,1.0388300966119959,1.002589841087614,1.0170696330638722,0.8929753932665915,0.6714363754360348,1.0006300286363394,1.0184676540760498,0.7171154159002588,0.23784454311637887,0.9986336609339515,1.005766446283719,0.7915206186026353,0.48757580462522204,0.9989691732434242,1.0018115251587019,0.8985856320472102,0.7156626076017224,1.0097796312468479,1.0624610447072835,0.6567270751360068,0.039549768589569774,0.9995097637388183,1.0007850669367628,0.9563995722279347,0.8880365981325707,0.7918919569564704,0.9172675056364027,0.9912394934387836,0.9945683902252899,0.9979999441586758,0.9987100440565961,0.9846146551209256,0.9798847980847104,0.9876836244092543,0.9887789289388068,0.9818306494178607,0.9836399040006222,0.9088517024173305,0.9557363986314047,0.9325927219758197,0.9552992060886876,0.416249452714241,0.6896715643614545,0.9543868683835091,0.9713456258664431,0.9851724738518344,0.9999508167193418,1.0007878797888232,1.0006284136528545,0.9804755028361631,0.838800640515353,0.7760935802393009,0.9827856957794188,0.8278393070267603,0.7567401746793189,0.9238070253291671,0.133906486834013,0.0,0.9665672431427018,0.7543733670046885,0.6688486649698497,0.8988427778160315,0.36046063883923135,0.15415608135186423,0.9203439291895096,0.0849319731875319,0.034030841380402965,0.9673693656034802,0.809998007329806,0.7445889183294517,0.9875014699148302,0.9396974303457376,0.9142483767288317,0.8608609408548967,0.14869315350072904,0.0,0.9926979923690393,1.0049245866338168,0.7354036439862827,1.036050101054443,1.000117609448485,1.0003347138997272,0.9541828882951667,0.9784691691897872,0.2677528928515913,0.9264456445754803,0.6240826653093423,0.9509497743655791,0.7238652605888518,0.973188669042622,0.595170932758584,0.9615312271770312,0.8287449496335981,0.97357439361833,0.6472209038901263,0.9272142844500425,0.6043139999645148,0.9445777629175884,0.8237705351874071,0.9694888345931447,0.6503400012051479,0.4678736692044638,0.674206148773835,0.5038458262010974,0.9911694864494365,0.9856175028745177,0.9401231169696972,0.9073102981184484,0.6470380882504905,0.4631853185838483,0.5696135278832867,0.5209680000113913,0.9930796923069124,0.9378991675585057
pix5,2,3,1.6200329480908586,1.1920150149441502,0.3932726147140938,1.831612129101533,0.9064068454995902,2.1480583006874947,0.7943743432048254,0.0946023783081246,0.1928522333207546,0.0,1.1542948720797088,2.775544968412451,0.747935219731526,1.4556205945214058,1.1482831633704738,1.2864765275586751,0.0,0.2030775620212766,0.6607483781015568,0.0,0.0,0.0,0.9206024794261262,0.005130127475538652,0.0,0.0,0.9880404291275297,4.315825742174084,0.44253279231764486,0.06394112555192545,0.9335154037230948,0.6816712463540705,0.08387842138859872,0.4055272292175702,0.02959989427540882,0.0,0.7702189632648673,1.6280995993679583,0.919149106881629,1.1179797928819422,1.947212938569341,1.5768330254401746,0.3994263480304859,0.5897847376091615,0.5898974132558574,0.930562668423719,0.040259655400994236,0.0,0.46000930496694653,0.0,0.3248632104887746,0.2717475407877513,0.43332829560254754,0.0,0.0,0.9369180651880004,1.307532453452771,0.7888406289372166,0.0,0.0,0.0,0.6567011313294928,0.41259152251895304,0.0,0.0,0.0,0.0,1.1528831282049536,0.6377673778475316,0.6427138936416312,0.0,0.0,0.0,0.9411977158613476,0.0758990599136585,0.042639228343858526,0.0,0.0,0.0,1.0223958839360838,3.0496715248283395,2.105088091043035,0.0,0.10929198502300373,0.0,2.491167163158677,1.2824384531125546,0.0,1.1139856799325507,1.3573393200515902,0.8851350034004712,3.4768743126391772,2.9573275649292317,0.0,0.0,0.39744808168249224,1.43726360213381,0.0,0.02542924856126218,0.0,0.3295208757699643,0.0,0.39508930848157237,1.5021813576376541,4.077552037877938,0.31951418247279556,1.8785823579628143,0.0,0.4181986376726331,0.8751024314523136,0.8009508785675393,0.27860164841151436,0.15509680037509657,0.4713694007304831,0.523461588619738,0.6654649920520846,0.4431620721751562,0.0,0.0,0.4991912463965597,0.16470225943918582,1.742634542363671,0.653603162117723
pix7,1,3,1.0044087485697593,1.0021747101861782,0.9967066772181246,1.011759278747229,0.9991227016469808,1.035459077827858,0.9999237254532171,1.0039371381844668,1.0040165383829764,1.0392559840725437,1.002629409742798,1.0170549630095633,0.8966280047503664,0.6715387809407155,1.0007286250276441,1.0180782504706265,0.7341296060099721,0.24879426653519957,0.9987508264813042,1.0057037901462498,0.8024304356071753,0.4974154398992709,0.998994047099844,1.0015816689957389,0.9060923961009262,0.7248618970076002,1.0099595704411632,1.06273233123715,0.6642721711371901,0.0387492903236416,0.999485620610135,1.0006794028005812,0.9573028659124203,0.8870018372324232,0.7913983585967288,0.9168086818679532,0.9913540100873902,0.9944036845740208,0.9980847900905551,0.9987230987104216,0.9834353155706597,0.9794675443931151,0.9876684596691153,0.9887646954612666,0.982015312545812,0.9835623145651382,0.9088398616451793,0.9557105486936509,0.9319834688295235,0.9552098849137918,0.41831037673720933,0.7100646497141534,0.9543164709295113,0.9712657555154474,0.9852802782922347,0.9999482171092519,1.0008025108145095,1.0006493021859681,0.9803276234376687,0.8400306295482028,0.7773918992021456,0.9821376385226838,0.8260531801315852,0.7560732498115285,0.9229245422528622,0.13621560794816992,0.0,0.96574597584454,0.7531229280176033,0.668540651507199,0.8983090984655154,0.3640938085614037,0.15678714365292876,0.9115706452911003,0.08347326576168294,0.033347812200808145,0.9667296493694759,0.8098713324717155,0.7450122867317179,0.9855274899658575,0.9356533871301186,0.9109771156786879,0.8556879054513936,0.14127080830593367,0.0,0.9930978618431571,1.0048146827506779,0.7368460278920365,1.0323196657364795,1.0001642359483403,1.0003480114832806,0.951200493918292,0.974759799108608,0.2707187086329223,0.9234938943456019,0.625763243619424,0.950752779296633,0.7251046094718497,0.9724788157277279,0.5980312962830913,0.9613051236825453,0.8297318583172856,0.9727732744292407,0.6402783145388564,0.9198333532065333,0.589318398226157,0.9360767497013706,0.8239270744271624,0.9686244940768881,0.6538501938690892,0.4702966029830924,0.6776328088919925,0.5065877672234952,0.9909946852211365,0.9852855329017247,0.9408878331501558,0.9081146063860108,0.6513655577398252,0.4668339981536064,0.5749601885376917,0.5220371799026945,0.99275219352973,0.9381685352086768
pix7,2,3,1.615123462443118,1.1870220892343752,0.4066120470933099,1.818622018090204,0.90377565257462,2.135992578760591,0.799140833545951,0.12017304587862056,0.21337733047520757,0.0,1.1551463869339915,2.768628479062974,0.7788442546402266,1.4271685309515758,1.1255665372292507,1.2610764550255513,0.0,0.19347162434285442,0.6695555041221763,0.0,0.0,0.0,0.9077884458465892,0.0,0.0,0.0,1.010377288679105,4.353901589202435,0.44391909949471325,0.06797952449290136,0.9263969409976489,0.6423826979989267,0.07392556188095169,0.4141612524637005,0.03478930885305634,0.0,0.7887725284597525,1.5670264785857129,0.9338820515791401,1.1184254627189392,1.923821265603227,1.5733463386550357,0.4052818368463371,0.6084170875603824,0.5978904666802025,0.9151753733492516,0.0434823781866597,0.0,0.44345117645190557,0.0,0.2872020345822577,0.2107951281061298,0.43954833151491957,0.0,0.0,0.9394811521231636,1.3152696126141992,0.7831402124035288,0.0,0.06763692167020174,0.0,0.6679138747426784,0.38530710170335764,0.0,0.0,0.0,0.0,1.1743748071176907,0.6447078424520089,0.67516186234961,0.0,0.0,0.0,1.0023450164075283,0.07832426914775918,0.04479223723681842,0.0,0.0,0.0,0.9513505941800109,2.911757986723081,1.9648247278582078,0.0,0.10405760087298473,0.0,2.6817722164774445,1.2929204607116471,0.0,1.1165502659922486,1.3564515237936838,0.883878843621467,3.616340904129887,2.960726941211712,0.0,0.0,0.4284138304432163,1.424008589370932,0.0,0.0922838332927661,0.002262937779443584,0.4066158764375598,0.0,0.4310933973704631,1.4409457657205225,3.889776804027723,0.2919454451302006,1.8243505845376455,0.0,0.4733492742091025,0.8618707553876113,0.780318154677732,0.2968383245810601,0.17808296672167434,0.45655483228161464,0.5123431826265867,0.66744928549134,0.45685230585917713,0.0,0.0,0.527481440528226,0.1778229627997955,1.7410741164872097,0.675030646909534
thermal100,1,3,1.004431138315949,1.0021920484925706,0.997695321917725,1.012116892831657,0.9994883219393104,1.0360888923984335,0.9999248660337272,1.0038065023049068,1.0040196933642567,1.0386221771658075,1.002915649493855,1.0174672515805718,0.8877330599585787,0.6684374359014108,1.0015110632431836,1.0197826321256107,0.7005056781005312,0.22350098834128437,0.9995452633861293,1.0071293235206626,0.7737900624531661,0.46896381482392774,0.9996377265498462,1.0030121680179704,0.8846433341814784,0.6924829553012264,1.0103880187240606,1.0629439661635438,0.6512527177963165,0.04538326670385153,0.9995653060147416,1.0009158034119614,0.9558536615950853,0.888809213094737,0.8026611858991646,0.925075418490871,0.9985901437169619,1.000335768560623,1.0008444254721056,1.0006528815358866,0.9953165705248317,0.9899962918716366,0.988000594079892,0.9890217985499352,0.9860731926887321,0.9879969126322925,0.9089377912884679,0.9561893470490783,0.9346785387667464,0.9577432498313293,0.4726842115129048,0.23525144778840199,0.9562009374157984,0.9725153780721996,0.9849137864061394,0.9999539126253001,1.0007634985712672,1.0005972380133832,0.9805667559704058,0.8351556465787788,0.7736229739885668,0.9840714560517964,0.8332876535911116,0.75684044870141,0.9250335695243216,0.12936174873764358,0.0,0.9680230920248685,0.7606079933509198,0.6701383201113073,0.8986787941038605,0.3504934162641406,0.14844315758075952,0.941439409436727,0.08691148805605371,0.03465972188127881,0.9688025148573808,0.8115631774896492,0.74442144308033,0.9914967334688123,0.9516547411309618,0.9222990419530391,0.8719663028153004,0.16637734547343558,0.0,0.9917342170152788,1.0046877910900536,0.7311098120515648,1.0408733178069265,1.0000263687936661,1.0003071201724019,0.9586493416212182,0.9860445542887806,0.26897691515948335,0.9329506624814937,0.6196662984766554,0.9505345065272393,0.72142061324656,0.9746184274217498,0.5868711375337888,0.9617938694740112,0.8277225999088308,0.9752170341949362,0.6664261385070012,0.9430067107187389,0.6308772197088308,0.9644890554537393,0.8228079385657269,0.9709550835463279,0.6451841968383987,0.46383903828247963,0.6667791651217753,0.4950865814197933,0.9913935371479538,0.986124120628817,0.9377165649831033,0.9038088391374108,0.6406176138769086,0.45704900293847345,0.5611530799875744,0.5219859056222856,0.9934343854060851,0.9367687901205839
thermal100,2,3,1.6263422135195658,1.201138968604803,0.5786777321410242,1.8484611344922024,0.9711196095792496,2.1829606175383542,0.758319097898862,0.0230745900229067,0.0567438507565261,0.0,1.200235560540442,2.826346412445763,0.734613269429276,1.4491184260776424,1.1752726946908816,1.2488129241475172,0.003963114861521652,0.2206768995733611,0.8339838054787799,0.0,0.0,0.0,1.1238529476003285,0.3346159662939804,0.0,0.0,0.9618801788941136,4.282870591832027,0.44095635139899225,0.05470023778788702,0.9105541147719448,0.6452453683795794,0.08713504903390502,0.4012688758475036,0.01486624112882007,0.0,1.048524993859655,2.047003335791703,1.1960065542524678,1.4173221789701256,1.9478311888160125,1.4383272917993646,0.32175113066336086,0.48738858243625116,0.8372062692791328,1.591180270547959,0.019248728781513708,0.0,0.49481654912348644,0.0,0.41912712482090114,0.42703572054179895,0.4196790794739279,0.0,0.0,0.9327387075141824,1.3034145695618131,0.8457526366404426,0.0,0.0,0.0,0.5711538424034039,0.38256408151873,0.0,0.0,0.0,0.0,1.1506976031220304,0.6177598300505531,0.5239249276046081,0.0,0.0,0.0,0.9611210537257788,0.07129979837731189,0.0431349177303587,0.0,0.0,0.0,1.1021852869663533,3.308779137207341,2.2511667441340273,0.0,0.11112723401691481,0.0,2.041418363520559,1.20963843863113,0.0,1.1369200271695108,1.363753515131297,0.8673524904409964,2.7204852389769756,3.2929976136764076,0.0,0.0,0.21119968181096832,1.3966078457159132,0.0,0.036835562819519385,0.0,0.35487472830629313,0.0,0.4263919764671211,1.9527122032988002,4.416182450747358,0.3485976049357643,1.2474515968203919,0.0,0.38323422774450294,0.9160811078629109,0.884165740760061,0.2481369916482521,0.07908326734902867,0.5177248549299099,0.586712271702837,0.5058647773323376,0.2647062830013767,0.0,0.0,0.5654829201529833,0.11790516961990413,1.8282735526461846,0.648624715124497
thermal25,1,3,1.0034361906495035,1.0016286611182956,0.997663329660232,1.010008280310441,0.9994431262296442,1.0239205559673152,0.9998033229090479,1.0022364539119157,1.0025731508225477,1.0223376759646743,1.0020646747395177,1.0092350464509077,0.8884210864233423,0.6797813623551522,1.0005959528910984,1.0102941938647647,0.7025973730373922,0.33817225727095146,0.9994002567971824,1.0053448927227346,0.7753532912244856,0.536792997954061,0.9995244049030183,1.0023077700050844,0.8859260667434343,0.7606091271676295,1.0073967677427198,1.0329934963038219,0.6529003403409152,0.05287384347894362,0.9995599404021213,1.0007104552037336,0.9561878027370138,0.9736599726583886,0.8038205389304903,0.9254715725552678,0.9985815224046352,1.000010510077618,1.0007632005375156,1.000536615860073,0.9922354550212943,0.9897199957123265,0.9880495884957954,0.9890702545309389,0.9861012228451022,0.9878344837423145,0.9087639282415954,0.9562321737259964,0.9345970384126269,0.9579944858943346,0.49073562119014535,0.15635962436389172,0.9566602848089187,0.9728197047960059,0.9849847323534607,1.0001479833314781,1.0003998177500946,1.000340659828047,0.9797314467136363,0.8369010604682235,0.7875726981255976,0.9834919696127887,0.8335158834921346,0.7613214707643744,0.9234903205054549,0.13124811082492294,0.0,0.9674065525876827,0.7608115492548564,0.6733266624930023,0.8956516260907728,0.35337783475207163,0.18882724674451978,0.9426240269126084,0.08386712356805551,0.012440694963839212,0.9674409108625249,0.8120197819187494,0.7517774676454183,0.9907570301308759,0.9506208008356117,0.90390597761165,0.8620891670721578,0.16949484990712285,0.0,0.9890555567885687,1.0033083216247265,0.7134088805825657,1.0229044035861303,0.999528289405528,1.0002331021713717,0.8821952522906729,0.9856662517874718,0.280120450583673,0.9284557844697021,0.6462408992110336,0.9480351137251072,0.730776911824778,0.9741803253805967,0.6252734550745076,0.9607018495172371,0.8249687408307397,0.974205626641607,0.5650171384961127,0.9379467208896444,0.4868731255495249,0.962162416629374,0.8220178590349813,0.9701523853041618,0.9516314925372442,0.4527822329266272,0.9469524030843498,0.4820844692887432,0.9997976794885957,0.9871044444675017,0.9871203691196998,0.9003593897555394,0.9502593554857759,0.4435708413420117,0.5646875894612469,0.5562413345700487,0.9949737117588606,0.938458814029943
thermal25,2,3,1.5256221660082894,1.172160827558027,0.6670459018242088,2.0343736958325787,0.9905585523786332,1.8074458817465742,0.8173722201226812,0.5304758800903802,0.3996289337219526,0.4370083069697339,1.2109171012342084,1.9907012581163506,0.8356661322323431,1.5846613552809201,1.2022962439548626,1.135811338933163,0.011333632557670573,0.019058363255766885,0.9564999709514274,0.14847178195093602,0.0,0.0,1.091399442290285,0.8760788604389984,0.0,0.0,1.2690493801889635,2.90628427262699,0.42428096201195176,0.12650613146158238,0.9394681257260551,0.8572569490450314,0.0375019139133686,0.48143563902950387,0.04476505504876008,0.0,1.2006557314646458,2.1398330820249116,1.2684481893882045,1.4066011748712879,1.9023439533514293,2.16284444258813,0.34501663820509915,0.5534851949262082,0.7806947267163935,1.453052169801716,0.020507242285017928,0.0,0.49321256897807175,0.0,0.18345549073409553,0.08266412516913221,0.44254618152840175,0.0,0.0,0.9959389600166771,1.120781795297051,1.0436944101872798,0.0,0.0,0.0,0.7655702562160343,0.39690565338528266,0.044518445320161734,0.0,0.0,0.0,1.2897164727449586,0.6139884315981827,0.6820456429402071,0.0,0.0,0.0,1.1356137466357488,0.06602003006832692,0.038916921043956096,0.0,0.0,0.0,1.034685846546329,3.336606839427711,1.7349546500225974,0.0,0.12370598757519069,0.0,2.1021916657455972,1.1576949709096653,0.5542251414986723,0.9649338055595267,1.2574889781732264,0.8781492646984872,2.4776767499782064,2.9786734196054425,0.0,0.0,0.3861090844066823,1.1476958417887833,0.0,0.3388997491915514,0.2749235494505573,0.3641465420127107,0.0,0.588056655382484,1.2319755974499802,3.67738619233659,0.23633100673058205,1.8950985981108937,0.0,0.5235108501697143,0.44839246755764506,0.8641878439301084,0.06108895329435665,0.044873067141489136,1.0344087059320024,0.31073969115845407,0.6042848311629838,0.5771523625012902,0.30727494436335545,0.05826589963101961,0.31872081235255545,0.1198567292232735,1.33423357024888,0.838736260966372
thermal50,1,3,1.0044315433043272,1.0021925285925886,0.9977136498348337,1.0121287452691285,0.9994926117453441,1.0360994536887425,0.9999294299811816,1.0038075763647483,1.0040495423034166,1.0386314888814867,1.0029215901830764,1.0174511871626488,0.8879653988757582,0.6685077500849437,1.0015397200540397,1.0197580065300413,0.7010402247557477,0.22322597116467638,0.9995593283376781,1.0070834933529986,0.7746099992535128,0.4694327038555336,0.9996341584985177,1.0029587334354177,0.8852653606227437,0.6930386045662525,1.0104110411732228,1.0629257151815978,0.6515002540574402,0.04512687484973802,0.9995668530917979,1.000916221171009,0.9558403019529668,0.8887037950115486,0.8033765968543357,0.9257571527069569,0.9989577984003923,1.0006082336182638,1.00100528448078,1.0007251059778333,0.9958077460200113,0.9906296453930838,0.9880248377551565,0.9890483165542421,0.9861195467988212,0.9881472271733638,0.908939802095058,0.956224916477398,0.9347186000994923,0.9578812261741633,0.46609316896656194,0.20115228946006927,0.9563488750471414,0.9726567318780556,0.9849007674963123,0.9999535761938382,1.000763414861971,1.0005973465731708,0.9805519739337768,0.8351558152766436,0.7736972309306438,0.984144688662236,0.8332320742856894,0.7569909446975513,0.9250769111730529,0.12933313391762313,0.0,0.9680875391868305,0.7605730208222056,0.6702512180601569,0.8986087903544445,0.3504927486495934,0.14874562945740805,0.9419279068185831,0.0869511703191238,0.03478807123490725,0.9688496724196544,0.8115704628749265,0.7445545083804487,0.9917356482237237,0.9516638388094667,0.9222539561910961,0.8722531071429154,0.16646001289877865,0.0,0.9918093930446014,1.0046784466022074,0.7318309694884272,1.040872886161527,1.0000323330773981,1.000306099800007,0.9588826817001874,0.9863249735870121,0.2694683877110366,0.9331921698809422,0.6198997895423265,0.9505079605948934,0.7216678455696893,0.9746735302759464,0.5874746101616598,0.9617669299220049,0.8279079135298263,0.9752911380496377,0.665616149203442,0.9438702210981297,0.6273452077662665,0.966564202949659,0.8228205970325284,0.9710133961298804,0.645155833264194,0.4638438712869271,0.6667707261822535,0.4951954135706578,0.9913929083839672,0.9861192204908652,0.9377237522238562,0.9038744094238569,0.6405898938296389,0.45707248072174694,0.5612117824605057,0.5219424944824937,0.993430060461034,0.9367982467897522
thermal50,2,3,1.6249275747006842,1.200457038560788,0.596078646281382,1.8425165071966991,0.9721255802062687,2.1791998527637113,0.7575342197094639,0.03163611523835043,0.05841586251257826,0.0,1.2072339405191104,2.8120491894999766,0.8268259649680979,1.4656198418542479,1.1917038513382163,1.2616733597575722,0.020524161040900317,0.20934448411679943,0.8627337644682712,0.0,0.0,0.0,1.127984473209299,0.23920202551838946,0.0,0.0,0.9631436368533506,4.283579524534431,0.4159653852557029,0.060861253193806225,0.9087244504999298,0.6631069270321875,0.04769089262424654,0.3923559887657299,0.01608913741026976,0.0,1.2964030306597443,2.3655868623649905,1.446995562637283,1.5016432558002488,2.040107617555403,2.157916138549005,0.3237635897289704,0.4968467840906034,0.7319178886597428,1.6346282947921413,0.016980423393791366,0.0,0.49061359826049417,0.0,0.3417932083079385,0.2417447693643283,0.4243387533030786,0.0,0.0,0.9342364368116546,1.2999712712511,0.8268959463555997,0.0,0.0,0.0,0.5956940712675356,0.4125098539125061,0.0,0.0,0.0,0.0,1.1346442875835343,0.6306313565706674,0.5469468883736402,0.0,0.0,0.0,0.933612905868161,0.06932501992367844,0.04292807068347608,0.0,0.0,0.0,1.071309452513972,3.3771789097902607,2.250652328836386,0.0,0.09978309656083885,0.0,2.1336922688780957,1.2280850095031606,0.0,1.1128379186695871,1.359863487565081,0.8758850510694105,2.903680963734684,3.1650963022426124,0.0,0.0,0.25468952644354076,1.4145066333683183,0.0,0.005171618096745356,0.0,0.29871663899341144,0.0,0.3959279268322511,1.8554228153846752,4.3976701092056105,0.33190440980422864,1.5202310711797846,0.0,0.3476552891431866,0.9339730240291853,0.88447690031176,0.2255109919722542,0.07260309097443707,0.517101850207186,0.584981518591132,0.5222912018431465,0.30523533342847575,0.0,0.0,0.5285538827426944,0.12785553290915344,1.8069138299185612,0.6437669508585915
deg1,1,4,1.00031120683115,1.0001251175417427,0.9992462472290454,1.0004694856256555,0.9997942148457007,1.0018012828178222,0.9998774481099806,1.0003714121110883,0.9996042559393336,1.0037582130164135,1.0000102532646817,1.0016776493293384,0.981169565727367,0.8262251932098709,0.999590755636333,1.0018700818012045,0.9538109281933295,0.6239578497348356,0.9995548060351168,1.0006141892322007,0.966513308706492,0.7847758708552063,0.9997635746456621,1.0002373366340152,0.9836142076509451,0.8787369071207549,1.0000940870253165,1.006094790504527,0.9385437093585552,0.4933099568639211,0.9999160523115863,1.0000852078867584,0.9942401996271454,0.967236209285157,0.9749621332968076,0.9905171066738818,0.9991249654576545,0.9996156823551922,0.9997925538267717,0.999901279389698,0.9993410205800983,0.9982624120475265,0.9984892379078321,0.9985424535000478,0.9975379002608035,0.9978190716507382,0.9882048339437352,0.9937480080223061,0.9911709638767361,0.9936600368855778,0.09589777182395061,0.6447484440415344,0.9950193879898657,0.9967614467984298,0.9980515343032795,0.9999520962537762,0.9999603565221273,0.9999482977720457,0.9919949171167433,0.9435101693446671,0.9167481564768198,0.9909644987422804,0.9286170183611646,0.89646580226744,0.9722838264012176,0.6859320994154312,0.547495695058974,0.9836295472214394,0.9022215971129431,0.8595964393364183,0.9656055633930192,0.7955107064374456,0.7047754785236134,0.9126576272710243,0.20672078726136606,0.07040449711212356,0.988270598739372,0.9391932161605283,0.914324885841167,0.9882536902071367,0.9571578455022556,0.9413895253577639,0.9361842760033878,0.6545025239753868,0.5072138869257791,0.9944466283433464,1.0004273051458261,0.8855531261048987,1.0032144956792954,0.9995895375059902,1.0000284668552055,0.9328283902038416,0.9751419114972153,0.73258624984017,0.963293869974407,0.8938283007041314,0.9827099889683767,0.9106394653571808,0.987646027781349,0.8755226118119197,0.9847444595783307,0.9349815024079358,0.9862322338004933,0.8072874393148733,0.9446519399913932,0.7340950517096549,0.9507569986415993,0.9344531669407253,0.9840226102517852,0.8938482743918877,0.7854271110816083,0.900485742570403,0.7997281006649297,0.9974991879295642,0.994634620588597,0.9815266596106343,0.9626083672510176,0.8930212523478326,0.7842670706455008,0.7838738684979359,0.7616023842296309,0.9954509541686674,0.9681800537841068
deg1,2,4,1.1210642327179803,1.0505666875479855,0.9524520617284398,1.2364083814663702,1.0011093894904024,1.8162653579443313,0.9693591758048119,0.9215920788801035,0.9312788003171965,1.1524760596122707,1.0747998405941888,1.4528098513580283,0.8146015589380302,1.0681108187821458,1.0386422709773062,1.1854029986018841,0.0,0.1892730486378535,1.0210776600807996,0.7466686397318169,0.2548630359022214,0.0,1.0223134609798412,0.9105598019675547,0.6736555722654173,0.09970794110848225,1.183329568310739,2.4774332367969487,0.3394381537329339,0.09232166553459485,0.9887233913844857,0.9877761531373175,0.5482430882762939,0.5578352014654555,0.1103648977319467,0.7295123048616327,1.6827357120393158,2.259167808830798,1.257291361019047,1.3722684490659978,3.0409090673475543,2.5221422626725594,0.7911804286186501,0.8538200888915009,1.4503002286357969,1.6918671214821588,0.2633204675054331,0.4426910385831788,0.5956248417221708,0.649006628797049,0.0,0.1686543308330185,0.5573262776977875,0.6393923392173196,0.6680570209975917,0.996779062919014,1.0348958361491765,0.9920168549143554,0.7827318080608359,0.2472041116772327,0.0,0.9931777864777125,0.7507597132882645,0.1629072657882809,0.25479647507682746,0.0,0.0,0.9949528059909029,0.6717187406767436,0.5902532630308439,0.0,0.0,0.0,1.339043969603235,0.09298222492494089,0.056709065125772944,0.44732944963839766,0.15596310223698734,0.0,1.2357064723762152,1.990222537358085,1.7269204917564205,0.5108679740283788,0.13594991127926295,0.0,1.149070741469857,1.0354019366270724,0.18299828346787353,1.1246924982150368,1.0439899278806104,0.9886755531373352,2.2544326115640247,1.5810758159104163,0.0,0.7833903757183495,0.16104947020525212,0.8459625668449292,0.0,0.9049783995428049,0.0,0.7736632488327544,0.023957401916562267,0.9632412092904933,1.970329303228038,2.0634889677851898,0.3923360851429176,2.2976911413613323,0.1518113254087364,0.9245533803285458,0.46879490476695024,0.4184225871379288,0.38250142193304804,0.27293638056215946,0.9389740424839094,0.9409712416078321,0.839253609768798,0.7817382353797783,0.2755937473096949,0.2165771523401663,0.5145025495378954,0.3059059595573434,1.0958601179337368,0.9292462702362206
deg5,1,4,1.00030599398793,1.0001208435209834,0.9992558479756825,1.0004275251422297,0.9997889267813372,1.0017300319705484,0.9998717025951507,1.0003779843188274,0.9995808454399777,1.0037830817833633,0.9999998177006805,1.0016462463137845,0.982520593854295,0.8306148003127765,0.9995878075826562,1.0017723290698337,0.9587437562728977,0.6506893068904259,0.9995495879223535,1.0005287804366256,0.9704903119610936,0.8015005148109743,0.9997658458367853,1.000161203993439,0.9863299091279618,0.8946089219193654,1.0000516435510667,1.0060631680917016,0.9409522420824511,0.49789010156410707,0.9999102369929666,1.0000812630630658,0.9942507134168532,0.966766503097602,0.9734150259795324,0.9883118298647819,0.9987577208089427,0.9988421030852601,0.9997061157061021,0.9997238800080047,0.9963807209821296,0.996394503134589,0.9984585048240597,0.998460841211332,0.9974504080956085,0.9974555652364854,0.9881763690049282,0.9936779388877793,0.9909791580606749,0.99344639665827,0.8647342419060461,0.9502985688961858,0.9948085455736861,0.996276028602055,0.9980445065958761,0.999950387961305,0.9999567206154332,0.9999401643792567,0.9918268986258836,0.9432222234952002,0.9160531684110284,0.9909480383179817,0.9291791154368672,0.8981037868417284,0.9719925717772073,0.6860120168599658,0.5475622106044348,0.9835675414017628,0.903081469034779,0.8615646782061528,0.9650899406459937,0.7949424809595818,0.7032038052812198,0.9125926546677443,0.21098027785405876,0.07546127475132319,0.9883194282430523,0.939527202135731,0.9150634527448643,0.9885107082858388,0.957965794329184,0.9433668312394727,0.936454032469231,0.6567054839513422,0.5120828556064079,0.9943404818781275,1.000426258235029,0.8854092439441255,1.00219403624065,0.999578867480332,1.0000283655479785,0.9337722162543659,0.9753665637133286,0.7339039914789988,0.9633380568537573,0.893285791175634,0.9824421577180499,0.9106719538684963,0.9876876846785949,0.8749275037783939,0.9845388242241708,0.9350006988883874,0.9863127611992324,0.8096676580958975,0.9453731140691942,0.7490372676007168,0.9535823046360662,0.9346107012595132,0.9840204117970924,0.8967178227280351,0.7906575306447406,0.9038219944358515,0.8060352026743661,0.9974603177846947,0.9945343089422771,0.9823814551978393,0.9643037085580293,0.896305891895673,0.7903445484032569,0.7927798957004879,0.76531867281719,0.9953403461470167,0.9692810158287268
deg5,2,4,1.1223430020780119,1.0513198406435278,0.8768629343933004,1.233382962646226,0.9759541389679806,1.7999366718202778,0.9739406217186657,0.9279218226449266,0.9473453890296518,1.182139329314501,1.0535788428322468,1.4450037292289997,0.741874885430346,1.0230121258749907,1.0057335957642641,1.188544186101782,0.07161077268870727,0.2024411231403634,0.9437808031040529,0.7271492364005533,0.0,0.0,0.975245714440243,0.8881431084356277,0.4596926464090783,0.09207921793630733,1.1696412783839487,2.4848188053111904,0.4072361799912625,0.11033764097230735,0.9922477723353514,0.9907205432314082,0.6339493176323797,0.6269030233464449,0.12206283354226981,0.34138653507332367,0.9381911054528047,1.0345756669221344,0.9860397258344604,1.0082481176387592,1.2458560766825588,0.9403549676878395,0.8375313343949141,0.8906002022810533,0.812121157237088,0.8985025453495629,0.29408397770985073,0.5325180987922123,0.54544265603909,0.5682378121802831,0.44494334645447536,0.4690695024152507,0.5789678769920028,0.6757501581285011,0.6922426667007179,0.996997147399386,1.036756573030462,0.9942167327010436,0.8365768544118105,0.41924214409548477,0.0,0.9901411788848773,0.7328019500221831,0.25300852980707483,0.3294013631389363,0.0,0.0,0.9963897913871087,0.6249697271476823,0.5767578097086852,0.004330415539769894,0.0,0.0,1.4163597009868856,0.0979064981403438,0.059623463895769724,0.4871538910463954,0.19809360957207636,0.0,1.1940760583124248,1.7255903359687086,1.492657261878023,0.5325074276051989,0.10644720323144649,0.0,1.169039287366854,1.0519031375241121,0.47528052173594343,1.2182357631638048,1.0448615117241609,0.9892300451311747,2.4389003276830707,1.5692875607823293,0.0,0.7508757987087904,0.17647268455727214,0.864505160822541,0.0,0.9134363881427555,0.0,0.8293744341550304,0.08934228232245979,0.9650849106921982,1.6327911579926406,1.8615600049655199,0.4076206359974001,1.7824523353840673,0.2261260937307012,0.9512007342994937,0.44847667726808776,0.391252956421902,0.3999907838129701,0.29756629003421003,0.9266101252780782,0.9252570726731656,0.8657965336471087,0.8110105754630987,0.2916712877933317,0.23399172006139443,0.5270410690946351,0.3264694757435413,1.0876164376608501,0.9291131388852639
interval2200-2400,1,4,1.0000000000000002,1.0000000000000002,0.9998599311497981,0.9999505995056739,0.9999738045015101,0.9998994788231008,0.9999874996717912,0.9999857727306563,0.9998955657012671,0.9998984855985332,0.9999633851816478,0.9999685698343854,0.9989966034637939,0.9902656712174154,0.999930996678044,0.9999345195625751,0.9981973854624049,0.9778148208362307,0.9999140461064342,0.9999216578946135,0.9975583155844179,0.9734490627780483,0.9999593012711653,0.9999634241023355,0.9989246249054032,0.9866468347512036,0.9998931245205737,0.9999026948965358,0.9970999195711728,0.9731539372986694,1.0000000000000002,1.0,1.0,1.0000000000000002,0.9998330037474039,0.9998402439853515,0.999830377435899,0.9998182319527891,0.9999290715106517,0.9999324674733132,0.9995911390396918,0.9996667461467607,1.0,1.0,0.999862229556621,0.9998615248291194,1.0,1.0,1.000030185003933,0.9998983058155304,0.9687542090717276,0.9879686752090886,1.0,1.0000000000000002,1.0,1.0000000000000002,1.0000000000000002,1.0,0.9994937140993276,0.9972555085251107,0.9951198819053862,0.9995543938921551,0.9956543300367167,0.992277223881874,0.999381926735607,0.9921898049908925,0.986732887960354,0.9993603788851685,0.9944024636139578,0.9902464537997616,0.9991798744263852,0.9957887570566217,0.9929390317700441,0.992807009967547,0.9035656117581807,0.8256357336827689,0.9993648123091119,0.9965163137195286,0.9939137289320379,0.998987599842436,0.9951411657422236,0.9919478775072219,0.9962528321967137,0.97830632585125,0.9647089315048003,0.9997824693359576,1.000009037768051,0.9942193146022045,1.0003927818224523,1.0000000000000002,1.0000000000000002,0.9918836184226226,0.9979456042151896,0.9860612372995727,0.9979598184210958,1.0000000000000002,1.0,0.9969268906948169,0.9994111843319432,0.9976713397451835,0.9994728115569815,0.9966916327990837,0.9992444095906073,0.9834716267708421,0.9958595524365643,0.9723660815489624,0.9956005062214556,0.9971821435888439,0.9992734667266803,0.9950387322152283,0.9901784101299799,0.994974136021699,0.9900935815485153,0.9999999999999999,1.0000000000000002,0.9988894045942782,0.9977958603566404,0.9946809341143301,0.9894758944247843,0.9841936863958207,0.9877425020872478,0.9999999999999999,0.9979336283084718
interval2200-2400,2,4,1.0,1.0,0.9876708112325825,0.9954280654671925,0.9977748125231443,0.9913175040307802,0.9987054569863663,0.9971515645236654,0.9903703499453873,0.983584278846915,0.9968656970695444,0.9958085375547314,0.87160786245332,0.7124714385141369,0.9938145792658748,0.9900290992174502,0.7636199088065738,0.04940998981758823,0.9924435585447223,0.9887600074082123,0.6794110445835506,0.1632429385181534,0.9964591554152259,0.9951624272063314,0.8578190259916587,0.586519304082277,0.9905688524251285,0.9857202111054303,0.6238048745687089,0.11489653204013224,0.9999999999999999,1.0,1.0,1.0,0.9941519239083715,0.9995229559140995,0.9874953362353923,0.9966170859133707,0.9945448239764417,0.9983008895945905,1.0033320928103822,0.992543857883358,1.0000000000000002,1.0,0.9914152241329631,0.9981525734705344,1.0,1.0,1.0319931399334363,0.9992304830599548,0.3303185818923857,0.47143373541123107,1.0000000000000002,1.0,1.0,1.0,1.0,1.0,1.0128857205162658,0.9317448382791057,0.8754393604957701,1.012341585551629,0.8772700764755297,0.759340656656193,1.0240065166876087,0.7308345880312989,0.6288676937113452,1.015502100949686,0.8182420279928969,0.7398324131428503,1.034957027134575,0.8706134480611689,0.8192201919401708,1.0127792685947006,0.03771028826456442,0.0,1.0219069137659083,0.8906477694936553,0.8335897221565511,1.0388133333692535,0.8612012041535491,0.8113555102383575,1.1494866244168462,0.39836838736236574,0.18916351004997597,0.9956260983101335,1.0041510411615926,0.902661449782417,1.1694960075131235,1.0,1.0,0.8540853548874426,1.0656656252546028,0.61066440146898,1.076681111261686,1.0,1.0,0.9541292799025206,1.016666446306838,0.9484323892851373,1.0126622764010722,0.9395550108513394,1.0129715848836727,0.6883899018304387,1.1513543963689041,0.31662472084446897,1.0585170826264167,0.9492141274791956,1.0153682220910085,0.5056778529106924,0.4624932085971936,0.5092987683944281,0.4585513347966019,1.0,1.0000000000000002,0.8918550951885776,0.8796708561627672,0.46942188690192455,0.4234010441284355,0.49770757545666755,0.5000395713526748,1.0000000000000002,0.9356105914185924
interval5500-6200,1,4,1.000050344231178,1.0000138184615006,1.0000000000000002,1.0000673673580847,1.0000000000000002,1.0001662813580494,0.9999950413052644,1.0001298671563246,0.9999892411129888,1.001100380902534,1.0000295673817916,1.0003877308770674,0.9988189940234322,0.968423750018435,1.0000293002950014,1.0004189182386232,0.9985021458381185,0.9745056599608103,1.0000000000000002,1.0000000000000002,1.0000000000000002,1.0,1.0000000000000002,1.0000000000000002,1.0,1.0000000000000002,1.0000707745978719,1.0015428130662754,0.9937464650478078,0.9051644234621093,1.0000000000000002,1.0000000000000002,1.0,1.0000000000000002,0.9933579888825089,0.9970538012783886,1.0000000000000002,1.0000000000000002,0.9999999999999999,1.0000000000000002,0.9997007088596153,0.9997652379560453,0.9995073577849725,0.9994897121414047,0.9994282966791673,0.9994089283818486,0.9947153435606872,0.9972935180400447,0.9965584308295201,0.9978424957020611,0.9987346066966691,0.9990755828783309,0.9981510032790001,0.998765173499294,0.9991802046362447,1.0000000000000002,1.0,1.0,0.9981292721227859,0.9809018240889633,0.9704206441967509,0.9980033253334776,0.9832366974164657,0.9736640363767779,0.9919422543177071,0.8871254774890666,0.8301936628019077,0.9951408967607142,0.9680372154565823,0.9514125409779622,0.9893926230920586,0.9270322877753341,0.8911378134125837,0.9933153718324436,0.917739420982566,0.8748996501302465,1.0,1.0000000000000002,1.0000000000000002,0.999313402529785,0.9973616000448738,0.9958653477871648,0.9866837898942759,0.9040837670400151,0.8562509949099959,0.9979159589135354,0.9999190937115361,0.9661232102852113,0.9986193419175813,0.9997866538486376,0.9999839502062788,0.9852003848380311,0.9971249726682575,0.9344845977463497,0.9926485536273141,0.9491682664766259,0.9913788425780835,0.9701319431839224,0.9970942138093208,0.9484278241568855,0.9939538034331961,0.9821052387437864,0.997045796055976,0.9543126317472166,0.9914092444370225,0.9565607087065618,0.9948090552041168,0.9800531381045321,0.9962121681366569,0.9827578943370462,0.9614403046485873,0.9834609505242797,0.9630285915149838,0.9992389583956471,0.9984108825265382,0.9972658316542745,0.9937097331710008,0.983165138220848,0.962342259251994,0.9684899150477114,0.9598846032529718,0.9987022703674319,0.9948176348855391
interval5500-6200,2,4,1.0374357921489286,1.0188948329421035,1.0000000000000002,1.0564826848251323,1.0,1.4023263666467505,1.0035860813952757,1.049106964803263,1.043451515452772,1.4604603327974746,1.027529309798345,1.2078727406207674,0.9560036529457424,0.794450968846074,1.030784316306633,1.2346501465597417,0.9361204410405918,0.653651606329413,1.0000000000000002,1.0,1.0,1.0,1.0000000000000002,1.0000000000000002,1.0,1.0,1.098700258867801,1.7978470237673942,0.6709615843200203,0.08216494433985169,1.0000000000000002,1.0000000000000002,1.0000000000000002,1.0,0.3812565166367617,0.6874695273001209,1.0000000000000002,1.0,1.0000000000000002,1.0000000000000002,0.9607619806657192,0.9751078833819307,0.936982605881544,0.9493116549764562,0.9324345095840892,0.9423898419806209,0.5069013417984539,0.753865735986368,0.639144732835693,0.799144347036511,0.8036349714300065,0.8960311514262687,0.7471504273666427,0.8419714922247091,0.911148752582808,1.0000000000000002,1.0000000000000002,1.0,0.9578378173764106,0.7224612771986882,0.6517915311636563,0.9571887994001875,0.7857645914829852,0.6919276794474238,0.7720833513003365,0.023528959326367106,0.0,0.8763925314326637,0.5920992480457936,0.5004176023165144,0.7714833869742664,0.11863205046040999,0.0,0.8283430391023617,0.03826323995781499,0.0,1.0,1.0,1.0000000000000002,0.9729355700161645,0.9585195942252757,0.9703927818723015,0.6739995560520927,0.06429056218671186,0.0,0.9944928373366297,0.9998130518176842,0.6850300609245963,0.9343742033721255,1.0016800468658407,0.997623640677127,0.8351714657382029,0.9296317928815288,0.16114266888153644,0.7965370919339422,0.2662422951093389,0.7682821967807972,0.5374617085125986,0.9083952040780461,0.36961376723793743,0.8510297750867251,0.7457697599982536,0.9346442997419359,0.519663217781147,0.7913481986899192,0.46159309144264965,0.853161637078113,0.7787573501957623,0.9228558160983966,0.420862758581218,0.3396934101838833,0.4168055604783058,0.3069858022267517,0.8936597528449303,0.8999293387075653,0.936084527352669,0.8955943803084113,0.43669222309947514,0.3584989917804483,1.0031082356805134,0.4278593849030805,0.9397554849189687,0.9511583442359499
interval775-1000,1,4,1.0,1.0,1.0,1.0,1.0,1.0,1.0,1.0,1.0,1.0,1.0,1.0,1.0,1.0,1.0,1.0,1.0,1.0,1.0,1.0,1.0,1.0,1.0,1.0,1.0,1.0,1.0,1.0,1.0,1.0,1.0,1.0,1.0,1.0,1.0,1.0,1.0,1.0,1.0,1.0,1.0,1.0,1.0,1.0,1.0,1.0,1.0,1.0,1.0,1.0,1.0,1.0,1.0,1.0,1.0,1.0,1.0,1.0,1.0,1.0,1.0,1.0,1.0,1.0,1.0,1.0,1.0,1.0,1.0,1.0,1.0,1.0,1.0,1.0,1.0,1.0,1.0,1.0,1.0,1.0,1.0,1.0,1.0,1.0,1.0,1.0,1.0,1.0,1.0,1.0,1.0,1.0,1.0,1.0,1.0,1.0,1.0,1.0,1.0,1.0,1.0,1.0,1.0,1.0,1.0,1.0,1.0,1.0,1.0,1.0,1.0,1.0,1.0,1.0,1.0,1.0,1.0,1.0,1.0,1.0,1.0,1.0,1.0
interval775-1000,2,4,1.0,1.0,1.0,1.0,1.0,1.0,1.0,1.0,1.0,1.0,1.0,1.0,1.0,1.0,1.0,1.0,1.0,1.0,1.0,1.0,1.0,1.0,1.0,1.0,1.0,1.0,1.0,1.0,1.0,1.0,1.0,1.0,1.0,1.0,1.0,1.0,1.0,1.0,1.0,1.0,1.0,1.0,1.0,1.0,1.0,1.0,1.0,1.0,1.0,1.0,1.0,1.0,1.0,1.0,1.0,1.0,1.0,1.0,1.0,1.0,1.0,1.0,1.0,1.0,1.0,1.0,1.0,1.0,1.0,1.0,1.0,1.0,1.0,1.0,1.0,1.0,1.0,1.0,1.0,1.0,1.0,1.0,1.0,1.0,1.0,1.0,1.0,1.0,1.0,1.0,1.0,1.0,1.0,1.0,1.0,1.0,1.0,1.0,1.0,1.0,1.0,1.0,1.0,1.0,1.0,1.0,1.0,1.0,1.0,1.0,1.0,1.0,1.0,1.0,1.0,1.0,1.0,1.0,1.0,1.0,1.0,1.0,1.0
nomask,1,4,1.0003133975317025,1.0001269857981152,0.9994708333383091,1.000544700489733,0.9998563988782516,1.0019246533309667,0.9998882187971415,1.0003736451883456,0.9996790417736553,1.003777430348022,1.0000733945551272,1.001711668987913,0.9816985653797233,0.8260858848495886,0.999738930486838,1.001946399070546,0.9550558608476124,0.6238388242953474,0.9997240802750669,1.0007116016343816,0.9680805885043572,0.7840689066881709,0.9998790019677947,1.0003155038963931,0.9845422530486626,0.8780820711893699,1.000213490306729,1.0061447174106248,0.9395129946585,0.4932857699192761,0.9999204101975072,1.0000860008958397,0.994269341519631,0.9672537818449505,0.9769556173257046,0.9920690698296702,1.0002494742764028,1.0005933004212106,1.0002160141883594,1.0002095751456601,1.0014036439471012,1.0000519617970764,0.9985378199002571,0.9985949093906578,0.9982878655962014,0.9985078857256235,0.9882222318250911,0.9938248495427009,0.9913417113145382,0.9940409634683905,0.0,0.027107317430557703,0.9953065151221656,0.997025040972685,0.998050369940292,0.99995221242344,0.9999600364294523,0.999947497179815,0.9920105640868628,0.9434812764113196,0.916678269997097,0.9910455782274762,0.9288046450846734,0.8966351739955579,0.9724028442757655,0.6860183398692892,0.5474426641619421,0.9837315242875164,0.9024494336419548,0.8598253305441478,0.96565491408383,0.7954254554109658,0.7045735948381493,0.9138676957523615,0.2070975398426114,0.07103362302428509,0.988354169530653,0.9392839360354128,0.9144679967189098,0.9884401292411756,0.957422547393617,0.9418917373282779,0.9366547501776956,0.654902871136154,0.5080597322793955,0.9944397679138398,1.0004264706491424,0.8857309727883006,1.0032712131458823,0.9995885857964993,1.000028352940029,0.9334123927112115,0.9754672053148044,0.7332391180133389,0.9636829494587845,0.8937127941544984,0.982716561932521,0.9107332077713707,0.9877318468013124,0.8753754971940052,0.9847792775319064,0.9351241599084277,0.9863257623394076,0.8089001250810811,0.9453931870650174,0.738275592830369,0.9518746516246896,0.9346424397591344,0.9841188670043263,0.8937108872002444,0.7853505296350006,0.9002938666716443,0.7995740692171185,0.9974996970011044,0.9946367003122856,0.9814606832882206,0.9625434113839771,0.8928689147621353,0.7841753943647629,0.7836511827907445,0.7615193232538245,0.9954521687201378,0.968139475164946
nomask,2,4,1.1193865641021792,1.049930605419396,1.2725513422734682,1.2880846663265744,1.0697483696633507,1.9080998032556753,0.9489752853262159,0.8997691209100018,0.8290263988700701,1.0595189905319538,1.1506870450800395,1.5158986431376402,0.9114850636434872,1.0587710844935119,1.0944867954306472,1.1964704402056818,0.0,0.19541624555170856,1.2904923825396748,0.9492494847270538,1.660972059444468,0.0,1.2958663320926382,1.1676531829413455,2.0286857049985434,0.0,1.2076874722890683,2.4759845111300387,0.0,0.09945450946621097,0.9710441130809597,0.9581180611235015,0.039786767364015416,0.5684206348199498,0.13557826710949494,0.8034470760198191,2.2694366539252377,2.961947149485558,1.5293578529015994,1.6032956288892255,3.474623449943064,3.086045835730172,0.7442635451802047,0.8174614956437768,2.675725534906105,2.8946631109363294,0.2214742496127877,0.33387472267944135,0.6892133369742095,0.7818148134347137,0.0,0.014944639858596101,0.5530347392962445,0.6188098391021103,0.660094898774405,0.9965104288279609,1.0346953450014786,0.9960784832169146,0.7599321881762834,0.18923483916243966,0.0,1.0249248917039313,0.8593209469065813,0.23612157393076774,0.24098196209029993,0.0,0.0,1.0237553975532885,0.7436810429389041,0.5783281378082085,0.0,0.0,0.0,1.2325149164242755,0.08711951562775029,0.04234436062230558,0.43660468105152267,0.14496704976643782,0.0,1.2752958336255107,2.1071628184048907,2.0794144370466054,0.40608195161609395,0.10610644591992856,0.0,1.0763686425999812,1.0372121351986485,0.0,1.04138261002623,1.0422746474675124,0.9898120492610344,1.812018447256488,1.5573212139571544,0.0,0.800832418854351,0.05893982865911453,0.8643363133093225,0.0,0.9019574624811753,0.0,0.7315151909687684,0.0,0.964061096185436,2.2896542435973446,2.2344817327133994,0.4776610406040256,2.6846722639866414,0.07095519784048156,0.9262125353807883,0.48194041556025174,0.4244431014427575,0.3665248026701589,0.2683252613529943,0.9392596761132493,0.9400406366113203,0.8284518887844392,0.7804087606877591,0.2757808973868028,0.21524236180200873,0.4869171788009553,0.2985950695033809,1.0926788000720469,0.9171471601101392
pix2,1,4,1.0003073690564444,1.0001218880346507,0.9991646827341577,1.0004166173642917,0.9997677878803892,1.0017164544794483,0.99986530211447,1.0003695133321286,0.999535255506025,1.0037367147103944,0.999982553563538,1.0016527151745547,0.9815224156996556,0.8280175340775315,0.9995191876059251,1.0018046085882786,0.9546258121084197,0.6292646365411945,0.999499911618039,1.0005414599359668,0.9677197625625251,0.7916237776718348,0.9997342954908339,1.0001856503356132,0.984429517196208,0.8847974824316155,1.000011898661992,1.0060474714550065,0.9389182106320219,0.4945187111770164,0.9999111272299646,1.0000844726976357,0.9942115867429011,0.9669765422696626,0.9733846466373541,0.9883187773462637,0.9985450345322329,0.9986668812448484,0.9996269195017854,0.9996613758531442,0.9961788323681577,0.9961760888339758,0.998462330590291,0.9984676396248879,0.9972851902244109,0.9973490623731738,0.9881858226308692,0.9936902128789928,0.9910454749485996,0.9934179561696612,0.823480927612917,0.9198995796063038,0.994828334776543,0.9963100268531088,0.9980498946357498,0.9999515252255542,0.9999595598159173,0.999946301294291,0.9919332414123971,0.9434345069063597,0.9165477980208463,0.9909169763498457,0.9288361885203332,0.8971292416287835,0.9721354176223279,0.6861060184334589,0.5477949988842433,0.9835580136051417,0.9025632368613944,0.8603295329885685,0.9654003822177261,0.795354279132667,0.704304729378819,0.9118015725335674,0.2075994615955317,0.07154780865817663,0.9882525623032762,0.9393338037199266,0.9146475596312739,0.9882678209719028,0.957451281314777,0.942028076371627,0.935959576246905,0.6551468664405243,0.5087883606033967,0.9944107886031053,1.000427431650147,0.8853714747754866,1.002825472367382,0.9995861947823664,1.0000285008618268,0.9328683954586385,0.9750382872183031,0.7330361792329052,0.9631561334527761,0.8936741800490812,0.9826259250656236,0.9106492149180567,0.9876182864073206,0.875407676314842,0.9846419865541247,0.9349562415886172,0.9862261462513094,0.807505608043224,0.944596592070388,0.7367264431459699,0.9515981338790274,0.9344060770149144,0.9839763337095553,0.8948394992391141,0.787276190824369,0.9017680713526485,0.8022135069868028,0.9974881160466231,0.9946034983127929,0.9818763795293997,0.9633148082393685,0.8941466270265637,0.7863951547049244,0.7868971801816071,0.7626072174056597,0.9954197660269423,0.9686374501843593
pix2,2,4,1.1225898563511167,1.0515971076101653,0.8719400799378678,1.2335421154116868,0.9755608233744222,1.8017324606068439,0.9731551760395397,0.9253374302227108,0.9426279300421696,1.168233118330661,1.0531948283562493,1.4464115979342254,0.7314913941356552,1.051634189680969,1.0041175631025534,1.1809895755040198,0.050625417007102186,0.21087926457600728,0.9419735095793486,0.7218181662673513,0.0,0.0,0.9747078113165354,0.8877784667016919,0.4279209723787073,0.1099840789417563,1.1670434994236043,2.4815491471938627,0.40650122620555146,0.09099127615686192,0.9924222066270371,0.9925739144817274,0.6397570042114155,0.577023742193924,0.12274215301048834,0.35489527287164635,0.9410988318404534,1.0596060520734305,0.9894229643072533,1.0177424972294382,1.306160938385448,0.9742926327407666,0.8367389691068858,0.8897294670726211,0.8061609757934743,0.9110290413019456,0.2919526977421567,0.5293735223362123,0.5591173807111721,0.5686262947646764,0.4144287035049094,0.4524419797090428,0.5783360840429206,0.6760024227373013,0.6817204943399198,0.9972655342777339,1.0355644101028592,0.9926487023602556,0.8139497315271949,0.3108965690305243,0.0,0.9854921619332103,0.7340801917455286,0.2219836744630634,0.2895229036948085,0.0,0.0,0.9905086277535964,0.6481682375151514,0.5789774549575567,0.0,0.0,0.0,1.3586255008307944,0.09552438921641347,0.059077137175932305,0.46427845252595423,0.16796263124163843,0.0,1.2176258213894342,1.8813758466046278,1.584714777259666,0.5460294446345612,0.13029944896983428,0.0,1.1615064976755118,1.0422608226368912,0.4155112821827476,1.2042859518082063,1.043950119151788,0.9889832644553318,2.431610057642594,1.595346581252098,0.0,0.7475755617500756,0.17349338309230633,0.8524834304552018,0.0,0.9092806721169427,0.0,0.8019944099280525,0.06268680185778214,0.9644685938425794,1.7311871013817304,1.9651368902986572,0.3763515765907289,1.9724360541196728,0.19667289568491406,0.944191293694478,0.4553194489764223,0.40204454545642415,0.39966025168260194,0.2915251350630909,0.9342043541790642,0.9341658936739835,0.8517786958110592,0.7951960682927633,0.27790251824557427,0.22151115745210923,0.5291762997720177,0.32061209067775165,1.0932630046786582,0.9338871351063908
pix5,1,4,1.0003064286772778,1.0001211822532816,0.9992176691368392,1.0004234537407048,0.9997765040427572,1.0017251338625839,0.9998690177779337,1.000376450587327,0.9995650416880267,1.003777896007942,0.9999949709030951,1.0016535236447435,0.9822362727933291,0.8303856275514763,0.9995512425811056,1.0017737632973616,0.9571290139260442,0.6435591891277577,0.9995301547466358,1.000527067661688,0.969673440715176,0.7996247027973092,0.9997505605464391,1.0001576612256695,0.9857909408583422,0.8929633635451709,1.0000366866502561,1.0060621398157392,0.9402834062926165,0.49781223517752576,0.9999095070439716,1.0000715808957983,0.9943827025958196,0.967751426282387,0.9733772889244332,0.9882977340577049,0.9986124635523973,0.9987093927383122,0.9996585089212858,0.9996814848132183,0.9961795374828358,0.9962140307751013,0.9984600703276999,0.9984643686216064,0.9973954736447622,0.9973892568807516,0.9881790372815313,0.9936822753736535,0.9909918520018454,0.99342725689723,0.8361601055046997,0.9367542353666163,0.9948178412300587,0.9962956150844662,0.998045392362161,0.9999506302027097,0.9999575500400929,0.9999418519974175,0.9918496893506344,0.9432773734653382,0.9161817370886707,0.9909473875459576,0.9291859506904244,0.8979484904916678,0.9720460175548271,0.6861251045405636,0.5477514765772764,0.9835966796234568,0.9029518449842671,0.8612640124865355,0.9652124131603224,0.795159261742832,0.703638877461991,0.9125631331606204,0.20998214592730738,0.07438816473654097,0.9883210180015242,0.9394655960069186,0.9149553259572704,0.9885134722148766,0.9578263747108579,0.9430801381159988,0.9364913760131331,0.6563838234230153,0.5111797420017438,0.9943600637579018,1.0004263196202787,0.885350266302309,1.0023831263236878,0.9995809061757284,1.0000283737832143,0.9334491337729803,0.9753687575294504,0.7338578762466124,0.9634349191239535,0.8933864026411743,0.9824796506753164,0.9106428325537392,0.9876909736179966,0.8750644553497589,0.9845864259851153,0.9349376077609542,0.9863015440958031,0.8090971332314801,0.9453560552450495,0.7454672240629742,0.9532437010081497,0.9345670337243259,0.9840352254058199,0.8963854446794006,0.7898857460573826,0.903458877524727,0.8051753242920631,0.997466545213317,0.9945504726971895,0.9822977827266393,0.9640980731726667,0.8959070270701253,0.7894204854494484,0.7917564032908405,0.7648852096592434,0.9953589180448738,0.9692001462120614
pix5,2,4,1.1222755880900095,1.0512915821263435,0.8762997035291891,1.234287414880491,0.9753598993624181,1.8003646657652421,0.9742370521441217,0.9275652040358962,0.9484805031894921,1.1811787381923526,1.0545316412764894,1.4482213242921214,0.7415480840202302,1.03725371095577,1.0050319941605097,1.1767424463199894,0.06421672233246006,0.21029263545830684,0.9441932798812178,0.7235772023418192,0.0,0.0,0.9739529520839006,0.8810957483471795,0.4534394184918003,0.13102939359036772,1.1708190171644806,2.484922611082225,0.4074361747199235,0.09305121855073957,0.9912682813557901,0.986350895822403,0.6382363864620061,0.5846241066108168,0.1274147336365445,0.4042833812169525,0.9505938106247358,1.06051825960166,0.9884809536417111,1.0119624247499934,1.344122823241525,1.0207745243605577,0.835822072391496,0.8906346057352963,0.8158262419587843,0.9046542838208894,0.2924236416862225,0.5297726744333802,0.5476265453350773,0.5714048716079,0.325964119649497,0.3398625046320024,0.5809125579704842,0.6859514046131946,0.6882758131104459,0.9973246387900684,1.0363362444549418,0.9939445675745661,0.8237813118374774,0.3790967299986541,0.0,0.9858833309464813,0.7220739727581905,0.23296399831166145,0.311607623142683,0.0,0.0,0.9982050753322355,0.6424679924680761,0.587397981192452,0.0,0.0,0.0,1.3851425747654382,0.09736250787639972,0.059342327679257734,0.47708482652768774,0.1879317210484368,0.0,1.1998138219263166,1.7708330760944406,1.529565242847606,0.539095041659081,0.11558130791273429,0.0,1.169356764168662,1.0492568375752793,0.43625418964661367,1.211429944107057,1.0452230930397977,0.9893420979198706,2.4122954641430354,1.5771327478283346,0.0,0.7520955358946907,0.17992181971306628,0.8601011107160442,0.0,0.9138551795347656,0.0,0.8190578574685708,0.06236837347145654,0.9640773427050474,1.6722318904005393,1.9006787943657533,0.4119840987725051,1.8702781792742127,0.2089934926774061,0.9502656220166235,0.4443602444877463,0.3902599669287386,0.408298407743602,0.30159102784529424,0.9294168352617603,0.9291047365772473,0.8637850776360502,0.8072263765079992,0.285469215092069,0.2282402235211664,0.5435783675916295,0.325703152539412,1.0903667382751352,0.9314430978069694
pix7,1,4,1.0003054312141375,1.0001204409182496,0.9992826987576521,1.0004367852913774,0.9997891827971824,1.0017420344032593,0.9998764739402852,1.0003832607778897,0.9996184396490009,1.0038229562603007,1.0000078106312145,1.0016531998133293,0.9829694281226151,0.8327071495622044,0.9995957557206049,1.001739236045707,0.9600941344159969,0.65876120845026,0.999564434558916,1.00052376972963,0.9715706037100954,0.8080719733931132,0.9997674930253311,1.0001369888620861,0.9870174610103986,0.9000100458861131,1.0000784230503372,1.0060920835025124,0.9420873303826424,0.5029364782182372,0.9999087353512023,1.0000611455552744,0.9945543664182996,0.9681949869196064,0.97339125587034,0.9882951932644497,0.9986929323388862,0.9987615487366364,0.9996911044248663,0.999705164479394,0.9961935182657667,0.9962781979595506,0.9984585289136931,0.9984619630953062,0.9974541018630999,0.9974244929267353,0.9881724415285488,0.9936756157435332,0.990936935255463,0.9934365696189443,0.8463676669635738,0.9442764457535189,0.9948118424283519,0.9962856574114733,0.9980400289791436,0.9999496565981479,0.9999545554211698,0.9999368633391598,0.9918312532475394,0.9433015102750288,0.9162015005888428,0.9909853712186938,0.9294285044175216,0.8984992515172495,0.971939614294116,0.6859928266737721,0.5474773511888532,0.9836115745721947,0.9031649457916088,0.8617325331827504,0.965030653010016,0.7949986891397688,0.7033192627404832,0.9141413441937972,0.21371049467099848,0.07784726326140992,0.9883838591629809,0.9395662855004815,0.915170554092788,0.988714512196478,0.9581924988710457,0.9437389178797612,0.937010460351441,0.657841449536064,0.5134481508083184,0.9943823472048412,1.0004034699874524,0.8856926294472783,1.0018622762351845,0.9995762884482585,1.0000282022611597,0.9339935963099157,0.9757514782326999,0.7346197679441218,0.9636412164915156,0.8931711044105883,0.9823028064709965,0.9107417109231288,0.9877609659652701,0.8750979723505781,0.9845604818733992,0.935161957056531,0.9864017999074883,0.8099367874155041,0.9460416407644593,0.7492398292470294,0.9545121748275339,0.9346396641741568,0.9840976575841364,0.8983100040000642,0.7932561838876743,0.9052695406071929,0.80836324292147,0.9974411147314586,0.9944876065753211,0.9826701556682357,0.9647855355202066,0.8980643624914219,0.7932507423258537,0.7968414536867431,0.7685998064701687,0.9952871526868992,0.9697343052219844
pix7,2,4,1.1217438236731025,1.050778476952687,0.8821040141940826,1.2339536553034491,0.9757020848867449,1.797893961834569,0.9751784553237106,0.9302979583305931,0.9546909406421192,1.2002419410508263,1.055246500813827,1.4482961265186534,0.74804140016693,1.0246291185877208,1.0055033717186121,1.176382500295963,0.08150493337729176,0.19640086059735945,0.9470250683865036,0.7338867775858215,0.0,0.0,0.9737933577068251,0.8796347221780146,0.47151140333254526,0.1511150474080649,1.1753847726573319,2.4936171407516525,0.4107036865915029,0.09996300618768059,0.9902360114146064,0.9808911366794755,0.636774953425027,0.583219064749871,0.12836127049948015,0.4148882610164062,0.9514243814457953,1.050785487405217,0.9892494082747194,1.0111605630759741,1.3175431641347737,1.0122151854613881,0.8362226560627374,0.8920628443473224,0.8175085415472322,0.9006103922559066,0.29392070925148667,0.5323169581462692,0.5373855001518092,0.5720528060871705,0.2880355871079285,0.3002029031705931,0.582579123083765,0.6922046745632764,0.6975761974699581,0.9977043772757896,1.037279183229106,0.9948018066489891,0.8348613875261238,0.4334603817330361,0.005786300431551977,0.9836682350241469,0.6999325107872072,0.220587698641351,0.33779329809688025,0.0,0.0,0.9992383036585603,0.6451545092784462,0.5880217393219653,0.007395705499774677,0.0,0.0,1.4296660659429137,0.09849577008032336,0.061316450344279336,0.4912238875410844,0.2094319289421712,0.0,1.1699779083285688,1.669792801421657,1.4535849426709613,0.5282401043028515,0.10103208351358252,0.0,1.1811688846427004,1.0538144817606088,0.5388464347159564,1.212694007755094,1.0454497480696803,0.9898395463126255,2.445813781094767,1.5520172664032115,0.0,0.7493972642926289,0.17888936527459906,0.8691701609336717,0.0,0.9178978927879589,0.0,0.8331168830053307,0.121663290414937,0.9633842036298678,1.5908362081077447,1.8112801471326792,0.39407137195425496,1.7565661089412827,0.21947839825145732,0.9548663109206894,0.44000687355748813,0.3840732986607171,0.40786879508753876,0.30430708815584856,0.92605350980978,0.9261531797128194,0.8650351620426212,0.8113173387824336,0.2945424579588862,0.23446716039378368,0.5569087018456678,0.3410507869170036,1.0879885371335747,0.931902779535439
thermal100,1,4,1.0003093547546078,1.0001234790816815,0.9992027135836311,1.0004415062322223,0.9997817092074652,1.0017562510457267,0.999872702035461,1.0003713570060406,0.9995763879448057,1.0037582043542495,0.9999948801975215,1.0016789953555232,0.9808158904246578,0.8257187339602629,0.9995586246718069,1.0018732311347547,0.9531913096774302,0.6233626765913359,0.9995193168260548,1.00061800611996,0.9652687526008699,0.7824012334294916,0.9997420481829263,1.0002410740646535,0.9826277368522269,0.8765160333801728,1.0000557510301507,1.0060962753519944,0.9381943870242037,0.4932662899420659,0.9999142497247157,1.0000851959566974,0.9942449052734562,0.9673095338776887,0.9745141883960289,0.9891283860723292,0.9991327371422429,0.999137593666412,0.9998325787774892,0.9998038918373304,0.9972099327331277,0.997081649711899,0.9984927846245587,0.998497423099142,0.9976012496294254,0.997662955134814,0.9882026061325992,0.9937416792575865,0.9911703544160211,0.9936132775160456,0.8126687038473819,0.5396646711181935,0.9950022684907055,0.9964510443959824,0.9980545591705771,0.9999522381830914,0.9999604913334523,0.9999489960217663,0.9920009458995366,0.9435238849235672,0.9168164534020918,0.9908186769848983,0.9284896961014668,0.8958832002913724,0.9721465226025736,0.6858601948659757,0.5472115215545801,0.9834777195325737,0.9020701548293127,0.8589554143242489,0.9656327263060793,0.7955498070327439,0.7049649533425755,0.9116283432098776,0.20656948342401052,0.06995047018864632,0.9881464448681612,0.9391409931960377,0.9141135413917841,0.9878012697738298,0.9570282594857147,0.9409067059712357,0.9355029120397143,0.6543342923462601,0.506657151283821,0.9944423168840263,1.0004293296836484,0.8855098696641148,1.003074793796424,0.999589313253007,1.0000286873877724,0.9327577401497137,0.9745718986425717,0.7325799843692061,0.9627850967405859,0.8938423658053751,0.9827258030018543,0.9106412796327731,0.987521495411777,0.8755288424591565,0.9847522302277472,0.9349706417656406,0.9860702701122692,0.8071945950466113,0.9429975974214011,0.7339080196075423,0.9468994357826869,0.9344379686635411,0.9838756582458393,0.8937242479824814,0.7850317559497944,0.9002697010388538,0.7990793670724606,0.9975019311663952,0.9946420248980764,0.9814376811316634,0.9623652570540709,0.8928744797228199,0.783808720445898,0.7831696749674838,0.7612720486032275,0.9954588832336103,0.9680361620451102
thermal100,2,4,1.1218870104830077,1.051230090783227,0.9073931271746664,1.2366764953973726,0.9862798398449983,1.8074534769323676,0.9717133548127556,0.9215901921791658,0.9363794797731926,1.1513781856440664,1.0616216343276283,1.4568015372883376,0.7325551477942017,1.0489129754937425,1.0182249406865702,1.191561473212734,0.058348595039985324,0.2162838255622453,0.9691827389781673,0.7571673652663483,0.0,0.0,0.9989904333330013,0.9258695880315794,0.3907210095663227,0.12856534495324048,1.1731498040373942,2.4830429068806747,0.4064181149194931,0.0905642293113303,0.991291509962937,0.9877307818203142,0.6441406582714378,0.5775530893945777,0.13193349331258952,0.3604059496834374,1.0327994523135977,1.1351446618226473,1.03585119611778,1.0530461540675946,1.3954050540345426,1.058128256025619,0.8325814970402194,0.8853745017965335,0.9115524414410879,1.0054835676973743,0.2869771331020911,0.5175981178628211,0.5813398950594563,0.58721150038113,0.42503644685030556,0.4295011126942338,0.5784420953729947,0.6710400230135314,0.6807360662820388,0.9973018309449971,1.0350047539737322,0.993519934336353,0.8042724852523626,0.24697817301438768,0.0,0.9779004441936543,0.7546499058724194,0.16582120214147694,0.2725344176537172,0.0,0.0,0.992668790610888,0.6716013060688816,0.5845798602783495,0.0,0.0,0.0,1.3990450477976726,0.09297172919444359,0.05761267008144334,0.46766036424020696,0.1558174505139241,0.0,1.2165609561021076,1.9939209612979611,1.6606015510143148,0.6116600843908029,0.13456601407622298,0.0,1.1515190740867307,1.0406486942384374,0.11925717983587382,1.2135196766598753,1.0447889045865537,0.9884728722589887,2.1887552404143427,1.626147096188071,0.0,0.7893484440517753,0.15430079614111145,0.8262668856626191,0.0,0.912358066547709,0.0,0.8112979811283729,0.027560692860046164,0.9664748896345497,2.0037915688925794,1.9701286957554511,0.4190551307819146,1.7601023975647871,0.19610550849519728,0.9436588995278254,0.4636715773265529,0.4237965559668255,0.38533727642408755,0.2585837079301789,0.9406033213240136,0.9449214972676845,0.8303758314348602,0.7605259097892353,0.2795260717102147,0.22547602556401225,0.5506997479782921,0.30635972911974,1.0998461416214873,0.9302935281553699
thermal25,1,4,1.0002009609451572,1.000059929468588,0.9991632067529066,1.0001654892810583,0.9997664104027528,1.0004071805139438,0.9998477276287737,1.00018998483531,0.9993467404744325,1.001979047210307,0.9998888496783187,1.0008249654747763,0.9809369115873856,0.8561675649545533,0.9994201180163641,1.000846988739652,0.9537124265620313,0.7509809810437238,0.9994789191153266,1.0003870386801212,0.9654479522028449,0.8473566939020857,0.9997256649308086,1.0001545604423907,0.982793357180567,0.9261638773475078,0.9996740006428756,1.0029789320358036,0.9385061986244493,0.5685668756175919,0.9999099940679249,1.0000585275849079,0.9943372340693499,0.9933962504268123,0.9743839348994423,0.9889717016163604,0.9990832590974629,0.9991173772767347,0.9998104218631275,0.9997984408816485,0.9969939687945114,0.9970102557098104,0.9984895185327528,0.9984895770991766,0.9975488904859522,0.9976218950732667,0.9881928209584551,0.9937272208658753,0.9911403491689323,0.9935777877353837,0.8643859554504736,0.5581787430934058,0.9949777655228116,0.9964080738557414,0.9980167936021003,1.0000055179007443,0.9999761512358609,0.9999305272296889,0.9923990174961419,0.9434626664491477,0.9170712678643311,0.9919738838405471,0.928469667114346,0.896492435073275,0.9739208025353033,0.6856724679637456,0.546744822242269,0.9853509181766286,0.9020285009311715,0.8593237046094497,0.9668698748103568,0.7953693662201727,0.7045764579742204,0.9357844799637979,0.20786547539053254,0.0743251079907764,0.9892352290105448,0.9391133048981677,0.9142604320689885,0.9906219921169426,0.9570098633675933,0.9415100686193573,0.9418572656396407,0.6539707139452391,0.5094677020421895,0.994415662147178,1.000258192430277,0.8860057580485199,1.0007839447355615,0.9995775813610507,1.0000173786699185,0.9332417346197622,0.9810154595230973,0.7359692030572137,0.9669445511137991,0.893296229154587,0.9831765725431725,0.9109196660299336,0.9891695982767343,0.8759857079546166,0.9856369250383894,0.9354004249832039,0.9878104961317463,0.8089483454813552,0.9538946957149186,0.7522448890231699,0.9598556929636183,0.9347928800021251,0.9858879338091057,0.9867779830671733,0.7896176037122628,0.9862711162799274,0.8023478244791745,0.999870570313841,0.9953250116276298,0.9969450557674446,0.9626080511035121,0.9865458481371223,0.7876155752245917,0.8177913987046085,0.8091282517167426,0.9969666885712166,0.9735426316981548
thermal25,2,4,1.0925040231384808,1.0401335363351465,0.9581791223065456,1.25564673434447,0.9987784818424555,1.5253628638180743,0.9879566886652842,0.9728698797317415,1.017078453332853,1.1578745688809962,1.0585458356443858,1.2074782596054985,0.7482774256894501,1.0126704347014435,1.0416475039476047,1.0646156585481295,0.06483897430901754,0.046345100776949394,1.0062145248141598,0.9539326517098575,0.0,0.0,1.0074859008133188,0.9927611784906096,0.464901569207613,0.12249344203935088,1.1821912690835708,1.6852676850320571,0.41307604896998906,0.13799796497603453,0.9956462531765033,1.0084360675280564,0.6275095659713609,0.8093831545835158,0.15569229816759533,0.4674971437481776,1.0704876460868127,1.148234438697005,1.0472312325154691,1.0530570472596854,1.3578943115710491,1.1398742646977966,0.8325281929451601,0.8893882007779014,0.8932706217983387,0.9896176493684069,0.28373392562578065,0.5190591691329617,0.5752740597529348,0.6054219259401191,0.2141452984689524,0.0926043338171993,0.5895660210191913,0.7038926928622959,0.698157166316981,1.0023839549417353,1.0148589299950144,1.0070809138249952,0.8338716555632709,0.2688716249122616,0.25021336990885423,0.9846550685964431,0.7566656812362795,0.388359320214225,0.37250083659473127,0.0,0.0,0.9897588805856242,0.6641366194156777,0.5369593192816674,0.0,0.0,0.0,1.5303372251685379,0.08853218281783572,0.044270800340106664,0.5586522257838127,0.1656784557890103,0.0,1.178144665592868,1.9929112622615246,1.2581987609050624,0.5514273266260596,0.14721025946523264,0.0,1.1078014164498942,1.0235312911031513,0.7341932586686867,1.0264419186296487,1.028601330672967,0.9890991622633473,1.5677620144066935,1.5268390012353852,0.0,0.7841710527981601,0.22192918751174265,0.7839282650079652,0.06301704633243105,0.9191669257448878,0.20629709673879149,0.7977196760163309,0.4274824278061143,0.9618630815042813,1.1061830377155613,1.7731939656847497,0.3732579840949858,1.934692925697807,0.555847121330228,0.935463736641909,0.5015176935115447,0.3890756426136309,0.4034958667339916,0.2744182329932649,1.0029914915172362,0.8906026104551951,0.833458439717535,0.825156584235463,0.47627470309710257,0.29568388857891337,0.43270185650216064,0.3128520797873803,1.042804963594381,0.9406877606679981
thermal50,1,4,1.0003093235621494,1.0001234518011386,0.9992015264936701,1.000441040035027,0.9997811757584509,1.001755003337469,0.9998726092056188,1.0003713502012765,0.9995757426240014,1.003758138277425,0.9999945116038292,1.0016780653110118,0.9808093932853275,0.8257174622765853,0.9995577049430594,1.001871364196574,0.9531791436353662,0.6233612872163281,0.999518532065604,1.0006153287006083,0.9652457728360698,0.7823952698331669,0.9997416077432701,1.0002385496273496,0.9826140309380056,0.8765105713984075,1.000054700652304,1.0060950226869465,0.9381858806075816,0.49326599593715875,0.9999141973956945,1.0000851930502803,0.9942448166572171,0.9673097021536701,0.9744962062259555,0.9891040925167834,0.9991178861511757,0.9991278021043728,0.9998283577045067,0.9998010124458259,0.9971804829163815,0.997059988164114,0.9984926248279253,0.998496617658267,0.9975905771458551,0.9976546510908602,0.9882025252891631,0.9937412984485517,0.9911675849294583,0.9936095981888172,0.8224139321090274,0.5409756254884023,0.9950008183765499,0.9964458805009397,0.9980545837766115,0.9999522382787437,0.9999604855303791,0.999949032777179,0.9920008534935589,0.9435231955624482,0.9168212415543232,0.9908175049621837,0.9285006175693482,0.8958689284933803,0.9721451166664725,0.6858677615972211,0.5472128284974016,0.9834764633251204,0.9020823682713844,0.858939479857492,0.9656323394714901,0.7955476921969473,0.7049799174058639,0.9116145922851485,0.20657977415737083,0.06993599260704882,0.9881452596390153,0.9391448269092524,0.9141067336721873,0.9877983047317895,0.9570374517097271,0.9408801347543982,0.9354969762745723,0.6543462490660285,0.5066304417938151,0.9944432262020205,1.0004293459884412,0.8855067294933808,1.0030741162178811,0.9995894005253655,1.000028689331331,0.9327315563454468,0.9745675563894642,0.7325431878114963,0.9627799790911703,0.8938491731551509,0.9827258418991128,0.9106373303038715,0.9875203706990147,0.8755397544264976,0.984751894079405,0.9349643478618209,0.9860689813289466,0.8071045586296435,0.9429862258763437,0.7336445970999029,0.9468749266788467,0.9344274202908516,0.9838743024150856,0.893724346639988,0.7850306494599275,0.9002696534647584,0.7990777696201364,0.997501940894277,0.9946420431458864,0.9814376022123229,0.9623647459666266,0.8928745488176134,0.7838074597362438,0.7831680252976376,0.7612711875778,0.9954589090753421,0.9680358134736168
thermal50,2,4,1.121776289104651,1.051124574955072,0.9112636169948155,1.2374636521176574,0.9870140696292145,1.8068601237489494,0.9719736544867895,0.9222876369366921,0.938303506253879,1.154850391186792,1.0629324010937002,1.4541932705569534,0.7454188337053907,1.0574075220518604,1.0222375181262044,1.1899365841447218,0.06326304854218727,0.20625322344354383,0.973420826007949,0.7482076801381563,0.0,0.0,0.9999792443305037,0.913462516041636,0.44772762054355497,0.13098530572584974,1.1747600412619885,2.4813495780887704,0.40130205515580425,0.09094692827717275,0.9911726948322384,0.9887033556627519,0.6311655198731374,0.5670548996382166,0.14141515240948757,0.4258077366620006,1.0977844632354832,1.1835769772115885,1.0732302935057167,1.0666273203565593,1.4563706723468224,1.1628159549927786,0.831600536489106,0.8854115641872163,0.8893502156840563,1.0183984484068331,0.2851266198296341,0.516042407673075,0.5797416508807558,0.5980996581172884,0.35590537044234816,0.24854241948492975,0.5821135804568436,0.6788787451835453,0.6773883018059731,0.9972003897088076,1.0347892532372243,0.9928791706495903,0.8001288635921565,0.2305375017805925,0.0,0.9820150688556689,0.7731041693416149,0.16999819101883107,0.2682867333270049,0.0,0.0,0.9908861248483017,0.6849590708727263,0.5883846833988574,0.0,0.0,0.0,1.3748776879346538,0.0920133773768908,0.05813885108657941,0.4614983479646361,0.15492529514984343,0.0,1.2230353935402165,2.0255383006333836,1.6630477430866981,0.5803848752327433,0.13082642783605214,0.0,1.152856501072986,1.038655663737273,0.1998470003062469,1.195396014419098,1.0443380992637064,0.9885269775843869,2.2498148541558454,1.6178507923534964,0.0,0.7749643562047015,0.15983866925708914,0.833839162033268,0.0,0.9112195757420922,0.0,0.8011408467454326,0.03372618644324135,0.9653143727705127,1.937996875844504,2.000171522959955,0.4044541686479787,1.9160985840996603,0.1835145552406032,0.9389965888522097,0.4664917789811355,0.4220276850556588,0.38307067723101784,0.263521472680251,0.9404871954609708,0.9437526206244192,0.8317774753550513,0.7683695306169834,0.27822066250083693,0.22223168699239088,0.538945066168005,0.30829996918121766,1.0988382114637543,0.9316379658192607
deg1,1,5,1.0000211938483126,1.0000051332652613,0.9998637890418365,0.999976764728853,0.9999605451207044,1.0000323563302556,0.9999747625506651,1.0000270000639884,0.9998785098395127,1.0003138304291401,0.999972406184103,1.0001472478320779,0.9977156784838442,0.9716431597698332,0.9998965432824831,1.0001398243663768,0.9946096033637846,0.9394681940425621,0.9999099961538067,1.0000269046787365,0.9960547180361446,0.9660446214172336,0.9999543054178848,1.0000065390867547,0.9981129088260873,0.9809988528171778,0.9999179746825617,1.0005441981804852,0.9925679869031608,0.9171126176644494,0.9999859518055182,1.0000038606748969,0.9993613493745467,0.9951518550785846,0.997248065536693,0.9987518889116124,0.9998393464482164,0.9998497873764173,0.9999495959938961,0.999953847250001,0.999667245925009,0.999607290314702,0.9998236850813114,0.999822726625092,0.999638327166414,0.9996526292246602,0.9986294728759512,0.9992266569618806,0.9989124542925114,0.9991549321143474,0.5945701409822933,0.8994930370768222,0.999468902156482,0.9996165648502578,0.999767507635244,0.9999915527747589,0.999952069999766,0.99991700354766,0.9987087905632728,0.9900837468847173,0.9841736272649446,0.9984832139275733,0.9858236561401795,0.9775487986856456,0.9955868600321205,0.9476404432953218,0.9179710579454036,0.9972937362351749,0.9813098714634079,0.9707559028967506,0.9946087389996361,0.967055680715493,0.9491893297252941,0.9840320751448908,0.748955272914086,0.6201363286952991,0.9981216627091077,0.9884359965702991,0.9821372557110631,0.9979264593866342,0.9892397719292806,0.9838180645313461,0.9894692896046801,0.9366697942344079,0.9031791339803946,0.9987955286779342,1.0000293223094172,0.9785095845735657,1.0001253880999676,0.9998857073437836,1.0000012969956147,0.9842715709597954,0.9955762385300212,0.9530311794149785,0.993849167427352,0.9843094203441889,0.9972828632068984,0.9851141338211216,0.9979632997085615,0.9801617946034553,0.9975505047807559,0.9882060226503641,0.9976987723307008,0.9613635406023457,0.9903825154289866,0.9424272903232954,0.9911597877530804,0.9883633105564692,0.9973389863063643,0.9846908333676831,0.96712528837961,0.9856378765951189,0.9693258734899405,0.9996428218145259,0.9991834757499191,0.9973307890842344,0.9942773589332167,0.984582598996872,0.966974769200501,0.9649721588986668,0.9613491003476495,0.9992436228337848,0.9948301331987666
deg1,2,5,1.0190336749520723,1.0099007391008474,1.0031272050159308,1.0511700766744223,1.0022396555762254,1.1827109083714955,1.0007777488382166,1.0152203104241118,1.0224222919792594,1.1804311565976067,1.01678204347518,1.095543142035468,0.8423704305724916,0.7043692081239797,1.0165014217836676,1.0992837497981878,0.5144326507057525,0.1599045853657078,1.00890522122272,1.0230844582794747,0.6787223680379174,0.17240724494835563,1.0046274087339724,1.0097659322950934,0.8394201674158505,0.549461032262187,1.0539949580729449,1.341130987887384,0.4888452959585025,0.06693412152681823,0.9993350084844106,1.003484390822553,0.9093906726669514,0.6981768280850582,0.6816818375800551,0.9429315050453951,1.082780564070208,1.1378933921036776,1.029229004245779,1.0409323876553065,1.3138234420982027,1.1709791841534294,0.9750951990768922,0.9786103571150074,1.0562816669438941,1.0678206348170443,0.8225029762157939,0.9145686159722469,0.8941043487771977,0.9397691908662438,0.0,0.16931155837470238,0.9067813818421628,0.9474345162520509,0.9593891969052946,0.9997745910935674,1.0039139276741205,1.0016256778855879,0.9646659589127736,0.7644528614900028,0.5659807261716749,0.9966178698634891,0.8279910116908354,0.6245219591034334,0.872008745724112,0.0,0.0,0.9772534673513787,0.7528220921890381,0.5470385300792152,0.7916780168848848,0.05097108106553333,0.0,1.264120796583738,0.09956703290627007,0.0671950169180455,0.9373073492207028,0.7056598154232979,0.4975225177688525,1.054801979417428,1.064098279438933,1.0517855087958203,0.9080718844173208,0.17527516318038172,0.0,1.0055016010922702,1.0137395664762505,0.6948800366936865,1.1267738368352507,1.0037814243751195,1.0002021689616991,1.3463803879845317,1.1154765041734138,0.0,0.9819282947904464,0.33029468094254444,0.9231706915560324,0.5056272157440014,0.980199072325032,0.20718520678331068,0.9410210685040965,0.7360067675247647,0.989469265538368,1.0956575097660062,1.1832997992556002,0.6752672123910988,1.3188770334273856,0.7314943979815167,0.9820923904574949,0.4169944355052709,0.34803800749553776,0.45239816555999407,0.3792296263254147,0.9825204725272699,0.98004010202168,0.8954265262717056,0.8772451713709641,0.39341567810939865,0.32605156244261563,0.5281840281405992,0.469704816083335,1.003785806271766,0.9354237846335524
deg5,1,5,1.0000209353644527,1.000004919498391,0.9998820862288963,0.9999785913443469,0.9999648456674787,1.0000353941736084,0.9999752785141743,1.0000279799884868,0.9998841207563025,1.0003193426530819,0.9999761864152729,1.0001465130068787,0.997905993615153,0.972889039076593,0.9999094004929115,1.000137148854782,0.9952460775734465,0.9452148107198103,0.9999215797003936,1.0000250303197495,0.9965917041101521,0.9695215070352615,0.9999621297705322,1.0000036714598286,0.9984654805096014,0.9840243850707124,0.9999240164121481,1.000545330313442,0.9929192892758997,0.9193693958488853,0.9999857239044754,1.0000034973268574,0.9993662046820317,0.9951883151856765,0.9972017074509644,0.9986673869253474,0.9998556360199267,0.9998461014576172,0.999959724913819,0.9999575624280249,0.9995731362867301,0.9995632262475208,0.9998224289128365,0.999818856379879,0.9996659620376438,0.9996626214023272,0.9986270772828809,0.9992229920863851,0.9989039766824611,0.9991569076811313,0.9840272046398619,0.9940578134188457,0.9994608439250796,0.9995939469160018,0.999767167068319,0.9999915011466484,0.9999515471065673,0.9999155441307328,0.9987033298436089,0.9900457938156106,0.9840774439022386,0.998529607034842,0.9862638160153742,0.9783940942533745,0.9956341814312698,0.94812365029716,0.9187941308257312,0.9973572214059544,0.9819169502982785,0.9718654588372923,0.9946074356613201,0.9670329443293507,0.9490787322414,0.9847214585585243,0.7552522974856979,0.6307219886948864,0.9981875709634657,0.9887213457175251,0.9826655199381317,0.9980791736045358,0.9898748995431262,0.9849680625275811,0.9898781311414246,0.9385622016289504,0.9065215750419116,0.9987852222869771,1.0000291584625054,0.978899865765512,1.0000327629971737,0.9998844935784269,1.0000012772206917,0.9850880383693292,0.9958285203356858,0.9543202769994548,0.9940778671898574,0.9842610211919056,0.9972740053386244,0.9853397227569681,0.9980318112310057,0.9801676494214691,0.997560333185282,0.988439757703813,0.9977821359881124,0.9632856458239317,0.9909541602184104,0.9486186719750767,0.9922240364496446,0.9886269137095686,0.997413908586869,0.9853084724007043,0.9684317525848919,0.9863078554621341,0.9707533457148317,0.9996418219469115,0.99918085674425,0.9974886536632651,0.9946208281912718,0.9852620040624792,0.968412443194058,0.9670790102336191,0.9626921168684556,0.9992406563022155,0.9951062512688724
deg5,2,5,1.0191314277926766,1.0099609621534678,0.9918127671864513,1.0490346385367992,0.9985662396001294,1.1789251047790354,1.0008005615354514,1.0158209644384402,1.0216719220979795,1.1832150868105415,1.0135786239838318,1.0936788156033066,0.8354912409254142,0.699374072914376,1.0100045665652857,1.0945130402529462,0.5359349575511616,0.17528053397888266,0.998592723471902,1.0171593907108016,0.6381341733623489,0.15989107720946763,0.9984234736812951,1.0045624431025242,0.820863382863611,0.5375668034426394,1.049823211961316,1.3404708529703904,0.4986204959618344,0.0832795212934177,0.9993164128312192,1.003473956104677,0.9117685799753438,0.7237015583258248,0.624090778745599,0.846780933785422,0.9847262129870622,0.9959733547281883,0.9966502632240646,0.9990305469362689,1.0049710061111645,0.971844507369492,0.9753507352302186,0.9783933652598471,0.9648502503871512,0.9723941582594057,0.8240216675531175,0.91569470347791,0.8759263854789658,0.9161854293679363,0.45507377438314356,0.644307514776744,0.9033405865056346,0.9420716466753987,0.962807162457456,0.9998867191738628,1.0040854479308303,1.0020003066782255,0.9709715847779182,0.7864463850359482,0.5874243965461438,0.9910355296678512,0.8134577411940982,0.6274228147266986,0.8754223504819537,0.0,0.0,0.9718712708405856,0.7273110892634137,0.5271628490797421,0.8134658182157832,0.10861362317034491,0.0,1.222130926535635,0.09973959807051673,0.06869807989150224,0.934537205795761,0.7057900296291775,0.4985052259832419,1.0292971739773982,1.0131955506127885,0.9933476827911135,0.8627767643520006,0.1208107163023063,0.0,1.012648459886522,1.0177979981467642,0.7374390126901208,1.1348555207131579,1.0044870428804056,1.0006274822010799,1.3488015689257145,1.083788297571169,0.0,0.9497772568313831,0.3424393699603053,0.930059335158983,0.524141252924118,0.9757846873721382,0.24895949778197402,0.9482060705428781,0.7471538270473147,0.9826645987378078,0.9877639849988915,1.086741447973841,0.6680882024959153,1.113249885575752,0.7419016774216419,0.9791887470958455,0.42114837163395075,0.35161291680685147,0.46032558839622667,0.3879769520777954,0.9811461487743036,0.9785231836328683,0.899955632575464,0.8820842098632774,0.4016886796528115,0.33404585599185427,0.5241416509093547,0.4816061252190824,1.0036539039428702,0.9346536526535814
interval2200-2400,1,5,1.0,1.0,0.9999853418935315,0.9999948363429161,0.9999972614027972,0.9999895168693211,0.9999986857249322,0.9999984999912501,0.9999890467191148,0.9999892484349844,0.9999961697410881,0.9999966702908113,0.9998980721668345,0.9990022100523565,0.9999927674561052,0.9999930589415031,0.9998173496773375,0.9977280965113708,0.9999910376822165,0.9999917513088835,0.9997527685105655,0.9972788101734824,0.9999957524121691,0.999996131570222,0.999891193413131,0.9986314945542556,0.9999888276533437,0.9999897221297285,0.9997057661574695,0.997248833661972,1.0,1.0000000000000002,1.0,1.0,0.9999828387547934,0.9999833978866869,0.9999826341269038,0.9999811203820416,0.9999927079555659,0.999992979251265,0.9999577294992394,0.999965541854443,1.0,1.0000000000000002,0.9999854713068969,0.9999853385036391,1.0000000000000002,1.0000000000000002,1.0000023615859237,0.9999889938003358,0.9967631849573005,0.9987597733679243,1.0,1.0000000000000002,1.0,1.0,1.0,1.0,0.9999476485168547,0.9997042950948959,0.9994535347155542,0.9999538191048153,0.9995324592250167,0.9991377946917752,0.9999357908304601,0.9991610347522091,0.9985182962191477,0.9999337594773506,0.9993974060772699,0.9989056840876622,0.9999150904227483,0.9995471952954662,0.9992118526984006,0.9992528856367098,0.9895118977296754,0.9801017022234317,0.9999342616300023,0.9996252984352485,0.9993195251225239,0.9998952335059625,0.9994771354251187,0.9990998900686469,0.9996119522665865,0.997663724474463,0.9960471605606125,0.9999758159601375,1.0000008749133442,0.9993659260254295,1.0000385944903383,1.0,1.0,0.9991118936342076,0.999787388147571,0.9984878379681446,0.9997883641083632,1.0000000000000002,1.0,0.9996649601727902,0.9999390391945968,0.999746763302226,0.9999454801769725,0.9996373451420959,0.9999218541766836,0.9981984007535961,0.999571463377305,0.9969877055960175,0.9995444062250658,0.999693188010361,0.999924912679416,0.9994940810556174,0.9989971065718541,0.9994874648998435,0.9989884315450577,1.0,1.0,0.9998867419733822,0.9997749225527292,0.9994575954136787,0.998925372869084,0.9983801810537849,0.9987442955868439,1.0,0.999788212084973
interval2200-2400,2,5,1.0000000000000002,1.0000000000000002,0.9979051061262452,0.9992500717233896,0.9996111433607681,0.9984915264515344,0.999805007693581,0.9996587590909622,0.9984300702360734,0.9978377711269046,0.9994564953662272,0.9993940619218907,0.9806879841001259,0.7870628225212113,0.9989737159024656,0.9986491909398252,0.9642775703180685,0.4800203930424552,0.9987008079890306,0.9984307194026809,0.9518919805510255,0.41231582186069765,0.9993888767630073,0.9992939644877277,0.9786912002278688,0.7080605003599479,0.9983908050777954,0.998016843274083,0.9435420116267285,0.3949328888901893,1.0000000000000002,1.0,1.0,1.0,0.997201484244799,0.9978935515702927,0.9969487756429806,0.9974442282761408,0.9987894016787048,0.9990525967813597,0.9941891267569067,0.9951566134986357,1.0,1.0,0.998081439607303,0.9984142294813639,1.0000000000000002,1.0,1.0027022129161196,0.9991170034258297,0.4473070037631044,0.7978702094579039,1.0,1.0000000000000002,1.0,1.0,1.0,1.0,0.9916137095446433,0.9687142010816004,0.9497570499961278,0.9928284028725105,0.9484358209444319,0.9158560488025962,0.9909360064705068,0.9032751312815052,0.8590114992493721,0.9893521573382513,0.9340392327549819,0.9041674389343272,0.9876162918170097,0.9495216117341377,0.9221124149652122,0.8745174066758009,0.14286742737912078,0.0,0.990000031476181,0.9584165041748985,0.9359912633494237,0.9841020783508456,0.9429934554781697,0.9136252372182945,0.9413358582530785,0.7518106547011857,0.6347194403393585,0.9974366089370416,1.0006234688335716,0.9177110559560707,1.0224602664674487,1.0,1.0000000000000002,0.880579070413818,0.9666619727997452,0.7677904678328701,0.9691716003710142,1.0,1.0000000000000002,0.9531281926608727,0.9903104319838582,0.9629948978915307,0.9912118928334792,0.9522947779637071,0.9870504036387034,0.7445314616484665,0.9347628415457662,0.5640428131850974,0.9254857950350783,0.9562948681019522,0.9875426411342499,0.7964279480010195,0.777891310068944,0.7984148140046026,0.7794101789252338,1.0000000000000002,1.0,0.9561850313204642,0.9515327551445922,0.7817259639797676,0.7619604153160473,0.6497222247406835,0.71728142514522,1.0000000000000002,0.9548268653372048
interval5500-6200,1,5,1.0000044323873882,1.0000009102637701,1.0,1.0000056732554632,1.0,1.000004919068852,0.9999992616951014,1.0000128039075933,0.9999969603201819,1.0001085829558638,1.000002377242316,1.0000383470450562,0.9998761116274159,0.9965904742278168,1.0000022918559022,1.00004144591391,0.9998424258625441,0.9972500958354599,1.0000000000000002,1.0000000000000002,1.0,1.0,1.0,1.0,1.0,1.0,1.0000045626951517,1.0001525064594072,0.9993456321117117,0.9897649334295693,1.0000000000000002,1.0,1.0,1.0000000000000002,0.9993287945454052,0.9996976939891037,1.0000000000000002,1.0000000000000002,1.0,1.0,0.9999697427771608,0.9999759708739315,0.9999489282049905,0.9999469177010172,0.9999402962573801,0.9999383168797443,0.9994515921933497,0.9997149954623276,0.9996433803990142,0.9997733988643495,0.9998724352517191,0.9999055638449149,0.9998137013124585,0.9998744159702522,0.9999156018725082,1.0,1.0,1.0,0.9997992503681115,0.9979169012201619,0.9966837914254,0.9997857592635405,0.9981691935482285,0.9970444690152561,0.9991360201813028,0.9876355018385045,0.9808411750233249,0.9994799520218586,0.9965121141163696,0.9945552016333061,0.9988635127534694,0.992035795823745,0.9877991476198213,0.9992838156593256,0.9910200737285834,0.9859559839619517,1.0000000000000002,1.0000000000000002,1.0,0.9999267266060425,0.9997128540237387,0.9995382817448701,0.9985725549137897,0.9895108084995569,0.9838567575467633,0.9997702036643572,0.9999914967840247,0.9962634559975566,0.9998557368641631,0.9999765171138392,0.9999983482749718,0.9983675977781282,0.9996919800308033,0.9927805765060057,0.9992122588836161,0.9943937410883074,0.99907598179579,0.9967090562851078,0.9996886744760928,0.9943172999490076,0.9993525297375618,0.9980284886226422,0.9996829599268586,0.9949614092796798,0.9990799179177635,0.9952133947669237,0.9994443319813856,0.9978013507036874,0.9995940088904955,0.9981778221121606,0.9958866394547888,0.998251636781618,0.9960561934058525,0.9999204087815704,0.9998320581033195,0.9997103717861973,0.9993282360679315,0.9982208792456524,0.9959828462735468,0.9965918914632276,0.9956812946033952,0.999861386453177,0.9994407370017191
interval5500-6200,2,5,1.0049294072119537,1.0027691462953527,1.0,1.0077552380384216,1.0000000000000002,1.0634186093621683,1.0008801034385388,1.008280345501531,1.008374496011987,1.0719872413606306,1.0038930544730398,1.0274199440240053,0.9841032755292108,0.7142844868165393,1.0042547087382083,1.0302930899714997,0.9802262994356745,0.7559519760724781,1.0000000000000002,1.0,0.9999999999999998,1.0000000000000002,1.0000000000000002,1.0,1.0000000000000002,1.0000000000000002,1.014618510855576,1.1085743696984955,0.9114393480552931,0.11862324888723617,1.0,1.0000000000000002,1.0,1.0000000000000002,0.8725173692612409,0.9493645922104028,1.0,1.0000000000000002,1.0000000000000002,1.0000000000000002,0.994003327716869,0.9958934152232582,0.9919696880648821,0.9920787312306639,0.9911298452466231,0.9910748336466412,0.9166116737144162,0.9625889462578802,0.9439207481471128,0.9692996405955103,0.9739597864789591,0.9834804830855518,0.9616462405905937,0.9769145328039542,0.98616028848011,1.0,1.0,1.0,0.9801048211214425,0.8395183231396982,0.7987896701856683,0.978670877835174,0.8644275141215966,0.8254090240487937,0.9110148928880831,0.15135235509884157,0.007135731189595475,0.9438785567420849,0.7326986140105444,0.6625086901374645,0.8852186981760057,0.4063666315347204,0.25340694467091046,0.9259991524031819,0.3293545849712036,0.1784604917392527,1.0,1.0,1.0,0.9906912774052442,0.9755968339881673,0.9685622790472543,0.8616355326451279,0.2589931319139715,0.06709695768821647,0.9805036635222832,0.9985982525435957,0.6884284818368118,0.9742816149950593,0.9979699529757293,0.9996080847338682,0.8647168547317791,0.9685785255499405,0.3883512922657291,0.9185738412795775,0.5377503915546381,0.9088014717650528,0.7214254710146522,0.9679945292170409,0.5136946244177245,0.9312941387827045,0.8315404253154095,0.9687399703798935,0.5797179270831074,0.904531977269129,0.5928439455402507,0.9402827176860761,0.8144937769719943,0.9588126316310539,0.6056290530916224,0.5339952076623944,0.6250637179883962,0.5537169779259075,0.9764726858244875,0.9747372576124527,0.9423231330366821,0.9271753539120962,0.6147690281952956,0.5448628767158875,0.7424282158620626,0.581649621327852,0.9814126085556696,0.951721630457164
interval775-1000,1,5,1.0,1.0,1.0,1.0,1.0,1.0,1.0,1.0,1.0,1.0,1.0,1.0,1.0,1.0,1.0,1.0,1.0,1.0,1.0,1.0,1.0,1.0,1.0,1.0,1.0,1.0,1.0,1.0,1.0,1.0,1.0,1.0,1.0,1.0,1.0,1.0,1.0,1.0,1.0,1.0,1.0,1.0,1.0,1.0,1.0,1.0,1.0,1.0,1.0,1.0,1.0,1.0,1.0,1.0,1.0,1.0,1.0,1.0,1.0,1.0,1.0,1.0,1.0,1.0,1.0,1.0,1.0,1.0,1.0,1.0,1.0,1.0,1.0,1.0,1.0,1.0,1.0,1.0,1.0,1.0,1.0,1.0,1.0,1.0,1.0,1.0,1.0,1.0,1.0,1.0,1.0,1.0,1.0,1.0,1.0,1.0,1.0,1.0,1.0,1.0,1.0,1.0,1.0,1.0,1.0,1.0,1.0,1.0,1.0,1.0,1.0,1.0,1.0,1.0,1.0,1.0,1.0,1.0,1.0,1.0,1.0,1.0,1.0
interval775-1000,2,5,1.0,1.0,1.0,1.0,1.0,1.0,1.0,1.0,1.0,1.0,1.0,1.0,1.0,1.0,1.0,1.0,1.0,1.0,1.0,1.0,1.0,1.0,1.0,1.0,1.0,1.0,1.0,1.0,1.0,1.0,1.0,1.0,1.0,1.0,1.0,1.0,1.0,1.0,1.0,1.0,1.0,1.0,1.0,1.0,1.0,1.0,1.0,1.0,1.0,1.0,1.0,1.0,1.0,1.0,1.0,1.0,1.0,1.0,1.0,1.0,1.0,1.0,1.0,1.0,1.0,1.0,1.0,1.0,1.0,1.0,1.0,1.0,1.0,1.0,1.0,1.0,1.0,1.0,1.0,1.0,1.0,1.0,1.0,1.0,1.0,1.0,1.0,1.0,1.0,1.0,1.0,1.0,1.0,1.0,1.0,1.0,1.0,1.0,1.0,1.0,1.0,1.0,1.0,1.0,1.0,1.0,1.0,1.0,1.0,1.0,1.0,1.0,1.0,1.0,1.0,1.0,1.0,1.0,1.0,1.0,1.0,1.0,1.0
nomask,1,5,1.000021684716856,1.0000055480780097,0.9998945020997224,0.9999884902156377,0.9999692818790734,1.0000518016414273,0.9999766639300685,1.0000273605475825,0.9998913159084093,1.0003167912138275,0.9999814006463863,1.000151483105423,0.99778646597078,0.971608751761747,0.9999179704158875,1.000149557414995,0.9947804244662852,0.9394238539628509,0.9999330668913352,1.0000389131972152,0.9962557655938784,0.965894432857937,0.9999692288513716,1.0000158461590094,0.998226778979804,0.9808611728214147,0.9999365764432534,1.0005507391081296,0.9927085593150141,0.9170935925640965,0.9999867207529918,1.0000039921483779,0.9993663813633825,0.9951537638346705,0.9975615845714443,0.9990600794380975,0.9999932580418888,1.0000165241460817,1.0000051829557637,1.0000027763197956,1.000093798695884,0.9999332319389792,0.9998303886797247,0.9998331490844778,0.9997356008515541,0.9997559517988247,0.9986325460253763,0.9992383396298353,0.9989366313864404,0.9992113284660026,0.0,0.10563964996949889,0.9995105792501147,0.9996738840266373,0.9997675824307006,0.9999915764463698,0.9999520690983063,0.9999170141398969,0.9987119932825401,0.9900845767272967,0.9841779772020868,0.9984925515855384,0.985838249040639,0.977558820140491,0.9956042926661174,0.9476545532318742,0.917989676192306,0.9973062809869181,0.9813244687463033,0.9707662341129921,0.9946195178280817,0.9670583175991568,0.949204739475572,0.9842051799920091,0.7490517688870376,0.6204253172532849,0.9981319281779097,0.9884437028859773,0.9821550712565991,0.9979442017735343,0.989258160841617,0.9838652123068342,0.9895276977185403,0.9367120954655641,0.9033180517566641,0.9987978099662619,1.0000293664991757,0.9785745081963172,1.0001308573405412,0.9998858779195413,1.0000012999635255,0.9843797787576117,0.99561355637433,0.9531822781549398,0.9938991788942992,0.9843119696064512,0.9972852414782676,0.9851464266484611,0.9979741315804999,0.9801731422104181,0.9975576417288801,0.9882421354411174,0.9977099001985059,0.9616207289978923,0.9904570924545405,0.9429827375628318,0.9912423257834204,0.9884021533103367,0.9973508320301606,0.9846683144800611,0.9671037757511403,0.9856076392634763,0.9692906081231517,0.9996428418988188,0.9991837334833482,0.9973207654113896,0.9942641275247004,0.9845578749195004,0.9669502515291155,0.9649200073044574,0.9613245896573268,0.9992437894214801,0.9948208053268991
nomask,2,5,1.018665599061439,1.0096399639456157,1.0469971120611994,1.0607805179616132,1.0127700818426257,1.1962913807516755,1.0000051130002334,1.0142567974157446,1.018155637090363,1.1749931015207928,1.027341984601109,1.1057790045600404,0.9077544992647567,0.7029858038551147,1.0322228532552329,1.1143472941157713,0.5508454252934513,0.14949998936709705,1.0439625460109132,1.0545559817857124,1.0431537786512444,0.16703907412806981,1.0368708571783434,1.042761811734183,1.106466229962222,0.541756469825746,1.063237761281386,1.3490387031857691,0.4878129081766624,0.06340361801268367,0.9988187267720909,1.0028703985522684,0.8903417839541928,0.6949645879744613,0.7107684738491934,0.9751683364667794,1.1538917638572543,1.2173617914922101,1.0595350869894826,1.0670311195074613,1.3905153532016483,1.2427895030456189,0.9744081976564536,0.9779228652145164,1.220955551725906,1.2008808791354904,0.820322693131874,0.9122560727723846,0.9214127491849476,0.9674646650680777,0.0,0.015005524269799057,0.9074774887149448,0.9469675148491552,0.957838523949078,0.9997152658456452,1.003883672931029,1.0015893303197194,0.9616525467015332,0.7578170970707796,0.5367025738919737,1.002535959105687,0.8505921520579286,0.6751772332437015,0.8713042302723065,0.0,0.0,0.9830277380233772,0.7770870686176543,0.5923451725158995,0.7797063906854609,0.03390258055199145,0.0,1.2673386919348004,0.09742316619239329,0.05718294417257483,0.9399771790511333,0.7091155488754681,0.49724332012286254,1.069831328886621,1.0900834651844749,1.1384247287084994,0.9120149843400166,0.18016110825139936,0.0,0.996008800632529,1.0123961837289344,0.592834095958733,1.1079192357333931,1.0031415355168802,1.0000718042844325,1.291655108643212,1.1270729334402576,0.0,0.9970216854169902,0.31791359194276,0.920039182837193,0.46980817180837586,0.9817010071911368,0.15028970728844665,0.9351543583112307,0.7232242810692883,0.9925564952515858,1.1772085241463008,1.236952765529665,0.7768219421325662,1.440846027537608,0.733141116972992,0.9848226783557236,0.4171633859995935,0.34791411475091966,0.450291304687673,0.37948571677934106,0.9827509930049111,0.98011963998313,0.8941176938149601,0.8772253517762818,0.3926703820251534,0.32555778766296634,0.5211266612703803,0.46778673637525015,1.0038803996273187,0.9346603452717516
pix2,1,5,1.00002099978917,1.000004969890489,0.9998670344042114,0.9999758004315503,0.99996114058356,1.0000312732147552,0.999974191258888,1.000026886138569,0.9998764573128963,1.0003128734614544,0.9999730152852361,1.00014628254116,0.9977839411573683,0.9721042723616883,0.9998973670152941,1.0001368691974977,0.9947650757186034,0.9407677030461442,0.9999132515536462,1.0000240949780632,0.9962688860657102,0.9674097450160103,0.9999567265745016,1.0000045141505431,0.9982478966312891,0.982142343557383,0.9999167231031294,1.0005418298025908,0.9926649055761994,0.9177830208598438,0.9999857183628753,1.0000038122048018,0.9993602212485514,0.9951452291124998,0.9971842846752063,0.9986517388608669,0.9998261163289173,0.9998173194290664,0.9999485614150697,0.9999474720203898,0.9995267797351648,0.9995218053067341,0.999822618390962,0.9998191025698397,0.9996421770636392,0.9996432870992764,0.9986282714274022,0.9992239736022732,0.9989077280451567,0.9991490574451658,0.9778753492861149,0.9901061125154924,0.999461170000291,0.9995945503366042,0.999767387087192,0.9999915331383417,0.9999519332840965,0.9999165977861574,0.998706485659832,0.9900730859234085,0.9841448056469753,0.9984974031678683,0.9859866190809956,0.9778732184951562,0.9956014890986092,0.9478479105196215,0.9183368521548434,0.99731309223092,0.98153814328336,0.97117286427596,0.9946044957823054,0.967048419191353,0.9491519823705002,0.9841975067149121,0.7505634814568002,0.6230032897187582,0.9981445273107393,0.9885459044179923,0.9823481659882667,0.9979795222994512,0.9894735923673673,0.98424246553214,0.9895866262781631,0.9372682664068271,0.9042877183750786,0.9987919306482947,1.0000292657486025,0.9786284892695096,1.000090175013631,0.9998853114266829,1.000001290641782,0.9845339535982336,0.9956534718458008,0.95352422378876,0.9939276863444261,0.9842928791984721,0.9972796539948373,0.9852011906309438,0.9979851403936674,0.980169941897733,0.9975507372254089,0.9882950614370528,0.997727747296579,0.9620480352048311,0.9905801587689188,0.9444045804755439,0.9915983844123915,0.9884443361694828,0.9973620447836231,0.9848952122140526,0.9675713139168675,0.9858799726435348,0.9698555768708338,0.9996425234948978,0.9991826250891199,0.9973917530393591,0.9944129532930566,0.9848071086894788,0.9674643909723005,0.9656793002551314,0.9617419708146709,0.9992427193922366,0.9949357216965156
pix2,2,5,1.0191409199673604,1.009971237638772,0.9915821130186798,1.0490298584874171,0.9986016415702993,1.178982324834833,1.0007234942032013,1.0154024468920968,1.0211930715137587,1.1810354278014332,1.0135811807443937,1.093952704144396,0.8290447229107466,0.7015361184374916,1.010039994323555,1.0956865513963994,0.5037538559626566,0.17772703286152217,0.9985416539954843,1.0177230447826477,0.6149633531752491,0.16868489086275548,0.9984773518609319,1.0056149530421867,0.8031378668912391,0.5411563217602404,1.049649608411314,1.3397130120267196,0.49171252467697374,0.07270470229081036,0.9993585962168483,1.0035921317288456,0.9128479711341354,0.7078477625894545,0.6290218680348285,0.8530825759797886,0.9862023311264905,0.999990547701614,0.997264017949356,1.0002913863777658,1.0202235298105122,0.9794804083704363,0.97546742980462,0.9785359064192634,0.9644273488759844,0.9745044204091707,0.8239055124002587,0.9157811725443368,0.878812475938559,0.9171553722061225,0.41477993370070404,0.5415228140598702,0.904180744769417,0.9430351995383295,0.9613586107324462,0.9998502090399312,1.0039780971894543,1.0018146721712333,0.9683388799189873,0.7731081757490468,0.579854695557429,0.9926927762113645,0.8201766993275831,0.6252983332299082,0.8735478014861054,0.0,0.0,0.9735338699120397,0.7405786375949024,0.5322875717629614,0.8045503057243366,0.0735943756886921,0.0,1.2342312517782712,0.10007592428305033,0.06925857510849522,0.9348210506754653,0.7038462574346421,0.49838565374954785,1.0405524713952987,1.0416112926915053,1.0146768671057893,0.8881183736055284,0.15569548518510462,0.0,1.0106638559960501,1.0159579031773947,0.7351677203777888,1.139581812697062,1.004222526497374,1.0004414939675454,1.366000930578055,1.0995199942382223,0.0,0.9615084696247309,0.33701963175335337,0.9274085922787113,0.5191135365599276,0.9776606240875539,0.23723208700261125,0.9448778748107488,0.7457325432023125,0.9854995676285284,1.0386232070553212,1.1289028379953123,0.6403165466298057,1.1941366507640352,0.7398003246267159,0.9808719933802081,0.41818208200483376,0.34915034141680246,0.4565260289939868,0.38355103413410885,0.9819696853482286,0.9793831263404796,0.8975890547439277,0.8794544460344412,0.3961832456360185,0.3290508777822232,0.5281849457200537,0.4758218985272445,1.0036961505013866,0.9352055890351085
pix5,1,5,1.0000209546956726,1.0000049348085067,0.999876295978023,0.9999776435675665,0.99996295910794,1.0000340961534397,0.999974840490838,1.0000277528668802,0.9998815814148821,1.0003184409370425,0.9999752930659876,1.0001470644146742,0.9978713578205339,0.9727465830757211,0.999903639552328,1.000135873734933,0.9950578932979471,0.9437154524845636,0.9999186623004083,1.0000243636472586,0.9964960445013467,0.9690339114369486,0.9999598826178231,1.0000028252426854,0.9984031940104809,0.9836257656791745,0.9999214676185042,1.000544757264177,0.9928367260543846,0.9190819333096901,0.9999857126817833,1.0000025844372846,0.9993799287330793,0.9953157058608925,0.9971909728770385,0.9986569767376123,0.999837746847957,0.9998273939070221,0.9999539270357395,0.9999518713245203,0.9995382604926777,0.9995348903854934,0.9998224902649915,0.9998189491234014,0.9996582183353279,0.9996528709661096,0.9986274280521937,0.9992232914211114,0.998904351875484,0.9991532503408294,0.9800327846543241,0.9923810372007931,0.9994609825869673,0.999594249776832,0.9997672206926865,0.9999915093842083,0.9999516733117423,0.9999158673918159,0.998704124810447,0.9900544621128855,0.9840976726997797,0.9985225368886883,0.9862175806097908,0.9783034881246107,0.9956288919941713,0.9480695935607866,0.9187173847532156,0.9973502324926518,0.9817891766000699,0.9716543975100917,0.9946171372863225,0.9670823490598583,0.9491695881924511,0.9845951452266152,0.7537104626426263,0.6283586687507231,0.9981785513986362,0.9886621388872903,0.9825639949017038,0.9980607523648827,0.9897498177500555,0.9847659052820352,0.9898201278035442,0.9381762615886939,0.9058699730687019,0.9987872955519539,1.000029186434144,0.9788230645905256,1.000050395844076,0.9998847462084588,1.000001280797448,0.9849152317068387,0.9957900994923188,0.9541643623343546,0.9940584432722908,0.9842704672774428,0.9972753870843102,0.9853012011168244,0.9980219922674862,0.9801803251833036,0.9975625523107665,0.9883941250352922,0.9977688847622703,0.9629282740607674,0.9908733637370778,0.9471352227289325,0.9920654022609022,0.9885788758402285,0.9974037194005063,0.985221669606244,0.9682213555404078,0.986218780864057,0.9705361261162292,0.9996419988993703,0.9991813098208142,0.9974695958667388,0.9945732767257355,0.9851645479362624,0.9681771210078824,0.9667735329599364,0.9624771073669097,0.9992411909117784,0.9950732335675558
pix5,2,5,1.0191426592600183,1.0099720179607745,0.9916964004369236,1.0491771713757758,0.9984920638286734,1.1791226631774419,1.0008263198286316,1.0157443530249537,1.021789768028461,1.1829702971128635,1.0136674004134045,1.0939544836901158,0.8340891697276939,0.7014626636432936,1.0099117739258303,1.0940408508303971,0.5232806363638484,0.18302088742648118,0.9985895125607185,1.0168758326958003,0.6323575373883543,0.1681957998393366,0.9982903388818828,1.0041223340735275,0.8165685516435639,0.5532509751033734,1.0499714163069744,1.340359296410837,0.4967053492897596,0.07395790162419669,0.9992242843070471,1.0029026326098351,0.9140748144355096,0.7112404304915975,0.6288273775245108,0.8557607095190916,0.9848100114623727,0.9977408181539168,0.9965266134302727,0.9991576625649802,1.0176320613889702,0.9790927074365487,0.9754710039313478,0.9786803029775487,0.9652018214108697,0.9728923585595131,0.8239973830068109,0.9158931469395857,0.8766634889388971,0.9169395124034205,0.3330242344189002,0.5456677493534972,0.904364806747284,0.9439571342102618,0.9623112394383058,0.9998655616511263,1.0040480319348881,1.0019709241805947,0.969552959896428,0.7821862861336167,0.5853170645959936,0.9911513825148653,0.8131425218465356,0.6253811680267493,0.8744164784910143,0.0,0.0,0.972751131277253,0.7340829076174766,0.5321648919467141,0.809403362750428,0.09528658629661585,0.0,1.2225418860848112,0.09996096178247534,0.06836142190570502,0.9344583926955713,0.7047308586812907,0.4982151982248343,1.0328440855860803,1.020126387763802,1.0014218403874473,0.8739863293494473,0.13308695328333217,0.0,1.0119809281830716,1.0172098579102933,0.7284655526959517,1.1360374512436777,1.0044364855762118,1.0005729131065038,1.3444124175945438,1.0890855642336013,0.0,0.9541378539674392,0.3425877852271355,0.9290377369747057,0.5186152587783285,0.9765957182957868,0.24362540130405322,0.9468654615701803,0.7415441281857025,0.9835877699473755,0.9974152452537918,1.1020358644562234,0.6752350424947778,1.144136733814283,0.7394089869791556,0.9798324792990561,0.4190063451020354,0.34967908758610744,0.46040851321858,0.3875035501929237,0.9811757395232332,0.9786110071658857,0.8999383031734199,0.881838714625363,0.3997139734332483,0.3321677739502068,0.5344748316545264,0.4778011948290745,1.0032164565787993,0.9354604252598605
pix7,1,5,1.0000209038594985,1.0000048949077478,0.9998867771984594,0.9999802784529888,0.9999652135639293,1.0000378357023103,0.9999760049159612,1.0000287077120382,0.99988990250252,1.0003250185087067,0.9999775274870245,1.0001476550502066,0.9979609915203644,0.9734162642628852,0.9999113676604248,1.0001346731092013,0.9954009681392361,0.9468586856994304,0.9999242901479891,1.0000256093143987,0.9967177751150806,0.9707355521875396,0.999962893011893,1.0000017156832819,0.998543145778196,0.9849413880302562,0.9999282661550669,1.0005495094424133,0.9930603415574785,0.9207702685415313,0.9999857724673518,1.0000015965964613,0.9993995615849097,0.9954460279983042,0.9971968442942147,0.9986619306564739,0.9998486432613708,0.9998368145238719,0.9999583941432199,0.9999557589398848,0.999548007636235,0.999548155951728,0.9998223523760845,0.9998187883955058,0.9996675228358407,0.9996603485302672,0.9986265052824687,0.9992225652564292,0.9989008921465112,0.9991570923352309,0.9816260489050667,0.9933750531701445,0.9994608582829857,0.9995940097491083,0.9997670299541664,0.9999914828726596,0.9999512925744688,0.9999149284315973,0.9987148691930752,0.9901046118938529,0.9841685070327714,0.9985499752634514,0.986426618593493,0.9786522830756075,0.9956583060825861,0.9482883583396816,0.9190243746343025,0.9973865516302871,0.9820071066854601,0.9720060401752653,0.9946393586222504,0.9671550884320498,0.9492551856461816,0.9851439536813364,0.758406425214005,0.6353346730019317,0.998213182059317,0.9887847623637074,0.9827593381555787,0.9981344652945029,0.9900426621940539,0.9852243728496426,0.9900574785178436,0.9391899684312103,0.9074152851103846,0.9988008580637384,1.0000271927608557,0.9790832671693861,1.0000036690981453,0.999884065224541,1.0000012688073117,0.9852966958849335,0.9959386430799455,0.9546718017777125,0.994180669192924,0.984247057433281,0.9972704119912748,0.9854087874585525,0.9980602997266877,0.9802566222942847,0.9975829855708714,0.9885369790510343,0.9978162330965213,0.9636368073988409,0.9911561663949158,0.9490810376942198,0.9924510348992454,0.9886889176161417,0.9974489956734107,0.9856155501884968,0.9690291192132018,0.9865874365961133,0.9712909820602238,0.9996413939557475,0.9991797805132483,0.9975430108057324,0.9947269102471483,0.9855916407139014,0.9690535651334774,0.9679345700322501,0.963484893409568,0.999239426709631,0.995211906405144
pix7,2,5,1.0191257367932252,1.0099581814798795,0.9921365885161897,1.0493214575923335,0.9984995603957363,1.1792238119340028,1.000941801534398,1.016134092370457,1.0225587953377464,1.185499520614385,1.0137527099341828,1.0940298009655656,0.8387799255229207,0.70045131024998,1.0099755561318648,1.0928984499335943,0.5477256291083556,0.17748385490972288,0.9988233737247402,1.017035135727528,0.6484279717774627,0.18196236648023398,0.9982400526921439,1.0032743644225326,0.8282160736351226,0.5562335515857005,1.050503854383121,1.3419695809415242,0.504364615733819,0.07877832109785944,0.9991213920993633,1.0023595636430918,0.9152058485608664,0.7083122481233503,0.6277117787956586,0.8549353791732794,0.9845954904012296,0.9961916884318928,0.996554432442482,0.9989830382850979,1.0106748130194467,0.9764509929253476,0.9754674209593637,0.9787380884821039,0.9654106596494602,0.972203140386062,0.8240909479965917,0.9159670209525237,0.874666355851695,0.9166267277675599,0.3032404840761746,0.5619792706360986,0.9043700792304428,0.944247033199994,0.9632738232409565,0.9999031586704851,1.0041382814434463,1.0021003129058788,0.9704588701023718,0.7887582399712512,0.5940076188082019,0.9894653925408724,0.8064140221541964,0.6189508988540904,0.8750887354246959,0.0,0.0,0.9713508113039256,0.7297900377264658,0.527374283265585,0.8128493984431981,0.11485394962202883,0.0,1.2109722145845698,0.09927652606900733,0.06949954420543862,0.9334398170496995,0.7060176322148791,0.5002788319677111,1.0246083869912708,1.0029399620435673,0.9833614979803745,0.8582578584978549,0.11236022939874206,0.0,1.0150988679198591,1.0176094793285562,0.7451625291277717,1.1286641018788415,1.004746188875683,1.0007118112842535,1.3400512433569802,1.0773426590766804,0.0,0.9462014825239996,0.34743326553999876,0.9309588402432515,0.526346029333261,0.9752681310127653,0.25758513878850375,0.9482692157387286,0.7512728490467651,0.9816055810704472,0.9703586900888349,1.0743593530747035,0.6577740457346235,1.1042637015073133,0.7421212684869697,0.9784320483013769,0.4207405629036309,0.35078202512273404,0.4624156071692969,0.3894913898752837,0.9805120507661134,0.9780589126034407,0.9006109556179441,0.8827230402855097,0.4036726665934884,0.3352367834343336,0.5383736250665162,0.48235531418163025,1.0029111951386516,0.9355485834053766
thermal100,1,5,1.0000210655322994,1.0000050222540449,0.9998556512313516,0.9999735086005984,0.9999584704815316,1.0000271350991898,0.9999743928950285,1.000026972094458,0.9998762172593052,1.0003136149533574,0.99997001570376,1.0001466963271222,0.9976487148856841,0.971514301691659,0.9998916221047968,1.0001386805464378,0.9944859335182473,0.9392500550936161,0.9999034901793807,1.000025328822439,0.9958276012174411,0.965581614302613,0.9999494974747198,1.000005222310581,0.9979371072600642,0.9805856679142153,0.9999136331344828,1.0005434050704345,0.9924910300373241,0.9169842027857402,0.9999858068669939,1.0000038513791067,0.9993610426927247,0.9951533418985706,0.9972045656843831,0.9986660001834328,0.9998305234711589,0.999819416960778,0.9999478931756509,0.9999466048890275,0.9995436777012701,0.9995324328372205,0.9998233309772729,0.9998198354906022,0.9996349101535658,0.9996400569696178,0.9986291378096845,0.9992254658933821,0.9989107331677505,0.9991488477068428,0.9719613936234974,0.9103887135903268,0.9994649123487408,0.9995977746828528,0.9997675603261165,0.9999915532285237,0.9999520859881177,0.9999170720302075,0.9987085126690047,0.9900849144299548,0.9841782154872648,0.9984557355087075,0.9857806855564054,0.9774133495036091,0.9955588018280513,0.9476003165398809,0.9178558996806617,0.9972634512489599,0.9812545285048899,0.9705944679038419,0.9946079828318755,0.9670587885700391,0.9492007067329526,0.9838335590621036,0.7487604829547915,0.6196128756284252,0.9980970440669502,0.9884140214876788,0.9820743214224826,0.9978429513773291,0.9891895882901504,0.9836886609577067,0.989333642740019,0.9365831993809497,0.9029632774295691,0.9987953510074138,1.0000293580107642,0.9784945326701533,1.0000946260039967,0.9998857092587162,1.0000013011138171,0.9842396049046599,0.9954681790480576,0.9529836678506585,0.993752571217302,0.9843104825181621,0.9972829550714506,0.9851045709558409,0.9979387135950651,0.9801626037234002,0.9975497720879717,0.9881947488159883,0.9976672625052301,0.9612754063188393,0.9900746707779616,0.9421550070839187,0.9904703572148321,0.9883482239996241,0.9973093859109226,0.9846558485708504,0.9670157319318776,0.9855902614610792,0.9691784177558691,0.9996428969677696,0.9991836463793794,0.9973146244247806,0.9942300570122988,0.9845439658368382,0.9668544933878652,0.9647970447121228,0.9612345760360433,0.9992438225131032,0.9947978710964738
thermal100,2,5,1.0191076269263137,1.0099486290123818,0.9961149983131544,1.0498878998405163,0.9999653143196305,1.180547974505762,1.000708989734835,1.0152380503795544,1.0212994489659073,1.180421495868285,1.0147258330433515,1.0959487972889361,0.8255956405479083,0.7008222366861644,1.0123504035613906,1.099886950297709,0.4964356702055153,0.18105162394604268,1.0019074238205012,1.0240496349928865,0.6025554802232027,0.16223008039170542,1.00123723465866,1.0112274650367266,0.7884531384916386,0.5370168504639308,1.0511319015755822,1.3418316604313898,0.49077696309454316,0.07443093682793211,0.9993422433181735,1.0034949916968918,0.9137272295710089,0.7080627016076856,0.6392260326027481,0.8599364929592141,1.0006961147256808,1.0111628226236955,1.003465117959085,1.0049545415059935,1.041539045880474,0.9944407581652646,0.9755233438909547,0.9785063892838531,0.9794826633486557,0.9866881737273688,0.8236836771736595,0.9156744884235672,0.8842086264183222,0.9214297506269016,0.439240755643584,0.43383776969340343,0.9050068730506522,0.943247710273762,0.9608900168963483,0.9998364757451368,1.0039206707892205,1.0017114110160845,0.967139884780717,0.7645480379603861,0.5699336378113369,0.9927052276994903,0.8288571351660735,0.6204191664460333,0.8719040120088587,0.0,0.0,0.9740265304582494,0.7534103006935012,0.5408574152497524,0.8008010056262861,0.05102791460498662,0.0,1.248688677426675,0.09949426399709999,0.0663450463606924,0.9362990584254911,0.7055705202602325,0.4921382442603163,1.0428383076953252,1.06457569772369,1.0367732353165542,0.9015323741407856,0.17489790946232214,0.0,1.004899204244152,1.0153100251682166,0.6830592372583679,1.142282557649679,1.0037958336933959,1.0003655676247165,1.3335815085196023,1.106097121768143,0.0,0.9690553515229461,0.33084934426818,0.9247790953893013,0.5040473943008682,0.9788098869585856,0.2040402461754143,0.9448731372884677,0.734982766979292,0.9865237192679349,1.0953393654181822,1.1404596759908938,0.6950801795408124,1.1929773617703656,0.7358327665781916,0.9810206502627452,0.41766020174146895,0.3493370202945682,0.4511573061245566,0.3746672900861727,0.982428512011904,0.9802555069178913,0.8940681328418194,0.8739299293108448,0.39441580549273314,0.3267717147052134,0.5325945409129678,0.471692655543653,1.003727988783961,0.9345031058963639
thermal25,1,5,1.0000105444255298,0.9999988593836037,0.9998570964714713,0.9999483487242311,0.9999585587326318,0.9998979666883901,0.9999722249105363,1.000008818155483,0.9998552922738596,1.0001365172137613,0.9999612195590181,1.0000629498652782,0.9976951988732717,0.978639469575139,0.9998816486518668,1.0000382674309591,0.9946231986795643,0.9640476358321401,0.999903634873547,1.0000040410952418,0.9959132295881383,0.9783177202358148,0.9999509448552331,0.9999983835456614,0.9979955535646208,0.9896678856935345,0.9998788844762714,1.0002357993309503,0.9926035783327585,0.9357673503096833,0.9999856115837273,1.0000011539894937,0.9993807793972316,0.9991130911530103,0.9972062274861817,0.9986690170878648,0.9998389425877106,0.9998340802515031,0.9999509155092241,0.9999514054346108,0.9995662704512003,0.999553719299986,0.9998227073295491,0.9998190712804547,0.999635258249509,0.9996446672676541,0.9986253516615329,0.9992223196917005,0.9989054341484607,0.9991457876403046,0.9818068140531679,0.9246915209315785,0.9994636804678332,0.9995961312023811,0.9997686136033602,0.9999997359921157,0.9999745157189592,0.9999304272064968,0.9988757144935791,0.9900649644361011,0.984387165248855,0.9987739539448629,0.9858802730539032,0.9782509276873467,0.996176195204548,0.9476304366542154,0.9184899325436495,0.9977881620331156,0.9813590824284932,0.9715237478135964,0.9952101346221436,0.966998986930341,0.9493369445575084,0.9893831679649563,0.7543353589208643,0.6503843436284943,0.9984317058658941,0.9885030895878102,0.9826894529744394,0.9985041873467485,0.9893668328101594,0.9850922529352278,0.9912919120918027,0.9367336283796304,0.9062962279187666,0.999012497290845,1.0000145367135977,0.9811688793768562,0.9998959919204055,0.9999168921016743,1.0000004127294535,0.9880945821351987,0.9969420073296987,0.9575225763222236,0.9949677362593067,0.9842037082275957,0.9975635410760982,0.9860834560411655,0.9983720905433758,0.980772202185427,0.9978769526969603,0.9894788030100984,0.9981474290382351,0.9678552208424329,0.9927608380724774,0.957160295000462,0.9934939772341534,0.9894821964045225,0.9978595489671767,0.998148299123269,0.9698491324466357,0.9980957581586248,0.9716849869042634,0.9999799978334732,0.9993339262651558,0.9995832924338627,0.9946502195798549,0.9981196135106772,0.9695905705978316,0.9731687111246081,0.9717995979397088,0.9995383932468199,0.9960907441466863
thermal25,2,5,1.0124233684016049,1.0063537020713311,0.9985138401177602,1.039549977956317,1.00037199738977,1.099470855385409,1.0007651401567452,1.0089576806935103,1.0169845221186844,1.094891874990044,1.0099739241151509,1.041581497173857,0.829853243287555,0.6844392453115552,1.0088253039574324,1.0439966798951958,0.507566373065796,0.13576940923696962,1.0030175539444945,1.0224753695090967,0.6151423451469035,0.21989166053925918,1.001158361216975,1.0098149995258858,0.8003624064194873,0.5934858594346338,1.0348554115266155,1.1480666041845657,0.49790729431560693,0.04486225422540149,0.9995122955268294,1.003278930949899,0.9144138486391761,0.941509259200151,0.6513504916705003,0.8710102571537062,1.0041907885773005,1.0105497734377746,1.004411536190045,1.0044490174113663,1.0274613047423327,0.9986022909343929,0.976065255840113,0.9792566106029291,0.9775319074770532,0.9847628334726903,0.8238395479853792,0.9169106188825983,0.8838932410897922,0.9241272322261999,0.323827131812531,0.11458981591308796,0.9088799407840568,0.9474437039476816,0.9624355785987037,1.0006502571860585,1.0017304895391992,1.0010122031687003,0.9681566081600754,0.7717562215335416,0.6813340602899494,0.9916616282051235,0.8307648126399358,0.6590928664777366,0.8775139259388751,0.0,0.0,0.9727925937405161,0.754748535369327,0.5660610494083738,0.8041641179451532,0.056413621296975615,0.0,1.239232759975906,0.09506118578824845,0.032371901726698855,0.9377086510882156,0.7078016231947973,0.5561195875645518,1.0349203159401625,1.0620745831980996,0.9161697705361697,0.8712609251042897,0.1847977163846433,0.0,0.9991246221155952,1.0098220271849172,0.6888327917562967,1.0724602875847895,1.0019132574276317,1.0002332572515484,1.0008274135356314,1.0915846910486235,0.05833131970499448,0.9563267105539025,0.4359193343647105,0.9198191535591094,0.5880099059096507,0.9774191724570668,0.4458122837312193,0.9434042994122611,0.7663367189948678,0.9832966010746818,0.6325797196403441,1.10418013298029,0.5263153142648874,1.1844734749786763,0.7680565392223511,0.9783391556809388,0.8458989885442725,0.3604438045102271,0.8227961266365275,0.3853280883204676,0.9999657202314456,0.9785082843287822,0.9542509795798819,0.8787227195893913,0.8405847975916292,0.3398112852066586,0.4800424656119396,0.4946468411767011,1.0010932944233588,0.9309706422922308
thermal50,1,5,1.000021062884781,1.0000050200284039,0.9998565014619075,0.9999737116452246,0.9999586729474927,1.0000274404053473,0.9999743858460859,1.0000269700420223,0.9998761826910433,1.0003135991345855,0.9999702421410205,1.000146838472144,0.9976489467713305,0.9715139996514396,0.9998919815959307,1.0001389427030185,0.9944858887020798,0.9392494808315358,0.9999041709035582,1.0000257364239749,0.9958283458845648,0.9655805649456753,0.9999501063112345,1.0000056295969912,0.997937708296461,0.9805846402715623,0.9999138588687674,1.000543581416174,0.9924909678764068,0.916983855261466,0.9999858025032544,1.000003850487727,0.9993610135102594,0.9951533365397159,0.9972044515748595,0.9986657824982698,0.9998300490405856,0.999820744661147,0.9999476949044188,0.9999470871160407,0.9995479263064377,0.9995337811435323,0.999823294029576,0.9998197839239983,0.9996363752617424,0.9996407538869322,0.998629118486322,0.9992254005779607,0.9989106166738536,0.9991488340123957,0.9743391430843003,0.9147818563777248,0.9994646891693658,0.9995975006612803,0.9997675596896951,0.9999915530944066,0.999952084754767,0.9999170691169068,0.9987084936437217,0.990084792871436,0.98417792667476,0.9984557332389835,0.9857861329872399,0.9774149556882425,0.9955587764903848,0.9476048641566068,0.9178573773032005,0.9972634797141376,0.9812606058077031,0.9705972651173593,0.9946079224822932,0.9670584390522605,0.9491998414274421,0.9838334233510615,0.748773937048441,0.6196280156532339,0.9980970269738791,0.988416134978875,0.9820758552986879,0.9978428729113767,0.9891945161239676,0.9836931257842542,0.989333504150361,0.9365909113622287,0.902970053430982,0.9987952909944711,1.0000293576059345,0.9784984698349177,1.0000944472214397,0.9998857036784911,1.0000013010765663,0.9842491053039639,0.9954680700422438,0.9529989552668655,0.9937526104825011,0.9843101727520402,0.9972829412648269,0.9851076386968103,0.9979386888826457,0.9801620576855389,0.997549736705346,0.9881982119853501,0.9976672381254745,0.9613045257140368,0.9900743976975146,0.942239825264048,0.9904698439131018,0.9883529077198016,0.9973093626009022,0.9846557800537759,0.9670154848179711,0.9855901688526147,0.9691781163966718,0.9996428970974696,0.9991836456024067,0.9973145925283275,0.9942299671405171,0.9845438900675838,0.9668542261411655,0.9647966036294239,0.9612342882861186,0.9992438222639572,0.9947977886145439
thermal50,2,5,1.0191045864900843,1.0099483992515665,0.9965956499168231,1.0500468443838464,1.0000701611431246,1.1806007014768711,1.0007619655959048,1.0152734237955718,1.021636498426239,1.1806718906611398,1.0148871407801414,1.0955559115315217,0.8277735235989064,0.7025763551973796,1.012873490565216,1.09928209106425,0.5012969958633848,0.17413101604671738,1.0023780424192332,1.0227833867452534,0.6113259921882469,0.16730852480130717,1.001370081836714,1.0097420134941817,0.7962594224396327,0.5440574055268886,1.0514079897838071,1.3413930402424588,0.4912550504722891,0.07202163723169985,0.9993490240541211,1.0035151008806675,0.913154506987696,0.704095303368704,0.6466506768828038,0.8692072609078881,1.0077756417951422,1.0157278583604132,1.0072176835600404,1.0062287026105834,1.0491769109662694,1.0046931599037152,0.9757553397605365,0.9787848926124297,0.9772655223950512,0.9882120931389646,0.8236792245156142,0.9160162261810298,0.8844053753356266,0.9231619735882777,0.388032922768839,0.26076775091375104,0.906626999378674,0.9448694208504653,0.9605117625299779,0.9998217199830174,1.0039105737249,1.0016933904388923,0.9665658188644348,0.7631114218346688,0.5708034306495386,0.9936954117055737,0.8326348638302592,0.6205003324544983,0.8718662205109965,0.0,0.0,0.9746825112078287,0.757804221017623,0.541368602000618,0.7985555103634349,0.047055979796967885,0.0,1.2489584676449312,0.09940340204744605,0.06750137401445566,0.936282567084486,0.7064947725016285,0.49424616131108046,1.0462660553470198,1.0698887198445624,1.035618438035353,0.9025216924250699,0.1773070589423045,0.0,1.0061585271708842,1.0149053300327022,0.696783417799718,1.1398826722507496,1.0038675359988292,1.0003267593400356,1.3424886434186654,1.108754606255106,0.0,0.970837444537142,0.33190503854635,0.9246278984640351,0.508176167297309,0.9792067100069359,0.21058103276586534,0.9438743226817231,0.7373182161331405,0.9872408096369824,1.0848517530303083,1.1526460958901055,0.6786415534181555,1.2293523996034816,0.7351237923804345,0.9813299530169022,0.41747904078998355,0.3488992567989659,0.4513468358270816,0.37616328693477674,0.9825071916165917,0.9802198287248605,0.8943383713030387,0.875075218622233,0.3940070096205754,0.3264603881425272,0.5317332558560602,0.4715982173399395,1.0037951630970368,0.9350404019375529
deg1,1,,15.673551506754109,2.0679900842852232,0.0,2.256727265419456,0.0,1.2369038993611428,0.0,0.0,0.0,0.0,0.0,9.52186204081852,0.7117781184538483,1.6586535579505386,2.8408794937063506,0.35401321504493977,0.0,0.20755923114055427,0.0,0.0,0.0,0.0,4.820509850440897,0.0,0.0,0.0,0.0,2.7016338248955187,0.43404313311201775,0.03325840242726664,0.0,0.0,0.0,0.2966958000740659,0.01997650426631298,0.0,0.0,15.345637539002,0.0,3.620243122201937,1.7369249751234728,0.0,0.10222758478877467,0.0,0.15290469697574308,0.0,0.025438167583281622,0.0,0.36937551788387296,0.0,0.0,0.3023552957921548,0.36360879647270083,0.0,0.0,0.0,6.976712251859365,0.0,0.0,0.0,0.0,0.0,0.1744709722180294,0.0,0.0,0.0,0.0,1.3193892586602436,0.6051912726487739,0.5453643089910852,0.0,0.0,0.0,0.5027067123345035,0.06336618628495434,0.03322626556843241,0.0,0.0,0.0,0.0,3.3394458295849465,2.1150290437874943,0.0,0.12191512605552782,0.0,7.382061445880732,4.100617725440634,0.0,0.8219205844613953,4.723443847692244,0.0,3.3623979459059643,5.709351079675361,0.0,0.0,0.491827280901322,1.0632147430231174,0.0,0.0,0.0,0.0,0.0,0.0,1.1241943753994632,4.363924737024919,0.34400052369832684,1.3502151175752108,0.0,0.0,1.2080919208553083,1.0158952982290723,0.03736024844354582,0.0,0.0,0.0,0.1068015032475503,0.0,0.0,0.0,0.577000488983154,0.0,4.559238576043927,0.0
deg1,2,,20.751005683438386,3.461411848221907,0.0,1.2871615260054137,0.0,1.4212945400754529,0.0,0.0,0.0,0.0,0.0,10.420805430211962,1.4378964433150065,1.4861005162922796,0.0053586384477979495,0.22188270977605254,0.0,0.19893891665103106,0.015209934216472338,0.0,0.0,0.0,12.106416019292974,0.0,0.17478311710706348,0.0,0.0,3.0245151426070653,0.2219211695619238,0.05427463706320332,0.0,0.0,0.0,0.30820809482053896,0.0,0.0,0.0,95.8931609151647,0.0,0.0,1.5925480073993705,0.0,0.0,0.0,0.0,0.0,0.016466968477177196,0.0,0.16383452182280284,0.0,0.0,0.16256539561487274,0.37729395235987057,0.0,0.0,0.0,6.574466977417603,0.0,0.0,0.0,0.0,0.0,0.19992075472312917,0.0,0.0,0.0,0.0,0.13686159064809664,0.6011078584731407,0.5174116367172313,0.0,0.0,0.0,0.590692346603195,0.06243329154069623,0.03803508769930875,0.0,0.0,0.0,0.0,3.672423508033397,2.275394815858432,0.0,0.11318166986517501,0.0,4.319135619620875,5.457980905886896,0.0,0.6111820840998878,4.766278836445207,0.0,2.9830963709308658,3.3253953005395713,0.0,0.0,0.2748521077417434,1.7166633660287838,0.0,0.0,0.0,0.0,0.0,0.0,1.7343449981585575,5.9787810877135055,0.33997772277233534,1.5709921018706476,0.0,0.0,1.1917422755368678,1.018011540610284,0.03229671252480055,0.0,0.0,0.0,0.11826914706362121,0.0,0.0,0.0,0.5983228956465944,0.018473219583120554,5.072246585784647,0.0
deg5,1,,15.524775296421682,1.4495039045020774,0.0,2.259538634406123,0.0,1.223269826604318,0.0,0.0,0.0,0.0,0.0,9.73759356279143,0.6749486762125463,1.5613453324749973,3.5148236072673726,0.3227914946516286,0.0,0.20334558237402536,0.0,0.0,0.0,0.0,2.774220324230457,0.0,0.0,0.0,0.0,2.6935816626811313,0.4540178063262657,0.06257342094050332,0.0,0.0,0.0,0.35274970884113455,0.04319013476091701,0.0,0.0,10.322040976956043,0.0,1.6555702927738034,1.4865806793810905,0.0,0.08947022999395052,0.0,0.3206088762327303,0.0,0.02819572441700313,0.0,0.3597843909773144,0.0,0.23384798858836375,0.2695174003418237,0.3675590254425349,0.0,0.0,0.0,7.188411084947319,0.0,0.0,0.0,0.0,0.0,0.22426373350582246,0.0,0.0,0.0,0.0,1.7361429309134349,0.6078524220899187,0.5692239277598732,0.0,0.0,0.0,0.5692552053189281,0.06982260835972175,0.03501911608883999,0.0,0.0,0.0,0.0,2.973836426085657,1.9401462144226571,0.0,0.1272561325270266,0.010785313568561383,8.87039192785108,4.35829610560399,0.0,0.825321105376886,4.281786331959271,0.0,3.819208572691107,6.465553896711217,0.0,0.0,0.6046564259156468,1.163644907367551,0.0,0.0,0.0,0.0,0.0,0.0,0.8613009444559053,4.053741195492599,0.29303513248397905,0.789359143817197,0.0,0.0,1.2113118256129458,1.004863263455049,0.013215093117812458,0.023166078975227128,0.0,0.0,0.27981594810237703,0.0,0.0,0.0,0.6010816113636869,0.0,4.41834917776051,0.0
deg5,2,,19.298157636216388,0.0,0.0,1.3860828546703543,0.0,1.3939835179385434,0.0,0.0,0.0,0.0,0.0,11.096481007110295,0.6955533501459191,1.4144209315095166,3.72193751204945,0.15319871469260873,0.0,0.19636530428986926,0.0,0.0,0.0,0.0,1.403426602142345,0.0,0.0,0.0,0.0,2.938738143188993,0.45348990819065366,0.06013716375916409,0.0,0.0,0.0,0.3434188268455502,0.025183566919420003,0.0,0.0,11.987809178509574,0.0,0.5570062052665061,1.7028067235598832,0.0,0.076633472128314,0.0,0.2601314181612125,0.0,0.016942065085150407,0.0,0.4421206893430969,0.0,0.44108715570843154,0.3000590614872284,0.4115999219832337,0.0,0.0,0.0,6.735903168943601,0.0,0.0,0.011765150469615578,0.0,0.0,0.2495763531983282,0.0,0.0,0.0,0.0,0.7901297785785656,0.604874055970806,0.5773565643520753,0.0,0.0,0.0,0.6341040423937934,0.06859538176162697,0.035071924761412764,0.0,0.0,0.0,0.0,3.3504279766590295,2.341374391986669,0.0,0.11391566197599413,0.0,6.363157324561906,5.285117163694921,0.0,0.6763267936194061,3.871757160167971,0.0,3.801573428352068,4.79573080042366,0.0,0.0,0.5174245554855488,1.8379188751121003,0.0,0.0,0.0,0.0,0.0,0.0,1.1489733638633703,5.1704104209400175,0.33565060919243594,1.111056042820454,0.0,0.0,1.118528737471689,0.9925551895595158,0.0907667738119093,0.04136182133356469,0.0,0.0,0.3131033503738502,0.0,0.0,0.0,0.6555549187831295,0.035497389687758896,4.8915232183055855,0.0
interval1200-1700,1,,0.0,0.0,0.0,0.0,0.0,24.058784750258113,0.0,0.3186529566838127,0.0,1.0092498174975828,0.0,0.0,0.0,0.0,0.0,0.0,0.0,0.20635787583564738,0.0,1.6749050886693109,0.0,0.0,4.910370638872867,6.594680387411448,1.3234950340507141,1.0921065437275899,0.0,0.0,0.0,0.0,0.0,0.0,0.0,0.10555521921837652,0.0,0.0,0.0,21.93435602829291,0.0,0.0,3.2129011370106846,0.0,0.0,0.0,0.0,7.456188562816062,0.0,0.0,1.0280155499495807,0.0,0.0,0.01654368839358117,0.0,0.0,0.0,0.0,3.708892116392142,1.5767464033503378,0.0,0.0,0.0,0.0,0.4599373097726842,0.14427958166565263,0.0,0.5202867231683956,0.17826192498899676,0.0,0.5841735870918732,0.44586986691073505,0.0,0.0,0.0,0.0,0.0,0.0,0.0,0.0,0.0,28.515487008931995,3.489218884014829,2.641531346719147,1.9890382512131912,0.40602143540689634,0.059001802847023534,0.0,2.9223727661737047,0.0,1.019926796482898,15.588549649714333,0.0,0.0,5.767274476877443,0.16933140161803467,0.0,0.0,0.0,0.0,0.0632228093413417,0.0,0.0,0.39785194052930206,0.0,4.24056411172308,0.0,0.11760705121090473,0.0,1.742819554438266,0.0,1.0349433831671264,0.8067176265215246,0.0,0.0,1.5500783329562826,1.8664018128719346,0.0,0.0,0.0,0.0,0.0,0.0,2.6934278584666655,0.0
interval1200-1700,2,,0.0,0.0,0.0,0.0,0.0,193.0586624062756,0.0,0.0,0.0,0.0,0.0,0.0,0.0,0.0,0.0,0.0,0.0,0.0,0.0,0.0,0.0,0.0,0.0,6.678726838630883,15.463562764794169,0.447624740424267,0.0,0.0,0.0,0.0,0.0,0.0,0.0,0.20127420078070216,0.0,0.0,0.0,67.0815257126674,0.0,0.0,3.294404549544817,0.0,0.0,0.0,0.0,386.13905484835766,0.0,0.0,0.0,0.0,0.0,0.012508113047866804,0.0,0.0,0.0,0.0,2.193195002946259,1.5018588232298353,0.0,0.0,0.0,74.63784806548078,2.2797627298621146,2.647453265181564,16.29286112951264,0.9015484156158284,0.0,48.54286509028903,1.7490682150290826,1.1862954479784809,0.0,0.0,0.0,0.0,0.0,0.0,14.583813185013703,0.0,0.0,0.0,2.308952484347512,0.0,0.0,0.0,0.0,0.0,1.135154770670461,0.0,0.0,1.7265444293199776,0.0,0.0,0.0,0.0,0.0,0.0,0.0,0.0,0.0,0.0,0.0,0.0,0.0,4.605249641835746,0.0,0.2247490635044319,0.47259338986013705,4.974953267073464,0.0,0.6422070188572944,0.0153420392897471,0.37046823443453925,0.8610719721695766,0.7850927827986744,1.140680124101016,0.0,0.0,0.0,0.0,0.5263345732005855,0.0,0.0,0.0
interval2200-2400,1,,0.0,0.0,3.5068177735480752,0.0,0.0,0.347425714123104,0.0,0.0,0.0,0.9396605996032349,0.0,0.9044670584256532,0.0,1.7368600344400174,0.7161656149842693,0.7158682869857103,0.4739513588394676,0.0,0.0,0.0,0.0,0.0,1.993882406106899,4.453447076900389,0.0,0.0,0.0,0.43497677224402315,0.0,0.2754573351126452,0.0,0.0,0.0,0.0,0.45178601283952896,18.60884816828604,0.0,0.0,0.0,0.829247536560599,1.5348704778572408,0.0,0.0,0.0,0.2365138887427873,0.0,0.0,0.0,5.147913656315295,0.0,0.24596497401224893,0.12042552517876114,0.0,0.0,0.0,0.0,0.0,0.0,0.0,1.2478445777021603,0.0,0.0,0.8034462311702706,0.0,0.0,0.42266127510680496,0.0,0.0,0.0,0.0,0.0,0.0,0.0,0.0,0.08861752855255862,0.014100046261902744,0.0,0.7704255712780423,0.0,19.219510472254015,2.7689801503489546,4.269259470227052,3.8981389755865927,0.0,0.0,0.907070350648051,4.299516524271713,1.2943106560651794,1.1850771184152074,0.0,0.0,0.0,3.4285055656057417,0.07362711202110002,0.0,0.0,0.0,2.2826811442493367,0.0,1.4187784707870514,0.0,2.5587380555293286,0.0,0.8810908719695043,0.0,0.12892031422401395,0.0,1.9917193662608694,2.3398747306337238,1.0858977044365887,0.487473082285308,0.0,0.0,0.0,0.0,0.0,0.0,0.05655437881627865,0.4020637522847015,0.0,0.0,0.0,0.30441321655694886
interval2200-2400,2,,0.0,0.0,3.626305845884634,0.0,0.0,0.5336070510605766,0.0,0.0,0.0,0.9217058874927696,0.0,0.9310682548906465,0.0,1.7708769813202832,0.5967816667360222,0.7096293960409009,0.47025795442950785,0.0,0.0,0.0,0.0,0.0,1.0575755956589172,4.663358919146524,0.0,0.0,0.0,0.4037692102398036,0.0,0.28406176965159874,0.0,0.0,0.0,0.0,0.0,28.115009537555434,0.0,0.0,0.0,0.23744340010287668,1.4547532754771484,0.0,0.0,0.0,0.0,0.0,0.0,0.0,5.041101833061552,0.0,0.3278268985528725,0.01295935247083947,0.0,0.0,0.0,0.0,0.0,0.0,0.0,1.3697865519132963,0.0,0.0,0.8125699557200265,0.0,0.0,0.43878926545695274,0.0,0.0,0.0,0.0,0.0,0.0,0.0,0.0,0.09466705186205053,0.018195656252172093,0.0,0.7853141351472687,0.0,18.639266739300037,2.7132958637594267,4.417158900733037,4.162749205519338,0.0,0.0,1.0568224109093247,5.1380034465725535,1.0633986694318223,1.0592563625977476,0.0,0.0,0.0,2.355144931148032,0.10745268902607813,0.0,0.0,0.0,2.6980723146480723,1.608080431492221,1.6443285169255695,0.0,2.960104914381827,0.0,0.7437332200557186,0.0,0.12081806160628514,0.0,2.2542646487474656,5.641205370823532,1.1322196889448597,0.7673237509562038,0.0,0.0,0.0,0.0,0.0,0.0,0.0,0.1426718456049588,0.0,0.0,0.0,0.0
interval5500-6200,1,,16.078028948588543,0.0,0.0,13.094585987564349,0.0,0.031188880253692125,0.0,0.0,0.0,0.0,0.0,12.215406111674792,4.054441738068737,1.401763661153525,0.0,8.693503099769396,0.23782844258571417,0.0,0.0,0.0,0.0,0.0,0.0,0.0,0.0,0.0,0.0,2.047899795907348,0.008227489606507921,0.06349901357150332,0.0,0.0,0.0,0.0,0.025100698430339345,0.2633056482409875,0.0,0.0,0.0,0.0,0.17915187949681483,4.045404780866643,0.0,0.0,0.14377019321006354,0.0,0.0,0.0,0.0476529899570586,0.0,0.03220593353272137,0.10101222654286826,0.33336302097188947,0.0,0.0,0.0,0.0,0.0,0.0,0.09221199114664076,0.0,4.64515679879449,0.23210061235466692,0.0,0.0,0.061423525271867875,0.001918123468611995,1.9516091426437474,0.6172357459606584,0.20440881210392484,0.4979744715225684,0.0,0.0,0.0,0.00960382713538853,0.0,0.0,0.0,0.0,0.0,1.5613020883294102,2.077967913365989,0.28748803722219346,0.19197352786289004,0.24100604235347245,2.46156793177948,0.0,3.4220415546270506,1.2901098410929766,6.05655354497802,0.0,0.6431353583866289,0.0,0.0,0.0,0.2984654944229844,0.6375849266306703,0.2702471057168154,0.0,0.0,0.0,0.0,0.0,0.0,0.35566772599572627,0.0,0.0,0.025713206014419062,7.634962209564734,0.0,0.0,0.0,0.0,0.0,0.0,2.6334441591453484,1.0025206044409005,0.8826153551040429,0.8624839311520243,1.4395426254760537,0.2313495788351822,1.6426058294722121,0.43641195332270527
interval5500-6200,2,,17.44867529965708,0.0,0.0,13.337601786965466,0.0,0.0,0.0,0.0,0.0,0.0,0.0,11.193469242092407,4.070364122813115,1.28267519496913,0.0,9.407857583658616,0.29559563803566324,0.0,0.0,0.0,0.0,0.0,0.0,0.0,0.0,0.0,0.0,2.3750143182729677,0.006556898417450189,0.05131634927838436,0.0,0.0,0.0,0.0,0.01439899877133776,0.29384499322894886,0.0,0.0,0.0,0.0,0.046194489576973474,4.743576744259918,0.0,0.0,0.10353148899315986,0.0,0.0,0.0,0.04438142950273379,0.0,0.0,0.26419517702419865,0.37829095305638766,0.0,0.0,0.0,0.0,0.0,0.0,0.09206734180895552,0.007077207007495641,6.437848254565859,0.25158023460731954,0.0,0.0,0.06281696938366661,0.006175945948272757,1.578863713301548,0.6315461241349026,0.16526015282217202,0.5918569496674505,0.0,0.0,0.0,0.012750545976397076,0.0,0.0,0.0,0.0,0.0,1.519284246670598,2.388413986835086,0.0,0.1901998609799842,0.2601798997159042,2.653221794334325,0.0,3.3191454446346405,1.2485542250132253,6.15138634740095,0.0,0.8797158445962677,0.0,0.0,0.0,0.2851732094254824,0.7406958165371168,0.27114131369980904,0.0,0.0,0.36763211957657826,0.0,0.0,0.0,0.25853799303197406,0.0,0.0,0.17588856979895065,7.872472955862259,0.0,0.0,0.0,0.0,0.0,0.0,2.5684099325738274,0.8905046997033194,0.9138503453401392,0.9079957777952905,1.7052791665250637,0.20197905274674982,1.8577920322630133,0.0
nomask,1,,15.915176079791502,2.8756631725262243,0.0,2.285381410600991,0.0,1.2482693966606764,0.0,0.0,0.0,0.0,0.0,9.500068944997146,0.9181516715993114,1.671274392170139,1.74672707106108,0.36155550555961574,0.0,0.20114872101974038,0.0,0.0,0.0,0.0,8.38880399211469,0.0,0.0,0.0,0.0,2.690211061852331,0.38641905977323615,0.0365954521065804,0.0,0.0,0.0,0.29669088095375185,0.01512466058280908,0.0,0.0,21.61159344943196,0.0,6.806714296131677,1.755768425520101,0.6208668135287585,0.110168550319341,0.0,0.05201959829714306,0.0,0.025676061394958823,0.0,0.34776490336906307,0.0,0.0,0.017318026327358148,0.374630613871175,0.0,0.0,0.0,6.936638172411861,0.0,0.0,0.0,0.0,0.0,0.2030756103245575,0.0,0.0,0.0,0.0,1.2791104220994578,0.6173367459136228,0.5442228688998514,0.0,0.0,0.0,0.5156448785814823,0.06108731828705249,0.032669824044069345,0.0,0.0,0.0,0.0,3.4238892299711865,2.1310546308468763,0.0,0.1087890901277351,0.0,7.029114119779724,4.227278946439082,0.0,0.8000700729850536,4.860715162077159,0.0,3.1876576758714066,5.45175538762564,0.0,0.0,0.4524325178734709,1.0641006026860054,0.0,0.0,0.0,0.0,0.0,0.0,1.2065805481933334,4.3513411719869275,0.3657087678900956,1.52880599502564,0.0,0.0,1.2321068531511643,1.0158166547593446,0.012449830968643107,0.0,0.0,0.0,0.09370871655501299,0.0,0.0,0.0,0.5624414156697959,0.0,4.548384558870924,0.0
nomask,2,,24.48091569388215,14.041923978872983,0.0,0.0,0.0,1.0423788483612693,0.0,0.0,0.0,0.0,0.0,10.577559595481345,0.0,1.510006822324867,0.0,0.0,0.0,0.19998635292620504,0.0,0.0,0.0,0.0,38.38628473565037,0.0,5.820138216837899,0.0,0.0,2.729417805421374,0.036316763347843756,0.08816841603321428,0.0,0.0,0.0,0.31399089411546627,0.0,0.0,0.0,120.63488603303574,0.0,0.0,0.3899706690756058,0.0,0.0,0.0,0.0,31.841871048349855,0.0,0.0,0.0,0.0,0.0,0.014298136355022237,0.32682476115650966,0.0,0.0,0.0,6.501849225460396,0.0,0.0,0.0,0.0,0.0,0.4250300104447532,0.0,0.0,0.0,0.0,0.0,0.6625932883596442,0.3626563765972061,0.0,0.0,0.0,0.5365151051616459,0.0545030326845758,0.033254520259103755,0.0,0.0,0.0,0.0,3.8673095726463815,2.4724916513960173,0.0,0.044610160600021875,0.0,1.892774183862478,6.767238212498517,0.0,0.42251262210555623,6.428397752294354,0.0,1.7289038187681676,1.3728065024797809,0.0,0.0,0.0,1.4987311720010759,0.0,0.0,0.0,0.0,0.0,0.0,2.48775133861732,6.999741527861185,0.40668781463055664,1.8514802386782367,0.0,0.0,1.235758724527811,1.0172604243362713,0.0,0.0,0.0,0.0,0.017386936847841566,0.0,0.0,0.0,0.4412743693021075,0.02998320249627387,4.6551198518638435,0.0
pix2,1,,15.52094770199427,1.5233991435041745,0.0,2.2518110493250614,0.0,1.2273257685849626,0.0,0.0,0.0,0.0,0.0,9.654357570345674,0.6065179782206038,1.6214164222120693,3.4841990224188004,0.33006299354829316,0.0,0.21404821398305415,0.0,0.0,0.0,0.0,2.6710416289342795,0.0,0.0,0.0,0.0,2.6910873154112727,0.4622105468466077,0.04199539224320281,0.0,0.0,0.0,0.30935364908253543,0.040095165151969016,0.0,0.0,8.874637347167553,0.0,2.5911499066776824,1.4616739211654424,0.0,0.07948560335437137,0.0,0.3214907171908373,0.0,0.026143383825292354,0.0,0.37759313008605117,0.0,0.2408640235236211,0.3535506241128345,0.35964408210649146,0.0,0.0,0.0,7.0275178530032445,0.0,0.0,0.0,0.0,0.0,0.16642656903853772,0.0,0.0,0.0,0.0,1.4852510699947774,0.6068580393834063,0.5612110977295419,0.0,0.0,0.0,0.5123625200431764,0.06631097084706075,0.033841979743307174,0.0,0.0,0.0,0.0,3.198853138139863,2.0545705021566527,0.0,0.12917512851147428,0.0023482976704313715,8.124142759936785,4.120237278226313,0.0,0.8351515777144192,4.450608071943862,0.0,3.694112933349434,6.058813467651885,0.0,0.0,0.5687586560648008,1.1048380819371755,0.0,0.0,0.0,0.0,0.0,0.0,0.9471004075904909,4.225963539378907,0.31259115587686015,1.1498552242416684,0.0,0.0,1.1894657843437955,1.020303154366572,0.05329919962583417,0.0,0.0,0.0,0.1491021247782545,0.0,0.0,0.0,0.583035117305044,0.0,4.488457563214151,0.0
pix2,2,,19.361343603608155,0.07824102309736666,0.0,1.3716779592795176,0.0,1.397027597320031,0.0,0.0,0.0,0.0,0.0,11.021678177854945,0.6140429407714186,1.4653348042936098,3.6990966120160005,0.15201022260987151,0.0,0.20916732670985214,0.0,0.0,0.0,0.0,1.4101277219118225,0.0,0.0,0.0,0.0,2.937877762308832,0.4645666967659096,0.041673408231090614,0.0,0.0,0.0,0.307024509655422,0.01741798906946717,0.0,0.0,12.005148794153412,0.0,2.261601417611048,1.7201110967619127,0.0,0.08504984948834085,0.0,0.17793503144723066,0.0,0.014022258356008345,0.0,0.461856234417801,0.0,0.412450868860678,0.36368149078773265,0.4054407324954761,0.0,0.0,0.0,6.606043836745057,0.0,0.0,0.0,0.0,0.0,0.19073528759912062,0.0,0.0,0.0,0.0,0.5491688715560418,0.6030870006434792,0.5427920800432153,0.0,0.0,0.0,0.5789369938166827,0.06520489949453491,0.034938213304870305,0.0,0.0,0.0,0.0,3.5595692541617936,2.428526417817305,0.0,0.12007182530599685,0.0,5.7002092133260716,4.9325852689674266,0.0,0.6993091872572016,4.083393468728808,0.0,3.6585544789698274,4.499022851709575,0.0,0.0,0.46499411244992384,1.7766149474303519,0.0,0.0,0.0,0.0,0.0,0.0,1.2920022273872351,5.459751287501507,0.3199824652025338,1.2579475109819878,0.0,0.0,1.115520789956135,1.0233935182045122,0.11589522987312649,0.0,0.0,0.0,0.14326059910765404,0.0,0.0,0.0,0.6489475062856658,0.02233464373311438,5.020022439607724,0.0
pix5,1,,15.480176566742294,1.3096935211564789,0.0,2.2492085436146843,0.0,1.2231593945519819,0.0,0.0,0.0,0.0,0.0,9.97572980775029,0.6573127472780209,1.5750577446236482,3.6665773913052195,0.2697888238027589,0.0,0.21860654429425386,0.0,0.0,0.0,0.0,2.241196225119587,0.0,0.0,0.0,0.0,2.661204497501824,0.45636254984626656,0.04289003628528338,0.0,0.0,0.0,0.320500192793915,0.0472185875796897,0.0,0.0,11.66028333883267,0.0,0.7769444296063742,1.5344460294323539,0.0,0.10551741483275068,0.0,0.296118948242583,0.0,0.027493925224257133,0.0,0.3622642053424256,0.0,0.22336144992265197,0.17584969313987192,0.37513268389987375,0.0,0.0,0.0,7.129430085084004,0.0,0.0,0.0,0.0,0.0,0.1948504708658466,0.0,0.0,0.0,0.0,1.686638599441322,0.6146759675810712,0.5750858346156954,0.0,0.0,0.0,0.538109410362063,0.06821631681280702,0.034775482339027275,0.0,0.0,0.0,0.0,3.068235111558304,1.9728615503520321,0.0,0.12709681882883242,0.006167912874700666,8.63746005493041,4.322090947941519,0.0,0.8210937339564908,4.359947875611369,0.0,3.7626587212087355,6.345986967434307,0.0,0.0,0.5965632094541903,1.1362466177346953,0.0,0.0,0.0,0.0,0.0,0.0,0.8732478335597128,4.057296494722431,0.31503372162395343,0.9894539606971677,0.0,0.0,1.1757273975224922,0.9959238653626595,0.06039965866764546,0.031039959030781536,0.0,0.0,0.22332233345950023,0.0,0.0,0.0,0.6239619940290553,0.0,4.514185059562598,0.0
pix5,2,,19.149824904145696,0.0,0.0,1.3590750102999152,0.0,1.385637822357427,0.0,0.0,0.0,0.0,0.0,11.326775745549716,0.677056373602886,1.4317446932303564,4.03984004327421,0.07730164890061499,0.0,0.21135617495036862,0.0,0.0,0.0,0.0,0.5335185588415315,0.0,0.0,0.0,0.0,2.914183537336119,0.4563854077678101,0.039059069824627826,0.0,0.0,0.0,0.31802748551723925,0.026439131251285643,0.0,0.0,15.568697777298139,0.0,0.0,1.8794106291799109,0.15185559504763166,0.1099842927370647,0.0,0.15909774165406335,0.0,0.016498083699085033,0.0,0.43669089040264353,0.0,0.3236884245186241,0.11033937058898406,0.425356833337309,0.0,0.0,0.0,6.687343521515264,0.0,0.0,0.0,0.0,0.0,0.22793036827050198,0.0,0.0,0.0,0.0,0.7464643287739433,0.6160538019263317,0.5682770142506748,0.0,0.0,0.0,0.602676990929784,0.06654403230741701,0.034811345265134394,0.0,0.0,0.0,0.0,3.4525383973317862,2.3829329583323458,0.0,0.11253019796675165,0.0,6.108593637231264,5.262213707650024,0.0,0.6694364054875321,4.00960655406874,0.0,3.704538637859806,4.659509986055748,0.0,0.0,0.49354309944307345,1.7931831454144638,0.0,0.0,0.0,0.0,0.0,0.0,1.202252683806642,5.237628065730913,0.34531279291289474,1.2491222598625866,0.0,0.0,1.0859391027331733,0.9893184812143724,0.1358629777798636,0.04202077895563868,0.0,0.0,0.24483344747501112,0.0,0.0,0.0,0.6846262146602847,0.030099136257554088,5.01048893598033,0.0
pix7,1,,15.447619811870563,1.0451534804927889,0.0,2.2509579686122176,0.0,1.2212973968681455,0.0,0.0,0.0,0.0,0.0,10.086894207102102,0.7010599337738782,1.5251461167076548,3.7810598877342723,0.18857908695157244,0.0,0.21221653385214567,0.0,0.0,0.0,0.0,1.9932213876761198,0.0,0.0,0.0,0.0,2.700249171224379,0.45515868011457883,0.05238236024272731,0.0,0.0,0.0,0.3253656505254556,0.052491195944831814,0.0,0.0,12.002346574549197,0.0,1.0715103199015341,1.5393003983303015,0.0,0.11894203643393383,0.0,0.2996817544775339,0.0,0.029487720623309597,0.0,0.34959835861169114,0.0,0.20804195288679855,0.09773985030078075,0.38322504103233,0.0,0.0,0.0,7.265320951825849,0.0,0.0,0.0,0.0,0.0,0.1933475405636981,0.0,0.0,0.0,0.0,1.9025984102297795,0.6326079414599167,0.5886018006080875,0.0,0.0,0.0,0.5694924128764174,0.07030281998226502,0.03567345265196303,0.0,0.0,0.0,0.0,2.9215130326837544,1.8664044666061974,0.0,0.12796815884116977,0.01138514713711964,9.289332951801539,4.399099755977533,0.0,0.8196118511029351,4.133203263997385,0.0,3.879462078229331,6.70147341720196,0.0,0.0,0.6232203115896526,1.1790027542062758,0.0,0.0,0.0,0.0,0.0,0.0,0.8136220945776458,3.8445866023254758,0.28748472778290934,0.7911117656226694,0.0,0.0,1.1668614207283179,0.9830757022956365,0.07772619490114754,0.04735645200863612,0.0,0.0,0.20169435242937864,0.0,0.0,0.0,0.6650705257568574,0.0,4.574711055010693,0.0
pix7,2,,18.944647697939487,0.0,0.0,1.3539221230446767,0.0,1.377059031417301,0.0,0.0,0.0,0.0,0.0,11.450719648410711,0.7243341714942744,1.3827432841532974,4.193457164109287,0.0,0.0,0.2020650056711167,0.0,0.0,0.0,0.0,0.09989661944087515,0.0,0.0,0.0,0.0,2.9464479914134705,0.4544601865278842,0.04657021810542984,0.0,0.0,0.0,0.3201713814031482,0.025414463757998502,0.0,0.0,15.049190716300236,0.0,0.0,1.851142459950987,0.7498455921111444,0.08934491339648497,0.0,0.1868743319537232,0.0,0.018996395168369647,0.0,0.4195452183135294,0.0,0.28575546369997396,0.009611174602562668,0.42609927345298887,0.0,0.0,0.0,6.808433110226171,0.0,0.0,0.01690726249400037,0.0,0.0,0.2053876292336546,0.0,0.0,0.0,0.0,1.002664394683192,0.6371685606455015,0.5988075873645365,0.0,0.0,0.0,0.6371105743584016,0.06894279179474795,0.03631292911605478,0.0,0.0,0.0,0.0,3.306892458704594,2.2620014943786004,0.0,0.11231698031853428,0.0,7.040224797168939,5.39177078271762,0.0,0.6627073710057357,3.5769731231012982,0.0,3.8828279264576113,5.093491912131611,0.0,0.0,0.5447082204837925,1.8418742848729956,0.0,0.0,0.0,0.0,0.0,0.0,1.0855059738611594,4.871842474349192,0.32110977472613406,1.156815849413575,0.0,0.0,1.0669210008103753,0.9610379909428075,0.16304840391949302,0.0756383611342132,0.0,0.0,0.23041687830401236,0.0,0.0,0.0,0.7273308173492441,0.0420759605139652,5.016084554202881,0.0
thermal100,1,,15.773340947037713,2.3159081941255537,0.0,2.276889474980341,0.0,1.241045653607229,0.0,0.0,0.0,0.0,0.0,9.524191165258319,0.6881135413395204,1.6433366981786486,2.41938923998484,0.35541303561033094,0.0,0.2127999847271646,0.0,0.0,0.0,0.0,6.275402880711804,0.0,0.0,0.0,0.0,2.6956008175756554,0.44389385129863723,0.025091351233002848,0.0,0.0,0.0,0.29673162395111163,0.04490669461483344,0.0,0.0,13.051801366554471,0.0,6.962493753974505,1.433262201201704,0.0,0.0969015906547809,0.0,0.30204224173408134,0.0,0.02599661755561283,0.0,0.3735833606746607,0.0,0.28154861822537136,0.1757706861828209,0.3723366469416859,0.0,0.0,0.0,6.9635480447027405,0.0,0.0,0.0,0.0,0.0,0.18676840195846625,0.0,0.0,0.0,0.0,1.4560795199783874,0.6108058442513872,0.5363187617564875,0.0,0.0,0.0,0.5118082547713333,0.062143167292019054,0.03363423461136345,0.0,0.0,0.0,0.0,3.3884327949455395,2.114586464201099,0.0,0.11528067497513195,0.0,7.174604033940094,3.9698823621193267,0.0,0.83993109925664,4.819304235109362,0.0,3.2406829850918872,6.098747752660997,0.0,0.0,0.4669457762531898,1.0795324902073518,0.0,0.0,0.0,0.0,0.0,0.0,1.1797452734864415,4.265662075131007,0.36066961899073946,1.146898210189964,0.0,0.0,1.1816010732192854,1.0147830075590845,0.07900045615740617,0.0,0.0,0.0,0.029353248013845132,0.0,0.0,0.0,0.6101523046283771,0.0,4.581999068276703,0.0
thermal100,2,,19.84700570830655,1.4643160096556187,0.0,1.45702887604216,0.0,1.4335438050227842,0.0,0.0,0.0,0.0,0.0,10.931082459446968,0.6322584834802237,1.4344255453639065,1.5550556032413059,0.1801426168743893,0.0,0.22503566080999352,0.0,0.0,0.0,0.0,8.27882733594961,0.0,0.0,0.0,0.0,2.9299634138100727,0.4610245203514934,0.016297887933208917,0.0,0.0,0.0,0.300211084238457,0.0,0.0,0.0,12.529675105918809,0.0,9.51515082315888,1.692934660866337,0.0,0.0,0.0,0.24620556366675378,1.524067099575618,0.0,0.0,0.4229456364865896,0.0,0.4061419442805812,0.4225173638970179,0.3983212650679453,0.0,0.0,0.0,6.636284587334053,0.0,0.0,0.0,0.0,0.0,0.19858168448086896,0.0,0.0,0.0,0.0,0.840810656317595,0.5937545351384765,0.45212100325483445,0.0,0.0,0.0,0.5793845292341585,0.06274489051424481,0.038683029613509876,0.0,0.0,0.0,0.0,3.682867860519153,2.427307576631941,0.0,0.11345695142407802,0.0,4.195767863745077,4.334396921791766,0.0,0.7722847708735843,5.013166474170501,0.0,2.755029977462636,5.416834755647333,0.0,0.0,0.23962791982155188,1.7531342461335528,0.0,0.0,0.0,0.0,0.0,0.0,1.8338389989228796,5.34509389058025,0.36558607354930234,0.7246926545177194,0.0,0.0,1.089412912652889,1.0159327701050282,0.16450622973266435,0.0,0.0,0.0,0.0,0.0,0.0,0.0,0.758966386878292,0.0,5.262729295899426,0.0
thermal25,1,,13.862557078918222,3.650039718528141,0.0,2.811038240466133,0.0,1.1468570975380892,0.0,0.0,0.0,0.0,0.0,7.740845099331159,0.7382668536155222,1.8189450202303818,2.458230991983776,0.7892427594493555,0.0,0.06901853046472577,0.0,0.0,0.0,0.0,6.512462250426523,0.0,0.0,0.0,0.0,2.2806633386067956,0.43642974099171034,0.08050202428379827,0.0,0.0,0.0,0.28322755640775316,0.05554114342577548,0.0,0.0,14.795077546543055,0.0,5.429771705340901,1.4206953731768777,0.0,0.11599832938626094,0.0,0.2704340429097088,0.0,0.021412197049905417,0.0,0.3691895048903819,0.0,0.13017884990869674,0.07212872531754683,0.38445466973122144,0.0,0.0,0.0,6.0712668549313005,1.9862763783572346,0.0,0.0,0.0,0.0,0.1784999321328906,0.0,0.0,0.0,0.0,2.095839805429938,0.599260730860158,0.5113016520853086,0.0,0.0,0.0,0.5525888213424531,0.06109188199591456,0.03147226452853811,0.0,0.0,0.0,0.0,3.3908604438940726,1.7735231798939943,0.0,0.12570433105428006,0.056180906869841805,8.70515696827151,3.55011004936659,0.0,0.7834771958107379,4.592548378592764,0.0,2.6057965361276962,7.016632499208,0.0,0.0,0.5523588925083062,0.9821267643879931,0.0,0.0,0.14458638903885446,0.0,0.0,0.0,1.1485842259760461,3.479980947215046,0.23511690801458066,1.3068878676096383,0.0,0.0,0.9608465798823957,1.0290843283092381,0.0,0.0,4.694228571175162,0.0,0.0,0.1462342201331998,0.0,0.0,0.39493465746681417,0.009674137177863857,3.140001320406655,0.0
thermal25,2,,15.333379919661452,4.258978099096766,0.0,2.617447799522922,0.0,1.1892852601265986,0.0,0.0,0.0,0.0,0.0,8.113675302181017,0.7937831858281119,1.7405951348506101,2.070840443675787,0.7801876496477372,0.0,0.031210554836724042,0.0,0.0,0.0,0.0,7.42200216945248,0.0,0.0,0.0,0.0,2.383404607210872,0.4327584630030965,0.09920298943053141,0.0,0.0,0.0,0.2816685154654077,0.044193759344498026,0.0,0.0,17.434334670740327,0.0,7.314595735113669,1.6409707847736843,0.0,0.1109305226744201,0.0,0.2163964268050926,0.0,0.009579344228342888,0.0,0.46371800729209955,0.0,0.1457765939518022,0.0750942002506215,0.4358054948039279,0.0,0.0,0.0,5.609271932301814,1.7557952044798382,0.0,0.0,0.0,0.0,0.21183338694778497,0.0,0.0,0.0,0.0,1.8609725950156981,0.5913464800010357,0.6275798709570048,0.0,0.0,0.0,0.6350355867742847,0.05841273533509639,0.03640425167753744,0.0,0.0,0.0,0.0,3.7220908149844436,1.8245891934011753,0.0,0.12370358720011534,0.024561664050770936,8.526833873892476,3.754081715333796,0.0,0.6735170802864263,4.151526587224326,0.0,2.7402243731734717,6.644067550859692,0.0,0.0,0.6309432851574309,1.4669752924927917,0.0,0.0,0.0949495628765303,0.0,0.0,0.0,1.2157687611953556,3.874728860570065,0.23414806091802157,1.428850000523982,0.0,0.0,0.8866701610477077,1.0369834050614128,0.0,0.0,4.028149609704065,0.0,0.0,0.18052445455522412,0.0,0.0,0.3800690686187345,0.0417316768092275,3.0532839564143495,0.0
thermal50,1,,15.761401042851091,2.2982585708372847,0.0,2.272273201802263,0.0,1.2399815640394531,0.0,0.0,0.0,0.0,0.0,9.504532417969873,0.7289861935001329,1.6509126045434201,2.475516239643358,0.35393378241846213,0.0,0.209833453434158,0.0,0.0,0.0,0.0,6.135278451698914,0.0,0.0,0.0,0.0,2.700548808166962,0.43421632343587313,0.02762531307650037,0.0,0.0,0.0,0.2964483193593339,0.04483633697404892,0.0,0.0,14.39580664470914,0.0,6.666872335736237,1.469541867208044,0.0,0.11065608509602787,0.0,0.2543566630349665,0.0,0.025863036048952265,0.0,0.370714393693844,0.0,0.2402319160525,0.12980725626501752,0.37624820828356575,0.0,0.0,0.0,6.950400708268627,0.0,0.0,0.0,0.0,0.0,0.18277234852478544,0.0,0.0,0.0,0.0,1.4164450980588656,0.6107058978794672,0.5411617207532765,0.0,0.0,0.0,0.5119880580248409,0.062105672376110165,0.033422583846655175,0.0,0.0,0.0,0.0,3.3920560691123294,2.1157176874386847,0.0,0.11594143954004067,0.0,7.274280549849988,4.025643420489252,0.0,0.8308067041178675,4.767989872313836,0.0,3.3016868026248334,5.95348797166086,0.0,0.0,0.4796675164929516,1.0754457692869313,0.0,0.0,0.0,0.0,0.0,0.0,1.1510674465145576,4.281041452309602,0.35296502649082667,1.2408254573827298,0.0,0.0,1.193731143017994,1.0150786839527906,0.06284982488093364,0.0,0.0,0.0,0.04573030355273711,0.0,0.0,0.0,0.5986828651583371,0.0,4.573532963982126,0.0
thermal50,2,,19.847619209791272,1.525725361048345,0.0,1.4413561278507998,0.0,1.4281971269157312,0.0,0.0,0.0,0.0,0.0,10.791707894327772,0.8061388011820478,1.4597117858240871,1.659605044070554,0.1735279546176732,0.0,0.21475634234468802,0.0,0.0,0.0,0.0,8.184516453422344,0.0,0.0,0.0,0.0,2.9610220360141994,0.42017898443145785,0.026828946940183538,0.0,0.0,0.0,0.29954719893943926,0.00973163550309818,0.0,0.0,18.5024959089291,0.0,9.3370709347645,1.6780399573540339,0.0,0.07038015862768839,0.0,0.04368048864514458,0.32172564042071244,0.006785322354438173,0.0,0.4488380824144493,0.0,0.3152591521181382,0.2318986683731991,0.4145491717473323,0.0,0.0,0.0,6.559859800602311,0.0,0.0,0.0,0.0,0.0,0.23058555332128278,0.0,0.0,0.0,0.0,0.657283351759761,0.6065844646535646,0.47965668039835435,0.0,0.0,0.0,0.5789073912956794,0.06048991454544627,0.03783842566005131,0.0,0.0,0.0,0.0,3.7617080919542176,2.4331087972738783,0.0,0.10086971840738965,0.0,4.53198970332072,4.599507082002565,0.0,0.7283187234321858,4.772786286240968,0.0,2.9745982244739775,4.880895941968486,0.0,0.0,0.2931166924885622,1.7428217355399869,0.0,0.0,0.0,0.0,0.0,0.0,1.705858449988358,5.46195926758619,0.35076846379859866,1.026570370147883,0.0,0.0,1.1214229871049122,1.0171915376537362,0.1294780213722229,0.0,0.0,0.0,0.0,0.0,0.0,0.0,0.7124769060727316,0.0,5.228322400555007,0.0
