Satellite,,,22877,25933,26605,27663,28129,28361,29486,29486,32711,32711,39166,39166,39166,39166,40105,40105,40105,40105,40294,40294,40294,40294,40534,40534,40534,40534,40730,40730,40730,40730,41328,41328,41328,41328,29671,29671,32276,32276,36111,36111,36400,36400,37868,37868,37869,37869,39155,39155,40001,40001,40001,41554,41554,41554,44299,44299,44299,37372,37372,37372,37847,37847,37847,38857,38857,38857,40129,40129,40129,40544,40544,40544,40889,40889,40889,41174,41174,41174,41550,41550,41550,41861,41861,41861,41862,41862,41862,43058,43058,43058,43565,43565,43565,38091,38091,38250,38250,38953,38953,40748,40748,41434,41434,43108,43108,43581,43581,43582,43582,43603,43603,43622,43622,43623,43623,43648,43648,43707,43707,44231,44231,39199,39199,39635,39635,40269,40269,41384,41384,43286,43286,37605,38652,38779,39617
Signal,,,L2:P(Y),L2:P(Y),L2:P(Y),L2:P(Y),L2:P(Y),L2:P(Y),L2:P(Y),L2:L2C,L2:P(Y),L2:L2C,L2:P(Y),L2:L2C,L2:M,L5:L5I,L2:P(Y),L2:L2C,L2:M,L5:L5I,L2:P(Y),L2:L2C,L2:M,L5:L5I,L2:P(Y),L2:L2C,L2:M,L5:L5I,L2:P(Y),L2:L2C,L2:M,L5:L5I,L2:P(Y),L2:L2C,L2:M,L5:L5I,L2:L2OF(C/A),L2:L2SF(P),L2:L2OF(C/A),L2:L2SF(P),L2:L2OF(C/A),L2:L2SF(P),L2:L2OF(C/A),L2:L2SF(P),L2:L2OF(C/A),L2:L2SF(P),L2:L2OF(C/A),L2:L2SF(P),L2:L2OF(C/A),L2:L2SF(P),L2:L2OF(C/A),L2:L2SF(P),L3:L3OC,L2:L2OF(C/A),L2:L2SF(P),L3:L3OC,L2:L2OF(C/A),L2:L2SF(P),L3:L3OC,L2:L2OF(C/A),L2:L2SF(P),L3:L3OC,E5:E5ab,E6:CS,E6:PRS(A),E5:E5ab,E6:CS,E6:PRS(A),E5:E5ab,E6:CS,E6:PRS(A),E5:E5ab,E6:CS,E6:PRS(A),E5:E5ab,E6:CS,E6:PRS(A),E5:E5ab,E6:CS,E6:PRS(A),E5:E5ab,E6:CS,E6:PRS(A),E5:E5ab,E6:CS,E6:PRS(A),E5:E5ab,E6:CS,E6:PRS(A),E5:E5ab,E6:CS,E6:PRS(A),E5:E5ab,E6:CS,E6:PRS(A),B3:B3I,B2:B2I,B3:B3I,B2:B2I,B3:B3I,B2:B2I,B3:B3I,B2:B2ab,B3:B3I,B2:B2I,B3:B3I,B2:B2ab,B3:B3I,B2:B2ab,B3:B3I,B2:B2ab,B3:B3I,B2:B2ab,B3:B3I,B2:B2ab,B3:B3I,B2:B2ab,B3:B3I,B2:B2ab,B3:B3I,B2:B2ab,B3:B3I,B2:B2I,L5:SPS,L5:RS,L5:SPS,L5:RS,L5:SPS,L5:RS,L5:SPS,L5:RS,L5:SPS,L5:RS,L5:L5I,L5:L5I,L5:L5I,L5:L5I
Mask,CF,RR,,,,,,,,,,,,,,,,,,,,,,,,,,,,,,,,,,,,,,,,,,,,,,,,,,,,,,,,,,,,,,,,,,,,,,,,,,,,,,,,,,,,,,,,,,,,,,,,,,,,,,,,,,,,,,,,,,,,,,,,,,,,,,,,,,,,,,,
deg1,1,,10.825433634393791,0.0,2.8703986998874242,4.97264640572899,3.9156490681123683,0.8666222411956808,2.1778108756824723,0.0,0.0,1.4959144267199553,1.5041425996605964,3.272241831236698,0.5934416610202878,0.0,0.8717419188049846,1.1166960509076644,0.20148209922871715,0.06884936237520986,0.0,0.0,0.24773784842596777,0.5546376552732215,0.0,2.9131857651554416,0.0,0.0,0.0,0.9446272120714035,0.21062448685833754,0.0,0.534633900333469,0.0,0.04003912199498442,0.0,0.19845469851029884,0.0,0.96778883588761,6.03506210838233,0.09877633124749191,0.0,1.5760415939159502,0.0,0.23237194625733262,1.486643496385484,0.20856323169428057,0.29817940256863606,0.4143211543361887,0.0,1.2538078226728566,0.0,0.0,0.26260920834179075,0.0,0.0,0.5773319568772579,0.0,0.0,0.018915823075457798,0.0,7.8293316099199926,0.0,0.0,0.0,0.0,0.0,0.0,18.54466441394456,2.2412738762276554,1.8450270693309163,0.0,0.0,0.0,0.0,0.0,0.0,3.5243425275357265,0.0,0.0,0.0,1.3002314080807504,0.7021530768599615,0.05094112769308391,0.02470982504358945,0.013051153176008981,0.0,0.0,0.0,0.0,0.0,0.0,0.0,0.0,0.0,1.673780452308051,0.0,0.0,0.0,0.0,2.3421165006585296,0.6009222915743715,0.0,6.013278306214725,0.0,0.0,0.0,0.0,0.0,0.0,2.0313385445951138,2.822817189229741,0.0920317873905893,0.0,0.0,0.0,0.0,0.29002560662458504,3.6940940223865457,0.0,0.0,0.0,11.993954036126047,0.5892760512835733,0.6052570181248406,0.4491348805108269,0.1625832156437518,0.4568322776082523,1.3178040354787701,0.0,0.0,0.0,0.0,0.0,0.1402981183922392,4.224096242254165,4.0824151321511
deg1,1,-2,8.600173413744,0.0,2.7749017674711505,4.997136371514257,3.3983077560582267,0.9427744490856872,2.02746473593207,0.0,0.0,1.4948945804675895,1.8602561356162708,3.2195538027322876,0.5887279451843569,0.0,0.9843152777858704,1.1129638540084579,0.200118741926737,0.06737349321277258,0.0,0.0,0.25123071884792264,0.5555081077702974,0.0,2.9419192030329224,0.0,0.0,0.0,0.9585606493516852,0.21152222300461693,0.0,0.7456774252601621,0.0,0.04076095441188441,0.0,0.198598784500438,0.0,0.97390073476908,5.968298522246233,0.10080501192690229,0.0,1.5763980638153297,0.0,0.23515112043036426,1.52512837142799,0.20864786920459766,0.2987933592526781,0.415179688005675,0.0,1.2587055716535476,0.0,0.0,0.2636590405260773,0.0,0.0,0.5782608435997233,0.0,0.0,0.021621727299758243,0.0,7.5874478568950385,0.0,0.0,0.0,0.0,0.0,0.0,18.51533005879973,2.241263655539208,1.845603817572691,0.0,0.0,0.0,0.0,0.0,0.0,3.52992052724946,0.0,0.0,0.0,1.300211222152337,0.7018938912384888,0.05094262695301039,0.024709608370897404,0.013050197703723976,0.0,0.0,0.0,0.0,0.0,0.0,0.0,0.0,0.0,1.6675007644194475,0.0,0.0,0.0,0.0,2.5566075694174115,0.6141312544858267,0.0,5.674140611180593,0.0,0.0,0.0,0.0,0.0,0.0,1.9895010564017792,2.8230877200847613,0.11330894899731173,0.0,0.0,0.0,0.0,0.2891820769559105,3.7089629027166717,0.0,0.0,0.0,11.72411964631399,0.589478167954381,0.6048211197270046,0.44861762534333965,0.16299579813621434,0.4643235547416149,1.3188337107275456,0.0,0.0,0.0,0.0,0.0,0.14236943558896442,4.177851717850244,4.0507154733374025
deg1,1,-1,3.5036742171862723,0.3764086643385439,2.460211853658387,5.0520990522309805,1.9966157695738633,1.1274316108629987,1.6818774675507382,0.0,0.0,1.4915773038474205,2.180628050299229,3.078065075350657,0.5754449060358954,0.0,1.2325252748711448,1.143603028355569,0.19277366305678487,0.053218762827954666,0.0,0.0,0.2673273350394848,0.575105802118384,0.806929608567554,2.9166715721862078,0.0,0.0,0.0,0.9969317095798353,0.2147601181172275,0.0,0.9971995480396537,0.0040287331206073015,0.04613162386584784,0.0,0.20093345865100096,0.0,1.0213546990060274,5.472762622738615,0.1164064757605287,0.0,1.5742736881638326,0.0,0.26223574896562996,1.7608151672284504,0.20932244556851945,0.30412740112475567,0.4227541584388691,0.0,1.2956703247357688,0.0,0.0,0.2716658451418532,0.0,0.0,0.5854137083753724,0.0,0.0,0.048279055779497704,0.0,6.095528333007434,0.0,0.0,0.0,0.0,0.0,0.0,18.152489473252515,2.2411833858819947,1.8485704898058382,0.0,0.0,0.0,0.0,0.0,0.0,3.4687595790285877,0.0,0.0,0.0,1.3000973196872532,0.7005268321898366,0.050982012980707224,0.02470898150876368,0.013052747987155226,0.0,0.0,0.0,0.0,0.0,0.0,0.0,0.0,0.0,1.635402857595166,0.2598275228285769,0.0,0.0,0.0,3.8796444384547013,0.68389932764588,0.0,3.905231330634214,0.0,0.0,0.0,0.0,0.0,0.0,2.0507879343364044,2.8241831197833887,0.3437475858249105,0.0,0.0,0.0,0.0,0.28491939699704283,3.776375795844621,0.0,0.0,0.0,8.707120500283716,0.5971527402797344,0.6068220034298432,0.44033538509642917,0.1630925856585162,0.5262156237839376,1.3279107066872782,0.0,0.0,0.0,0.0,0.0,0.15806570281937526,3.75827258040719,3.911084793443648
deg1,1,0,1.312495157459165,0.9212543584714203,1.9044799967980244,3.7063166477369034,1.3535571350061792,1.125327827259924,1.1734993470437407,0.4400614375662376,0.9861874002560745,1.4310603090049094,1.478860487391101,2.2950019092984,0.5229130446138422,0.0,1.3246310314741678,1.524881678829162,0.161999654341179,0.0,1.2128085181609871,0.0050848192824916845,0.33771464504712706,0.7333903611410244,1.1872083654313612,2.054524685062589,0.0,0.0,0.23238573006128166,1.0837859375450085,0.22600457487995768,0.043041760008634855,1.0212709905397201,0.7932111527103821,0.09186491159097342,0.0,0.19261745387754045,0.0,1.2443029141524624,3.3630341642740706,0.18800099163106376,0.0,1.4271102421695263,0.3919868354427724,0.49484792732504795,1.871459542141537,0.2132844215211905,0.339168447781377,0.4602039069619296,0.0,1.438859699930307,0.0,0.0,0.3038003265930765,0.0,0.06514204305543636,0.6113503783307728,0.0,0.21854203304345504,0.15309470713451068,0.5169571189293923,2.623968236425859,0.0,0.0,0.0,0.0,0.0,0.0,15.670561899868384,2.2392383946599703,1.8554049156714596,0.0,0.0,0.0,0.4056092378384944,0.0,0.0,2.763250779661072,0.0,0.0,0.0,1.3004040829014238,0.6995768245207723,0.05129076747445364,0.024715655436171016,0.01309417078033758,0.0,0.0,0.0,0.0,0.0,0.0,0.0,0.0,0.0,1.5777589994368209,0.9531667217365382,0.0,0.0,0.0,2.4903574977678855,0.7746654992562798,0.0,1.5720108922618046,0.5598869081986316,0.0,0.0,0.16980004147535466,0.0,0.0,1.4825738768341707,2.804760543982423,1.8132798466037248,0.0,0.0,0.0,0.2936078028859854,0.2749799044124082,3.836664870658551,0.0,0.0,0.0,3.2839105024979407,0.6195084969938099,0.6105318586015895,0.3287757379885374,0.18693899301053152,0.7605825502893491,1.1795490804604412,0.6399636918667396,0.0,0.0,0.0,0.0,0.20750796560297435,1.876563181124216,2.6919664148381273
deg1,1,1,1.034800937611037,0.9911757009178188,1.4190482088289065,1.842399566422885,1.1274331777038125,1.1389940439902728,1.0857760192206405,1.0202322128065937,1.340940311260733,1.3192503468765193,1.15813020744791,1.3003613603119661,0.45967036789560234,0.0,1.292926042284078,1.3598381091201626,0.10963551704616577,0.0,1.216512283343309,1.0619753375474776,0.4611299796805024,0.7291170184737195,1.1159637105609117,1.2481130062589292,0.0,0.0,1.130366235526684,1.1706119409783695,0.2706791300708182,0.22936119040823147,1.0205197919557392,1.0301674174341287,0.26680332525445577,0.0,0.25929568534802677,0.46664875114705234,1.272918343889602,1.3794008342842792,0.28904498245044047,0.25062747713314415,1.027518912459019,0.8736419177634859,0.844091507416157,1.1963336101692938,0.21573396349316235,0.3903145040160572,0.5330291839248553,0.5748831139422822,1.2276265270512712,0.6103054900954752,0.9070576818337771,0.312088101046723,0.0,0.8552865143665672,0.6184972841753164,0.23193146844110055,0.897223905296035,0.5380094277501019,0.8705509377616748,1.1863556484674298,0.7273794498661157,0.0,0.0,0.9182884551705918,0.16855592398745187,0.0,8.23051991304169,2.1513190668943616,1.874265479089566,1.1491069831043321,0.6338431157964687,0.0,1.3370388164456777,0.0,0.0,0.851963630524656,0.0,0.0,1.5815687710927233,1.1920499627320316,0.6849567309374315,0.052681412005873805,0.024787919174306703,0.013156052650887293,0.0,0.0,0.0,0.625230032823625,0.0,0.0,0.4087203101465828,0.0,0.0,1.525434847581772,1.4001126515821045,0.0,0.6115712671924343,0.6466546130003133,1.0871245543159131,0.8059439911681441,1.2077736102146943,1.0317078033507998,0.989633148411165,0.02591960244207398,0.3557460484379758,0.7204937379348287,1.0199830213508925,0.6289019910889302,0.9761670909253245,2.6617845493272316,4.49595854642702,0.0,0.0,0.0,0.7850981846479891,0.28697513730223984,2.7513366674867363,0.0,0.0,0.6496616665908268,1.184949413660306,0.40700365424542734,0.5476740845831368,0.26907615642718835,0.10420941547749597,0.9318617343879071,1.024766650643738,0.8751217663961621,0.6886991527253702,0.2602861601365813,0.09335007930866787,0.4311747497592625,0.09334425685886331,0.979414849486445,1.0682629216010295
deg1,1,2,1.010223662539,1.0055707547405202,1.0924131375951343,1.1796315163450235,1.027040057168632,1.1464065422867344,1.0277786471436434,1.039509545083332,1.131333779356747,1.173331778873354,1.041972595782879,1.0846050829227543,0.6207158509089309,0.24377604403816522,1.0842613568248312,1.1559579512203637,0.19543097850110533,0.0,1.057795887193429,1.08575281987766,0.4599965046301902,0.6021928822987281,1.0258066392041993,1.0698567799307421,0.42581079905902947,0.0,1.1150099905496098,1.1857051609602953,0.3906979554028814,0.430014067632824,1.0015574860816339,1.0149516490198982,0.645621199884532,0.016560218503987603,0.7326589847011392,0.8884026944953676,1.0146704460069038,0.9934532503925629,0.6216931259845283,0.7977927229974201,0.9769473192484063,0.9638716402450712,0.9625753488157868,1.008869410699743,0.23175312162106307,0.46743572009492795,0.8317637346907613,0.8902518541195464,1.0034273035722114,0.9232969733435187,1.0536773074948924,0.42481297737851986,0.6172200037717157,1.2501164458256453,0.7627551857050223,0.7752105003613323,1.1210882038572882,0.9026727121407591,0.9626207968062146,1.0627090448335934,1.0554605060794413,0.5641282184591269,0.34237799454174533,1.1640736321091474,0.8209325045339779,0.5627665064529623,3.216115346743756,1.5428785203721223,1.4682794164684216,1.241235515807258,0.9675029224696386,0.7982211873186504,1.1890744443129937,0.8397268119624985,0.7045610646233502,1.124971862827472,0.015351291471774714,0.0,1.7338705618699648,0.9450185549572615,0.4696181911692954,0.05505163656659501,0.02547998094093562,0.013347458457584747,0.9819110086989785,0.2295985323238339,0.11012595922296749,1.1612317413481694,0.5401923920046986,0.16903221353222425,1.2612538610462962,0.4711817841890529,0.2558731772941594,1.1192588361216154,1.6695389749186842,0.8693419562154046,1.2542717903605258,0.956319598901725,1.046642337380955,0.9957480672791502,1.3506257030382178,0.9968733811752667,1.01452547965279,0.8849734015518455,1.0914073022796793,0.9624886742897819,1.2880188856743016,0.9478605903016953,1.007812702539239,2.0742890865680472,3.5717758708090006,0.0,0.8848347296983665,0.16255529193770896,1.0739192307036114,0.6518375549541937,2.380558086065105,0.3300452973590728,0.8556755287161703,0.961672185776701,1.099107247997763,0.43046504840220956,0.39204990251020777,0.28411474947484033,0.13785961485189702,0.9416580866066818,0.9426047253675495,0.8999223285282294,0.8620820954177542,0.43798495069960586,0.36382422457088864,0.92758773837202,0.1100508918381337,0.9584369243585952,0.9651044352110886
deg1,1,3,1.001663453173372,1.001172155327721,1.0105751955231703,1.0234615176526853,1.0024232374667899,1.026678700231908,1.003601462646416,1.0074955888133006,1.0197510361200497,1.032821616782324,1.0051345921262604,1.0133057353844148,0.8620887652669825,0.649007328612629,1.0095818498090399,1.0251810192942,0.6841406708745306,0.08412624737025794,1.0063761116519416,1.014834272911401,0.7949566786997301,0.5578024142715934,1.0021618450006486,1.0099841644872403,0.8357292567004057,0.3033940916516422,1.017805628781196,1.0378953304793401,0.6824567019997919,0.5094067042406775,0.9995742443733429,1.0020647256614306,0.9220826977508171,0.5155942271256897,0.9667939874373697,0.9856800986562644,0.9923033601452855,0.9886073983161616,0.9309873316256077,0.9648639620693993,0.9965957420275353,0.9946656285171672,0.987916451835938,0.9945757102370789,0.4136987159159948,0.7272144437795464,0.9785079152321374,0.9846581144158221,0.9941022669575323,0.9839110540999788,1.0161785768915372,0.8546788806776382,0.9348383139143376,1.0675517327727992,0.9561957382452737,0.9647416915352182,1.0323835097684886,0.989321157667392,0.9948214052630059,1.01523939733146,1.0167755467542385,0.9406148513817876,0.9077966795481361,1.0357613646462052,0.9465051052075835,0.8481750437478368,1.3902080904701963,1.0104653187058306,0.924833632536483,1.0506929462446204,0.9743520029896651,0.9099181260008162,1.0373174398412806,0.9749187548047765,0.9518223435144382,1.029579737379844,0.7916039889629712,0.631265164682361,1.1540532900839777,0.8554044534927007,0.49934815204136584,0.057753783187873914,0.02640463706684954,0.013446337393399033,1.015743304630137,0.8959528896575021,0.8782360057751686,1.0410835699115644,0.9011193566645451,0.7555303855145251,1.0646010259966556,0.8967340775684186,0.7797149444160952,1.0063712356692711,1.2223430182396875,0.9873402745551829,1.0983948336357665,0.9947143480087225,1.0145718227151581,1.0305164288778337,1.0756375625545036,1.0015980679726622,1.0041149883407552,1.0310071613436302,1.0325096335839454,1.0002475638280326,1.0634585734289996,0.9924506886773254,1.0017579724870638,1.3137858438083792,1.5398126153128031,0.663807656500869,1.0146800565982164,0.792003437583367,1.0187829386849023,0.8613852679808992,1.286802775816393,0.9393478075844649,1.0138869310217251,0.9950400707749201,1.0306776304106888,0.6968140284602485,0.5484980040805281,0.6110580917442634,0.40153783240941754,0.9673752890039417,0.9493273500996634,0.9465216124797675,0.9157005415363724,0.7113853202792492,0.5701500894635654,0.8895580595060731,0.30931987385935944,0.9689653200823171,0.9588428354838028
deg1,1,4,1.0001477940532217,1.0000989208600348,1.0007885803578263,1.0020661776410555,1.0000769392212938,1.0022161168583206,1.0002510273239196,1.0007592283208195,1.0017096234499794,1.0033985276696264,1.0003434920918453,1.0013327274115433,0.9785097342838185,0.8387989711788939,1.000565384372616,1.0025100675934338,0.951293059337903,0.559981059647991,1.0003794740147,1.0014677825339482,0.9687289505937858,0.783875225584373,1.0000340558254084,1.0009694610160393,0.976672874348037,0.7703419116816128,1.0013314096148855,1.0039086477406038,0.9442393820367541,0.6313462054189036,0.9998880898855567,1.0001872969905068,0.9898956340445861,0.8839859386422244,0.9965106801513534,0.9982747997540203,0.9984339883685998,0.9976254916737364,0.9920121914774082,0.9954131929653777,0.9996343301607911,0.9994026014685836,0.9975005259407297,0.9985819418539508,0.8374007266368623,0.9420367012731696,0.9977716861440675,0.9983091078778124,0.9987179741726289,0.9973937479950802,1.0017544044977795,0.9826544650367071,0.9919268590029243,1.0074254679587171,0.9950828405761633,0.9959285433372398,1.0035808629468177,0.9988818282753643,0.9993358904190204,1.0016153084261838,1.0005856331748393,0.9925310517710094,0.9869222983846294,0.9991675125754776,0.989867158591069,0.968183997913451,1.020025999484391,0.9859056746951839,0.9489282107003156,0.9985523082266836,0.9935642117503065,0.9782181719576934,1.0014339948005637,0.9954365023837509,0.9895028965555046,0.9939687841177134,0.9705666111265,0.9361346546078513,0.9850259604877246,0.96640745491785,0.8819905567915395,0.06346477231760987,0.03096039631501983,0.01366737614792013,1.0001819307909832,0.9879347695924648,0.9842681301894416,0.9981811364333826,0.9835703864300703,0.952914692440897,0.9977661385944188,0.9833400714968701,0.9564760094081911,0.9931629372710256,1.0264296067355063,0.9953212916177812,1.0118098697356372,0.9990295074465431,1.0017171785291528,0.9993510735153994,1.0008297935136266,1.0002100476541906,1.0004801635092473,1.0040819782217387,1.0012893166339518,0.9969227295741001,0.9991202055789725,0.9989115850933854,0.9993811471519389,1.021737554370658,1.016445340784812,0.9513071994901315,0.9847029993164406,0.9677470408764477,0.9944929468463212,0.9621827051814469,0.9906063246977698,0.9946188965008413,0.9985102452999741,0.9985825919085672,1.0036220812469248,0.9186469255580577,0.8300633783702555,0.8939827459696748,0.7776841162817659,0.991234918829824,0.9816441517382779,0.9853305566648249,0.968729190650407,0.9227964287137361,0.8386895015248281,0.907053408381191,0.6500585756866358,0.9854973660296865,0.975215254138455
deg1,1,5,1.000012798429565,1.0000079139272375,1.0000470875256318,1.0001501303514984,0.9999968149759554,1.0001619290429102,1.000013858260903,1.0000675593965234,1.000124860186049,1.0002998141905146,1.0000191806780536,1.0001230367424592,0.9975873038842814,0.9723045628707995,1.0000274191853227,1.0002338908315063,0.9945982345889308,0.9262134449287973,1.000017543634947,1.0001330911660715,0.9965231832848457,0.9640608510403509,0.9999941874826013,1.000093854371173,0.9974785593740677,0.9649466344830898,1.0000782876633003,1.0003497200651932,0.9935241852649556,0.9288187410590731,0.9999861820835648,1.0000179140791055,0.9989330204215322,0.9841180439930323,0.999628898580508,0.9998018173111937,0.9997958144193404,0.9997001603876363,0.9991568505867437,0.999486446750618,0.9999619844098017,0.9999377034985509,0.9997013500826178,0.9998242769684461,0.9801152718252327,0.9930978287125944,0.9997706169060082,0.9998214435833997,0.999834672636299,0.9996907835201575,1.0001569180315124,0.9981698765196484,0.9990894420897944,1.0006727806959033,0.9994853017413543,0.9995573453718358,1.0003276118895934,0.9998768436825118,0.9999165256900246,1.000142660223759,0.9998821932279722,0.9989940939180488,0.9984277409696857,0.9994187438286599,0.99830912112794,0.996005104477997,0.9992776227557649,0.9951601112205557,0.9916764827311286,0.9991256224537051,0.9987159229984796,0.9971225272495463,0.9998096675040409,0.9990643967057277,0.9985006085322674,0.998501177454425,0.9960644265562585,0.9923857500092566,0.9954734032935652,0.9941251587683777,0.9850974433581243,0.12855236340034398,0.07964585800823122,0.025562034144097422,0.9997952381566778,0.9986046504830833,0.9982359880708577,0.9991383039351572,0.9974228173946247,0.9941779374332189,0.9988385999223026,0.9974056813858085,0.9945598021708716,0.9986528342442016,1.0025576194282926,0.9992008926917533,1.0011477840033514,0.9998617672804941,1.0001652595263264,0.9993989143767215,0.9992295841580916,1.0000151499501448,1.0000468805297722,1.00024176857743,0.999790944518367,0.9993741761103604,0.9990494527392542,0.9998697919913018,0.9998513436878784,1.0003049567832456,0.9966516526128795,0.9944609823556037,0.9968836432264135,0.9962617722000022,0.9987524151153367,0.9945340949538323,0.9949750809823555,0.9993783867057002,0.9994119670751563,0.9997729190910702,1.0003495842518852,0.9879129232983411,0.9730645415131706,0.9840519477244041,0.9645208630504613,0.9986686525728885,0.9970536313854598,0.9977971143928093,0.9950203362046625,0.9885524140151317,0.9744671924548958,0.9831111806642611,0.9382107555547456,0.9974438654717959,0.9955599407989189
deg1,2,,0.0,0.0,9.55461051022603,13.540561069191185,0.0,0.0,0.0,0.0,0.0,0.47842990855306206,0.0,3.79572965273699,1.1887314977033725,0.0,0.0,0.5918025291547636,0.0,0.0,0.0,0.0,0.48681121827613044,0.9550399841063593,0.0,2.407425949828411,0.0,0.0,0.0,1.3088540121761476,0.229351478218449,0.0,0.0,0.5841615843456953,0.0,0.0,0.08277771754406982,0.0,1.3505304191623153,0.45877170892549657,0.050066205161912646,0.0,1.4638681843060675,0.0,0.0,5.598713276502574,0.44459808951509366,0.30552569430221055,0.3305576992409602,0.0,1.016859662280985,0.0,0.0,0.3076785670974439,0.0,0.0,0.5635429392817988,0.0,0.0,0.0,0.21830483851871646,55.981767457379306,0.0,0.0,0.0,0.0,0.0,0.0,38.50337784992547,6.913247417542186,5.516877463268366,0.0,0.0,0.0,0.0,0.0,0.0,0.0,0.0,0.0,0.0,0.0,0.0,0.05538701193412192,0.01728387956431595,0.01946500498533116,0.0,0.0,0.0,0.0,0.0,0.0,0.0,0.0,0.0,0.0,0.0,0.0,0.0,8.470909590512399,17.08802846372697,0.3142003788812223,0.0,0.0,0.0,0.0,0.0,0.0,0.0,0.0,0.0,2.3088129893339135,0.0,0.0,0.0,0.0,0.0,1.1760178895870723,0.019141824594349637,0.0,0.0,10.772511512229011,0.0,0.4478852463809419,0.7753100444472161,0.0,0.0,3.412724930152268,8.277752447074798,0.0,0.0,0.0,0.0,0.0,0.0,12.653084746561376,0.0
deg1,2,-2,0.0,0.0,9.554504091992326,13.540482452073418,0.0,0.0,0.0,0.0,0.0,0.4784450953127752,0.0,3.795669642821096,1.1887344861845208,0.0,0.0,0.5918320369584062,0.0,0.0,0.0,0.0,0.48681660484474243,0.9549955311908096,0.0,2.4074204310311864,0.0,0.0,0.0,1.308857103130432,0.2293504594285058,0.0,0.0,0.5841912868436685,0.0,0.0,0.08277998957892872,0.0,1.3505216197007723,0.45903508049880665,0.05006079898260296,0.0,1.4638457191014138,0.0,0.0,5.598303892394068,0.44459812818750816,0.3055271357698962,0.33055756016535986,0.0,1.0168520687598224,0.0,0.0,0.307675248645598,0.0,0.0,0.5635399824007444,0.0,0.0,0.0,0.21817760004524175,55.97621306977429,0.0,0.0,0.0,0.0,0.0,0.0,38.50331535082968,6.913247214103071,5.51687602794858,0.0,0.0,0.0,0.0,0.0,0.0,0.0,0.0,0.0,0.0,0.0,0.0,0.05538702106077144,0.01728387965621834,0.01946500527756077,0.0,0.0,0.0,0.0,0.0,0.0,0.0,0.0,0.0,0.0,0.0,0.0,0.0,8.470812733811625,17.087339454685704,0.3142174596008972,0.0,0.0,0.0,0.0,0.0,0.0,0.0,0.0,0.0,2.3088184672337784,0.0,0.0,0.0,0.0,0.0,1.1760207545761425,0.01941914123931741,0.0,0.0,10.772240324171731,0.0,0.4478821686036153,0.7753073004635409,0.0,0.0,3.412747312254862,8.277758762809512,0.0,0.0,0.0,0.0,0.0,0.0,12.652918656387241,0.0
deg1,2,-1,0.0,0.0,9.553546621955347,13.539774954357997,0.0,0.0,0.0,0.0,0.0,0.4785817438751217,0.0,3.7951296823384353,1.18876132823108,0.0,0.0,0.5920975469073719,0.0,0.0,0.0,0.0,0.4868650464309679,0.9545958340668739,0.0,2.407370699423412,0.0,0.0,0.0,1.3088849188461948,0.229341311800363,0.0,0.0,0.5844585559235256,0.0,0.0,0.08280033151066314,0.0,1.3504426203180981,0.46140153917076976,0.05001224010667518,0.0,1.463643747244774,0.0,0.0,5.594623922062193,0.4445984769113535,0.3055401053501561,0.33055632780965494,0.0,1.0167839352899226,0.0,0.0,0.30764543187885346,0.0,0.0,0.5635134161857323,0.0,0.0,0.0,0.21703528715354078,55.92627352008713,0.0,0.0,0.0,0.0,0.0,0.0,38.50275323594713,6.913245382874023,5.5168631160773645,0.0,0.0,0.0,0.0,0.0,0.0,0.0,0.0,0.0,0.0,0.0,0.0,0.05538710315058716,0.017283880483160402,0.019465007907532555,0.0,0.0,0.0,0.0,0.0,0.0,0.0,0.0,0.0,0.0,0.0,0.0,0.0,8.469940885856396,17.08114170545748,0.31437115576893176,0.0,0.0,0.0,0.0,0.0,0.0,0.0,0.0,0.0,2.308867750582349,0.0,0.0,0.0,0.0,0.0,1.1760465424063578,0.021912744813541246,0.0,0.0,10.76980050563852,0.0,0.44785450063670657,0.7752826418243954,0.0,0.0,3.412948582563796,8.27781547017367,0.0,0.0,0.0,0.0,0.0,0.0,12.65142498063121,0.0
deg1,2,0,0.0,0.0,9.544000856406104,13.532705522624047,0.0,0.0,0.0,0.0,0.0,0.47994505254328573,0.0,3.7897428113902705,1.1890244348173724,0.0,0.0,0.5947466939278644,0.0,0.0,0.0,0.0,0.48734578557029296,0.9506360305575112,0.0,2.4068672868106624,0.0,0.0,0.0,1.3091627882189432,0.2292519400380155,0.0,0.0,0.5871259463023275,0.0,0.0,0.0829934156662306,0.0,1.3496716984792134,0.4846870901460403,0.04953608743005508,0.0,1.4616450281208995,0.0,0.0,5.5582623761593135,0.44460202910095675,0.30566944244188526,0.3305458928918142,0.0,1.0161228759602277,0.0,0.0,0.30735207414496885,0.0,0.0,0.5632522159495187,0.0,0.0,0.0,0.20588824319051427,55.43177305210555,0.0,0.0,0.0,0.0,0.0,0.0,38.49716902891653,6.913227043233484,5.516734586831774,0.0,0.0,0.0,0.0,0.0,0.0,0.0,0.0,0.0,0.0,0.0,0.0,0.05538791916142303,0.017283888740457127,0.01946503420532838,0.0,0.0,0.0,0.0,0.0,0.0,0.0,0.0,0.0,0.0,0.0,0.0,0.0,8.461208989702769,17.019491791463274,0.3159051217493692,0.0,0.0,0.0,0.0,0.0,0.0,0.0,0.0,0.0,2.3093588364979554,0.0,0.0,0.0,0.0,0.0,1.1763047002607507,0.04662856842960167,0.0,0.0,10.745488452277572,0.0,0.44758096173459805,0.7750397046437786,0.0,0.0,3.4149447486237134,8.2783693718241,0.0,0.0,0.0,0.0,0.0,0.0,12.636599589234308,0.0
deg1,2,1,0.0,0.0,9.451272360296603,13.462537915765356,0.0,0.0,0.0,0.0,0.0,0.4932773756345166,0.0,3.737131860417424,1.1911784081052175,0.0,0.0,0.6206576511274323,0.0,0.0,0.0,0.0,0.49182059888616525,0.9144227904877187,0.0,2.4012993690585493,0.0,0.0,0.0,1.3119102032339112,0.22854867209726867,0.0,0.0,0.6132589211691521,0.0,0.0,0.08406095659112839,0.0,1.3436003766769504,0.6845495068711,0.045594903290346406,0.0,1.443508380667037,0.0,0.0,5.233197899241749,0.4446427426197884,0.30692761342907027,0.33060882692612675,0.0,1.0112455159864577,0.0,0.0,0.30483769731044685,0.0,0.0,0.5610301430576355,0.0,0.0,0.0,0.11816691276975128,50.93185902928426,0.0,0.0,0.0,0.0,0.0,0.0,38.44468282180952,6.913041266463823,5.515503440505841,0.0,0.0,0.0,0.0,0.0,0.0,0.0,0.0,0.0,0.0,0.0,0.0,0.05539563383675793,0.01728397020520462,0.01946529652626763,0.0,0.0,0.0,0.0,0.0,0.0,0.0,0.0,0.0,0.0,0.0,0.0,0.0,8.372746634519736,16.433631000521633,0.33095015962342483,0.0,0.0,0.0,0.0,0.0,0.0,0.0,0.0,0.0,2.3141036982796233,0.0,0.0,0.0,0.0,0.0,1.1789050209080074,0.27373282221300727,0.0,0.0,10.51060865154854,0.0,0.4451323412342782,0.7729432615825164,0.0,0.0,3.433392448745745,8.282704098855184,0.0,0.0,0.0,0.0,0.0,0.0,12.498511582641918,0.0
deg1,2,2,0.0,0.0,8.684615132181408,12.797589159175503,0.0,0.0,0.0,0.0,0.0,0.6067582897933271,0.0,3.315053710942887,1.136680684606006,0.0,0.0,0.8381326758923278,0.0,0.0,0.0,0.0,0.5310335580979818,0.7104269866655525,0.0,2.3224460320150895,0.0,0.0,0.0,1.3339606877484345,0.23569646195791624,0.0,0.5614097646690157,0.7525893729319566,0.0,0.0,0.0688714328999209,0.0,1.3551687788579796,1.32497922475954,0.04109308330301384,0.0,1.3466299842678693,0.0,0.16555537980268173,3.496542867430501,0.4450278694559773,0.3163807758291566,0.3398912499892186,0.0,1.0241119879972802,0.0,0.0,0.2977610203390661,0.0,0.8408604892974016,0.5552106388929036,0.0,0.0,0.0,0.04371155714540807,27.098524970927254,0.0,0.0,0.0,0.0,0.0,0.0,38.11084213035473,6.9111434179899724,5.506319524677241,0.0,0.0,0.0,0.0,0.0,0.0,0.0,0.0,0.0,0.0,0.0,0.0,0.05545483575148298,0.017284719442858146,0.019467735235270407,0.0,0.0,0.0,0.0,0.0,0.0,0.0,0.0,0.0,0.0,0.0,0.0,0.0,7.4603306137541,12.077192717580296,0.4580360291485704,0.0,0.0,0.0,0.0,0.0,0.0,0.0,0.0,0.0,2.3520081212165325,0.0,0.0,0.0,0.0,1.9125370749278676,1.200909736973039,1.2015677241468945,0.0,0.0,8.708608365234767,0.0,0.44555061228278675,0.7784095254278369,0.0,0.0,3.492858410006972,8.21947589250493,0.0,0.0,0.0,0.0,0.0,0.0,11.65510798843229,0.0
deg1,2,3,0.6229283122015751,0.47791494075177515,4.844571674231518,7.278112605046371,1.3106788947472223,0.48632086875015096,1.1672707549919605,0.8161301909391014,1.6074087741857213,0.9200761054828575,1.0195348567694207,1.9427927225860298,0.9862414691213267,0.0,0.11902386087910526,1.470218701458509,0.0,0.0,0.5629940109208842,0.1033903002914364,0.6340645714809062,0.5264799938547183,0.09762399995761936,1.7614178633623616,0.0,0.0,0.10496042305877437,1.2948009736181452,0.2916370747424029,0.0,0.9559794344438293,1.1066584105994623,0.0,0.0,0.0819905198769715,0.0,1.392272403839994,1.224733039216037,0.11739152189603766,0.0,1.105085813043271,0.4488586039989973,0.5441695298233372,1.5589378691367886,0.4454187265239263,0.34007435307765427,0.4307660361310575,0.0,1.0811496889654477,0.0,0.0,0.3041536959430157,0.0,2.6121906377476165,0.5757844526469893,0.0,0.0,0.2495764682131515,0.705090206622549,5.331870233831887,0.0,0.0,0.0,0.0,0.0,0.0,35.90029297153363,6.895601302110406,5.476802745900037,0.0,0.0,0.0,0.0,0.0,0.0,0.0,0.0,0.0,0.0,0.0,0.0,0.055757844982015525,0.01729132497500434,0.019479306505683764,0.0,0.0,0.0,0.0,0.0,0.0,0.0,0.0,0.0,0.0,0.0,0.0,0.0,3.665445441066389,3.8092380504600167,0.8813233908880915,0.0,0.0,0.0,0.0,0.0,0.0,0.0,0.0,0.0,2.4597270608587056,0.0,0.0,0.0,0.0,1.8108518595668779,1.2827808460836212,3.543008323100274,0.0,0.0,3.8429117743417387,1.7632008533871368,0.5221971994411857,0.9189714943646405,0.0,0.0,3.4890464848996907,7.350390544831534,0.0,0.0,0.0,0.0,0.0,0.0,9.31414519078076,0.0
deg1,2,4,0.965996055742034,0.9517442358765466,1.7144365370392043,2.213757689477017,1.0883992743882902,1.0275079582158215,1.08602306081612,1.0460614429972546,1.4655584107384894,1.2051920186770142,1.0916910207385602,1.2055490880895927,0.7212533452382117,0.0,1.1009031899286383,1.2936986324056818,0.0,0.0,1.1195109071809124,1.0828814038227177,0.7270720996594671,0.48661419529476496,0.9635133148568916,1.1799097067064217,0.0,0.0,1.2347379108107346,1.2376528671432117,0.4633928840342787,0.0,0.9948766488813842,1.0476750065805915,0.39810478183115894,0.0,0.4514822501176842,0.6700434118652949,1.1244132673202918,0.9664030631573128,0.40521514734907105,0.38145655734966055,0.9677603102949969,0.9042910684456831,0.8689144778260273,1.0465347107422693,0.44258748001588066,0.3687348405827912,0.6815814385712017,0.7230219532203378,0.9826927107821791,0.6898617552703417,0.8319607210389104,0.3266173191600653,0.0,2.1064510506162617,0.6560430244590164,0.4224633455541922,1.3028996679360423,0.7694884221630989,0.9044161264266305,1.539529729751895,0.18263908755889305,0.0,0.0,0.430956979298788,0.0,0.0,18.533910254318855,6.630825428211806,5.410006539184539,0.9020159234066759,0.8921243068424071,0.0,1.4639199097074878,0.0,0.0,0.0,0.0,0.0,0.0,0.0,0.0,0.05721961034074883,0.017359442470569905,0.01950931406918237,0.0,0.0,0.0,0.0,0.0,0.0,0.0,0.0,0.0,0.0,0.42300551743750703,0.0,0.0,1.353570490713014,1.2464595757039671,1.1685780182869783,0.8075658425272284,0.3038372488045219,0.6555448019393483,0.0,0.23764012520253736,0.0,1.1565906121278344,0.0,0.3038471968194197,2.511778401743709,7.28251681722894,0.0,0.0,0.0,0.9963719514774112,1.3442778324793911,4.836608335456877,0.0,0.0,1.3949895549207214,1.2490756160037941,0.8463451111415192,1.4705231643771917,0.0,0.0,1.4166454990471933,2.8614005679817454,0.24305762957745133,0.0,0.0,0.0,0.0,0.3704253108915064,2.22497718305902,0.0
deg1,2,5,1.0011415403049628,0.9995481646352247,1.0990155897603213,1.1813336337850193,1.0151408291828434,1.0891335948023042,1.0196331352138723,1.0279166663510375,1.1078688944237083,1.1148066746170684,1.0235956878687928,1.053758569303322,0.830372752317812,0.0,1.0368754681019032,1.0991119742919369,0.4463811114397812,0.0,1.0302584222728457,1.054066978481478,0.7385222586280185,0.8320763493551139,1.0023732448353104,1.0425314337278928,0.6124692103913115,0.0,1.086744690602997,1.1404362116850109,0.7648642656170956,0.6997026879979888,0.9989709163995552,1.0109514702537648,0.8278590312509347,0.0,0.9078532608062694,0.9569604116709314,0.9917741135776236,0.9754401224791317,0.8373785388537545,0.8982459546182424,0.9899795873014994,0.9840459746098277,0.9741427073939748,0.9954602760888912,0.4406115403698925,0.5565841147147593,0.9409728828670909,0.955461350357428,0.9841539880438367,0.9547839494196544,1.0791269470671416,0.6812038739934061,0.8141039777258972,1.558428676288357,0.886816088930519,0.8983624704972931,1.2609844426969963,0.9701677840106613,0.9859417246641037,1.125150451481927,1.0704009076761685,0.6617782538028302,0.4041799874723588,1.2345052471877296,0.9067856342007703,0.6155752969165127,5.600343277158154,4.88789759993476,4.38420290701571,1.3795906183247248,1.2407847935029386,0.9659949358412898,1.3322557608699135,0.9941037900965835,0.7691408137513395,1.0778148023753993,0.0,0.0,1.708969597451938,0.6417026097985304,0.0,0.05936517470738234,0.01786381788528096,0.01980357675808076,0.7436557945586544,0.0,0.0,1.2492618894891871,0.5233004803201452,0.05939610423793191,1.1915789076027552,0.1537415594019388,0.0,0.9311182352965078,2.0840065319504397,0.7372234417179606,1.302553348455097,1.0371397971134146,1.1008696355976153,1.2105379033303358,1.5615614329444434,0.9350420323571558,0.9962566693121232,0.7182847089440301,1.2093043073476655,0.819880580031766,1.5274251909836554,0.8673189613328032,0.9407330020242743,2.2108300585647673,5.627304344240781,0.0,0.6292546697353926,0.4332365457835467,1.1744251970122392,1.1737352833517154,3.4503577823959786,0.0,0.4460512847910088,1.0456695619032343,1.18018901276858,0.5975668486517376,1.0467524295202857,0.007792006641171894,0.0,0.9315730446643133,1.1670924501975566,0.8371131609907618,0.7713120177721173,0.5313767627389651,0.7690258966600286,0.0,0.46717077608101965,1.0423787579941752,0.9514077490723666
deg5,1,,16.886208526270952,0.0,0.8466002640766347,3.613721436824517,0.0,0.7699368030272229,0.0,0.0,0.0,2.2701154877690843,1.6387117529911626,3.6483751007150116,0.31964314291689655,0.6291806949133822,2.6385348389674403,0.8517505988541929,0.33017673612065024,0.23407553112987312,0.0,0.0,0.0,0.031828374502313406,4.727511400974691,2.907813686432767,0.08951523263730517,0.0,0.0,0.9419919411574953,0.18607309941634392,0.0669331748417944,0.0,0.0,0.2145854375313748,0.0396118133520657,0.24890778592180066,0.0,0.9681457016071597,9.254903940419169,0.05743616004347816,0.0,1.598394389470839,0.0,0.20500028807477583,0.0,0.2115968115335694,0.20165937065958375,0.4205521787666303,0.0,1.4103803982256544,0.0,0.0,0.28681651316993234,0.0,0.0,0.6382208775711038,0.0,0.3064015677430003,0.0013653602692023522,0.0,1.7667074352975396,0.0,0.0,0.0,0.0,0.051556175869803135,0.0,9.98257481934999,1.4370596500217274,1.1292882941018212,0.0,0.0,0.0,6.694112466061441,0.0,0.0,1.601318709359247,0.0,0.0,4.297816154623879,1.3872315997551568,0.8765184697004622,0.5864270847107269,0.0631144382587316,0.03491499884325816,0.0,0.0,0.0,0.0,0.0,0.0,0.0,0.0,0.0,2.5362989424804927,1.044063266745507,0.0,0.0,0.0,1.4801722693280008,0.18123467121082895,0.0,15.370619152089946,0.0,0.0,0.0,0.1737020292196511,0.0,0.0,1.6368904168431326,2.5779719476665193,2.2216904958263104,0.0,0.0,0.0,0.0,0.0,0.6980523520443908,0.0,0.3871542045672323,0.0,6.427997002949442,0.561707005752526,0.5028751675650708,0.4217225864976499,0.24142935880797098,0.5196880271561353,0.706749927696467,0.371339637567566,0.0,0.0,0.0,0.19607035851260157,0.0,0.0,3.216741207509521
deg5,1,-2,12.845828153801165,0.6672410829918421,0.7290633553073841,3.7231501900993207,0.07733750352529882,0.8821322324062991,0.0,0.0,0.07223399148104256,2.2575064312167363,1.8120725205841326,3.5848091799280275,0.31427283368208575,0.6300334458107397,2.607468617235946,0.8528348264807685,0.32931811383684717,0.2353089486579863,0.0,0.0,0.0,0.030339494748651122,4.521811171554634,2.932887658470876,0.0944483598958364,0.0,0.0,0.9644881273113176,0.18771615374260206,0.0695097585100502,0.0,0.0,0.21464460598467267,0.04153330368438083,0.2496242388621341,0.0,0.9789750683174865,9.16257675358681,0.060018921000295676,0.0,1.599780874114056,0.0,0.2143932977921378,0.0,0.2117193970006685,0.20375040340260156,0.42179648836811773,0.0,1.4175871566054747,0.0,0.0,0.28817786939459455,0.0,0.0,0.6391822568610616,0.0,0.3126297310368327,0.005565868488670958,0.0,1.7122328749727898,0.0,0.0,0.0,0.0,0.05160810769646011,0.0,9.996237599917102,1.4373600268649462,1.1326731055689716,0.0,0.0,0.0,6.0754914835471965,0.0,0.0,1.5998232623701754,0.0,0.0,4.266952508441421,1.3869851676396467,0.8750785770347862,0.5870288457050392,0.0630949773175005,0.03476057935439586,0.0,0.0,0.0,0.0,0.0,0.0,0.0,0.0,0.0,2.5008439008015184,1.0732281436804134,0.0,0.0,0.0,1.7253768080578233,0.2164833007232128,0.0,14.21553713266905,0.0,0.0,0.0,0.23073210917941242,0.0,0.0,1.73452363942945,2.575989247488496,2.255776984286723,0.0,0.0,0.0,0.0,0.0,0.709011790741563,0.0,0.40991769841551845,0.0,6.073370095011449,0.562205292523428,0.5032856187194883,0.41592988090186545,0.24119617801757676,0.5347234351992423,0.7089916062484042,0.4023224462278909,0.0,0.0,0.0,0.2031117213069258,0.0,0.0,3.1361564138249274
deg5,1,-1,4.732285655851952,1.7182423104031568,0.5985035193156214,3.6951491665740717,1.0879635495711855,1.128236876395005,0.4270261678984777,0.0,0.34525423138770506,2.196821578922821,1.7328855344806193,3.331224061592169,0.30037525811401555,0.6260084214804814,2.3667741377477194,0.914491528131813,0.3241633435966329,0.23531883005118653,0.7700325693465494,0.0,0.0,0.030425622768325375,2.549870325080593,2.9249375954151766,0.1163653953006866,0.0,0.0,1.0453528856485792,0.19312860817284194,0.08391235118601958,0.5361848997934622,0.0,0.20881994784737484,0.05203324736050952,0.2556004897698559,0.0,1.0644649489713036,8.216867170404901,0.08560855833373188,0.0,1.616083881055117,0.0,0.25186577406102945,0.4968226389056098,0.21256617540828673,0.21597405367679598,0.4331773556936412,0.0,1.4782876051886094,0.0,0.0,0.30168391220604734,0.0,0.0,0.6496743688725772,0.0,0.3851640620256841,0.0520711853335769,0.0,1.4341043312230783,0.0,0.0,0.0,0.0,0.055282752845244545,0.0,9.848501502997141,1.4377746629774832,1.1448670104278316,0.0,0.0,0.0,3.761658042828565,0.0,0.0,1.5766671415532423,0.0,0.0,4.173816164167669,1.3855007191535886,0.8706167340999336,0.5972372577014409,0.06305425221549855,0.03425158953234947,0.0,0.0,0.0,0.0,0.0,0.0,0.0,0.0,0.0,2.3288650469295153,1.227718177561993,0.0,0.0,0.0,2.344176936455404,0.37643478647936385,0.0,8.384075084848314,0.34834783465129343,0.08364671146328881,0.0,0.5067320994645196,0.0,0.0,1.9019338472306055,2.558942322583382,2.4702196055897123,0.0,0.0,0.0,0.0,0.0,0.7409710848952946,0.0,0.4907539761016105,0.0,4.452162633306087,0.560964440509718,0.5018271468830552,0.38862664793074186,0.2440968685696599,0.5987676958733988,0.7039461035242335,0.5717582633798977,0.0,0.0,0.0,0.271318249845948,0.0,0.19129174135932844,2.534531231813176
deg5,1,0,1.5281765555353424,1.1202719287438734,1.0200616818881023,2.5560583895148397,1.2979520697486369,1.218876081510739,1.0299969292993858,0.796887548466254,0.986087433869981,1.9494231100632904,1.4633648190041197,2.200540618580361,0.30749395157663334,0.5656598044464028,1.7895546317091802,1.1898538866968287,0.3017353028578342,0.18401012220140822,1.3535044517805446,0.6000669853369844,0.0,0.08667815593583304,1.4874507966791335,1.7287061092291394,0.15884066304371078,0.0,0.35673733140611147,1.2122370061219565,0.20019774312223929,0.12164370434671506,0.9965760204414554,0.7677819395868285,0.21433175121679054,0.07417983671757805,0.23837080255756965,0.0,1.4124323399320722,4.398554554727603,0.19216769575627138,0.0,1.4827602135957905,0.5821240885669469,0.506032773486349,1.733198329064831,0.21691082004713824,0.2778382577955673,0.4787524237342855,0.0,1.6760318306316286,0.0,0.4505578701546404,0.3521182356403107,0.0,0.0,0.6842611138023352,0.0,0.7522143116315665,0.19152366003580823,0.8566494163493861,1.0172286596029216,0.4598737050218176,0.0,0.0,0.14651348129212438,0.09938227915970949,0.0,8.012956230064344,1.4198231856204802,1.1566756197369426,1.016916169623266,0.15206067089628722,0.0,1.7923072494406023,0.0,0.0,1.477864397925895,0.0,0.0,3.847669111782684,1.3560878499843088,0.8707581754647321,0.6863852860016775,0.06313391626895501,0.03386182014695524,0.38350218334654695,0.0,0.0,0.0,0.0,0.0,0.0,0.0,0.0,2.1839387611017997,1.4280481053488812,0.0,0.41932233127001334,0.0,1.4859649935984827,0.5040038020467654,0.4981564761896121,2.2008077068618674,1.1280717575277766,0.33535272915484726,0.0,0.7832298260598082,0.1140723290018484,0.5091489024328043,1.2882239738501426,2.510166014768729,3.0427267767331614,0.0,0.0,0.0,0.0,0.0,0.9239983676371432,0.0,0.5492900749939901,0.0,1.8704661025453324,0.5651588071084722,0.5063761955028064,0.3327397460979715,0.20702660444090995,0.7804898718261307,0.7805768471107233,0.8556409107655518,0.22295258287288033,0.0,0.0,0.5356635219776642,0.0,0.7599757996194733,1.3016386499217583
deg5,1,1,1.0654961931453102,1.0191080836673498,1.143067836839632,1.3975273957681735,1.11918624890944,1.207340405926503,1.0525406983021701,1.0779678708517983,1.1658989475942318,1.5949829576370638,1.1440059605033788,1.3136198947529192,0.4140213171899851,0.56584759862921,1.3065903017165625,1.296885766943184,0.24608981091745172,0.06581510256335538,1.1807530849727301,1.1369182177859836,0.0,0.1879088141440174,1.1440276364241986,1.18980808419609,0.2432106792003078,0.0,1.069241081470236,1.4038776788532352,0.2076143399379463,0.17856587230634188,1.0295329362954815,1.0181584904164787,0.3340873339245408,0.08011556751787975,0.29956238732537505,0.5654152633192632,1.398057878419702,1.5374392505872578,0.26914299563575933,0.4382943314174133,1.0089169041500705,0.8759698295776387,0.8697814685239843,1.2113784446595557,0.21711598198828608,0.36206027166845933,0.5119783380130242,0.5989475892624945,1.2916073832275379,0.8340151817474258,0.9693325565660028,0.33722732029285163,0.15303260334594426,0.7824891189421009,0.642193584272971,0.35927667286445275,0.9677444153469148,0.6032051195732019,0.9340133781485835,1.0072190081199226,1.091481510211668,0.0,0.0,1.1718058251996801,0.41660192067398044,0.0,3.817670699510046,1.299595327732586,1.1452932168882184,1.2340308489515073,0.7025203293523672,0.2762389417352127,1.2527942985889449,0.2282072239618359,0.0,1.3285528941873017,0.0,0.0,2.3490096250730375,1.2232505051943614,0.838238293079699,0.993584450936135,0.06411248049693986,0.03325673877021192,1.0937930922349353,0.0,0.0,0.967634572936015,0.0,0.0,1.019693879642158,0.0,0.0,1.911604705106454,1.498088980931533,0.3629304709233432,1.0638584058250002,0.6562471653298084,1.035312541183965,0.6177040166859694,1.215291304879644,1.07917622263591,1.0287110265352573,0.6185370208009697,1.0795870903876201,0.9474280410032863,1.1515245829132115,0.8137407136406781,1.0401639092601314,2.3520312211187075,3.2638728168817104,0.0,0.4637169731770511,0.0,0.858565098209614,0.034170611831956764,1.5775503495505196,0.0,0.8811960234407902,0.6313220917906102,1.1039081058143396,0.38839756373895057,0.4389867423532617,0.29566537307197094,0.11170601137914331,0.9485349383843777,0.9304595432758949,0.8920979990835588,0.7839656788560302,0.23569353135812043,0.09989051938755845,0.8580563127874904,0.0,0.9226103656155143,0.9641314903265099
deg5,1,2,1.0125677981964716,1.0074516975343382,1.033456270222718,1.0805538438546625,1.020914403934315,1.1334372556507146,1.0163890595664593,1.049613804164599,1.0696086033314232,1.2309591146797114,1.03092082641223,1.094235866207368,0.5903426747884407,0.6566141137037439,1.0647685695264275,1.1584748854630829,0.20177789339334715,0.02964261176286037,1.0365534090118063,1.091842362182962,0.3538396370582058,0.260244414303469,1.023651231593892,1.0646059292153975,0.48240756844184185,0.0,1.0701273976578296,1.2601456549762045,0.2709054805820793,0.2668440277523993,1.0035112341708539,1.014638832311688,0.6778055511663553,0.21177107632019745,0.7573165661888944,0.8999770825073257,1.0521218936255103,1.0216089851138535,0.6421933476527949,0.8306340544354163,0.9785883888837056,0.9657761779075057,0.970155182211822,1.0137570077376412,0.23552619882063972,0.48843048548817025,0.8344819404440404,0.8954837980333248,1.017632648776071,0.9508346294232406,1.0278236823057496,0.4946417468327424,0.7027345072081148,1.103778414830913,0.8063909576579354,0.8155755764355131,1.0611223435371229,0.9197593831636518,0.9719003844140638,1.022401024728243,1.0579039796506793,0.7140296020050364,0.5527833560847308,1.0941913710151483,0.8264467997794973,0.6342966253698745,1.7793989099404064,0.7033043067605848,0.7425780908115488,1.124335733212668,0.908373550867789,0.8053343714226187,1.0862468665861431,0.8108698215614949,0.7382466391759174,1.157533623181282,0.23737468521774419,0.0,1.483817850111956,0.8638659559664759,0.5329246877699467,1.410321762846234,0.07628597937661015,0.03393745745291631,1.1002156586545906,0.5104012018881159,0.4653700941874477,1.0947723917585814,0.6007963360567955,0.2893760598300093,1.15065297664393,0.5478810930326813,0.36560589267466637,1.1411660952235745,1.4676837085132046,0.9329255812458938,1.21937856076098,0.9547051627135699,1.0303472453524782,0.9345297720559297,1.1625246062241221,1.0030133694476937,1.0119423463558739,0.996978986008066,1.107892488629228,0.9809092983820551,1.1465371460670983,0.9686871979031696,1.0147339928548635,1.8160753922333657,2.1822458309978314,0.0,1.106542164514464,0.2815825236306723,1.0426079261522299,0.5026449984949641,1.530339292080637,0.6138394887902183,1.1483395297622188,0.9540252499678535,1.0656026618397232,0.4186745814602261,0.32861094232586513,0.31361707286357554,0.14229886551281398,0.9458809432469243,0.9287935146468903,0.9050962780408516,0.8729817190230664,0.42321174716262766,0.3150558302527738,0.9362008050268347,0.03506991067657258,0.9522865499861732,0.9522811203212064
deg5,1,3,1.0015132298923304,1.0009893000035963,1.0025417177387974,1.0090196732575498,1.0010107105942843,1.0178625076074945,1.0014669502439215,1.0078858526207866,1.0088955657588479,1.0355681771219696,1.002641195042924,1.0136774736327907,0.8492513175618619,0.6450225683773976,1.0050684974237087,1.0245178195082003,0.6717474897352205,0.0519252912643618,1.002516475553524,1.0142801836812227,0.7801574583938955,0.4464967061877933,1.0011502299162869,1.0092510222847506,0.8372278939347559,0.33990603004180303,1.0079081777528398,1.0425523884875585,0.6357668900651722,0.31513412677506786,0.9996249809930561,1.0020911748361288,0.923398821249079,0.5700090985534967,0.9691992449691498,0.9858395305945588,0.9980984795931143,0.9926478958968743,0.9373478863728727,0.9693161548300666,0.9968847180924889,0.9949521811205452,0.9891057870281957,0.9954139004897089,0.44481898877030357,0.7675426184089542,0.9788667574322931,0.985159707950765,0.9961328570995497,0.9873258700886187,1.007757806657629,0.8860717344703903,0.9481821740258904,1.0298982942334844,0.9667783789594478,0.9712733007030432,1.015488260795071,0.9908591743081089,0.995486288616401,1.0062541710102277,1.0097522080630537,0.9356122615865611,0.9129754220236537,1.0110530741734765,0.9265339608326828,0.8496090220338767,1.1253891271423675,0.7706001344514478,0.738072936844118,1.0141640731959236,0.9461219748923803,0.8989597683597716,1.0142990117061754,0.9486589132236013,0.9382226573604552,1.0079469787363873,0.7812639093851488,0.6518563791475248,1.0326339099327062,0.7844710235319577,0.5013062298680995,1.2560201874906924,0.05813788881696845,0.0069160911335464405,1.0170874877420228,0.9067445206308887,0.9000674957742416,1.0113987010209204,0.8748479032454941,0.7607787689949072,1.0179587961098175,0.8696310773645286,0.7809020694658856,0.9696736924317996,1.1300182768649958,0.9742028584702342,1.0613321353850012,0.9920772194870933,1.008350085431601,0.9860170363657292,1.024284810281012,1.001501422779075,1.002550724625933,1.0276429536579312,1.0194133158929866,0.9822520506916614,1.019409006012253,0.9933642171906086,1.0007046827283834,1.1326754659188332,1.1967667567283249,0.7002473192651181,0.9925045662874662,0.7904724839587882,0.9950426707797971,0.7608924602730878,1.0588458697112337,0.971946520051864,1.0262676345334951,0.9889596906720917,1.0176423193720385,0.6926262800315884,0.5096977474774582,0.6171232575948523,0.37717953258043213,0.9690121546893524,0.948150143450495,0.9471169577902332,0.9124434608096208,0.7059460776745506,0.5316968253297651,0.8242932771572369,0.21343957954231946,0.966157191350487,0.94748064586015
deg5,1,4,1.0001189339808803,1.0000678700322039,1.0000043140047032,1.0006209622941455,0.9999178938096868,1.0010992866481494,1.000025199479225,1.000775338521669,1.0005745227082725,1.0035581584764939,1.0000657101673935,1.0013382119642387,0.9771096575122947,0.8255013374216167,1.00006925454745,1.0023843168282074,0.950122263509693,0.5362083339226096,0.9999762119048684,1.0013720962562456,0.9677017744041837,0.7665240067589467,0.9999141419004134,1.0008796632918224,0.9767135363593256,0.7656318440488757,1.0002513174659282,1.0042381113328098,0.9399802796292257,0.5741006396080359,0.9998835571877928,1.0001877832012789,0.98981438739668,0.8850822049682928,0.9967700557751739,0.9983111908495163,0.999147116637445,0.9981981924796188,0.9927896062371416,0.9959447567462915,0.999661914172208,0.9994303590012591,0.9977795136765297,0.9987569134124243,0.8596746681237257,0.9529399437430234,0.9977992581452613,0.9983543744815472,0.9990091411621679,0.9978615546114641,1.0008466724441443,0.9866951046044268,0.9935139901856009,1.003399620222717,0.9963061141893884,0.9966658891833,1.001753651065572,0.9990448047313542,0.9994260946263767,1.000660494865272,0.999496094308226,0.9870157074235284,0.9836362992438481,0.9962132669432296,0.9771001192738542,0.961085416904346,0.9923647750237915,0.913041969152631,0.8993316323075384,0.9941238433623618,0.9807683347078905,0.9705914616649427,0.9988029716327068,0.9852679270339212,0.982751267192063,0.9904684031091576,0.9525797247484896,0.9266689710982451,0.9698535643083848,0.9202391936900215,0.8579788182471453,0.9412210482708605,0.16491347948582613,0.04857008737047299,0.9995139333433697,0.9846224122838858,0.9832639729479021,0.9943705330476132,0.9659343607455586,0.9433914645765288,0.9923304834868096,0.9659133013459726,0.9472890163127532,0.9796111559384437,1.0161524697686133,0.9888102716569023,1.007575658013077,0.9981550016877448,1.0010285250565503,0.9860931873377822,0.9947081195279946,1.0000447457142243,1.0003065090358525,0.9998257079888369,0.9991854323610074,0.9901109799390034,0.9937153511855062,0.9986801074402112,0.9991076129321841,0.971554766490673,0.9767528739126409,0.9468576757523633,0.9797939535404973,0.9620874297239369,0.9913151676258666,0.9295732477074947,0.9646691759763062,0.9949990213440377,0.9979623648716206,0.9967088578298705,1.0021728174206799,0.9166704140657056,0.8223539372949272,0.8919388510249823,0.7693303721902931,0.9911037098528686,0.9809273491101194,0.9850670176854548,0.967637616753175,0.9209512071983919,0.8315581840604553,0.8952193830301064,0.6151571210832851,0.9841048220949231,0.9723641062786115
deg5,1,5,1.0000070107409502,1.0000016833175898,0.9999640875192966,1.0000070228349063,0.9999752431179562,1.0000058562796494,0.9999873831402222,1.000064974599517,0.999993499411602,1.000297438213642,0.9999825282199525,1.0001147089272142,0.9973449347431643,0.9709006216251428,0.9999557763687161,1.0001968698602919,0.9943027195621115,0.9238075505556536,0.9999649318992471,1.0001096220562657,0.9963115282587622,0.9626864185890867,0.9999739620636283,1.0000745440895236,0.9974271474554902,0.9642261936349826,0.9999424906999028,1.0003556935350701,0.9927604608236995,0.9240951776491114,0.999984307191373,1.0000165672034311,0.9989100900050902,0.9839052267319497,0.9996645513979013,0.9998057760884677,0.9998338908001417,0.9997211987988063,0.9991892526576095,0.9994797962625328,0.9999630527122021,0.9999355183312503,0.9997091159233006,0.999818062848874,0.9823661783357596,0.9934081582828177,0.9997731483732242,0.9998194524769802,0.9998234810723164,0.9996954114164255,1.0000671928450358,0.9985610070912078,0.9992007851339921,1.0002852151934216,0.9996048743163968,0.9996109920654435,1.0001506786825547,0.9998996858983251,0.9999293781037822,1.0000504685985139,0.9997692622462006,0.9968236339610992,0.9956210304589386,0.999131866483548,0.9932388653472771,0.9893167120514976,0.9968512417325271,0.9709847556683739,0.9619189527523571,0.9986974930965573,0.9939316413935326,0.9911955188090407,0.9995664276028833,0.9954407894098649,0.9937119074140239,0.9981220294715932,0.9885406974944408,0.9827652644316084,0.9939517241657427,0.9756135964369096,0.9620915489438718,0.9822586127325896,0.6473549006002117,0.48587223678633423,0.9996958279899993,0.9969150891577127,0.9963422279140051,0.9987564066655096,0.9904197550877382,0.984916180177982,0.9983133560256715,0.9905165837447223,0.9856495506866898,0.9936959887868313,1.0015389742031757,0.9967408673672324,1.0007232275584728,0.9995714934112074,1.00009763402454,0.9950213376830092,0.9986287381958336,0.9999531691561442,1.0000294134753802,0.9986944665027879,0.9995731373519935,0.9969109874551968,0.9985295947999996,0.9997555211515025,0.9998198984774842,0.9841777741187161,0.9929133678933914,0.9913191999562754,0.9963022186027438,0.9936648016894785,0.9984203021443405,0.9825611758034334,0.9925076312149023,0.9987737215612937,0.9992834186974741,0.9991527873178678,1.0002068775684834,0.9878545014681136,0.9728095041988982,0.9840032490566922,0.9643256604529138,0.9986705746381159,0.997038798805771,0.9977923870167784,0.9950002538403551,0.988504480673709,0.974254999763681,0.9821076302724121,0.9352275189513423,0.997332970350835,0.9953166116480996
deg5,2,,19.472654291906302,0.0,0.37669601665537294,3.4125706409920484,0.12200187075330948,0.8485025328324114,0.0,0.0,0.0,2.3079606492700955,0.0,3.8873425373920356,0.383593785040955,0.7653084321263233,2.75623880266273,0.8231699666470265,0.29176024424190705,0.23498658398938077,0.0,0.0,0.0,0.0,5.607709552429425,2.966572297564656,0.1255058724113367,0.0,0.0,1.0936051908275835,0.16144059335071095,0.03070431095688168,0.0,0.0,0.15115985953224742,0.0,0.26454716214367213,0.0,0.9730042582342923,10.51029941845967,0.008417486048473453,0.0,1.626080667662614,0.0,0.016167882709836105,0.22313726199724374,0.36728239662491186,0.21713786314514716,0.4159155798259587,0.0,1.580460842770311,0.0,0.0,0.3127131842060593,0.0,0.0,0.649127496203239,0.0,0.0,0.0,0.0,2.333305767335287,0.0,0.0,0.0,0.0,0.0,0.0,10.33287317498064,1.9992009123499004,1.6045620620683823,0.0,0.0,0.0,15.125939739186144,0.0,0.0,2.9411873710634966,0.0,0.0,4.090048555109476,1.3750340331552318,0.7791466050236787,0.732866451479905,0.06529613478603019,0.045303790445364756,0.0,0.0,0.0,0.0,0.0,0.0,0.0,0.0,0.0,2.3588913713070454,0.9818051887915177,0.0,0.0,0.0,0.9725469214704733,0.14940483124263448,0.0,15.213582031371311,0.0,0.0,0.0,0.07622519825784997,0.0,0.7391454901558099,1.103209814390974,2.577654227861531,1.3164444614982682,0.0,0.0,0.0,0.0,0.19330558387318625,1.2535750628416054,0.0,0.5054725183399609,0.0,5.970786689823111,0.530321904196745,0.49056540703126045,0.4601681941676761,0.25437696501086976,0.350165268321583,0.6215406037023522,0.22764700788659578,0.0,0.0,0.0,0.0826879466444985,0.0,0.0,3.1157849913861937
deg5,2,-2,19.45224214022819,0.0,0.37605414979518365,3.4136403041862007,0.12412130175052538,0.8492495130746782,0.0,0.0,0.0,2.3079338451643903,0.0,3.887110195350615,0.3835702499378955,0.765291824050046,2.7561242984904166,0.8231250732746651,0.2917537197149435,0.23499003598171422,0.0,0.0,0.0,0.0,5.605450538449203,2.96672855525226,0.12553033145102996,0.0,0.0,1.0937093932890005,0.1614511587504688,0.030710854331298623,0.0,0.0,0.15115942142878486,0.0,0.2645541150949035,0.0,0.9730481398458662,10.509681125790872,0.008434365075561116,0.0,1.6260968155799491,0.0,0.01617040937782257,0.22365567447189716,0.36728240452581506,0.217143171712696,0.41592158602123214,0.0,1.5804942825582136,0.0,0.0,0.31272178496955405,0.0,0.0,0.6491339888246118,0.0,0.0,0.0,0.0,2.332993083425025,0.0,0.0,0.0,0.0,0.0,0.0,10.333055032707914,1.9992009505997663,1.6045704610638705,0.0,0.0,0.0,15.122527639735651,0.0,0.0,2.941209963854073,0.0,0.0,4.089871268351098,1.3750337862952657,0.7791428155671843,0.7328657314195453,0.06529613484887702,0.045303477778426256,0.0,0.0,0.0,0.0,0.0,0.0,0.0,0.0,0.0,2.35885324615886,0.9818470539158802,0.0,0.0,0.0,0.9730158172572922,0.14945725131470464,0.0,15.211824871178317,0.0,0.0,0.0,0.07632198988265744,0.0,0.7392736906828414,1.1037018615666963,2.577648063505425,1.316583937537231,0.0,0.0,0.0,0.0,0.19329889851995993,1.2536334205730009,0.0,0.5056022047169886,0.0,5.970200949847366,0.5303253667039812,0.4905691638503221,0.4601603048566819,0.2543740855603531,0.35018843644990877,0.621551333389404,0.22767339999860098,0.0,0.0,0.0,0.08270078200737561,0.0,0.0,3.11574453041297
deg5,2,-1,19.270582478713063,0.0,0.37036507906783933,3.4231500991562873,0.1430832535087817,0.8558986409831207,0.0,0.0,0.0,2.307694853501162,0.0,3.885036034584969,0.3833604074415143,0.7651428501681358,2.755102492194615,0.8227259165006309,0.29169573802044957,0.23502098975104257,0.0,0.0,0.0,0.0,5.585230665903079,2.968122541021429,0.1257481656295953,0.0,0.0,1.0946381492766717,0.1615453704532633,0.03076964963361839,0.0,0.0,0.15115616771929238,0.0,0.2646166255158963,0.0,0.973442799879284,10.504122065775366,0.008586152616588188,0.0,1.6262418411875275,0.0,0.016193416221084264,0.22831450255617813,0.36728247762821925,0.21719092702885742,0.4159756147596168,0.0,1.58079502395663,0.0,0.0,0.3127991260701245,0.0,0.0,0.649192376887539,0.0,0.0,0.0,0.0,2.3301871860586294,0.0,0.0,0.0,0.0,0.0,0.0,10.33468452581315,1.9992013095323946,1.6046458099461662,0.0,0.0,0.0,15.09189848523907,0.0,0.0,2.941410761958796,0.0,0.0,4.088281178182452,1.375031563526872,0.779108773240104,0.7328594331420235,0.06529613503444882,0.04530067578514872,0.0,0.0,0.0,0.0,0.0,0.0,0.0,0.0,0.0,2.3585105837303826,0.9822234652320377,0.0,0.0,0.0,0.9772258287114667,0.14992844752931453,0.0,15.196030175943958,0.0,0.0,0.0,0.07719219494924201,0.0,0.7404259602983487,1.1081181762644978,2.5775926873383335,1.3178371396409378,0.0,0.0,0.0,0.0,0.19323874539862376,1.254156493081338,0.0,0.5067668223279558,0.0,5.964938320643471,0.5303564386903298,0.4906028567966237,0.4600893265440101,0.25434824992923416,0.35039679272095053,0.6216477620278835,0.22791132067415673,0.0,0.0,0.0,0.08281629756488236,0.0,0.0,3.115379047676105
deg5,2,0,17.636195581904648,0.0,0.3211917244731963,3.5078594055180723,0.32147628606669587,0.9158342270115473,0.0,0.0,0.0,2.305499512345245,0.0,3.865840555060245,0.38144189601260936,0.7637003216208943,2.745686681529664,0.8191738175008474,0.29118178542337014,0.2353197313907138,0.0,0.0,0.0,0.0,5.3940426345751655,2.98092770792259,0.12771861975980153,0.0,0.0,1.1031166426918801,0.16240876827454712,0.03134837997647973,0.0,0.0,0.15118425092303614,0.0,0.2652353347455208,0.0,0.9773624091705462,10.449078770058843,0.01009176544051542,0.0,1.6276620777149786,0.0,0.016449738458449867,0.2742253282477969,0.3672833871532305,0.2176664764938293,0.4165131397302904,0.0,1.5837808173697243,0.0,0.0,0.31356601157906244,0.0,0.0,0.6497716481726368,0.0,0.0,0.0,0.0,2.302900834726405,0.0,0.0,0.0,0.0,0.0,0.0,10.350293089357425,1.9992061705728361,1.6053770979944442,0.0,0.0,0.0,14.793295653779332,0.0,0.0,2.9431836379431116,0.0,0.0,4.072907936459272,1.37500928243056,0.7787743500742621,0.7328129430790844,0.06529610384854946,0.04527374154463867,0.0,0.0,0.0,0.0,0.0,0.0,0.0,0.0,0.0,2.355128552697417,0.9859491603611844,0.0,0.0,0.0,1.0183455453938928,0.1545832745817758,0.0,15.040011716015291,0.0,0.0,0.0,0.08580327863343856,0.0,0.751798573673543,1.1510838817802729,2.5770486658772995,1.3301680765643622,0.0,0.0,0.0,0.0,0.19263929008661543,1.2591800530119033,0.0,0.5181596072656063,0.0,5.913197128096395,0.5306582760117877,0.49092838047655785,0.4593824134884334,0.25409768229300117,0.3524642196729261,0.6225976053505047,0.23032654188452195,0.0,0.0,0.0,0.08397007706664163,0.0,0.0,3.1115995032399213
deg5,2,1,9.542800956712616,1.5079902965199539,0.25582088644479345,3.7338364213734203,1.1223909638172533,1.1565736361198828,0.0,0.0,0.0,2.2939281455241374,0.5725751609799496,3.704075638741017,0.365836135037211,0.7528269373868723,2.621467876171646,0.8182004180168333,0.2911908299867188,0.23750250138178583,0.052806389357812886,0.0,0.0,0.0,4.125113144650784,3.0617502017686826,0.1368429900291934,0.0,0.0,1.1463249451530624,0.16684537025100993,0.03637805998636658,0.0,0.0,0.15577107655195999,0.0,0.27064918464451465,0.0,1.0142662046784547,9.946114192009702,0.024034758774161624,0.0,1.638518307968849,0.0,0.021503703301683053,0.6724716090778494,0.3673064883632391,0.2222907772112444,0.4215516151108347,0.0,1.611757849951109,0.0,0.0,0.3206224044248325,0.0,0.0,0.6550033297235814,0.0,0.0,0.0,0.0,2.084534352166406,0.0,0.0,0.0,0.0,0.0,0.0,10.456916466463115,1.9993089552009122,1.611265056861929,0.0,0.0,0.0,12.414742841462004,0.0,0.0,2.9478973356029634,0.0,0.0,3.9578415575809953,1.3748072911982052,0.7758894533156724,0.7332386570209452,0.06529459916913312,0.04506834354370591,0.0,0.0,0.0,0.0,0.0,0.0,0.0,0.0,0.0,2.325053942008732,1.0192891324752886,0.0,0.0,0.0,1.3475610541765597,0.19612692274524948,0.0,13.649536603891546,0.0,0.0,0.0,0.16326490866365462,0.0,0.8518684716282463,1.4729388857768895,2.5723188596170354,1.4362381255571046,0.0,0.0,0.0,0.0,0.18705866129090018,1.2949193477413596,0.0,0.6100307450404109,0.0,5.472698787704459,0.5328934466637151,0.49328823871566624,0.452737170481231,0.2522573080716032,0.3714606620497886,0.6304340198548922,0.256532302946543,0.0,0.0,0.0,0.09495975506592332,0.0,0.0,3.0659948081135857
deg5,2,2,2.606991413682285,1.3824213942758135,0.6595429603812903,3.3861977839571615,1.266098893113531,1.4472720108081987,0.7772292591371047,0.0,0.02052970072199574,2.2211895227326237,1.4278953231406413,3.2350962925024502,0.34068753414860625,0.71157632158449,2.0403985468044787,1.0224181141209459,0.29102063941566325,0.24064326229441368,1.2156514440708701,0.0,0.0,0.0,1.7994683527772657,2.7875918859571485,0.15311159212792452,0.0,0.0,1.261530404679487,0.1776488843935314,0.06592885783715938,0.7851313703303271,0.24908550225476778,0.1684393405670976,0.027533721426132984,0.26864359057671244,0.0,1.2603927649203532,7.089554946212947,0.1087436485392081,0.0,1.6455753610694566,0.0,0.1576866715987418,2.071094863590075,0.36789698899719003,0.260588285793436,0.4563195742641932,0.0,1.7869762991690992,0.0,0.0,0.3616556030575957,0.0,0.0,0.6860215134229785,0.0,0.06212046943945689,0.1005235195016933,0.42003837922033765,1.382221938557831,0.0,0.0,0.0,0.0,0.0,0.0,10.267152660817075,1.9994776939834853,1.6367340089548863,0.0,0.0,0.0,5.487117539851835,0.0,0.0,2.6184202347162153,0.0,0.0,3.8539382618503635,1.3739361174803293,0.7648989895254777,0.7490249499845126,0.06531239267805593,0.04412999867600473,0.0,0.0,0.0,0.0,0.0,0.0,0.0,0.0,0.0,2.179964569938166,1.1992178177818715,0.0,0.0,0.0,1.977258612612755,0.3872730785115388,0.0,7.364015392701229,0.5953882951299432,0.0,0.0,0.5294245086948662,0.0,1.2488036488014786,1.8808381802087044,2.5512437107101196,2.0336579127599,0.0,0.0,0.0,0.0,0.16065123392270994,1.2427288977234696,0.0,0.8283916697198764,0.0,3.598885116045794,0.5351545458328124,0.4958980108637268,0.41184286928698527,0.2506104403214672,0.48035298547688704,0.6564947971068547,0.4814203859093445,0.0,0.0,0.0,0.17889272735398212,0.0,0.0,2.492390134998598
deg5,2,3,1.1920494050021049,1.0433753908524321,1.093617736272263,1.7429105337337376,1.1948137064506408,1.3770083871085352,1.0260917147205988,0.9840630097102463,0.9509260657715491,1.917614472983299,1.229920934312752,1.8502675334020007,0.3779305675158542,0.6164441175366159,1.4359644567752194,1.2543092824928905,0.25936861099959424,0.16803675256163256,1.2355027646555798,0.9024621927589456,0.0,0.06359267793550043,1.2627207620694276,1.4938727900117112,0.20577522323339464,0.0,0.6898159947454571,1.432939068570078,0.18059249353400922,0.11202533271031306,1.0348114779135156,0.9647307836421185,0.2403806004609478,0.07114843057409966,0.2480930651173851,0.4186144694468742,1.6202412323267559,2.6823628511780666,0.25405819652316114,0.02028890840108414,1.204112483672955,0.8258489626797587,0.6823321095105195,1.677340477895801,0.3673407544518307,0.3632451437462147,0.4920295918992263,0.4538841362804996,1.756980543482145,0.7094139775022065,0.8517657512194897,0.40735654497546253,0.0,0.11549600351219143,0.7007749573698467,0.0,0.731645260861867,0.4217621455684536,1.0354081751826583,1.0365147652362392,0.7902363823204328,0.0,0.0,0.9237731371666767,0.0,0.0,7.29886912971241,1.99151761203156,1.6652250492115817,1.0946739154650633,0.0,0.0,1.8855249694913196,0.0,0.0,1.7133045272862981,0.0,0.0,3.575990917510408,1.373283499103286,0.7635810831185905,0.8747089807825676,0.06592450385986465,0.04254462584615883,0.7586882607327882,0.0,0.0,0.46257845308395545,0.0,0.0,0.0,0.0,0.0,1.9749137573109277,1.4086463678103536,0.0,0.48478228826893477,0.0,1.1338589040329197,0.5803670744399438,1.095427372405162,2.0565954090386667,1.0623086765916918,0.0,0.3695951358720601,0.9081967584477233,0.7074721322326321,1.2014214968423307,1.1964744659780662,2.530703537234475,2.9388795656424587,0.0,0.0,0.0,0.24591443069033223,0.14745537986742185,1.276887140533272,0.0,0.7003420404643166,0.0,1.3665876326203497,0.5518138782320657,0.5100493699132208,0.33109146106693593,0.15751532386255418,0.724903273311362,0.8282037720845117,0.8375600727282153,0.5269943168160197,0.0,0.0,0.5530468153973452,0.0,0.6868131087013614,1.2272819207342567
deg5,2,4,1.0303296580859327,1.0139018380237024,1.0544248905807094,1.1610889659017505,1.0428741263157144,1.256823165404579,1.024269003855434,1.0970669750982072,1.096009053942705,1.5429775852450598,1.0586594864406966,1.2452403909170935,0.5040926647000333,0.61593311853412,1.1162723112012152,1.3048018388628615,0.15396388926616958,0.06667224926598894,1.065895152044613,1.1615229561239988,0.20727378406120064,0.14619919238078866,1.0511855824436975,1.1556871382200173,0.3536571010116785,0.0,1.0729292526241507,1.5275419680903974,0.21236907161342009,0.19118636153422533,1.0095387724507539,1.035935992128746,0.5296871131599359,0.10286145595958586,0.5756794377927987,0.8339007531608198,1.2439049444417194,1.1745468896102542,0.470746215809123,0.7167939576433534,0.9695721627319387,0.9379559290537515,0.9380715885474236,1.0943105770322437,0.36175902604372195,0.46567813146463694,0.6927606370810248,0.8085079096600454,1.1423756365423643,0.9390707669367291,1.0362318620840711,0.39599860784481244,0.4997902460111203,1.046647153737008,0.7001354789454873,0.6576777005638699,1.0603390573916134,0.8446274565363893,0.96953640879752,1.0302446817245348,1.0967969341877488,0.012813968652417927,0.0,1.198063023218393,0.39654998147395504,0.0808266257844265,3.2322556359728107,1.6809906043324492,1.5894897572278257,1.2277433013125507,0.6150364723022387,0.31258700361121416,1.2423216666205465,0.703403704538171,0.3846379264994062,1.3144662080119387,0.0,0.0,2.093630495229687,1.1743040971336656,0.697258253632471,1.1712563380759802,0.07200692976603897,0.04353260259103185,1.1166367267637787,0.0,0.0,1.1237966003412345,0.2091380405532562,0.0,1.2485643088723801,0.08355315803577722,0.0,1.5586283501043698,1.5514460260379952,0.5986519259986738,1.1556216805536028,0.7753294675120416,1.0181644501916034,0.6405070285773111,1.307085662442801,1.068836737348969,1.0265101653889435,0.5630674895703439,1.125390587620479,0.927112940882985,1.226801437588397,0.9524937851328906,1.041097957961907,2.285076604815183,3.1445341881374116,0.0,0.7526419047934677,0.0,0.9881525719803382,0.33914032296226904,1.790600400104566,0.0,1.030337795255204,0.7360263501402683,1.0712515773270885,0.3845388153321814,0.3710935069247902,0.28763931370760243,0.11333658996379443,0.9305205178817529,0.9327608884253954,0.8925119343322896,0.8320730297063833,0.22495690523721787,0.1755111006189056,0.9076363493671722,0.0,0.9191839448350636,0.9697609411822216
deg5,2,5,1.0056045850037143,1.0038005830189514,1.0099069064501005,1.030361419019737,1.0059507533714023,1.0744123316410934,1.0060594976702328,1.0363646596129843,1.030159382849299,1.1668250390615191,1.0110079017662166,1.064029991983192,0.747967674501979,0.6673000644585748,1.0203853184809422,1.109204973072861,0.45450395572482566,0.04039192695360559,1.0110303972692682,1.0624384619527767,0.6227560777929864,0.29117940181781893,1.0067529945443823,1.0421396847077538,0.7161357041904278,0.03985449429995113,1.0312720285752952,1.2007779232322595,0.43215840506201114,0.291657835304367,1.0007175471225058,1.0109489411633714,0.8561676955792665,0.284190856717967,0.9278811043647851,0.9711504232012936,1.01854143971338,1.002251844184316,0.869740462852471,0.9394511433021387,0.992632811291117,0.9884791145810101,0.98450009400732,1.0025964350183783,0.379732856208666,0.6723217686623265,0.9476583193120194,0.9659735516319418,1.0056382845448628,0.9811404918288048,1.0249067508960545,0.7623126879204866,0.8916328221757008,1.0898289571815791,0.9196687756322519,0.9348323277696142,1.0494304571081154,0.9793063362187857,0.9921622256326696,1.0190194646598074,1.041287698257347,0.8383386698734113,0.7552078531775506,1.0703327298193248,0.8467851469640215,0.7199822294437963,1.57601317686356,0.95186828688054,1.0137314739472085,1.092038108254083,0.9099913616537292,0.8225471644188,1.0661554662261286,0.9345608924787254,0.8932682341522067,1.1038715902825833,0.4608474899512768,0.2683852997521123,1.340345347333361,0.7975828442428453,0.3258119105075521,1.5125000398810227,0.0921978557760163,0.05508565474407227,1.067809177008198,0.7072848807389992,0.6901614731416269,1.0780314203956536,0.7739453719410917,0.5335310514034656,1.1248624818895108,0.7648005573220119,0.6068697770602065,1.0958018911010996,1.4539588854173158,0.9532098006534736,1.2100253227814914,0.9668997522030698,1.0275750276244113,0.9587939237072584,1.1280941809886662,1.004678382057113,1.0106428880049974,0.9775354462576045,1.0771369169013172,0.9867799188267755,1.1104405604935939,0.9816823015298024,1.0101493768679657,1.684537611118082,1.879473900846507,0.1188814954930771,1.0824106667302333,0.49523088348752753,1.0379230913994675,0.7095614159236403,1.4207854805130191,0.6387984050561183,1.1028171714060981,0.9634853426247245,1.0605243687763626,0.40500486257006946,0.3508576662306069,0.2961098232647057,0.18167343872767747,0.9390802302300321,0.9300480724262193,0.9040831938253975,0.8834859009167233,0.4142807638659121,0.36110633825887023,0.934361156150578,0.06728621236910871,0.9530251313941552,0.9542686410749496
interval2800-3200,1,,0.0,0.0,0.0,6.450910131105591,0.22309720644492642,0.0,19.488453764365637,6.153654477411962,0.0,0.5263557830709864,0.08718133627008923,3.090826428020042,0.0,0.0,0.5836410942322009,0.42844520560667954,0.4655120992282574,0.3467505922070225,0.0,0.5955705122522573,0.0,0.4462655556665917,2.977401403236618,5.336773707350803,0.530743238334098,0.0,0.0,0.0,0.0,0.0,0.0,0.0,0.0,0.0,0.0,0.0,0.945390006001232,9.89809189902407,0.9440686581566354,0.0,0.0,0.0,1.2847356422708909,3.5250363759227756,0.22546745035822807,0.0,0.0,0.0,2.826285947746174,0.0,0.0,0.451807789524505,0.0,0.0,0.0,0.0,0.0,0.0,0.0,0.2097416800228461,0.0,0.0,0.0,0.0,0.0,0.0,6.485609832959964,1.744625993497149,1.7588409902563862,0.0,0.0,0.0,0.0,0.0,0.0,0.0,0.0,0.0,8.208296627078592,2.131136850390188,1.0776789003234166,1.0124351130883906,0.0,0.0,0.0,0.0,0.0,0.0,0.3729436671402681,0.0,0.0,0.0,0.0,6.053489258805848,1.603169815395864,0.3193248577555775,0.0,0.0,0.0,0.0,0.0,0.0,0.0,0.0,0.0,0.6144111983174106,0.0,0.0,0.0,1.7464737678839533,1.7916660795183914,0.0,0.0,0.17012488173330936,0.0,0.0,0.0,0.0,0.0,0.0,4.944058874979887,0.08523044078793356,0.32520705716041676,0.6903666161203763,0.47573606482799935,0.6319955211946109,0.504897319527923,0.0,0.0,0.3412449917670661,0.0,0.0,0.0,0.0,0.0
interval2800-3200,1,-2,1.0000000000000002,1.0,0.0,2.308284427882899,2.207041922382129,0.0,3.3473357495709513,4.125241916992391,1.69462732132342,0.9524016790671286,2.550241851074668,3.529062268666998,0.0,0.0,2.2309539698557863,0.786972630465312,0.4552126197121828,0.34090542429150317,1.3308939871926044,1.2447076698904411,0.0,0.4792881364204507,1.594608891522047,1.6992426283184536,0.5965209429735543,0.0,0.0,0.0,0.0,0.0,1.0,1.0000000000000002,1.0,1.0,0.0,0.0,1.0622604197585057,8.89326327684729,1.0771131034651147,0.0,1.0000000000000002,1.0000000000000002,1.4321167679190825,3.5660491858302934,0.2301226333994158,0.0,0.0,0.0,2.9419731773719144,0.0,0.0,0.558658794180811,0.0,0.0,1.0000000000000002,1.0,1.0000000000000002,0.0,0.0,0.4489986479367026,1.0,1.0,1.0,0.0,0.0,0.0,6.994602572175797,1.7443787778144808,1.758017202340183,0.0,0.0,0.0,0.0,0.0,0.0,0.0,0.0,0.0,6.250464394024438,2.12782906292275,1.0812918424725204,1.011096269332654,0.0,0.0,1.0000000000000002,1.0000000000000002,1.0,0.0,0.38300459320281627,0.0,0.0,0.0,0.0,6.021311326396139,1.7723290155716438,0.35809637956959367,0.0,0.0,0.0,0.0,0.0,1.0,1.0,1.0,1.0000000000000002,0.6263480847238286,0.0,0.0,0.0,1.747980326843067,1.89448706639415,0.0,0.0,0.16743313895266454,0.0,0.0,0.7114869609343126,1.0,0.9999999999999999,0.0,3.7092368600020253,0.08585538614006176,0.3413541130568634,0.6706909819503125,0.4655833788865699,0.6667922764472933,0.4875476225185099,0.0,0.0,0.36432150717651285,0.0,0.0,0.0,0.0,0.0
interval2800-3200,1,-1,1.0000000000000002,1.0,0.6042187335474708,1.392338930947711,1.3859443206153572,0.5150980329399873,1.4856671793085205,1.7207499143922425,1.301810290297279,1.0560080138342631,1.6331779001497102,2.1874349048349084,0.0,0.0,2.2494472934015226,1.382375772571034,0.4388829641402559,0.30651179275126533,1.3190664872038365,1.3518531099627815,0.0,0.5637321396775109,1.2104197031564121,1.225060556990495,0.7063152308511256,0.0,1.0048535848667368,0.31064987432681834,0.0,0.008966781432137295,1.0000000000000002,1.0000000000000002,1.0000000000000002,1.0,0.0,0.0,1.3915140035497215,4.20905899868331,1.35255584631859,1.1382969153133446,1.0,1.0000000000000002,1.8137765194735882,2.374842563953015,0.24841932623450605,0.0,0.6441872217511027,0.7067008670536763,3.018147360492721,0.8594071557254713,0.6703162992328064,0.7938941581354527,1.7209828728305863,0.0,1.0,1.0,1.0,0.0,0.0,0.8067682867018758,1.0,1.0,1.0000000000000002,0.1034630223264743,0.01353040683649898,0.0,6.673998193581869,1.7449280467712733,1.7831255775153665,0.4107149412305195,0.0,0.15809063818869698,0.6288071371068912,0.0,0.0,0.0,0.0,0.0,3.943281164710121,2.095531213906273,1.0380965189789,1.0570272334685558,0.0,0.0,1.0000000000000002,1.0000000000000002,1.0,0.22047289700125855,0.46630450531583606,0.0,0.0,0.0,0.0,5.769949665119745,2.101563665500778,0.6310173231003565,0.0,0.0,0.0,0.0,0.0,1.0,1.0,1.0,1.0,0.6129427442520814,0.0,0.3332458963770041,0.19111921121859204,1.7649984973294413,2.035582130879538,0.0,0.0,0.20572707285092764,0.0,0.0,1.5963303268677758,1.0000000000000002,1.0,0.0,1.5512434904600907,0.1903340971176642,0.3205060600846867,0.49704421062161075,0.39704917925624283,0.8505934453059317,0.6463673608434135,0.7423894220244116,0.12184218140556914,0.33408666849087687,0.07912466542239209,0.029523782515570408,0.0,0.0,0.0
interval2800-3200,1,0,1.0,1.0,1.0711998912369518,1.1414297025310112,1.1034090333522988,1.0529868943541747,1.109380331002285,1.1373981767850072,1.2218246849030507,1.0973791796466126,1.1635209999235392,1.2341554642707322,0.21270761540712851,0.0,1.4986508388875088,1.4096440389044997,0.3755439363341979,0.29475105324441236,1.1637854053035703,1.1216160214905087,0.0,0.19479548841749791,1.081271838364572,1.065644744355035,0.8023090144773676,0.2570531669607823,1.1759264774395408,1.0021267703676264,0.0,0.0,1.0,1.0,1.0,1.0,0.04230433175375313,0.25248778322691307,1.4434768401506843,1.6435177627718227,1.2775541639800505,1.1738015338511787,1.0,1.0,1.3620632607628762,1.241980828453674,0.25121386104675747,0.16091733311265694,0.9586562339895299,0.9719802922834656,1.8228100697813026,1.1210912306537806,1.0427724837483654,1.042267707922799,1.336820008041288,0.7147823538134508,1.0,1.0,1.0,0.3687716253985172,0.5771612001123287,1.015930227685045,1.0,1.0,1.0,0.9997296093243329,0.4596251223484996,0.0,3.321156476277691,1.6960295598826176,1.915444389679632,1.020904252119274,0.549853229373291,0.5394380079581512,1.0496699981621558,0.6987159423947797,0.10464566773680521,0.9282576330505153,0.5574897602328347,0.0,2.2865983765265967,1.395492119404907,0.8213913235723743,1.2771999929865137,0.0,0.0,1.0,1.0,1.0,1.0515129166326276,0.7602299701067006,0.02494847700086356,1.523271952803138,0.4596518393704412,0.0601579844698094,4.218665300352737,1.9497439207852436,1.1102077331347981,0.9341993449841365,0.538438963110392,0.7522177370222767,0.0,0.7092966837135576,1.0,1.0,1.0,1.0,0.8016984959796728,0.8525780732131195,0.737612094513738,0.8540182314678815,1.7862615619621989,2.1111546407403683,0.0,0.08402521499251751,0.5538633969506999,0.8713456979889312,0.1627501386407295,1.870876786936747,1.0,1.0,0.7940040116834903,1.019485928904105,0.3200826414197276,0.3135329630031217,0.3782230834221579,0.21119557479257522,0.9367802500586844,0.9088128820316227,0.8969664513610958,0.7853780698056794,0.34807091982721017,0.19419340927178091,0.6460770399336004,0.0,0.5569647904035218,0.6288420181937502
interval2800-3200,1,1,1.0,1.0,1.0436744916165888,1.0346936464024687,1.0206905078082382,1.0360738318870835,1.020629523353168,1.0380027307753352,1.067100626465623,1.115589055180325,1.0312775172144022,1.0622830324283559,0.6201208933856076,0.41850324212270795,1.1048821002225298,1.172897860411813,0.18412010004843063,0.1453409124635558,1.0436579841950466,1.0791063223510469,0.4115008294085415,0.31429499175635195,1.0198859397447502,1.0350411695049406,0.7845376157660018,0.588526787493172,1.0535213474782112,1.0891454266414806,0.16806305675538843,0.005072566152001866,0.9999999999999999,1.0,0.9999999999999999,1.0,0.7602436328337104,0.8908546829333787,1.0896689946589926,1.0560085590821966,1.0414576160267726,1.0135454269817241,1.0,0.9999999999999999,1.031065500605453,1.0154788527426286,0.2507308131714226,0.403523392272957,0.9954463802085352,0.996327086613071,1.098422046396968,1.0053491428271035,1.0260647584941207,1.0108047952638648,1.0264989016978892,1.004764267028136,1.0,1.0000000000000002,1.0,0.876392431725062,0.9330753445496625,1.0280859035982912,1.0,1.0,0.9999999999999999,1.036465484565399,0.8826977113723017,0.5312333474918342,1.5086789850681304,1.364965540397805,1.3982591982755497,1.0673347169168133,0.9236117065842074,0.7072313691310106,1.0380257114730858,0.96084052000357,0.7120486005473236,1.0370131422308446,0.9569165455303978,0.6868006133221396,1.4213580010438864,1.0857043538926703,0.4468022445765597,1.5051007596667207,0.0,0.0,1.0,0.9999999999999999,1.0,1.0511761018906378,0.9859167876041386,0.6228342383156977,1.1575117223983535,0.9780695227249124,0.7988374865542784,1.8826984918451586,1.4795312804283887,1.0850449453271878,1.1311908259893706,0.8923598755592682,1.0010379873384407,0.6326549918889317,1.0218268309855378,1.0,1.0,1.0,0.9999999999999999,0.9402047787724047,1.038831417527197,0.9289827196673583,0.9819010686278907,1.2355893035538512,1.6674146972578587,0.31874240044214247,0.9822513145219081,0.9204915807217579,1.0342140749551807,0.9965995683666483,1.5929211333797038,1.0,1.0,0.9509035304580958,1.0524450438687059,0.474531166389952,0.3529870717148075,0.3576669311454959,0.17523719077870475,0.9477523361842761,0.9399522718396105,0.9069730482637588,0.8674202930142008,0.49289856453853914,0.3411953518698223,0.6574735111897199,0.0,0.9242625460588456,0.890493866685252
interval2800-3200,1,2,1.0,1.0000000000000002,1.0041037156659827,1.0030312651210496,1.00172147772085,1.003241784686669,1.0017756704145246,1.0058138897266613,1.00601063929923,1.0211415327526334,1.0025810372015425,1.0094548323813344,0.8496824554635833,0.6737788188628906,1.0086707633878138,1.0278312234906297,0.5592014355179395,0.0,1.0037792863535646,1.013884457155793,0.7661279885297276,0.5300855853272374,1.0017257435086016,1.0059976785182012,0.9022847064847733,0.7203920478593154,1.004370880404622,1.0168209773115164,0.6612634402393044,0.29378036178842587,1.0000000000000002,1.0000000000000002,1.0,1.0,0.9736167805976981,0.9877767758503071,1.0021631114459906,0.9968424687888163,1.0010184509086586,0.9972813899476386,1.0,1.0,0.9955639029686644,0.9962430027622491,0.39608765924709377,0.7370836463072175,0.9995666473377511,0.9995803403428141,1.0051032596543605,0.9948329042189347,1.0066694404883376,0.9975331222912934,0.9974784342648626,1.0086720765863286,1.0000000000000002,1.0,0.9999999999999998,0.9869764647880617,0.9922460265045804,1.0082306693727112,1.0,1.0,1.0,1.004369312678285,0.9811029515277678,0.8920177864388574,1.0765280839364555,1.035789797117261,0.9575090668150477,1.009269068574723,0.9866623632143083,0.9207188417528525,1.003604083268402,0.991502867194888,0.928834411652093,1.0045673282411016,0.9918436819858145,0.9236493546430979,1.0554561660549018,0.9914286040612796,0.7662473092700234,1.2545432712690021,0.022492318530735404,0.0,1.0,1.0000000000000002,1.0000000000000002,1.0060533198649773,0.9941810795732324,0.8977759261463762,1.0207905666277246,0.9979662022625919,0.9358932425459447,1.122678632251207,1.115850914151068,1.0154930613217197,1.038885772930939,0.9866566917008632,1.0056257948760738,0.9555844294274611,1.0044625644298015,1.0,1.0,1.0,1.0,0.9945267833032997,1.0050142688890702,0.9902364165929778,0.998115159387422,1.0536949208718251,1.0975373615234818,0.9114988170214181,1.002782003527893,0.9951659851629577,1.0061118359416803,1.0247780439683873,1.0826131060811857,1.0,1.0,0.9943698700313527,1.0152721707244738,0.7543867491943949,0.5598261310972419,0.678925263090968,0.4261296575495886,0.9713511892802797,0.949448888119889,0.9549408021182307,0.9171509663708065,0.7697742217070637,0.5843318783624546,0.8185327088851184,0.19765285279831635,0.965692467559072,0.9450390523170262
interval2800-3200,1,3,1.0000000000000002,1.0000000000000004,1.0001124873802563,1.0001141594022616,1.0000641171923412,1.0000607771892183,1.0000810472137514,1.0005846265328082,1.0002065697521265,1.002125608529424,1.0000984277295955,1.0009487896552751,0.9759486492785471,0.8529509759210068,1.0003191095444286,1.0028019910266897,0.926463533441732,0.3940051867224769,1.0001279495438995,1.0013963140814799,0.962722331790096,0.7817431417568688,1.0000624580149373,1.0006028028994638,0.9841475714411387,0.8704673057779693,1.00008488759977,1.00169038826315,0.9458750935018049,0.6777189265213451,1.0000000000000004,1.0000000000000002,1.0000000000000002,1.0000000000000002,0.9973834761972978,0.9986794134480798,0.9995157277958111,0.9984672829543623,0.9997987444897113,0.9991581874943134,1.0000000000000002,1.0000000000000004,0.9983591794037915,0.9988706057403742,0.818371004812755,0.9450005899078773,0.999957537736938,0.999952699486873,0.99996868685306,0.99864875623751,1.0008272093263877,0.9994208209252325,0.9990734575008154,1.0011152034484996,1.0000000000000002,1.0000000000000002,1.0000000000000002,0.9987063834400918,0.9991424773911038,1.0010147305312709,1.0000000000000002,1.0000000000000004,1.0000000000000002,0.9966568756061303,0.9878294063244256,0.9803176984304574,0.994287518125748,0.9647267235391124,0.9675773959844401,0.9947176881864243,0.9892269329894019,0.9843393862320411,0.9965313722887531,0.9906956583430758,0.9856837527273076,0.9954062546255381,0.9894750370813599,0.9841538359462706,0.9825580942185058,0.9568146725961802,0.9430304595136716,0.9122008160904354,0.09799970265848636,0.01582854601513342,1.0000000000000004,1.0000000000000004,1.0000000000000002,0.99594703113634,0.9856394203494521,0.9780801742653392,0.9964706502574675,0.9871882938838585,0.9832166288751542,1.0097301931785565,1.0152962426147956,1.0003843312520828,1.0052747828460862,0.9984955240285521,1.000816014687387,0.9933374090465018,0.9946980414246046,1.0000000000000004,1.0000000000000004,1.0000000000000002,1.0000000000000002,0.9981518959271747,0.9940562337966171,0.9989611322640699,0.9994795804008937,0.9962298265266617,0.9629908424372654,0.9891990205950125,0.9903310726215564,0.9979855743130419,0.9964237075479238,0.9939383167498819,0.9647179526203858,1.0000000000000002,1.0000000000000002,0.9990829242493913,1.0020263442932882,0.9369900988478899,0.8533194763572869,0.91388911655918,0.8038975815936518,0.9916305353581875,0.9811838413325727,0.9882098946989754,0.972559234670879,0.9424121418203291,0.8652037537011269,0.9286158049186467,0.637400665609037,0.9836173481879703,0.9757325154554697
interval2800-3200,1,4,1.0,1.0,0.99993703242945,0.9999747610738063,0.9999872475964272,0.9999406855242496,0.9999917204127651,1.0000451712013967,0.9999359061780975,1.000138370680111,0.999982983165167,1.0000738474400501,0.997124028166749,0.9742276488549751,0.9999537936579341,1.0002217457623614,0.9913788254612979,0.8920796041279392,0.9999621583301701,1.000095168799686,0.9955390927530207,0.9613587953958527,0.9999854282052337,1.0000423522845485,0.9981304093311905,0.9771253157931497,0.9999397547476042,1.0001107826901081,0.9935207185343751,0.9432219136360117,1.0000000000000002,1.0,1.0,1.0,0.9997278228923901,0.9998431741153438,0.9998522503523732,0.9997222606943602,0.9999339313829066,0.9998513536827258,0.9999999999999999,1.0000000000000002,0.9997335245013946,0.999801673752179,0.9756918530962,0.9915889402899541,0.9999952034162183,0.9999938107038437,0.999921233972289,0.9997713932065944,1.0000647063556682,0.999898022688903,0.9998378892971012,1.0000761459753578,1.0,1.0,1.0000000000000002,0.9998641229789559,0.9998947910921697,1.0000778995226092,1.0,1.0,1.0,0.9991872870337813,0.9931373441894769,0.9906489366914122,0.9973851648336829,0.9749583156908135,0.9714003960345806,0.9987105934418936,0.9937431696066517,0.9922025244943904,0.9991853714992629,0.99442033368242,0.9923884998850905,0.9989200585746144,0.9935939800857149,0.9914256761091412,0.9953305301564994,0.9723832438355362,0.9661545398596981,0.9718918171138292,0.47156811226121564,0.3120171493011262,1.0000000000000002,0.9999999999999999,1.0000000000000002,0.9990067453381491,0.99094706685164,0.9877739206194125,0.9988860059075476,0.9917062278550717,0.9895152219963028,0.9970053254457467,1.001430348678115,0.9983473363087911,1.0004891851719855,0.9996398706144436,1.0000745838094027,0.9963547041296263,0.9987369590935024,1.0,1.0,1.0000000000000002,1.0000000000000002,0.9980413053997563,0.9986227613084613,0.9998557717868947,0.9999109275350275,0.9864938301289142,0.9904252679171089,0.9965248638876096,0.997839197948587,0.9976024222875086,0.9990968997290722,0.9871098989885819,0.9910836958589211,1.0000000000000002,1.0000000000000002,0.9994167295161239,1.0001889535197348,0.9903727113921112,0.976973665531225,0.9867334707652673,0.9690582945907287,0.9986895258995941,0.9969936330391006,0.9981935885362077,0.995692120331974,0.9912523100443945,0.9789396488865538,0.9874431373416921,0.9367079318830812,0.9971226873133467,0.9957395215782154
interval2800-3200,1,5,1.0000000000000002,1.0000000000000002,0.9999839875779659,0.9999928667187707,0.9999963614929207,0.9999853894837171,0.9999971940916186,1.0000022425777964,0.9999827969136946,1.0000010808774362,0.9999950095558188,1.000003790505154,0.9996781096119903,0.9971978682760657,0.9999864353913189,1.0000122206178936,0.999062262519475,0.9882648021624899,0.9999897394317928,1.0000018683927903,0.9995007739082613,0.9957923669763754,0.9999959540065492,1.0000011571512035,0.999794943065416,0.9975122965110479,0.9999852509481226,1.0000010766227052,0.9992740157719338,0.9938210457250106,1.0,1.0,1.0000000000000002,1.0000000000000002,0.999972315714626,0.9999817512028437,0.9999705451001153,0.9999568348713557,0.9999866335584254,0.999976930405786,1.0,1.0,0.9999615058079164,0.999969079658414,0.9971888495261295,0.998796085636445,0.9999994620095433,0.9999991875972074,0.9999810883797535,0.9999650625815514,1.0000055794579232,0.9999837190359421,0.9999754059899935,1.000006097885086,1.0,1.0,1.0,0.9999860545221212,0.9999873495745218,1.0000067401136639,1.0,1.0000000000000002,1.0,0.9999043980485293,0.9986588170190058,0.9977954551086615,0.9996760835743991,0.9950024788358369,0.9927833156333261,0.9998509995179111,0.9987742696626388,0.9981511107464924,0.9999051630139714,0.9989024795342974,0.9981763655127979,0.9998747692393121,0.9987382737516529,0.997941316798858,0.9994528351091395,0.9945384444172788,0.9917826821283228,0.9964319962015187,0.896297493063674,0.8296601885569685,1.0,1.0000000000000002,1.0000000000000002,0.9998826149030859,0.9982107020006084,0.9970515197980844,0.9998664227450299,0.9983572346652747,0.9974389713810398,0.999041720840573,1.000134981566598,0.9995537430717875,1.000045860422293,0.9999288579356324,1.00000694958831,0.9991407631867666,0.9998503404314999,1.0,1.0,1.0,1.0,0.9995094813456669,0.9998409547047857,0.9999787837539973,0.9999902319973414,0.9964645881765573,0.998884977276798,0.9992532927964265,0.9997526411145161,0.9993954073612659,0.999892203069203,0.9966648924959574,0.9989640523981627,1.0,1.0000000000000002,0.9998597958885327,1.000017849153877,0.9989723232502871,0.9975350140159542,0.9985827327947856,0.9966863165861675,0.9998598018371713,0.9996777673794426,0.9998070913554236,0.9995386125392416,0.9990667532105251,0.9977463819334743,0.9986314933795793,0.993125943713648,0.9996877554600802,0.9995363542492304
interval2800-3200,2,,0.0,0.0,0.0,6.324947547757973,0.9797531268005771,0.0,19.622672739177393,8.142385741396604,0.0,0.45162771519778516,0.05985964357323867,2.786281155043812,0.0,0.0,0.7588039643194057,0.14458792773863924,0.5309702887040104,0.45729429317904363,0.0,0.22585813424577775,0.0,0.0,0.3564959311951668,7.151522576642448,0.0220230330787792,0.0,0.0,0.0,0.0,0.0,0.0,0.0,0.0,0.0,0.0,0.0,0.6344384480592657,10.843081872926508,0.5804902534593045,0.0,0.0,0.0,0.545271282142792,9.900915699375993,0.4103918183078016,0.0,0.0,0.0,2.8903666677743685,0.0,0.0,0.23970787809010136,0.0,0.0,0.0,0.0,0.0,0.0,0.0,0.10067330019874562,0.0,0.0,0.0,0.0,0.07498579404528553,0.0,4.965386959411069,2.1007077160228564,2.2224619600273354,0.0,0.0,1.2486857387400907,4.509731659592312,0.16628506170036614,0.15182564389191827,0.0,0.0,0.0,11.452373360445085,2.0251628053651616,0.5908203373465265,1.3734217766931003,0.0,0.0,0.0,0.0,0.0,0.0,0.6595023168724573,0.08652673117351596,0.0,0.0,0.0,6.156859113086959,1.1635155334979237,0.0,0.0,0.0,0.0,0.0,0.0,0.0,0.0,0.0,0.0,0.04696419726245056,0.0,0.0,0.0,1.865252493189965,0.0,0.0,0.0,0.4107060707090395,0.0,0.0,0.0,0.0,0.0,0.0,7.949170763574339,0.054585172456797185,0.24184682018890508,0.7617405943705411,0.5330824944773348,0.2791943339123293,0.4222974027587002,0.0,0.0,0.26376934827019005,0.0,0.0,0.0,0.0,0.0
interval2800-3200,2,-2,1.0000000000000002,1.0000000000000002,0.0,6.047808090386505,1.108012159895351,0.0,18.9896631395604,8.183584610631973,0.0,0.46271285576892124,0.11141821692012963,2.796995980615798,0.0,0.0,0.7952716545471847,0.14389211934494733,0.5309485052936203,0.4573124375171101,0.0,0.23498038860645773,0.0,0.0,1.0239416945273077,7.041666093360358,0.02207356188448092,0.0,0.0,0.0,0.0,0.0,1.0000000000000002,1.0,1.0000000000000002,1.0000000000000002,0.0,0.0,0.6350956015710392,10.84320259275234,0.5811862374940582,0.0,1.0000000000000002,1.0,0.5470575564970127,9.883849121379289,0.4104408510221915,0.0,0.0,0.0,2.891625466497945,0.0,0.0,0.2400597420822779,0.0,0.0,1.0000000000000002,1.0000000000000002,1.0000000000000002,0.0,0.0,0.10266958765562244,1.0000000000000002,1.0000000000000002,1.0000000000000002,0.0,0.07500884853847767,0.0,4.964409638803247,2.1007076648429446,2.222455301916725,0.0,0.0,1.2489631983371368,4.497748058427836,0.16634262439689237,0.1517499812054402,0.0,0.0,0.0,11.454187353263984,2.025140039206926,0.5908282686674271,1.3734858051734145,0.0,0.0,1.0000000000000002,1.0,1.0000000000000002,0.0,0.6595168931984817,0.0864716846697786,0.0,0.0,0.0,6.156843328076476,1.1640188346638594,0.0,0.0,0.0,0.0,0.0,0.0,1.0,1.0,1.0000000000000002,1.0000000000000002,0.04706810513679392,0.0,0.0,0.0,1.8652292998795195,0.0,0.0,0.0,0.4106687386238469,0.0,0.0,0.0,1.0000000000000002,1.0,0.0,7.945285625993192,0.05453286360339149,0.24183725602542053,0.761753487497062,0.533111180403736,0.27911197734624793,0.4221220204253524,0.0,0.0,0.26382473242418014,0.0,0.0,0.0,0.0,0.0
interval2800-3200,2,-1,1.0,1.0,0.0,5.009823735838307,1.9712864347089305,0.0,14.86572869401503,8.397304625584654,0.23438202623822016,0.5204264585413485,0.7034170571162168,2.857442210599014,0.0,0.0,1.1134158476075178,0.14276216489916843,0.5302517455734489,0.4574813763616408,0.0,0.32483587136953923,0.0,0.0,2.3934477024406076,6.355612210872321,0.025038611182024266,0.0,0.0,0.0,0.0,0.0,1.0,1.0000000000000002,1.0,1.0000000000000002,0.0,0.0,0.6407573045081983,10.845353547655575,0.5872270144522057,0.0,1.0,1.0000000000000002,0.5625375707185755,9.734369830691392,0.41086621444268673,0.0,0.0,0.0,2.9024341653475316,0.0,0.0,0.24313229196203806,0.0,0.0,1.0000000000000002,1.0,1.0000000000000002,0.0,0.0,0.12113885050598842,1.0,1.0,1.0,0.0,0.07519961620758936,0.0,4.957340568226113,2.1007079185098165,2.2224275195984498,0.0,0.0,1.2509895187696036,4.396327125443617,0.16684900044490364,0.1511044228278774,0.0,0.0,0.0,11.468991158233512,2.024945191338839,0.5909954593819303,1.3739461046671233,0.0,0.0,1.0,1.0,1.0000000000000002,0.0,0.659636419553438,0.08589048764662649,0.0,0.0,0.0,6.156632008342319,1.1683558091840993,0.0,0.0,0.0,0.0,0.0,0.0,1.0,1.0,1.0000000000000002,1.0000000000000002,0.047892261273327165,0.0,0.0,0.0,1.8650639920975203,0.0,0.0,0.0,0.41035921565295186,0.0,0.0,0.0,1.0000000000000002,1.0000000000000002,0.0,7.9114630675832895,0.05411508091026218,0.24173850892080145,0.7618539770100984,0.5333757303507626,0.278550648207645,0.4206912752086578,0.0,0.0,0.2642535399599638,0.0,0.0,0.0,0.0,0.0
interval2800-3200,2,0,1.0,1.0,0.0,2.8059218735782356,2.8323372175472508,0.0,5.686513926022391,7.564653226170406,1.2101875204801553,0.8158748797420802,2.286841813294193,3.385469207993868,0.0,0.0,2.0000479938412044,0.3070242620447388,0.5271826475730108,0.45861563928610655,0.7072325715908366,0.6782701174533087,0.0,0.0,1.689939461497774,3.6595058256867863,0.04192166952428593,0.0,0.0,0.0,0.0,0.0,1.0,1.0,1.0,1.0,0.0,0.0,0.6923241705562159,10.799402987699196,0.6438957362299221,0.0,1.0,1.0,0.6924021217591642,8.579138497550382,0.41444620805084126,0.0,0.0,0.0,2.9938209167933603,0.0,0.0,0.27489117687426373,0.0,0.0,1.0,1.0,1.0,0.0,0.0,0.2652665284097214,1.0,1.0,1.0,0.0,0.07706452808279585,0.0,4.91788253412851,2.1007968500685674,2.2219427437257635,0.0,0.0,1.2580533043794522,3.781420015818065,0.17156484152371868,0.14751017348025053,0.0,0.0,0.0,11.55704961224869,2.023146309532363,0.5938348255942222,1.376189777952801,0.0,0.0,1.0,1.0,1.0,0.0,0.660764272875297,0.0819375246737836,0.0,0.0,0.0,6.153259429077933,1.2088788676500875,0.0,0.0,0.0,0.0,0.0,0.0,1.0,1.0,1.0,1.0,0.05464688820892574,0.0,0.0,0.0,1.8644930100838388,0.0,0.0,0.0,0.40899316362621224,0.0,0.0,0.0,1.0,1.0,0.0,7.594213229216751,0.05076043078423397,0.24149200740816243,0.7622762622539326,0.534712767091273,0.2772244423424049,0.41281133672364567,0.0,0.0,0.26783811239221567,0.0,0.0,0.0,0.0,0.0
interval2800-3200,2,1,1.0,1.0,0.23798037537449288,1.6827901522763677,1.797576444449534,0.0,2.0785899538507504,3.587745227077789,1.4610362528192848,1.0968324206609545,2.0622382693223793,3.553870032481699,0.0,0.0,2.4541425366286456,0.9014118883289404,0.5041604283585452,0.46619571536615545,1.4172881916185138,1.2944098226866527,0.0,0.014966319930917231,1.3486281210770283,1.6367981326914625,0.20063900270179727,0.0,0.30063017284698984,0.0,0.0,0.0,1.0,0.9999999999999999,0.9999999999999999,1.0,0.0,0.0,1.0404312196518488,8.474524130518265,1.0016752549058332,0.7432747016429146,1.0,1.0000000000000002,1.320031452642237,5.10949306627373,0.43247689744333145,0.0,0.27962782044020923,0.1956877004841999,3.422973021157892,0.2835826894563082,0.0,0.5458603414474165,0.10062380058172635,0.0,1.0,1.0,0.9999999999999999,0.0,0.0,0.6272409390974347,0.9999999999999999,1.0,0.9999999999999999,0.0,0.09541307444241862,0.0,6.114194565633841,2.1021165177592716,2.21344100590335,0.0,0.0,1.1828722143793589,1.9518368229608072,0.21384608570062716,0.14465970194076197,0.0,0.0,0.0,7.764823261869798,2.0057622239337944,0.6320071762777343,1.3702488821360441,0.0,0.0,1.0,1.0000000000000002,0.9999999999999999,0.0,0.6717262016631284,0.06926639710537727,0.0,0.0,0.0,6.114461403172887,1.501443064726404,0.0,0.0,0.0,0.0,0.0,0.0,1.0,0.9999999999999999,0.9999999999999999,1.0,0.10722411479245925,0.0,0.0,0.0,1.8642542790239631,0.0,0.0,0.0,0.4077233254662149,0.0,0.0,1.6708197373647145,0.9999999999999999,0.9999999999999999,0.04261443991432442,5.189470355801024,0.05714114913703815,0.2668342300436403,0.7218257712303761,0.5258610587654274,0.2673214484375382,0.3146204144813337,0.14554498929061635,0.0,0.2924509458876505,0.0,0.0,0.0,0.0,0.0
interval2800-3200,2,2,1.0000000000000002,1.0000000000000002,0.8806365701492012,1.1973449033109427,1.2031502075935743,0.8667383362723433,1.2246271601438488,1.5008974508250743,1.1911269530091242,1.0697123613200104,1.325358228844884,1.8418770880876945,0.0,0.0,1.762255223698846,1.4963592009312778,0.44018894875803827,0.39896840706601633,1.1929682462341498,1.2434859525888777,0.0,0.21973895332515633,1.1126675634417729,1.1733147657156897,0.6064885976618852,0.0,1.1092187823360469,0.6891733685337081,0.0,0.0,1.0,1.0,1.0,1.0,0.0,0.0,1.4844560170637162,3.0644383190317384,1.3517343875832353,1.550869347396861,1.0,1.0,1.7157829823696351,2.0388279818221533,0.45893239272718755,0.016601080092463107,0.8926806553242144,0.9183479465145854,3.030248043941543,1.562014665668557,0.8068327515090733,0.9153848997301558,1.776988764651309,0.11688557515131938,1.0,1.0,1.0,0.04203144665816223,0.03616563180101425,0.944128122621202,1.0,1.0,1.0,0.7737177215615402,0.2533191788494814,0.0,5.550348556462372,2.113135165386438,2.216246319120769,0.6462841564934445,0.0,0.720520043746939,1.2458921055023235,0.48869252622148784,0.3064935347342043,0.4836195532212493,0.0,0.0,3.8573635403481945,1.8720256446282317,0.7134361226556701,1.405106942537946,0.0,0.0,1.0,1.0,0.9999999999999998,1.0767077970356012,0.7616069899699263,0.09580886611788811,0.7841153083040256,0.0,0.0,5.731127118792079,2.0290500025961604,0.35955172286598475,0.0,0.0,0.0,0.0,0.0,1.0000000000000002,1.0,1.0,1.0,0.32049995818427374,0.6156849907858932,0.26663815836030874,0.42031500244970343,1.8611772214223612,1.381702792616366,0.0,0.0,0.4123354383817852,0.2822291028553729,0.0,1.8483723759818411,0.9999999999999998,1.0,0.7149531193165733,1.7132800053804011,0.12571118247202415,0.2696331931780781,0.4993190626971999,0.33674168577843466,0.6572103462962171,0.6582892826903265,0.8767876217618294,0.6325022052876351,0.33808619299119835,0.09690355400645607,0.0,0.0,0.0,0.0
interval2800-3200,2,3,1.0000000000000002,1.0000000000000004,1.052561864195447,1.0624551913367504,1.0439427182425889,1.0421634279783394,1.044758679848081,1.1083776805930692,1.1074170347169647,1.1810739529391034,1.0680333853118995,1.1843779065339428,0.5025432012271471,0.0,1.207062669730045,1.3769262209086912,0.23588757955393325,0.3522558944782247,1.0750599219793415,1.1475910568926742,0.23585872137486696,0.05431855776285898,1.0360554332535055,1.0733535545421102,0.7553650009865934,0.20819505567121818,1.0843641800829682,1.1254530917841825,0.0,0.0,1.0000000000000002,1.0000000000000002,1.0000000000000002,1.0000000000000002,0.5313530334798408,0.7604072465224323,1.2534251090076594,1.2798672235572686,1.1188269344632247,1.0899041357074617,1.0000000000000002,1.0000000000000002,1.1380557129430304,1.1209879043529765,0.4427656114941777,0.33070615361020766,0.9884631600989947,0.990811670212695,1.4259847938891563,1.0840427654231592,1.0366625481591927,1.033825138516592,1.1350163547473935,0.8993458408177515,1.0000000000000002,1.0000000000000002,1.0000000000000002,0.7461060637649568,0.8567026947003926,1.034620494972043,1.0000000000000004,1.0000000000000002,1.0000000000000002,1.0560425729895035,0.7218522218392894,0.1542139969786466,2.6822693463415845,2.0054514490040423,2.272202880734773,1.0540410281651376,0.639921227662847,0.5102204504735726,1.0962099573384132,0.8982492590541425,0.638659313172929,1.0042440502987195,0.6953405789368128,0.2830496612195715,2.049099132628571,1.3009662011436693,0.4493710352619297,1.5839305187961334,0.0,0.0,1.0000000000000002,1.0000000000000002,1.0000000000000002,1.113382605160366,0.9930971827941443,0.42819059917802166,1.457257412049562,0.27816561696711134,0.1650229559675714,3.8726047924655944,1.9143986505923143,1.0488210332429875,0.9612477479090829,0.5992630041153791,0.8151604416848155,0.0,0.9197505081864034,1.0000000000000004,1.0000000000000002,1.0000000000000002,1.0000000000000002,0.7923710145384462,0.9899704481218851,0.7694892396252362,0.9074526647292516,1.807383985835515,1.9288910118979758,0.0,0.49812926500778937,0.6875100370012404,0.9898595213266106,0.3339498452298466,1.8359586826912757,1.0000000000000004,1.0000000000000002,0.8945142412169113,1.083127758345866,0.28414758385773553,0.2722048992568584,0.35856008355293945,0.2000829391954583,0.9027413386214003,0.9031742874007199,0.9153188245043047,0.8581900918170173,0.33863737048708753,0.2318440242257728,0.4531824758525052,0.0,0.5846975149880063,0.6702551811379717
interval2800-3200,2,4,1.0,1.0,1.0126904345635417,1.0100071886432505,1.0061581315059853,1.0102604071732606,1.0061856385515886,1.0272325684462384,1.0193846364557584,1.090959676985853,1.009341290243574,1.0446504405744337,0.7521826274488094,0.4784058604403256,1.0300427373628245,1.1241442480767654,0.32239532636890555,0.17826965214909746,1.0125773090080608,1.0607105839086812,0.6113530718469413,0.2700720944547385,1.0057711333203108,1.0266597069927934,0.8412089825673146,0.5680770651653255,1.0147977824387076,1.0734327115698246,0.43936905540030524,0.0,1.0,1.0000000000000002,1.0,1.0,0.9373866620220314,0.9708671647235413,1.0216294184889994,1.0157828138006901,1.0084515141531933,1.003510029399864,1.0,1.0000000000000002,1.0035877295070148,1.0043540783635259,0.4415874151735457,0.6250830405236198,0.9988626553430078,0.9989601937910253,1.0368217665939596,1.0007067475480607,1.0184615327840387,0.9990204200777643,1.0060454990012069,1.0147507283094725,1.0,1.0,1.0,0.9689924049081606,0.9818086072265246,1.0219231646965483,1.0,1.0,0.9999999999999999,1.0295167331520947,0.9590350554607825,0.6981139178061808,1.3509472329849854,1.371195611706142,1.543602132499785,1.0510912286710636,0.9604576480075236,0.7794721784045745,1.0312921307747975,0.999383576408707,0.8562162708674186,1.0309175181535009,0.9844086456710659,0.8103523520713942,1.301454875528386,1.119818041877577,0.6120912922194341,1.698603459977075,0.017038637023136027,0.0,1.0,1.0000000000000002,1.0,1.0434846646150062,1.0472063430199767,0.8195580920351797,1.1118867333816649,0.9842276903426151,0.8968451220326517,1.7439769638315659,1.452000157017129,1.0712104965779468,1.1231486082923787,0.9098154048143015,1.002194965174876,0.7216112687588487,1.0298203220318702,1.0,0.9999999999999999,1.0,1.0000000000000002,0.9630206870057827,1.0363001239198704,0.9463026720873533,0.9900703450328695,1.2734347225505411,1.4847354809043871,0.45889011945438946,1.00816767305602,0.9569078113231319,1.0325682051712586,1.03172176597524,1.435119144262579,1.0,1.0,0.9687042158700636,1.0548965935963284,0.4262202237045667,0.355879997436569,0.3302352184272194,0.2184167969846763,0.9511876537846089,0.9432922444420901,0.901837264737008,0.8812574732775665,0.43501449313590307,0.35889385975989807,0.554933629189043,0.0,0.9405038785916497,0.8986501033486446
interval2800-3200,2,5,1.0,1.0,1.0013123827704224,1.0009069373649124,1.0005292591828865,1.0010126351816586,1.0005461370338076,1.0034937280825282,1.0018487214886431,1.0126484223719567,1.0007920502212322,1.00569439390797,0.9453555579618531,0.6999972185259401,1.0024660574442064,1.01642269920842,0.8342828065884826,0.0,1.0011399477879475,1.0082948656690571,0.9150845611096999,0.5495374341853104,1.000519189250693,1.0035940641001264,0.9638853787065114,0.7333030611574989,1.001259502807554,1.0102766505964527,0.8766465791235144,0.3262334697943594,1.0000000000000002,1.0000000000000002,1.0,1.0000000000000002,0.9939403989919102,0.9969890306773393,1.0000583161418672,0.9985082204581962,0.9999778441622178,0.9989602649704273,1.0,1.0,0.9975050099271673,0.9985399116541638,0.642231406991209,0.8920097517223254,0.9998968415032526,0.9998925705586247,1.002073979860514,0.9980779656990857,1.0044633823558684,0.9989700688430053,0.9989415982116446,1.0058806873961217,1.0000000000000002,1.0000000000000002,1.0000000000000002,0.9970283875553423,0.9980761088292828,1.0055015196329675,1.0,1.0,1.0,1.0010969154398808,0.9880890148266428,0.9527644219722391,1.0496168883928916,1.0146664457454966,1.057998505152358,1.002462439020271,0.9891840445748268,0.9648472788274751,1.0005423826759503,0.9934045632264442,0.9745976095829286,1.0002560547217827,0.9919057879022569,0.9698181680623997,1.025236017256565,0.9829845523089353,0.9231321040355085,1.274424535155598,0.055524064708340766,0.010986297459604256,1.0000000000000002,1.0000000000000002,1.0,1.0022851048498114,0.9965274358897669,0.9674130279071798,1.0116819176545913,0.9932296841482322,0.9845168211471186,1.1075918574314447,1.1061322841639254,1.016854354802847,1.0338967096702294,0.9899558921733974,1.0034144339554973,0.9769374854912286,1.0005668091693114,1.0,1.0000000000000002,1.0,1.0,1.002487280878431,0.9995601193109536,0.9934283142876467,0.9986859024380583,1.0872325513467722,1.0383889568923654,0.9419981102885447,0.9948968319055411,1.0048134267222288,1.002399596623932,1.055985304002701,1.0287448687913303,1.0000000000000002,1.0,0.9978439684058823,1.0132444442433262,0.6906369578240169,0.640814099624917,0.6078317123186454,0.5458214532235344,0.9657892788248909,0.9604758681814739,0.9449487132293942,0.9349755014616817,0.7082201054698107,0.6607852258815409,0.8191142858650893,0.2688842561970856,0.9691635458914241,0.9491550134904101
interval4200-4700,1,,2.6725324527469265,0.0,20.08681166838904,0.0,34.363353241152964,0.9877019800815972,0.0,0.0,0.0,1.264085007173929,10.899919946879857,4.974942546878485,0.0,0.0,0.0,0.0,1.0236431414892815,0.0,24.642681130955413,0.0,3.2282286785408676,0.0,0.0,0.0,0.0,0.0,0.0,0.0,0.0,0.0,0.0,0.0,0.0,0.0,0.0,0.0,0.3129046360458852,0.0,0.17195029415972404,0.0,0.07110678911035884,0.0,0.0,0.0,0.0,0.0,0.23760280432566053,0.0,0.5787006306146877,0.0,0.0,0.20877418478854928,0.0,0.0,0.40371285051612626,0.0,18.619060570571122,0.0,0.0,0.0,0.0,0.7274788800184441,0.35329599000339657,0.0,0.0,0.0,0.0,0.0,0.4365196927522172,0.0,29.0741324202484,16.816292757466016,0.0,0.0,0.0,0.0,0.0,0.0,0.0,0.0,0.0,0.006093408514261097,0.0010829085890608835,0.0013262036317803812,0.0,14.710424726360115,2.8727757280455886,0.0,0.0,0.0,0.0,0.0,0.0,8.84657037674557,2.3114906115914855,0.0,0.0,127.8754005113,40.10666972340178,1.7902255398064535,0.0,0.0,0.0,0.0,0.0,0.0,145.47038502261088,0.0,0.0,0.0,0.0,0.06576701467199497,0.0,0.0,0.0,0.6088090412282496,0.0,0.0,0.0,0.0,0.0,1.114109697944179,0.9393507300269639,0.0,0.0,0.0,2.7738420092408704,0.0,0.0,0.0,0.0,0.0,0.0,53.53914426496579,0.0
interval4200-4700,1,-2,1.0896723420018513,0.0,19.129439640955468,2.775760808341831,9.691725373335608,2.07280792755611,0.0,0.0,0.0,1.4354795614206994,2.521664519315724,4.413052770202171,0.0,0.0,7.695969553099765,0.0,1.34694845173867,0.0,7.721022509593593,0.0,3.085550287586788,0.10661521564825618,1.0,1.0000000000000002,1.0000000000000002,1.0000000000000002,0.0,0.0,0.0,0.0,1.0000000000000002,1.0,1.0000000000000002,1.0,0.0,0.0,0.3139440571583394,0.0,0.16798510743201203,0.0,0.12106250237597886,0.0,1.0,1.0,0.0,0.0,0.24942773487686393,0.0,0.5763843261863282,0.0,0.0,0.21056241870507822,0.0,1.4898755611818089,0.41397098802034127,0.06688958577207313,16.249363476317118,0.0,0.0,0.0,0.0,1.837097363568532,0.1511647621752409,0.0,0.0,0.0,1.0220981916322986,0.0,0.7364158974290972,0.0,27.933951009751887,14.552725399897236,0.0,0.0,0.0,0.0,0.0,0.0,0.0,0.0,0.0,0.006102322901684409,0.001085000976227013,0.001345235708170696,0.0,12.901145034801852,4.527242638308234,0.0,0.0,0.0,0.0,0.0,0.0,1.3816222658884594,0.9013441782391193,0.0,0.0,48.66658272595789,22.663094583398447,2.794646309183487,0.0,0.0,0.0,0.0,0.0,0.0,74.95403303589359,0.0,0.0,0.0,0.0,0.0,0.0,0.0,0.0,5.347996325986988,16.776238320838466,1.0000000000000002,1.0,9.22272635914556,7.851441622533172,1.1295101768534783,0.9378429746050694,0.0,0.0,1.2618080911628078,4.397647709443408,0.0,0.0,0.0,0.0,0.0,0.0,47.57813825707876,0.0
interval4200-4700,1,-1,0.9386399756219295,0.0,7.453929765964387,3.748384086521285,2.745576280470954,2.190231550975421,1.4033434047469397,0.0,0.0,1.6524094480621458,1.395282784789456,2.0669580992988315,0.0,0.0,2.8676512594320758,0.6619606414371335,1.9694865696672579,0.0,2.644656664124703,0.8783730330915724,2.6001958846997466,0.0,1.0,1.0000000000000002,1.0000000000000002,1.0000000000000002,1.6627363764129819,0.0,0.0,0.5726320312827001,1.0,1.0,1.0,1.0,0.0,0.0,0.3090476899005924,0.0,0.15811411653558924,0.0,0.27329819493748325,0.0,1.0,1.0,0.0,0.0,0.23892260356863573,0.0,0.6120864659126782,0.0,0.0,0.1955021891891865,0.0,6.697008797658686,0.3915523595938455,0.45901426156820063,7.778654737630364,0.0,0.0,0.0,0.0,2.478552330290882,0.6001840258274104,0.0,0.0,0.0,6.896759992271961,2.152638443499652,1.5867787745168578,0.9556245224378306,10.30850484706079,7.4814615468193,0.0,0.0,0.0,0.0,0.0,0.0,0.0,0.0,0.0,0.006197947840137812,0.0010922653672223162,0.001360488156184788,0.0,5.192159557676217,2.876235476911356,0.0,0.08502062914847348,0.0,0.0,0.0,0.0,0.0,0.7131694054110931,0.0,0.8260918746140001,11.529632056372895,6.054146389806489,4.327598443919946,11.513112112711932,0.0,0.0,0.2453902401092776,0.0,1.2379516082161341,16.506005919007286,0.0,0.0,0.0,0.0,0.0,0.0,0.0,0.0,6.083802111983461,18.578824184566187,1.0000000000000002,1.0,5.503647747985125,4.7685531921304225,0.902250669636325,0.7425740630019918,0.0,0.0,4.171833847955666,7.723698626374271,0.0,0.0,0.0,0.0,0.0,0.0,20.550116560013397,0.0
interval4200-4700,1,0,1.004580983768102,0.8942972065693641,1.9109597360182233,2.476046378726737,1.2603255720638118,1.928508330148571,1.202806167247459,0.7596081896145851,1.583855968561087,1.3050115724968976,1.2262372947970035,1.1565762704178304,0.7221553610257255,0.0,1.4437822677806538,1.0104624603577785,2.1906386497645225,0.0,1.3750461246581136,1.0740041796059296,2.041684010522998,0.0,0.9999999999999999,1.0,1.0,1.0,2.009025666482463,0.39446050728060295,0.0,0.6510550713221535,0.9999999999999999,1.0,0.9999999999999999,1.0,0.031694420880467734,0.1789079815854652,0.49304701030991016,0.41892126704778276,0.21628032248651638,0.0,0.7517047221767381,0.7476954620084749,1.0,1.0,0.0,0.0,0.5851016107088153,0.542304199872121,0.7598195085821031,0.19680583580042635,0.9973731789138606,0.18641553236738265,0.10509549573378005,5.0325861846121915,0.413487223019949,0.5598710431889384,4.092988169235815,0.32864324223894786,0.37418124399117997,1.1663787934669736,1.0263639856741742,1.555938650967254,1.0677345884169942,0.8507931124290627,0.3648603300315765,0.0,6.584094560235685,3.0742434915131205,2.23993887229554,1.8152005548396393,2.3723753025550693,2.1690874185409914,1.2486622193669257,0.0,0.0,1.2528883993197026,0.0,0.0,1.6114283543949093,0.0,0.0,0.006298309739406643,0.001096492601473174,0.001367588332824841,0.8813925883996795,1.5678266997236912,1.3199623172649013,1.4404889971834018,0.9385776331744685,0.0,0.0,0.0,0.0,0.0,1.4569302376263054,0.7526910001616144,1.5663056960117205,2.4624723008827347,1.8359575267212023,4.352639597474655,4.601658598040726,0.5719657637009345,1.0484557487038768,1.3431266478657178,1.2076894394768443,1.9238393366269948,3.9782466276813375,0.5417725222592554,0.7311213602676042,0.0,5.219334652198849,0.7801016240365113,1.6548432770996537,0.7398478669619729,1.0303575148877075,5.4370703260560465,7.710991810140446,1.0,1.0,1.8861168265363004,1.8027925512552916,0.2669872540406483,0.3834777347068888,0.44509722313784117,0.40969375141948794,1.7874447534216156,3.7743221022845495,0.470674752894703,0.0,0.0,0.0,0.0,0.9922301818547333,4.280323181018043,0.0
interval4200-4700,1,1,1.0050928019623873,1.0051478472800026,1.105456662672057,1.4553138604404643,1.0372323939634884,1.305003593778992,1.0587596799140264,0.9826003418669036,1.2758416037785767,1.0970195037276569,1.0725346939864278,1.027615978665833,1.0127594753438818,0.11678306209475321,1.0999844991120282,1.0106960758602743,1.1717500738628635,0.3923574519760316,1.0852855751185766,1.019979308250566,1.175658668004892,0.7371365509206311,0.9999999999999999,1.0,1.0,1.0,1.3318405683678798,0.9522940497531028,0.6863459938321633,0.973853293169525,1.0,0.9999999999999999,1.0,1.0000000000000002,0.8304936973795374,0.8991142411075221,0.8141923897350872,0.8612159938245326,0.5955530892200208,0.7291184536302174,0.9546909912915862,0.9563206491116177,0.9999999999999999,0.9999999999999999,0.07580098208537608,0.23743857600264182,0.9149028077865111,0.9196673617055406,0.9198679456145359,0.8651127445989436,1.104862093350743,0.29400741349200243,0.5854140637340742,1.9920380363997998,0.6158493011363554,0.7471054781878997,1.696208592847208,0.883744321661834,0.9103342156530093,1.141834662401002,1.2009478561720273,1.1694131264364103,1.0564671952542297,1.2134637770325392,1.0314882171586601,0.9044234817032079,3.951861694883503,2.2193797674159947,1.5732995297991452,1.414378185084426,1.269567852563105,1.2015086218322681,1.2337061989738878,0.9840018468273333,0.7727986790824036,1.2767997615162008,0.6986548753781395,0.3044325370253305,1.9428359897320617,1.074082236496105,0.7157752978735806,0.00641886419327555,0.0011030713775136733,0.0013731367447472223,1.0234522314120102,1.074355486075408,1.0478568483213473,1.3106611259372307,1.1546025642205138,0.8944484460125465,1.2323543529827778,0.7027741810468684,0.35592575555537664,0.6398770999699137,1.9322767804302314,1.1224696316941287,1.4373153187906529,1.2255837682539115,1.126132336663518,2.1813798142330856,1.8632360900410947,0.9987445701164502,1.027750709424942,1.1965745934960668,1.250350655120133,1.2981353268388653,1.6999445865695686,1.014878878827086,1.0013146334306702,1.8497882553373093,4.661452367636075,1.0979258375674388,1.3399063033432612,1.107087164081825,1.2371694528890163,2.3388506313030515,3.280875641486818,1.0,1.0,1.1775546038329994,1.1930900731498126,0.448700810254659,0.5253984061127026,0.4302920565441715,0.5729680712512423,1.062416496230393,1.3148205159692192,0.8665809354872482,0.767933009092798,0.28098054256636545,0.0,0.0,1.1571540015870165,1.3483279635687306,0.8707300360560467
interval4200-4700,1,2,1.0008507036324268,1.001691591995967,1.0112999602140325,1.0673349090300661,1.0044573259439737,1.0456644969418782,1.0085663416770392,1.0002300288555956,1.0431336751457867,1.020443834770096,1.0108323866120799,1.0052141291835937,1.014371124347538,0.9072002300846658,1.0138681414236625,1.0038254098469863,1.0274209722206755,0.9471803219848013,1.0119090674988178,1.0043629364831754,1.0304896129928647,0.9759224163183879,1.0,1.0,1.0000000000000002,1.0,1.0499196168716738,1.0068446429814757,1.0076125276176893,1.068691631861318,1.0,1.0000000000000002,1.0,1.0,0.985208655412315,0.9913586293245397,0.9702932833478288,0.9748270950096605,0.9286653266745086,0.9563116892516348,0.994984234011134,0.9945244321137043,1.0000000000000002,1.0,0.7335460492613745,0.8791276971164576,0.9914084813798094,0.9907351212840432,0.9858210015529306,0.9776715226051241,1.020733783619991,0.7924055926983158,0.9175571102515742,1.1477447126067293,0.9175208291634187,0.9505877995502492,1.100742403120588,0.989455202553607,0.9912517069367676,1.0261399949508094,1.0437318426931639,1.064098474121262,1.0249718266360912,1.048742223228214,1.050500514613394,1.0072223665672104,1.5806236757020697,1.5299973152968827,1.2396477886233022,1.080894399033047,1.0783810754674739,1.0435012386675155,1.0482639781421763,1.0475613561165407,0.9965521204484392,1.0582246468681715,1.0510020447607975,0.9466662047490704,1.2000377792770638,1.1507846091858862,1.0333452394510645,0.006552441251175182,0.0011212938449400264,0.0013792852254398253,1.0059636585565914,1.0112330966997374,1.0074733959103053,1.0627262454780744,1.0819670399183363,1.0142402606582923,1.0726120769693255,1.0445246706092965,0.9579868145193778,1.1216813890707118,1.2278271838800754,1.0973606316456967,1.099011405954696,1.0322920981914232,1.0171093228927375,1.2973431757034417,1.1442750805432165,1.0038468872782595,1.0050208788998476,1.099598654517896,1.0526676187633328,1.1186318973832674,1.1164852840797093,1.007273196105145,1.0032615377255971,1.7421562756678008,1.7528407461924096,1.0770115145020016,1.066213198594608,1.0771896607430707,1.051443030296877,1.4665459162086862,1.4180630875277065,1.0,1.0,1.0387277853202856,1.034259474029673,0.8133763201382086,0.7203333039517116,0.8034257902103816,0.7314250580008892,1.0007044566359506,1.0246362872659556,0.9650357859477986,0.9413919211096183,0.7953154824618869,0.6531490715702828,0.6661939861265014,1.0830296406701914,1.0391461761022196,0.9882523459118634
interval4200-4700,1,3,1.000096542235635,1.0002073206593975,1.0011522463293503,1.007420480733691,1.0004702435960073,1.0050658817959972,1.0009424049813906,1.0000938176276755,1.0048004895584464,1.0024185549928044,1.0012008984942455,1.0006086625343515,1.0026513468508813,0.9893007741504786,1.0015105759256762,1.0004812489584967,1.0039058057372963,0.9942263973070143,1.0012998831224553,1.0005196316289924,1.004172120746169,0.9966610776600638,1.0000000000000004,1.0000000000000004,1.0000000000000004,1.0000000000000004,1.0055554504708804,1.0011176018947552,1.006373478436787,1.0092813177635085,1.0000000000000002,1.0000000000000002,1.0000000000000002,1.0000000000000002,0.9986652929666102,0.999248328577562,0.996881952198938,0.9972882297293427,0.9923063269640845,0.995392419387449,0.9995139768677402,0.999448750656164,1.0000000000000002,1.0000000000000004,0.9682901834763679,0.9873805697827661,0.9992028048636177,0.9990975441581995,0.9985217382046248,0.9976366039872856,1.0023036404693564,0.9750131752217325,0.9909925639758308,1.0158566101240112,0.990718729968667,0.9946282692656442,1.0107696703423152,0.9990405456583525,0.9992012184480223,1.0028813488865098,1.0049023029744217,1.0110565592566214,1.0081800462079311,1.0054752710298884,1.0098087542094254,1.0064257873080507,1.0644514967573824,1.0934205154688617,1.0738525051176384,1.008982530137874,1.0129266885276078,1.0107346230323957,1.0054030910468115,1.0095779335680453,1.0054045394045312,1.0065527327597548,1.01354688818687,1.0040387968893387,1.0223376272577156,1.029382682049623,1.0211203149532952,0.006617414954276947,0.0011427164409012665,0.001398923816756659,1.000671988238304,1.0014719755080728,1.0012563062356312,1.0069907585687448,1.014734149498073,1.0092636427513226,1.0083342730471971,1.011996247074393,1.0045206170570633,1.0346816681918924,1.0259028854593677,1.0210043998169376,1.011179561896962,1.0042132478880168,1.0018118871992279,1.050824494900303,1.0159632555269629,1.0007485238421814,1.0005523126891986,1.020443573142405,1.005920470978051,1.0234479063362631,1.012732457577511,1.0012597534992964,1.0004345296955597,1.161625075063039,1.0839079137482575,1.0164994037600603,1.007363515682501,1.0164413519934004,1.0057683664642896,1.0893176737147225,1.0462286006146901,1.0000000000000002,1.0000000000000002,1.0064272129046294,1.0037694514235682,0.9763710765213,0.9508432755325467,0.9755542632153552,0.9511133550987095,0.9999423541370946,1.0015375341201374,0.9957439367861347,0.990758307743155,0.9744735075834079,0.9439608585831198,0.9632631402483305,1.0112131938970943,1.0041669990090143,0.9986887445361564
interval4200-4700,1,4,1.00000987191164,1.0000214525973525,1.000115319689148,1.000754215012423,1.000047431030467,1.0005156721609352,1.0000957504202679,1.000010696241938,1.000488715413228,1.000248999692464,1.0001222130632923,1.0000624949670212,1.000287162175969,0.998849216862605,1.0001532096910584,1.0000498685929298,1.0004115524145063,0.9993372915784755,1.0001319169209557,1.000053496977967,1.0004371885490846,0.9995944802265349,1.0000000000000002,0.9999999999999999,1.0,1.0,1.0005657967077983,1.0001200514171185,1.000743308880525,1.0007068167836302,1.0000000000000002,1.0000000000000002,1.0,1.0,0.9998690645848143,0.999927100778213,0.9996885055061489,0.999729152003976,0.9992275645872616,0.9995410851676194,0.9999519638424937,0.9999453122250441,1.0,1.0000000000000002,0.9967892320661931,0.9987498287988825,0.9999217619517394,0.9999109106703,0.9998537391863159,0.9997649320186274,1.0002327717359052,0.9974539585423113,0.9990970773807216,1.0015960434313178,0.9990620221579574,0.9994618768486573,1.0010838732334504,0.9999058485844344,0.9999219328920272,1.000290883225774,1.0004930081725223,1.0011978883661758,1.0010006111663898,1.0005509141321987,1.001075734366642,1.00082671126149,1.0064839456603931,1.0101467057115767,1.0089530480604114,1.000903585469652,1.0013936827369005,1.00127445039509,1.0005434595032519,1.0010537276887612,1.0007259268997402,1.0006603573503328,1.0015244927633575,1.00071461770637,1.002247543459456,1.003222499848015,1.0026706081214518,0.006951240176737467,0.00119833482250245,0.0014301323986841959,1.000067750057933,1.0001543212934407,1.0001414789301473,1.0007029129244525,1.001603744607508,1.0011807020942682,1.0008406032144526,1.0013508467859946,1.0007359845448898,1.0040318291595334,1.0026218912068878,1.0023806953410506,1.0011311008528727,1.000444700856611,1.0001817229602705,1.0056003931669493,1.0016093292686659,1.00008362392826,1.0000558005133706,1.0023041567282167,1.000596634072671,1.0026324978595045,1.0012797853395687,1.0001387840525673,1.0000446469627984,1.0183372638205472,1.0084453335725123,1.0018685097892641,1.0007403833632742,1.0018602615434822,1.0005804552066506,1.009987926292829,1.004649389831577,1.0,1.0,1.000705544679154,1.0003801970087702,0.9975552358918989,0.9946291542420845,0.9974740048421905,0.994615486833714,0.9999902890785876,1.00012815404795,0.9995621421538117,0.9990011545104319,0.9973663973688831,0.9939423350397181,0.9962294806814525,1.00098708069096,1.0004131554530884,0.999854929131217
interval4200-4700,1,5,1.000000985496553,1.0000021473511946,1.0000112003917732,1.000074761850701,1.0000046770968365,1.0000511498780447,1.0000094765624843,1.000000891805994,1.000048457602037,1.0000241252002122,1.0000121086630749,1.0000060260764778,1.0000274707121126,0.9998641937389352,1.0000151507631059,1.0000046476415536,1.0000395478783413,0.9999013871273316,1.0000130669462979,1.0000051184931928,1.0000424136386306,0.9999351003208654,1.0,1.0000000000000002,1.0,1.0000000000000002,1.0000560889578693,1.0000111430370486,1.0000693984464508,0.9999822720384319,1.0000000000000002,1.0,1.0,1.0,0.9999866753262693,0.9999924442137886,0.9999679935422972,0.9999723552979218,0.9999220057255959,0.9999536039502989,0.9999951981037889,0.9999945303582134,1.0,1.0,0.9996764538856532,0.999873258039553,0.9999921072975445,0.9999909810269152,0.9999848775433854,0.9999761041721316,1.000023025527437,0.9997420781454273,0.9999071915252332,1.0001574799218214,0.9999050436818111,0.9999448178743825,1.0001072350894729,0.9999904136544152,0.999991930457844,1.00002876589709,1.0000471408851928,1.0001176463861192,1.0000984412629612,1.000052939118414,1.000105763411018,1.000081439078666,1.0006257245402543,1.000998894825741,1.0008871474314167,1.0000871609586262,1.000137021956975,1.0001258918167377,1.000052015425017,1.0001034935821167,1.0000713043216451,1.0000634123047307,1.0001505632740846,1.0000705015616986,1.0002164236680522,1.0003160689650907,1.0002631754420193,0.010249469173428893,0.0017221900758587413,0.0016887838286451977,1.0000067376193182,1.0000154693139656,1.00001428792928,1.0000673350119949,1.000158010108729,1.000116561495322,1.000081023140743,1.0001331614241749,1.0000728598678077,1.000405701079857,1.000257794883904,1.0002395180152814,1.0001114974688186,1.0000442476683686,1.0000175359327446,1.0005619961906866,1.0001562516437774,1.0000084517385848,1.000005571382058,1.0002311177079004,1.000057256408867,1.0002647142540189,1.0001238761687097,1.0000140078460855,1.000004430106491,1.0018437162465965,1.000815997955733,1.000187952688936,1.0000709644482932,1.00018645922626,1.000055624359589,1.0010020659515964,1.0004479907032324,1.0,1.0,1.0000706661630927,1.0000373066397787,0.9997407899283054,0.9994388386189593,0.9997311370131465,0.9994338450793009,0.9999969294491419,1.000009682546828,0.9999542569875303,0.9998964687307477,0.999724013171427,0.9993728808069189,0.9996149759930518,1.000018489260562,1.0000373260146207,0.9999816132807026
interval4200-4700,2,,0.0,0.0,463.77384863734716,0.0,0.0,0.0,0.0,0.0,0.0,0.0,40.21496307402268,0.0,0.0,0.0,0.0,0.0,38.74929725092905,0.0,0.0,0.0,0.0,0.0,0.0,0.0,0.0,0.0,0.0,0.0,0.0,0.0,0.0,0.0,0.0,0.0,0.8343876644279297,23.642479712457195,0.0,0.0,0.0,0.0,0.0,0.0,0.0,0.0,0.0,0.0,0.0,0.0,0.0,0.0,0.0,0.0,0.0,85.64297169893696,0.0,0.0,0.0,0.0,0.0,0.0,0.0,0.0,0.0,0.0,2.982311168479114,26.730780204139275,0.0,0.0,0.0,0.0,105.91826114201416,52.274160326013615,0.0,0.0,0.0,0.0,0.0,0.0,0.0,0.0,0.0,0.005421581320314761,0.0007943876718309811,0.0010260177023461634,0.0,0.0,0.0,0.0,0.0,0.0,0.0,0.0,0.0,4.528809329807742,0.0,0.0,0.0,356.74962665673957,92.86530253099299,0.0,0.0,0.0,0.0,0.0,0.0,0.0,298.3043781719869,0.0,0.0,0.0,0.0,0.0,0.0,0.0,0.0,0.0,0.0,0.0,0.0,0.0,0.0,0.0,1.9258781233098852,0.0,0.0,0.0,29.533124063375304,0.0,0.0,0.0,0.0,0.0,0.0,109.8878755635081,0.0
interval4200-4700,2,-2,0.0,0.0,463.5667812061191,0.0,0.0,0.0,0.0,0.0,0.0,0.0,40.27207390338007,0.0,0.0,0.0,0.0,0.0,38.750637320076756,0.0,0.0,0.0,0.0,0.0,1.0000000000002274,1.0000000000000002,1.0000000000000002,0.9999999999999998,0.0,0.0,0.0,0.0,0.9999999999999998,1.0000000000000002,0.9999999999999998,1.0000000000000002,0.836302691325071,23.631715676518027,0.0,0.0,0.0,0.0,0.0,0.0,0.9999999999999998,0.9999999999999998,0.0,0.0,0.0,0.0,0.0,0.0,0.0,0.0,0.0,85.64640824423114,0.0,0.0,0.0,0.0,0.0,0.0,0.0,0.0,0.0,0.0,2.9859487559019113,26.727157012545206,0.0,0.0,0.0,0.0,105.9145708925733,52.28080916935925,0.0,0.0,0.0,0.0,0.0,0.0,0.0,0.0,0.0,0.005421645910284693,0.0007943919243399013,0.0010260359546335701,0.0,0.0,0.0,0.0,0.0,0.0,0.0,0.0,0.0,4.530819940296688,0.0,0.0,0.0,356.68523371967865,92.84845447342879,0.0,0.0,0.0,0.0,0.0,0.0,0.0,298.2908077513099,0.0,0.0,0.0,0.0,0.0,0.0,0.0,0.0,0.0,0.0,1.0000000000000009,1.0000000000000009,0.0,0.0,0.0,1.9261514236088175,0.0,0.0,0.0,29.532778046389325,0.0,0.0,0.0,0.0,0.0,0.0,109.89024051364852,0.0
interval4200-4700,2,-1,0.0,0.0,461.7128853044978,0.0,0.0,0.0,0.0,0.0,0.0,0.0,40.77654164735304,0.0,0.0,0.0,0.0,0.0,38.76273059937425,0.0,0.0,0.0,0.0,0.0,0.9999999999999525,1.0000000000000004,1.0,1.0000000000000002,0.0,0.0,0.0,0.0,1.0000000000000004,1.0000000000000002,1.0000000000000002,1.0,0.853436464073272,23.535620789990617,0.0,0.0,0.0,0.0,0.0,0.0,1.0000000000000002,1.0000000000000002,0.0,0.0,0.0,0.0,0.0,0.0,0.0,0.0,0.0,85.67729138946815,0.0,0.0,0.0,0.0,0.0,0.0,0.0,0.0,0.0,0.0,3.0186628584525512,26.694632281238054,0.0,0.0,0.0,0.0,105.88137828739582,52.34052400465597,0.0,0.0,0.0,0.0,0.0,0.0,0.0,0.0,0.0,0.005422225688568025,0.0007944301561762621,0.001026199761429659,0.0,0.0,0.0,0.0,0.0,0.0,0.0,0.0,0.0,4.548884335254434,0.0,0.0,0.0,356.10676000639063,92.69727451773005,0.0,0.0,0.0,0.0,0.0,0.0,0.0,298.16871887984,0.0,0.0,0.0,0.0,0.0,0.0,0.0,0.0,0.0,0.0,1.0000000000000004,1.0000000000000002,0.0,0.0,0.0,1.9286114878971623,0.0,0.0,0.0,29.52966481473599,0.0,0.0,0.0,0.0,0.0,0.0,109.91151042682553,0.0
interval4200-4700,2,0,0.0,0.0,443.8535130753796,0.0,0.0,0.0,0.0,0.0,0.0,0.0,43.45365361328047,0.0,0.0,0.0,1.6123896727483795,0.0,38.884673259656694,0.0,0.0,0.0,0.0,0.0,0.9999999999999999,1.0,1.0,1.0,0.0,0.0,0.0,0.0,0.9999999999999999,1.0,1.0,1.0,0.9947439639106475,19.583647300909355,0.0,0.0,0.0,0.0,0.0,0.0,1.0,1.0,0.0,0.0,0.0,0.0,0.0,0.0,0.0,0.0,0.0,85.98026702960622,0.0,0.0,0.0,0.0,3.5231905880496424,0.0,0.0,0.0,0.0,0.0,3.343537968240813,26.379875023320196,0.0,0.0,0.0,0.0,105.55125714680814,52.92148588885434,0.0,0.0,0.0,0.0,0.0,0.0,0.0,0.0,0.0,0.0054278877964509505,0.0007948088793052991,0.0010277955329480544,0.0,0.0,0.0,0.0,0.0,0.0,0.0,0.0,0.0,4.7269376192565495,0.0,0.0,0.0,350.42645410870716,91.22994980166372,0.0,0.0,0.0,0.0,0.0,0.0,0.0,296.9511609209601,0.0,0.0,0.0,0.0,0.0,0.0,0.0,0.0,0.0,0.0,1.0,0.9999999999999999,0.0,0.0,0.0,1.953279551821386,0.0,0.0,0.0,29.498067902580154,0.0,0.0,0.0,0.0,0.0,0.0,110.12298614673637,0.0
interval4200-4700,2,1,0.0,0.0,315.25060844083544,1.4092047360473043,14.066450559859494,0.0,0.0,0.0,0.16682076299340592,0.0,24.059162066821216,0.0,0.0,0.0,45.557400785095886,0.0,39.38440846466341,0.0,0.0,0.0,0.0,0.0,1.0,0.9999999999999999,0.9999999999999999,0.9999999999999999,0.0,0.0,0.0,0.0,0.9999999999999999,1.0,1.0000000000000002,0.9999999999999997,1.6139122491468323,11.39141121276511,0.0,0.0,0.0,0.0,0.0,0.0,0.9999999999999999,1.0,0.0,0.0,0.0,0.0,0.0,0.0,0.0,0.0,0.0,73.62400454581413,0.0,0.0,20.714178634366363,0.5100397231936754,8.64421552947841,0.0,0.0,0.0,0.0,0.0,6.312961090299375,23.77612959055115,0.0,0.0,0.0,0.0,102.42517398898937,57.031422184831385,0.0,0.0,0.0,0.0,0.0,0.0,0.0,0.0,0.0,0.005446801839837301,0.0007987916091411647,0.0010476779571349279,0.0,0.0,0.0,0.0,0.0,0.0,0.0,0.0,0.0,4.29818273728734,0.0,0.0,0.0,281.5036480202351,79.34634278348743,3.499280246262464,0.0,0.0,0.0,0.0,0.0,0.0,253.54479712729434,0.0,0.0,0.0,0.0,0.0,0.0,0.0,0.0,0.0,9.80397605418285,1.0000000000000002,1.0000000000000002,0.0,0.0,0.0,2.1101082678053893,0.0,0.0,0.0,29.559441972120638,0.0,0.0,0.0,0.0,0.0,0.0,109.59710528581327,0.0
interval4200-4700,2,2,0.0,0.0,83.4730118397778,19.37737107731835,7.786438302483252,3.5680635560537874,4.116021573572081,0.0,4.1504000398635466,0.0,5.5594373361802525,0.0,0.0,0.0,14.700884838748287,0.0,37.04282146240219,0.0,6.277754532578786,0.0,0.0,0.0,1.0000000000000002,1.0,1.0,1.0,0.0,0.0,0.0,0.0,1.0,1.0,1.0,1.0000000000000002,2.3794319863474582,3.900381355943129,0.0,0.0,0.0,0.0,0.0,0.0,1.0000000000000002,1.0,0.0,0.0,0.6932207603503953,0.0,0.0,0.0,0.0,0.0,0.0,49.32885636511715,0.06536975124253579,0.0,34.87062195944997,1.7067400161718487,3.5184091603604895,0.0,0.0,3.4763779754639796,0.0,0.0,10.322628561725367,19.88955463178089,0.8858721678738442,5.817396227608553,1.9503674274268863,0.0,49.676369210190416,43.66312937693516,0.0,0.0,0.0,0.0,0.0,0.0,0.0,0.0,0.0,0.005412972477417558,0.0008205466862393949,0.0011128815151576947,0.0,0.0,0.0,0.0,0.0,1.0795542093562982,0.0,0.0,0.0,0.0,0.0,0.0,0.0,78.77854170481983,27.843819056732006,17.4974060051386,0.3957726594525025,0.0,0.0,0.1886265835477284,0.0,0.0,67.51542197489567,0.0,0.0,0.0,0.0,0.0,0.0,0.0,0.0,0.0,66.73636955066668,1.0,1.0,19.698238720042976,0.07294339318408008,0.0,2.166407849177713,0.0,0.0,0.09570902303041995,31.22480926791196,0.0,0.0,0.0,0.0,0.0,0.0,74.21308123375847,0.0
interval4200-4700,2,3,0.8680868233830954,0.5352791341154726,11.411493058994541,8.862755332489844,2.118912659718482,5.1307642374629525,2.1479644412238605,0.7235474121481333,5.074311920593585,0.011947668881264516,2.4138834452141613,0.8383495849820939,6.5734653812908315,0.0,3.7290466882438396,0.934815548098334,15.664619451846928,0.0,2.601581806386484,0.8208089905165391,7.656974173328071,0.3341854361482503,1.0000000000000004,1.0000000000000002,1.0000000000000002,1.0000000000000002,4.746504996284959,0.0,0.0,0.0,1.0000000000000004,1.0000000000000002,1.0000000000000002,1.0000000000000002,1.4668520757774164,1.437513580171622,0.13680389986288294,0.45193296608200306,0.0,0.0,0.7824808240744777,0.7083053958550064,1.0000000000000002,1.0000000000000002,0.0,0.0,0.9196413808058667,0.8827148064926598,0.21848720725137824,0.42688310575704846,1.4765906424176363,0.0044015858247713185,0.44527408993078427,21.54020900372153,0.31188122506336796,0.48237570641283317,15.579553732202076,1.2411399417634024,1.3670450864938772,2.4063102120750846,0.5461209955340925,3.333996788473863,2.929690682559489,0.5260560802266605,4.536683375690979,7.906442822208753,21.88696373394653,11.727915239123734,7.335448500369407,3.7676850004432088,8.687315498502471,8.955697811048257,1.3246293613723843,0.0,0.0,2.768743330963446,0.0,0.0,3.1738728184392593,0.0,0.0,0.005604986344364107,0.0008359529735778577,0.0011368136185093034,0.0,0.0,0.0,2.655343348104039,0.0,1.816712375617581,0.0,0.0,0.0,0.0,0.0,0.0,0.0,11.678998097842902,5.662746942491495,16.01397283240176,11.7033063599767,0.0,0.0,0.23543798068674682,2.411701766158702,0.0,14.681377336335085,0.0,0.0,0.0,8.306017485012998,0.0,3.8818557308785304,0.0,1.9001616783123314,4.3553712628809365,30.06560139785618,1.0000000000000002,1.0000000000000002,4.313068228062531,2.820305295747422,0.0,3.4510295007715595,0.0,0.0,3.738137335387293,15.585163204322045,0.0,0.0,0.0,0.0,0.0,1.791831072934817,18.25901739109403,0.0
interval4200-4700,2,4,0.9952564108196001,0.9796615321782931,2.1179623765165205,2.413163910227962,1.1420128945355674,1.8415919237262144,1.1962663687648918,0.9992155353048056,1.8359510184075427,1.0489819136637664,1.2441028219179304,1.021697197764909,2.3730506397343785,0.0,1.3958009865328656,1.0390588702888797,3.4512537088692543,0.10138120887322012,1.2624193673541244,1.0212804027488187,2.5123041343452757,1.9810366093136067,1.0000000000000002,1.0,1.0000000000000002,1.0,1.854840261672131,0.9753707523347814,3.670022078615797,1.566675903043578,1.0000000000000002,1.0000000000000002,1.0000000000000002,1.0000000000000002,1.0872662778505873,1.0740192385996399,0.8572133687578575,0.9186489460706405,0.7549132237707101,0.8256583505900407,0.9775540177955377,0.9700842143304644,1.0000000000000002,1.0,0.14043779315375793,0.5856915828400776,0.9971183057844959,0.9924171109566978,0.8913569682007918,0.9227049752659519,1.3449606831557608,0.4943083255940411,0.8594927399914544,5.302178341379739,0.7769213821544237,0.905898689662991,4.000567415405177,1.0470266448641634,1.0582411261522138,1.5201427744961415,1.633241113266124,2.254542417891791,2.0374494500268634,1.7045839319560383,2.359329714183635,2.6015932170656897,11.58128365839924,10.331396512349714,7.809502080729899,2.4677995792340828,2.8767590098811864,2.7309037227174855,1.7613640300987736,0.4984755311740896,0.0,2.0362119031483656,0.6621367472957825,0.8854716482997536,4.234592703651301,2.9255739305693984,2.2874093683710264,0.005948388794898062,0.0008601399943587778,0.0011456463984899133,0.784874982324337,0.6096369212943075,0.32457344882105577,2.1072359034671386,2.0174286758225075,1.9621691565328134,1.1903658765796934,0.0,0.0,0.0,3.40007422145043,0.8516571223962585,2.076332698157671,2.392698419464278,1.8206201269821856,7.076309293802372,4.156533042860017,0.6731785043478367,0.9489373628680821,1.8998773870445254,1.9373005394217209,1.3494761211903614,4.0159184562840995,0.5271436346394784,0.7379061854042089,0.4814162572996682,13.003688051762483,1.1908760316277396,2.2869094826985297,1.104106873719981,1.8930304909216524,6.306908968559576,9.941756002062426,1.0000000000000002,1.0,1.714684266474577,1.7372099488251096,0.0,2.640361387611523,0.0,1.8338986263669736,1.4262151641557375,2.7778222726346113,0.21219932372200123,0.17547120644552,0.0,0.0,0.0,2.5670631158023016,2.9055661197321037,0.5506098327861382
interval4200-4700,2,5,1.0001928016695703,0.9998817913741469,1.1149669946368357,1.1822260023919646,1.0160148967423368,1.1124682748127308,1.0249880959285262,1.003617674810047,1.1121296154300808,1.0248357796851453,1.0311981405125386,1.006907494596037,1.2691773750528257,1.1457717713074695,1.0474336272983984,1.0093182566376824,1.3851023943563538,1.4862883524665484,1.0328822614168887,1.006683416647936,1.2766138993106548,1.559551182418155,0.9999999999999998,1.0,1.0,1.0000000000000002,1.1186754992090064,1.0203241658103552,1.9145669314606946,2.9431953852894965,1.0000000000000002,1.0,1.0,1.0000000000000002,1.0126231003335937,1.012261274805338,0.9873046857256239,0.9941569708874244,0.9749739829289588,0.986525469169517,0.9982376881769304,0.9977590237218804,1.0,1.0000000000000002,0.8966866152835735,0.9727142685264885,1.0011071820713655,1.0012286871251432,0.9914206837742727,0.9945252972098371,1.0652284254533688,0.9289528976904698,0.9942747633277398,1.6323821992259566,0.9741812173841644,0.9966414823323917,1.4364210503116563,1.0071837250156723,1.009741231611007,1.090202040310772,1.1708137832602623,1.5608833567443254,1.4967842702931722,1.1905783632222577,1.5641244751365635,1.5453028830906035,3.34449646894474,5.627316345169647,4.895188133768512,1.3255941387794379,1.6722768668858639,1.6094563803703574,1.1893284137962497,1.3588954991884854,1.2505840588167187,1.2374521368126252,1.6428184479350496,1.560837829844884,1.7892957167937962,2.435644267471383,2.2258024470163353,0.006367278366149239,0.0009731988605281165,0.0012163038295339658,0.9922950539108357,0.9968125040199184,0.9632292878961011,1.2570563186774646,1.6889664657455654,1.6157706435164418,1.2076851635642802,1.3640063391425445,1.1735196163764836,1.344130169005799,1.821099732577285,1.2893629160423332,1.354709698796956,1.1966106378199162,1.1285014023595543,2.416670484468883,1.5990727517304448,0.9828053682842195,1.00495798644221,1.3862221873790705,1.217131513171492,1.3707358802925378,1.5370391055050503,0.9757943657531081,0.9836260034680991,3.301731146270035,3.920557935114519,1.263525277895605,1.278788434114933,1.2536213300300743,1.2149252761884626,2.82718366950929,2.7774907712392314,1.0000000000000002,1.0,1.1619962088728397,1.1603179584914824,0.6854433572657913,1.6788230640947035,0.5453736459002021,1.720272732138669,1.0150595794357828,1.2290924102523892,0.8976010271679029,1.007369265027115,0.5552094426079348,1.237529165960284,0.015142952997157457,2.3707482971622693,1.2330347215799737,1.062844062639232
interval5200-5800,1,,16.06647687690216,0.0,0.0,2.915917960292179,0.0,0.6824662195228747,0.0,0.0,0.6103875977154387,2.291212192843965,0.0,0.0,0.7609399219180231,1.0124519332296487,0.0,13.07378796465112,2.400595463778638,0.0839643556276287,0.0,0.0,0.0,0.14255506890355102,0.0,0.0,0.0,0.0,0.0,0.0,0.0,0.04238708923921066,0.0,0.0,0.0,0.0,0.0,0.0,0.731061701196733,0.0,0.16172333340986253,0.0,1.8095117994665153,0.0,0.0,0.0,0.0,0.0,0.7080289601484633,0.0,0.9278620685934665,0.0,0.0,0.3013655480437579,0.271980329421349,0.0,0.8856742782234429,0.0,1.5355836395459925,0.0,0.0,0.0,0.0,0.5282554475370909,0.0,0.0,0.0,0.0,15.419897602106467,1.6741832408205932,1.2984131412761997,0.6330538073758419,0.0,0.0,0.0,0.0,0.0,0.0,0.0,0.0,0.0,0.0,0.0,0.0,0.0801284130679151,0.023000903667693747,0.0,0.0,0.0,0.0,0.0,0.0,0.0,0.0,0.0,2.6891704641527676,1.3639135252615409,0.0,0.0,6.086134642749429,0.0,0.0,1.8687843783163625,9.861901048505917,1.175770783455013,0.0,0.0,0.9033099629697715,0.0,6.659612709151236,1.591072659475132,1.7772523766725608,0.6610201433582021,0.0,0.0,0.0,19.99913734527102,2.445698918347129,1.1848640442044927,0.0,0.0,1.0312857207718538,5.978985034274182,0.0,0.0,0.08373070521790421,0.007934023037215944,0.0,0.43953986505598003,0.2099334755511851,0.0,0.9691615708118322,0.7499039564158688,0.0,0.0,0.02168652488638797,3.771617387275116
interval5200-5800,1,-2,4.661655084692527,0.7565141783624383,1.0000000000000002,5.446600557682607,1.0000000000000002,1.089014879870564,0.0,0.0,0.0,2.786101010272377,0.0,0.0,0.788309054325461,1.041374409669534,0.5628873607841673,9.45203034392692,2.359167022771841,0.11793448419415209,0.0,0.34508851074915264,0.0,0.14197837835583166,1.0,1.0,1.0,1.0000000000000002,0.0,0.016023869989744418,0.0,0.046885514486367116,1.0000000000000002,1.0000000000000002,1.0000000000000002,1.0,0.0,0.0,0.7350547451080702,0.0,0.1616502821257654,0.0,1.7659944137542511,0.36077531065683105,1.0,1.0,0.0,0.0,0.7001231555097172,0.0,0.9330237995658367,0.0,0.0,0.30103501716317854,0.24506287835688528,0.0,0.883772103837414,0.0,1.5390239586426526,1.0000000000000002,1.0,1.0000000000000002,0.0,0.5322075062120462,0.0,0.0,0.0,0.0,10.142831271819851,1.6739958906977677,1.2998948184108605,1.237011837981481,0.0,0.0,0.0,0.0,0.0,0.0,0.0,0.0,0.0,0.0,0.0,0.0,0.08015732361390461,0.022861595351029457,0.0,0.0,0.0,0.0,0.0,0.0,0.0,0.0,0.0,1.1768362862282005,1.476219396925248,0.0,0.0,3.3013968142672274,0.0,0.0,2.4982284897212508,4.54440208799317,1.6715836007368217,0.0,0.0,0.7513034130548817,0.0,4.9745429683666815,0.408563734418398,2.2566513759554914,1.6523841828739474,0.0,0.0,0.0,7.6602356755748815,2.4468216626516637,7.438791069414514,1.0,1.0,3.0889839467069877,4.819841443264706,0.0,0.0,0.0670346396969806,0.020056813842789394,0.0,0.398880611508867,0.42486708069007034,0.0,0.9548555433696355,0.737475063097674,0.0,0.0,0.14990486746461662,3.3957034056034616
interval5200-5800,1,-1,1.872811336354603,1.1140615998304693,1.0,2.7744527528896548,1.0,1.556468753334501,0.47803346165562033,0.0,0.8973500328438195,3.1320419631097716,0.5181553216561549,0.8288991848721411,0.9698219100100962,1.1023674020013796,1.277452290093707,3.282607359077972,1.9550407811483805,0.2195198082584661,0.8619589115123737,1.160155115405096,0.2833649257155758,0.401623923908399,1.0000000000000002,1.0,1.0,1.0,0.0,0.27919309702507683,0.0,0.05455902895762986,1.0,1.0,1.0,1.0000000000000002,0.0,0.0,0.7143582690760921,0.06042068135678849,0.15282071191943344,0.14357369484636506,1.574552828459494,0.8085684940815275,1.0,1.0,0.0,0.0,0.6879733540869604,0.023991011270410287,0.905712895107958,0.0,0.10918686231146317,0.2958472360322735,0.14632184204269053,0.0,0.8721574431912993,0.08917823603925805,1.6543018112617331,1.0,1.0000000000000002,1.0000000000000002,0.2183892985559191,0.5848000643369565,0.0,0.0,0.0,0.0,6.098592621560114,1.6639645606043794,1.2990328829135587,1.445616746953876,0.0,0.0,0.26510231929298933,0.0,0.0,0.0,0.0,0.0,1.5834143371594382,0.0,0.0,0.10066741824498769,0.08024574753414247,0.023003660934427208,0.0,0.0,0.0,0.8432047973477562,0.0,0.0,0.0,0.0,0.0,0.26819515813446126,1.701596750172727,0.0,0.0,1.6720646723708195,1.2121088771650976,0.047879563394075834,2.8968125959706685,1.8886648159784623,1.4791111268212975,0.20429891939518216,0.0,0.7544147591978094,1.3942612292831271,2.6230492342530907,1.1035406736977849,2.527494203549165,4.1765170889050705,0.0,0.0,0.0,2.2586765227091448,2.5160824543227354,4.569340560020361,1.0,1.0,2.217389783227861,2.3944602391015493,0.0,0.0,0.013703054650679178,0.0,0.243675360692794,0.4991300022077869,0.808513898066609,0.20655977870636386,0.9347869731777189,0.7200929877385632,0.0,0.0,0.7145872371244105,1.6754945650352702
interval5200-5800,1,0,1.1461800646530873,1.0335710185784368,1.0,1.3534664852745724,1.0,1.5586757248209269,0.9465408445365785,0.9142597148926144,1.1791197277672394,2.3993101250810427,0.9751342396040414,1.1444563246644381,1.120002491177395,1.1010048512546984,1.064197708108451,1.4070328548582947,1.3322836984992223,0.6035661026815831,1.011732037204134,1.135136921505606,0.8368809598503228,0.5462120342320602,1.0,1.0,1.0,1.0,0.5305829548930127,0.7481115613259058,0.0,0.01343535550618906,1.0,1.0,1.0,1.0,0.20156637867568203,0.35386975329469683,0.6998569069167588,0.7499251839135932,0.13805693380494982,0.36653543795487403,1.09540108795181,0.8680758465326921,1.0,1.0,0.0,0.0,0.6608511251782367,0.5939368208860402,0.8357816003085486,0.5326506256458565,0.9076731892180401,0.2717992565627273,0.0,0.8345796962006764,0.8192878349793143,0.3437775849764156,1.0979390087186098,1.0,1.0,1.0,1.1033849671542804,0.7611052160569487,0.10642699204513524,1.0422588295136685,0.0,0.0,3.4088621768630603,1.3278784803187136,1.1821668989755933,1.3781661338037263,0.83102007510044,0.6551594269385704,1.140326920186737,0.3629249484609804,0.0,0.8945721020282217,0.0,0.0,1.6894810315769904,0.11766455404129904,0.0,0.7452849124933929,0.08246472861363786,0.021494110562140303,1.1138541982101062,0.0,0.0,1.2871657023511265,0.3339752472235251,0.0,1.0476700380067148,0.0,0.0,0.8314670480783917,1.6898258270630881,0.6917672575381216,0.6819149013157321,1.1137777773222104,1.1091284588489465,0.5747181292902599,1.7840079854091588,1.1858716461341332,1.1216491639676014,0.7182668146579692,1.2417869621960291,1.1408780876680364,1.5057443312587722,1.2984637906399665,1.0755408840826481,2.188284994727345,4.391305651528528,0.4578130603110675,1.1097869039205326,0.8173279032693077,1.1104207711582788,1.7706158212162209,2.408718616876939,1.0,1.0,1.2010305943873338,1.3158242094180213,0.3184374792126821,0.15925221624423247,0.0,0.0,0.6859158970000786,0.6433309359310941,0.8598342394755477,0.6466655155582581,0.6001917914753385,0.49460407009375795,0.08863342991179857,0.0,0.8544660133552056,1.067415714489324
interval5200-5800,1,1,1.0296936205490241,1.0139293643019462,0.9999999999999999,1.0874729017814087,1.0,1.228967232868542,1.0038953761734863,1.0291926708167498,1.0967617899916484,1.4241628644356092,1.0108358502635335,1.0622457324228156,0.9813144211052821,0.8739189145897868,1.0187309615304394,1.0811932941023537,1.015615142683066,0.778595896640076,1.0084843867594915,1.040910099216824,0.9679008070513204,0.7566148057324689,1.0,0.9999999999999999,0.9999999999999999,1.0,1.0026861115521593,1.1772595492479316,0.10164538013356102,0.0,1.0,1.0,0.9999999999999999,0.9999999999999999,0.8276543191575538,0.8950462771089139,0.8540028539533373,0.89498194822074,0.36574060115794244,0.670102959518989,0.9676482699433865,0.9409564071964313,1.0,1.0,0.23870925867089454,0.462727068559473,0.8254551688649434,0.856725977869987,0.9101382481747807,0.8791377705409626,1.0243850241547245,0.2931561874305766,0.3972873514367613,1.2133397237132588,0.7875328543526878,0.6520116494485627,1.1243070479932014,1.0,1.0,1.0,1.0941931117399764,0.8646693613959269,0.6659461079573122,1.1611629855614565,0.59678473114575,0.47320125276514863,2.0115004031509587,0.5037661894989575,0.3791826241227515,1.1769780916896107,0.8929225603461133,0.8436354653777215,1.104345771289832,0.7913061153173477,0.6093150260293969,1.1211567718593427,0.39825267010880094,0.15215864323030895,1.3414630182701661,0.6787245608568134,0.5815449172415146,1.7976155712741109,0.09247321264281116,0.017970704880102818,1.1771522837710084,0.6088027522467059,0.5692348371817983,1.1534984254806453,0.7443475077066685,0.5689207361435122,1.1878766818046738,0.5589609166205658,0.42233259825775055,1.1842947519001428,1.596309699191842,1.0617256942604825,1.2412159427262166,1.0257441667819596,1.0307959710251373,1.0796819580011188,1.2744368344381805,1.0278675231371999,1.0253737859725494,1.087688752539084,1.1674205117094474,1.1355643947238316,1.2255656933775152,1.0362537084258538,1.0174886618782146,1.8531520831590025,2.6605558303323247,0.9996095896636613,1.1172130306022265,0.9901115054460968,1.0050000531816923,1.3598703854604164,1.5577273164373884,1.0000000000000002,1.0,1.05035591336554,1.0921913655444113,0.42719204841213704,0.32206070818953114,0.13078966637074196,0.0,0.9030000524618601,0.8916836480003641,0.8893932918858871,0.8543095520640701,0.48776677689992504,0.39130441583902,0.7696693055897281,0.03105198735747517,0.9607300653316682,0.9684435885992083
interval5200-5800,1,2,1.004269288305736,1.002426956050879,1.0,1.0136007886255591,1.0,1.0373198847559522,1.0014565100132262,1.0075755919365337,1.0171968602438015,1.0707727464091743,1.002441064054554,1.011678908631045,0.9567472500172237,0.8470690397429477,1.003046886599574,1.0126070100200093,0.9666738641248895,0.8401221805349001,1.0015648302628575,1.006910188332652,0.9772540114848695,0.9216414976724991,1.0,1.0,1.0,1.0,1.0077408517733137,1.0559643046220115,0.5082421478129351,0.0,1.0,1.0000000000000002,1.0,1.0,0.9812981297763358,0.9865805898060459,0.969783609105712,0.9751288661207119,0.8358444075916079,0.9211615565921538,0.9924667214685641,0.9878258176781844,1.0000000000000002,1.0,0.7929276909751398,0.8961937122377756,0.9715277167246885,0.9731328568235318,0.9806948849900698,0.9742326733548288,1.010914829131333,0.7100042321075692,0.8554486345854675,1.0857307444274882,0.9280069994238656,0.9195053305904084,1.0513168903186867,1.0,1.0,1.0,1.0242336148439681,0.9329194344053283,0.8680112802619131,1.0402328247428063,0.8832856273961491,0.8275784365525737,1.2428197562016687,0.6088622008586403,0.4300263797302342,1.0420205486327485,0.9354497117432564,0.9009201381088092,1.025731215518457,0.9234688969857958,0.8653234522320639,1.034185010072538,0.8007619456055817,0.6903789267595589,1.0816799599089089,0.8538150025853235,0.7906977184361422,1.454224238109169,0.05439237688088644,0.0,1.044139633001333,0.8899635352445204,0.8584780205257991,1.0362194967367335,0.8971417089245302,0.8256690600575947,1.04757691329767,0.8688012283485669,0.8034841219996257,1.1272247715746544,1.1991998403925694,1.0607029009662812,1.0950016360237842,1.0094940519403564,1.0112090324566414,1.1223403283139037,1.0681458568902313,1.006115232754024,1.0063958627003176,1.0901644282134453,1.0425745905294788,1.0725635138932956,1.0569833314473647,1.007047970369506,1.0029034622602688,1.472679878945623,1.3980728285428665,1.0438134584503596,1.028876492168973,1.002061416211513,1.0015142646856035,1.167760715072799,1.1346392815887731,0.9999999999999998,0.9999999999999998,1.0195900445425428,1.027035966912634,0.6543475453972899,0.4763281986721038,0.5527186888997943,0.3271524903911559,0.9604708635642026,0.9411824129698445,0.9408370179098655,0.9091512712498522,0.6739680028759284,0.5048034549127279,0.886175943977986,0.4119270581563804,0.9763887175146817,0.9685821757086915
interval5200-5800,1,3,1.0003545216883223,1.0001750654813457,1.0000000000000002,1.0010988227472757,1.0000000000000002,1.0029646961697225,1.0000720005967025,1.0008087314173622,1.001316171822384,1.0073711594781936,1.0001602982247109,1.0012244129189198,0.9901068609310758,0.89593157826599,1.0002325495306472,1.0013051100146424,0.9919543986603891,0.9009786607612846,1.0001162645872506,1.0007182894531628,0.9949986543105905,0.9573515452539241,1.0000000000000004,1.0000000000000002,1.0000000000000002,1.0000000000000004,1.000024089388616,1.0060298293237466,0.9007068546698276,0.33952922747402264,1.0000000000000004,1.0000000000000002,1.0000000000000002,1.0000000000000002,0.9981863588146918,0.9985421048724898,0.9963024833007997,0.9968005044045504,0.9796651613981059,0.9899553355699332,0.9991383315714162,0.9985171603729562,1.0000000000000002,1.0000000000000002,0.9733967792742667,0.9867704809360772,0.9969594233868094,0.9968128174700795,0.997496236521808,0.9966926338192187,1.001433361934843,0.9596112376771028,0.9816273183349532,1.011290701285146,0.9905489697841221,0.989867967401901,1.0068172008780882,1.0000000000000002,1.0000000000000002,1.0000000000000004,0.9992930776489363,0.9758040277098757,0.9691101113765822,1.0001680978141538,0.9707208023398715,0.964627472541075,1.0008926141506407,0.8586208780797485,0.8526715262004554,1.0001266674610827,0.9776898137262593,0.97549460012661,0.9990008123979812,0.9770336278656335,0.9708629879360867,0.9999803919592295,0.9492181497240619,0.9365312332875069,1.0003461411860415,0.954178038629564,0.9508971817713071,0.9747745584431463,0.1329213421328846,0.01280555766670223,1.0003540674823,0.9726424614724447,0.9706228199677841,0.998864860131361,0.9690255354514408,0.9612289032325873,1.0000514432183318,0.9657253342935215,0.9586879256897015,1.0207701126606301,1.0268388258044892,1.0101150714957254,1.012978240878936,1.001339829566025,1.001567007801112,1.0200003204723862,1.0000667282638707,1.0008092223119167,1.0008447528662854,1.014656036478785,1.0000416792578737,1.0112461523114953,0.9995417466127366,1.0009241495354728,0.9996849001972831,1.0750852415134327,1.0029839431992684,1.007641818397489,0.9988667062606497,1.0002945692989182,0.9999849858937119,1.0258040123260246,1.0005306666667242,1.0000000000000002,1.0000000000000002,1.0029079695365508,1.0036216123832447,0.9103808994373292,0.8069791783620144,0.8849476719243203,0.7562354179654601,0.9900586881021896,0.9794488534099636,0.9847663542185895,0.9670888993332027,0.9150876881560818,0.816270858960653,0.92232524355729,0.6955597348251253,0.9870636661663198,0.9792015507861703
interval5200-5800,1,4,1.0000192282111822,1.0000021441433977,1.0000000000000002,1.0000470827312329,1.0,1.0001187049658162,0.9999906721269719,1.0000681015135284,1.0000328468620394,1.0006614019342375,0.9999958601101232,1.0001072431911413,0.9986636654525571,0.9778382794319143,1.000006635209545,1.0001181981370484,0.9989141875651417,0.9790625294901839,1.0000010599567795,1.0000637767431397,0.9993067486851527,0.9910534863289074,1.0000000000000002,1.0,1.0,1.0,0.9998531338313354,1.0004988965157615,0.9871696312520826,0.8582031661685486,1.0,1.0,1.0,1.0,0.9998123495702456,0.9998368040167198,0.9995587914581653,0.9996026619933542,0.9977795708197724,0.9987935821577663,0.9999046663763251,0.9998286793478446,1.0000000000000002,1.0000000000000002,0.9966960976175538,0.9982182541230248,0.9996813795528086,0.9996423223100377,0.9996600773717333,0.9995735009074914,1.000127923766786,0.9956055189946152,0.9977967635985643,1.0010242889712646,0.9989563714167228,0.998792956572195,1.000612655983844,1.0,1.0,1.0000000000000002,0.9993435784251792,0.9914855118983102,0.988069121112409,0.9992760925377676,0.9915225627935471,0.9888616898442301,0.9954836732509567,0.951149227988682,0.9408352893092684,0.9992221104760525,0.9924087132822061,0.9904952766116338,0.9992469152145362,0.9925974285715677,0.9899093679708832,0.9993053761069048,0.9852682535268746,0.9803882845541161,0.998515002668474,0.9850783808067309,0.9818996491919468,0.9821955866781819,0.5983229447498738,0.4164820582166071,0.9992528819257168,0.9921410402393148,0.9905641401239363,0.9990149439910064,0.9900759323956716,0.9865124065133897,0.9991036957325546,0.9898110833799074,0.9865918341294689,0.9981557962201745,1.0026540893465357,0.9990256915858856,1.0012823013670493,0.999809464595986,1.0001534854057248,0.9971676244252655,0.9985895212875946,0.999935911615928,1.000082810035148,0.9982085462896019,0.9991323041881134,0.9987696798529986,0.9987469360726484,0.9999449101530633,0.9998560601352411,0.9928971622929493,0.9930407953316568,0.9991200852843468,0.9991485581335252,0.9998314557507454,0.9999567522183432,0.9974166125377257,0.9974942743650677,1.0000000000000002,1.0000000000000002,0.9997020075905979,1.000357013579849,0.9858877649861791,0.9677652000615646,0.9815626043883796,0.9585863070679588,0.99837956829604,0.9964572285247814,0.997571283170077,0.9944314011104992,0.9866526963830418,0.9693615326856668,0.9837230208107646,0.9363868456208894,0.9972500339116482,0.9955527444563368
interval5200-5800,1,5,1.0000005887008823,0.9999989306851071,1.0000000000000002,0.9999994609479687,1.0,0.9999971011289219,0.9999976982204032,1.000005324038342,0.9999950446882535,1.0000573440854124,0.9999978888865042,1.0000089616801746,0.9998493734125329,0.9975001740751558,0.9999992893182079,1.0000103964420364,0.9998783038847547,0.9976402665137463,0.9999991938684584,1.0000054452642222,0.9999203684893321,0.998991611552109,1.0,1.0,1.0,1.0,0.9999730462780022,1.0000378246101107,0.9985765324581166,0.9839786999902025,1.0,1.0000000000000002,1.0000000000000002,1.0,0.999980943701052,0.9999823824370063,0.9999485581583756,0.999952463263884,0.9997620447254333,0.9998595960671238,0.9999897664371712,0.9999808483051736,0.9999999999999998,1.0,0.999602502755142,0.9997730799446107,0.9999672043589177,0.9999610697634428,0.9999563416221541,0.9999474102405228,1.000012018611994,0.9995372273839124,0.9997443186007865,1.0000972636532273,0.9998881770348161,0.9998609564458795,1.0000578794145467,1.0000000000000002,1.0,0.9999999999999998,0.9999171817314211,0.9987030828478114,0.997804740912747,0.9999067632921629,0.9987488693697668,0.9980276643284913,0.9994184255261602,0.9925860935364882,0.9890442627392333,0.9999001467385557,0.9988502747294791,0.998250105406174,0.99990625794084,0.9988874825310599,0.9981789439282451,0.9999093427804433,0.9978252193349433,0.9965413486859231,0.9998091265689719,0.9977554886199065,0.996695473200857,0.9976978391671574,0.9366442323293708,0.8864242850940854,0.9999036113926993,0.9988422926232446,0.9983213902695137,0.9998768593685896,0.9985100759788197,0.9975644435925876,0.9998849928600104,0.9984893388059588,0.9976109323304663,0.9993509411281541,1.0002597075105215,0.9996678253514064,1.0001253523524785,0.999943675255776,1.0000148956429897,0.9991544341589675,0.9998150972733592,0.9999769119848793,1.0000080684990935,0.9994407275882796,0.9998858713657375,0.999602023686606,0.9998404460749934,0.9999774879362987,0.999982529022447,0.9975669588027194,0.999100073833861,0.9997181462960748,0.9998937052689786,0.9999609190391903,0.9999942930407896,0.9991357350266374,0.9996773484565079,1.0,1.0,0.999901572159596,1.0000348691766063,0.998469591993074,0.9964875482130289,0.9979946501688562,0.9954735908081864,0.9998232368825597,0.999611713583143,0.999736042485346,0.9993916384353297,0.9985530226829438,0.9966625054547941,0.9981688969589979,0.9928317661211585,0.9996897035886773,0.9994977790909619
interval5200-5800,2,,18.530869663930716,0.0,0.0,2.601304233059704,0.0,0.828644334518851,0.0,0.0,0.0,2.477775176474795,0.0,0.0,1.1369742540488132,1.1366291668972617,0.0,13.6033146406503,1.9868101314030548,0.0,0.0,0.0,0.0,0.1790210511205822,0.0,0.0,0.0,0.0,0.0,0.0,0.0,0.029961629992849338,0.0,0.0,0.0,0.0,0.0,0.0,0.6702574771068959,0.0,0.1466281540942774,0.0,1.738990910173784,1.1170335441113897,0.0,0.0,0.0,0.0,0.683460201415485,0.0,0.8614453427200867,0.0,0.0,0.3060388244094968,0.22433146198389178,0.0,0.8917138869100523,0.0,1.76133382107786,0.0,0.0,0.0,0.0,1.0479073771136898,0.0,0.0,0.0,0.0,16.196139638191923,1.8012342398461596,1.4938841662627393,4.10108435029967,0.0,0.0,0.0,0.0,0.0,0.0,0.0,0.0,0.0,0.0,0.0,0.0,0.08206728041037088,0.024087931949823227,0.0,0.0,0.0,3.3976585262814756,0.0,0.0,0.0,0.0,0.0,2.7030865307299905,1.3368596265915327,0.0,0.0,6.21162051940209,0.0,0.0,3.2269640769478873,11.352174689542249,0.651691920412556,0.0,0.0,1.4198019338597827,0.0,6.866439909865847,0.0,1.8286262478010762,0.0,0.0,0.0,0.0,20.09547664012562,2.076738561125653,0.0,0.0,0.0,1.4861758507311023,4.690543427266583,0.0,0.0,0.08877776420157182,0.0,0.0,0.4391443836011305,0.10521800967676366,0.0,0.9505876847026139,0.757211067053529,0.0,0.0,0.0,3.6597538739722637
interval5200-5800,2,-2,18.29003141862243,0.0,1.0,2.65360250305285,1.0,0.8339363960073467,0.0,0.0,0.0,2.4774984399834334,0.0,0.0,1.1363572071186154,1.1364000535019456,0.0,13.602415054282734,1.987306261103084,0.0,0.0,0.0,0.0,0.17903385446211986,1.0,1.0,1.0,1.0000000000000002,0.0,0.0,0.0,0.02998143991746093,1.0,1.0,1.0,1.0,0.0,0.0,0.6703042497665657,0.0,0.14664022458209713,0.0,1.7390033107832228,1.115696620712413,1.0,1.0,0.0,0.0,0.6834944629920315,0.0,0.8614665195585778,0.0,0.0,0.3060450700994582,0.22434868438837458,0.0,0.8917259730458897,0.0,1.7615199680126208,1.0,1.0,1.0000000000000002,0.0,1.047900395439721,0.0,0.0,0.0,0.0,16.201233874410683,1.801237547961689,1.4939011733280203,4.076887883477742,0.0,0.0,0.0,0.0,0.0,0.0,0.0,0.0,0.0,0.0,0.0,0.0,0.08206733848847438,0.024085663428885504,0.0,0.0,0.0,3.395462936148258,0.0,0.0,0.0,0.0,0.0,2.6975193837317537,1.3369064923260938,0.0,0.0,6.201387733075892,0.0,0.0,3.2261850750991004,11.330896557733825,0.6520714711332863,0.0,0.0,1.4191406153618937,0.0,6.861664115938411,0.0,1.8304115792265387,0.0,0.0,0.0,0.0,20.039662690525414,2.076529650341919,0.0,1.0000000000000002,1.0,1.4955594162623957,4.689726230584989,0.0,0.0,0.08882423666807646,0.0,0.0,0.43915257351624293,0.10489565723521152,0.0,0.9505847628712383,0.7572110125371091,0.0,0.0,0.0,3.660659286222805
interval5200-5800,2,-1,16.41091092446127,0.0,1.0,3.0590359103615348,1.0000000000000002,0.8761158762331192,0.0,0.0,0.0,2.4773190679878914,0.0,0.0,1.1317157732952097,1.1344273823724154,0.0,13.582423881242976,1.9909374869005092,0.0,0.0,0.0,0.0,0.179240944304837,1.0000000000000002,1.0,1.0,1.0,0.0,0.0,0.0,0.030162339534317184,1.0000000000000002,1.0000000000000002,1.0,1.0000000000000002,0.0,0.0,0.6706683587463038,0.0,0.1467337646296481,0.0,1.7390227048543612,1.10490946357463,1.0,1.0,0.0,0.0,0.6837663942292896,0.0,0.8616218878484936,0.0,0.0,0.30609226705321246,0.22452332052736926,0.0,0.8918185758950398,0.0,1.7631581256548894,1.0,1.0000000000000002,1.0,0.0,1.047838439108555,0.0,0.0,0.0,0.0,16.243470403531408,1.8012666720267545,1.4940502289978046,3.877409869128068,0.0,0.0,0.0,0.0,0.0,0.0,0.0,0.0,0.0,0.0,0.0,0.0,0.08206777116577235,0.024065896614708877,0.0,0.0,0.0,3.3758726243244825,0.0,0.0,0.0,0.0,0.0,2.6485632656890576,1.3373876951230899,0.0,0.0,6.111431749987594,0.0,0.0,3.2204194747784687,11.143881011333235,0.6556627370664062,0.0,0.0,1.4133372484788203,0.0,6.819490599676193,0.0,1.8461060321603109,0.0,0.0,0.0,0.0,19.554573943807693,2.0747319880585384,0.0,1.0,1.0,1.5778542681762295,4.681857537789956,0.0,0.0,0.08921984158463198,0.0,0.0,0.4392552151839073,0.10218744551566501,0.0,0.9505555712047236,0.7572100421756088,0.0,0.0,0.0,3.667901737694215
interval5200-5800,2,0,8.860926891665013,0.0,1.0,4.572554670260091,1.0,1.0832533040618588,0.0,0.0,0.0,2.5583921871712114,0.0,0.0,1.1173408744346514,1.1352600240192512,0.0,12.968387433268465,2.001127990529078,0.0,0.0,0.0,0.0,0.159664158321991,1.0,1.0,1.0,1.0,0.0,0.0,0.0,0.031234104370043373,1.0,1.0,1.0,1.0,0.0,0.0,0.6714848540058921,0.0,0.1469137743153452,0.0,1.7345043608202255,1.0630028020356748,1.0,1.0,0.0,0.0,0.6847515946621916,0.0,0.8614436759129066,0.0,0.0,0.30610608764053515,0.22702617962514776,0.0,0.8919528840463438,0.0,1.7667919494113304,1.0,1.0,1.0,0.0,1.0473476412041356,0.0,0.0,0.0,0.0,14.495056726708945,1.8015182732100468,1.495364312283499,2.8079105753511584,0.0,0.0,0.0,0.0,0.0,0.0,0.0,0.0,0.0,0.0,0.0,0.0,0.08206843954913987,0.023905119761647768,0.0,0.0,0.0,3.2438642602187544,0.0,0.0,0.0,0.0,0.0,2.2514933780657507,1.3399321834701294,0.0,0.0,5.397014404094522,0.0,0.0,3.197204064987145,9.633676668434214,0.68641138650712,0.0,0.0,1.3675280735071988,0.0,6.463637108933938,0.0,1.974573073596531,0.3777323380625354,0.0,0.0,0.0,15.81200160956495,2.059334088538575,2.470085374116287,1.0,1.0,2.2236684985704733,4.628227964313606,0.0,0.0,0.08868807506925286,0.0,0.0,0.4378972360741011,0.1120281231140174,0.0,0.9499675549375749,0.756822414248141,0.0,0.0,0.0,3.7273857096168728
interval5200-5800,2,1,3.015278887269477,1.076267312674001,0.9999999999999999,4.119119827517338,0.9999999999999999,1.5912083713676526,0.0,0.0,0.0,3.0947502594568337,0.0,0.0,1.1513045996064264,1.1738246068549953,1.088112554040191,7.7627512534761784,1.859089933242485,0.0,0.14977666556635327,0.8623574100461934,0.14747051741593842,0.20389586724899048,1.0,1.0,0.9999999999999999,1.0,0.0,0.13953283708169684,0.0,0.044351003999708545,0.9999999999999999,1.0000000000000002,0.9999999999999999,1.0,0.0,0.0,0.6710915808074673,0.0,0.14597774951410966,2.585012122847527e-05,1.669732822665368,0.9755059927439942,0.9999999999999999,0.9999999999999999,0.0,0.0,0.6845023983851078,0.02634079342005682,0.8572480908679134,0.0,0.0,0.3046197304917804,0.24622145195060405,0.0,0.8896605297069269,0.0,1.809561720453216,1.0,1.0,0.9999999999999997,0.0,1.0477087511580894,0.0,0.0,0.0,0.0,9.723546981278298,1.801515555748739,1.4987294051905198,1.598980591889368,0.0,0.0,0.0,0.0,0.0,0.0,0.0,0.0,0.9995557876133516,0.0,0.0,0.022442411880661647,0.08210055971372461,0.023528802422377437,0.0,0.0,0.0,2.336156616084756,0.0,0.0,0.0,0.0,0.0,0.9255918470809675,1.408123527569102,0.0,0.0,3.1624602299543834,0.0,0.0,3.6143260353682956,4.865425769549133,1.2403503642501796,0.030473160746266537,0.0,1.1819195154044448,0.0,4.999913837241333,0.0,2.398093101948524,1.8224987812739537,0.0,0.0,0.0,6.491964957760487,2.092454199488588,6.675240234127852,1.0,0.9999999999999999,3.603468260357239,3.8199567627161914,0.0,0.0,0.08218018894902918,0.0,0.0,0.466575747598013,0.23546806604367548,0.0,0.939315787719857,0.7542344001491825,0.0,0.0,0.0,3.202690870990903
interval5200-5800,2,2,1.3741261838519003,1.0614750844064174,1.0,1.7635501104218205,1.0000000000000002,1.8894350700870188,0.7825987146019989,0.19365250033979928,0.8983550662248393,3.1518013268075507,0.8353959021391533,1.0782476817976254,1.1813388696754261,1.2706772795291383,1.1311887128338147,2.4288531354879863,1.4177732433625747,0.1415464010261086,0.9788418238075214,1.2269917769371894,0.66787479778951,0.4063367104513769,1.0000000000000002,1.0,1.0,1.0,0.0,0.4805476693678964,0.0,0.04066675651369769,1.0000000000000002,1.0,1.0000000000000002,1.0,0.0,0.0,0.6497692448170012,0.6038534894174673,0.12597547568564055,0.2507954172304472,1.267088417159173,0.8817805429713056,1.0000000000000002,1.0,0.0,0.0,0.6478738428540565,0.5372890321293327,0.8111630249558792,0.05046621620643207,0.6468124676040289,0.2884994933810769,0.0,0.4333912166072613,0.8546487489188247,0.3025073792633688,1.3344217967111365,1.0000000000000002,1.0,1.0,0.9688831073876177,1.0600919986439379,0.0,0.27732073765067045,0.0,0.0,5.018117009295327,1.7951010534952831,1.4949225344112214,1.4769632784428968,0.0,0.0410900463697162,0.9580242522327149,0.0,0.0,0.0,0.0,0.0,1.7659652703402313,0.0,0.0,0.41236538986687776,0.08247001206602024,0.02328677160300785,0.1938835896747304,0.0,0.0,1.5553892133581357,0.0,0.0,0.0,0.0,0.0,0.06772056680532834,1.61079360421078,0.16148717426090178,0.0,1.5488048545473796,1.0618426666416567,0.15913109745883777,2.640983879238568,1.952087493508776,1.3526188420511716,0.2840809794417384,0.8094546636717493,1.1242300183453988,1.5298601456867822,2.5856486583553138,1.0384436901181562,2.6137514090320533,4.602779910009361,0.0,0.8599564090805136,0.0,1.7959853405621589,2.17811800831485,3.5599685544812916,1.0,1.0,2.1420962978867037,1.9099677631082028,0.0,0.0,0.02272499562092429,0.0,0.100425383191687,0.4675531100006115,0.7476211247694421,0.29535885391304173,0.9216240986069167,0.7128563284412704,0.0,0.0,0.39490563936279977,1.5754858798300237
interval5200-5800,2,3,1.0672805830507697,1.0213843644777814,1.0000000000000002,1.1700015073746524,1.0000000000000002,1.4505049068350602,0.9844973073416147,1.0055977232037399,1.120248339330936,2.1145711713690285,1.0017666879244604,1.1398216040750628,1.056554246352746,1.1483082810378205,1.0336473339225578,1.2689352757127081,1.0898158328761174,0.5958304032876034,1.0096495495760467,1.105159898732415,0.9650190844406,0.49650868200049436,1.0000000000000002,1.0000000000000002,1.0000000000000004,1.0000000000000002,0.8354392314729148,1.0853926663232307,0.030972388782370346,0.0,1.0000000000000002,1.0000000000000002,1.0000000000000004,1.0000000000000002,0.6546732406743067,0.793621726184204,0.78412294460359,0.8529363268369116,0.21542489314306476,0.557006462856001,0.9738392000449335,0.9157290455242489,1.0000000000000002,1.0000000000000002,0.07563710708667694,0.07693188710739932,0.7265245294882432,0.7795559193106617,0.8660182985827402,0.8084479310266851,1.0041062520732609,0.2619282913027786,0.19613273502907444,1.210619092427585,0.7824780948684689,0.5223741943655429,1.1862624607991232,1.0000000000000002,1.0000000000000002,1.0000000000000002,1.1594866234237389,0.9817336268351545,0.4724768694908513,1.1943384807607256,0.005597793213584696,0.0,2.9851484212890784,1.2949461530325468,1.133757048888164,1.3342810415081614,0.8821075385380807,0.8317705635993184,1.1822592120727746,0.7008308300658401,0.1890104399972998,1.1084717219154898,0.0,0.0,1.6200747036615633,0.3912366300166532,0.26567051070510567,1.1912116002211492,0.0877020232942108,0.021033411450510537,1.2207267863932278,0.0,0.0,1.3203438967193935,0.5600186392246161,0.29119757155682724,1.213102155146351,0.0,0.0,0.724586185854804,1.6277951496434555,0.8759704333513203,0.9000143891065104,1.1114405133369665,1.056479000285999,0.7211676340626274,1.6417365815461356,1.2010972070201666,1.0904455059900167,0.8259055674454556,1.3106091071934247,1.269838023178935,1.4353815461159172,1.3002449286884594,1.0518712395913785,2.173971431781069,4.017897048906847,0.5893776134240437,1.195437997306657,0.8561152689007078,1.0538516926051738,1.686651091382301,2.1164657732682306,1.0000000000000004,1.0000000000000004,1.1830622455611437,1.2147564610038701,0.30456519536262167,0.22225533652038,0.0,0.0,0.6416017362645826,0.722802175672574,0.8282592238158525,0.7149377414328711,0.5993509316501089,0.43086018292429096,0.3173497958107088,0.0,0.8503832058281399,1.0397986231551557
interval5200-5800,2,4,1.0134394963962416,1.007483470836165,1.0000000000000002,1.041499015300027,1.0000000000000002,1.1206262096292237,1.0038371574355331,1.030040902168543,1.050485043443885,1.30770007184062,1.0070029588311085,1.049205496912436,0.9452348860909207,0.923255781095187,1.0093567679157442,1.0566874250361047,0.9588122378945889,0.8270133297072501,1.0045307942732769,1.0291316466180862,0.9673152973365037,0.8128775469927735,1.0000000000000002,0.9999999999999999,0.9999999999999999,1.0,1.021818597844834,1.2248274632028628,0.2902042772920606,0.0,1.0000000000000002,1.0,1.0,1.0,0.9538724391431888,0.9684999824618168,0.9393627575245486,0.9521927677771529,0.6856487728803056,0.8477987943267177,0.9833858339958935,0.9749713660328818,1.0,1.0,0.6183512139125483,0.7969187431127182,0.9323045650404328,0.9432356087901329,0.9611505577231602,0.950227821281003,1.0259488245266328,0.4934028322001555,0.718252754014121,1.2098888929970124,0.8550080340078299,0.8402796127570681,1.1260571331448752,1.0000000000000002,1.0000000000000002,0.9999999999999999,1.0770056761520477,0.9235136528648752,0.810044164637766,1.1227506398563951,0.7512313888408154,0.6633520504758671,1.7655351074556636,0.5745533056678248,0.4756598777021089,1.1338362975046583,0.9126782739853514,0.8855310524003345,1.083678191067435,0.877374831545902,0.7625266760489717,1.1013801279786373,0.5877827043322699,0.42465065325189894,1.2573832975564883,0.7626229969198925,0.7060196518553792,1.9846150932169102,0.09252689319995312,0.011703772516161346,1.134265263180091,0.7588679243846912,0.7226830343801836,1.1221750041621337,0.8266474950560888,0.732234356741013,1.1432443036766142,0.7329647360946772,0.6531838911069218,1.1282292647246195,1.5628973878362777,1.0736041634543654,1.241239005268284,1.0336988938388216,1.0305074491181467,1.1674006722050154,1.2212087672486711,1.0341738238292875,1.0237684306341175,1.1262380926933016,1.1383049523113205,1.1593691825264376,1.1781055560075706,1.0432361437567064,1.012572111814537,1.8153626864481807,2.250662318391951,1.0128624767037266,1.094321658985094,0.9990867858072544,1.0037190089195063,1.3520349537287235,1.4216945840924462,0.9999999999999999,1.0,1.0536891467750682,1.0844690349773893,0.4248442380115755,0.34774285939991356,0.1135286309457817,0.0532959530879274,0.8928124976645613,0.9062925475011875,0.8884496117304688,0.8720170824021014,0.48911677320290037,0.3992564682658474,0.8856399447278143,0.06316053007385249,0.9600587276361967,0.9767246472947235
interval5200-5800,2,5,1.0016742457519199,1.0010270492758615,1.0,1.0054466934458013,1.0,1.0157081799496641,1.000687830279176,1.0050684651017778,1.0071211202263666,1.0433749280107156,1.0010706585468598,1.0073077869146994,0.9799896701718107,0.8583041809770955,1.001248601189678,1.0076673581726536,0.983530620658652,0.8539970102033922,1.0006498959514332,1.004125770296561,0.9897460069458763,0.9318361677032927,1.0,1.0,1.0,1.0000000000000002,1.0043598544615304,1.039983062430058,0.7936207703342256,0.031122119174062463,1.0000000000000002,1.0,1.0000000000000002,1.0000000000000002,0.9956758103450952,0.9965399260025645,0.9915412404319353,0.992725920213983,0.9526162664264798,0.9769266297470018,0.9978489423824826,0.9964615993872797,1.0000000000000002,1.0000000000000002,0.9422449123938006,0.9712284206969856,0.9922457773117921,0.992372362096755,0.9943506960959795,0.9926725349443284,1.0069451164579906,0.8990208209808572,0.9571683714166032,1.054971913890936,0.9742074726093537,0.976075593463967,1.0340086133750839,1.0,1.0000000000000002,1.0,1.0138674535969623,0.9619610255356954,0.9459803983789105,1.0220487054571963,0.9387874927809396,0.9265788076732934,1.1412333586761447,0.7707173676684944,0.7856849458197446,1.0241696830610898,0.9621824913976996,0.9615783208472394,1.014560692757174,0.958930620593822,0.9438991508966799,1.0197290531662075,0.8931571621747662,0.8653913668238341,1.0468407409475602,0.9168845130460961,0.9181350612629211,1.2904844436039373,0.06931888163360485,0.0,1.0245807276055636,0.9423091277359343,0.9417580323198474,1.0207036163390735,0.9428039538904642,0.9280907148070243,1.0261379740659404,0.9308242832480504,0.9191051948763395,1.0943498985771083,1.1571347975467257,1.0492635509404153,1.0737536580685516,1.0091474631373427,1.0096418548121353,1.1097685412419267,1.0423047644749113,1.006357419245993,1.0054532392402304,1.0773951049375414,1.0261155548513003,1.0620344488071372,1.03379674411524,1.0075841970782025,1.0016467115277305,1.3804396290642509,1.2293140178477566,1.035204728509072,1.0161733637195727,1.0022855857049533,1.0012153621162885,1.1372232306800683,1.0786345697451583,1.0,1.0000000000000002,1.0168632862196174,1.0221780555168027,0.630727226684305,0.5762205769179984,0.5276158519955225,0.47068452506474007,0.9566809695397168,0.9541273716463612,0.9380288920341776,0.9286659536736896,0.6515046670019474,0.5971707069684757,0.8978618307314344,0.47237429585730667,0.9783184233537613,0.9710877072531775
nomask,1,,8.100484014592615,0.0,3.601778498010449,5.9797151183007955,4.800352391459875,0.8889642648217247,2.78568537631687,0.0,0.0,1.4574331028617322,0.295322086202217,3.5626188373268777,0.6400000693835909,0.0,0.0,1.1834754556608253,0.1786948169042205,0.05414515940715224,0.0,0.0,0.2776674170516876,0.6124108578123352,0.0,2.571090136013226,0.0,0.0,0.0,0.9417353759462779,0.21741956397168447,0.0,0.40678865322393515,0.016472649664321007,0.002886730582850974,0.0,0.20565071872820478,0.0,0.9152995867086403,7.325202898898987,0.06919031981495112,0.0,1.486206725921817,0.0,0.2346649350862345,0.8046037288080955,0.21077070808744536,0.294654683379487,0.4138495456992742,0.0,1.2485287860787129,0.0,0.0,0.25976353362872534,0.0,0.0,0.5762364643553916,0.0,0.0,0.045928345934964254,0.0,8.173913686817263,0.0,0.0,0.0,0.0,0.0,0.0,19.35488048923494,2.4787509715602254,2.0256160710634226,0.0,0.0,0.0,0.0,0.0,0.0,3.246690362094218,0.0,0.0,0.0,1.3130753097072545,0.6865275656881872,0.007975281372260948,0.0013769431960481266,0.001675557393667859,0.0,0.0,0.0,0.0,0.0,0.0,0.0,0.0,0.0,1.4998612474401067,0.0,0.0,0.0,0.0,2.8635288871895517,0.6531433313366029,0.0,4.302103224501018,0.0,0.0,0.0,0.0,0.0,0.0,1.8306123515679928,2.8370745987299575,0.0,0.0,0.0,0.0,0.0,0.3409601109492604,3.7057649789601594,0.0,0.0,0.0,11.380772710182596,0.600904239372766,0.6285593460597513,0.4340532161827089,0.13566705164135412,0.5211991666292758,1.4909150545086767,0.0,0.0,0.0,0.0,0.0,0.12551609727800994,5.1954588191543865,3.419962117239952
nomask,1,-2,6.458736649608246,0.0,3.5815568401816553,5.975328100783944,4.311836040921649,0.9419896585057614,2.595695526583443,0.0,0.0,1.4563585044547944,0.8358260733438326,3.482936048253693,0.6341672611646374,0.0,0.0,1.1968141626360083,0.1794618589840899,0.05338762111620639,0.0,0.0,0.2789858542172736,0.6101073499837175,0.0,2.5879979999705847,0.0,0.0,0.0,0.955310355067431,0.21828716178670757,0.0,0.5757330514162656,0.029392802954243572,0.0038844261421292488,0.0,0.20583509346112872,0.0,0.9230031311141372,7.2340769853569835,0.07186770766635595,0.0,1.4882032140428318,0.0,0.23650226681098882,0.8716323183722388,0.21087384525862912,0.2952761573955624,0.4149252871208597,0.0,1.2549579212780198,0.0,0.0,0.26118875218575716,0.0,0.0,0.577484723387732,0.0,0.0,0.04946911736904799,0.0,7.917043412397308,0.0,0.0,0.0,0.0,0.0,0.0,19.347294904390626,2.478723237493487,2.026092393653116,0.0,0.0,0.0,0.0,0.0,0.0,3.2635362381659365,0.0,0.0,0.0,1.313074766316157,0.6862791137756011,0.007975374423322691,0.0013769421081602892,0.0016755617738840013,0.0,0.0,0.0,0.0,0.0,0.0,0.0,0.0,0.0,1.4955204482069915,0.0,0.0,0.0,0.0,3.051683848458705,0.6618683694774563,0.0,4.078042146005801,0.0,0.0,0.0,0.0,0.0,0.0,1.817892207511362,2.837274132386876,0.0,0.0,0.0,0.0,0.0,0.34040189776916696,3.727417996488365,0.0,0.0,0.0,11.144678767891117,0.6014639440266706,0.628379618088983,0.4328997850179237,0.13558012846820613,0.5325736294726837,1.4951614922800067,0.0,0.0,0.0,0.0,0.0,0.12796053194625992,5.146535658560552,3.4016055886569005
nomask,1,-1,2.769110353570492,0.0,3.3844998109776125,5.87364501231869,2.7310332136201967,1.0713173964377642,1.9126049798165077,0.0,0.0,1.4680373809621818,1.8659179188011195,3.2272314281138503,0.6182191895637255,0.0,0.455651053365083,1.2405033290381007,0.17254427224245286,0.042646915608264044,0.0,0.0,0.2946883196686268,0.611759779187309,0.0,2.575003397733138,0.0,0.0,0.0,0.9973489016586597,0.22143632929288734,0.0,1.146496820245715,0.16698782999599154,0.009969942560881734,0.0,0.20822671740389437,0.0,0.9826526542872595,6.561338741061684,0.09220193355987974,0.0,1.497822142127106,0.0,0.25825431303382396,1.3027658546762269,0.21170144416799627,0.30078940435525325,0.42365210751447385,0.0,1.303327931138654,0.0,0.0,0.2718789410465234,0.0,0.0,0.5868700692835304,0.0,0.0,0.08109949551906148,0.0,6.280865189059927,0.0,0.0,0.0,0.0,0.0,0.0,19.114073425556832,2.478533188755681,2.0290133875947363,0.0,0.0,0.0,0.0,0.0,0.0,3.2914884434307248,0.0,0.0,0.0,1.313058788578034,0.6848774046191171,0.007978060848449977,0.0013769418877768154,0.0016758270878496151,0.0,0.0,0.0,0.0,0.0,0.0,0.0,0.0,0.0,1.4737828575587244,0.0904095101223251,0.0,0.0,0.0,3.905796028414113,0.708431322820194,0.0,2.9114940100980884,0.0,0.0,0.0,0.0,0.0,0.0,1.8082406736244665,2.837598311034833,0.1281477018250095,0.0,0.0,0.0,0.0,0.33743285274459,3.8427092519777912,0.0,0.0,0.0,9.210509218303185,0.6080191409187736,0.628903051297695,0.422992266956532,0.1344120712376236,0.6179013202487319,1.5238946849592818,0.0,0.0,0.0,0.0,0.0,0.14630893325687835,4.69023902529481,3.2881657437971237
nomask,1,0,1.2051593671928011,0.8166876485751429,2.4280404573278034,4.401422037631771,1.419532105907769,1.0643921057283452,1.2251730342457177,0.5411644528541085,0.914066944863067,1.4560985377569764,1.4527633107443891,2.320570661180381,0.5520853880915891,0.0,1.0774780116374605,1.5226979802101526,0.13531176723935662,0.0,1.033372590601355,0.03320105147950336,0.3784136520488015,0.7242698578219542,0.9752194792130715,1.927804494624945,0.0,0.0,0.1700121897290445,1.0812639493252012,0.23581601643334932,0.01452538998080002,1.0440165498315324,0.8403791663970068,0.05603900507804745,0.0,0.19096935935655376,0.0,1.2561397740436246,3.8428656577989995,0.18163094580069306,0.0,1.401149661712004,0.27256990345748916,0.5011293466605651,1.8255014307282613,0.21654201877407503,0.33980140631137146,0.4667359618785755,0.0,1.4895761931151863,0.0,0.0,0.3136145864859691,0.0,0.06316208427418044,0.6216400031658491,0.0,0.019561729316784786,0.17231523434804957,0.7659923942536203,2.683828603176596,0.0,0.0,0.0,0.0,0.0,0.0,16.57754288320001,2.4761193994553605,2.037157776640594,0.0,0.0,0.0,0.3755814814099252,0.0,0.0,2.5296425697714646,0.0,0.0,0.0,1.313788730751415,0.6840255764261294,0.008007994821765455,0.0013770407031276463,0.0016776679148884702,0.0,0.0,0.0,0.0,0.0,0.0,0.0,0.0,0.0,1.4521779255726868,0.8259063343922066,0.0,0.0,0.0,2.550966517617953,0.7904025344254223,0.0,1.398950035610569,0.4510812337484245,0.0,0.0,0.0,0.0,0.0,1.421038967253806,2.826109515267164,1.674289399924956,0.0,0.0,0.0,0.4002002547984586,0.33532905311515737,3.8610190676417853,0.0,0.0,0.0,3.417702859354296,0.6387227404102485,0.6361206927114497,0.31453219328718784,0.1540948326493827,0.8815453090483024,1.404298640340426,0.5688677873129502,0.0,0.0,0.0,0.0,0.21580680842232103,2.4373566263689455,2.6081279922409117
nomask,1,1,1.0214477896933967,0.9780425889791486,1.5347149489321028,2.0363686818924585,1.1331156840135461,1.0986228172918855,1.0960540278043922,1.0326647303693086,1.3975893275357085,1.3659049134007837,1.1603141197672755,1.303602794397301,0.47402722093589456,0.0,1.2756358244234522,1.3537802372230197,0.08673133651013763,0.0,1.2147742991060244,1.0708417157209318,0.5025513941913137,0.7607264886795883,1.0904973563901745,1.223099399706355,0.0,0.0,1.1526886012726354,1.1768744607733863,0.28416653883596854,0.2252352352430915,1.0166559831851283,1.0298638467280734,0.24165564446733742,0.0,0.26682826327780507,0.49717244459767446,1.3054295573637467,1.4768190990984027,0.2867689274890944,0.27769108874074894,1.0168783341419245,0.8574317846123486,0.8605010470014962,1.2106500864632337,0.21922427832649202,0.39854630130685076,0.532517980199231,0.5612302639220609,1.260891081776642,0.6698671183235042,0.890002348237147,0.3233340934657772,0.004715925910966619,0.8302011903901169,0.622772998667268,0.2745390855040576,0.8603630979066555,0.5622763221076724,0.9248188308495376,1.1966719967518131,0.6709360785898987,0.0,0.0,0.9137029902861722,0.13844740027224828,0.0,8.716835935096748,2.3823167438000805,2.053898835045698,1.137835957928198,0.6656060357437205,0.0,1.3529604598216183,0.0,0.0,0.8108540226327575,0.0,0.0,1.4475298531550473,1.2101877483499586,0.6715606844563274,0.008133513009861783,0.0013784232852474731,0.001680067955699733,0.0,0.0,0.0,0.6021067777497022,0.0,0.0,0.3118862935429611,0.0,0.0,1.4433012586334035,1.3565220669267422,0.0,0.5400135672676455,0.6563768369667013,1.083269632211972,0.8159815599588354,1.1961417907039318,1.0137893811831902,0.9807448178519813,0.0,0.3128883738007669,0.644395030578433,1.0074275387932474,0.5952758457786291,0.9608484323160669,2.674098638542475,4.575217612644742,0.0,0.0,0.0,0.8080549175636694,0.3268440693621214,2.8642523280928733,0.0,0.0,0.6618992241436179,1.1835180058614359,0.41678464358078193,0.5761980299302859,0.2552456564839711,0.08995419812318116,0.9455978548750571,1.0690833779323465,0.8692875790621409,0.674634839381053,0.27292293751892827,0.09167592207883365,0.34814821756329123,0.08983145656073561,1.017530245844493,1.0808767893011137
nomask,1,2,1.0092882322227152,1.0046877157536145,1.1100448541954515,1.2108441503990255,1.029009918111621,1.1491940397134293,1.0307574500803636,1.0429956818792738,1.14736479867542,1.1927601266215193,1.0447558560071235,1.087592406002564,0.6279092564333759,0.21344745913882895,1.0875415126488712,1.159456658086635,0.1947805297739192,0.0,1.0614623450222396,1.0898895099904506,0.4743172507265238,0.6183855861017757,1.0245209057375029,1.0675134432375974,0.41112246457172946,0.0,1.127450700724684,1.1992091987280702,0.41085518565961204,0.4378431293284524,1.0011364433367629,1.0144059928946674,0.6416754205816116,0.006480478262315736,0.7384406173294288,0.8953058437175222,1.0253064077662712,1.0068925182851203,0.6243816668265486,0.8051745593786194,0.9760405280438287,0.9627086631295957,0.9664223289603582,1.0115680392614985,0.23556218271971774,0.4795123523986707,0.8322028961461689,0.8900106354946331,1.0107825122975855,0.9316499861789731,1.0539256956228702,0.4338375315464841,0.6480954932636975,1.2576110936344103,0.7658760643377036,0.7829228467614223,1.122718338283929,0.908308704480828,0.9702984653853778,1.0646670024173668,1.0534777879980628,0.5241432577882845,0.2983636561788591,1.1698856434773375,0.8296431166513086,0.5663911820364402,3.3335533455764454,1.7525366190360232,1.636241712701544,1.2487799812305578,0.9910878314131065,0.8117310182610665,1.1979344170972361,0.861367671961068,0.7172889386446967,1.1233156331223946,0.0,0.0,1.7374533898283286,0.9803895973688864,0.4733343219853728,0.008317221355828342,0.0013920860231107538,0.0016878957828970812,0.9697299892453035,0.1648441757392474,0.04274309011351194,1.1665718102301466,0.5365140013336349,0.15943698618616375,1.2615382892442057,0.4580922746726108,0.2360847160123179,1.1084467679754333,1.667885376103712,0.8568972848693259,1.2485027307437715,0.9578295856883529,1.0463831210015189,1.00210754350829,1.3635359310788238,0.9953620785375313,1.014133190863805,0.8739741700330986,1.0944599092007377,0.9549755809811159,1.298783910306332,0.9444204189070885,1.0062287002343167,2.0879719420269427,3.673766512318034,0.0,0.8657821021406112,0.1505859334451687,1.0785879875161124,0.661996961056407,2.434343960267781,0.29816111411105006,0.8301550096224535,0.9630651524894832,1.0992523189838952,0.4366736111848075,0.405202765837372,0.27945401369941175,0.13408226423477398,0.9433443323399459,0.9494863196998107,0.8986101568728149,0.859481946598009,0.4435584853196046,0.36977852638099024,0.9044839580653593,0.11651695038206991,0.9651598655585569,0.9669609917055009
nomask,1,3,1.0016464362317432,1.0011602916299256,1.0127776320317492,1.0275087684062807,1.0027603194190808,1.028492925974992,1.004096110024642,1.0081735152945313,1.0223229730311265,1.0363886532689013,1.005682047353095,1.0140410400096833,0.8651929990548182,0.6487551708512057,1.0104009069843651,1.0263056261261319,0.6877496838393924,0.08262451716198439,1.0070754071620167,1.0157760160053773,0.7990467741267577,0.5663299378450606,1.002165898340896,1.0099513566067169,0.8350396970518914,0.29718255019114953,1.020186014485903,1.0411361367498102,0.69539736409002,0.5225017392358716,0.9995477871402908,1.0020372630202168,0.9216176856965206,0.5119041617982342,0.9678287514562729,0.9867341186020211,0.9940176394830812,0.9904301403097022,0.9321898281778679,0.9664026574130358,0.9965884200041705,0.9946517154126652,0.9884729752528695,0.9949929152429975,0.418048557605751,0.734355485087922,0.9787764355889618,0.9849080875629191,0.9952689705092098,0.9851590756160069,1.0166281321734234,0.857574316702981,0.9393901638930139,1.0700520668255264,0.9571368489600108,0.9662289507904039,1.033384607225857,0.9900608037609234,0.9957810169741546,1.0157825365739348,1.0171036105898965,0.9432544629872103,0.9088696336684129,1.037703592671451,0.9576248590238945,0.8557980111995396,1.4116175985874142,1.0935676664352676,0.9928472195990535,1.0533537541405231,0.9869035825540208,0.9186357707312641,1.0392429248587698,0.9862407632302711,0.9611445580208736,1.0311688840670374,0.8013392688035637,0.6355374541371418,1.1613723100575568,0.8937241317890452,0.5199946522358797,0.008482936652199487,0.0014122787209320162,0.0017007726092995695,1.015179077103198,0.8951021533619843,0.8752559335472696,1.0433516778352365,0.9156577864550314,0.7647957661729686,1.0671784458957458,0.9109338805843689,0.7886085205228142,1.0088144830569121,1.226712936309911,0.9877372157284009,1.0999599204023471,0.9950276200203996,1.014855134186551,1.0349029586646792,1.0795109904305815,1.0015324214668195,1.0041686902441305,1.0314796638246202,1.0339479097876056,1.001329723783426,1.0668507117240773,0.992145224264017,1.0017185543175655,1.330175794834841,1.5660349553924027,0.6582726604871086,1.0157546120348966,0.7907307099873355,1.0207252301792868,0.8692813116429595,1.3032119634388342,0.9351370430960241,1.0123214227881432,0.9955616422633178,1.0313154081318285,0.6991739930370668,0.5545391904621421,0.6119447044853007,0.4051539547721289,0.9676242381162647,0.9502901322092484,0.9465882719735599,0.9160243451701032,0.7136819110340125,0.5753802853661718,0.8906430009908065,0.3179324817263097,0.9699987050861336,0.9597644819831262
nomask,1,4,1.0001505641504747,1.0001022116971217,1.0010405878214903,1.0025323465735534,1.0001224415453702,1.0024969463217552,1.0003139343689442,1.000840894230592,1.0020269962333455,1.0038188072752794,1.00041727722499,1.0014252469456635,0.9791500674963162,0.840352268862369,1.0006819478484148,1.002656948706118,0.9522280540483751,0.5627369745307967,1.0004736577147568,1.0015861228090075,0.9695423177723651,0.7862102995547572,1.0000453693365263,1.0009767612701261,0.9767851027641073,0.7704755178969966,1.0016440524915773,1.004309021318105,0.9468263186413942,0.6389157556999783,0.9998879177607293,1.0001869192737625,0.9898929064022625,0.8836765310427921,0.996637623143769,0.9984093338578254,0.9986523088256655,0.997857105405232,0.9921915201977528,0.9956287833687546,0.9996368949144736,0.9994065975759191,0.9975851752266913,0.9986491174244624,0.8390273248389666,0.9435915033153013,0.9978091154456311,0.9983498718426328,0.9988719532331428,0.9975612490112907,1.001822479431038,0.9830552223787452,0.9924871605894904,1.0077693672138157,0.9952086270104487,0.9961221425513762,1.0037245513491628,0.9989669253005807,0.9994491897433078,1.0016906138606791,1.000682347281018,0.9936651185088432,0.9877842408313434,0.9995002545523546,0.9928803955224873,0.97051515565898,1.0231470892002867,1.0029454211392286,0.9625808380699542,0.9990110933480673,0.9965370404040615,0.9804530153992741,1.0017411993291876,0.9978119329956857,0.9914592114055916,0.9943351991895052,0.9746841591540891,0.9391397673505164,0.9864365422541348,0.9773553807339038,0.8897040533046587,0.00863103259566635,0.001452843280859069,0.0017017333079762619,1.0002018342678618,0.9886424508752244,0.9846049632022107,0.998595709872439,0.9877233485957982,0.956097119913989,0.9982621269074136,0.9874688189836104,0.9596041919416766,0.9949372268987572,1.0271271375476676,0.9961561297585031,1.0120832147036287,0.9991471122611502,1.0017626902814913,1.0010993464976896,1.0014853963879977,1.0002264461507333,1.00048977483505,1.0047206071621573,1.0015653024020585,0.9977895619075914,0.9997049901582247,0.9989317422623019,0.9993965887597104,1.0280849175576288,1.0206771307495408,0.9519709486838301,0.9851297996870086,0.9684903190840435,0.994842761455445,0.9663658643729153,0.9932714205070821,0.9946174001085505,0.998493411591055,0.9988202908666127,1.0037214873363118,0.919450561010145,0.8322901286128994,0.8948228477414649,0.7801406377064685,0.9913254345045638,0.9819156360118321,0.9854394572027446,0.969054348863448,0.9235629343861185,0.8407543121907859,0.9082679073959007,0.6548409056727,0.9857674836583444,0.9755988236480003
nomask,1,5,1.0000136085587594,1.0000088343384397,1.000091577786241,1.0002361674073983,1.0000056268741337,1.0002185509141754,1.000025921470363,1.0000827879141923,1.0001851059619562,1.000377929444906,1.0000336716096188,1.000140521317483,0.9977290659316967,0.9729410727222371,1.0000503324100831,1.0002615344343022,0.9948066186520441,0.9275016195871316,1.0000362533517992,1.0001556361128146,0.9967043532963393,0.9648845295483518,0.9999972261862909,1.0000958291292292,0.9975146462132012,0.9652376869596699,1.0001396299916319,1.000425703737417,0.99409080574657,0.9314619260446583,0.999986336631671,1.0000179809479297,0.998935661017847,0.9841332394157668,0.9996536210113355,0.9998290527417629,0.9998443616005462,0.9997491674480434,0.9991974645566243,0.9995327386871419,0.9999627228289882,0.9999388321733836,0.9997200454195465,0.9998394429342772,0.9805312367532728,0.9934604997563858,0.9997777127372728,0.9998299894530728,0.9998678922043945,0.9997266335774307,1.00017145831028,0.9982589421096981,0.9992045566179065,1.0007430276096074,0.9995109886158187,0.9995973701564492,1.0003576688476101,0.9998927779460612,0.9999388416973264,1.0001583535943401,0.9999097365425166,0.9993396308029556,0.9986485046822422,0.9995036675696423,0.9992041785474209,0.9965823742939871,1.0000141346632054,1.0000180446659879,0.9948128462137203,0.9992427998083082,0.9995841007796239,0.9976623310019854,0.9998851343161996,0.999744650707633,0.998953461123156,0.9986036688814648,0.9973237529495649,0.9931639083885102,0.9958511147583611,0.9973959712220405,0.987053810227166,0.010978750567266774,0.0018756929771627717,0.0018978873485387775,0.9998085414866283,0.998838160045576,0.9983437726932373,0.9992459901464663,0.9986584469240116,0.994967818886796,0.998969997543483,0.9986366974685451,0.995338128021347,0.9991471221445679,1.0027136022706487,0.9994433871400361,1.0012096477489174,0.9998932748326554,1.0001756495163203,0.9998680592241538,0.9993937546253673,1.00002055727998,1.0000490673490186,1.0004165406691252,0.999861487848087,0.999617848558304,0.9991983498522816,0.999879326504045,0.9998574640530292,1.0019901809716825,0.9976920662351911,0.9947300001356696,0.9970169424323834,0.9965075080675538,0.9988444414365145,0.9957034368895447,0.9956444565877149,0.9994171067653349,0.9994262989656725,0.9998380279674598,1.0003717947356987,0.9881951370697777,0.9737664295521455,0.9843823613911407,0.9653667054687647,0.998701529756493,0.9971364639753499,0.9978408985942782,0.9951354630245223,0.9888193305415813,0.9751247165077959,0.9835716689073143,0.9399464036396837,0.9975302415581375,0.9956938775928107
nomask,2,,0.0,0.0,26.88364821495274,26.259219897475727,0.0,0.0,0.0,0.0,0.0,0.0,0.0,2.752603606061625,2.099208559072595,0.0,0.0,0.0,0.0,0.0,0.0,0.0,0.0,0.42036680986416997,0.0,0.0,0.0,0.0,0.0,0.6862116879160769,0.7185587603941622,0.0,0.0,2.420338611698736,0.0,0.0,0.0,0.0,1.3460238895386143,0.6517108468127206,0.0,0.0,1.0288439387871176,0.0,0.15482947497685864,4.343838813510528,0.44719359843975615,0.2591768492338475,0.32865828611411574,0.0,0.985918969012723,0.0,0.0,0.2871467073427509,0.0,0.1233367020301366,0.5421497873533562,0.0,0.0,0.0,6.194725938061297,69.41169667325957,0.0,0.0,0.0,0.0,0.0,0.0,44.452800160230105,8.112620124888467,6.802488875211731,0.0,0.0,0.0,0.0,0.0,0.0,0.0,0.0,0.0,0.0,0.0,0.0,0.0077488171030021275,0.0011767363232964782,0.0015018067035171953,0.0,0.0,0.0,0.0,0.0,0.0,0.0,0.0,0.0,0.0,0.0,0.0,0.0,13.829363600412812,8.798618505995133,0.5796529005096646,0.0,0.0,0.0,0.0,0.0,0.0,0.0,0.0,0.0,2.2420665940375932,0.0,0.0,0.0,0.0,0.0,1.1830615078861626,0.0,0.0,0.0,11.010955893327672,0.0,0.43008887613172997,0.9371849440541425,0.0,0.0,2.55801448491773,9.783377563910683,0.0,0.0,0.0,0.0,0.0,0.0,20.369906328687776,0.0
nomask,2,-2,0.0,0.0,26.883376665495156,26.259125441522922,0.0,0.0,0.0,0.0,0.0,0.0,0.0,2.752655729219638,2.099243929754775,0.0,0.0,0.0,0.0,0.0,0.0,0.0,0.0,0.42036968880373315,0.0,0.0,0.0,0.0,0.0,0.6862194851490762,0.7185548063956582,0.0,0.0,2.4203238540037377,0.0,0.0,0.0,0.0,1.3460093619311444,0.6520156360386877,0.0,0.0,1.028829732565477,0.0,0.1548464356491583,4.343464800551274,0.44719346107850794,0.2591778189695879,0.32865856761902607,0.0,0.9859023884106293,0.0,0.0,0.2871427458908257,0.0,0.12370695394672075,0.5421467517165934,0.0,0.0,0.0,6.194405296851662,69.40604668165595,0.0,0.0,0.0,0.0,0.0,0.0,44.45286836691742,8.112619779181461,6.802487025258837,0.0,0.0,0.0,0.0,0.0,0.0,0.0,0.0,0.0,0.0,0.0,0.0,0.00774881779211305,0.0011767363370909511,0.0015018068175563358,0.0,0.0,0.0,0.0,0.0,0.0,0.0,0.0,0.0,0.0,0.0,0.0,0.0,13.829072931025607,8.798627986401252,0.5796750795122725,0.0,0.0,0.0,0.0,0.0,0.0,0.0,0.0,0.0,2.2420705776775347,0.0,0.0,0.0,0.0,0.0,1.1830662929331417,0.0,0.0,0.0,11.01078389007352,0.0,0.43008295880987524,0.9371812023360551,0.0,0.0,2.5580609818652515,9.783403959614517,0.0,0.0,0.0,0.0,0.0,0.0,20.36973859560221,0.0
nomask,2,-1,0.0,0.0,26.88093288559266,26.25827533635866,0.0,0.0,0.0,0.0,0.0,0.0,0.0,2.7531246655868373,2.099562024180855,0.0,0.0,0.0,0.0,0.0,0.0,0.0,0.0,0.4203956054662831,0.0,0.0,0.0,0.0,0.0,0.6862896838710206,0.7185192632360726,0.0,0.0,2.420191064316567,0.0,0.0,0.0,0.0,1.345878827464052,0.6547548334410236,0.0,0.0,1.0287020782613672,0.0,0.15499892718544914,4.340103243553713,0.44719222586195206,0.2591865439664248,0.3286611200182995,0.0,0.9857533924264544,0.0,0.0,0.2871071524462622,0.0,0.12703648034724724,0.5421194768716975,0.0,0.0,0.0,6.191522248350455,69.35523936226829,0.0,0.0,0.0,0.0,0.0,0.0,44.45348168437236,8.112616668158221,6.802470382383038,0.0,0.0,0.0,0.0,0.0,0.0,0.0,0.0,0.0,0.0,0.0,0.0,0.007748823993215135,0.0011767364611820015,0.0015018078437239746,0.0,0.0,0.0,0.0,0.0,0.0,0.0,0.0,0.0,0.0,0.0,0.0,0.0,13.826457576093741,8.798711514181148,0.5798746526625129,0.0,0.0,0.0,0.0,0.0,0.0,0.0,0.0,0.0,2.2421064273271134,0.0,0.0,0.0,0.0,0.0,1.1831093494738327,0.0,0.0,0.0,11.009235985029903,0.0,0.43002974241397035,0.9371475624160859,0.0,0.0,2.558479249843261,9.7836413268838,0.0,0.0,0.0,0.0,0.0,0.0,20.368229664742977,0.0
nomask,2,0,0.0,0.0,26.85651162130142,26.24977406956958,0.0,0.0,0.0,0.0,0.0,0.0,0.0,2.757797053253461,2.1027192359283484,0.0,0.0,0.0,0.0,0.0,0.0,0.0,0.0,0.4206553809711115,0.0,0.0,0.0,0.0,0.0,0.6869940012237871,0.7181680361088408,0.0,0.0,2.418866096399003,0.0,0.0,0.0,0.0,1.344594399204142,0.6817651240967374,0.0,0.0,1.0274452406047054,0.0,0.15650876372490158,4.306933049483137,0.4471799749897141,0.259273537524206,0.32868848630347247,0.0,0.9842858612739236,0.0,0.0,0.2867570434345322,0.0,0.16006264001343562,0.5418512121879814,0.0,0.0,0.0,6.162958288680801,68.85134890926554,0.0,0.0,0.0,0.0,0.0,0.0,44.459561540614985,8.112585590133582,6.802304612195695,0.0,0.0,0.0,0.0,0.0,0.0,0.0,0.0,0.0,0.0,0.0,0.0,0.007748885941835205,0.0011767376996745572,0.0015018180881330551,0.0,0.0,0.0,0.0,0.0,0.0,0.0,0.0,0.0,0.0,0.0,0.0,0.0,13.800370106233565,8.79937100261692,0.5818666388457366,0.0,0.0,0.0,0.0,0.0,0.0,0.0,0.0,0.0,2.242464613955779,0.0,0.0,0.0,0.0,0.0,1.1835390383542677,0.0,0.0,0.0,10.993769334525638,0.0,0.4295014588546635,0.9368146547348976,0.0,0.0,2.562641824202626,9.785995922620923,0.0,0.0,0.0,0.0,0.0,0.0,20.353205876838,0.0
nomask,2,1,0.0,0.0,26.614107179599085,26.164691920706403,0.0,0.0,0.0,0.0,0.0,0.0,0.0,2.8028789226859057,2.132099821087216,0.0,0.0,0.0,0.0,0.0,0.0,0.0,0.0,0.42330869533978716,0.0,0.0,0.0,0.0,0.0,0.6942615395249279,0.715043656837576,0.0,0.0,2.40590825660163,0.0,0.0,0.0,0.0,1.3336026951426712,0.9180978258533327,0.0,0.0,1.0166154931758853,0.0,0.17029017533262153,4.014456351156838,0.44706663002993086,0.2601208417377504,0.3291248009504622,0.0,0.97160038745671,0.0,0.0,0.28377021521710377,0.0,0.4654848835309592,0.5395647956712761,0.0,0.0,0.0,5.9013064631410606,64.19834048464004,0.0,0.0,0.0,0.0,0.0,0.0,44.515425987249834,8.112277923573917,6.8007085577052795,0.0,0.0,0.0,0.0,0.0,0.0,0.0,0.0,0.0,0.0,0.0,0.0,0.007749499406817884,0.0011767498526432,0.0015019187964789792,0.0,0.0,0.0,0.0,0.0,0.0,0.0,0.0,0.0,0.0,0.0,0.0,0.0,13.54590474931972,8.790239710468738,0.6014164019407785,0.0,0.0,0.0,0.0,0.0,0.0,0.0,0.0,0.0,2.2460135352326858,0.0,0.0,0.0,0.0,0.0,1.1877507810691659,0.0,0.0,0.0,10.840433818093885,0.0,0.4245783569331987,0.9338090662235731,0.0,0.0,2.6023945116352656,9.807768330741224,0.0,0.0,0.0,0.0,0.0,0.0,20.209061927430277,0.0
nomask,2,2,0.0,0.0,24.309977372143678,25.32466834122133,0.0,0.0,0.0,0.0,0.0,0.0,0.0,2.946822541087887,2.2009164734264335,0.0,0.0,0.0,0.0,0.0,0.0,0.0,0.036153063769519045,0.38171219211534685,0.0,0.25775996444889465,0.0,0.0,0.0,0.7990730166987313,0.7143226315528577,0.0,0.0,2.1666375225125165,0.0,0.0,0.0,0.0,1.3044269810923592,1.8299496386754932,0.0,0.0,0.9823465986372023,0.0,0.2555089923897016,2.7306299085710197,0.4464062471175805,0.2674429988371987,0.34117548054491886,0.0,0.9319281463214221,0.0,0.0,0.27595606588897736,0.0,2.2193395523958777,0.5338608560485006,0.0,0.0,0.0,4.325893926018804,37.06629511190163,0.0,0.0,0.0,0.0,0.0,0.0,44.71230639469883,8.109534964279572,6.788481521379855,0.0,0.0,0.0,0.0,0.0,0.0,0.0,0.0,0.0,0.0,0.0,0.0,0.007756560665894345,0.00117685350210717,0.0015027763764271095,0.0,0.0,0.0,0.0,0.0,0.0,0.0,0.0,0.0,0.0,0.0,0.0,0.0,11.468043476144521,7.351698942254644,0.7670153118160851,0.0,0.0,0.0,0.0,0.0,0.0,0.0,0.0,0.0,2.280092666177817,0.0,0.0,0.0,0.0,1.9488935691889493,1.217718629256807,0.0,0.0,0.0,9.44320811597665,0.0,0.40583166656468495,0.930076712131661,0.0,0.0,2.843103439619155,9.874108915717889,0.0,0.0,0.0,0.0,0.0,0.0,19.053835299309615,0.0
nomask,2,3,0.0,0.0,13.17891032336507,16.631084270062892,0.8327062377879902,0.0,1.1622318646060263,0.9062849381068117,2.722313343250024,0.11331032045002049,0.08381836220984053,1.902087328031562,1.7397455519297353,0.0,0.0,0.8765677785292866,0.0,0.0,0.0,0.0,0.47915553459393917,0.19059460144446524,0.0,1.2799986324869173,0.0,0.0,0.0,1.2142739723266358,0.8347197659928882,0.0,0.5077572089245317,1.3166333842837274,0.0,0.0,0.16053474454322664,0.0,1.3654948901179857,1.6070069457368223,0.05650041400602557,0.0,0.9895106540823044,0.16220070857460886,0.5548191120822494,1.4823857305203854,0.44499150015396727,0.29866542903733895,0.4558425945873471,0.0,0.9974154244514148,0.0,0.0,0.30249360046439705,0.0,3.9215787898625094,0.5697546188071883,0.0,0.0,0.5778812115747932,1.7913915668215907,7.039571257131643,0.0,0.0,0.0,0.0,0.0,0.0,42.303110722399126,8.090162578770586,6.7532431927015075,0.0,0.0,0.0,0.0,0.0,0.0,0.0,0.0,0.0,0.0,0.0,0.0,0.007808216919092898,0.0011774627534408219,0.0015057995231404016,0.0,0.0,0.0,0.0,0.0,0.0,0.0,0.0,0.0,0.0,0.0,0.0,0.0,5.0287434989101465,2.6182941290029493,1.3079283097158088,0.0,0.0,0.0,0.0,0.0,0.0,0.0,0.0,0.0,2.4100784509848006,0.0,0.0,0.0,0.0,2.066781417312382,1.3119832067551966,2.8977991652679918,0.0,0.0,4.40724523707789,0.13058696118106983,0.44971578956089475,1.076701416366325,0.0,0.0,3.5026511423920215,9.212034763969092,0.0,0.0,0.0,0.0,0.0,0.0,14.394504161294863,0.0
nomask,2,4,0.8946691974103468,0.8820744774429843,3.2316546931175596,4.1953521577764326,1.2082602697271652,1.066990329422616,1.2520368621054283,1.0385696117713783,2.357613516341806,1.1292571594627092,1.2217010785486442,1.1705530875040973,1.04786205311057,0.0,1.2737399928476498,1.2055343227637518,0.0,0.0,1.2365322451765783,1.0233313051698123,0.9018518659855711,0.3891517521439687,0.8107621291894194,1.1087716731306028,0.0,0.0,1.7742673095119847,1.1055744499843343,1.0859386494288459,0.0,0.9681616589598486,1.0444268312219087,0.1019515078914003,0.0,0.531158990265866,0.7643215646884607,1.1209577583304324,1.023854000594609,0.3649544060368925,0.34175039576647603,0.9464646488138995,0.8723548936422023,0.8746623213964133,1.0455993592399464,0.44138212889122136,0.33768499782397865,0.682319283690008,0.7130851096344564,0.9591742994181308,0.7189151584111003,0.7658944935688295,0.31619108971560067,0.15126774239460494,2.5986337063114373,0.6396983342889419,0.44291366605128235,1.0633250697886414,0.8704060624620307,1.0482737090716512,1.701437783175046,0.0,0.0,0.0,0.15901934184193964,0.0,0.0,22.84334874305715,7.927938706369206,6.666946769106914,0.6916315114043036,0.10123844913900559,0.0,1.4550320872197382,0.0,0.0,0.0,0.0,0.0,0.0,0.0,0.0,0.008036072595839959,0.0011816147412985075,0.0015089537688172273,0.0,0.0,0.0,0.0,0.0,0.0,0.0,0.0,0.0,0.0,0.0,0.0,0.0,1.5532443890507406,1.0647076575604792,1.5393559543753745,0.29615002162980625,0.0,0.5193721193651866,0.0,0.12552092922143346,0.0,0.6222233699948436,0.0,0.017809456073711233,2.5247806428627677,8.254304574170908,0.0,0.0,0.0,0.9988269604103803,1.385029714195135,5.321519072080019,0.0,0.0,1.4980890446078505,1.0619189997406366,0.8751112510408174,1.7862318538749908,0.0,0.0,1.9294326153170687,4.004981693780787,0.0,0.0,0.0,0.0,0.0,0.15354789024608992,4.255526481788893,0.0
nomask,2,5,0.9975839724523219,0.9960779689001791,1.2806494109419622,1.434656626747967,1.0360770234785022,1.1703695780689085,1.0472544668307602,1.0314217268279455,1.2501807863474015,1.134000857370057,1.0516250510560112,1.0556257834425151,0.9551092240721674,0.0,1.0835878707124025,1.100876420946867,0.598973632967842,0.0,1.062019250070389,1.056218301057011,0.8573012243910516,0.8065975991316776,0.995663874366998,1.0370843175662188,0.47326548665255863,0.0,1.1999614664274791,1.148836444506064,1.2370013824654287,0.744795459588599,0.9975525629306627,1.0098920632500328,0.7982419618837943,0.0,0.9275440318591864,0.9736806131933881,0.992850328271275,0.9838695060574874,0.8332774501942837,0.8992543451610889,0.9887584672790816,0.9819121102593602,0.9752679338622405,0.9960125837285168,0.4383157670687759,0.5485449353763951,0.9439743520937859,0.9577449526380766,0.9829368382060417,0.9597404074455619,1.0939752554529192,0.6822989436307041,0.8439636277746204,1.705327042170486,0.8871845252161484,0.9061174448754631,1.2854031273889255,0.9845117310788014,1.003745587148266,1.1578027905852897,1.0136491323562207,0.39099892531784164,0.0,1.2772987678604115,0.8946197051028839,0.4789964115154649,6.7441986847782704,5.97929352281769,5.525523500898316,1.450501174575747,1.2905304094419328,0.9154723143277167,1.4015926083968546,1.0434611831927751,0.7905003147969807,1.0543572223059527,0.0,0.0,1.7213161151525858,0.5999846713059162,0.0,0.008359450834977038,0.00121656669058482,0.0015290252455183052,0.6242206735247415,0.0,0.0,1.2732174320757494,0.41628898701625067,0.0,1.1313634016251315,0.0,0.0,0.9537862569507589,2.169048768654374,0.5434375536940304,1.260841594686966,1.0622797993564057,1.0954780856909512,1.3648570230589636,1.6511916896861103,0.9012381517747939,0.9877665826706279,0.6725353702410007,1.276758409490758,0.6500226969883047,1.5976062911558069,0.8093953710992782,0.9145437339239765,2.414795124842771,6.670884721102667,0.0,0.47954660111508784,0.4065803546252072,1.2199679317549823,1.2644548243680143,3.966893077240302,0.0,0.2351913631041027,1.0650461198853218,1.1892060469731138,0.6570535649959148,1.3409109424029764,0.0,0.0,0.9843744941570078,1.3304735338301479,0.7593738826590058,0.6743068715362112,0.5801493785722663,0.9122410571518774,0.0,0.47311918105401923,1.2630378573890437,0.9532707977449282
pix2,1,,19.420272146324102,0.0,0.5815770350987586,2.328219171729601,0.0,0.7736520268401886,0.0,0.0,0.3882359511105647,1.8805701428652604,1.7272058015822507,3.67978360561569,0.2663335996103259,0.5343266350064035,3.0354860959805525,1.0611078423227904,0.3335155939767853,0.19973371692029462,0.0,0.0,0.0,0.17111924321416577,4.962110855989668,2.6128057569486107,0.14749284955655353,0.0,0.0,0.9231266409006723,0.1780259581900347,0.08819506740063121,0.0,0.01590274270974649,0.2028070924492106,0.01732532202462755,0.19151677161651154,0.0,0.98527487221619,7.6120943212497485,0.1002991341759761,0.0,1.5526502208948072,0.0,0.2618895625236872,0.8394852558020672,0.21566626280997267,0.2142362313502809,0.4157603930609697,0.0,1.434377061595386,0.0,0.0,0.2694383131203406,0.0,0.0,0.6132394712342554,0.0,0.5238626614782032,0.0,0.0,2.7780554618077855,0.0,0.0,0.0,0.0,0.0,0.0,10.855725526392593,1.2123430217939424,0.9769125934101661,0.0,0.0,0.0,0.9549356278473686,0.0,0.0,1.6618427492452879,0.0,0.0,3.506041211612067,1.2378865411209656,0.7473453369498578,0.5169220438525582,0.12941549775637576,0.07851426514704267,0.0,0.0,0.0,0.0,0.0,0.0,0.0,0.0,0.0,2.662700674974229,1.0192087910645489,0.0,0.0,0.0,1.8000688214678267,0.2877031829826094,0.0,15.5566040219618,0.0,0.0,0.0,0.04493266071053044,0.0,0.0,3.379855787463742,2.681480468103243,2.3252258542399367,0.0,0.0,0.0,0.0,0.0,1.1138354516886915,0.0,0.41319826191661196,0.0,6.775518214157778,0.5904576958500536,0.5337741917853923,0.42627937863525084,0.22381661303049322,0.48843475357164834,0.6959116205450779,0.2378568791401005,0.0,0.0,0.0,0.18061237060254587,0.012697819263168798,0.014535762598927394,3.338517603650955
pix2,1,-2,14.659949680181661,2.043093620324569,0.4377749779350588,2.377995707733112,0.0,0.8856398723336915,0.0,0.0,0.3905609207447789,1.8741705282524137,1.8486841730809478,3.620426370704572,0.26194594600369636,0.5344989962888744,3.0108285122939207,1.069163927818622,0.3325288319250658,0.1990423316903952,0.23638947297653848,0.0,0.0,0.17271439405481875,4.654375421558365,2.615894101348916,0.15202862507761583,0.0,0.0,0.9379591604709616,0.17915809168960806,0.0895642900109142,0.0,0.04665280927706396,0.2030902016274428,0.01793200405328276,0.19246273782233994,0.0,0.9933149848989249,7.513619123711249,0.10302352278706245,0.0,1.554528182853993,0.0,0.2637612723778063,0.9132138957243882,0.2157502388966931,0.21508164562206525,0.4169704058071785,0.0,1.440366827344792,0.0,0.0,0.2709018835531948,0.0,0.0,0.6144491943495147,0.0,0.5334003399646444,0.0,0.0,2.7111117390329937,0.0,0.0,0.0,0.0,0.0,0.0,10.817736379410508,1.2125973261194918,0.979850011209406,0.0,0.0,0.0,1.057347385525061,0.0,0.0,1.6623259641797372,0.0,0.0,3.518808865232504,1.2376587183202596,0.7458005966382947,0.5171691829314008,0.12940212341138288,0.07841162682996694,0.0,0.0,0.0,0.0,0.0,0.0,0.0,0.0,0.0,2.6292906029195344,1.0474515561837614,0.0,0.0,0.0,2.014695971621183,0.32021279822413484,0.0,14.486272020581925,0.0,0.0,0.0,0.09693535857583059,0.0,0.0,3.2807310825011395,2.6799085831091256,2.34053072019524,0.0,0.0,0.0,0.0,0.0,1.109313251329639,0.0,0.404531192043976,0.0,6.445168818811074,0.5891355918457278,0.5324221691483655,0.42210843327468806,0.22538875342549233,0.49535782191197375,0.6907595690090074,0.27115515368420773,0.0,0.0,0.0,0.1892133671131584,0.01300814165011941,0.05384882791699585,3.2398431584549927
pix2,1,-1,5.555673055155318,2.349391834614806,0.11295567705349077,2.3697845186579842,0.8088464712908207,1.2017619649396447,0.0,0.0,0.6526532414920395,1.8291462214414114,1.8790447845268052,3.331933964591299,0.24575453117174953,0.5285060067187066,2.8664762918280537,1.1447140821373865,0.32550215724759407,0.19282787381886063,1.1342389990636605,0.0,0.0,0.1846167696121556,2.7064458768386985,2.5602750610110716,0.1791390741156337,0.0,0.0,1.0164392152063355,0.18469910986356514,0.09969661203269063,0.6261756904887228,0.17111618426495526,0.193860095695999,0.023676022516854776,0.20078666784362229,0.0,1.055480915845004,6.794263908304233,0.1237510952122054,0.0,1.5669313094137474,0.0,0.2867580798296775,1.3733074611421392,0.2164409211003305,0.22243105605404637,0.4271467686850848,0.0,1.485708589364957,0.0,0.0,0.28198256770050323,0.0,0.0,0.6240920040771768,0.0,0.603764250316627,0.0,0.0,2.2789279695156694,0.0,0.0,0.0,0.0,0.0,0.0,10.519295481754714,1.2140127416871982,0.994547699261628,0.0,0.0,0.0,1.4125938405598817,0.0,0.0,1.6256707493984066,0.0,0.0,3.6000846280365164,1.2363881028862658,0.7373164670945539,0.5195072156569932,0.12933741724446612,0.07796737341211564,0.0,0.0,0.0,0.0,0.0,0.0,0.0,0.0,0.0,2.4661964002423846,1.1980097766781712,0.0,0.0,0.0,2.6138491430983186,0.4812860623929856,0.0,9.098715498699027,0.16047287311148442,0.0,0.0,0.3581852274883335,0.0,0.07967535308337871,2.723871143593358,2.670485047255183,2.484681430183389,0.0,0.0,0.0,0.0,0.0,1.0821944143318263,0.0,0.3633760157936613,0.0,4.871066063254371,0.5816880055886451,0.5245603392645889,0.3953455871641502,0.23426874006096488,0.5456030863866056,0.6649017678282226,0.4762772823756574,0.0,0.0,0.0,0.25160950102048013,0.014908088229029292,0.30687999317267717,2.615706033550297
pix2,1,0,1.6386657385025738,1.2123641137079948,0.7809989685056112,1.8921507590395228,1.2990796007222047,1.3363960870616705,0.9739460278279377,0.533046288562004,0.9301685026922827,1.6922049698828763,1.5106971567915488,2.2989446301020657,0.25688631498610465,0.4433480527919194,2.0011138847788663,1.4440128301503492,0.30957101241017326,0.14462018267670476,1.4171563156104268,0.28446539955214334,0.0,0.24965912974782675,1.5488646565676363,1.7802023894616446,0.2108700333674987,0.0,0.3535127637481682,1.1380449633424972,0.19083185853892648,0.1398665697977406,1.0254653644366438,0.8270299393512853,0.20650741707420064,0.04793756184504752,0.21346653995891823,0.0,1.3303338875818322,4.0261682777989565,0.21019078621878776,0.0,1.4391767551822723,0.512807562662727,0.5284587670400033,1.8987677737865605,0.2201412553137404,0.27126656408177197,0.46970125070534785,0.0,1.638177534392895,0.0,0.34741921671548004,0.3233174205472722,0.0,0.05433272541844804,0.6539487489295281,0.0,0.8485747521742988,0.12680688221530273,0.26268914076769173,1.2813040996035898,0.0,0.0,0.0,0.0,0.0,0.0,8.88499320249066,1.215602472098821,1.0172865270163074,0.7893951727547561,0.0,0.0,1.4721830640459,0.0,0.0,1.4250019303034414,0.0,0.0,3.547604930247093,1.2340595181951823,0.725605826306407,0.5337731405942117,0.12932948109084816,0.07747361520137906,0.0,0.0,0.0,0.0,0.0,0.0,0.0,0.0,0.0,2.282895586851703,1.4653897920235008,0.0,0.2704600929567049,0.0,1.6779111731046497,0.6667907320026414,0.11624689303520779,2.55892087435572,1.1645466089784566,0.0,0.0,0.7103557375779603,0.0,0.6469831041537686,1.479849333059889,2.6441693350558158,3.1687629319235,0.0,0.0,0.0,0.0,0.0,1.1860469848041333,0.0,0.314832319317892,0.0,2.1022970518809587,0.5758287859036558,0.519684581903674,0.33533065035364445,0.21397520522834867,0.7430339819718378,0.7227927525347466,0.833095568035162,0.1596321375992243,0.0,0.0,0.4907679570197583,0.01681138468781575,0.7885222962463649,1.3571070788068633
pix2,1,1,1.0719216798924418,1.0243398871809326,1.1313451675867663,1.292428763533068,1.1232317445762248,1.2517953387334697,1.045767324244001,1.043467908105868,1.1283833855267547,1.4426589614232863,1.1446226745414885,1.317130560786343,0.38910758138373885,0.3970794307688628,1.331374966700597,1.3568554275496698,0.25970658870018287,0.010647411241777191,1.1857368697672381,1.0912292154461307,0.0026506441085054977,0.42026755828907814,1.1565899765623937,1.2127156324197235,0.267829724032109,0.0,1.0267537479759576,1.2819906853490424,0.1958885514839357,0.20922767223476724,1.0347675059602905,1.0306630957945413,0.3309173848198355,0.036570435129240825,0.2599724116441579,0.47072466717376554,1.3516981224818658,1.4892454688963048,0.29988839904494746,0.41237569570079347,1.0193299892564671,0.8781398140735538,0.8809863340904139,1.2263537190472509,0.22156052056816095,0.34117154693072405,0.5249383897974796,0.5999783985508969,1.3142483807283967,0.7554946697360642,0.9693623812495237,0.32732441279706714,0.0,0.7943838944586668,0.6415326651887948,0.2962157240259308,0.9520569675103528,0.526512977807689,0.8388912755072471,1.0499731206959662,0.9839565797512422,0.0,0.0,1.0856257391894375,0.287628067088692,0.0,4.728683297544516,1.1549647889329164,1.0403635113580374,1.2471903904994392,0.4521238897668358,0.0,1.2594763226604202,0.0,0.0,1.2043049315635317,0.0,0.0,2.3996468551220063,1.114691102271847,0.720860098718343,0.5887136092468109,0.12983012533924645,0.07714169218278769,0.8667578390618695,0.0,0.0,0.8696365176347536,0.0,0.0,0.967731330582822,0.0,0.0,1.9197268416135687,1.5427261135408357,0.18519807287691634,0.9759485002170821,0.6211305697740499,1.0498318994690827,0.6997849443134762,1.2000772463389497,1.1171924927610215,1.0300827155126466,0.36736237769503444,0.8418506971879707,0.8952135106081288,1.0779325686209886,0.8449146636551073,1.04371625638468,2.514632589660274,3.731330658621043,0.0,0.03448856694909332,0.0,0.7844818568526033,0.10853842174349775,1.9617292855428408,0.0,0.5384309733667391,0.6080801857507717,1.1271008254743347,0.3719822255161367,0.41025377915433564,0.2991492960767467,0.10937681297565528,0.9462570003547356,0.9270268970916229,0.8880419992528897,0.7693558986983297,0.25279563337955335,0.13988936698622725,0.8179928711814268,0.00280941457224719,0.9336052411212735,0.9673103986106472
pix2,1,2,1.012801735202405,1.0076513222546803,1.0410845050224746,1.080009726522435,1.0221446509750414,1.1385078573491483,1.0169851007544228,1.0446855627680522,1.0731860169971985,1.2014492528435556,1.0320471256844552,1.0905983033215372,0.5855614724056469,0.5709516869266145,1.0714548565279454,1.161386933013852,0.21512457711984984,0.027965961414121072,1.0408670427921136,1.0900344818134842,0.3520873092305542,0.3892490611664555,1.0259570610838513,1.0676884151944523,0.48282091831919477,0.0,1.0694573125913722,1.2223999368535745,0.2596037012233785,0.32633369040224386,1.0035530027715278,1.0154752861574292,0.6765420825255989,0.14116446901351817,0.7305886305725311,0.8836823815585446,1.0371959109463091,1.0089378896996422,0.6355109172226535,0.8180798544550214,0.9766511400928801,0.9642083392622249,0.9711086799941271,1.0141938795105778,0.2358780000530174,0.44742255352384475,0.8314400477966258,0.8925635470781781,1.0177510012227682,0.9385442809913306,1.040680983827486,0.45131125959085333,0.6512605375064959,1.1481490311355245,0.7828477943702368,0.7891890287057128,1.0778783924724704,0.900228513125033,0.9570755481816021,1.0364451991668098,1.0568661617652932,0.7006779900720281,0.4934728808558927,1.1224795401518737,0.7665628218795895,0.5437152339011893,2.2260208682685594,0.5917259715045554,0.701993283992039,1.1736986388184052,0.847868306757505,0.7337530253353041,1.1198786254939872,0.7396426241151339,0.641931228817257,1.1539158640270188,0.2262138862573891,0.0,1.6452352893414435,0.755727909826272,0.4370962821500643,0.6994850927155327,0.1380315169167331,0.07865211172013546,1.0774339451867745,0.49453264049263207,0.41053049778506184,1.1227546413210576,0.5430382441265545,0.19726384667094346,1.2211516613836741,0.515130825822206,0.31611070472790853,1.176214026861974,1.5869833447706017,0.9134884147929899,1.2524891005961536,0.9494517053190128,1.0366082136340398,0.9532977629623881,1.2258406304617133,1.0050569266149711,1.0141155570512466,0.9413481247623107,1.0986677456610687,0.9771517545335229,1.1931023774267109,0.969006958514424,1.014317154827555,1.95354524435936,2.6855725270762782,0.0,1.058157055500318,0.25350101052413637,1.051316520735055,0.5770839831624581,1.8642666559299506,0.522655494959819,1.0763053535336016,0.9543905087438251,1.080243265424735,0.41503778227260396,0.3303024679678004,0.3030378993172748,0.12269887414781938,0.9431250091260729,0.9220588961398467,0.9041118376667037,0.8716003316357116,0.4269020250832784,0.33617016843467984,1.0027090979443951,0.013931173474298722,0.9455217312743427,0.9512625770635601
pix2,1,3,1.0015784945305282,1.0010447501561284,1.0034754675354216,1.0094461241711745,1.0012645902246722,1.0192456080320225,1.0016491202938032,1.007791888527922,1.0097039966020431,1.0344146688021254,1.0029265327985426,1.0136442968881452,0.8430941942188136,0.6537012383690689,1.0060193975771583,1.0253947403191526,0.6610672261257847,0.08185456046451996,1.0031377440515457,1.0148873125497935,0.7666519022052106,0.46865108611265227,1.001510729799089,1.0097272823629257,0.8348063781767797,0.3425877995027689,1.0083232565423617,1.0403895469132969,0.6018147874531019,0.3532241816524009,0.9996813363828772,1.0021290442140673,0.9247863959381173,0.5604799210558505,0.9651956293760225,0.9836654878632141,0.9948113563204222,0.9898870368018274,0.9332574762220234,0.9661199954107627,0.9965036566292965,0.9945539534792526,0.9886998620809033,0.9949562084982136,0.41843297158729187,0.7296749013600886,0.9782061604357452,0.9844325330590679,0.9950868220998869,0.9849118462908385,1.0105613462103105,0.8655073997768249,0.9382786015450846,1.039829763585715,0.9604694572607656,0.9662842435523281,1.0197339451873921,0.9885160427995756,0.9935757731903156,1.008979533868046,1.011665131746148,0.9286372669310963,0.9001450995363265,1.0180047738395515,0.9074653081310692,0.8228231231692568,1.1914742230514959,0.7190006574387003,0.6886735937039351,1.0249342789779536,0.9299175323851243,0.8799667419781502,1.019977911173649,0.9358279622837175,0.9204537541049643,1.0153616768368392,0.757541316765667,0.617616761064508,1.075040377176949,0.7221352553638455,0.42950117694433854,0.7934901414406179,0.1149996307463962,0.057316358320999815,1.0189983268915521,0.8989358672992772,0.8885803562074606,1.0199334892552854,0.8502983431078284,0.7245441576293263,1.034369765769918,0.8471293440093481,0.7491305429792544,0.9889696178819913,1.1641937104096507,0.9801926171564358,1.075012997694163,0.9928440319596794,1.0102795938342268,1.0044849935084215,1.0375677237380891,1.0019502939763323,1.0031216113765808,1.0258800750692094,1.022601085073836,0.989943423279156,1.0309631238119579,0.9939713444644288,1.0011336185269024,1.2149076620202057,1.2904836055897986,0.6883592016408283,1.003185269034027,0.7958540201512643,1.0018463703718132,0.8090991698011215,1.1242516013756658,0.9594322503179628,1.0271198463011861,0.9917173888801752,1.022019726917955,0.6856896793095756,0.5043537937959193,0.605519469759032,0.3614350319422589,0.9674819287521313,0.9451838237565348,0.9457234885523276,0.9108714175985964,0.700199220207481,0.5294887430579532,0.8517491782280627,0.2127307312560915,0.9649840203269788,0.9493478472230381
pix2,1,4,1.0001179962923097,1.0000650212258053,0.9999821176979214,1.0004848510630184,0.9999129720380515,1.0010565966039644,1.0000056439733958,1.0007605674884188,1.000490643565582,1.0034298408608244,1.000046557073367,1.0013266988447045,0.9749607532658131,0.8233471271895588,1.0000618633497493,1.002458320390087,0.9459094748606344,0.5286034223303361,0.9999611120257863,1.0014207256089855,0.9639553950872599,0.7606627807962582,0.9999173265249341,1.0009185540961762,0.9755191471206338,0.7648389094117243,1.0001002869947404,1.0040029312219099,0.9299992932128912,0.5567478560556068,0.9998856731227481,1.000187959198967,0.9898730279268425,0.8866874319469037,0.9962909444111538,0.9979930402683796,0.9986432601568367,0.9977005276972009,0.9921908539430117,0.9954350527850013,0.9996154416830364,0.9993758389000886,0.9975608976915676,0.9985870238855987,0.8406664353205207,0.943157915799979,0.9977137270616547,0.9982451735537723,0.9987593394893297,0.9974316851564425,1.0010389367514534,0.9839407607652937,0.9921568215357781,1.0040792602076762,0.99553722335138,0.9960302476063483,1.002041809952096,0.9987815163841376,0.9991790181618452,1.0008595144581918,0.999553259160241,0.9871607946796167,0.9830567612601505,0.996378273889339,0.976619382291209,0.9592042397243663,0.9939079589787282,0.9125284232412741,0.8969421854941956,0.9945233233114379,0.9805106998852121,0.9695459039380792,0.9988842249294965,0.9851199924186342,0.98199876590654,0.990838513845399,0.9523006199965754,0.9242656367811424,0.9717777805374107,0.9183998158648612,0.8519874668566237,0.7947978667759932,0.16646863567175701,0.06419856920531884,0.9997478338289897,0.984631833258305,0.9827121331298202,0.9946343366220342,0.9653159889601515,0.9406714389175391,0.9929420653804966,0.9652832848135839,0.9444982382708595,0.9839550461704218,1.0188361036529694,0.9907160017405412,1.0086354681256091,0.9984005231590896,1.0011741982770246,0.9902229999233679,0.9950724873282372,1.0001276512036263,1.0003510723175073,1.0007172062688974,0.9992952707977689,0.992157084933421,0.9940470905054006,0.998806847610371,0.9991275964182847,0.9882594976018153,0.979916930040006,0.9477450650984097,0.9806825749641876,0.9638485306720428,0.9916065266569863,0.9400083564969681,0.9668753092523936,0.9946085516789409,0.9983804742673963,0.9973125725543659,1.002518641263954,0.91287360060278,0.8122054100854201,0.886840488528708,0.755530723754381,0.9906788106632705,0.9797316876872374,0.9843598074126032,0.9657270685552751,0.9172844847729165,0.8218458041541244,0.8926212004452121,0.6020692824233832,0.9835534159093859,0.9715012009561792
pix2,1,5,1.0000057907918039,0.9999998207009572,0.9999305908411567,0.9999255022012294,0.999969298360726,0.9999597035219776,0.9999745559872989,1.0000513696026234,0.9999341483025049,1.0002273738013963,0.9999694126051839,1.0001015812214695,0.9970331956233907,0.9691646318592294,0.9999379888319817,1.0001881174392513,0.9937257038938767,0.9193123150506995,0.9999464310512695,1.0000969072081876,0.9957916308312651,0.9599844344906922,0.9999697436313646,1.0000743949360424,0.997261147841535,0.9630050192205655,0.9998743499447079,1.0002743154663851,0.9913489468402477,0.9160823841259571,0.9999846948594449,1.0000169476805019,0.998913925473352,0.9839769365562465,0.9996090856286812,0.9997635271950182,0.9997479937332178,0.9996331534792627,0.9991082565558022,0.9994039705302551,0.9999575294041119,0.9999288734191698,0.9996702975211631,0.9997886843269819,0.9793868482910698,0.9919840299703562,0.9997624557141235,0.9998053929836459,0.9997697431164917,0.9996199967897829,1.000074253750495,0.9982177908495729,0.9989798197859763,1.0002987523357973,0.999511039650089,0.9995160278717395,1.0001555342130277,0.9998693081546027,0.9998958634133851,1.0000576354952464,0.99973590197603,0.9969437778203463,0.9958808808540636,0.9990406305007338,0.9932396805340253,0.9897654156350375,0.9960912406637259,0.968854871495456,0.9610152618929731,0.9985855168852373,0.9938456740042264,0.9914831950852142,0.9994787226549037,0.9952862441421583,0.9938140604350183,0.998025593237978,0.9888190224771201,0.9837299427706049,0.9936107702877349,0.9755494210507226,0.9637287212021407,0.9433991362937726,0.5527983290741808,0.3646128265838448,0.9996964009402498,0.9971583979170622,0.9967593579619246,0.9986440219930123,0.9903795001473462,0.9854821007450755,0.9981771364414176,0.9904313308911237,0.9860701112226058,0.9942494811290801,1.001689008052915,0.9969920113515203,1.0007798593378756,0.9995894160479106,1.000103644826956,0.9953331308572866,0.9984512555599121,0.9999537903985432,1.0000312965491132,0.9988107488939624,0.9995144638772423,0.9971442216923265,0.9983721734979779,0.9997606849651867,0.999806651940407,0.9855056353316329,0.9919437017694985,0.9918307095554912,0.9962131759893761,0.9939776551546249,0.9983361287381476,0.9837877138778576,0.9918404937957817,0.9989301470358524,0.9993018999422856,0.9991979129086282,1.0002235106023172,0.986887803059617,0.9700741388459931,0.9826847125506041,0.9606261020891622,0.9985615081351598,0.9967290203932282,0.9976096672894265,0.9944842117111613,0.98757604578542,0.9716353063350859,0.9805801054697689,0.9295862628575368,0.9971067132013552,0.9949118104708915
pix2,2,,23.821184322092783,0.0,0.0,1.8005155617209543,0.0,0.9196402318821741,0.0,0.0,0.0,1.9959162573437845,0.10565001275879558,3.973601380600243,0.3185192773558205,0.706787240262971,3.459396109216036,1.004748356205854,0.26869314108381004,0.17123444686847186,0.1373588844858194,0.0,0.0,0.3214252929840376,5.8345842758187345,2.670687476104907,0.24314867635122836,0.01217911229330695,0.0,1.0662201665148396,0.1459432353965433,0.09435904612648202,0.0,0.022608537680661428,0.1285833582569293,0.0,0.21136874145490747,0.0,1.0394166968786345,7.7378336884038825,0.08174043869812911,0.0,1.6211340243825518,0.0,0.008435082770508277,2.3018159098417974,0.3913732923330276,0.24196681352920926,0.41467266756059346,0.0,1.6308782191838054,0.0,0.0,0.2988981679018695,0.0,0.0,0.6292911382145332,0.0,0.056495265211910305,0.0,0.0,4.325933303382411,0.0,0.0,0.0,0.0,0.0,0.0,11.894634935150574,1.5680509999626349,1.2035487679408927,0.0,0.0,0.0,7.473271022068815,0.0,0.0,3.3280535002181066,0.0,0.0,2.638182092500466,1.027694804133068,0.4907970152821619,0.6038048530257206,0.1865285478767987,0.13418417329587162,0.0,0.0,0.0,0.0,0.0,0.0,0.0,0.0,0.0,2.4878723104603524,0.9479370805886869,0.0,0.0,0.0,1.9621550193549098,0.22192902927981278,0.0,14.771961877864747,0.0,0.0,0.0,0.05037523214816808,0.0,1.1845265930103375,2.1932415313427724,2.6545203191311804,1.4971072730142936,0.0,0.0,0.0,0.0,0.29653688516219745,1.9969800642572113,0.0,0.5452914112451519,0.0,5.404860252804204,0.5739460572360687,0.5265754451723537,0.4932141429615521,0.22830140069221272,0.13504483369213494,0.49168195505077805,0.0,0.0,0.0,0.0,0.015258757193362001,0.0,0.0,1.7264748534685268
pix2,2,-2,23.79881930672342,0.0,0.0,1.8008290858906728,0.0,0.9204291275877792,0.0,0.0,0.0,1.995866044055605,0.1086294413886746,3.9731586605686458,0.3184695944933369,0.7067733729438532,3.4589497205192656,1.0047641827868448,0.26869183079099673,0.17123461961148098,0.1373310682929051,0.0,0.0,0.32142124859439,5.832347115410007,2.6707982481743517,0.24317286472182137,0.012180046339725541,0.0,1.066358238559996,0.14595549693095844,0.09436183823926944,0.0,0.022750136435212807,0.12859636908883973,0.0,0.211372044556233,0.0,1.0394455160255247,7.737513399278769,0.08175052023936215,0.0,1.621139131323835,0.0,0.00845134400500508,2.3019792394832326,0.39137336714816573,0.2419704646938281,0.4146769620082785,0.0,1.6309001636551674,0.0,0.0,0.29890316331691164,0.0,0.0,0.6292950900843137,0.0,0.05653139740999943,0.0,0.0,4.3254542875137885,0.0,0.0,0.0,0.0,0.0,0.0,11.89465277607801,1.5680510352946162,1.2035552956072637,0.0,0.0,0.0,7.471935477057334,0.0,0.0,3.3280363280971677,0.0,0.0,2.638157878051364,1.0276946496231547,0.4907933335255538,0.603804806102283,0.18652854646387873,0.1341840094475398,0.0,0.0,0.0,0.0,0.0,0.0,0.0,0.0,0.0,2.4878412557533993,0.9479654197464408,0.0,0.0,0.0,1.9623926314984994,0.22197130543190685,0.0,14.770481858402592,0.0,0.0,0.0,0.050449804675134415,0.0,1.184674701954474,2.193299815954235,2.6545155109447305,1.497198082576121,0.0,0.0,0.0,0.0,0.2965317619946385,1.9969853136826496,0.0,0.5453209037029305,0.0,5.404483879362098,0.5739475752894282,0.5265769920049028,0.4932120949258123,0.22829998823023717,0.13505709214054673,0.49168908658907073,0.0,0.0,0.0,0.0,0.01526589541096939,0.0,0.0,1.726501197619465
pix2,2,-1,23.599505060274016,0.0,0.0,1.803616520407084,0.0,0.9274619650328993,0.0,0.0,0.0,1.9954175706039299,0.13514092928574978,3.969211478111354,0.3180268924704338,0.7066487656049324,3.45495946268913,1.0049074483689082,0.26868017484767387,0.17123611279018697,0.13717031721479406,0.0,0.0,0.321384992644956,5.812345551559483,2.671780206397358,0.24338840038345785,0.01218849881945965,0.0,1.0675894271776956,0.14606480882123943,0.0943869560660688,0.0,0.0240194671014737,0.12871294808420317,0.0,0.21140178232220125,0.0,1.0397047023035189,7.734633491775287,0.08184118851688771,0.0,1.6211848064315049,0.0,0.008597697930109957,2.3034467339879985,0.3913740393161792,0.24200331725813337,0.41471558930620067,0.0,1.6310974928942443,0.0,0.0,0.2989480892526185,0.0,0.0,0.6293306301815119,0.0,0.056855892205115215,0.0,0.0,4.321152331552998,0.0,0.0,0.0,0.0,0.0,0.0,11.894810491494802,1.5680513651538093,1.2036138373827356,0.0,0.0,0.0,7.459945511747044,0.0,0.0,3.327879413311302,0.0,0.0,2.6379422266461314,1.0276932524749196,0.490760268815958,0.6038044081570585,0.18652853362458668,0.13418254272197389,0.0,0.0,0.0,0.0,0.0,0.0,0.0,0.0,0.0,2.4875621022327232,0.9482203370710988,0.0,0.0,0.0,1.9645263797604127,0.22235135755265087,0.0,14.75717641966462,0.0,0.0,0.0,0.05112035011309819,0.0,1.1860060589382087,2.193824313909119,2.654472328749294,1.4980147772014625,0.0,0.0,0.0,0.0,0.29648565070701555,1.9970314827069073,0.0,0.5455858392735281,0.0,5.401100811874088,0.5739611981139767,0.5265908597948092,0.4931937040071387,0.2282873089101832,0.13516726986809768,0.4917532331576675,0.0,0.0,0.0,0.0,0.015330191753798557,0.0,0.0,1.726736539472583
pix2,2,0,21.3256524572117,1.167364489037362,0.0,1.8116168241713313,0.0,0.9726762637049982,0.0,0.0,0.0,1.990751271594578,0.2835172994986577,3.9483197280048827,0.3156631990966369,0.7053800980474219,3.4249699132989107,1.0084547732861722,0.2687962949778885,0.17124320895515618,0.1833490813054099,0.0,0.0,0.32103026709506993,5.649069299288682,2.672058520888111,0.24446138747545246,0.012279866666365092,0.0,1.074170690708271,0.14649005672641044,0.09464676314439498,0.0,0.036208263034249365,0.12981483974157024,0.0,0.21164901202606262,0.0,1.0422619936694097,7.70618828982707,0.08273136331053214,0.0,1.6210518907968798,0.0,0.010034951099725065,2.318037646519743,0.39138060122441287,0.2423270814937609,0.4150486444699036,0.0,1.6330420834415194,0.0,0.0,0.2993807067392531,0.0,0.0,0.6296135647296256,0.0,0.05978321867094888,0.0,0.0,4.27915034517481,0.0,0.0,0.0,0.0,0.0,0.0,11.895778609815785,1.5680591293998685,1.2041403549302883,0.0,0.0,0.0,7.342122721430536,0.0,0.0,3.3265247326626675,0.0,0.0,2.635966734119258,1.027675548763471,0.49044742085617754,0.6038069062056965,0.18652840095811207,0.1341702875380931,0.0,0.0,0.0,0.0,0.0,0.0,0.0,0.0,0.0,2.4847887072417643,0.9507879309154786,0.0,0.0,0.0,1.985319125440943,0.22612310900226684,0.0,14.62471839833458,0.0,0.0,0.0,0.0577057863434507,0.0,1.1990895620963278,2.1970773311914766,2.654061837300717,1.5063393021339777,0.0,0.0,0.0,0.0,0.29602672250459033,1.997329508727494,0.0,0.5480607059322784,0.0,5.367658860202571,0.5740868105456928,0.5267155521850366,0.4930195794504581,0.2281724430451198,0.1362533557836169,0.4923398880735466,0.0,0.0,0.0,0.0,0.016010025861899226,0.0,0.0,1.7290222890423812
pix2,2,1,11.747586331302745,3.6729046411933313,0.0,1.8638628933807642,0.28994034655718826,1.2432400942322603,0.0,0.0,0.0,1.9687405776598534,1.106116100573459,3.7806120776449936,0.2987563371993464,0.6945007328696913,3.2481419021227325,1.0269796959710435,0.268339741045832,0.1709265035034535,0.5637642066886968,0.0,0.0,0.3183692062340447,4.240830703552853,2.6996242313365517,0.25519222179562423,0.013588685853064317,0.0,1.121604394468599,0.15042346675674584,0.09703107436256951,0.17713970383011352,0.09731905693784754,0.134099848383102,0.0,0.2144729423509189,0.0,1.0665615312571501,7.442620514004857,0.0911658453812126,0.0,1.622327117947222,0.0,0.02495411312744689,2.440096666383044,0.39143873434021026,0.245559274741577,0.4185918771498563,0.0,1.6512812270372779,0.0,0.0,0.3035268239287627,0.0,0.0,0.632752169411976,0.0,0.08745184327342799,0.0,0.0,3.9226583847859002,0.0,0.0,0.0,0.0,0.0,0.0,11.890087863475467,1.5681586090407036,1.208547357499922,0.0,0.0,0.0,6.39776518947572,0.0,0.0,3.295991306400302,0.0,0.0,2.631592381392809,1.0275058980530412,0.48770956230365925,0.6039267656851094,0.18652661105820084,0.134075725019061,0.0,0.0,0.0,0.0,0.0,0.0,0.0,0.0,0.0,2.4598910600101,0.9743306762200862,0.0,0.0,0.0,2.153759419293299,0.2600457120234617,0.0,13.435899409423973,0.0,0.0,0.0,0.11823696313760083,0.0,1.3158115013826714,2.232021146820698,2.6504627390366355,1.5819479100519562,0.0,0.0,0.0,0.0,0.29163938920730764,1.9937698348460011,0.0,0.5681604000188475,0.0,5.07278510515619,0.5750579419056242,0.5276472857797146,0.4915760803408826,0.22723336813411446,0.14592188538514872,0.497941932179802,0.0,0.0,0.0,0.0,0.022568346585715448,0.0,0.0,1.7404179519160228
pix2,2,2,3.070114581505429,1.76830282418338,0.0,1.8805978543177095,1.197632647896732,1.6235651781803897,0.472804600809454,0.0,0.16303106472628845,1.90946116010189,1.5903726507756133,3.2699280680419722,0.27337435384395303,0.629497536002393,2.628240822537608,1.228823162147958,0.2692791561123491,0.159992363477163,1.430876522358869,0.0,0.0,0.31296575841710905,1.9905141019376635,2.4630423763004132,0.273511915878069,0.03527572871824964,0.0,1.233966347974263,0.1587746131340374,0.11423534413351866,0.8545383800888777,0.4031291489367567,0.14771319981433517,0.0,0.23397617787415578,0.0,1.235672029625881,5.826169244654289,0.14783103356489555,0.0,1.5955165309704378,0.0,0.1757982432781885,2.7169085308242362,0.3918204883354043,0.27254323592038443,0.446637152175612,0.0,1.7660060148650314,0.0,0.0,0.3303874624743213,0.0,0.0,0.6535950433150906,0.0,0.303929394225712,0.03052926912307322,0.0,2.4235418681244565,0.0,0.0,0.0,0.0,0.0,0.0,11.485480897785418,1.5686299219689124,1.2278139318466057,0.0,0.0,0.0,3.4949273972798767,0.0,0.0,2.8797683244385963,0.0,0.0,2.8497093929857416,1.0267494204678678,0.4764958486303669,0.6063861390335954,0.1865203238668589,0.13368715248686452,0.0,0.0,0.0,0.0,0.0,0.0,0.0,0.0,0.0,2.327586435220555,1.112411366196535,0.0,0.0,0.0,2.450991934987328,0.42878402953279154,0.0,7.674007712160358,0.0,0.0,0.0,0.4287159417344237,0.0,1.7889414138462594,2.054456423778812,2.6343842626817002,2.0733455530358675,0.0,0.0,0.0,0.0,0.26967490864833077,1.8405308764653128,0.0,0.5634056510134788,0.0,3.68577569486178,0.5775134842545827,0.5290300432090292,0.45946330174820504,0.22476049027300327,0.24923778503223973,0.5282074777765586,0.16093090920720463,0.0,0.0,0.0,0.07402986946913785,0.0,0.0,1.6454994863482943
pix2,2,3,1.2390881207894784,1.0833057403106312,0.9248826919574551,1.273583976818015,1.215776693905638,1.5297273882666123,1.0004161386671924,0.8650721230234202,0.8018361233822667,1.6880233475628843,1.2498350726331031,1.9188652512736923,0.32228314739085967,0.439356527987401,1.5447297599414025,1.4374831024960935,0.25231704772659086,0.07554548984597742,1.2481206754363168,0.6907892665548907,0.0,0.39308932436573657,1.3157810888448382,1.5246922490144674,0.28974934677200687,0.08251149563695381,0.6008079607136271,1.3634532047451942,0.1591530567904503,0.16587772194052872,1.0632261877164486,1.00879517176589,0.24909924851756263,0.0,0.21789094767564626,0.24476026224564204,1.5434952743472954,2.456235846421377,0.2784521722371325,0.0,1.1925858423414328,0.8127030143314824,0.685755866592001,1.7421004819709427,0.391702998957566,0.3532289074086235,0.487101825523195,0.4145667304484709,1.7567074061687813,0.3999168386942316,0.7440834649106658,0.37181369938287406,0.0,0.16380990139051707,0.6733722922438581,0.0,0.801926967048298,0.3296242939876139,0.8360193217240278,1.2084110817630902,0.33883776932285126,0.0,0.0,0.17603327866428323,0.0,0.0,8.834940853110158,1.5659616837449748,1.2500949110615838,0.8642607133365126,0.0,0.0,1.7257394615337585,0.0,0.0,1.7387375526046147,0.0,0.0,3.1572111266057905,1.0271642309150533,0.4752375320530105,0.6208513274696795,0.1866229497288941,0.13303780911073318,0.008677998461103105,0.0,0.0,0.0,0.0,0.0,0.0,0.0,0.0,2.09204669588295,1.441579198886108,0.0,0.16174746509466154,0.0,1.3130032695313039,0.6281807033178466,0.6639373686313915,2.2014136334604264,1.0326165765091107,0.0,0.0,0.8291854477173204,0.1993859878623782,1.5453302073074677,1.2403162151540186,2.6219120018765327,3.3754212275564193,0.0,0.0,0.0,0.0,0.2590003690773827,1.659011398402736,0.0,0.3746219931705319,0.0,1.4942866885004775,0.5196044352722267,0.5415614736023437,0.3362370870401005,0.13130476857187168,0.6790836773856742,0.7506305180749742,0.7361704889196077,0.5013005233079834,0.07485463846255241,0.0,0.36758004153016555,0.0014087897408873572,0.22444542717124938,1.097507018200551
pix2,2,4,1.032899933826887,1.0158155717620425,1.040899587345143,1.1001397558711814,1.0438061511448402,1.2753813094139648,1.0190130744816817,1.0796162655895558,1.064732092451508,1.4407138061328817,1.0559529144593522,1.244776264681203,0.4876420406479931,0.3375342853979959,1.1218219698085738,1.334014376459394,0.15451667898223462,0.0,1.0635939757087116,1.141563137263781,0.20321461714538142,0.4989357062290979,1.056117722925978,1.1698784634945005,0.374129155542628,0.0,1.0401003394040418,1.4407443097499535,0.1799959598877579,0.23511708714286003,1.0121883296713454,1.0441206395223266,0.5406345991831136,0.03327273455795748,0.5309634409878059,0.7923340960064629,1.2140729115318771,1.138494554725603,0.4762340691438282,0.6913843130384624,0.9684943497869601,0.9361652125447215,0.9361233745853406,1.097292148018262,0.3866071723078596,0.4285422184804439,0.6914116076010741,0.8049835721444701,1.1510058176159523,0.9033230617514437,1.0368740353121764,0.3630582346546162,0.3797186439509903,1.0589484173053385,0.6790536251699781,0.6051664420425868,1.0604544674849115,0.8036833715672799,0.9334440150331594,1.0634053299232888,1.0258921616879773,0.41849577529366777,0.0,1.1477930388095205,0.3523986632471924,0.0,4.371268285115442,1.3893842840732546,1.2948886970484677,1.2548652674060676,0.4753299808869286,0.0,1.2796847428851401,0.12536920925358436,0.0,1.2143010937044205,0.0,0.0,2.1393509784434657,0.9308527473491697,0.4595621751824284,0.6650368215275303,0.18908075493728238,0.13261097324537657,0.9187932300415595,0.0,0.0,1.0684367909347292,0.0,0.0,1.246471247046381,0.0,0.0,1.67696863780911,1.591942176622002,0.43725538290525784,1.0368432201482998,0.7652103242594034,1.0194445001624857,0.7179441981566795,1.317111521053334,1.0963388334419395,1.0193595963497712,0.2804857207597567,0.8885051893678996,0.9366058794029214,1.1981483141971625,1.0135019033318309,1.0320731257447182,2.4568796728703983,3.8791163492963903,0.0,0.35802962761581875,0.0,0.9377847478169695,0.3995930261613928,2.2142475650083493,0.0,0.6762694349455098,0.750318827243446,1.0729453155207587,0.3554562296825435,0.337596480596017,0.2740411674024562,0.07492505950476373,0.9233174442167142,0.9246599011024687,0.8773823421395743,0.8203149747387644,0.2938840344265145,0.24174816844252592,0.8342108961238309,0.0,0.8505345782436086,0.9251582044330303
pix2,2,5,1.0057412785689075,1.0039076252377441,1.0114783939490366,1.028313102200754,1.0063728101881781,1.075812872320424,1.0060755703929916,1.0350052271489698,1.0300367508440709,1.1555507308477315,1.0112324172073748,1.0631628219487044,0.740989040558541,0.6115515519204836,1.0224089212295457,1.1121326661737145,0.44568134699188844,0.033914787045396765,1.012187286828054,1.0633727316926291,0.6088536992159999,0.48021382769172555,1.0076287774009207,1.0440931531799211,0.7151961259579454,0.028469198700666064,1.0298410557352529,1.1875513294512738,0.39536488505270867,0.3719740887710915,1.0008771483991963,1.0114323557664222,0.8587958853168791,0.2052596606873761,0.918772968979906,0.966158443046766,1.0109317988332052,0.9953445343802886,0.8622084205195802,0.9321141072892317,0.9917669997756744,0.9876151556442462,0.9834474353623853,1.0020685677780645,0.3934123267329077,0.618449807991731,0.9460622978557653,0.9644157078177822,1.0040999078302852,0.9751362681168539,1.036749025083432,0.7230615811575676,0.8662641985864667,1.1370752469261889,0.9050967209717208,0.9223913281251329,1.0702643485613352,0.9738630888085109,0.9877446151495106,1.0323631395790316,1.0446995455056638,0.8584249591447387,0.716289357547224,1.1022507955980236,0.7908421360640415,0.6220870283603629,2.0347309095650847,0.7950046632727117,0.849944483288742,1.1458461931447186,0.8573932103463249,0.7448729546489283,1.1021666765467024,0.846464234981841,0.7804537312370774,1.1186425911180982,0.4254346670129685,0.1979913191522848,1.5187304522542833,0.5886242289396397,0.15530205308536582,0.745277298675904,0.19452425673932935,0.1371248089658399,1.0535857578251207,0.6883502941825803,0.6494918018370229,1.1134778159972127,0.6710594271694854,0.4051296335747637,1.1974470431079984,0.6723868590853485,0.5074868633635913,1.1520835421414835,1.625567253475131,0.939829338881839,1.2660510822357733,0.9640075236613236,1.0367288461775888,0.9730100985217514,1.1979557114799908,1.0050016284154728,1.0135007513453016,0.9110325481162368,1.0726538365295104,0.991174681746155,1.165985769288334,0.9841081205370886,1.0107787234166261,1.8345264937902728,2.426689712627026,0.057781720875215284,1.0717069381738669,0.534585287565954,1.0598716086352975,0.7991396082779603,1.7680249639358658,0.5752246884317042,1.0525057108112292,0.9687854890129051,1.0817441175013611,0.4074697576325591,0.34950251956339706,0.27569907013541656,0.1404280739627699,0.9327985991132198,0.9213038122236086,0.9020477368371479,0.8795018152796397,0.4358751761252722,0.3811549549283365,1.030768836227429,0.019698303157972115,0.939721875975477,0.9532544056408211
pix5,1,,18.648892166756387,0.0,0.0,3.2738842469325022,0.0,0.6980554274646057,0.0,0.0,0.0,2.478016832853646,1.6556766393245401,3.4828584207498188,0.2759255886789864,0.5475207090485544,3.3329793675852315,0.7463376953618172,0.3647764722303355,0.2711375252186708,0.0,0.0,0.0,0.0,4.584590977062726,3.1951551499630257,0.020909670532061123,0.0,0.0,0.9273702042314894,0.2235693372122182,0.09125029322091899,0.0,0.0,0.2628406862989,0.05609272015351782,0.29718008224859305,0.0,0.9549560629677358,10.051428411933072,0.061786708625006063,0.0,1.7028894442194127,0.0,0.16118035601779043,0.0,0.19244778153657857,0.0743901224363467,0.43023115731537503,0.0,1.4670728277896337,0.0,0.0,0.29282260462585125,0.0,0.0,0.6562213183551852,0.0,0.6624305611310347,0.08104792224976946,0.0,1.5109440944987362,0.0,0.0,0.0,0.0,0.24305661365743852,0.0,10.268801200126275,1.137988892098775,0.9437527371061224,0.0,1.1266877732015872,0.038447158298596865,4.647757513505954,0.0,0.0,1.4863697717571127,0.0,0.0,4.258521731634564,1.2646186505200743,0.9288416701765082,0.2166383005299657,0.048606962924011156,0.029353159172231746,0.0,0.0,0.0,0.0,0.0,0.0,0.0,0.0,0.0,2.3862078044065353,0.8500719209170178,0.0,0.0,0.0,0.7194964063140813,0.3425813245014064,0.0,10.399391342151203,0.0,0.47427809337503934,0.0,0.4793969612873365,0.0,0.0,1.6061882406103438,2.4184161078541977,2.666098525056441,0.0,0.0,0.0,0.0,0.0,0.7233632075487194,0.0,0.11061747186029063,0.0,8.064223948334249,0.5621718165537579,0.5001508816272743,0.3004254114008455,0.2430430293076562,0.6957299059375799,0.6980210421807048,1.133129439194804,0.0,0.0,0.0,0.21559031997862962,0.0,0.0,3.3468228628576973
pix5,1,-2,13.481772789893235,2.047324889076749,0.0,3.5136429776789035,0.0,0.8092056533544779,0.0,0.0,0.0,2.463330956428341,1.868848365335502,3.4308078448154067,0.27159490303769634,0.5497916991143518,3.2160546462251487,0.7517081917250705,0.3639530000677032,0.27167166649115165,0.0,0.0,0.0,0.0,4.406143971268647,3.2081137472459083,0.02531444421996856,0.0,0.0,0.9473664900605816,0.22483515436299678,0.09421299350129744,0.0,0.0,0.26294204468750704,0.058016822877410286,0.297890058362976,0.0,0.9680321335656152,9.939740134083662,0.06472195669706408,0.0,1.7029356163057439,0.0,0.17155334286725218,0.0,0.19256784554750775,0.07736430370038906,0.43140098266773474,0.0,1.475676298054708,0.0,0.0,0.2943485773380618,0.0,0.0,0.6571366486336062,0.0,0.6710203843223255,0.08632238996994769,0.0,1.4612443819919112,0.0,0.0,0.0,0.0,0.24361415498529007,0.0,10.249048062680476,1.1378410830121022,0.9442238039988292,0.0,1.1259859642640317,0.039209180639304106,4.248007442554148,0.0,0.0,1.4772842310502714,0.0,0.0,4.243356529023399,1.2646580539553423,0.9293610173721842,0.21853429058687926,0.04861199459420908,0.029299972900951984,0.0,0.0,0.0,0.0,0.0,0.0,0.0,0.0,0.0,2.359670114513022,0.9001128248876515,0.0,0.0,0.0,1.1414669357502485,0.3651612145240136,0.0,9.328960860627047,0.0,0.5140404055755333,0.0,0.5201820497945624,0.0,0.0,1.6977117756008269,2.413088547386117,2.6996297006909677,0.0,0.0,0.0,0.0,0.0,0.7280565316057648,0.0,0.12685784708884446,0.0,7.47849295904225,0.5620450601255604,0.5004816123632455,0.30256669852590473,0.2428594127052983,0.6947818293597395,0.7005454977057003,1.1192576995888923,0.0,0.0,0.0,0.22425442151289252,0.0,0.0,3.23772707321887
pix5,1,-1,4.774025517421772,1.8582275315329244,0.0023715008917797797,3.7550782752928185,0.92641361567772,1.1037276292489886,0.20190547543173254,0.0,0.3245374667496822,2.3780594994018536,1.8288491853191637,3.1834544202093564,0.25625668455896905,0.5647410478699527,2.7051976706937264,0.8316684557151451,0.35642177552703774,0.27118654919324975,0.9064690958133197,0.0,0.0,0.0,2.576952493696449,3.151784590375355,0.05288287783859142,0.0,0.0,1.0477424631059882,0.23112297551950156,0.11156922447682013,0.505030747099571,0.0,0.2536720273854341,0.07070189710966729,0.3040792890909439,0.0,1.0708516622017024,8.886531068701725,0.09160877757218357,0.0,1.7115712221367545,0.0,0.2277204127908713,0.3821995468389923,0.193485764570738,0.09684497890035812,0.4426975765653535,0.0,1.5444015989028073,0.0,0.0,0.30857023344136586,0.0,0.0,0.6674050423906982,0.0,0.7503691499115788,0.13809444015638173,0.0,1.215644953676182,0.0,0.0,0.0,0.0,0.24877580099835986,0.0,9.925991052036942,1.1373579671570093,0.9452882656370135,0.0,1.1207499651897668,0.06282847282228081,2.845361354535602,0.0,0.0,1.4347431976354528,0.0,0.0,4.20871581014611,1.2644689679534908,0.9282741789419362,0.23999139397416216,0.04863587798266725,0.029040122633000987,0.0,0.0,0.0,0.0,0.0,0.0,0.0,0.0,0.0,2.253934133105268,1.1318185794001807,0.0,0.0,0.0,2.250362472724345,0.45506640272606813,0.0,5.106441975091762,0.26317988150478644,0.6733097821385357,0.0,0.6885140429482434,0.0,0.0,1.8213465464682403,2.390336285380636,2.9154621526938573,0.0,0.0,0.0,0.0,0.0,0.7356613272062799,0.0,0.1917744108434998,0.0,5.096408047324397,0.5606025983653339,0.500929231476255,0.3128789666292663,0.24282226060639897,0.6986301411017056,0.7157794331140144,1.0530909182377965,0.0,0.0,0.0,0.28445154499998626,0.0,0.0,2.57900978530767
pix5,1,0,1.5378287751273128,1.1310914551410638,0.9502202447185591,2.464274937376396,1.26525932960234,1.187446137283048,1.0133297067727423,0.7115844549762033,1.0431921962078172,2.054298103071382,1.467396146945865,2.0888697296143404,0.2690829468304952,0.5579658747115657,1.8123223724502813,1.1072082029218806,0.3270747281327739,0.22627586619484175,1.3936141320880147,0.7972239791554585,0.0,0.0,1.488204228564135,1.7411986574315539,0.10616235809691162,0.0,0.45735927773461643,1.2631249460300036,0.23549672417709014,0.13574177875133842,0.990568722512652,0.7308243742328517,0.24697042601985378,0.09431570928377248,0.26901513887841294,0.0,1.4611805823437523,4.485007285772164,0.1967281198297218,0.0,1.5078291858329076,0.6949074302500282,0.5046126795258126,1.764231380071343,0.19764110700927717,0.18133873980441986,0.47303703581347284,0.11252529798158262,1.7330811890973874,0.09635680875984862,0.4613952388564572,0.35791474501854287,0.0,0.0,0.6951329281662801,0.0,1.0213538859062683,0.2605470588668338,1.1791325150914085,0.9415371629198594,1.0628317245139873,0.0,0.0,0.4958668003230762,0.30056186539007096,0.0,7.455397301312131,1.1369377288151068,0.9424057632050741,1.264350568407521,1.0819062308012273,0.24166190979502422,1.5329826331862728,0.0,0.0,1.432108856014284,0.0,0.0,3.7839732655117273,1.258277622340629,0.9051799625669976,0.4011344615896468,0.04877690428840445,0.028055221398457942,0.6229504112097075,0.0,0.0,0.0,0.0,0.0,0.0,0.0,0.0,2.185646183385445,1.465254613104478,0.0,0.32564783584787704,0.0,1.4708221637665395,0.5243090268399349,0.8859311076133323,1.6192659234105684,1.0600123753521014,0.8172442287435012,0.5206336561479211,0.8465554158745324,0.5102082597419005,0.39758549041724606,1.1570018240754913,2.350052525092724,3.3240951253512123,0.0,0.0,0.0,0.07758847463300196,0.0,0.9496449483459661,0.0,0.23403838718948344,0.0,1.9458204929627767,0.5807240504143043,0.5204195211322855,0.3062052120588126,0.16595693184813687,0.7948306726032667,0.8396827166246209,0.9453178687355223,0.4029570421172753,0.0,0.0,0.5981472660432688,0.0,0.7118420749041937,1.2423393306131125
pix5,1,1,1.0700642400105178,1.0238142638631713,1.1045131766808647,1.3484052510595381,1.1130185790061293,1.2064594457317288,1.0535672259144195,1.0763185070700116,1.159650002394539,1.6089904917001558,1.1429136509620945,1.2994125135853853,0.3937013170731678,0.6087265250629376,1.301014942421688,1.2865567077781828,0.257328744324109,0.10795036562647577,1.1771298622789375,1.1501729300786263,0.0,0.08157256800315982,1.1429396314415174,1.1869181292451376,0.2175019792471128,0.0,1.1040929022927222,1.4681389403642395,0.2460161543677721,0.18835028644390503,1.0305203723966627,1.0138287298535957,0.34331581542581957,0.0982922596571151,0.34202403861168157,0.6596673921669468,1.4098111647729303,1.5346513636917494,0.2608142409235028,0.5233225870923494,1.003926306498669,0.8852236397418348,0.8676589686282524,1.211242663364653,0.19561566277457534,0.29907203369337115,0.5037037355873888,0.6161072117585535,1.2756676310980022,0.880725188424868,0.9612566439458512,0.3310245780255008,0.24079918516950066,0.8889796052603148,0.6374185784803033,0.4054635514556034,1.0384276184943633,0.6614376625177847,0.9807192846973238,0.9892799344642637,1.172448551441784,0.27111571023013037,0.0,1.2199490430948077,0.5957198249907552,0.10324048436503412,3.373977560016151,0.9987508177562129,0.9181108923891801,1.2567291264814127,0.9822982436528986,0.6595921850684896,1.2168363567926392,0.35965111182698567,0.036847470937707086,1.3737432509309997,0.0,0.0,2.219529566319278,1.2246361026655548,0.830365078688553,0.8385896306207267,0.0511832618247185,0.02585040733117921,1.1916517031738,0.0,0.0,1.0216252479610333,0.01181002682388927,0.0,0.9383080083187136,0.0,0.0,1.9343757149878915,1.50573161214643,0.4406337899269123,1.069109698727148,0.7533777872861888,1.05201932481778,0.6734090286450163,1.2753242341407585,1.0301612334970334,1.0220251857273106,0.9253344800115961,1.1818548078990032,0.9975049004105149,1.2152564342127101,0.7920782664686916,1.032353686503648,2.1921257200998934,3.334982858801068,0.0,0.6899370819450108,0.0,0.9243760184464503,0.0,1.5185173706548472,0.0,0.9337255457876493,0.8023584335382018,1.1332719218710008,0.38985053866219643,0.4305318315574403,0.2764401261671508,0.09444888869649737,0.9464945217528876,0.9419865231897521,0.8973983664751392,0.7999979428160535,0.26492723010549907,0.13402519533602975,0.912310952288073,0.0,0.9223799313178339,0.9590252070572629
pix5,1,2,1.0130141949379845,1.0078703137458527,1.0223586980619512,1.06798604085267,1.0189317344191884,1.1312795919806342,1.0153397724884852,1.047715371451411,1.0617604824747369,1.2164357878588654,1.0290657036529332,1.090311057024152,0.5895119950501257,0.6820055528880619,1.0591410606016278,1.1483721281645698,0.2192347648024634,0.03352757508715254,1.0324139616065615,1.0841696679825576,0.3667199986850188,0.24211063319184914,1.022060543845942,1.0615884286384292,0.47932366164072976,0.0,1.0669542607894154,1.2555621479848855,0.316367628879663,0.2728413200377559,1.0036970369833134,1.0150983026714193,0.6712220131521144,0.21510687699815903,0.7873417009332286,0.9177391573693776,1.0524435480253214,1.0232080963867818,0.6574712127961457,0.8467118625440094,0.9808994985337169,0.9685990250494649,0.9670822995013363,1.0115920284675137,0.2168586091147992,0.4864808066409818,0.8391347223190087,0.9011267835839073,1.0142577336908019,0.9559163985313073,1.0229463104706802,0.5116158494687686,0.7281489251310309,1.109264746233734,0.8178398821991704,0.8306356631451989,1.0658125788972386,0.934800709430716,0.9807251830588969,1.0182385672427152,1.0621006186302533,0.7644990865730092,0.6398850568812886,1.0886498421489104,0.8628045543493312,0.6900273648027834,1.6375644607773356,0.5287619570869756,0.5439899688211121,1.1138903509440314,0.9423201143251484,0.8516435470081938,1.075003474532741,0.8071924013315089,0.7348196855441488,1.163282328442866,0.3138517107784018,0.09112657544139402,1.4204596160139478,0.8775386465540156,0.5370921566118525,1.3708062543690978,0.05740726237438125,0.022444489041870564,1.1109612622958929,0.602098165139689,0.5794123705775691,1.0896402945314505,0.6243431511442948,0.3409592932493141,1.108629182336892,0.5397230479916868,0.3665878902201978,1.1138465371552677,1.4359021208793619,0.9332319245432349,1.2085747201981618,0.96838125473951,1.0321852287429307,0.9540572789791713,1.1511232250943915,1.0002356796436005,1.0101665822116386,1.0538149543421225,1.1125281050915616,0.9880088396063826,1.1390023775224674,0.9686413509788507,1.0140416274644963,1.694554904761704,2.0911189169164506,0.008731048526712875,1.1368980997499176,0.3181501732058109,1.0453610987747255,0.47294208824727507,1.4478242547241464,0.7192122095295466,1.1697090674182744,0.9741113589265632,1.066916700574751,0.43153520499802217,0.3375184833238978,0.3147847825143913,0.1410111924845135,0.9430604227018137,0.9264998779219595,0.9070964078202088,0.8754904679265725,0.44405918903209124,0.3355768186394718,0.9502283505237018,0.0448674700220605,0.9529141610124822,0.9537686535784949
pix5,1,3,1.001509368643786,1.0009823756209668,1.0011665321364935,1.0071486746203313,1.0007197768908722,1.0166732491582364,1.001251861622879,1.0071139680224825,1.0074351764721565,1.0310966653011895,1.00227289437573,1.0124640987689433,0.8577559523453913,0.6450398120750155,1.0042460687510062,1.021666440003552,0.7004666521258998,0.06792344585101773,1.0018775424960136,1.0122187018028737,0.7979816635303444,0.44848243366912566,1.0008967806560505,1.0083979943750057,0.843454563170851,0.340415011228512,1.0069228550458202,1.0384697435170995,0.6848507144841551,0.3260142428196245,0.9996186587543698,1.0021112862615424,0.9217852063709275,0.5652036279347615,0.973469071670532,0.9880251674333753,0.9990105744612451,0.9934744216176246,0.941778548897004,0.9719787085887607,0.9972369575831772,0.9953863461007024,0.9887057016105976,0.9952427662974829,0.47023547254315884,0.7974604944255077,0.97964961386065,0.9860226178744534,0.9962899084180487,0.9883303219974263,1.006375588995716,0.8942422156395288,0.952432459245518,1.028152296440142,0.9695637949616354,0.9736827191728586,1.0150334069468876,0.992577417307063,0.9965540214691041,1.0050369382234754,1.009558092232743,0.9381862194281784,0.9176942913912781,1.008338026408153,0.9310873604905506,0.8524183633996186,1.093118198036471,0.7427409682097044,0.677568633666825,1.0098606286164507,0.9493461587723795,0.8986255718225431,1.0115440427592446,0.9461534878745047,0.931077406116851,1.0053997913672068,0.7910814997704654,0.6637114386614621,1.0130714551414353,0.7937578913601872,0.4996483373644573,1.1429994783494457,0.03367023558128648,0.0,1.0172938992618457,0.9134496161332477,0.9088737690245748,1.0080149318370908,0.8779625354861164,0.7642553667677221,1.0086893547556897,0.8688239206693034,0.7778237422552952,0.9526436079867016,1.1139829728643744,0.9671776487595264,1.0548433731044853,0.9927521631325799,1.0080389496476776,0.9745475253774738,1.0193293380744515,1.0009407980402971,1.0021377723466398,1.0284465587249048,1.018415263903728,0.976170746393831,1.015267411443797,0.9931580054570365,1.0004268799043243,1.0588063521393811,1.1602334629645352,0.7157360549910565,0.989951873888355,0.7920293397003535,0.9924505412218393,0.7271858917072704,1.0317143040430237,0.9853625205419012,1.0271499743993247,0.9893524124458282,1.016461464704344,0.7090722755288746,0.5267862685010859,0.6350799837341685,0.3955636017720282,0.9694191318328729,0.9482696823592679,0.9502156371830173,0.9158720723151548,0.723938737394118,0.5516007539340152,0.8266650110301627,0.21563118669421194,0.966050677027699,0.9477630806576806
pix5,1,4,1.000117185550295,1.0000661994834399,0.9999077394922457,1.0004481588387917,0.9998966538868033,1.0009693387237166,1.000008925819714,1.0006900432347066,1.0004476077008546,1.0030820801390725,1.0000346179790112,1.0012056571819605,0.9790653333195823,0.8308791664821277,1.0000132371200952,1.0020786143765708,0.9558447362510586,0.5638183548875382,0.999929582675991,1.001156502463023,0.9712002178118218,0.7799155377396622,0.9998974926378359,1.0007887084205367,0.9782212422427564,0.7714390107000713,1.000189792135802,1.003784535616825,0.9497254807241693,0.600512842833925,0.9998819726463485,1.0001874028950117,0.9897618237786803,0.8827847481234049,0.9971792705355016,0.9985340257418122,0.9993633479846363,0.9984373338869906,0.9933592904005751,0.9963271426437103,0.9996954493518201,0.999474491461425,0.9978699999495271,0.9988217878645389,0.8805084173801868,0.9621333770403854,0.9978689036624977,0.9984375106764121,0.9991327206303193,0.9980942342860847,1.000622724584777,0.9877471283315872,0.9940442286201692,1.002932010484135,0.9966184422272075,0.9969250462625734,1.0015805615557636,0.9992066996244013,0.9995361943091863,1.0004631474232475,0.999430340170587,0.9860970434379467,0.9830046980246742,0.9960718566932834,0.9765832207005564,0.9609362436429852,0.9899935209689465,0.9095984793813596,0.8955966258972374,0.9937720721173795,0.9802308380122315,0.9701926214339524,0.9986352238168705,0.9846293082361272,0.9821894106561838,0.9901373520291846,0.9511845584750421,0.9260475701105527,0.9686634469883045,0.9193886230759343,0.8584534909361358,0.9337285724424891,0.18940418838385598,0.06195989283005724,0.9993806669618341,0.984055206791284,0.9829216448157649,0.9940982696699309,0.9653659341409895,0.9438456135897502,0.9917621664213097,0.9654289533851361,0.9476851143026326,0.976273541976466,1.013251407541937,0.9870778568628104,1.0063650578889198,0.9980223710165812,1.0009268024682862,0.9831346702828255,0.9943135802095583,0.9999542106143581,1.0002439922513533,0.9986286287494465,0.9989633706606621,0.9885245431341395,0.9933969467677088,0.998555952681322,0.999086508803931,0.9581017311736361,0.9734412248972077,0.9457694038758938,0.9790992935592213,0.9611063931093984,0.9910551662271567,0.9229599257804303,0.9630310111688982,0.9950277520350375,0.9976535439897402,0.9964082043421155,1.0018986414113118,0.9225914587813009,0.8349508966546502,0.8989363574816821,0.7843677392286557,0.9913875491736571,0.9815657297942016,0.9861992561316486,0.9700590834463303,0.9271446594453645,0.844728884383638,0.9038654906465443,0.6281358892646013,0.9843724508569698,0.973746090845507
pix5,1,5,1.0000069917578758,1.0000018150858108,0.999968439317628,1.000003992714317,0.9999757366957583,1.0000049195651641,0.9999882237197769,1.0000585727609668,0.9999971840807556,1.0002662822283883,0.9999832232378684,1.0001047479115226,0.9976009808421101,0.9729462702770721,0.9999584127158309,1.0001729672167274,0.9949999333183887,0.9311892804763137,0.999967376660057,1.0000948612206424,0.9967514977657941,0.9663264782384506,0.999974914203779,1.0000676776923105,0.9976154799072389,0.9662203112557208,0.9999528924616322,1.0003250970489437,0.9939678544667053,0.9323272303316639,0.9999840092869714,1.0000162602651224,0.9989072863392102,0.9838325465624366,0.9997072851707121,0.9998322259103064,0.999872870120368,0.9997648824954738,0.9992606327661347,0.9995359415584905,0.9999666176011283,0.9999403446393621,0.9997290286255056,0.9998330031378948,0.9854380432637292,0.9948396590419214,0.9997805171497137,0.999828658718528,0.9998512542399611,0.9997359884328576,1.000047113729471,0.9986792352886774,0.9992698497039151,1.0002435682529303,0.9996377535962219,0.9996396731516479,1.000135185756456,0.9999167373128666,0.9999432670276821,1.0000328895242316,0.9997834820254902,0.9967724687405897,0.9955004002868527,0.9991965032234126,0.9937535414636582,0.9898958780588687,0.9971252977001687,0.9745966531297257,0.9663327661023942,0.9987661476073431,0.9944352357902451,0.991715375596528,0.9996102843171378,0.9959050922350255,0.9943634186007084,0.9981888975921787,0.9889691671151276,0.9831651177466081,0.9942779228514625,0.9780435365881484,0.9648780267801252,0.9848165505767683,0.714614401295559,0.5764009021592708,0.9997004488258705,0.9968123828835789,0.9961405165820608,0.9988265354262453,0.9912762827320373,0.9860588444731514,0.9984146361408982,0.9915060396282944,0.9869853751535215,0.9938377144001601,1.001254162794839,0.9967774554017352,1.0006037678129216,0.9995550724345618,1.000087338877318,0.995049605014367,0.9987203807901168,0.9999499715777157,1.000023278981305,0.9985759612419299,0.9995884244980368,0.9969421197432593,0.9986200700088257,0.9997438787281121,0.999829178295534,0.9843001773757233,0.9933599846064148,0.991174471523683,0.996375764746422,0.993721826878496,0.9984792230051803,0.9830467227781401,0.9929758894904989,0.9986530157506265,0.9992706789957577,0.9991394549032918,1.0001795585914377,0.9890292175111167,0.9755958352594448,0.9854698619890531,0.9678084545327611,0.9987502596641101,0.9972343231142031,0.9980186808331332,0.9955361483220297,0.9896987361234777,0.9770789325785016,0.9843963442072176,0.9400542243120559,0.9974829287744263,0.995750098481755
pix5,2,,21.466422952686752,0.0,0.0,3.135289374751479,0.0,0.7656476820376659,0.0,0.0,0.0,2.493021261339572,0.0,3.7427594333478043,0.34389537610011284,0.6341900983436192,3.2885151925094944,0.7256426437462447,0.3547352282878201,0.26761497989552524,0.0,0.0,0.0,0.0,5.4380265020815175,3.215014201963048,0.006092570228332576,0.0,0.0,1.0950669379614542,0.2089402937800494,0.06236547596293267,0.0,0.0,0.23233935802184202,0.010192895111949079,0.31829264480488495,0.0,0.9338753626880373,11.715683364706626,0.008097094039356994,0.0,1.7236813952073144,0.0,0.04217297978609847,0.04751060991569629,0.2660407811968979,0.07640365390105695,0.423930870264665,0.0,1.610531484871654,0.0,0.0,0.31702462591265346,0.0,0.0,0.6709500312698891,0.0,0.5752828472290774,0.05029966439443143,0.0,2.1863148584824943,0.0,0.0,0.0,0.0,0.09848415712382275,0.0,10.863168343655932,1.4004104945921014,1.2754475464757637,0.0,1.4660775340165833,0.0,9.456592513409436,0.0,0.0,2.7822119674880086,0.0,0.0,3.8363256336575016,1.2327458088648569,0.8784498580506412,0.2726890902049331,0.04619487617236438,0.03621845013084828,0.0,0.0,0.0,0.0,0.0,0.0,0.0,0.0,0.0,2.420039849921569,0.7230149796104879,0.0,0.0,0.0,0.19718873358127367,0.5120957878509181,0.0,11.981067098352975,0.0,0.002747443876109347,0.0,0.8314233129778648,0.0,0.34472762799418016,1.4307748334671597,2.446156365085411,2.0567653435794173,0.0,0.0,0.0,0.0,0.0,1.1896594532843354,0.0,0.1741097970574833,0.0,8.18759488738754,0.5425071303065389,0.5049293934462726,0.3518516426043933,0.2440079258144071,0.5062846838071438,0.6537786475354485,0.8468679617725203,0.0,0.0,0.0,0.1421733855911571,0.0,0.0,3.6051000019327275
pix5,2,-2,21.440149837434447,0.0,0.0,3.1374482124040957,0.0,0.7665510073781365,0.0,0.0,0.0,2.492949331087538,0.0,3.7426476039912466,0.343883435131102,0.6341780631482964,3.287688380402523,0.7255977418800169,0.35472554361362957,0.26761779986979606,0.0,0.0,0.0,0.0,5.437535086679942,3.2150854124607213,0.006115888072557142,0.0,0.0,1.09519206637191,0.20895028179549346,0.062373947155846314,0.0,0.0,0.2323358685507586,0.010199571579150203,0.3182976008387992,0.0,0.9339305553660663,11.7148947875833,0.008116896682012466,0.0,1.7236979097364291,0.0,0.04217406130926079,0.04815840006352351,0.2660407569238032,0.07641145718082319,0.42393756917029835,0.0,1.610572137083976,0.0,0.0,0.31703485749289895,0.0,0.0,0.6709573642331145,0.0,0.5752986243532408,0.05033437874463438,0.0,2.1860072364903558,0.0,0.0,0.0,0.0,0.09848629702669309,0.0,10.863214796734358,1.4004105071308497,1.2754518507417465,0.0,1.4660716084307928,0.0,9.45426654280143,0.0,0.0,2.7821538603563654,0.0,0.0,3.83624780543837,1.232746158028903,0.8784493474325606,0.27269089749933195,0.046194901834945984,0.0362183145602349,0.0,0.0,0.0,0.0,0.0,0.0,0.0,0.0,0.0,2.4199971070433386,0.7231105961968105,0.0,0.0,0.0,0.19807881824401813,0.5121339169493453,0.0,11.97915755038453,0.0,0.002815940403125084,0.0,0.8314898205996645,0.0,0.3448536498671128,1.4312413862885107,2.4461454431608156,2.056907225264438,0.0,0.0,0.0,0.0,0.0,1.189669889877466,0.0,0.17419002394045557,0.0,8.186435849434636,0.5425090295992367,0.5049323451770071,0.3518498279314863,0.24400573754198923,0.5062934173659458,0.6537875443939626,0.8468665775145046,0.0,0.0,0.0,0.14219199640882674,0.0,0.0,3.604934241303244
pix5,2,-1,21.206735018708137,0.0,0.0,3.1566100439993603,0.0,0.7745771590900845,0.0,0.0,0.0,2.4923098136701745,0.0,3.741649043005893,0.34377712336586524,0.6340702790482108,3.2803729936243866,0.7251973587128765,0.3546391774872818,0.2676430473588259,0.0,0.0,0.0,0.0,5.433104772107419,3.2157248265494496,0.006324029508633481,0.0,0.0,1.0963053936487583,0.20903924990441958,0.062450051450977546,0.0,0.0,0.23230534986300516,0.010259601279043516,0.31834212360868686,0.0,0.9344269339766785,11.707804933342251,0.008294972395282891,0.0,1.7238463590549051,0.0,0.04218415482552664,0.053979522267772334,0.2660405414304335,0.07648166908481617,0.42399781840834955,0.0,1.6109377362459318,0.0,0.0,0.3171268632417858,0.0,0.0,0.6710233329738704,0.0,0.5754412394019656,0.05064695000584848,0.0,2.183248282910395,0.0,0.0,0.0,0.0,0.09850548643711123,0.0,10.863626711027447,1.4004106399862684,1.275490353471426,0.0,1.466018418183998,0.0,9.433397805074028,0.0,0.0,2.7816296202559796,0.0,0.0,3.8355512567373378,1.2327492913478635,0.8784447728631014,0.27270752938106807,0.046195131940825,0.03621710748171894,0.0,0.0,0.0,0.0,0.0,0.0,0.0,0.0,0.0,2.4196130648612355,0.7239696629627929,0.0,0.0,0.0,0.20606728913360947,0.5124764300625506,0.0,11.96200073766732,0.0,0.00343159051895128,0.0,0.8320874379407371,0.0,0.34598597791425184,1.4354279595058392,2.4460473301408334,2.0581818182245244,0.0,0.0,0.0,0.0,0.0,1.189762481603038,0.0,0.17491066519686146,0.0,8.17602738656698,0.5425260686777224,0.504958804786243,0.3518335072698662,0.24398610774923218,0.5063719618776112,0.6538675439094144,0.8468543745521853,0.0,0.0,0.0,0.14235950282714604,0.0,0.0,3.6034426439484526
pix5,2,0,19.114872265605833,0.0,0.0,3.3029032562400324,0.0,0.8428550219301048,0.0,0.0,0.0,2.4883903690830724,0.16639628352444488,3.7099261686180767,0.3403388142948051,0.6331150444853655,3.2019049199647616,0.7239544690817261,0.3542551333209035,0.2678764571735675,0.0,0.0,0.0,0.0,5.31736725527469,3.2313895170399705,0.008985987612278435,0.0,0.0,1.1073840193496263,0.2100647132486881,0.0631898637995733,0.0,0.0,0.2322676588421754,0.010840720805011908,0.3187568788228476,0.0,0.939408361603517,11.637081762318989,0.01007421413395828,0.0,1.7253110641665712,0.0,0.042365757297860546,0.11135347974822814,0.2660394751535771,0.07719193286807867,0.42460093022474327,0.0,1.614622756536712,0.0,0.0,0.31804454584684433,0.0,0.0,0.6716805365294297,0.0,0.576951489321503,0.05361309984763533,0.0,2.1568523867709617,0.0,0.0,0.0,0.0,0.0986942556265292,0.0,10.867729878435709,1.40041257510372,1.2758574443216213,0.0,1.4655019777873828,0.0,9.231453532289779,0.0,0.0,2.7767198305071537,0.0,0.0,3.8283629848418292,1.2327825344203454,0.8783927729125307,0.27289169861139395,0.04619742482752074,0.0362064314991555,0.0,0.0,0.0,0.0,0.0,0.0,0.0,0.0,0.0,2.415857110904401,0.7323823126188403,0.0,0.0,0.0,0.28406866899490457,0.5158451987207705,0.0,11.793247491156734,0.0,0.009522461397773069,0.0,0.8379526674746819,0.0,0.35709320322120347,1.475744648457632,2.44507269011172,2.070215474115815,0.0,0.0,0.0,0.0,0.0,1.1911090070897339,0.0,0.1820922463397663,0.0,8.074415883377469,0.5426786294438861,0.5052096311163834,0.35167418678339274,0.2438018778532386,0.5071603152003417,0.6546080123587447,0.8468015947435471,0.0,0.0,0.0,0.14399555957089644,0.0,0.0,3.5886480330359825
pix5,2,1,9.724202764035399,1.901046940031269,0.0,3.7620905518606307,0.6166373197350796,1.0998642597330897,0.0,0.0,0.0,2.4700186110036833,0.8956048190347067,3.5322060129159842,0.322195624661033,0.6264215733570188,2.8899591362200137,0.7317336677275957,0.35327278946619906,0.26940653803272013,0.13899445974062785,0.0,0.0,0.0,4.129103256802045,3.3062844464436205,0.02258815486028654,0.0,0.0,1.1562570996257635,0.21474402837554646,0.06959102357303742,0.0,0.0,0.2341978760084409,0.016163645358772797,0.32224118701798354,0.0,0.9857707339867712,10.998381760390425,0.02636766735803361,0.0,1.7366767850810405,0.0,0.0472381637956572,0.6033288682641321,0.26604649819464327,0.0841321859751849,0.43014354693268836,0.0,1.6486155995624214,0.0,0.0,0.326406190389682,0.0,0.0,0.6776619979761532,0.0,0.595520171490729,0.08279559217296713,0.0,1.9499499923844579,0.0,0.0,0.0,0.0,0.10033567224477362,0.0,10.868194107020605,1.4005224990667455,1.2783926610815415,0.0,1.4609437731187813,0.0,7.683561005895945,0.0,0.0,2.7244434810087386,0.0,0.0,3.7845614301525736,1.2330480469308067,0.8780144904768518,0.27628619689557277,0.0462155966301957,0.03615330017154071,0.0,0.0,0.0,0.0,0.0,0.0,0.0,0.0,0.0,2.3835767116524194,0.8038518475186127,0.0,0.0,0.0,0.8877564204174693,0.5444363909380668,0.0,10.34965394070877,0.0,0.06237242822527251,0.0,0.8882589305380119,0.0,0.4521128050529325,1.7648273773977816,2.436829107167692,2.1756440097192122,0.0,0.0,0.0,0.0,0.0,1.1938152166386113,0.0,0.23868655390629445,0.0,7.2404385364753185,0.5437172060225858,0.50694098258146,0.3503259197349061,0.24251795238190957,0.5140815759401618,0.660894420769842,0.8476592866431555,0.0,0.0,0.0,0.1597513480318459,0.0,0.0,3.44725651083482
pix5,2,2,2.59924330952074,1.3894926201580116,0.5375292222589002,3.493703551127767,1.19165127043697,1.4075747044394962,0.6713620219342817,0.0,0.11609957632615317,2.3641234954698174,1.4832287506889619,3.107569094289772,0.294347667131591,0.6191652432803063,2.096859328309235,0.9444412279488482,0.34615323588525904,0.26728005623080886,1.346301288255304,0.0,0.0,0.0,1.7814529972908393,3.0257741122813675,0.05514858442806848,0.0,0.0,1.2935954651885906,0.22475088410646787,0.09854259920542413,0.7835445431582274,0.13740747554233973,0.2328154277848691,0.044008333173350414,0.29479883254710765,0.0,1.284930421550448,7.475154184722819,0.11714689937980075,0.0,1.6976393805584846,0.3376694582561618,0.20670701361812663,2.218227973099326,0.2670351387935091,0.1423124776073513,0.4579730029368588,0.0,1.8535613640878343,0.0,0.0,0.36983799792472377,0.0,0.0,0.7055779036721456,0.0,0.7467147755949343,0.14652560777525608,0.9436141514917304,1.311705151608937,0.5444710410142917,0.0,0.0,0.0,0.11696754911422694,0.0,10.110607333625932,1.4017577704218553,1.2876769635580554,0.38985818350385326,1.4254490158199336,0.0,3.5538402086985155,0.0,0.0,2.358419637813565,0.0,0.0,3.8275259630446747,1.2343221096718218,0.8785523947350768,0.3198818976285947,0.046324973279122265,0.035891829961760165,0.0,0.0,0.0,0.0,0.0,0.0,0.0,0.0,0.0,2.258606743570601,1.131035768309966,0.0,0.0,0.0,1.9492677936207883,0.6460145647049819,0.5871057675076409,4.981857042503047,0.5158156794267486,0.26605618138914444,0.0,1.0765915645868356,0.0,0.7946739916200407,1.7519325374291634,2.406333863645923,2.684516155141725,0.0,0.0,0.0,0.0,0.0,1.0423393319306007,0.0,0.3256581896501622,0.0,4.1745455974755785,0.5480719007241381,0.513257106830064,0.3390266688824854,0.23710808003265763,0.568701034956955,0.6984024982914764,0.8777350277574453,0.0,0.0,0.0,0.2794727318399953,0.0,0.0,2.5126549194908043
pix5,2,3,1.1973628359930246,1.0493211368675475,1.080303782001163,1.6917682461937285,1.1786977751253755,1.3444486862251153,1.0259287266269568,0.9376749586120877,1.0030902666543688,1.990230723608848,1.2306382300672587,1.7680161207062186,0.34328079552459556,0.601295728687248,1.4409043653872982,1.208933429871585,0.29604463591696195,0.20423672617315022,1.2546749476228265,1.0261662627177586,0.0,0.0,1.262019656077251,1.4918744281799883,0.1460428501614231,0.0,0.7928953670944588,1.5079092506721454,0.22785000952432413,0.13705951655571896,1.0312673879207364,0.9373209090227236,0.26859261679636676,0.08784695918165507,0.27669362310682216,0.5837917096818038,1.6464600756065018,2.6950229100166103,0.2276005452896812,0.2643444414475761,1.1726511378425313,0.8438588671407292,0.7281340298333555,1.7084680812475024,0.2652620810239449,0.2892878936846157,0.4660504782072367,0.47353970651967103,1.727308589201177,0.8427178930351065,0.8239658066717553,0.39621759310638704,0.04564835398385205,0.41179245419111754,0.6859051394841061,0.09751603645439039,0.981087444123233,0.49238221566298007,1.1163517122698297,0.9796895921521397,1.2485067313728335,0.0,0.0,1.117890956897657,0.25572432002567913,0.0,6.540547554274686,1.4038268923756252,1.303468777910895,1.3063888633376581,1.2423103684057737,0.0,1.5655499173335423,0.0,0.0,1.653621458516386,0.0,0.0,3.330121419639018,1.2297450576174953,0.8846467494038501,0.5360843105936718,0.04701531239141309,0.03491495257321817,0.9167361195854692,0.0,0.0,0.6310807854764416,0.0,0.0,0.0,0.0,0.0,2.1455974294558673,1.4519370659805695,0.0,0.42480650428900296,0.32228006989020797,1.183359199302241,0.704730446363509,1.411231348588537,1.5355421480890836,1.0363434079700697,0.4554836713291121,0.8886876470913331,1.1403591152332007,0.9904328037712868,0.8950353731546777,1.1379412759981296,2.370381490982506,3.387916878960919,0.0,0.0,0.0,0.7653432228654259,0.0,1.1728944980241807,0.0,0.3388513597457704,0.3519718649456692,1.5004978080692684,0.582045346191329,0.542933062878435,0.2960294501252027,0.12039376988347522,0.7512662596335449,0.884697427391248,0.9039251402144484,0.6134248529649515,0.0,0.0,0.6797194026536778,0.0,0.6692529841144738,1.1801668286218086
pix5,2,4,1.0322718822597605,1.015853392333367,1.0405189223569862,1.1464143411259493,1.0406474900606466,1.2625019171216123,1.0250165235310362,1.0964740153186807,1.0969977767586914,1.5501995473915313,1.0588965731442457,1.2392257430256028,0.5001041391803918,0.6842864398607362,1.1147263612107325,1.2991972820889959,0.17426420989946795,0.09560366565009072,1.0647466219882475,1.1645233912621973,0.21309647359056624,0.07522454656526303,1.0505708875834696,1.152979347215439,0.3395113353918963,0.0,1.0895291923138826,1.570037216630426,0.26545532430921864,0.20772362408376085,1.0099337141707994,1.034360220157176,0.5256914534507096,0.11131515696247814,0.6204541778144835,0.8710834108807708,1.2438763565931974,1.178412048578495,0.48364976516667757,0.7584129267814247,0.9720141993795552,0.9437922372661236,0.9477017331680044,1.0949455276197977,0.2591443776683294,0.44680977882985623,0.6959528283760346,0.8195716795734815,1.1268959341133258,0.953715823870845,1.0276067036841308,0.40254548658568345,0.5641073643406905,1.1385561090734155,0.7112329743879133,0.6930085141558421,1.1210661676002762,0.8738258359387885,0.9872203890288451,1.0189159656498266,1.1532523199927873,0.6331699000920513,0.16915654306822386,1.2133794637556867,0.7033840666354441,0.34844886564139155,2.8202521433599252,1.0686890527636037,1.189779605635517,1.2383687947338358,1.00430738251379,0.6729267348791611,1.1988372182292262,0.644543888732323,0.4026287116269348,1.3534694061359698,0.0,0.0,1.926059166425463,1.1275636858939098,0.7125228273164654,0.9875021346474738,0.054005633618621776,0.032189166655881736,1.1847722421292786,0.040747188121019226,0.0,1.1419595014852268,0.31539389648381827,0.0,1.1227906791874422,0.06339043955097763,0.015786719700677746,1.6562881544749977,1.5584244655080965,0.6473491571609937,1.1698355197312613,0.8538509764941002,1.0437576527405321,0.761165156159071,1.3347716976764634,1.0242064037645773,1.0234286229401515,0.9050241746116316,1.203413307926355,1.0189820952839852,1.259442238548257,0.9099962439088539,1.0408216040538878,2.145423213380847,3.1810374358042646,0.0,0.9530804993378897,0.0,1.0391130817571528,0.2289356602162335,1.653018993493822,0.0,1.0763959783411408,0.8916699105395296,1.1100158023655977,0.3812106377711197,0.3703030062329894,0.26284829778429986,0.09561287805462339,0.9305788478855536,0.938562970822581,0.894692971422214,0.8374058295596398,0.2701358831201472,0.21557927173070485,0.9892657516320116,0.0,0.9227611001875814,0.9714252083575367
pix5,2,5,1.0057365756651964,1.0039128485046867,1.0063013519234962,1.0261772705201144,1.0052814637614307,1.073660803159292,1.005678490518507,1.0340536688400066,1.0275272020089694,1.1537872713267774,1.0103625629231157,1.0604688265289441,0.7574995498909786,0.6868811791020035,1.018710086637154,1.100635445546144,0.492580113499225,0.039586918709671515,1.0096628034117099,1.0561463200523846,0.6467539409456299,0.28795868489168097,1.0062001732109433,1.0396272788649157,0.7216134677863794,0.0476604823757295,1.0300382695022805,1.1900625141609622,0.4957169733125827,0.30775105034779643,1.000731417470747,1.011149832396109,0.851962769557796,0.27814411775563985,0.9379572483918547,0.9764148857763605,1.019191717099311,1.0032140684875497,0.8782724248796472,0.9456353169014762,0.9935121788357222,0.9895870013678624,0.9844056698939524,1.0019484301124044,0.30791266976682435,0.7048005555730964,0.9495991825735195,0.9681665981424666,1.0041177325740454,0.9828007462239773,1.0201757702516814,0.7767389332292541,0.902576654735435,1.09075217110665,0.9263264812166964,0.9412390702746701,1.0518452008738803,0.9834558488761372,0.9946797071113473,1.0150443464401522,1.0440224692269087,0.8832992341007896,0.8242814480610592,1.0622218810416917,0.8839402400359108,0.7686842444635293,1.4515926303841007,0.6964732537693141,0.8085486325257625,1.0795118535514636,0.9425438202423588,0.8598080033357594,1.0549667044728168,0.8996916976825011,0.8755043680781842,1.1013334076781995,0.5574870394911625,0.3618383271946794,1.2669373923339167,0.7875991025706579,0.34414708823818296,1.4064640591580664,0.05580428701778901,0.03388667975255254,1.0739744329242127,0.7932960282562336,0.7836686698365357,1.0685783231183,0.7732625705389111,0.574778340277427,1.0836833329884001,0.7319275776579133,0.6131935666415993,1.066711703241062,1.403732942987732,0.9458114447853045,1.1911311518716767,0.9782474235111359,1.0288220418771221,0.9826300121237983,1.1135518276360774,1.0019577391330405,1.0090089887212887,1.0418329437993532,1.079131486126484,0.9936825222316703,1.099532555567592,0.9793111420891789,1.0095274506314988,1.5552891543115142,1.781602705525621,0.23063154965095728,1.0917051392482724,0.48924239563811056,1.0337937616779018,0.6363718113507735,1.326213997177045,0.7440972836477359,1.1135501852352163,0.9815442110575727,1.0601594846668585,0.4211234511763102,0.36736049428497264,0.2958283922560669,0.18750993118786516,0.9353011923330585,0.9275849616501669,0.906026795697148,0.8862358855843235,0.44228072387771555,0.3882311497311128,0.9572287913667066,0.07897260292853964,0.9529404295703855,0.9560967134328987
pix7,1,,0.0,0.0,2.319150343876973,1.9983033768497076,0.0,0.0,14.930660247766768,0.0,0.0,0.0,0.0,0.0,0.0,0.0,0.0,0.7710342204014972,0.08844541656601207,0.0,0.3618443674706483,1.773596489207346,0.0,0.0,2.7766416606236684,3.4465027285140337,0.5126352123511844,0.5352729446480458,0.0,0.0,0.0,0.41708044989478643,0.0,0.0,0.5474631129713285,0.0,0.4848000582030152,0.0,1.2938034451876752,11.896738446294236,0.9727258256233079,0.0,0.0,0.0,0.34879153236251587,1.025282863116451,0.2368571195010489,0.0,0.0,0.0,0.7197277816170073,0.0,0.0,3.118862093819972,0.0,0.0,0.0,0.0,0.0,0.08405943130514393,0.8971131798641477,0.0,0.0,0.0,0.0,0.0,0.5724614220265145,0.0,0.0,0.4960349096538536,0.0,16.600637589791297,0.0,0.0,0.0,0.0,0.0,1.4266548395457677,1.1450466421153536,0.0,3.865977902011835,0.7231048409042444,0.7140434755649138,0.0,0.0,0.0,0.0,0.0,0.0,0.0,0.29293739194241925,0.0,2.345426427140026,0.2616177963940774,0.3112334712800046,0.0,1.19007788048751,1.155916706228462,0.0,0.0,0.0,0.15173003030324522,0.0,0.0,0.0,0.0,0.0,1.3675875188008786,2.042248429681568,0.0,0.0,0.3517544172834078,0.0,0.0,0.0,0.0,0.0,1.017998766957427,0.0,0.0,0.0,0.0,0.0,0.0,0.7200259902265116,0.0,0.0,0.0,0.0,0.0,0.0,0.7282613035450334,0.0,0.12326935594194671,0.0,0.0,0.0
pix7,1,-2,1.0,1.0,1.5868963483867176,1.3854435726174283,1.3696815341798563,0.8847416601652286,1.183452123320213,1.1689910271886106,1.0,1.0,0.9734545538000696,0.25244444860699355,0.0,0.0,1.453971816648017,1.0342603024471957,0.10078926130600595,0.020336930429462337,1.268686276991322,1.647162852124996,0.0,0.0,1.943429373971198,2.84301077628397,0.49260989857408033,0.5300326204741437,0.849781877726018,0.0,0.0,0.3902976768893667,1.4409467039336674,0.07824468081067745,0.5619310620099667,0.0,0.45886689247388374,0.0,1.6372037936024808,5.258441355280023,1.4095392898793568,2.718525570892244,1.0,1.0,0.508216561712486,2.7398363134891337,0.2511790591279739,0.0,1.0,1.0,0.9231707121396993,0.0,0.0,3.373133808268545,1.9984691406981585,0.40744239590145853,1.0,1.0,1.0,0.0943854177003568,1.7684105769688925,0.1923374858429981,1.0,1.0,1.0,0.04932490393991351,0.5662930266656043,0.0,0.8703809173791169,0.5090076889249731,0.0,1.2742806723329794,0.2852086805366229,0.0,1.0,1.0,1.0,0.9986148287973083,1.092704327570815,0.0,3.673095564236248,0.7067011200220823,0.7119226927875291,0.0,0.0,0.0,1.0,1.0,1.0,0.17960182670226085,0.2750541977888076,0.0,2.2789089301374124,0.2481853467693652,0.31730304812063526,0.0,1.0557564148874454,1.1448397387581084,0.385144502365732,1.0,1.0,0.20660074612866952,0.9087846173644286,1.0,1.0,1.0,1.0,1.3937873825658205,1.440374865512707,1.0,1.0,0.41303153476522214,0.0,0.0,0.0,0.0,0.0,0.992990331968201,1.5421027659571527,1.0,1.0,0.0,0.0,0.33810906403009805,0.7002688770354935,0.0,0.01839320275462655,1.0,1.0,0.046734631291299726,0.0,0.42184255160837214,0.0,0.07901337761085807,0.0,1.0,0.38641663687993555
pix7,1,-1,1.0,1.0,1.4880648981724567,1.1366234458090818,1.3457609094781937,1.0892423600161123,1.116251391163643,1.1103416967670459,1.0,1.0,1.095967927505587,0.9871477152953446,0.0,0.1454129087847395,1.5211576109137117,1.404684395279711,0.1421841172982677,0.0,1.3592071200337785,1.3767814287986728,0.0,0.0,1.5266767800982934,1.6426973241880864,0.39742744042782446,0.37179069866908554,1.0682026280277737,0.8963706664818225,0.007480060585665143,0.6360041513169248,1.2800713113376985,1.1094302234933215,0.6416908555705021,0.0,0.4359324689117151,0.3540464067902305,1.8004751990914,2.2259151444002763,1.6706335602567366,1.6342936356949,1.0,1.0,0.7718644651755882,1.812913936529611,0.25594588280571023,0.03462700602073936,1.0,1.0,1.0271662030229016,1.2984611609088241,0.5583045163757887,2.4920630904296006,1.473300565582351,0.8759179816404185,1.0,1.0,1.0,0.40457834345698535,1.223315883392268,0.8125901371972417,1.0,1.0,1.0,0.917557985327839,0.6194022390457622,0.0,1.423870591369756,0.6195163421234773,0.0,1.1079629201611692,0.7501932417728734,0.24106002992476752,1.0,1.0,1.0,1.0277079442909243,0.965585772004546,0.0,2.447018032408872,0.6448643781901034,0.6750001791465767,0.2625516467786165,0.0,0.0,1.0,1.0,1.0,0.9157591867225459,0.27290247828738395,0.0,1.5791289823804495,0.19758592950019735,0.3212373724264484,0.0,0.9010514983107107,1.0743941039657972,0.8682013360518265,1.0,1.0,0.5115405386136848,1.0631599370572464,1.0,1.0,1.0,1.0,1.3520808619382494,1.0984575512136603,1.0,1.0,0.6321131660311666,0.9830832598480466,0.0,0.0,0.0,0.6076777324771134,0.9133305675244263,1.591477070701954,1.0,1.0,0.0,0.7276049159223931,0.3658949977755979,0.4023645325631144,0.004455453559861895,0.023098125909979016,1.0,1.0,0.7116548682884147,0.6068118147975002,0.2877642938920508,0.16226059479479377,0.3420148638370992,0.0,1.0,0.885926097096938
pix7,1,0,1.0,1.0,1.2173706331267158,1.04761512189574,1.1454352980812514,1.0485575886511718,1.048564800568083,1.0800911427021087,1.0,1.0,1.0490540180908068,1.0749797048103742,0.6349463311015517,0.6490406416812127,1.242015292362282,1.3882263136375632,0.07995698239101273,0.0,1.1615250285373235,1.271573030904689,0.09601135548687785,0.0,1.211601691924914,1.3613337050128986,0.23584923309321562,0.04703614821510173,1.0418677012738664,1.0573859406096375,0.6531798411994976,0.6803411875213844,1.1165529009661543,1.1797690137096006,0.5258486387492007,0.07509164850239625,0.4829891866805638,0.7686750259814716,1.3079531660274708,1.1717764119918832,1.1940791408287323,1.096735373589207,1.0,1.0,0.9108858144428388,1.1023430221313963,0.24641011146280725,0.26093187036098153,1.0,1.0,0.9931102790019022,1.049778759500912,0.9697244775339326,1.2771538103522484,1.0722201279691925,0.9900697591893931,1.0,1.0,1.0,0.8238387305633054,0.9929273918342914,0.9879824140706583,1.0,1.0,1.0,0.9954728353973902,0.7545454603478754,0.2285921309129764,1.132762280251194,0.6987216310456608,0.47219990585846905,1.0288030164233115,0.8606819538116398,0.7337006061319643,1.0,1.0,1.0,1.0030159395523812,0.8814189905356732,0.2793416491921261,1.2724569938862447,0.5273735090182443,0.33949796707140495,1.0789881424141772,0.0,0.0,1.0,1.0,1.0,1.0416336799459334,0.3929230246131969,0.0,1.2593098206002367,0.20383957085538906,0.2571919080956889,0.7293245223376551,0.9904354207891561,0.9560902398227992,0.9845011576898527,1.0,1.0,0.8568441780919785,1.018808672071479,1.0,1.0,1.0,1.0,1.0884183968514065,1.0216890756464236,1.0,1.0,0.837851847336521,1.0415382238086706,0.0,0.8119489965204078,0.0,0.9666052914436927,0.6198019249594338,1.193757842480192,1.0,1.0,0.8594962058299151,0.9637548066138384,0.29216123436929464,0.2557765508476976,0.22066419240131213,0.18991895323870067,1.0,1.0,0.8482420141846025,0.8296017425947914,0.2046243913787943,0.1459743326324869,0.5653332898026218,0.2979093779739004,1.0,0.939017116615764
pix7,1,1,1.0,1.0,1.0303460808202352,1.0063761447728832,1.020138575280508,1.006764494812944,1.006712654266005,1.0212672361608184,1.0,1.0,1.0068368585974772,1.022302223907514,0.8145264768463182,0.7064651829525037,1.0339167715626254,1.1057937118942958,0.26398287324553704,0.0,1.0218742074310276,1.0719728549256076,0.41702448793290364,0.0,1.0290143014067312,1.0929704608839887,0.3748656875284764,0.0,1.0058797444479932,1.0189890833355055,0.8259177137189693,0.7293351250838502,1.016027110067295,1.0505145002866012,0.6408864054004986,0.15479300296349782,0.8090338522326768,0.9389422357363169,1.0269518087740626,1.0031628877040877,1.017661004268484,1.0036311241883082,1.0,1.0,0.9657300528464057,0.9936241000270484,0.29257560000428207,0.5773750135709768,1.0,1.0,0.973503739247342,0.9799571345545525,1.0070751686675723,1.0266923682343998,1.0021693315518152,1.0012713158750177,1.0,1.0,1.0,0.9706017695310076,0.9907632467772811,1.0031541136076367,1.0,1.0,1.0,0.9912104531799781,0.8313063110172804,0.6445745395733369,1.0118258363522534,0.730643841161124,0.600103402067956,0.9963041316868594,0.8955823413495471,0.8201339715071124,1.0,1.0,1.0,0.989551992481026,0.8720666611537986,0.6885516184934577,1.0043061131028839,0.4336588429629375,0.1101230749574263,0.9708761195194031,0.0,0.0,1.0,1.0,1.0,0.9959699765767412,0.5851087069829045,0.26761289998398674,1.0237324928694935,0.42247026020582085,0.2761546144085905,0.7502304180496914,1.0559754442198814,0.9168351688677011,1.0183126223950327,1.0,1.0,0.889749840039816,0.9929631829149561,1.0,1.0,1.0,1.0,0.9385512958913019,0.9929045039187708,1.0,1.0,0.8400751124194011,0.9935511617013151,0.3774650821065597,0.9352418431150206,0.5418383931526659,0.9818973113997894,0.30889677212350586,0.9585046589283991,1.0,1.0,0.9656664307583549,0.9989208553623877,0.4646744405224343,0.35485474539632406,0.42789241181609894,0.3159182401189456,1.0,1.0,0.8960237398388196,0.87437667940968,0.3976344138280055,0.27083429471650683,0.5048374466374274,0.48535242834814063,1.0,0.9385778349737722
pix7,1,2,1.0,1.0,1.0003731250574257,1.0000695563644544,1.0002830679008692,0.9999967092228744,1.0000726680690482,1.0023022230676932,1.0,1.0,0.9999948442459343,1.0024215742046438,0.947931674213088,0.7904440856314618,1.0003415658457036,1.0114402064996926,0.7801774137020069,0.0,0.9999831525095387,1.0077588208075487,0.8313468629514724,0.2866364715874696,1.0003041951538152,1.010047632047057,0.8138320494982156,0.008406288645917907,0.9999601108920835,1.0020691330927332,0.9513292244007789,0.8114667592145439,1.0001283204450448,1.005487038313711,0.8942572694531823,0.4196782526507344,0.9730613581214757,0.9891143742106769,1.0003749053378348,0.9965579373771866,1.0008525129192938,0.9987385155265516,1.0,1.0,0.9902386042019812,0.9948775607316285,0.6507332783298503,0.8721553885878507,1.0,1.0,0.9923128437991613,0.991344229929707,1.0000214526715598,1.00208805307213,0.9989747435746872,0.9999132791351463,1.0,1.0,1.0,0.9963433330604867,0.997998351751213,0.9999584712418311,1.0,1.0,1.0,0.9870707204544373,0.9235586746077087,0.8495953928657435,0.9731787539794053,0.8711030740248268,0.7731712481853987,0.9861001919583996,0.9516399516193706,0.908366209450443,1.0,1.0,1.0,0.9816845718331362,0.9349075650531982,0.8641334137996757,0.926758485468831,0.7055180287763788,0.4652199692536394,0.8936582790427628,0.05879467807254111,0.0,1.0,1.0,1.0,0.9764410544408084,0.819393371127771,0.6507471605824153,0.9466635895241403,0.7510083507734743,0.5856631963513238,0.8365737972002651,1.008239523635333,0.9381203657675796,1.0027241277539811,1.0,1.0,0.9304766476398049,0.9857056706664914,1.0,1.0,1.0,1.0,0.9398123750109063,0.9855723654338758,1.0,1.0,0.89293060770548,0.9712695239989506,0.7469931763709349,0.9377167336501067,0.7834069813905533,0.9709148851376447,0.5071837149203897,0.8737083557402963,1.0,1.0,0.9892060575257329,1.0000390999755824,0.8016501467254639,0.6728692167862921,0.7876016103213899,0.6506295596053034,1.0,1.0,0.9615665279213804,0.9364234781697983,0.7766334376048146,0.6304249413549414,0.6265324354791418,0.6584354689773069,1.0,0.9548607331641394
pix7,1,3,1.0000000000000002,1.0000000000000002,0.9997562749086395,0.9999479568031615,0.9998525330203161,0.9999295478832421,0.9999455901998079,1.0002026972128297,1.0000000000000002,1.0000000000000002,0.9999281454196538,1.0002107584064728,0.9929680742096382,0.9259955484754038,0.9997166830276936,1.000999751419234,0.9703668570121382,0.5947268757498054,0.9997728542134413,1.0006797728742054,0.9772660960123764,0.749455747320363,0.9997638774445113,1.0008868800637247,0.9749370058541037,0.6485256622444192,0.9999311753203092,1.0001787452589903,0.993440598300324,0.9343006431518307,0.9998624111254434,1.0004822968333105,0.9858097844366471,0.7991265677641664,0.997046450885795,0.998577081821079,0.9998266752754318,0.9993154333936004,1.0000022927423553,0.999727127288597,1.0000000000000002,1.0000000000000002,0.9984688698079818,0.9990613591896392,0.9418324395363876,0.9792581280483736,1.0000000000000002,1.0000000000000002,0.9987910154460758,0.9985231342531617,0.9997520066244907,1.0001556124165805,0.9997854967583101,0.9999215812568307,1.0000000000000002,1.0000000000000002,1.0000000000000002,0.9995924023003545,0.9997196726832162,0.9998744736604099,1.0000000000000002,1.0000000000000002,1.0000000000000002,0.9951979084679925,0.9771362933802312,0.9587317605422367,0.9887817512674915,0.962018310082536,0.9360404306398834,0.9946178625698046,0.9858612005680453,0.9750047664038688,1.0000000000000002,1.0000000000000002,1.0000000000000002,0.9931763690637464,0.9805109967840083,0.9636952444702467,0.9709187039267154,0.9127146999206918,0.8511411936042287,0.9588083714055698,0.7134362372354741,0.4640625913585013,1.0000000000000002,1.0000000000000002,1.0000000000000002,0.9908331007563522,0.9488533969538446,0.9057314191459596,0.97710440839666,0.92729974502844,0.8815192292542267,0.960569069726229,1.0003747551251883,0.9844916547958723,1.000114772061865,1.0000000000000002,1.0000000000000002,0.9832385936795056,0.9946248834246858,1.0000000000000002,1.0000000000000002,1.0000000000000002,1.0000000000000002,0.9848496230602835,0.9945346155640015,1.0000000000000002,1.0000000000000002,0.974008123686917,0.9888956899018994,0.9451680080415517,0.9783378065449586,0.9510486185705633,0.9894301911996546,0.8793723450347722,0.9516277769844186,1.0000000000000002,1.0000000000000002,0.9978660690027887,0.9999797420731389,0.9524309275615616,0.9137418565851335,0.9487182003268952,0.9072030758499693,1.0000000000000002,1.0000000000000002,0.9906874129593517,0.9830581983477531,0.9463901496608335,0.902496877859577,0.866156129195854,0.881758724263712,1.0000000000000002,0.9839491125634282
pix7,1,4,1.0,1.0,0.9999631807540985,0.999992233404694,0.9999776491329226,0.9999899071710603,0.9999918802304779,1.0000184460425583,1.0,1.0,0.9999896990566026,1.0000190074571322,0.9992491162364631,0.9899912517749881,0.9999577225350568,1.0000903927582165,0.9968407041996896,0.9449833914451256,0.9999674698280002,1.0000616831483082,0.9975757336094855,0.966141728539657,0.9999648350578965,1.0000808864347734,0.9973295020866093,0.9524676252039659,0.999990295348072,1.0000160239324414,0.9993001151857316,0.9911308271186985,0.9999797599988742,1.0000438425719211,0.9984894453506182,0.9729189196646425,0.9996974910380274,0.9998455252845451,0.9999722268989037,0.9999178691808875,0.9999962179812228,0.9999668085364412,1.0,1.0,0.9998263650687366,0.9998883633445826,0.9936033782604451,0.9976000202616299,1.0,1.0,0.9998586634677328,0.9998277157113689,0.9999633614782583,1.0000130636881612,0.9999739706290397,0.9999888465624336,1.0,1.0,1.0,0.9999578341032412,0.9999688752234362,0.9999817374309927,1.0,1.0,1.0,0.9993468049364255,0.9971195407179715,0.9940388421781018,0.9984567264183941,0.9952253902598518,0.9907754996847753,0.9992657221519302,0.9982241777639248,0.9964270979347148,1.0,1.0,1.0,0.9990729860574686,0.9975454882312853,0.9948188322420168,0.9960211573894355,0.9890238473211946,0.9786820285719028,0.9943624417474423,0.963797594566797,0.9212647949057255,1.0,1.0,1.0,0.9987475275582814,0.9935964900319205,0.986522321921532,0.9968398561917075,0.990868970523448,0.9828303686588843,0.9948428189936767,1.000012369877576,0.9979460257658815,1.0000026578602783,1.0,1.0,0.9978083171021157,0.9992684974668156,1.0,1.0,1.0,1.0,0.9980016496867615,0.9992554195524838,1.0,1.0,0.9965953624067704,0.9984854707842192,0.9930373331872555,0.9970851298179457,0.9937113215879304,0.9985686411627899,0.9841637239542611,0.9934093916489489,1.0,1.0,0.9997366783398449,0.9999966564233391,0.9939305409441498,0.9889032809739917,0.9934472198697454,0.9880446164559874,1.0,1.0,0.9988089844865894,0.9978155035668504,0.9931587264027791,0.9874552081606779,0.9818654780240151,0.9840526135728542,1.0,0.9978274203059945
pix7,1,5,1.0,1.0,0.9999961389592369,0.9999991865720661,0.9999976556106503,0.9999989469184251,0.9999991495614119,1.0000018167880411,1.0,1.0,0.9999989250960117,1.0000018692120873,0.9999242999521761,0.9989626242125411,0.999995571660558,1.0000088931005706,0.9996815572517613,0.9942955481758758,0.9999966058853474,1.0000060724027926,0.9997556416661282,0.9964909726052528,0.9999963176592925,1.0000079696630377,0.9997308470218802,0.995073460678796,0.9999989889667443,1.0000015741876351,0.999929448539799,0.9990809093426237,0.999997883029271,1.000004317351781,0.9998477731659252,0.9971940416863958,0.99996965438454,0.9999843827384055,0.9999970679612988,0.9999915913532716,0.9999995625839551,0.9999965963949281,1.0,1.0,0.999982346602458,0.9999885804324452,0.9993529339558176,0.9997553311767778,1.0,1.0,0.9999855660235012,0.9999824196497172,0.999996169925669,1.0000012697801182,0.9999973315051193,0.9999988381024417,1.0,1.0,1.0,0.999995764257292,0.9999968439783858,0.9999980936248999,1.0,1.0,1.0,0.9999322531396853,0.9997041471754761,0.9993759218032552,0.9998397609735885,0.9995097178578047,0.9990344740878268,0.9999238239074747,0.9998176643132499,0.9996263757554315,1.0,1.0,1.0,0.9999038693117894,0.9997479057195613,0.9994582765510224,0.999587102372512,0.998872876524825,0.9977703391806615,0.9994148962725861,0.996280496932888,0.9917428115556711,1.0,1.0,1.0,0.9998700379876149,0.999342711953068,0.9985905290190477,0.9996717735841015,0.9990624639288119,0.9982019727348432,0.9994662493391041,1.0000008727833045,0.9997871154351873,1.0000001378142114,1.0,1.0,0.9997731768968678,0.9999241288562172,1.0,1.0,1.0,1.0,0.9997929807156849,0.9999227645168832,1.0,1.0,0.9996475747202137,0.9998428819578814,0.9992818600890897,0.9996980254364471,0.9993504917565783,0.9998516105998875,0.9983602967376835,0.999316359662888,1.0,1.0,0.9999729336928316,0.9999996466220542,0.999374739587966,0.9988559631607022,0.9993248418939253,0.9987672432198285,1.0,1.0,0.9998772732440915,0.9997747291842926,0.9992952174368075,0.9987066551500727,0.9981200719476916,0.9983475654825027,1.0,0.9997748002170054
pix7,2,,0.0,0.0,2.85665920173405,6.18189658504388,0.5930022496443514,0.0,0.005213124527490988,0.0,0.0,0.0,0.0,0.0,0.0,0.0,0.0,0.720618267639642,0.08865378192101057,0.0,1.1293606884673442,1.8457066290316704,0.0,0.0,3.633029665629215,3.559298487157583,0.49637999928742466,0.5932069201497954,0.0,0.0,0.0,0.3364526372452952,0.0,0.0,0.5847181869358762,0.0,0.5185964051273341,0.0,1.269870605598376,11.834385779523247,0.8322626513554048,0.0,0.0,0.0,0.24015987945298506,2.3211846318539315,0.2512425551195904,0.0,0.0,0.0,0.7333455618676429,0.0,0.4774207704837075,3.0802059237994146,0.0,0.0,0.0,0.0,0.0,0.06409452540842656,0.9217949145640528,0.0,0.0,0.0,0.0,0.0,0.6360353223219585,0.0,0.0,0.4613356572805395,0.0,2.6049396423861957,0.0,0.0,0.0,0.0,0.0,3.3416482273919725,1.088589665203981,0.0,4.301425596175818,0.7779754888161418,0.7286701122804982,0.0,0.0,0.0,0.0,0.0,0.0,1.3228854264660186,0.3205070008426294,0.0,2.337918543713376,0.21512509062271937,0.3759577522623674,0.0,1.2117197052906221,1.140349438138352,0.0,0.0,0.0,0.40666213723052563,1.8894785368990248,0.0,0.0,0.0,0.0,1.5046112332325294,2.591956367739103,0.0,0.0,0.6221014340716211,0.0,0.0,0.0,0.0,0.0,0.9490410310450604,0.48348617469260446,0.0,0.0,0.0,0.0,0.0,0.7206188956452843,0.0,0.0,0.0,0.0,0.0,0.0,0.7115694233351137,0.0,0.0669354159357758,0.0,0.0,0.0
pix7,2,-2,1.0,1.0,2.8282485773618924,5.720417456304682,0.6940570048656296,0.0,1.2881563053572422,0.0,1.0,1.0,0.0,0.0,0.0,0.0,0.0,0.7206186185845106,0.08824467301267466,0.0,0.9999340840673604,1.8398249293864277,0.0,0.0,3.4986728900332302,3.5634647480131054,0.49772895138337264,0.5937752029491364,0.0,0.0,0.0,0.3363669405014871,0.0,0.0,0.5835160128848463,0.0,0.5180388652353388,0.0,1.2740954335962393,11.772700386939755,0.8382772300757776,0.0,1.0,1.0,0.24156742401961945,2.3478375085052825,0.2513724686506648,0.0,1.0,1.0,0.7357123899076375,0.0,0.47850069780799,3.0870043809779872,0.0,0.0,1.0,1.0,1.0,0.06289565315553051,0.9528562664239915,0.0,1.0,1.0,1.0,0.0,0.6360746420020447,0.0,0.0,0.4614161211023067,0.0,2.28704496593719,0.0,0.0,1.0,1.0,1.0,3.316285065068509,1.0885636317617635,0.0,4.304282947539038,0.7779503815186226,0.728644729380772,0.0,0.0,0.0,1.0,1.0,1.0,1.3081387642891404,0.32052936597203463,0.0,2.3471937451989553,0.21509987957533133,0.37600250591546086,0.0,1.211605802435081,1.1402021439019612,0.0,1.0,1.0,0.4068770580647827,1.8717775284140217,1.0,1.0,1.0,1.0,1.5050619070658924,2.5899662353587614,1.0,1.0,0.6225725334342654,0.0,0.0,0.0,0.0,0.0,0.9488920757629326,0.519525418929176,1.0,1.0,0.0,0.0,0.0,0.7206048455968984,0.0,0.0,1.0,1.0,0.0,0.0,0.7115874479120821,0.0,0.06608323466028547,0.0,1.0,0.0
pix7,2,-1,1.0,1.0,2.83386731299813,4.021071809030448,1.1278382793182034,0.0,1.5005544331506084,0.0,1.0,1.0,0.0,0.0,0.0,0.0,0.0,0.7350939698946349,0.08870171840071608,0.0,0.8024493101053023,1.790884838923985,0.0,0.0,3.3401340149050585,3.5844922793957203,0.4980431971609522,0.592513965609057,0.0,0.0,0.0,0.3368975227728492,0.577410172404976,0.0,0.5836761853819848,0.0,0.5145513908783936,0.0,1.307344188540224,10.826124579381817,0.8683682155573479,0.928221806717661,1.0,1.0,0.25349124086327335,2.572972022393006,0.2529002213444224,0.0,1.0,1.0,0.7555321386695356,0.0,0.47841760611153494,3.129749242426437,0.0,0.0,1.0,1.0,1.0,0.05415101701865913,1.0832894526738521,0.0,1.0,1.0,1.0,0.0,0.6363688611117729,0.0,0.0,0.4620191785786339,0.0,1.563596146473018,0.0,0.0,1.0,1.0,1.0,3.0992256890833443,1.0883599362314587,0.0,4.29759079647217,0.7777378736943223,0.7286960995128297,0.0,0.0,0.0,1.0,1.0,1.0,1.2305671464415948,0.3206888552519454,0.0,2.370541253984414,0.21491761887855523,0.376238030260455,0.0,1.2108300868249011,1.1396173512275376,0.0,1.0,1.0,0.40836052058941197,1.7353332594660984,1.0,1.0,1.0,1.0,1.5075138357907376,2.434123863829898,1.0,1.0,0.6249900287321105,0.0,0.0,0.0,0.0,0.0,0.948002148807616,0.6622257955446406,1.0,1.0,0.0,0.0,0.0,0.7206295476363468,0.0,0.0,1.0,1.0,0.0,0.0,0.711597029265433,0.0,0.07195591625325112,0.0,1.0,0.0
pix7,2,0,1.0,1.0,2.0822115728935584,1.939611060408573,1.754614149195741,0.39437568632716946,1.2007842857067694,0.6510338225794413,1.0,1.0,0.6219095483775937,0.0,0.0,0.0,0.9951821755134571,0.7865117032005814,0.0891534507003599,0.0,1.0019855282694938,1.6910629395501091,0.0,0.0,2.2095937375866685,3.4483513062113547,0.5076918394801757,0.5710081794008675,0.27596913383918853,0.0,0.0,0.35039676736540387,1.1602518366150067,0.0,0.5708928732938888,0.0,0.4992209481134703,0.0,1.4765963437732623,7.146459379499649,1.0755628794380188,2.8628432882506853,1.0,1.0,0.3353151061641569,3.4330098086452163,0.2601586377149166,0.0,1.0,1.0,0.8561865956409918,0.0,0.44642769012601463,3.2983343839295336,1.1764750925093193,0.1404797287082203,1.0,1.0,1.0,0.03773241683243641,1.5849176097924804,0.06537652479712548,1.0,1.0,1.0,0.0,0.6400578818481131,0.0,0.0,0.46994174140275086,0.0,1.2172278956971379,0.0,0.0,1.0,1.0,1.0,2.058008903525651,1.0851965716066299,0.0,4.169817178779181,0.7753308191200776,0.7288058766621255,0.0,0.0,0.0,1.0,1.0,1.0,0.9703701974702358,0.3220706398067504,0.0,2.366721555842191,0.21253149486704045,0.37786334171068037,0.0,1.2089705099233234,1.1351145617625222,0.0,1.0,1.0,0.4184180190135257,1.3398585408193493,1.0,1.0,1.0,1.0,1.5134664490055003,1.698865306305984,1.0,1.0,0.6360392349635163,0.0,0.0,0.0,0.0,0.0,0.9441237524301022,1.0784305477095013,1.0,1.0,0.0,0.0,0.0,0.7085040707444508,0.0,0.011697249960789547,1.0,1.0,0.0,0.0,0.7115566557470553,0.0,0.1290481797417924,0.0,1.0,0.0
pix7,2,1,1.0,1.0,1.5944309455565087,1.2420560962445042,1.503567115489413,1.0297933012573932,1.1269194206970095,1.1722687767275954,1.0,1.0,1.03474477729308,0.5607706254945221,0.0,0.0,1.4430894538721417,1.18282656003235,0.1271038904918124,0.0,1.338423925591433,1.5948029219171775,0.0,0.0,1.635885612675039,2.406911092904851,0.439648483617603,0.47110628884504546,0.9721344282037734,0.22026978718174836,0.0,0.45321356132835494,1.256062000745299,0.592542839380737,0.6204994712911861,0.0,0.4872172740855266,0.1269391764734076,1.7897761859129537,3.3827291406836766,1.5746581592261621,2.1483748294721026,1.0,1.0,0.6177224387790917,2.8155341298483982,0.2709919772900702,0.0,1.0,1.0,1.0129437070580263,1.0571291888532741,0.500516906349863,3.1665693006493965,1.7586415317776234,0.8105427754401512,1.0,1.0,1.0,0.2521660468124179,1.574282765248657,0.7301276455367163,1.0,1.0,1.0,0.6290480178045138,0.6376893697002024,0.0,1.223583947351478,0.5100028587449068,0.0,1.112221000996579,0.43424811179495515,0.0,1.0,1.0,1.0,1.1469424926126963,1.0078172320994263,0.0,3.3640322640631544,0.7433627999114166,0.7283001458691372,0.0,0.0,0.0,1.0,1.0,1.0,0.9789515941161806,0.2967628282590174,0.0,1.8140577159652136,0.18721191836832074,0.38386897938733705,0.0,1.0056499011042273,1.1047070155689667,0.6303982911423531,1.0,1.0,0.4815879338327389,1.170370846584731,1.0,1.0,1.0,1.0,1.4838078095853602,1.1315450033417935,1.0,1.0,0.6833054175755799,0.19256165161570607,0.0,0.0,0.0,0.25459930524644464,0.9314895113126641,1.514210903257322,1.0,1.0,0.0,0.20073562684630744,0.3524860024144208,0.6025909136603934,0.0,0.05746006951906108,1.0,1.0,0.1789973453270166,0.16837684087308666,0.36849412375573554,0.023063909996473862,0.2961307967409815,0.0,1.0,0.638057191667481
pix7,2,2,1.0,1.0,1.3402768557357614,1.0827353465647767,1.243017943896772,1.0670515307491852,1.0740067606966712,1.1162330928966222,1.0,1.0,1.0664748992034208,1.048994639323292,0.48421513162454083,0.3507040237298217,1.353053124814815,1.48113963077351,0.09582231129591545,0.0,1.2434756670301887,1.394544149803118,0.0,0.0,1.3306873794151302,1.5874444552009817,0.3031925224745457,0.25393032701941903,1.051116208958725,0.9921946769083078,0.5018611142737757,0.6913105747542507,1.1711123504901562,1.1909347112210948,0.537086289615638,0.027422811819663547,0.45603131907066036,0.6925085619186125,1.6407524565880165,1.4963220302421003,1.4206947087991366,1.2689078501472344,1.0,1.0,0.8718329373526839,1.3868857633181393,0.2669865544466782,0.17087824409625,1.0,1.0,1.0614456732440545,1.199748240223908,0.9254221998763333,1.7404053016459184,1.1954967875546434,0.9761317243556747,1.0,1.0,1.0,0.6822851355417614,1.0403960388231528,0.973134259868057,1.0,1.0,1.0,0.957217565218508,0.7199581805127336,0.0,1.1914025002057356,0.6558939354273887,0.2643932597780904,1.0514213330900197,0.8057359502349635,0.5532797561707943,1.0,1.0,1.0,1.0206792066459804,0.9036825773919505,0.0,1.6734942132898616,0.6490942827416107,0.5621570438659667,0.9835601309520036,0.0,0.0,1.0,1.0,1.0,1.0472043722426023,0.3256305834903972,0.0,1.2881892061634819,0.14279422299620662,0.3551108914216678,0.41698022273984553,0.9468911518065629,1.001913176699775,0.9125191912306908,1.0,1.0,0.7626413631930082,1.0523773644364258,1.0,1.0,1.0,1.0,1.265406442569702,1.0377926063432397,1.0,1.0,0.8149764298047742,1.0230398283277968,0.0,0.49365590614687926,0.0,0.9302713032857478,0.7510668812431898,1.3406585772119894,1.0,1.0,0.5296821923054298,0.8930988992494471,0.3275990203179331,0.3149773549830416,0.06462132016290376,0.10176382260353291,1.0,1.0,0.7565387033367093,0.7303659150081528,0.24163908401085493,0.15396335606828174,0.4496225426859544,0.07202883862543304,1.0,0.912245745051567
pix7,2,3,1.0000000000000002,1.0000000000000002,1.087219264545794,1.0189306925789323,1.0594392731951416,1.0191405191244862,1.0190338922421138,1.0668179406707279,1.0000000000000002,1.0000000000000002,1.0192165817076995,1.0658782206481459,0.762524122367035,0.6886720542580191,1.0952922130517608,1.3276030012925137,0.13323720638698253,0.0,1.0634337761569408,1.227393200511363,0.28527215033942416,0.0,1.0829980773170256,1.296245093198154,0.26449565735427466,0.0,1.0161908042694334,1.0530075306279982,0.7753923975994044,0.7103480099120503,1.0448770003021177,1.1528174249837686,0.5708957616161027,0.12243917495030596,0.6758316910525757,0.9071752543859267,1.1096707264272587,1.0427259783138847,1.0596498710519557,1.0259224023011944,1.0000000000000002,1.0000000000000002,0.9482302204212473,1.0252024005253773,0.25679619181033186,0.45862847248239735,1.0000000000000002,1.0000000000000002,0.9779776091435741,0.998477207447939,1.0149344306328645,1.090014499387965,1.0180262012350298,1.0025623199855074,1.0000000000000002,1.0000000000000002,1.0000000000000002,0.9410297973855581,0.9909565365221878,1.0068199103900242,1.0000000000000002,1.0000000000000002,1.0000000000000002,0.9978813384121875,0.8031841496266573,0.47181774793677245,1.0678495483894586,0.7022806209068556,0.603299363417809,1.0138235357381955,0.8783247301552516,0.7891803579336749,1.0000000000000002,1.0000000000000002,1.0000000000000002,1.0028738820938186,0.8786825848284747,0.529712169400879,1.1218931131213261,0.4908325658677917,0.21871079479647462,1.1177086648093122,0.0,0.0,1.0000000000000002,1.0000000000000002,1.0000000000000002,1.035457591353641,0.4841437824725481,0.08044682324397738,1.1497603951763005,0.2510286706897955,0.29828525446929643,0.7782313246625713,1.0684299853443096,0.9376252750324846,1.0173735254452358,1.0000000000000002,1.0000000000000002,0.8909765196726328,1.0091102429065832,1.0000000000000002,1.0000000000000002,1.0000000000000002,1.0000000000000002,1.0168110338255278,1.0076943388037665,1.0000000000000002,1.0000000000000002,0.8787109881868616,1.023585387308259,0.0,0.9090094357173353,0.3046428764425284,0.9998774732495537,0.51455288362557,1.1007820309529803,1.0000000000000002,1.0000000000000002,0.9289340236982067,0.9897061337390659,0.28887134716419927,0.26679548414453624,0.2361712960129846,0.22455419107511682,1.0000000000000002,1.0000000000000002,0.8551235536838693,0.8497206339574009,0.20181090402071472,0.16841352628905587,0.5803985089328187,0.39072145551664894,1.0000000000000002,0.9430540750107215
pix7,2,4,1.0,1.0,1.0079307824965171,1.0016952198517886,1.0054853329526685,1.0016668563864044,1.0017174947746499,1.0122936409129828,1.0,1.0,1.0016731174978528,1.0128033313527176,0.9047331002330338,0.7165519805881995,1.0086032356900705,1.0611422965360615,0.6007060262122074,0.0,1.005424949189534,1.0417924538890542,0.692198008054903,0.029230603522674016,1.007452700997081,1.0537504056059792,0.6613112568853539,0.0,1.001374070647194,1.0107963423029738,0.91087088314926,0.7412073859837083,1.003989146898344,1.0289130577219892,0.807288578636845,0.1980598497697827,0.938123689516603,0.980269028749649,1.00623643770211,0.9970751051904478,1.0040856664127091,0.9995280011311396,1.0,1.0,0.9830106626212284,0.9942992256424907,0.3935922546995126,0.7838607701754322,1.0,1.0,0.9863649932586367,0.9876078663966679,1.004613656977869,1.0077643270918817,0.9993718879681355,1.0009390950275816,1.0,1.0,1.0,0.9920748119274408,0.996715109966631,1.0020326811777156,1.0,1.0,1.0,0.9866198649635711,0.872626653396017,0.761785922060675,0.9825604378075832,0.7820365794961667,0.6743548754396826,0.9874576740061694,0.9186711610359647,0.86132684148272,1.0,1.0,1.0,0.9817503653100154,0.895201506408047,0.7834375361606727,0.941264082633007,0.5202988662687469,0.223325388098757,0.912145606881569,0.0,0.0,1.0,1.0,1.0,0.9810502775320543,0.6867706662269725,0.4673982204053085,0.9670359192059927,0.5614843988018388,0.4105981589311973,0.7582629968998875,1.0386530479632028,0.9123495756308893,1.0126891210601534,1.0,1.0,0.8975926481577521,0.9860913331899777,1.0,1.0,1.0,1.0,0.9192385910434032,0.9856809090860847,1.0,1.0,0.8444170755725865,0.9746982088261947,0.5511489866135765,0.9262838439374497,0.6414316701310095,0.9718645510908935,0.2900037785338443,0.8839057792114178,1.0,1.0,0.9784821958465433,1.0005727498436408,0.4906408173795336,0.46543192903531583,0.4581400772590909,0.43275455079988345,1.0,1.0,0.9019411903653783,0.8966133990990972,0.42693963608192503,0.3963504101687875,0.5094767918447405,0.5204730836313929,1.0,0.9399301484724824
pix7,2,5,1.0,1.0,1.0001534592810022,1.0000330743517845,1.000140650243531,1.0000039384271713,1.000029526204126,1.0012473187088968,1.0,1.0,1.0000019639285878,1.001297765260089,0.9840251074665631,0.8284053463249194,1.0001323340149488,1.0061918010429602,0.9326367586326348,0.07383784708852388,1.000018277178451,1.0042309913244292,0.9482939177939625,0.4143187073412077,1.0001289783307084,1.0054531988770794,0.9429111627525342,0.18488439381173769,0.9999868599415261,1.001094388554461,0.9851160246271203,0.8458430932543829,1.0000496949669373,1.0029367116530712,0.9676455870293186,0.5271348180611614,0.9928267488276387,0.9971134228214547,1.0000199085002466,0.9985129245532485,1.0001765012949222,0.9994567827049969,1.0,1.0,0.9962791781803306,0.9979939077336438,0.8103853084478663,0.9505092824951823,1.0,1.0,0.9972619912397944,0.9966672321933016,1.000037453235556,1.0006210891531366,0.9995612863705056,0.9999668495962893,1.0,1.0,1.0,0.9990918674762642,0.9994576251958789,0.9999866368109669,1.0,1.0,1.0,0.9894105722552767,0.9472274305311974,0.9222157021304721,0.9761637321001747,0.9099906393421179,0.8756488264611123,0.9881662634658329,0.9669259819491965,0.9502696381297245,1.0,1.0,1.0,0.9848103115652299,0.9547340526176936,0.9287712155648804,0.9362653419386726,0.7935284901069072,0.6997405618876836,0.9117296359669247,0.33624250095570873,0.03594826087706401,1.0,1.0,1.0,0.9802962875920489,0.8788916750543081,0.8164848898340987,0.9521882494587084,0.8281129270998708,0.7723569097399997,0.8953156876292404,1.0034977156647802,0.9597822913104047,1.0011365640823249,1.0,1.0,0.9555623630097475,0.9880960149448472,1.0,1.0,1.0,1.0,0.9600011806756626,0.9879315184128733,1.0,1.0,0.9311816092683349,0.975633035939032,0.8494685228139502,0.9498577839715784,0.867356574783841,0.9765119862242031,0.6814411964228146,0.893188696448099,1.0,1.0,0.9939426996779174,1.0000382764184774,0.8095075668219971,0.79653895114846,0.7964671559778069,0.7826871814613282,1.0,1.0,0.9632257430491254,0.9605019484639209,0.7854943417145099,0.7702162564863982,0.6917165822120116,0.7210048132967686,1.0,0.9628839747948205
thermal100,1,,8.917799722886372,0.0,3.363307758534668,5.741600636176075,4.843091881180126,0.8811222677981684,3.0332533342103765,0.0,0.0,1.5104003477581989,0.5731360019489761,3.5301244309954347,0.5915721575896787,0.0,0.04671783602475367,1.2101767718193481,0.1731121391747374,0.08849673648662824,0.0,0.0,0.2995944579512541,0.5300955934247149,0.0,2.549418134052482,0.0,0.0,0.0,0.926468199034015,0.22798491879201446,0.0,0.26717243621434134,0.04213419711244905,0.010587764509284411,0.0,0.21053016173876243,0.0,0.9068051660292968,7.369631559834425,0.06682222263598485,0.0,1.5077986526769525,0.0,0.24338965030209583,0.7360112900222407,0.2052308010285874,0.2984405764646849,0.41487224324448685,0.0,1.3042355118502538,0.0,0.0,0.24076943627613795,0.0,0.0,0.5635736202901426,0.0,0.0,0.047118466939461257,0.0,7.366957702962927,0.0,0.0,0.0,0.0,0.0,0.0,18.45617912925098,1.919624020134392,1.938062977610755,0.0,0.0,0.0,0.0,0.0,0.0,3.553203491577337,0.0,0.0,0.0,1.2952830693406627,0.7304340903451036,0.00468677900641714,0.053437872205874475,0.0008087516736148761,0.0,0.0,0.0,0.0,0.0,0.0,0.0,0.0,0.0,1.677529987380556,0.0,0.0,0.0,0.0,1.7509853926638053,0.5009474191287406,0.0,7.596906655560765,0.0,0.0,0.0,0.0,0.0,0.0,2.8783484028634088,2.7999319020740567,0.19975201232203174,0.0,0.0,0.0,0.0,0.3000167653783596,3.767452280486202,0.0,0.0,0.0,11.673732999993012,0.5536261738994425,0.5503425370005568,0.4815898104668578,0.22450976330498898,0.267954563519529,1.0303728614992298,0.0,0.0,0.0,0.0,0.0,0.1405949611293995,3.852025883888083,3.9535609355095653
thermal100,1,-2,7.071632861435307,0.0,3.291028239722427,5.750485516213649,4.1932123386992215,0.9418894203328158,2.6477959762493657,0.0,0.0,1.5121044134738295,1.0821004267160854,3.4617425190028617,0.586049085100184,0.0,0.20237119114315813,1.2033313873437628,0.17155830260713012,0.08701801577517708,0.0,0.0,0.30374847156568924,0.5309361605999767,0.0,2.595223874390531,0.0,0.0,0.0,0.9411947008765958,0.22898499660046814,0.0,0.5396351156075544,0.037167981300030725,0.01117574217896067,0.0,0.21081374924620247,0.0,0.9145638939799153,7.276789080414089,0.06953087577612763,0.0,1.5098652593136752,0.0,0.2450685608750042,0.805805381553524,0.20533303321885865,0.2990666084011605,0.41590967607244217,0.0,1.3105842450376501,0.0,0.0,0.2422120927839706,0.0,0.0,0.5648700843006962,0.0,0.0,0.05077524373293415,0.0,7.142684097074835,0.0,0.0,0.0,0.0,0.0,0.0,18.427522713325992,1.9196456702356517,1.938772892158562,0.0,0.0,0.0,0.0,0.0,0.0,3.561574860235341,0.0,0.0,0.0,1.2952457551346832,0.7300619056730139,0.004686722638446087,0.053435871413743216,0.0008089601254689473,0.0,0.0,0.0,0.0,0.0,0.0,0.0,0.0,0.0,1.6691863395730533,0.0,0.0,0.0,0.0,1.993877593598208,0.518303338136298,0.0,7.151133163922714,0.0,0.0,0.0,0.0,0.0,0.0,2.7870674935496105,2.800371056060958,0.22064055169630975,0.0,0.0,0.0,0.0,0.2989591235198472,3.781076736159447,0.0,0.0,0.0,11.39724808037107,0.5535677980913729,0.5496076914512367,0.48119161742178224,0.22511472401391594,0.2759223830275566,1.0314944894635403,0.0,0.0,0.0,0.0,0.0,0.14263156559769014,3.8095652170516483,3.9241911569914163
thermal100,1,-1,2.9895159273945446,0.0,3.055937697579816,5.687502138004203,2.5716795738335283,1.0892531708698643,1.909088271241117,0.0,0.0,1.5214384939276546,1.9609181983450708,3.226565164523265,0.5694199779657494,0.0,0.6985749424879789,1.2402239889500348,0.16229467874156994,0.07318245957503168,0.0,0.0,0.323867503962228,0.5491617445626751,0.15241958040144082,2.5723593507475484,0.0,0.0,0.0,0.9846088662772965,0.2326569702773285,0.0,1.0956873081128131,0.17312250385364175,0.01781846504296542,0.0,0.21417871951727172,0.0,0.9743318902925486,6.595943395955967,0.09002627705202369,0.0,1.519836496998989,0.0,0.265727434797966,1.2522516351930566,0.206152895637425,0.30464809330189296,0.42480834862989236,0.0,1.3581056071900324,0.0,0.0,0.2530179592792625,0.0,0.0,0.5745349028313139,0.0,0.0,0.08365784919863435,0.0,5.747694958355511,0.0,0.0,0.0,0.0,0.0,0.0,18.084675633274188,1.9197433618260107,1.9427174920893757,0.0,0.0,0.0,0.0,0.0,0.0,3.527110015528209,0.0,0.0,0.0,1.2950103070708983,0.7280357987475528,0.0046913894304189034,0.05342915088181697,0.0008105955973601969,0.0,0.0,0.0,0.0,0.0,0.0,0.0,0.0,0.0,1.626184905501149,0.2183167431554109,0.0,0.0,0.0,3.394419707439532,0.6097666054461776,0.0,4.823613640300042,0.0,0.0,0.0,0.0,0.0,0.0,2.5247869903928826,2.8022828227516743,0.44163202856868267,0.0,0.0,0.0,0.0,0.293601113474362,3.8454096726792923,0.0,0.0,0.0,8.584467404909189,0.5593699468753659,0.5495082023898206,0.473547718446213,0.22635042534475888,0.343506250157712,1.0426873105302559,0.0,0.0,0.0,0.0,0.0,0.15779250673852377,3.4246132107876335,3.787216080685579
thermal100,1,0,1.2352778652228593,0.8463420321906456,2.226186671702514,4.222792252700411,1.3933793190239965,1.0782605714910543,1.2085493902843603,0.5514533275258651,0.9579602837402873,1.490198440326469,1.454398896237966,2.3165140963648354,0.5178646114407924,0.0,1.1414625579142428,1.5220306812969038,0.12855494337629647,0.0,1.1148750112378594,0.06546129599657546,0.39600995646247605,0.734027458922044,1.0548108745616342,1.8980542020416056,0.0,0.0,0.20704366743917574,1.0719814228750344,0.24523689875999055,0.038836468794171346,1.029340117419931,0.839129258540483,0.06411513286148442,0.0,0.2000957575026043,0.0,1.2477252121716205,3.8679525750065067,0.17872678756648766,0.0,1.4110666813155757,0.35764629301580875,0.5050825392031735,1.8127146424106575,0.21104118439810826,0.3437573725762506,0.46655727835478594,0.0,1.5368203227561683,0.0,0.0,0.29451681803540275,0.0,0.0,0.6084623140886338,0.0,0.21038417532844,0.18340979636224944,0.6997861736154664,2.5361984736802152,0.0,0.0,0.0,0.0,0.0,0.0,15.595134791850969,1.9184351795705301,1.952053073671641,0.0,0.0,0.0,0.6236393218348051,0.0,0.0,2.784157092438161,0.0,0.0,0.007237380742600171,1.2947073467824768,0.7256755338071497,0.004739031636454392,0.05345420969188092,0.0008185032700610257,0.0,0.0,0.0,0.0,0.0,0.0,0.0,0.0,0.0,1.5463517221635243,0.8963780725817212,0.0,0.0,0.0,2.3344252509274734,0.7180624962893202,0.0,1.7432166176336354,0.6289416571627405,0.0,0.0,0.2649066722498948,0.0,0.0,1.5755327184291827,2.7774903644717557,1.9054601459062213,0.0,0.0,0.0,0.258708064560132,0.27815468719815445,3.913642530359779,0.0,0.0,0.0,3.185374249529912,0.5851746360370869,0.5557893430865877,0.3401231956589081,0.24427116626685846,0.6536312691714647,0.9424723828255548,0.7341504227132682,0.0,0.0,0.0,0.0,0.20534505598629013,1.6893258833992781,2.691232609346969
thermal100,1,1,1.0256632706288746,0.9823049730427144,1.4922163377603976,1.9897546630999452,1.130253272367234,1.1130890478674964,1.094186484687593,1.035310698875171,1.391068313498324,1.381829668164007,1.160885692934258,1.3050923749965395,0.46205130307998066,0.0,1.2806982906756088,1.3558070869936447,0.08744986647049452,0.0,1.2187020059552434,1.0751588995839056,0.49794053639910785,0.7154313847563071,1.0980325460570908,1.219183612668681,0.0,0.0,1.155716014526874,1.1807613550929426,0.28996412465924143,0.21890456810565967,1.0164943616683,1.0287589357656164,0.24734812641897627,0.0,0.2709579295273825,0.49857228627208217,1.298851671858972,1.4778232721888451,0.28130278351521926,0.3046256235522036,1.0183959350690042,0.8655932579385132,0.8632533978928529,1.2098978102241214,0.21387178456906858,0.40230585415031994,0.5311980752557995,0.5713866928215942,1.281931278656355,0.685032153663164,0.9043029590445876,0.30386981176067746,0.0019813725959480404,0.8307310218192191,0.610065688273244,0.2871164598302067,0.8855262738998309,0.564162085769238,0.9136208996767394,1.1756046221489285,0.7251594484269569,0.0,0.0,0.9389566067503164,0.20965863023879175,0.0,8.210605191413228,1.8385677453285538,1.9705998489938696,1.1583725068539164,0.5800792540319137,0.0,1.3617017713100201,0.0,0.0,0.8481081456820861,0.0,0.0,1.6037163302468063,1.1807686633892305,0.7117937589443132,0.004978859664496725,0.0537491705021357,0.0008199526124192701,0.0,0.0,0.0,0.6548578450377222,0.0,0.0,0.45213678835375404,0.0,0.0,1.5058171961729705,1.3463058776506194,0.0,0.6076074447121238,0.6374625746788514,1.0665501761575145,0.7731806542635964,1.2510357109154207,1.0515728858271973,0.9954694166853396,0.019768161404740935,0.3470660080375952,0.7531939732889174,1.032392826517481,0.6608957011735958,0.9884362611208533,2.6370475438878396,4.55267156157936,0.0,0.0,0.0,0.7792899984475752,0.28902138734867383,2.7900318541252074,0.0,0.0,0.6413807343347908,1.1674474593653041,0.3733800267547383,0.5022947827150525,0.2766968304322429,0.1343965958983667,0.9174255032977644,0.9680245370849879,0.8865847729748119,0.7061692335221548,0.26823307067410085,0.09614879165358381,0.4742026460915601,0.09270767636145362,0.9625461255297294,1.0587180969739962
thermal100,1,2,1.0096941456200634,1.0050949455071578,1.1045553366584937,1.2039959776912899,1.0285753132302389,1.1508166445374761,1.0303273099918442,1.0438461874334946,1.1450443062633806,1.197580934376974,1.0445200065517508,1.0884951367585969,0.6253817062980684,0.2407278611634444,1.0873350245895161,1.1607389798659016,0.19435897029429977,0.0,1.0612284859162027,1.0909732815256838,0.47132326525012824,0.6015899812488238,1.0251233987800206,1.067277676428343,0.41837199449124823,0.0,1.1265186574703814,1.203130977136711,0.4078545437077001,0.42454395878973483,1.0011932377645885,1.0142914357078332,0.6428303120966431,0.014836530251915643,0.7396202458758415,0.8952225056971898,1.0243022402521507,1.0071490851843932,0.6224183819726606,0.8077086179139428,0.9764259467414387,0.9634696253935067,0.9673984532102491,1.0118753998972425,0.23117386028600656,0.4834803587235953,0.8324118378267112,0.8908571874047742,1.014846646701859,0.9332200759939968,1.0539467768981365,0.4208627209805979,0.6465033607793461,1.2484718074396388,0.7609859352880987,0.7834975939766681,1.119868631127062,0.9085566043437401,0.9689667353276593,1.06233061847013,1.0558731103226424,0.6042755031443467,0.32882600698000825,1.1686434253133424,0.8059521769096694,0.5749647103174756,3.2291348684896146,1.2412330048777376,1.5460750335517932,1.245332926442709,0.9314544778236444,0.8133317575481771,1.1931696101966023,0.8151758738612787,0.7312180228473235,1.1282450837704685,0.07861303123393835,0.0,1.7484188660735804,0.8947092654589426,0.49239268799539415,0.005357079756824099,0.057079701615041306,0.0007631618878023851,0.9839685014951466,0.3166477522612166,0.09587387378848446,1.1673602220680177,0.5455879861364235,0.1796565867447219,1.2709134064015146,0.4951744615874416,0.27309413754322526,1.1107353819881098,1.6557423180526896,0.867520061824973,1.2504684834006312,0.9551289268550935,1.0444775470854277,0.9828831862746231,1.3589646199444305,0.9986902668526204,1.0151287210367028,0.8762937689714614,1.09184800462652,0.9632637863408551,1.2929679683114694,0.9510698467005732,1.0095471042352977,2.0504136150899135,3.6029448315678203,0.0,0.887458311000866,0.1628696589000333,1.0764024319684709,0.6504184808462082,2.403138323627863,0.3462617036408841,0.8565181682552665,0.9600985802311045,1.0966046320386462,0.4217106916865569,0.37754414574481504,0.28275418226158805,0.15008938306516167,0.9393732257482084,0.935761404147746,0.9011657696854491,0.8660689647426676,0.43476419487210244,0.35726265908128557,0.9537426559365357,0.10936090120040562,0.955152602267733,0.9656540313962098
thermal100,1,3,1.001670117989706,1.001183336400314,1.0121364052017665,1.026596009631896,1.0026995516971973,1.0283526137542047,1.0040140871092622,1.008300874173815,1.0218573307490055,1.037027632728472,1.0056049790690718,1.0141900724010882,0.8639682995883713,0.6489344097195451,1.0102888588738188,1.0265528085415787,0.6864449299990368,0.09051803796689116,1.0069864475357617,1.0159555774670348,0.79771988979455,0.5577293111059914,1.0022120256779223,1.0099688271970255,0.8357081606504241,0.30429947378890276,1.019839344281876,1.0417436045252777,0.6901055309839591,0.5092524078055716,0.9995601223079721,1.0020391618084297,0.9219219001121028,0.5148297679420037,0.9678872997605429,0.9866124528545591,0.9938797392845172,0.9903381022213187,0.931639580274425,0.9663703527049089,0.9966063226862866,0.9946844075687928,0.9885893778460295,0.9950350912940213,0.41743315914909596,0.7350299889132987,0.9787515077734437,0.9848812293482881,0.9956859334061705,0.9852038711741568,1.0163546230229594,0.8543732279856666,0.9386462310507468,1.0679173176318506,0.9562007098503728,0.9659770468902446,1.032494302679667,0.9900494840766111,0.9955860599763839,1.0153395045461828,1.0169936805686284,0.9356888409538552,0.9096321925122063,1.036686061805056,0.9319243347737998,0.855467044829677,1.3947841595695971,0.8981803060817342,0.9609895903955921,1.0517098860963845,0.9574939417508798,0.9165969024803559,1.0380587673838042,0.960392586043884,0.95902960199268,1.0306298251676638,0.7783737424861197,0.6379532990511612,1.157847146120648,0.8059476246593181,0.521872409981238,0.005855001212782644,0.058647336822997886,0.0007258596125350231,1.0161990122704774,0.8972889159382098,0.879365859217592,1.0422835069071354,0.8821688505976363,0.7656357417152274,1.0664890969346734,0.8787570144473899,0.7907520873189143,1.00389313384361,1.2219670334546695,0.9860926312483345,1.0984990210427363,0.9944114945817031,1.0144362611410145,1.026942228152325,1.0772618879303264,1.0017405025776875,1.0042002253733573,1.0290239440137108,1.0329140114478383,0.9993085451824301,1.0646817367379948,0.992669058384901,1.0019878679057652,1.30366329086767,1.5480512232307704,0.6641378291919087,1.0160227987317099,0.7911865823254325,1.0196008801270944,0.8576145014030969,1.2924190981968853,0.9405846803103193,1.0143177949648818,0.9945811695357399,1.0305781804759104,0.6949362358460941,0.5461696592325799,0.6094704061902878,0.4031897674325668,0.9669779250274932,0.9486372370882149,0.9464725243806156,0.916202094163547,0.7101744590223092,0.5686665213018585,0.8946064671982474,0.30843147045986435,0.9684643532827939,0.9590291378726505
thermal100,1,4,1.000150897120115,1.0001023694812825,1.000967947644367,1.0024216986157792,1.00011213883285,1.0024397854100802,1.0003010698999082,1.0008586637726458,1.0019585910257018,1.0039067748109667,1.000402007815287,1.001445558027758,0.9787454218432144,0.8393035052493039,1.0006582181840447,1.0026910233231388,0.9516701501696609,0.5621910774242054,1.0004556207844697,1.0016105186016537,0.9690753930085637,0.7847082637494169,1.0000459400658583,1.0009782808512935,0.9767269841166838,0.7709194946804007,1.0015787518981294,1.0043906287500408,0.9451938117472866,0.6329336572108679,0.9998883821453026,1.0001871605695334,0.9898934916052211,0.8839643231548068,0.9966337696280563,0.9983740177004825,0.9986216136119022,0.9978257392614249,0.9920799257804914,0.9955899569392426,0.9996361267236262,0.9994063383003199,0.9975976273484025,0.9986481683272825,0.8401208418305904,0.943622832850134,0.9977962397152228,0.9983331964263222,0.9989229239181945,0.9975507593683214,1.0017825434219854,0.9824904409642079,0.992322948939075,1.0075055061974711,0.9950458519623603,0.9960568755830527,1.003610888288809,0.9989601002453934,0.9994128593779115,1.0016358979803106,1.0006228693628494,0.9904102997433364,0.987492176787484,0.9993183299475383,0.984724351297093,0.9698655387542481,1.020913221190184,0.9569622591632553,0.9561252960178742,0.9987355244581123,0.9884634819949265,0.9796584395660416,1.001550680268844,0.9914445389023863,0.9907540698554423,0.99415266122167,0.963449695677884,0.9383456696508786,0.9857186769656162,0.9477316204308119,0.8877104231252868,0.006539422505975682,0.08342502501651791,0.00025353975289317424,1.0002396038959476,0.9866856806767635,0.9847062073366217,0.9983744647500519,0.9764631280515281,0.9552826900429977,0.9980602278203929,0.9763139929197886,0.9589054269079935,0.9927328788652988,1.0265140353513853,0.9950785776560335,1.011872654032209,0.9989818968607896,1.0017119560861005,0.9987223912617939,1.0010912651353612,1.0002199547838098,1.0004905945826883,1.0037575627768467,1.0013664935116011,0.9967079105360588,0.9993390171100194,0.998929034955672,0.9994082949915712,1.0198234912939474,1.0179201886031317,0.9512983641771633,0.9849649091513051,0.9676163868110887,0.9946470914317318,0.9613890509617249,0.9916636441566432,0.9946970797448931,0.9985683101734641,0.9985061320248529,1.003629143330768,0.9186569893269211,0.8302397564170868,0.8940348217650138,0.7783426014735554,0.9912172814703579,0.9816222410907993,0.9853530884600925,0.9688467895956727,0.9228593348695721,0.8389251578936728,0.9079833568014166,0.6511892282447304,0.985504842880582,0.9753351504255003
thermal100,1,5,1.000013398736866,1.0000085458283081,1.000078153676478,1.000212885769292,1.000002921054078,1.0002014741756895,1.0000227462491067,1.0000845986250948,1.0001690208707061,1.0003869199610265,1.0000293646513414,1.0001424985992289,0.9975928138505246,0.9727246022389888,1.0000439363346358,1.0002649257762628,0.9946161117218096,0.9272075265755539,1.0000310151170921,1.00015797595277,0.9965422623794061,0.9646227443607428,0.9999965003287229,1.0000958538389502,0.9974769185165051,0.9651921431505623,1.0001215746966725,1.0004336359413346,0.9935578304974667,0.9304717428530641,0.9999862924825271,1.0000179836868253,0.998930905353402,0.9841376695127987,0.9996508701645465,0.9998136876114132,0.9998116691325567,0.9997240419535165,0.9991397767032799,0.9995048312973537,0.9999621231820103,0.9999382697248184,0.9997214077252469,0.9998363451197485,0.9806915109026063,0.9933677648764887,0.9997718047189501,0.9998219252294253,0.999871706870706,0.9997124876052484,1.0001662121972175,0.9980147582074211,0.9991073594313423,1.0007120767573836,0.9994443577195669,0.9995613300581098,1.00034406132429,0.999889597287383,0.9999237233455772,1.0001518256154325,0.9998984272195529,0.9980890513423655,0.9985514740708942,0.9994739907555595,0.99607481988142,0.9963643573956295,0.9997196875489317,0.9834965526958417,0.9933594696085563,0.9992010922684937,0.9965617994033751,0.9974404162493412,0.9998566840189318,0.9974095001465084,0.9987641756520272,0.998568208903852,0.9928703547055929,0.9928629776209739,0.995729460417004,0.9858853223830515,0.9863244272908054,0.014513853401809518,0.2939616469593125,0.0,0.9998080361680387,0.9979704649957963,0.9983211849080079,0.999208445390417,0.9943075632926116,0.9946738878833291,0.9989316947504787,0.9943004327250271,0.9950588191914755,0.9985023249712326,1.0026489835426824,0.9991131321432156,1.0011865691442021,0.9998499067982515,1.0001705894171145,0.9992147617795509,0.999330534462376,1.000014380658827,1.0000490010635874,1.0001611054482396,0.9998302510805955,0.9992878888138915,0.9991421799019544,0.9998686105775787,0.9998572349353108,0.9997306009881769,0.997301149610954,0.994395953950425,0.9969766314764864,0.9961879100855097,0.9988105034527404,0.994199910752607,0.9954074041951856,0.9993714765149649,0.999426170647072,0.999751147633287,1.0003620972645286,0.9880985443139998,0.9734644292599173,0.9842720055350701,0.9650507286933291,0.9986891944355255,0.9970965445346401,0.9978274018338488,0.995094605317844,0.9887311330384584,0.9748487172656433,0.983464451585235,0.9393263524367932,0.9974954278494758,0.9956472240319078
thermal100,2,,0.0,0.0,6.658950854922454,11.4022485063028,0.0,0.6796830889048664,0.0,0.0,0.0,1.024493227322459,0.0,4.001293429651288,1.0121334209700126,0.0,0.0,0.9582305627754445,0.0,0.0,0.0,0.0,0.5210289075170857,1.0137639047624143,0.0,2.3697943070525844,0.0,0.0,0.0,1.1978950777269486,0.3945880270534459,0.0,2.187509740028723,0.3142037495948664,0.0,0.0,0.25244929763952473,0.0,0.9992537188593469,3.7414970154514777,0.017352535400150613,0.0,1.7290619807004606,0.0,0.0,5.532852192413073,0.3789131091996825,0.41038737471920694,0.404697642950485,0.0,1.3668377426539458,0.0,0.0,0.14576527570273184,0.0,0.0,0.46874137139618255,0.0,0.0,0.305991737613119,0.0,26.060820019479436,0.0,0.0,0.0,0.0,0.0,0.0,25.020765371021536,2.3062178481299496,3.75409096740135,0.0,0.0,0.0,0.0,0.0,0.0,0.0,0.0,0.0,0.0,0.9276062851171973,0.06179728047011483,0.020931462569211745,0.1445761584845059,0.0011527389610007071,0.0,0.0,0.0,0.0,0.0,0.0,0.0,0.0,0.0,0.0,0.0,0.0,0.0,0.0,6.303878396117471,0.5663317506554882,0.0,0.0,0.0,0.0,0.0,0.0,0.0,0.0,0.0,2.683146230169268,0.0,0.0,0.0,0.0,0.5861156431499418,1.2714253870241998,3.018720152767175,0.0,0.0,1.4897875087926866,7.039209896171721,0.49194996829579185,0.7280982136754977,0.42312832491561064,0.003555558292948289,0.5012988901684217,2.83068683505341,0.0,0.0,0.0,0.0,0.0,0.13122591320802618,8.436329332873195,0.0
thermal100,2,-2,0.0,0.0,6.658913193644156,11.402153877528564,0.0,0.6796991025362028,0.0,0.0,0.0,1.0245025294861347,0.0,4.001233297070697,1.0121292911750759,0.0,0.0,0.9582585822462519,0.0,0.0,0.0,0.0,0.5210328203161576,1.0137392534132628,0.0,2.3697724316724615,0.0,0.0,0.0,1.1978995451878245,0.3945883877965338,0.0,2.187388510426231,0.31426082592908605,0.0,0.0,0.2524470126508989,0.0,0.9992621868275976,3.741535393683833,0.01735320939618375,0.0,1.7290444985819053,0.0,0.0,5.532601350445193,0.37891331721167143,0.41038989642997914,0.4046989474666009,0.0,1.366845331164577,0.0,0.0,0.14576509363345816,0.0,0.0,0.4687410187041667,0.0,0.0,0.3059904450970255,0.0,26.05808263799365,0.0,0.0,0.0,0.0,0.0,0.0,25.020745614170774,2.306217784789825,3.754090691030359,0.0,0.0,0.0,0.0,0.0,0.0,0.0,0.0,0.0,0.0,0.9276063702729664,0.06179769011080181,0.020931464049679844,0.1445761583218421,0.0011527390593288776,0.0,0.0,0.0,0.0,0.0,0.0,0.0,0.0,0.0,0.0,0.0,0.0,0.0,0.0,6.3037224028311325,0.566332972616271,0.0,0.0,0.0,0.0,0.0,0.0,0.0,0.0,0.0,2.6831468757715804,0.0,0.0,0.0,0.0,0.5863555153462321,1.2714241189276816,3.018815834023261,0.0,0.0,1.4897645854175787,7.0390697323278415,0.49195089505443207,0.7280973344514465,0.4231251316242175,0.0035547602693936113,0.5013289016855061,2.830699599160454,0.0,0.0,0.0,0.0,0.0,0.13122874780189603,8.436182889324698,0.0
thermal100,2,-1,0.0,0.0,6.658574230145269,11.401302352518263,0.0,0.6798432181410493,0.0,0.0,0.0,1.0245862362653109,0.0,4.000692202382265,1.0120921512640138,0.0,0.0,0.9585106796772735,0.0,0.0,0.0,0.0,0.5210680141102331,1.0135176060553939,0.0,2.3695756708913227,0.0,0.0,0.0,1.197939743355514,0.39459163809543085,0.0,2.186298834438902,0.31477415022462096,0.0,0.0,0.2524264793255122,0.0,0.9993384176860715,3.7418797670818016,0.017359300875629525,0.0,1.7288872489432567,0.0,0.0,5.530345698355329,0.3789151884308507,0.4104125842950306,0.404710697451246,0.0,1.3669136360429701,0.0,0.0,0.1457634697967356,0.0,0.0,0.4687378595022972,0.0,0.0,0.3059788942354726,0.0,26.033473033875378,0.0,0.0,0.0,0.0,0.0,0.0,25.02056780372358,2.306217214505122,3.754088205578044,0.0,0.0,0.0,0.0,0.0,0.0,0.0,0.0,0.0,0.0,0.9276071362726278,0.061801376543241984,0.02093147737939004,0.14457615687196643,0.0011527399459181336,0.0,0.0,0.0,0.0,0.0,0.0,0.0,0.0,0.0,0.0,0.0,0.0,0.0,0.0,6.30231879515494,0.5663439660391509,0.0,0.0,0.0,0.0,0.0,0.0,0.0,0.0,0.0,2.683152681567932,0.0,0.0,0.0,0.0,0.5885118008206814,1.2714127172133323,3.019676228237592,0.0,0.0,1.4895584057105542,7.037809553736986,0.49195924025437526,0.7280894270140628,0.42309640102739066,0.0035475894903945083,0.5015988907142801,2.830814378529623,0.0,0.0,0.0,0.0,0.0,0.13125427618443697,8.434865395186293,0.0
thermal100,2,0,0.0,0.0,6.655183455788819,11.39280029331167,0.0,0.681283666557381,0.0,0.0,0.0,1.0254220492954182,0.0,3.995291029854926,1.0117235195834187,0.0,0.0,0.9610239930935104,0.0,0.0,0.0,0.0,0.5214178551784707,1.0113221679207867,0.0,2.3676196083152696,0.0,0.0,0.0,1.1983408360940804,0.39462449414828593,0.0,2.175538034046289,0.3198718327589454,0.0,0.0,0.2522242377609509,0.0,1.0001025767924903,3.7452226833164324,0.017422709541258397,0.0,1.727323520517538,0.0,0.0,5.507977920082953,0.37893381333742815,0.410638721637846,0.404829109807117,0.0,1.3675974699871467,0.0,0.0,0.14574867722366744,0.0,0.0,0.46870773771046675,0.0,0.0,0.30587138529880675,0.0,25.790004429589228,0.0,0.0,0.0,0.0,0.0,0.0,25.018789817832108,2.3062114899004342,3.7540635364061132,0.0,0.0,0.0,0.0,0.0,0.0,0.0,0.0,0.0,0.0,0.9276147567893236,0.06183820751476145,0.020931611225401398,0.14457614375203914,0.0011527489732572162,0.0,0.0,0.0,0.0,0.0,0.0,0.0,0.0,0.0,0.0,0.0,0.0,0.0,0.0,6.2883161193442945,0.5664534851699723,0.0,0.0,0.0,0.0,0.0,0.0,0.0,0.0,0.0,2.6832102854518323,0.0,0.0,0.0,0.0,0.609823541767992,1.271299793013429,3.028207975383491,0.0,0.0,1.4875094373531519,7.025334239049662,0.4920431180633348,0.7280108980632646,0.4228099844177221,0.0034770045610145756,0.5042875113082527,2.8319525813568482,0.0,0.0,0.0,0.0,0.0,0.13151122220954697,8.421739358901219,0.0
thermal100,2,1,0.0,0.0,6.621203331491091,11.309032043233806,0.0,0.6956115051820678,0.0,0.0,0.0,1.0336568059393052,0.0,3.942271936815725,1.0082880081271304,0.0,0.0,0.9854290432928926,0.0,0.0,0.0,0.0,0.5247259818056732,0.9912657821428318,0.0,2.3491221942031864,0.0,0.0,0.0,1.2022636299387586,0.3949842846608692,0.0,2.080018675841396,0.3676053544005107,0.0,0.0,0.25048038360263963,0.0,1.007889338863163,3.769670517225532,0.018277279808997838,0.0,1.71248582277208,0.0,0.0,5.301461117274772,0.37911192255019394,0.4128299903943264,0.4060935331892583,0.0,1.374483490494839,0.0,0.0,0.14572900113441795,0.0,0.0,0.46853784759915384,0.0,0.0,0.30550910171224716,0.0,23.592253167700797,0.0,0.0,0.0,0.0,0.0,0.0,25.001029430580843,2.306152325828569,3.753833838808904,0.0,0.0,0.0,0.0,0.0,0.0,0.0,0.0,0.0,0.0,0.927687375524401,0.06220289724999095,0.02093299804229268,0.14457613552597168,0.0011528535675601867,0.0,0.0,0.0,0.0,0.0,0.0,0.0,0.0,0.0,0.0,0.0,0.0,0.0,0.0,6.152043607234506,0.5675100297607132,0.0,0.0,0.0,0.0,0.0,0.0,0.0,0.0,0.0,2.683744727915054,0.0,0.0,0.0,0.0,0.8003054263866934,1.2702690006825887,3.1070072978106187,0.0,0.0,1.4682045619900939,6.911624695032038,0.4929180483195993,0.7272740416907626,0.42003075767238346,0.0028748919309774437,0.5301182258014814,2.8424428219910842,0.0,0.0,0.0,0.0,0.0,0.134224822868466,8.295025204714245,0.0
thermal100,2,2,0.0,0.0,6.031335184748462,10.504856745045654,1.0293961953320605,0.8176840194874814,0.38492208710405484,0.0,0.0,1.1269998629916669,0.0,3.449583832567732,0.9686564221032126,0.0,0.0,1.1744069072637648,0.0,0.0,0.0,0.0,0.5535412096820588,0.8830476957875868,0.0,2.1914519745895,0.0,0.0,0.0,1.2281283501152374,0.3996596297849235,0.0,1.2852211415564672,0.6736869461435894,0.0,0.0,0.24174421390086806,0.0,1.1001845077405918,3.5574624344975376,0.03866307085687654,0.0,1.609594934962508,0.0,0.18519266763680636,3.95557649486438,0.38030421414060656,0.4293822128928145,0.42211446927243357,0.0,1.4412522945332429,0.0,0.0,0.15201850311729118,0.0,0.6768490468286473,0.47301026666811935,0.0,0.0,0.32205045059856474,0.09309750894166713,12.555747050282033,0.0,0.0,0.0,0.0,0.0,0.0,24.733155595317058,2.305504349964726,3.7529211141375174,0.0,0.0,0.0,0.0,0.0,0.0,0.19324217719858508,0.0,0.0,0.0,0.9282779688888155,0.0649105384226866,0.02095284850407386,0.14457986228900624,0.0011547478582439189,0.0,0.0,0.0,0.0,0.0,0.0,0.0,0.0,0.0,0.0,0.0,0.0,0.0,0.0,5.095751653208822,0.5759004017023699,0.0,0.0,0.0,0.0,0.0,0.0,0.0,0.0,0.0,2.6867170248582655,0.0,0.0,0.0,0.0,1.4736446600737205,1.2653251243529533,3.5884753015404685,0.0,0.0,1.339314965241369,6.1782425119560305,0.5067313102463938,0.725653464512362,0.3978523284803357,0.0027580034428354486,0.7042842041900615,2.875866510455517,0.0,0.0,0.0,0.0,0.0,0.17030902967091652,7.2721973413570895,0.0
thermal100,2,3,0.8396297194346797,0.6963003315149784,3.3171011148492666,5.521160646803079,1.2723090650474116,0.8910851698954955,1.2051888934005222,0.9098789404818752,1.6919965950125315,1.3082398977951208,1.2346594357513276,1.9299770851435625,0.8049034539520028,0.0,0.6483823805346203,1.4634615761946033,0.0,0.0,0.9843630149813579,0.4261803385815143,0.6599691523355657,0.7520050937483512,0.5949090789592754,1.5524579268974632,0.0,0.0,0.5955341611508098,1.2396210140769417,0.4267441328561198,0.0,0.993783093787623,1.0760604923319614,0.0,0.0,0.24755541271883957,0.0,1.3268374786609913,1.9379958053066912,0.14782578653398765,0.0,1.1966008496747442,0.7951807037201034,0.6821284912389554,1.8478635630563374,0.382556236154925,0.47770698416176166,0.4804835893994172,0.21589007938575902,1.4914638887222789,0.0,0.0,0.178837796732517,0.0,1.3556527093120019,0.49909086934660674,0.0,0.24505827035878505,0.49671815522395796,0.8822743721086328,2.9273344763621805,0.0,0.0,0.0,0.0,0.0,0.0,21.795658399541942,2.300174672366021,3.7533739177051637,0.0,0.0,0.0,0.028461142454152672,0.0,0.0,0.7646952196047568,0.0,0.0,0.0,0.9317918554412428,0.07449105971499885,0.02112298351857954,0.14461925033386433,0.0011665550384851039,0.0,0.0,0.0,0.0,0.0,0.0,0.0,0.0,0.0,0.0,0.0030087533200556568,0.0,0.0,0.3268718038541934,2.461708486354267,0.6076851092338986,0.0,0.0,0.0,0.0,0.0,0.0,0.0,0.0,0.35635852183849126,2.6803686419550767,1.3424467756989924,0.0,0.0,0.0,1.2042556230111654,1.2595095052345535,4.408057045769119,0.0,0.0,1.0356579523261167,3.487197793513322,0.5700604367657289,0.7144559156680044,0.3408673102869893,0.0680627805961084,1.0138685063427744,2.402747649735488,0.0,0.0,0.0,0.0,0.0,0.3038233115255831,3.4626312303866658,0.0
thermal100,2,4,0.9938867537382007,0.9792982976940916,1.498466391530973,1.9362886774893884,1.085199859585826,1.2057824290511665,1.0887181301217552,1.0742478630743328,1.4375645593956674,1.3722275881151693,1.1151379515450865,1.2285956141483776,0.715570671315939,0.0,1.1583435155889659,1.3221311772213695,0.0,0.0,1.1477407794173697,1.1297249575688628,0.7371516374692789,0.8953819190206912,1.0147021330030002,1.159049655037564,0.0,0.0,1.2808919653419852,1.3265478473808303,0.5255125642417976,0.2043805403401722,1.0014496260484946,1.0419458860447854,0.4231218037836034,0.0,0.5434490852479137,0.7712082259590659,1.1159767250555734,1.0636692583998755,0.4045725646377192,0.5700344344110994,0.9753604456129853,0.9349857446008599,0.9277145566627745,1.0949794752121191,0.38118197124130704,0.5111833425610876,0.6946950311341057,0.7819218974897209,1.0941425594825365,0.8172575243590057,0.9906198642453112,0.2086109633810685,0.12868493710660056,1.4598811292255616,0.5865900012088214,0.5269568639438633,1.1755120136704276,0.833910086609197,0.9366313698538794,1.2700691336997934,0.7250208737011893,0.0,0.0,0.9601625430298152,0.2686677216748782,0.0,10.367270659463202,2.1793300409683947,3.6838577772516237,1.1485791904184122,0.59401143399517,0.028847119096165063,1.408261435692629,0.0,0.0,0.6024579490200064,0.0,0.0,0.7088780926065983,0.8382210492395036,0.12277806536304578,0.021813229283380715,0.14524760975482948,0.001167614314143063,0.0,0.0,0.0,0.8031732446258663,0.0,0.0,0.43564476221666454,0.0,0.0,0.5571374040957423,1.171907918853814,0.0,0.31777865182104154,0.9271035323943532,1.0633888065281698,0.7759567669724083,1.479079421041949,0.8727639074989215,0.9261678032774618,0.0,0.3427708976543338,0.4539969376939448,1.2042300883950714,0.6728549606299995,0.8481436920112937,2.4816589344231645,5.834616639926251,0.0,0.0,0.0,0.9619861166542004,1.124940046433802,3.652904752000482,0.0,0.0,0.9741944225816104,1.1671510923835509,0.4322945785390865,0.7469887564436838,0.1587659041308534,0.0820827652173158,0.8610997938888392,1.105107275085028,0.8369211288282539,0.5638925749725483,0.31153570315245693,0.05938792075986154,0.0,0.15271239405546821,0.9571351485406225,0.9437242457240022
thermal100,2,5,1.0037318940104591,1.002120591227077,1.0722916466433416,1.144582907313986,1.0139314369215273,1.1055900742282776,1.0187353716222167,1.0361081843081557,1.0979097251948668,1.1598778651080248,1.0244923083037498,1.0630825138699227,0.8187736398493475,0.07524140534254589,1.0394323323345351,1.1133808514101355,0.4748977265783972,0.0,1.0303102336778325,1.065474259606755,0.7246115220011976,0.7955270743486915,1.0064714517334237,1.0426134761139771,0.659861443856403,0.0,1.0859956143387473,1.182443548426618,0.7006740715467407,0.5541398662035207,0.9996602716607254,1.0105441554581545,0.8368504650981384,0.0,0.9228606944947009,0.9665809348546931,0.9944545472177628,0.9858830619526985,0.8392138620222712,0.9164327681378928,0.9914467633904642,0.9868547613854296,0.9817386115769764,1.000817291048836,0.39458118838924483,0.6297038787301877,0.9440719295330665,0.9604024799273754,0.9994655884633553,0.9671607644870575,1.0605058734348567,0.6414846329963854,0.8280448447682667,1.3249551455424429,0.8731007876644934,0.9067008021998835,1.1587326288275661,0.9779874147109455,0.9890232368633539,1.0736242274805374,1.0542917243612615,0.8311991987275766,0.5805247587285898,1.1706703070752962,0.8107754698455238,0.6867988012137938,3.567649642158654,1.3487085294047771,2.7015826625302237,1.2589256906951471,0.9151762060675335,0.9130322592390315,1.206179433965158,0.8899344527860945,0.9235407897988341,1.1137514207869281,0.3596700187656363,0.0,1.6823145932752699,0.6351392579135964,0.23004537244071482,0.022916572117156666,0.15049577609098488,0.0011304984607216075,0.9340876396910908,0.5895810567219328,0.23598083631691022,1.1905427109825184,0.6646869963504748,0.39241054571465767,1.2612048650137258,0.6480823994145016,0.4287403688918959,1.001189718566989,1.8437063492526866,0.8476343373582319,1.3108641508910424,0.9873163252056683,1.0608092333038583,1.048191110926177,1.4048629511347452,0.9875091599190857,1.0138187130001086,0.7744736216904761,1.0926345805034643,0.9558114195800625,1.326097423324226,0.9507211118912227,0.9960694588474482,2.016625155932108,3.8999183915580264,0.0,0.8891691521907142,0.46115917113959914,1.1147224042311468,0.9974874905728481,2.584324659307027,0.21354810408140892,0.7902276885644086,0.9951021792641856,1.129820951628719,0.4523709880995314,0.4992460935347246,0.19781404233230596,0.1867466564679417,0.9201272263103982,0.9521953730124797,0.88809290064773,0.8558655851144794,0.4711169503117644,0.4456288011228556,0.8624880374971297,0.2888916778717499,0.9663210991603316,0.9788152950308925
thermal25,1,,13.933104066100476,0.0,2.8075463630759723,4.840169159629841,2.170961301613731,0.7727705377731857,3.635936760560874,0.0,0.0,1.5462944736059998,1.9470182790761625,3.13799010053599,0.35388020737176484,0.427184857501217,1.0564643828969633,1.155046480783073,0.2106228011705217,0.1488305161458184,0.0,0.0,0.3233293103642492,0.14339631306867281,1.1590448570198704,2.8084225754402863,0.0,0.0,0.0,0.6670060344332953,0.2927405783886481,0.0,0.30042767357464445,0.0,0.0770265755762522,0.04171268992388782,0.2468276358996186,0.0,0.8316545425401612,9.07998043079354,0.077700997882082,0.0,1.5522414085584948,0.0,0.2661436007048321,0.0,0.09171826551806987,0.278534836454079,0.43734820934424784,0.0,1.4034649931939844,0.0,0.0,0.24932539926322,0.0,0.0,0.5817547483077895,0.0,1.0966828465557494,0.027365905167747458,0.0,4.134668784646174,0.0,0.0,0.0,0.0,0.21330934296669662,0.0,12.25446424793519,1.2087944478148553,1.10990497474895,0.0,1.139357544069113,0.28640418021418657,0.0,0.0,0.0,2.4330475112346965,0.0,0.0,2.2923222969359625,1.2950385969522022,0.9160044557007537,0.002318311831762674,0.0186321520262293,0.0005047648326374359,0.0,0.0,0.0,0.0,0.0,0.0,0.0,0.0,0.0,2.2707915777377687,0.4237733729718785,0.0,0.0,0.0,0.3775360451490176,0.2532445780691311,0.0,10.677968188993392,0.0,0.1947899239841526,0.0,0.2735491186591173,0.0,0.0,1.9973445140460475,2.3709215675866933,2.172501378727687,0.0,0.0,0.0,0.0,0.0,2.285067276662124,0.0,0.0,0.0,7.282910569894593,0.0,0.4827402505651814,0.0,0.3781598674722112,0.0,0.4056574804371528,0.0,0.0,0.42138087931754514,0.0,0.05295807835168401,0.015782810157928043,1.0695467376072894,3.930714261473122
thermal25,1,-2,11.01212896014758,0.0,2.6312610113904733,4.92578003124474,1.6754779090662324,0.8809251834694226,3.1484781512238613,0.0,0.016722516500231682,1.5450349497453801,2.28325671991353,3.0800972064945125,0.34845469883463925,0.4294856917858153,1.1584563150273568,1.1517245561439333,0.2090076053194376,0.14793529244570897,0.0,0.0,0.3269287415192994,0.14288859618911745,1.4181271692035398,2.8295877367763613,0.0,0.0,0.0,0.6849056317129646,0.29456678708279926,0.0,0.3964926669269268,0.0,0.0777941439051523,0.04320020309525084,0.24749883957961943,0.0,0.8410147130786197,9.000599010146061,0.08024251539872496,0.0,1.5546104238337362,0.0,0.27396309991992485,0.0,0.09192657865493625,0.28011530413093727,0.4384631527670172,0.0,1.4104423852138128,0.0,0.0,0.25066615681412746,0.0,0.0,0.5829465905294933,0.0,1.1035063917816992,0.031058882768460368,0.0,4.0182762390820175,0.0,0.0,0.0,0.0,0.21361054195007714,0.0,12.200148835888875,1.2085288504480265,1.1101879509745372,0.0,1.1390644262500795,0.2861740583181461,0.0,0.0,0.0,2.3788377778518948,0.0,0.0,2.331339574510083,1.2950592782817179,0.9162772228549172,0.002319109790433463,0.018632205572328246,0.000504722602616909,0.0,0.0,0.0,0.0,0.0,0.0,0.0,0.0,0.0,2.2283586261458246,0.4828533365138341,0.0,0.0,0.0,0.9903785399587958,0.2969950254311147,0.0,8.58212543098415,0.0,0.271844579963532,0.0,0.3401914707201113,0.0,0.0,2.011083002129488,2.361683941850849,2.206341613067611,0.0,0.0,0.0,0.0,0.0,2.268553268066721,0.0,0.0,0.0,6.472666210366331,0.0,0.48112093897611086,0.0,0.38034795091780677,0.0,0.40321654066730644,0.0,0.0,0.4437707763333019,0.0,0.07513716935990444,0.01726798957523271,1.169274696719477,3.7329361522193802
thermal25,1,-1,4.123250153092452,1.3434344908043838,2.0355271912476787,4.7888081006393195,1.4252995642922026,1.0626852109013871,1.5195871204432607,0.0,0.5852670079104809,1.4991760507063292,2.0724620689855096,2.9517761293840903,0.3392948026206335,0.43685257561542146,1.393431284672872,1.1895353668301107,0.2036311580578151,0.14125075119766825,0.6298573530546331,0.0,0.33646193449788203,0.15849731625159083,1.5252989462402156,2.7773667194109803,0.0,0.0013686234771975987,0.0,0.7467100410605672,0.29950973806565256,0.018990241106600362,0.731494688964564,0.0,0.08233281065954959,0.05615881944392275,0.2527067553739357,0.0,0.9169711925550902,8.198536094315765,0.10446282617647455,0.0,1.570657204589807,0.0,0.3085187044243289,0.4004862064453722,0.09348520674132135,0.2894555284218236,0.4492767488913839,0.0,1.4692164925981213,0.0,0.0,0.26363960074065523,0.0,0.0,0.5941611156512718,0.0,1.1486057772366378,0.07066422580042092,0.0,3.2694342365897664,0.0,0.0,0.0,0.0,0.21891395548087947,0.0,11.7356222151333,1.208048818917067,1.1110907264468712,0.0,1.1336840793216099,0.30106308873651627,0.0,0.0,0.0,2.0618984900844977,0.0,0.0,2.5932413862206083,1.2947269368656533,0.9141360732715313,0.002326484591407273,0.018637683089574975,0.0005064657850984979,0.0,0.0,0.0,0.0,0.0,0.0,0.0,0.0,0.0,2.1207094426383524,0.696575558468305,0.0,0.0,0.0,1.9815580933871884,0.4057828891199244,0.0,3.5418285265726137,0.0,0.4597081769079205,0.0,0.518572515493482,0.0,0.0,1.7970735829259168,2.3370397219869212,2.4825910394429127,0.0,0.0,0.0,0.0,0.0,2.144883985718586,0.0,0.0,0.0,3.9420704353852654,0.1723388970860537,0.4720277644131525,0.0,0.3908917885436971,0.7809220652968509,0.40972976098629565,0.30309813587041445,0.0,0.3682719788628265,0.0,0.170723491310385,0.022273607746477048,1.3210915478212155,2.5811531943326522
thermal25,1,0,1.3963610886218216,1.0259610368718566,1.7263721774513818,3.4806393071117534,1.2679362773658214,1.0853497539559132,1.1281102534381509,0.6179391744528766,1.3365477128788994,1.4058817653260953,1.436790836100819,2.03519755281665,0.32665206537249863,0.33920586651883233,1.4358845593759526,1.370953721867964,0.1699307572990982,0.07585538176723823,1.3240171031144516,0.5302342662079376,0.3954530778039773,0.25212740573171655,1.2795246860264016,1.7657252808759005,0.0,0.0,0.599367068562481,0.8099767743978679,0.31123397534537034,0.07508630107963556,0.9874275337621564,0.7009846869479311,0.10198440127881701,0.0810191635824537,0.2324726254903037,0.0,1.2580152350806078,4.564695038929718,0.2125238271523312,0.0,1.4546671328384801,0.6292313431980469,0.5419602506946372,1.659410924330835,0.10187974618513962,0.3390308387376327,0.49114026456008963,0.016463630857362584,1.6876109051247807,0.0,0.36275609560867544,0.3165359888543279,0.0,0.4019894041920476,0.6338365784296173,0.0,0.9407683324790298,0.18279959612121743,0.893284959332644,1.5275016725935686,0.22095470394834724,0.0,0.0,0.0,0.2755473255233953,0.0,9.344227459375006,1.2079939892291682,1.1061245438648035,0.9534847760285048,1.0906309379222336,0.44769533865378136,1.2713262936137932,0.0,0.0,1.2635601205639921,0.0,0.0,3.0617180315905452,1.2883396275272787,0.8946296241670272,0.0023668250672268473,0.018671813327303634,0.0005148437882444794,0.0,0.0,0.0,0.0,0.0,0.0,0.0,0.0,0.0,2.021323074088622,0.9138991746496176,0.0,0.19520642691072382,0.0,1.1051694723874421,0.494956481356195,0.3775372074721373,1.2870307138637513,0.9030575577115835,0.5765342918572103,0.0,0.7442167613433103,0.3330675911513315,0.0,1.0558641152626835,2.3014426306788947,3.3467230375007864,0.0,0.0,0.0,0.0,0.0,1.963344763218227,0.0,0.0,0.0,1.3651488133684266,0.5561780257383008,0.4806194088950501,0.22601512901620752,0.31041452989309576,0.9652118193233454,0.6348247271741796,0.8665971357482317,0.5027415044103255,0.5721497951615234,0.0,0.3938418523856417,0.02947712892088421,1.0875304983105547,1.2340383709900056
thermal25,1,1,1.0475675570967393,1.0071687815579462,1.409448760713876,1.8421855286688804,1.129879597385229,1.1707506938571506,1.0984908765270958,1.0213730609361977,1.4421147994088364,1.271897683700047,1.1780066288017945,1.2360481977774889,0.41823444669329407,0.2891840190498823,1.34860945906004,1.298527255051331,0.13402316051914903,0.0,1.2572643540842672,1.1277029579143107,0.45485473985464425,0.3081104798022905,1.1323962891570962,1.1964162605607247,0.0,0.0,1.2632784192917632,1.0076354646661547,0.33867728225508076,0.16621446779053725,1.0125945234239495,0.9944107822480759,0.2473281245162959,0.07211707275727604,0.29141425448631303,0.5877543077213722,1.3075533176377818,1.572949467917107,0.27176664065832146,0.48697825630495434,0.9964065984831084,0.873525449394055,0.8898550250513187,1.2116262250021816,0.10689946640312566,0.4131763840492517,0.510351489938997,0.596454818665086,1.3263183927410283,0.8430640773192213,1.009740438884536,0.30048887804688956,0.2358774910691718,1.0526300886965947,0.5905051537172934,0.35660238766733743,1.0558606703027065,0.5726468399074017,0.9528427291149383,1.0946616635897286,1.0553352191294048,0.0,0.0,1.1718444467104094,0.5728324669566224,0.18863944023804655,4.601124560267357,1.1209601441317203,1.0371571877290566,1.2813361531642173,0.99858597470008,0.752330112840408,1.2500902619823056,0.4366449028755902,0.16268551207175336,1.1215784998958351,0.0,0.0,2.299893949458736,1.2459764106207742,0.8222774592823412,0.0024906737290370964,0.01881192134654986,0.0005172164931482896,0.8760202498051867,0.0,0.0,1.001281842063035,0.0,0.0,1.1112649747921932,0.0,0.0,1.596758805138993,0.9139262729157522,0.6175851122490643,0.7907618173443555,0.7768201351833576,0.9666023634493729,0.70972602495733,1.3054751882256992,1.0030431762289436,0.9834862737101336,0.8643215349762571,1.0171783612503087,0.9302918541467128,1.257824160966352,0.7672953463527002,0.9885813202150538,2.0669191641115234,3.970923945250105,0.0,0.15315804513245654,0.0,0.8729533896481184,0.07427852451380386,2.4057720439987893,0.0,0.5024584478428319,0.7737598426510103,0.9865586572123044,0.8833389865594553,0.3604206894204839,0.8326796075882302,0.23363253505606976,0.9927518059515361,0.8847345228753543,0.9724991610597018,0.8599609975502213,0.8824861384180646,0.18895912322866112,0.6620843531637203,0.0016933031594549744,0.9679418911972492,0.9450003781077163
thermal25,1,2,1.0119059954462681,1.0075865092301672,1.0937008315449626,1.180733167609653,1.0298805566991593,1.1619999487418309,1.0307029312145306,1.0313928250320727,1.1441366348413098,1.1361888906321118,1.046677973423025,1.0663811029446313,0.6250348176316831,0.5189129956208854,1.0961911416505266,1.1270624754214043,0.22433383491443434,0.0,1.0653139108998042,1.0791004436312037,0.461295337350409,0.36221185631711084,1.0301239714210746,1.0566615991840467,0.4424831549739229,0.0,1.1351539520653302,1.1225822673437453,0.4305966121713198,0.33149368984668215,1.0015944584149654,1.0084010615490946,0.6439806423015346,0.19026812435793253,0.7537203586599703,0.9129840593700222,1.0381277113899317,1.0254831193968608,0.638594152372234,0.8412784950322859,0.9782885640335762,0.9668091777474059,0.9736637703311284,1.0148726925777611,0.14518171632660284,0.513088473922014,0.8378646049816328,0.9006006972248273,1.0286186269444366,0.9537709236703708,1.0527928505558888,0.44137718598962544,0.7027116672663573,1.2105556676165476,0.7698854443991717,0.8073839640333765,1.1037836406824355,0.9139909029564919,0.9772536922986723,1.0486098849114802,1.0613787532110337,0.7219499494136897,0.6048290999843884,1.1323935164445298,0.8726603039504142,0.705632782919764,2.1369188387247378,0.6310202074836294,0.6145361488694562,1.1835223423136578,0.9587453860979909,0.8736189907927263,1.1141862917635486,0.8341734607129289,0.7814417392100346,1.1632556654786073,0.30456160496914036,0.0861947047800703,1.6845873755633094,0.9028952237909754,0.5717916993150515,0.0027006978624079733,0.020447644776742584,0.00048210611990980555,1.0793323209928951,0.5736247974242222,0.521591710020267,1.1455641764410838,0.6304875839783969,0.36916568544182193,1.236477751800381,0.5563171300607465,0.38908416011185687,0.9851274671425808,1.2444787287620895,0.934941062117275,1.1160553516629215,0.9762237051376215,1.016367011370329,0.9657465555591158,1.2444994027969205,1.0004962829383786,1.0032699708246906,1.0330413195813515,1.1185876493290614,0.9627723652985472,1.2217092013711777,0.9731157714777725,1.0109627930949117,1.5193639393952634,2.6908120483144837,0.07406920518065435,1.135244212960314,0.3889449454821514,1.082234567153164,0.4768809647824997,1.9907615680332158,0.8439679389307916,1.0984132511898577,0.9721391757962338,1.0338953569185216,0.9770038219858159,0.3559999376351919,0.9669658584048421,0.20479705785926447,0.9977734068278064,0.9234138652467961,0.995072091557375,0.8911518261789434,0.9779595633249762,0.3734965002472311,0.8527732510251562,0.061900889325563244,0.9587443284551211,0.9450970488101378
thermal25,1,3,1.0016146811199775,1.001158004300653,1.0094835801746462,1.0210059027110028,1.0023357622176943,1.0242845189858887,1.003359064312627,1.005513494663082,1.0183002495764304,1.023777567150808,1.0048602942390341,1.0098755587720103,0.8622502020404521,0.6775626399819267,1.0093697922406994,1.0192959603170901,0.688800977052156,0.16338612745382533,1.0061808723727803,1.0122763714686644,0.7951286662210467,0.520649399138163,1.0022148665364203,1.0077690799026138,0.8395172895306363,0.4051873072011807,1.0167346217166076,1.0247763813170039,0.6815515503858485,0.43179747897454696,0.9995500024604187,1.001214669010201,0.9235974386766037,0.6190295383243458,0.9686591808451758,0.9874859318124363,0.9954397698233064,0.9911820652056401,0.9339655224979732,0.9683539508609049,0.9967906266335792,0.9949214078388943,0.9884791329601799,0.9950508063307466,0.4241072712570858,0.7439957696182186,0.9792848501435977,0.985597150578297,0.9965039505312131,0.9861559889815675,1.0113870687181594,0.8594135244685066,0.9424412291737972,1.0444041923926228,0.9577592283452634,0.9677068992871947,1.0213324810569506,0.990252825571802,0.995973065004223,1.0100198820980022,1.0103842316579013,0.9356762132815921,0.9086335946018451,1.0173061696297014,0.9319436494433343,0.8535293821272022,1.1613467026651838,0.7482514504508097,0.6057343365146741,1.0240291232174152,0.9499767622824885,0.8980939368090569,1.0173897614543719,0.9476540774160206,0.9225054012745042,1.017426641037738,0.7940564351042461,0.6791180145007493,1.0769161335887354,0.7940340113214328,0.5301943294100226,0.0030737848852630065,0.017468998224005987,0.00043938674993222694,1.0164826226815011,0.9125790212591097,0.9021080729679622,1.0201094447335737,0.8780411274286393,0.759706011405458,1.0308170715648566,0.8693589265835239,0.7674397392884486,0.9358806776125516,1.0760131254666545,0.9662322070686723,1.0377656347990254,0.9943141392076728,1.0053343499020544,0.9678555054364306,1.0357456061668695,1.0004684669282082,1.001055182157295,1.0128176457638365,1.021706633307465,0.9709026582212743,1.0311269936352314,0.9949915550502513,1.0011062967263096,1.0017167679763324,1.2612228434245718,0.7627611019584704,1.013322230068947,0.8289787548231782,1.0064648225741,0.7418212239184532,1.128890819596718,0.991544952166513,1.0263839035076654,0.9898376873778056,1.0104493446878648,0.98986567020488,0.5243771901433089,0.9863277470262789,0.37806369375686805,0.9989602417456046,0.9470153087399157,0.9980282418068547,0.9132761213354696,0.9904001240216258,0.5492828583586497,0.8267687152010416,0.3273068430854231,0.9724815229230949,0.953223727924403
thermal25,1,4,1.0001222544180164,1.0000770633110878,1.0005881886656904,1.0016380728712995,1.0000274279131718,1.001568676880452,1.0001803630089694,1.0005238529771279,1.0013552250310647,1.002315695577382,1.0002464909850064,1.0009386346744324,0.9782585139611168,0.8825186903160038,1.0004146875644415,1.0018290705326993,0.9516227066910421,0.6947157844182784,1.0002753850286528,1.0011506908658492,0.9684866444684025,0.8400625725906282,0.9999971110561034,1.0007201743705565,0.9770792355926115,0.8264508121053211,1.0009545976291565,1.0023748468713765,0.9427858074638258,0.7431672856151881,0.9998769219331551,1.0000978922848462,0.9901007623801463,0.9098837458235025,0.9965933655385136,0.9983485780581686,0.9986985837926019,0.9978578389963086,0.9921944001971738,0.9956211607462755,0.9996370441590195,0.9994062113572788,0.9976124627543969,0.9986598174127411,0.8681540926900526,0.9480567950095118,0.9977953870163264,0.99833803901454,0.9989240597440149,0.9975863687912295,1.0010829375965706,0.9829041771163569,0.9924043473525092,1.0043622239217185,0.9951528974290298,0.9960834172947595,1.002113379370751,0.9989340398793106,0.9993968308663262,1.0009324551064596,1.0000841927107273,0.9896737135249716,0.9849835068344176,0.9984568743627997,0.9842715514726738,0.9682191988635727,1.0025886921616476,0.942694630635342,0.9084935162651423,0.9975617229832101,0.9873466787899265,0.9764861574111058,1.0001806259739174,0.9898000714027969,0.9846995347235057,0.9948048294929576,0.9634157643629052,0.9397979919221608,0.9849721996420964,0.9460743502505812,0.8885159478155671,0.003683382833174027,0.05451615146606817,0.0,1.0002200749961032,0.9870895661493516,0.9849419171416699,0.9974569083742018,0.9754053706101563,0.9517425856197821,0.9962683606273731,0.9750005543653901,0.9535476163674024,0.983687780721322,1.0083696478956563,0.9918011689093411,1.004175869499681,0.9988740767390495,1.0005868512471734,0.9901722121894454,0.9985023334154138,0.9999990547275016,1.0001163914392248,1.0000057109782599,1.000399703908343,0.9925620614669736,0.9977031105980672,0.9991504431307451,0.9995474099668797,0.9798756519832386,0.9984334247497729,0.9616279502397707,0.9878420018739614,0.972016359979551,0.994953372495606,0.9465998421825959,0.9851234386590889,0.9981563402662458,0.9996038360259706,0.9977775181564376,1.0011474083830847,0.9965596265278642,0.8304865266376934,0.9954378672333228,0.7757161419482932,0.9996482338185676,0.9815448926978984,0.9993473089151323,0.9684755153635264,0.9967487440978696,0.8393162432181788,0.9275188988231272,0.7517409384363073,0.9899949605960018,0.9817739655650248
thermal25,1,5,1.0000104447981275,1.0000059047628602,1.0000411743198148,1.0001350914554195,0.9999947132103184,1.0001128568432822,1.0000108487257473,1.0000503406573142,1.0001086636765766,1.000223956633484,1.0000139232731298,1.0000907957753806,0.9975821940555142,0.9837818923351835,1.0000203588257282,1.0001770581192329,0.9946914719899532,0.9581675079191737,1.0000131773821703,1.000110754836194,0.9965315482673546,0.9784054440875948,0.999991906294764,1.0000696574838486,0.997542404565005,0.9771089921082295,1.0000587981340465,1.0002276214489958,0.9934289032405902,0.9631828927110475,0.9999853042307792,1.000009012359416,0.9989601717748342,0.9886227428251784,0.9996475443771728,0.9998128220640258,0.9998230249999951,0.9997350299815888,0.9991593192377836,0.9995133762214597,0.9999619794521616,0.9999380357697915,0.9997293723387796,0.9998409864924168,0.9848617300606232,0.9940433843538535,0.9997724954253367,0.9998239203243035,0.9998725087415833,0.9997218144855616,1.0000990953172222,0.998110367233423,0.9991374582450848,1.000406800747811,0.9994718642297555,0.9995715662809266,1.00019826549465,0.9998876608495162,0.9999242087248044,1.0000843866770368,0.9999434207970938,0.9981025682219843,0.9982872883194683,0.9996570361612158,0.996332600312434,0.9962397070275841,0.9994017581693657,0.985582858253222,0.9887932438490763,0.9994787424880189,0.9968052211516731,0.9971767512742905,0.9999153274670904,0.9975838504586758,0.9981647469815024,0.9990972429549811,0.9931649023173966,0.9930674768676131,0.9972516419588875,0.9870741686679679,0.9867176835338042,0.011492724478916045,0.34191322800745416,0.0,0.999927043046958,0.9979177272352922,0.9983360707311959,0.9994816029098074,0.9946958146042041,0.9943596649022834,0.9992439705876148,0.9948123481329352,0.9945714611680414,0.997801144996046,1.0008237146806889,0.9988880501380649,1.0004114516388094,0.999853483356277,1.0000576726614432,0.9985440755354078,0.9995437784155476,0.9999945152794104,1.0000114686014072,0.999847574413544,0.9999168634551557,0.9989730105790602,0.9994503679559019,0.9998981973123944,0.9999232754830788,0.9964227199062755,0.9981279160857706,0.9955842648169441,0.9980538614436316,0.9967518489452508,0.9991895225058365,0.9932075677240892,0.9969483966641263,0.9997377818880775,0.9997593003859868,0.9997062912794463,1.0001128013430092,0.9995300073364906,0.9767058998208369,0.9993770629069401,0.969089620428474,0.9999517054106171,0.9974621909187807,0.999911025911937,0.9956530400179557,0.9995562654934355,0.9779211166272604,0.9898592426304795,0.9655882191999507,0.9986132187356062,0.9974603568320466
thermal25,2,,15.351012816154118,0.0,3.0913477409711723,5.398030036443521,4.019509440404407,0.8552659577009019,3.004182861290858,0.0,0.0,1.5167987694175038,1.0109628987350483,3.258182034717011,0.3644959636268643,0.5522560092066654,0.6689570716743326,1.1492790694190171,0.1012476395418674,0.17133711649888883,0.0,0.0,0.5142506961979193,0.08256545826664032,0.2668376030727671,2.842127783301063,0.0,0.02393231458996892,0.0,0.7655783775119058,0.3320698349142914,0.0,0.033054456103364306,0.0,0.0,0.014693230259815135,0.27701463602727616,0.0,0.8246728687688601,10.244327408716499,0.037778108282467526,0.0,1.5918456643690542,0.0,0.2053814212235387,0.1330761476332488,0.10489952144208677,0.34386877507262015,0.4357956693503873,0.0,1.5832280045045297,0.0,0.0,0.26360162958360783,0.0,0.0,0.5949387133810705,0.0,1.3481814588538363,0.028409635186399527,0.0,5.683173050719506,0.0,0.0,0.0,0.0,0.1521223454319129,0.0,12.824558893998608,1.2714178306663209,1.3845284183435123,0.0,1.2907549293435232,0.16543499507768186,1.7986204329557431,0.0,0.0,3.5976887014853927,0.0,0.0,1.7344187368236976,1.2947528584554535,0.913319410807825,0.002594070647277512,0.020782168809136647,0.0005512059993140242,0.0,0.0,0.0,0.0,0.0,0.0,0.0,0.0,0.0,2.2472829451455447,0.30698020379172414,0.0,0.0,0.0,0.0,0.33872510822771246,0.0,9.281259444701485,0.0,0.2569532826820639,0.0,0.3954244631587045,0.0,0.0,1.7581455789140026,2.411052149941997,1.7851443597241357,0.0,0.0,0.0,0.0,0.0,2.8410887916490393,0.0,0.0,0.0,6.977078609162092,0.0,0.4771734182873096,0.0,0.39089985941740274,0.0,0.41159237412263056,0.0,0.0,0.5312747799404998,0.0,0.0,0.0011486748732747038,0.6956529115049326,3.529655762175028
thermal25,2,-2,15.3352343866182,0.0,3.090406141572257,5.39845222727046,4.014236368963905,0.8558141477385561,3.002074999165859,0.0,0.0,1.5167956929509274,1.0136959014924039,3.257925996823603,0.364465372232056,0.5522497938687436,0.6694449428561419,1.1492635258479613,0.10124222002850267,0.17133471046765925,0.0,0.0,0.5142674857950448,0.08256548990532482,0.2698758601496505,2.8422271999541873,0.0,0.023933131136245605,0.0,0.7656579989859628,0.33207815234738614,0.0,0.03361580189641906,0.0,0.0,0.014697740545172158,0.27701747401694593,0.0,0.8247120950020942,10.243801047939357,0.03779412192498849,0.0,1.5918620669933599,0.0,0.205383007296461,0.13352212808841862,0.10489998041886897,0.3438722906056948,0.43580117988307,0.0,1.5832608005338211,0.0,0.0,0.26360988279198705,0.0,0.0,0.5949459290295946,0.0,1.3481800225453813,0.02843138604440729,0.0,5.68256771508749,0.0,0.0,0.0,0.0,0.1521236394038024,0.0,12.824403962473577,1.2714174814148314,1.3845305348371477,0.0,1.2907517180468961,0.16542937672772262,1.7986364327034032,0.0,0.0,3.597513645635515,0.0,0.0,1.7345655123407946,1.294753143105162,0.9133200586464497,0.0025940721921455597,0.020782170543371645,0.0005512068313126427,0.0,0.0,0.0,0.0,0.0,0.0,0.0,0.0,0.0,2.2471767960727713,0.30705194032297833,0.0,0.0,0.0,0.0,0.3388326534409953,0.0,9.276169384118731,0.0,0.2571377650323929,0.0,0.395591001537522,0.0,0.0,1.7581511554377627,2.4110294690301033,1.785257904999104,0.0,0.0,0.0,0.0,0.0,2.8410181203002534,0.0,0.0,0.0,6.976297304345186,0.0,0.4771731672393415,0.0,0.3909030534302841,0.0,0.41157802861457243,0.0,0.0,0.5313457692012821,0.0,0.0,0.0011503513853854572,0.6956127377657817,3.5295813348737366
thermal25,2,-1,15.194851309317741,0.0,3.0820357959186757,5.40219827051933,3.9675606428866352,0.8606943458022708,2.9834023690805798,0.0,0.0,1.516768601822039,1.0379085568925674,3.2556482114742353,0.3641935694936756,0.552194123761862,0.6737971602422892,1.1491244317212008,0.10119358721786251,0.17131305516815837,0.0,0.0,0.5144173659563385,0.08256582831080359,0.2966905560626223,2.843112658917782,0.0,0.023940465754527848,0.0,0.7663666468531589,0.332152207903648,0.0,0.03864161244329171,0.0,0.0,0.014738278317896463,0.27704299549277034,0.0,0.8250649297317468,10.239067676382438,0.037938148147969745,0.0,1.5920093276889469,0.0,0.20539747843702363,0.13753118919424967,0.10490411445197334,0.3439039033514072,0.4358507775600949,0.0,1.583555801088261,0.0,0.0,0.2636841073988545,0.0,0.0,0.59501080573943,0.0,1.348167085776984,0.028627286800781297,0.0,5.677128965649207,0.0,0.0,0.0,0.0,0.15213529872368142,0.0,12.823009319674435,1.27141437628871,1.3845494198575332,0.0,1.2907228334013796,0.16537988863305003,1.7987849661751851,0.0,0.0,3.595940428890813,0.0,0.0,1.7358848467743095,1.2947556831994398,0.9133257375821698,0.002594086125676884,0.02078218632112123,0.0005512143153111684,0.0,0.0,0.0,0.0,0.0,0.0,0.0,0.0,0.0,2.2462271656789996,0.3076968944562289,0.0,0.0,0.0,0.0,0.33979470760440483,0.0,9.230636446809159,0.0,0.2587882317718259,0.0,0.39708100412584324,0.0,0.0,1.758198917416485,2.41082654046186,1.7862788908328544,0.0,0.0,0.0,0.0,0.0,2.8403830667336254,0.0,0.0,0.0,6.969273406374791,0.0,0.4771709061312977,0.0,0.39093179875080847,0.0,0.4114489546945985,0.0,0.0,0.5319841602212694,0.0,0.0,0.001165419824921082,0.6952511256439928,3.5289113343903136
thermal25,2,0,13.93450638054699,0.0,3.0074405493920753,5.434992805486175,3.5677815607515426,0.9047515140445163,2.822171469680213,0.0,0.0,1.5165482324738324,1.246766590282181,3.235215102981519,0.36178371606719784,0.5516612568561272,0.7138786852628513,1.1478177960994511,0.10072128374060221,0.1710966937184117,0.0,0.0,0.5158066666051228,0.08257402106793757,0.5200452009464054,2.851113323611083,0.0,0.0240124262393061,0.0,0.7727529615721807,0.33282233056863,0.0,0.08635156761178761,0.0,0.0,0.015138830594079401,0.27729604570999805,0.0,0.8285733487527303,10.19211769265806,0.03936873125629127,0.0,1.5934467876484413,0.0,0.2055618841952846,0.17714577805995155,0.10494573809668059,0.3442176611022864,0.43634663735054674,0.0,1.5864892026734085,0.0,0.0,0.264420949785197,0.0,0.0,0.5956533046194791,0.0,1.3480376846058963,0.030597693716651785,0.0,5.623621872478061,0.0,0.0,0.0,0.0,0.15225339434648436,0.0,12.809047303718048,1.2713867597692,1.3847233977477191,0.0,1.290435496747514,0.16498388018742352,1.8006486444497634,0.0,0.0,3.580415705751152,0.0,0.0,1.7489252739160528,1.2947791190984486,0.9133685303708499,0.0025942282584614004,0.02078235913013489,0.0005512892643163056,0.0,0.0,0.0,0.0,0.0,0.0,0.0,0.0,0.0,2.23726384970543,0.3140797002177633,0.0,0.0,0.0,0.0,0.3488694339734849,0.0,8.801217874500397,0.0,0.2743698740884771,0.0,0.41115656273600637,0.0,0.0,1.7584474078693084,2.4089091020725792,1.7964040202636051,0.0,0.0,0.0,0.0,0.0,2.8341205320446123,0.0,0.0,0.0,6.8998068769971965,0.0,0.47714818045299384,0.0,0.3912190410945194,0.0,0.41016177110622526,0.0,0.0,0.5383184654452794,0.0,0.0,0.0013142716247552164,0.6916347329902225,3.522202985923626
thermal25,2,1,7.744704772853859,0.9560558681742056,2.6978778823977785,5.5546834008322925,2.200767426024745,1.1018093431362623,2.04688567922783,0.0,0.0,1.5157751879760197,1.9635403049396993,3.1456311626231224,0.3524275264503133,0.5480108168923411,0.9523777818019854,1.14408291116583,0.09717095913839655,0.16892549384584657,0.0,0.0,0.5238670315185898,0.08215084575130872,1.1604070705070602,2.8791311812526037,0.0,0.02353946117354682,0.0,0.8017768272336825,0.33611123867831993,0.0,0.3879298003784658,0.0,0.0,0.019258526400261263,0.27962796904436465,0.0,0.8617211786725381,9.759201681710454,0.05270811455920842,0.0,1.6047450417683196,0.0,0.20907168665305392,0.5271170242498436,0.10537245283791445,0.34723449965011915,0.4411914792075715,0.0,1.6140466044248445,0.0,0.0,0.2712622894986609,0.0,0.0,0.601503470153784,0.0,1.3561636356194608,0.05039991123008936,0.0,5.1555627316435295,0.0,0.0,0.0,0.0,0.1535886147835261,0.0,12.678382166189364,1.2712902268117376,1.3856489478478866,0.0,1.2876522868863867,0.16625252258568862,1.8124816218253643,0.0,0.0,3.4339611308861584,0.0,0.0,1.866996330553128,1.2949073077115305,0.9130493931512202,0.0025960087573641995,0.020784818144956828,0.0005522117449489296,0.0,0.0,0.0,0.0,0.0,0.0,0.0,0.0,0.0,2.180672672307544,0.3931739785863363,0.0,0.0,0.0,0.6765454167698373,0.40579368207319966,0.0,6.116470636800054,0.0,0.37237479246276445,0.0,0.5007199393855146,0.0,0.0,1.7687145714972263,2.3967840446492863,1.8829989412672554,0.0,0.0,0.0,0.0,0.0,2.7809730094125857,0.0,0.0,0.0,5.829758249608335,0.0,0.4757871733353648,0.0,0.3944315055917173,0.3236235823043391,0.40267218777196356,0.0,0.0,0.5767950565475861,0.0,0.017791700731174608,0.0028589722820185075,0.7420895924455316,3.3566428142250744
thermal25,2,2,2.1930654035535446,1.1614913742639352,2.0172581735747173,4.885223726923938,1.389998086323931,1.2566889625842534,1.2585603524167923,0.0,0.7846659128540576,1.469436160459722,1.6163268798937789,2.8843486421220597,0.34417722364852826,0.4974616167091598,1.182878597488617,1.2680414346965123,0.0858260677847943,0.14904703663332733,1.1327574590877965,0.0,0.5431145910394708,0.10458990749174207,1.221365863057425,2.649728357607344,0.0,0.030691432771323888,0.032234319180953555,0.8824908434397406,0.34454434006286533,0.031052656160920632,0.8860641399149705,0.1456818169261313,0.0,0.04750780770588238,0.2642254102181241,0.0,1.0949073336299808,7.106755846432675,0.1357513120196175,0.0,1.5994947669934385,0.18543504643406963,0.3274588800641041,1.8713336041055841,0.10974303155679155,0.37423691675541393,0.4697667664880586,0.0,1.7984672713546879,0.0,0.0,0.31145391164553876,0.0,0.2374966307017897,0.6325793013283035,0.0,1.1766018552574549,0.11163431940238543,0.6074897919703257,2.973961268702349,0.0,0.0,0.0,0.0,0.17006132090980597,0.0,11.628135253681263,1.272152927442225,1.3840309943343414,0.0,1.2623229010659804,0.23395291362348877,1.6850288077257582,0.0,0.0,2.539300876056009,0.0,0.0,2.582117282690851,1.2948738718208535,0.9037258787846725,0.002614106617400469,0.020801680123726258,0.0005601156788411931,0.0,0.0,0.0,0.0,0.0,0.0,0.0,0.0,0.0,2.084981154379516,0.6509907091570841,0.0,0.0,0.0,1.4928147701479928,0.49901483752486075,0.0,2.1152487318838764,0.38789968963984495,0.5292514215716377,0.0,0.6717795618143154,0.0,0.0,1.5020196825704777,2.3725095594246914,2.5173121730379204,0.0,0.0,0.0,0.0,0.0,2.41856857795336,0.0,0.0,0.0,2.7972099203294647,0.3031140353993483,0.4652701488345153,0.0,0.405555914896582,0.8976857689901452,0.4194649037478909,0.6033231205896558,0.019409502317644777,0.4228773771565222,0.0,0.17764623518213024,0.0074178373881554766,1.0369465982754382,1.94759123238522
thermal25,2,3,1.1273813375470985,1.0024262065774947,1.6384551637846043,2.6700174166665187,1.18021421052327,1.2126868164209186,1.1114539578600395,0.8847718360859432,1.5000622772029926,1.3843975226264464,1.2631734382135062,1.6631265752359383,0.37871672500643894,0.31877627509459305,1.3544193142091656,1.342326924684639,0.059142476680321576,0.04954264084440561,1.3041415411940425,0.9258233705991363,0.58205015265139,0.24689107054951956,1.1569542701985642,1.456698746918916,0.0,0.0,1.0656052152007325,0.9419380486412593,0.3559303937855811,0.09345922782841239,0.9972720507493329,0.8799490626977345,0.07713922457378881,0.08233627437316154,0.24142254323232207,0.45365433864567783,1.4582504513173513,2.72057837232867,0.24918952764698515,0.20415355605558658,1.1582391361804052,0.8205883450086372,0.7867962000073335,1.6396659436655043,0.11784918551367093,0.4535533483495907,0.4773443457978717,0.443776165907891,1.7831581544923072,0.7361451041782242,0.9068034635946675,0.3473858528364701,0.10591851281582794,0.8471589675279988,0.6331583289200963,0.035838956073732935,1.0141698492383708,0.39731894290748726,1.084789480970592,1.2796813541852532,0.856981683435205,0.0,0.0,0.8226943706706086,0.3020480163999636,0.049530974395951194,7.8411156014234535,1.2746489110051344,1.3541204320392028,1.1220781190894074,1.1349084622131211,0.538084221751248,1.39783791348049,0.0,0.0,1.247749975331584,0.0,0.0,2.897442109596729,1.283831961104516,0.8596785970004811,0.0026883380648523862,0.020915008724522108,0.0005702639840310273,0.17253380426153803,0.0,0.0,0.4569385063709926,0.0,0.0,0.036731484953470485,0.0,0.0,2.002403772521505,0.7917943680620726,0.0,0.267368060678066,0.25196710906726466,0.8629914191750248,0.584770293546765,1.134099558230605,1.0802781836595956,0.9091877176391249,0.6545645057757673,0.5818251049495993,0.8792762942103514,0.985807171390794,0.3391914051782873,0.9662339057943746,2.30660027908593,3.6627415041820117,0.0,0.0,0.0,0.50916847708146,0.0,2.216027738529062,0.0,0.0,0.14480899510082007,0.987652875886811,0.6592378527898174,0.49542306379750456,0.4689522388969231,0.28254740322927896,0.9788262371306005,0.7043325726209616,0.9091854961616554,0.7485038447732775,0.6654815664167603,0.0,0.5018201247084704,0.004925080667332639,0.9836620073752442,1.0543595778908201
thermal25,2,4,1.0246384375905357,1.0113862775076412,1.2084991939693177,1.4195311109282276,1.0627461254340569,1.2698905554354714,1.0588768482589896,1.0505896712933567,1.2778418052446905,1.2642397871897513,1.0946391315054185,1.1696956650230934,0.5495700757143436,0.32856909306537485,1.1823967726314817,1.266150264667103,0.12239723629852213,0.0,1.1321279528952042,1.1533579140617696,0.45616530103097325,0.26709738783895876,1.060697728735023,1.1431025113343154,0.225200751706555,0.0,1.2303120183028147,1.1704875039224258,0.4134035174836572,0.20568716929884084,1.003380218787739,1.0125760656855165,0.4605373633602271,0.07758542518101884,0.5675209698907347,0.851985401529407,1.1985032441375651,1.1852245157882082,0.47188512307665054,0.7560816864586364,0.9667192904268765,0.939397763654321,0.9699486338107849,1.094538542743484,0.1267939332517223,0.5375775348277299,0.6941226702443726,0.8156521586310858,1.1783126985110737,0.9511807252995919,1.0773918173766346,0.34611069439511055,0.5386549936438515,1.3109172548396857,0.6541140263947846,0.6539688052629079,1.1693918562688739,0.8317349374417615,0.97915573017077,1.0831045436790159,1.0972979051252083,0.4305322069989017,0.15139799286087186,1.217276953682576,0.7274357086296044,0.5134519202172866,3.5541519053635184,0.9819971481373916,1.12602282853329,1.2857424030845723,1.0012124710012817,0.8371251399991597,1.2215146031198993,0.7046441954258981,0.6443358918765397,1.200516769920101,0.0,0.0,2.105313406569959,1.1538007180231016,0.727452628160893,0.002856402314595434,0.021909970858391376,0.0005522660948936985,1.0382686137319979,0.07350603914214365,0.0,1.1723302775387916,0.3085940730938704,0.06292773487360397,1.3220732240943867,0.1464944416151984,0.07175979934745208,1.2742799708561054,1.010455865918606,0.8355255240168843,0.9215211249389748,0.8994644604583323,0.9803154997789992,0.8596751939608935,1.398134511414226,0.9952279414865426,0.9929564735120275,0.9428723422311679,1.1449807679909279,0.957210459746615,1.3309542111509107,0.8917087992736465,1.0091204616546365,1.9470322686619315,3.803588777510619,0.0,0.7332912243812427,0.0,1.0296156948363075,0.2660862668859757,2.4551119558183805,0.37411036219879396,0.8685216078431505,0.9017581190775882,0.9922007381383322,0.9246840451686483,0.3240148912748453,0.8936899160414701,0.2382716039467199,0.9949553751559591,0.902456404427508,0.9828990447129693,0.8896739450148119,0.9250219163294527,0.2644347008753141,0.7730198589524155,0.0,0.9513408865421302,0.936900615032984
thermal25,2,5,1.005197499053654,1.0037615636156947,1.0333125176137177,1.0695253541552712,1.0097737790851582,1.0829326532307837,1.0117603631108039,1.0230483877820356,1.0588725422717231,1.0978809013266302,1.017372166656862,1.042561390689685,0.7810259688390131,0.579778600946687,1.0331527577709594,1.0811988631352412,0.4945866700208939,0.038988384852560794,1.02246296586244,1.0516214205681276,0.6723219140323996,0.38287364663336027,1.0094101830036772,1.0337018445071295,0.7134426498017914,0.07904865962713188,1.057167257676417,1.1042495921443694,0.5652694875252696,0.38525574934524515,1.0000138116208401,1.0057919682109961,0.850165183323661,0.3080731916734637,0.9281909861478032,0.9765507222735713,1.0143223754330815,1.0020406307618448,0.866381094757293,0.9427679666274198,0.9927128878865975,0.9888562925707826,0.9864566199709462,1.002151606946296,0.23187558911017198,0.6721653250471477,0.9494186912736898,0.9680942193408125,1.011297809683823,0.9815805494149576,1.038151078075985,0.7162445004074396,0.8890112119285845,1.1511947833070535,0.901081480161363,0.9305534287161245,1.074621135855362,0.9786235653197974,0.9944057238588909,1.033128557423265,1.0411377596887952,0.855132144056304,0.8247660530234573,1.0854069098532884,0.890667952873684,0.7946279664058047,1.6775506629933692,0.667171292695025,0.678317891216062,1.1189572326908959,0.9429823383679516,0.8811297923569492,1.0705962995238922,0.9038849136979713,0.9030773581376726,1.1117558946601411,0.5737527843576071,0.46053777208518065,1.4414692109452738,0.7983747242836288,0.4426837470693303,0.0031760277006884934,0.022395721906203724,0.0005268907489643173,1.0589618122098465,0.78903774929069,0.795821736119155,1.1007998147322153,0.7741143330916139,0.6234515492221535,1.1563759772311668,0.7412789143588308,0.6301641905052818,0.9517118862502689,1.2408774904317121,0.9587255891418518,1.1173017139808579,0.9870667879422802,1.0167822874077863,0.9865651743690771,1.1630103133482617,1.001504224662546,1.0033087535370568,1.0508803381779612,1.0832432942200665,0.971169089425213,1.1446599007574922,0.9854254671927776,1.0081758482352794,1.3096703844363957,2.0836073401651922,0.41091415343046556,1.1286941800869799,0.5920185941900546,1.0662150751941222,0.57070703672304,1.6484523317052466,0.957878696753253,1.0882059416831535,0.9829488199588119,1.033413792144549,0.9825143245445598,0.3972221497814867,0.9753119812179547,0.2372605370901822,0.9982011171175622,0.926809207936115,0.9963828840477665,0.8969240371205794,0.9833990075065385,0.42778210191819493,0.8555662053145051,0.12592330059548165,0.9611767109525091,0.9474428208468445
thermal50,1,,9.796368684164188,0.0,3.259623078526056,5.585537941274707,4.505403167039287,0.8728952006469964,3.0292795312297867,0.0,0.0,1.5365476082093341,0.7952194066562994,3.497129538401727,0.5449914448364693,0.16570995825311757,0.24062492123118226,1.1844655856611574,0.1772733939479801,0.15786804886110856,0.0,0.0,0.3110474636603809,0.37309907991704777,0.0,2.6281481179466386,0.0,0.0,0.0,0.9222074589992041,0.2349109055030957,0.0,0.32481886089354006,0.01108829518712184,0.015609376423326132,0.0,0.21379900122555276,0.0,0.8862373411553284,7.825216623236326,0.06590802620353747,0.0,1.5014344891857347,0.0,0.254599108673876,0.41148334209432813,0.18461494915784,0.30251008415873476,0.41431645645051407,0.0,1.3131430548052683,0.0,0.0,0.24578818727654808,0.0,0.0,0.5682863972259813,0.0,0.0,0.032952659438347534,0.0,6.5382407860006175,0.0,0.0,0.0,0.0,0.0,0.0,17.451078954572157,1.902435733484604,1.7829017143799255,0.0,0.0,0.0,0.0,0.0,0.0,3.8544508706098095,0.0,0.0,0.0,1.356325772041953,0.7983926308561834,0.00356682176057432,0.03659921753707197,0.0007003503700161677,0.0,0.0,0.0,0.0,0.0,0.0,0.0,0.0,0.0,1.9445329863871392,0.07363037818806133,0.0,0.0,0.0,1.2433385276064004,0.39018715673888715,0.0,10.05961685695753,0.0,0.0,0.0,0.0,0.0,0.0,4.748030716789837,2.728269237468487,0.43270061960391826,0.0,0.0,0.0,0.0,0.22984555835076045,3.8198408324707604,0.0,0.0,0.0,10.98243385193356,0.525240315150038,0.5412243373749501,0.47279758595827504,0.24700557375108784,0.19483489294264505,0.9220357489705548,0.0,0.0,0.0,0.0,0.0,0.08206217615334623,2.980425002499938,4.064903442587804
thermal50,1,-2,7.769803789891816,0.0,3.1766842660752537,5.603367564518296,3.892274958361872,0.941273947983497,2.662061442885837,0.0,0.0,1.5376138493394236,1.2808776833683155,3.429734863861787,0.5394952509806301,0.16463567347477145,0.3896631191083456,1.1781369595000608,0.17552169747380622,0.15614905709990867,0.0,0.0,0.31568713851830865,0.3753292820899611,0.0,2.6704255939521953,0.0,0.0,0.0,0.9373873624958582,0.2361692902792902,0.0,0.5815168308173938,0.008055433206806174,0.016135886627456002,0.0,0.21435362092859475,0.0,0.8944803368846375,7.723402630316096,0.06884668392091685,0.0,1.5042726022377793,0.0,0.2557196261057951,0.49339211493140545,0.18472317824891174,0.3031486061401287,0.4154981981684555,0.0,1.3198919146991754,0.0,0.0,0.24736894548329694,0.0,0.0,0.5697352158042838,0.0,0.0,0.03720254146250372,0.0,6.362725097593868,0.0,0.0,0.0,0.0,0.0,0.0,17.410715244992,1.9024749845728268,1.7837968130730582,0.0,0.0,0.0,0.0,0.0,0.0,3.8585895584974583,0.0,0.0,0.0,1.3562629229449583,0.7978875166034683,0.0035672662208812286,0.0365964605061712,0.0007005645412147034,0.0,0.0,0.0,0.0,0.0,0.0,0.0,0.0,0.0,1.9330561668271595,0.1237651415643054,0.0,0.0,0.0,1.6989145146240483,0.41422376388380844,0.0,9.440347339871254,0.0,0.0,0.0,0.0,0.0,0.0,4.618586540106801,2.72900698538512,0.4585684314914658,0.0,0.0,0.0,0.0,0.2284332198824087,3.8258626803234344,0.0,0.0,0.0,10.360652288980129,0.5253387476024114,0.5405600896309517,0.4724083937162236,0.24780880662760857,0.20122767346549045,0.9212659660770267,0.0,0.0,0.0,0.0,0.0,0.0840073282888961,2.9428822746767866,4.053823455136972
thermal50,1,-1,3.22652806505398,0.08981488264336981,2.8939009203195,5.591349137228291,2.3074297561181627,1.1088652451736847,1.913957492973816,0.0,0.0,1.543685648389347,2.02012443547698,3.2101777502907742,0.5244288645482346,0.15982409353306248,0.8085316533996564,1.2275568333126619,0.16678907841650534,0.14251496000654928,0.0,0.0,0.3342120649782282,0.3956944154339204,0.4772523766747051,2.59999106134121,0.0,0.0,0.0,0.9803650951379842,0.2404712227588124,0.0,0.9811086163098801,0.16486129043310777,0.02228860103628844,0.0,0.21849590160752289,0.0,0.9582663884613889,6.975868851195932,0.09103552872722723,0.0,1.5183515092471507,0.0,0.273181433931234,1.0226548643363313,0.1856233168000722,0.30884931179879116,0.424975372188036,0.0,1.370804442492457,0.0,0.0,0.25915907503077823,0.0,0.0,0.5803328910594094,0.0,0.0,0.07332417816230026,0.0,5.184043547963865,0.0,0.0,0.0,0.0,0.0,0.0,17.071125392408135,1.9026056921739516,1.788807545793789,0.0,0.0,0.0,0.0,0.0,0.0,3.858795341503742,0.0,0.0,0.0,1.3558508292452103,0.794801009016793,0.0035716645690671016,0.03658872960951122,0.0007024352721608532,0.0,0.0,0.0,0.0,0.0,0.0,0.0,0.0,0.0,1.8588739765867874,0.3738640006099213,0.0,0.0,0.0,3.1469367809290336,0.5278031198787227,0.0,6.104586731368924,0.0,0.0,0.0,0.12720618728149,0.0,0.0,3.7517283395860277,2.724724790779343,0.6789488933618918,0.0,0.0,0.0,0.0,0.21593323821569985,3.864551886705329,0.0,0.0,0.0,7.521483833164648,0.5285050123842611,0.5364514457509012,0.43302194328713806,0.2537700474297905,0.31234264885081414,0.912352223798245,0.21646411842357355,0.0,0.0,0.0,0.0,0.09921120075598351,2.6465359949140574,3.93374687583345
thermal50,1,0,1.265227130344586,0.875912626905028,2.119984673779681,4.1114234482375425,1.3589627813624219,1.088895137746358,1.1928961645934104,0.5429951527585294,1.0210698787482098,1.5002575940435479,1.445450838370842,2.3102698266894426,0.47144924942492616,0.10906868448115023,1.1775414520971195,1.5157414185784694,0.13731956409651586,0.0609079086039012,1.1599736704184238,0.08038191647354309,0.39720085057545057,0.6039797929627034,1.099185012781397,1.9028433149272412,0.0,0.0,0.2536687617285518,1.067113693650647,0.2544593055117863,0.05960974364731965,1.014131319337806,0.8328920649169889,0.07163409249465344,0.0,0.20464281881107466,0.0,1.2475767046981214,4.037725354227783,0.1848604832488025,0.0,1.415692139034222,0.38847394270012886,0.5105209025543065,1.7702653999441111,0.19110067536123226,0.3489278673184362,0.46822052110973966,0.0,1.5605835560689878,0.0,0.0,0.3036780963269649,0.0,0.030620188319595745,0.6164482986239735,0.0,0.28243633075285624,0.17930622379608116,0.7129899402918008,2.294216724163781,0.0,0.0,0.0,0.0,0.0,0.0,14.46323627748131,1.9015259034257745,1.8004250716131285,0.1328860615385839,0.0,0.0,0.9913978150079313,0.0,0.0,2.5002080300971,0.0,0.0,0.8578308445489147,1.3552213264065853,0.7904279658594633,0.0036231557785156633,0.03661264482410448,0.0007112160051499158,0.0,0.0,0.0,0.0,0.0,0.0,0.0,0.0,0.0,1.7394501181472368,0.9443103972589963,0.0,0.0,0.0,2.1467299232480963,0.6652415509796016,0.0,1.9828923580910751,0.8424051470229684,0.0,0.0,0.47875945029944267,0.0,0.0,1.7732382004458533,2.6982723753826177,2.2223032853202396,0.0,0.0,0.0,0.024373109545090334,0.19749166824668749,3.418055657760571,0.0,0.0,0.0,2.868818913833696,0.5391971388655027,0.5302889728588613,0.3196423987147826,0.2799158958883444,0.578352309672654,0.8047337176874522,0.885525050981782,0.0,0.0,0.0,0.021898102411970596,0.13667988464505182,1.3156597037291657,2.5854750477544903
thermal50,1,1,1.0298680340487687,0.9866081677135631,1.4702768300621658,1.9630731365313911,1.1270662703818715,1.1301267463628022,1.093565569119446,1.0346310019687452,1.3969345278391971,1.3854813483369246,1.162036994151472,1.3045344400626342,0.4487776962439521,0.0,1.2851804755001281,1.3542336074372756,0.0967192585208023,0.0,1.2218585756311287,1.0765034970749054,0.4862040487039604,0.6626595968433059,1.102269354560203,1.2196359608869258,0.0,0.0,1.1678002173715205,1.1813744948362261,0.29353043715354926,0.21465987457069474,1.015082777245171,1.0277257729040914,0.24869119232584505,0.0,0.27235289108706484,0.5053924059093584,1.3014549142214804,1.5022055597360442,0.27991070834968995,0.33367521843467185,1.0131184679823848,0.8646808074979779,0.869158249711737,1.2108528214198475,0.1943868103438861,0.4087274617638283,0.5250425703122734,0.570351072655416,1.2893406535797212,0.714297500566886,0.9208791331146607,0.30808540518089933,0.05184446112631802,0.834325442450025,0.6089523076416743,0.2964191922885034,0.896419041770644,0.5627507679347541,0.9171569151280815,1.1505907884878748,0.7751231753915128,0.0,0.0,0.984555956845987,0.24908108479028104,0.0,7.598320127880779,1.8121634610021684,1.8210300086084141,1.1939925100313327,0.6693262905357718,0.0,1.3714993957679664,0.0,0.0,0.9096371669248882,0.0,0.0,1.8186212917922706,1.220892157503275,0.775551712209785,0.0038303957658091512,0.03691128781767223,0.0007123593373765337,0.09107815561665916,0.0,0.0,0.7133798200181248,0.0,0.0,0.5895215953346914,0.0,0.0,1.608152615606003,1.3166429343509218,0.02729234485385677,0.674459247032471,0.6272109564112178,1.0467982649691054,0.7084342403308133,1.2874768912362595,1.0679479615112488,1.0136738556163296,0.16325476215815976,0.4534985165860084,0.8038685831025626,1.0791006101824812,0.7159558195380619,1.02454525823944,2.5581795340182705,4.516384606509352,0.0,0.0,0.0,0.7667792274826816,0.2579336716695236,2.7046921917654405,0.0,0.0,0.6111013461716669,1.1336332582678574,0.34612776023899217,0.4552301717324689,0.26469578953471173,0.15683585938149036,0.9145151592188964,0.969768428621363,0.8968844883566829,0.7424502719045691,0.25162729272859036,0.11616374930098068,0.5916516852068038,0.07551401978736677,0.9864359960718828,1.0594553721380653
thermal50,1,2,1.0101716362773703,1.0055809690090265,1.1019215123722812,1.2002317219901537,1.0284541877403404,1.1546837059332895,1.0303125108794329,1.043957296269511,1.1450360998230296,1.198842643494074,1.0447706064255837,1.0886966839479795,0.622795707458343,0.30710157225463114,1.0880556640635497,1.1608429906043911,0.19765769295364727,0.0,1.061549272993956,1.0912714166175201,0.46739674069032255,0.5714531231771505,1.0257650424334352,1.0674043483447222,0.4239309480068856,0.0,1.1279042349288122,1.2043914363287866,0.4055274546646304,0.40897674456063565,1.0012090340990183,1.0142184701028514,0.6427657884411445,0.03250030047748242,0.7406823582461691,0.8968337704111369,1.0274267411783997,1.011458595836717,0.6257044387114076,0.8133503464751375,0.9765281635549993,0.9637621679801707,0.969169763872063,1.0128262387322753,0.21423796399371148,0.49137662263477166,0.8325126174075466,0.8917522174130826,1.0174246224536228,0.9371034518861746,1.0540869414751293,0.4276489346273803,0.6573296872798242,1.2378039901076414,0.7635139751749545,0.7873143385887386,1.1143715446536133,0.9087593942035525,0.9698435469901756,1.0597096544163527,1.0571885421020546,0.6128142999312258,0.36609020219404054,1.168544051026481,0.8186501151561658,0.5930168552776214,3.096707313711117,1.2105598457024045,1.3884185366932214,1.2421221457651963,0.9449358347691175,0.8136826089870082,1.1870361493338473,0.8340476550473445,0.7588049596192525,1.1355671513247454,0.10155786983381272,0.0,1.7658763273569604,0.9271081467790099,0.5214468471330885,0.004172051698052171,0.04034760645075333,0.0006458950027796167,1.0017397199005278,0.3485565029298162,0.17809339861433035,1.1677175299429114,0.5699256755749763,0.21516800620625046,1.2783371013527576,0.5159479171077475,0.31998568803944166,1.1239583830838886,1.6328263285778115,0.8885047030166126,1.2490276143436343,0.9526280469935974,1.0419199572472144,0.9600623270462088,1.3502164713773221,1.0001817434213076,1.016392203441377,0.8959961322068999,1.095919131055826,0.9657298792018412,1.2875758433280458,0.9559124668078548,1.0137122509719128,1.9885580218793866,3.511751678242952,0.0,0.9201135864211958,0.17730863210756945,1.076132450277075,0.635102016036445,2.366916790901693,0.4069999654838908,0.8917707459806307,0.9558716930683661,1.091036662337565,0.40299004282887707,0.3644959429410229,0.2668074661439272,0.16442723842925255,0.9368603537380701,0.9347910662107293,0.9006977297399522,0.8725500582853462,0.4197264460206209,0.35595159027627565,0.987758912162247,0.07897702295417178,0.9534105495371304,0.9644870121890097
thermal50,1,3,1.0016988392338104,1.0012124678454013,1.0117760405393608,1.025951770221419,1.0026767002618657,1.0284441851618866,1.0039698938768284,1.0083064942064672,1.0215853130904529,1.0370614794142035,1.0055760851654456,1.0142083024252455,0.8632806068184571,0.6511818144904108,1.0102745062484828,1.0265814051750852,0.6862703929186073,0.10356245505018521,1.0069550846434052,1.0159856013098536,0.7969418837566679,0.5428499488938565,1.002269453952309,1.0100019080041425,0.8363375495772565,0.3082321275310025,1.0196969243931526,1.041802079128398,0.6872673501111193,0.48963365671533104,0.9995725558365516,1.0020445696751965,0.9220715654388708,0.5208503231470359,0.9679561656759701,0.9867350098689471,0.9943397985311087,0.9907120196041203,0.9322413091847591,0.966856562156025,0.9966301554758338,0.994717646320311,0.988720507576592,0.9951460455869292,0.41241498717184644,0.736973941861571,0.9787917478011189,0.9849882596081867,0.9959254345292107,0.9854968264978968,1.0160188113601611,0.8560475245720799,0.9396870458812714,1.0652314982458406,0.9566781278280877,0.9663640351840184,1.0311369672170472,0.9900480771776948,0.9956561265095639,1.0148084068172767,1.016661089286665,0.9366969043220189,0.9091266886439792,1.0354589445694304,0.9359630948512356,0.8549293356512382,1.3724852811158987,0.8965183787354115,0.9039431917088082,1.049609073625095,0.9606043657256106,0.9124026475351988,1.0364594493052754,0.9624001537800797,0.9556532781765227,1.030087450538771,0.785753465784121,0.6419233032192191,1.1532872122451456,0.8216521048836625,0.522416404510463,0.004647029711260165,0.04204896215101569,0.0005884049516786997,1.0174576279183876,0.9011007779889992,0.8852165492975602,1.040745065925958,0.8883595267237362,0.7664055586931824,1.0649000648341032,0.8841718030307172,0.7917437264502459,0.9991059492826585,1.2142853566209062,0.9849722357431636,1.0959032130926296,0.9936454258536732,1.0138452118861143,1.0169346100669394,1.0738972288467292,1.0017190673481973,1.0042394571894175,1.0280580987729033,1.0323115642889116,0.9959928456731676,1.061961080551455,0.9929076433090064,1.0023255586810558,1.2665677641096977,1.5237459411575762,0.6717108488038025,1.0169498912223078,0.7918590589117063,1.018428515061986,0.8427581237184765,1.278052010510135,0.9478702113986504,1.0170820216801255,0.9932131479283766,1.0292894668231818,0.6878424936903773,0.5435623855624915,0.6016220236044739,0.40490104978289015,0.9662737757073214,0.9485304928940784,0.9455240472498633,0.9169000479579913,0.7035657983189099,0.5671927762620044,0.8942438222784459,0.2889924076266104,0.9676091320948033,0.957840518024716
thermal50,1,4,1.0001515155024268,1.0001030250816985,1.0009222724378593,1.0023362296543756,1.0001060040721312,1.0024054041449741,1.0002917021046576,1.000856855891725,1.0019077016795186,1.0038977259984994,1.0003918349712775,1.0014439790298728,0.9785977926325214,0.838015130710722,1.000643999790367,1.002688158507239,0.9515141206338069,0.5614598403127771,1.0004438000531946,1.001609385140481,0.9689096833271036,0.782419485647799,1.000047786518073,1.0009796370811568,0.9767492978297084,0.770740322333346,1.001534451517136,1.004380513902261,0.9445820157591309,0.6252397722572834,0.9998889387522714,1.0001874853702095,0.9899008881447995,0.8843544849033775,0.996631246703342,0.9983761634473405,0.9986606468946188,0.9978483011407575,0.9921263661715451,0.9956147695918719,0.9996370068283297,0.9994072976418265,0.9976020603114975,0.9986535580745066,0.8421169450424897,0.9440218809888453,0.997796520669862,0.9983377973147446,0.9989381413047498,0.997566338904947,1.0017336933811058,0.9826414784250598,0.9923898909608454,1.0071743803448816,0.9950841610520686,0.9960791521063653,1.003444462019782,0.9989561419683696,0.9994147919336618,1.0015699775271405,1.0005297064913519,0.9904767428726992,0.9869099931752174,0.9991011411196076,0.9851461275266465,0.9689665865836982,1.0181037699698223,0.9565519504110735,0.9460427494102516,0.9983882749169722,0.9887573336134322,0.9784320678986308,1.0013110077733767,0.9915700584942889,0.9897386737700431,0.9939273492003808,0.9642474263585951,0.937279220619247,0.9847895279109765,0.9494687259830425,0.8847829186521723,0.005342826014438462,0.07031849550894856,0.0,1.0002740027045023,0.9870273746812951,0.9848186126268434,0.9980836977039647,0.9770900836444691,0.9541166206361505,0.9977354291887709,0.9768600552616168,0.9577400677925204,0.9907418994108729,1.0255349803464888,0.994154162399946,1.011517207848916,0.9988118198127762,1.0016395698492548,0.9963590579628642,1.0005569326144215,1.0001908224488694,1.0004913884823468,1.0030008567359983,1.001185967226148,0.9956035749633593,0.9988869575745651,0.998898252417738,0.9994194575899555,1.011120957998163,1.0143807123490352,0.9508763227771507,0.9847776936984856,0.9669000536226183,0.9944247286115971,0.9565798973807558,0.9896160314910394,0.9949146798572782,0.9986614188789552,0.9981767982909705,1.003471658160511,0.9178030431550641,0.8291535579081799,0.8929986169851155,0.7772237335195628,0.9911319827374349,0.981493352550563,0.9852174549523018,0.9687364067638442,0.9220520101266552,0.8380021725751533,0.9070627252597937,0.6458184186630771,0.9852761737118352,0.9749772726164254
thermal50,1,5,1.0000133832827645,1.0000085301348487,1.0000730020699842,1.0002030966035544,1.0000020667897342,1.0001961293455615,1.0000215420457248,1.000083975565317,1.0001627542223361,1.000383866899038,1.0000279512754389,1.0001417990540393,0.9975734332292678,0.9725165082096803,1.000041833038182,1.0002637266253227,0.9945910629433399,0.926940528262452,1.000029329854241,1.0001571921117387,0.9965197832927793,0.9643329180730946,0.9999964699701505,1.0000958629946448,0.9974761520772106,0.9650984316999485,1.000115613280298,1.000430485474038,0.9934804464471645,0.9295184971614593,0.9999863001162201,1.0000179881326172,0.9989309454160054,0.9841437964344383,0.9996504108625616,0.9998136364233017,0.9998113738154882,0.9997243517201719,0.9991393514131197,0.9995051377403338,0.999962127268515,0.9999382618057464,0.9997218636469795,0.999836565361638,0.9810459621005524,0.9934162601198829,0.9997725181644189,0.9998221904355707,0.9998717749541933,0.9997128031381286,1.0001610382823702,0.9980132229136752,0.9991085197043447,1.0006780521151766,0.9994441344212994,0.9995616844375604,1.0003269836155235,0.9998892177637668,0.9999237531998864,1.0001450245984425,0.9998873877928091,0.9980729733262316,0.9984742064996011,0.999449015546016,0.9960384274393621,0.9962310664115267,0.9994315363832332,0.9833044350588462,0.992179191682308,0.9991617360006929,0.9965284844750079,0.9972804158317001,0.9998309215336212,0.9973815758428201,0.9986352991350693,0.9985383771387717,0.9928224376593993,0.9926867829035644,0.9956154175265989,0.9857416373357067,0.9858726583077045,0.013359382293005304,0.2967575711108718,0.0,0.999807699726451,0.9979609711255671,0.9983158624403407,0.9991746510287224,0.9942582178527264,0.9944959836962178,0.9988925671182713,0.9942519493449729,0.9948823281744184,0.9982439617639063,1.002548824646402,0.9989890823785798,1.0011498873777893,0.9998297145520386,1.0001632167466878,0.9989316256241418,0.9992713839179572,1.0000104346678176,1.0000490278623098,1.000065708170387,0.9998084898123093,0.9991477075995727,0.9990912622382923,0.999862996154785,0.9998574064779219,0.9986893279430703,0.9969197957102265,0.9942945522113784,0.996943934300744,0.9960761549824769,0.998783538122615,0.9935796180023065,0.9951816401447877,0.9993733594881368,0.9994274789564591,0.9997111505149329,1.0003460682799303,0.9880401804896362,0.9732870320401794,0.9842065792376153,0.9648390139434374,0.9986847242385117,0.9970753557617682,0.9978184074316127,0.9950691833167856,0.9886746489035456,0.9746904518475797,0.9833237561743717,0.9386613947174516,0.9974673245332433,0.9956008204632285
thermal50,2,,0.0,0.0,4.617496500739561,9.282109916528231,2.1123430906277565,1.1268281673673008,0.0,0.0,0.0,1.2916151754739398,0.0,3.798549643324272,0.7021410615273247,0.0,0.0,1.0348607131236125,0.0,0.1264203558409517,0.0,0.0,0.5995310845313973,0.5772885038336664,0.0,2.6831629466210134,0.0,0.0,0.0,1.1694404177027513,0.33876564928929903,0.0,1.4496462251683613,0.1082939813590009,0.0,0.0,0.24627073268084174,0.0,0.8315664959784066,7.623123898993651,0.0,0.0,1.574469508917999,0.0,0.025587100755634026,2.4743719518913463,0.2860792464028519,0.41298972750826435,0.41680555091579913,0.0,1.3667937585060645,0.0,0.0,0.2180513468752885,0.0,0.0,0.5483135782715947,0.0,0.0,0.10969617008301014,0.0,13.016431081492913,0.0,0.0,0.0,0.0,0.0,0.0,20.64018711074594,2.4117356251103166,2.730680750720397,0.0,0.0,0.0,0.0,0.0,0.0,3.3014046973051796,0.0,0.0,0.0,1.202080056096043,0.5341862959866194,0.008558680676349083,0.0626458936649285,0.0008563517833853844,0.0,0.0,0.0,0.0,0.0,0.0,0.0,0.0,0.0,0.9874749624213753,0.0,0.0,0.0,0.0,2.728983625401156,0.3113845825188092,0.0,7.17571009633702,0.0,0.0,0.0,0.0,0.0,0.0,5.769747644221458,2.6525493162786447,0.0,0.0,0.0,0.0,0.0,0.8485234072025215,4.143899042015103,0.0,0.0,0.0,7.910787865123997,0.43906662871845514,0.581195820275306,0.4859547245554889,0.2502732659925092,0.0,1.2320115859537462,0.0,0.0,0.0,0.0,0.0,0.13320589106290856,4.791386756812251,1.2812866120245232
thermal50,2,-2,0.0,0.0,4.617468527290449,9.282027157773754,2.112416911862403,1.1268406579565449,0.0,0.0,0.0,1.291621819852801,0.0,3.7984950335040226,0.7021398496823759,0.0,0.0,1.0348903544049946,0.0,0.1264174762857369,0.0,0.0,0.5995326921497118,0.577278335139166,0.0,2.68311740768539,0.0,0.0,0.0,1.1694450307389461,0.33876617648571145,0.0,1.449547649501915,0.10835673482775547,0.0,0.0,0.24627119216103235,0.0,0.8315946764840116,7.622848707605098,0.0,0.0,1.5744712331062187,0.0,0.02560322445595507,2.474497392207145,0.2860795103275326,0.41299219675386317,0.41680917785768523,0.0,1.366816292641359,0.0,0.0,0.21805684754124027,0.0,0.0,0.5483172362943511,0.0,0.0,0.10970995921844381,0.0,13.015087969349407,0.0,0.0,0.0,0.0,0.0,0.0,20.640161984599462,2.4117356039138893,2.7306819096141144,0.0,0.0,0.0,0.0,0.0,0.0,3.3015051805522573,0.0,0.0,0.0,1.2020800677850094,0.5341858031546958,0.008558681487978543,0.062645893285996,0.0008563525612267371,0.0,0.0,0.0,0.0,0.0,0.0,0.0,0.0,0.0,0.9874604661884706,0.0,0.0,0.0,0.0,2.7291778435177303,0.3114074393192261,0.0,7.1751410012096395,0.0,0.0,0.0,0.0,0.0,0.0,5.7693482397841525,2.6525508144856973,0.0,0.0,0.0,0.0,0.0,0.8485217216441696,4.143968755589902,0.0,0.0,0.0,7.910517686114844,0.4390639266207751,0.5811930074168652,0.48595663189518873,0.25027469434621286,0.0,1.2320162735575415,0.0,0.0,0.0,0.0,0.0,0.13320872691300994,4.791322216619606,1.2812813656284754
thermal50,2,-1,0.0,0.0,4.61721734800938,9.281282474938132,2.113078743324255,1.1269530674784491,0.0,0.0,0.0,1.2916815666368955,0.0,3.798003775837387,0.7021289647372864,0.0,0.0,1.0351570252398947,0.0,0.12639157729451775,0.0,0.0,0.5995471498290318,0.577186899589045,0.0,2.6827078450082102,0.0,0.0,0.0,1.1694865488692017,0.33877092128612907,0.0,1.448663262999928,0.108921007729677,0.0,0.0,0.246275333024947,0.0,0.8318481836576658,7.6203737343271385,0.0,0.0,1.5744866645507523,0.0,0.025748393191860106,2.4756243212659563,0.2860818850856729,0.41301441765447505,0.4168418093691834,0.0,1.3670189899853307,0.0,0.0,0.21810632247992556,0.0,0.0,0.5483501362308387,0.0,0.0,0.10983401121383049,0.0,13.003013350095205,0.0,0.0,0.0,0.0,0.0,0.0,20.63993591558858,2.4117354125603265,2.7306923298031798,0.0,0.0,0.0,0.0,0.0,0.0,3.302408525365485,0.0,0.0,0.0,1.2020801731564204,0.5341813746925606,0.008558688798981286,0.06264588989592736,0.0008563595567729716,0.0,0.0,0.0,0.0,0.0,0.0,0.0,0.0,0.0,0.9873301225835225,0.0,0.0,0.0,0.0,2.7309228492770687,0.31161296496126645,0.0,7.170023852598484,0.0,0.0,0.0,0.0,0.0,0.0,5.7657570694584335,2.6525642854685945,0.0,0.0,0.0,0.0,0.0,0.8485065637030424,4.1445956401779025,0.0,0.0,0.0,7.908088637915058,0.4390396335470173,0.5811677206545147,0.4859737803229832,0.25028752988346425,0.0,1.2320584837549338,0.0,0.0,0.0,0.0,0.0,0.1332342430095868,4.790741472095731,1.281234455457363
thermal50,2,0,0.0,0.0,4.614761147644777,9.273849960576623,2.1194519794004623,1.1280765861265598,0.0,0.0,0.0,1.2922739893447839,0.0,3.7931135031398315,0.7020222122881778,0.0,0.0,1.0378138436514053,0.0,0.12613425311471188,0.0,0.0,0.5996906599851577,0.5762806468984613,0.0,2.6786403005969213,0.0,0.0,0.0,1.1699017850225366,0.33881837463558134,0.0,1.4400875142508367,0.11451444634340643,0.0,0.0,0.24631728238755046,0.0,0.8343717208499988,7.595795447968969,0.0,0.0,1.5746325389609648,0.0,0.027205446503456278,2.4866948073203585,0.28610557689754573,0.41323639482083896,0.4171670483215094,0.0,1.3690351677173036,0.0,0.0,0.2185980267688684,0.0,0.0,0.5486769537464681,0.0,0.0,0.11106959565231442,0.0,12.883578246473943,0.0,0.0,0.0,0.0,0.0,0.0,20.637681728524196,2.41173344155423,2.730795566244212,0.0,0.0,0.0,0.0,0.0,0.0,3.311343585338974,0.0,0.0,0.0,1.2020812436325223,0.5341377769528485,0.008558762534792696,0.06264585800024129,0.0008564290214030255,0.0,0.0,0.0,0.0,0.0,0.0,0.0,0.0,0.0,0.9860387033467731,0.0,0.0,0.0,0.0,2.748084085568849,0.3136500183899854,0.0,7.11931416709544,0.0,0.0,0.0,0.0,0.0,0.0,5.730185483876668,2.6526977293654457,0.0,0.0,0.0,0.0,0.0,0.8483561699463034,4.150811837767154,0.0,0.0,0.0,7.884048726381252,0.43879923224415324,0.5809176905161921,0.4861435368801947,0.2504139626958417,0.0,1.232482694160777,0.0,0.0,0.0,0.0,0.0,0.13348875954829087,4.784945590718995,1.2807953881674627
thermal50,2,1,0.0,0.0,4.5942627826974025,9.200875105333658,2.1650770185799213,1.13923296572953,0.0,0.0,0.0,1.2978176933554908,0.0,3.7460402266850252,0.7011454467358111,0.0,0.0,1.063457503162309,0.0,0.12371108086365273,0.0,0.0,0.6010388245806279,0.5679507132389687,0.0,2.6404436208700415,0.0,0.0,0.0,1.174042556431199,0.3392959192161268,0.0,1.3746339267923997,0.1663217466005914,0.0,0.0,0.2468334215601532,0.0,0.8584199429642546,7.3536897891031,0.007736877764861305,0.0,1.5757103290211865,0.0,0.04268932423827813,2.5864203466816456,0.286361081314582,0.4154286897771728,0.4203730959998851,0.0,1.3891528784535503,0.0,0.0,0.2226838073720308,0.0,0.0,0.5519329893764106,0.0,0.0,0.12339959824230899,0.0,11.80720586237699,0.0,0.0,0.0,0.0,0.0,0.0,20.615737320416784,2.4117093196641055,2.7317337210775805,0.0,0.0,0.0,0.0,0.0,0.0,3.391800449421007,0.0,0.0,0.0,1.2020937325194347,0.5337664659963401,0.008559563367912124,0.06264560208226326,0.0008570932365035054,0.0,0.0,0.0,0.0,0.0,0.0,0.0,0.0,0.0,0.9742213631537543,0.0,0.0,0.0,0.0,2.894305675034121,0.3323537086917274,0.0,6.654502316517522,0.0,0.0,0.0,0.0,0.0,0.0,5.405452968465681,2.6539187178197854,0.0,0.0,0.0,0.0,0.0,0.8469615391698071,4.208239074640398,0.0,0.0,0.0,7.665883429091293,0.4366252869047335,0.5786740802532959,0.4876841105360574,0.2515062801810023,0.0,1.2368945826141964,0.0,0.0,0.0,0.0,0.0,0.13597353175724486,4.728098728537773,1.2790489996137062
thermal50,2,2,0.8242205620025856,0.0,4.3688881606586865,8.309477891692097,1.7071750838911326,1.1483159294782417,1.2524241308192559,0.0,0.0,1.3609797612307695,0.9904997417747391,3.2653334866052717,0.6736012920925624,0.0,0.0,1.2619696241792775,0.0,0.09735051967037302,0.0,0.0,0.619784276100791,0.5554988506708167,0.0,2.4003586496357454,0.0,0.0,0.0,1.2019054268687726,0.3437429702392113,0.0,1.1000570515482586,0.5195430739165742,0.0,0.0,0.23532922276641413,0.0,1.0368499633468433,5.720293087468736,0.06667967113562544,0.0,1.548839333400474,0.0,0.20457538079288587,2.80002425175965,0.28863939855334014,0.4343118223532574,0.44455924562925375,0.0,1.5336380593624228,0.0,0.0,0.24953023267136765,0.0,0.0,0.5734195423194385,0.0,0.0,0.17053123763774436,0.3670922895890604,6.699497397941561,0.0,0.0,0.0,0.0,0.0,0.0,20.142183893437497,2.4113895269281898,2.736940025197637,0.0,0.0,0.0,0.0,0.0,0.0,3.601247436972845,0.0,0.0,0.0,1.2023027107989464,0.5327938983341729,0.008572442532245098,0.06264264211265472,0.0008623393472571493,0.0,0.0,0.0,0.0,0.0,0.0,0.0,0.0,0.0,0.9164549624532883,0.0,0.0,0.0,0.0,3.1735270253928385,0.4333294345902202,0.0,4.2154564963474765,0.0,0.0,0.0,0.0,0.0,0.0,3.66664353935462,2.658364095585642,0.26505581153495095,0.0,0.0,0.0,0.0,0.8386767404604508,4.4787698602454045,0.0,0.0,0.0,6.403500824101104,0.4345274716917846,0.5672306005988768,0.477768143302558,0.25543135102968517,0.13309069536053195,1.284759565698639,0.0,0.0,0.0,0.0,0.0,0.15385970291672488,4.089983458022342,1.342892676140614
thermal50,2,3,0.9657772860047057,0.8248645418486568,2.4551366624779303,4.264899284197984,1.215817519366746,1.0912647550845624,1.1632698722507442,0.8838304849433861,1.5743824304293526,1.434096467701975,1.2526518519065102,1.9069123798632426,0.6092424784564473,0.0,0.9033320935684419,1.4516693746825342,0.0,0.0,1.1480565402597056,0.5199766007614058,0.6865224407242229,0.7212310445472886,0.867936737287602,1.5609567695509785,0.0,0.0,0.7674535427527656,1.2356595751494517,0.3576978474397192,0.0,0.9928399255681637,1.0345807587524163,0.0,0.0,0.23676614389834075,0.18630701443334102,1.3812575261732014,2.4865872393410973,0.21096851984235465,0.0,1.1841555426533465,0.7808926570475966,0.715635390806076,1.7688145415365661,0.2934333189771969,0.4940410298749843,0.49464423991411366,0.31797391328247215,1.629367888845424,0.19600252709378874,0.06106806205248146,0.296331166064739,0.0,0.4603643706656968,0.6050851551967111,0.0,0.21237601974326975,0.4295486242958652,1.0293740523015147,2.085144607432375,0.0,0.0,0.0,0.0,0.0,0.0,16.347835593963918,2.405958064023145,2.7476428758347655,0.04009257839108512,0.0,0.0,1.2781805704927003,0.0,0.0,2.20784378283694,0.0,0.0,0.0,1.2040396436309504,0.5292573078129578,0.008703915561444123,0.06273457225036155,0.0008776277691479922,0.0,0.0,0.0,0.0,0.0,0.0,0.0,0.0,0.0,0.9536220605571264,0.5089275234554522,0.0,0.0,0.0,1.7584171134967206,0.5470943563741854,0.0,1.550836925483045,0.7684404678130257,0.0,0.0,0.06060777054402494,0.0,0.6137062894442268,1.5996714350682697,2.623046723012869,2.518315140600926,0.0,0.0,0.0,0.7034713318070991,0.8179068438942886,4.498510604832845,0.0,0.0,0.0,2.367539870420171,0.4794113184426894,0.5710173413158759,0.31435828789822906,0.27591390225399987,0.5567976298450257,1.1406451048664514,0.7381687384700202,0.012720372288576132,0.0,0.0,0.0,0.20422200313545436,1.7376254258078057,1.8019056416122505
thermal50,2,4,1.0082653337585807,0.9935950236182413,1.3489585198968503,1.7068043415547154,1.0701722286239777,1.2603384438931884,1.0742447517281954,1.074163867429034,1.3645554309396137,1.39719068589942,1.1047460834879836,1.2304397716464581,0.6473971049393321,0.0,1.1556965334408826,1.322769846433919,0.006732464005809786,0.0,1.1368070732170796,1.1349047457927235,0.664045114173232,0.7112849612056313,1.0336688133632297,1.1626314736703098,0.057829399508637566,0.0,1.2536932996584746,1.3482812117884735,0.4399154112993213,0.21914967610168978,1.0015859156902922,1.0390051703788314,0.44902350032968913,0.0,0.5451864262093542,0.8008392211121022,1.15127451306345,1.1390629990441354,0.4321382099044674,0.6504460867988376,0.9673845947643963,0.9319689972035292,0.9471027547863063,1.0998855574236952,0.2939282014433917,0.5395368794362727,0.6918171634212777,0.790706358827523,1.1289523623744362,0.8834357436709663,1.0165658488930345,0.2940406260623663,0.3545114934315903,1.235055497565377,0.631436988033606,0.5864328101613822,1.0744796195359545,0.8257897323600386,0.959303334132704,1.1642903485696954,0.8503981892402285,0.0,0.0,1.0956234686879058,0.3011160263543058,0.0,7.6921424565846355,2.2118325410223783,2.714187110223962,1.245023636263785,0.7263268305522184,0.1416002550094375,1.414164039801101,0.37486553677508755,0.046244345719048764,0.8940402015891717,0.0,0.0,1.6007320081311438,1.0876018673489989,0.5159958696742251,0.009217513504124754,0.06382341844195093,0.0008652567531944184,0.22479473070393044,0.0,0.0,0.9758892370357789,0.0,0.0,0.9196759145368293,0.0,0.0,1.121363626380122,1.241167523712585,0.2469770369580962,0.6691052106148131,0.8052285329197059,1.0238706127383435,0.6853977330740703,1.5312892036877774,1.0361564243427108,1.0108325467612602,0.0,0.6145320368366531,0.7153121853021761,1.270603157492958,0.8903820810839007,1.0242871152080626,2.3978871868553533,5.272207317244234,0.0,0.0,0.0,0.9415588850248532,0.7517338286796141,3.2654187444235774,0.0,0.0,0.7988754661763868,1.0947942159963278,0.310351238864764,0.44197248247035736,0.20357965173270517,0.16651524143256177,0.8615386275211409,1.0017751871030112,0.8968705655788343,0.7733172415281525,0.2673996431061509,0.1996934184355821,0.4800598520908453,0.0681689980736977,0.9365093255153263,1.000766898911483
thermal50,2,5,1.0047384160347848,1.0031299367046582,1.0542111129399208,1.114156161071183,1.0119912181364479,1.10384420473081,1.0161506442218324,1.0363553712226,1.0836076591408919,1.1625983165712164,1.0220732689777152,1.0637005226174088,0.7962763595436497,0.3194233958740692,1.0367122683683019,1.1140901515229518,0.4738369445839547,0.0,1.0274090732918453,1.0662361216385123,0.6990601005880239,0.6863529331768339,1.0080304116968284,1.0433657813305837,0.6861194857738067,0.0,1.0764647256189752,1.186074538756235,0.6179703217864173,0.478600679453873,0.999864111574149,1.0104615606366845,0.8413752178302283,0.06671129286115449,0.9237618117689893,0.9705104005753045,1.0041360763602205,0.9965591892116559,0.852126096154675,0.9293042940616398,0.9916882823005732,0.9873749857481513,0.9853771225690072,1.0028630361956832,0.32482632611057516,0.6545372991238376,0.9463186083798018,0.9634525422408214,1.0054254494213772,0.9751501774980164,1.0540170320846383,0.6833700619008181,0.8618418727563865,1.2456940204786875,0.8889638435576203,0.9186136722691854,1.1168366024752219,0.9775087517955667,0.9919197344814632,1.057667750172605,1.0498785177757053,0.8100891988763325,0.6486868028037323,1.1570443840253026,0.8446669301763191,0.7228465739473348,2.961662244208489,1.3812288562466923,1.9115415771946798,1.2282594391488262,0.951530031404933,0.8759963876503457,1.173076134112327,0.9490902766281336,0.966108682582886,1.126444185167729,0.4114079293580384,0.10204463908211572,1.6968067539984757,0.7904942819152191,0.36591012840246395,0.010012505235372655,0.07157074470634062,0.0007598755828259551,0.9941692310422928,0.6365563058379242,0.47682239805174736,1.1734773041929767,0.7516899125647386,0.5043290614011409,1.267893007166586,0.7390370008014254,0.5978780207396676,1.0687850430097732,1.7535334308760604,0.9090353119574528,1.3031407187204547,0.971114381071146,1.05046766118321,0.9785214629858836,1.3441516686652584,0.9997861992056357,1.0191537985223684,0.840111497698036,1.0875099424928754,0.9665273835719723,1.2771893748585483,0.9721390085592775,1.0137994883204862,1.8570695407731033,3.3853774110976933,0.0,0.9860734464522627,0.4666963927765271,1.1017874755493848,0.9160416408397598,2.3528594687509568,0.4183730341264201,0.9046076280840348,0.9743569384558645,1.108532678579703,0.38565457497397804,0.42061595789796674,0.2033039174894596,0.21585069630040846,0.9202801271036398,0.9388844412264574,0.8950614960468541,0.8824702289057007,0.4170974489173964,0.42618610686064073,1.0423262352794749,0.16238072169703158,0.9546302200349784,0.973761239329556
