Satellite,,,,22877,25933,26360,26605,27663,27704,28129,28361,29486,29486,29601,29601,29671,29671,32260,32260,32275,32275,32276,32276,32384,32384,32393,32393,32395,32395,32711,32711,36111,36111,36112,36112,36400,36400,36401,36401,36402,36402,36585,36585,36585,36585,36590,36590,37139,37139,37256,37256,37372,37372,37372,37605,37763,37763,37829,37829,37846,37846,37846,37847,37847,37847,37867,37867,37868,37868,37869,37869,37948,37948,38091,38091,38250,38250,38251,38251,38652,38775,38775,38779,38833,38833,38833,38833,38857,38857,38857,38858,38858,38858,38953,38953,39155,39155,39166,39166,39166,39166,39199,39199,39617,39635,39635,40001,40001,40001,40105,40105,40105,40105,40128,40128,40128,40129,40129,40129,40269,40269,40294,40294,40294,40294,40315,40315,40315,40534,40534,40534,40534,40544,40544,40544,40545,40545,40545,40547,40547,40549,40549,40730,40730,40730,40730,40748,40748,40749,40749,40889,40889,40889,40890,40890,40890,40938,40938,41019,41019,41019,41019,41028,41174,41174,41174,41175,41175,41175,41315,41315,41328,41328,41328,41328,41330,41330,41330,41384,41384,41434,41434,41549,41549,41549,41550,41550,41550,41554,41554,41554,41859,41859,41859,41860,41860,41860,41861,41861,41861,41862,41862,41862,42939,42939,42939,43001,43001,43002,43002,43055,43055,43055,43056,43056,43056,43057,43057,43057,43058,43058,43058,43107,43107,43108,43108,43207,43207,43208,43208,43245,43245,43246,43246,43286,43286,43508,43508,43508,43565,43565,43565,43566,43566,43566,43581,43581,43582,43582,43602,43602,43603,43603,43622,43622,43623,43623,43647,43647,43648,43648,43687,43687,43687,43706,43706,43707,43707,44231,44231,44299,44299,44299
Signal,,,,L2:P(Y),L2:P(Y),L2:P(Y),L2:P(Y),L2:P(Y),L2:P(Y),L2:P(Y),L2:P(Y),L2:L2C,L2:P(Y),L2:L2C,L2:P(Y),L2:L2OF(C/A),L2:L2SF(P),L2:L2C,L2:P(Y),L2:L2OF(C/A),L2:L2SF(P),L2:L2OF(C/A),L2:L2SF(P),L2:L2C,L2:P(Y),L2:L2OF(C/A),L2:L2SF(P),L2:L2OF(C/A),L2:L2SF(P),L2:L2C,L2:P(Y),L2:L2OF(C/A),L2:L2SF(P),L2:L2OF(C/A),L2:L2SF(P),L2:L2OF(C/A),L2:L2SF(P),L2:L2OF(C/A),L2:L2SF(P),L2:L2OF(C/A),L2:L2SF(P),L2:L2C,L2:M,L2:P(Y),L5:L5I,B2:B2I,B3:B3I,L2:L2OF(C/A),L2:L2SF(P),B2:B2I,B3:B3I,L2:L2OF(C/A),L2:L2SF(P),L3:L3OC,L5:L5I,B2:B2I,B3:B3I,L2:L2OF(C/A),L2:L2SF(P),E5:E5ab,E6:CS,E6:PRS(A),E5:E5ab,E6:CS,E6:PRS(A),L2:L2OF(C/A),L2:L2SF(P),L2:L2OF(C/A),L2:L2SF(P),L2:L2OF(C/A),L2:L2SF(P),B2:B2I,B3:B3I,B2:B2I,B3:B3I,B2:B2I,B3:B3I,B2:B2I,B3:B3I,L5:L5I,B2:B2I,B3:B3I,L5:L5I,L2:L2C,L2:M,L2:P(Y),L5:L5I,E5:E5ab,E6:CS,E6:PRS(A),E5:E5ab,E6:CS,E6:PRS(A),B2:B2I,B3:B3I,L2:L2OF(C/A),L2:L2SF(P),L2:L2C,L2:M,L2:P(Y),L5:L5I,L5:RS,L5:SPS,L5:L5I,L5:RS,L5:SPS,L2:L2OF(C/A),L2:L2SF(P),L3:L3OC,L2:L2C,L2:M,L2:P(Y),L5:L5I,E5:E5ab,E6:CS,E6:PRS(A),E5:E5ab,E6:CS,E6:PRS(A),L5:RS,L5:SPS,L2:L2C,L2:M,L2:P(Y),L5:L5I,L2:L2OF(C/A),L2:L2SF(P),L3:L3OC,L2:L2C,L2:M,L2:P(Y),L5:L5I,E5:E5ab,E6:CS,E6:PRS(A),E5:E5ab,E6:CS,E6:PRS(A),L5:RS,L5:SPS,B2:B2ab,B3:B3I,L2:L2C,L2:M,L2:P(Y),L5:L5I,B2:B2ab,B3:B3I,B2:B2ab,B3:B3I,E5:E5ab,E6:CS,E6:PRS(A),E5:E5ab,E6:CS,E6:PRS(A),B2:B2ab,B3:B3I,L2:L2C,L2:M,L2:P(Y),L5:L5I,L5:L5I,E5:E5ab,E6:CS,E6:PRS(A),E5:E5ab,E6:CS,E6:PRS(A),B2:B2ab,B3:B3I,L2:L2C,L2:M,L2:P(Y),L5:L5I,L2:L2OF(C/A),L2:L2SF(P),L3:L3OC,L5:RS,L5:SPS,B2:B2I,B3:B3I,E5:E5ab,E6:CS,E6:PRS(A),E5:E5ab,E6:CS,E6:PRS(A),L2:L2OF(C/A),L2:L2SF(P),L3:L3OC,E5:E5ab,E6:CS,E6:PRS(A),E5:E5ab,E6:CS,E6:PRS(A),E5:E5ab,E6:CS,E6:PRS(A),E5:E5ab,E6:CS,E6:PRS(A),L2:L2OF(C/A),L2:L2SF(P),L3:L3OC,B2:B2ab,B3:B3I,B2:B2ab,B3:B3I,E5:E5ab,E6:CS,E6:PRS(A),E5:E5ab,E6:CS,E6:PRS(A),E5:E5ab,E6:CS,E6:PRS(A),E5:E5ab,E6:CS,E6:PRS(A),B2:B2ab,B3:B3I,B2:B2ab,B3:B3I,B2:B2ab,B3:B3I,B2:B2ab,B3:B3I,B2:B2ab,B3:B3I,B2:B2ab,B3:B3I,L5:RS,L5:SPS,L2:L2OF(C/A),L2:L2SF(P),L3:L3OC,E5:E5ab,E6:CS,E6:PRS(A),E5:E5ab,E6:CS,E6:PRS(A),B2:B2ab,B3:B3I,B2:B2ab,B3:B3I,B2:B2ab,B3:B3I,B2:B2ab,B3:B3I,B2:B2ab,B3:B3I,B2:B2ab,B3:B3I,B2:B2ab,B3:B3I,B2:B2ab,B3:B3I,L2:L2OF(C/A),L2:L2SF(P),L3:L3OC,B2:B2ab,B3:B3I,B2:B2ab,B3:B3I,B2:B2I,B3:B3I,L2:L2OF(C/A),L2:L2SF(P),L3:L3OC
Block,Mask,CF,RR,,,,,,,,,,,,,,,,,,,,,,,,,,,,,,,,,,,,,,,,,,,,,,,,,,,,,,,,,,,,,,,,,,,,,,,,,,,,,,,,,,,,,,,,,,,,,,,,,,,,,,,,,,,,,,,,,,,,,,,,,,,,,,,,,,,,,,,,,,,,,,,,,,,,,,,,,,,,,,,,,,,,,,,,,,,,,,,,,,,,,,,,,,,,,,,,,,,,,,,,,,,,,,,,,,,,,,,,,,,,,,,,,,,,,,,,,,,,,,,,,,,,,,,,,,,,,,,,,,,,,,,,,,,,,,
1551055211,nomask,1,1,1.4268673399450031,1.2060552174596142,,0.9938489254262513,2.74149191303156,,1.048560061585054,2.3895520903910974,0.8696236600899785,1.0193134133787882,,,0.0530119748828037,0.3101354376908807,,,1.2973419481741122,1.5265975784202297,0.7327471535140858,1.9119004355361064,,,,,,,1.12411130151812,1.4680625953588546,0.1253027430878505,0.5131841926050527,0.888726263849075,1.1580208290577332,,,,,,,,,,,1.0270404859108695,0.6733808523674893,,,,,0.2348896813592764,1.1562963660955483,1.9385159009251165,1.015118873181453,,,,,0.8863670527548366,0.5693669314063942,0.0084462145316766,1.0070183387050664,0.6071641985872036,0.4844458990339592,,,0.0,0.0519844137916931,0.437359559600927,0.646327617073059,,,2.1709652688671133,0.600029153330728,,,0.8228169701374307,0.1319017035097705,0.0,0.0,0.0,0.7520900805216136,,,,,,,,,,,,,,,1.509915981258276,1.0672600091902509,1.308459332010369,0.149753878186908,0.4420218909217269,0.570105009325228,0.6498414432710735,0.2669093572763209,0.228628266347848,1.0092914443082517,0.81677103953012,1.3452604649862767,1.336784602951795,0.0,1.2670393099900594,0.0,1.2655743123223562,0.0,0.0,,,,0.6662259753829579,0.888912229787531,0.6195969059992403,0.0,1.2790173495589168,0.0,1.3838394169166537,1.697354370338939,1.007140404190223,1.0476820669154192,0.0832472448958271,1.2544392777154951,0.0,,,,,,,,,,,2.716307254635393,1.1032567379690106,2.003582254782811,0.7702585724251066,,,2.009029623247927,0.5304540401797687,1.174523685700057,0.2899961544936925,0.0,,,,,,,,,,,0.0129227716368226,0.0035370418846925,0.0032012665686363,,,,,,0.9137096336085688,0.3816065188828236,0.988072228101279,0.0,,,,0.8129087814664494,0.7637047611839284,,,,,,,,,0.6288761782852371,0.6956847000957147,1.3360797462074254,,,,0.5882019242129609,0.0,0.0,1.2546350972016838,0.0,0.0,0.6950728547879484,0.0,0.0,,,,0.8747991922476142,0.7688026488825633,,,,,,1.3172635125837513,1.6772097681049478,1.524319094131439,,,,3.8663541365693694,2.004151201430906,1.391806858566797,,,,,0.0,0.0,4.4455997543179455,0.763857261306893,4.3171166685418765,2.2527483420392107,,,0.3729971792780564,0.4582300428169148,,,,2.1235695563274395,2.5370072119955847,2.1303361554018343,,,,,,,,2.114902869011455,0.6603897188117802,,,,,,,2.467347656169193,0.3148700108181623,,,,,,1.8467852989613367,0.3700846590344651,,,,,,,
1551055211,nomask,2,2,10.54112796175213,0.0,,0.0,58.16472809418136,,0.0,0.0,0.0,0.0,,,0.0,0.0,,,0.0,0.0,0.0,62.423436622545296,,,,,,,0.0,0.0,0.0,0.0,0.0,0.0,,,,,,,,,,,0.0,0.0,,,,,0.0,2.882936799594795,0.0,4.0846599961571854,,,,,0.0,0.0,0.0,0.0,3.146604019919234,3.303250912267756,,,0.0,0.0382583431218647,0.0,0.0,,,0.0,0.0,,,0.0,0.0,0.0,0.0,0.0,0.0,,,,,,,,,,,,,,,0.0,0.0,0.0,0.0,0.0,0.1714718462830414,0.0,0.0,0.2002800194033421,0.0,0.0,96.1416645407844,2.995154022441913,0.0,0.0,0.0,0.0,0.0,0.0,,,,0.0,0.0,0.0,0.9382051747744196,0.0,0.0,0.5687696933792316,0.0,0.0,0.6484820533785915,0.0,0.0,0.0,,,,,,,,,,,0.0,3.6773238901717535,0.0,0.0,,,0.0,0.1132991931451495,0.0,0.0,0.0,,,,,,,,,,,0.0179180308584527,0.0031355766762085,0.0038306548738491,,,,,,1.0398634037972914,0.0,0.0,0.0,,,,10.90769417620396,0.0,,,,,,,,,0.0,0.0,0.0,,,,0.0,0.0,0.0,0.0,0.0,0.0,0.0,0.0,0.0,,,,0.0,0.0,,,,,,0.0,5.281109710290735,3.299388740346059,,,,0.0,2.508950410585456,0.543069959753188,,,,,0.0,0.0,62.44414619655316,5.987264401823943,0.0,0.0,,,0.0,0.0,,,,0.0,20.01685660615571,16.895516417620474,,,,,,,,0.0,0.0,,,,,,,0.0,0.0,,,,,,10.469053174440983,0.0,,,,,,,
1551055211,deg1,1,1,1.400351734202984,1.189925304779201,,1.0041571238282412,2.4888455820674267,,1.0537001111710362,2.3947357557885107,0.8787702505771414,1.0258138955650935,,,0.0533303330361713,0.210408593116559,,,1.132679985568692,1.3907879744076077,0.5904910157843896,1.5047556280525507,,,,,,,1.123094060384799,1.4490125941496568,0.1043808561272988,0.2764442456934976,0.8985155346718605,1.1403445795916445,,,,,,,,,,,1.0323850857461072,0.7228918094717344,,,,,0.2448329620634714,1.0466686392063376,1.9118952493166577,1.0041893939281346,,,,,0.9322466656770444,0.3564024643317965,0.0567007691952268,0.9332806710394258,0.2272787554871828,0.2797917043045925,,,0.0,0.2668252617603244,0.3207051762846797,0.2492472707051401,,,2.187203890376009,0.7617812962436642,,,0.8380590965907334,0.2466516967774696,0.0,0.0,0.0,0.783994810478063,,,,,,,,,,,,,,,1.4864603302210058,1.0280693038590816,1.278824295362324,0.2115685466220671,0.4669293791155555,0.5773324630011587,0.6636802044726626,0.2291349517760167,0.2242869330888323,0.9587883888055478,0.7579441750243942,1.317779051307763,1.3708094309080814,0.0,1.2879209130463458,0.0,1.3044452863466112,0.2105265760887999,0.0,,,,0.6874153228467151,0.8947657765918493,0.5880543483206748,0.0,1.212542508648588,0.0,1.3357627799339602,1.4898684240915834,1.0215420890658231,1.037253365631028,0.05941336997342,1.2139455789853262,0.0,,,,,,,,,,,2.6729791163506578,1.0541433697494045,1.9372102376356648,0.7332400464893302,,,1.9408106619622552,0.4334670289119126,1.1305317850248575,0.2769946555628781,0.0,,,,,,,,,,,0.0825832938696305,0.0745826408922574,0.0211744886278676,,,,,,0.9226267517530936,0.4438742696372079,0.9952402262831248,0.0,,,,0.7804054472469077,0.7635335372533231,,,,,,,,,0.6512459380157674,0.7742242422441612,1.3174045509008645,,,,0.6576660646663134,0.0,0.0,1.2674925260172245,0.0,0.0,0.791144030781086,0.0,0.0,,,,0.897753268806247,0.8623372608561997,,,,,,1.3092009363354389,1.0331656024556388,1.3119395115745731,,,,3.729218706126736,1.716421151754164,1.3335518345424446,,,,,0.0,0.0,4.145100417784485,0.6602329706138346,4.289054197793859,2.305202514091516,,,0.3835769189640278,0.4655160333863886,,,,2.071366527502867,1.9131807237547247,1.928644162322405,,,,,,,,2.036672153784686,0.6463936196766628,,,,,,,2.376679859281146,0.2390390601271308,,,,,,1.7630098965972003,0.4041386694406273,,,,,,,
1551055211,deg1,2,3,2.2262707897280776,1.9944114468657028,,0.0,9.961548808595252,,0.1848688193556223,2.151607212857423,0.0,0.5024313189293509,,,0.0,0.0,,,0.7788785313969321,5.022454679539225,0.6349495733584951,20.356949382823583,,,,,,,0.0,0.0,0.0,0.0,0.2364065114340806,1.0034662620769494,,,,,,,,,,,0.0,0.0,,,,,0.0,0.8823957583670723,2.325029281954808,2.5817841232797867,,,,,0.0,0.0,0.0,0.0,2.0192830143718217,1.6116472771437576,,,0.0,0.1642182223780811,0.0,0.0,,,2.6821461153737136,0.0,,,0.0,0.0,0.0,0.0,0.0,0.0,,,,,,,,,,,,,,,2.3728468148356354,1.3822502017947793,1.597018301651964,0.0324796285721159,0.0,0.1556250773184308,0.0,0.0,0.0,0.0,0.0,9.783051981955476,1.8517019331838045,0.0,0.0387387595459972,0.0,0.0,0.0,0.0,,,,0.0,0.0,0.0,0.0,0.6269946081113066,0.0,1.860123845494856,4.025135026226809,0.0,0.6301484144456517,0.0,0.9294517411016462,0.0,,,,,,,,,,,4.093682331528017,1.2963183279284192,1.6016817695648595,0.7176712912416716,,,0.0,1.1512490818705798,0.0,0.0,0.0,,,,,,,,,,,0.1270000664126147,0.0451554509360969,0.0481458150370282,,,,,,0.6611444092688443,0.0,0.8786069424758959,0.0,,,,8.7295069309158,3.250954739944809,,,,,,,,,0.0,0.0,2.5375515116043657,,,,0.0,0.0,0.0,0.0,0.0,0.0,0.0,0.0,0.0,,,,0.0,0.0,,,,,,1.8426248650040924,8.216289215967324,7.338768465016656,,,,0.2297503054631278,3.509937868994792,1.8227396135527607,,,,,0.0,0.0,42.123278898825184,4.580633729792002,0.0,0.0,,,0.0,0.0,,,,2.897426725591848,8.907167795136731,6.789693149498194,,,,,,,,0.0,0.0,,,,,,,0.0,0.0,,,,,,10.971693455809833,0.0,,,,,,,
1551055211,deg5,1,0,2.584964321713135,1.6034517272698816,,0.7933732499397066,2.5893392080374458,,1.0561509165564404,2.4945666969373166,0.0,0.838073528385806,,,0.0406355478439608,0.0,,,0.8528503518580408,2.1254667608895086,0.3783232048124144,1.2841087748600093,,,,,,,0.0,0.7715293702622343,0.169114536706033,0.1904317889641912,0.4540493854075368,1.530786818464209,,,,,,,,,,,1.3089108269146734,0.63918908666557,,,,,0.1286320612900196,1.026514560014799,2.6550649906338726,0.6729572810830315,,,,,1.073305801730701,0.277179907473837,0.0678204614353901,0.0,0.0,0.0,,,0.2541285004559102,0.3625258622407417,0.3012299974152012,0.0,,,1.2988863017803678,0.8167850392494259,,,0.5918051422539078,0.0,0.0650834779418814,0.4041498598356611,0.2975679818813312,0.98143517221025,,,,,,,,,,,,,,,2.533062939754381,0.8207504712373112,1.4599647938610716,0.8256660495734124,0.8985129220901624,0.9305335971969644,0.3290491678425311,0.0,0.0,1.5834763278714938,0.6457712153520181,1.1593519832319377,1.6074379834455357,0.1818599063686522,1.9995253786235592,0.1018448672134645,1.8719055152412745,0.0,0.0,,,,0.0093845087525317,0.4750279413223677,0.0,0.0,0.5111035863203434,0.0,1.2408703302582391,2.047364930684501,0.4554631353550698,0.0,0.0,1.5138030458654816,0.0,,,,,,,,,,,4.35749981337832,0.7347731503280047,1.8654982151446693,0.284464458220239,,,0.4481548270049902,0.0,0.1788352971621472,0.2164135851306479,0.0,,,,,,,,,,,0.6588627430486774,0.0619607965282107,0.0344250477677202,,,,,,0.6370210230600238,0.2011337477697557,1.046366928095012,0.0,,,,0.2805356944852863,0.4687133585683004,,,,,,,,,0.6110100958355175,0.8265044291186977,0.529412280470231,,,,1.1018599379618983,0.0,0.0,1.411285414277747,0.0,0.0,0.4145952938570356,0.0,0.0,,,,0.9944411409824498,0.9888464614208764,,,,,,0.8206584196463012,0.603450038527712,0.5781048557868209,,,,3.473165784146541,1.678849395278584,1.2298957797586787,,,,,0.6966620764982729,0.0885472383067543,1.9864492028750629,0.1846603408923018,5.558785001940614,2.8608887741840405,,,0.1974287125251109,0.410144310596312,,,,3.1259890266055668,2.670639814974032,1.858473646011538,,,,,,,,2.133370170382637,0.3208924832917892,,,,,,,0.0,0.0,,,,,,0.6612716750619249,0.0,,,,,,,
1551055211,deg5,2,3,1.852714773822094,1.3265931872766006,,0.8092022921523765,1.9359774937260072,,1.0255283739422036,2.976249548702232,0.241301461667583,0.9246932423931034,,,0.0,0.3790447440969885,,,0.8590073402142331,1.5725491801143194,0.4261874409733572,1.1267478515847154,,,,,,,0.1678061499314536,0.8321180762762572,0.1926743621921427,0.3123543111627575,0.7135278731376382,1.233728776192935,,,,,,,,,,,1.0981195815655496,0.8090806329553116,,,,,0.2444762871958803,1.4576222234996057,2.3703834752430626,0.7707947424035324,,,,,1.2009649369942037,0.4375656247603654,0.1054123502360271,0.0,0.7658492712365209,0.3865749068042355,,,0.3916528909162539,0.4547935501313289,0.4236242206739816,0.2005405567670672,,,1.2892893270045085,0.509616459381179,,,0.6356500932094296,0.0,0.1135031162980883,0.4638837175460139,0.2867115663097656,0.990698012893639,,,,,,,,,,,,,,,2.5062675530512264,0.8029304422295256,1.2687275673366,0.7411427080408042,0.7631059939701762,0.949764318905223,0.3988934035944315,0.0,0.0,1.3333465677081644,0.8008902870363646,1.1145638744647974,1.6102478274243288,0.1965585757883325,1.5245574588087494,0.1091132268132162,1.5386833126908814,0.0,0.0,,,,0.3108094197531515,0.396715948146401,0.0,0.0,0.723283729886437,0.0,1.6053982956565858,1.498249022122833,0.9314070543121664,0.0473318089418196,0.0,1.2359972735528364,0.0,,,,,,,,,,,4.868547960424418,0.7414681542412673,1.5633166369574585,0.2603631141507318,,,0.6752080111235251,0.0,0.7999972416924851,0.0,0.0,,,,,,,,,,,0.7752633550185669,0.0767538328175313,0.0444177924447169,,,,,,0.8388620142373089,0.3241713518512537,1.044688719755607,0.0,,,,0.5073959416056567,0.6166640865147384,,,,,,,,,0.700197270134943,0.6873551596989784,0.7326498525771057,,,,1.1239256377521702,0.0,0.0,1.4564039097077768,0.0,0.0,0.6378107249037215,0.0,0.0,,,,0.9000641452314867,0.7948829062020637,,,,,,1.0296022103031623,0.9096995704537104,0.7952567672015459,,,,3.3950345097964267,1.913718541551974,1.4812731321762425,,,,,0.9950596634244656,0.1165256944710075,2.161465756435332,0.2656418537262474,5.560965961692011,2.947882818308775,,,0.3009581796949196,0.3613091573341098,,,,2.264328864408724,1.7870404448749655,1.0872372926607143,,,,,,,,1.8082350857425744,0.4517488896843331,,,,,,,0.1465328211956994,0.0,,,,,,0.7629441154016209,0.0,,,,,,,
1551055211,interval2200-2400,1,-1,1.0,1.0,,1.3074959920577496,1.1459118637335366,,1.2903738313140791,1.0217999303343943,0.9735594104793696,1.0974893487641773,,,0.122553686016618,0.0413640820471938,,,1.0881714608091464,2.030457041832876,0.933425887158998,1.4635802240897513,,,,,,,0.5254844784675582,1.4383749024058547,0.803087455067305,1.251958340427128,0.4349828522609582,0.9815843497777704,,,,,,,,,,,1.2451206771785537,0.8469885563363703,,,,,0.1438823889796244,0.3839074865053654,0.9559666902383906,0.210920949557692,,,,,1.0000000000000002,1.0,1.0,0.8947441540433307,0.7450571057081966,0.0,,,0.2075344081993828,0.2365219129153943,4.851999322457102,1.1748168329191435,,,1.397268786321941,0.9378768655115984,,,1.0000000000000002,1.0000000000000002,0.0,0.0,0.940270111516738,1.0105923243948622,,,,,,,,,,,,,,,1.1271779330064131,0.0,1.1341546846870485,0.3619917541659779,0.0815483729918116,0.233302513183122,0.9869544215461749,0.9826238232654138,0.77319835729314,1.0,1.0000000000000002,1.0,1.862053304475072,0.3604733715015982,1.816675892755987,0.0,2.833590340074071,2.8194033848043287,1.6570872910229824,,,,0.5253737408213766,0.9453366000786496,1.3574829751369202,0.2152621546355013,1.394752494912124,0.8191503228810504,1.3229411769457546,1.7494602093965994,1.0758002041329335,0.7319096989978371,0.7631066083009941,1.1051074349702994,0.0968924113010554,,,,,,,,,,,0.7490419940387598,0.0,1.2619368882420157,0.0,,,1.3456750908070574,0.0,1.3772056563897483,0.0,0.0,,,,,,,,,,,0.100301931166784,0.0,0.0,,,,,,1.0,1.0000000000000002,1.0,1.0000000000000002,,,,0.7420045387911847,0.99604100156646,,,,,,,,,1.0000000000000002,1.0,1.0000000000000002,,,,1.0,1.0,1.0000000000000002,1.7729877001331498,0.5826664869889688,0.0,2.060495021828568,1.634765300556592,0.0866147001775686,,,,0.9999999999999998,1.0,,,,,,0.9999999999999998,1.0,1.0000000000000002,,,,4.797416903337438,0.8312706303852597,0.9832090231139538,,,,,1.1898103542472187,0.0,2.133885832304148,0.0,1.534492152715306,0.3626046053323268,,,0.2794070985021022,0.5840412883826669,,,,2.330596476102573,2.9042874276697,1.6155770207300653,,,,,,,,2.47258948012736,0.1171050086756279,,,,,,,1.3804812673839515,0.0,,,,,,1.8832824544929776,0.8227299766521855,,,,,,,
1551055211,interval2200-2400,2,2,1.0,1.0,,1.2802470662244994,1.1213891116528425,,1.182083301612453,1.0474381406054385,1.0044977498482672,1.075414197654793,,,0.2691835631214665,0.5622913000565455,,,0.90894769893386,1.5463813317528832,0.8569646556530549,1.2021335611711603,,,,,,,0.737696656100617,1.3480316447141436,0.8278850269689657,1.0740703958455025,0.6800292299793999,0.9343642005502548,,,,,,,,,,,1.1749685388332485,0.862716199725839,,,,,0.404862052179412,0.6685634416738725,1.0582861669685355,0.2293033444807913,,,,,1.0,1.0,1.0000000000000002,1.133093745032285,0.7825585208917515,0.1295598119738574,,,0.3175714265153187,0.3466833852510745,3.8273937960162097,1.271370427048424,,,1.4277843159929182,0.6967029648708298,,,1.0,1.0,0.0,0.0,1.0419396526549924,0.9874236590538829,,,,,,,,,,,,,,,1.1275218324408265,0.2669796396918197,1.1057019417049958,0.257762456603956,0.1472412459329762,0.1647001413411128,0.934611500325356,0.8644867822344064,0.8598936376862792,1.0,1.0000000000000002,1.0,1.7138341066903748,0.2830382589450021,1.5707731649137855,0.0,2.4402009202617543,2.6552158016216567,1.479999701035628,,,,0.6421039809056281,0.9574657647803416,1.288026168161576,0.3624989806014061,1.2861190772422433,0.920776824607736,1.274601921130219,1.1966913505606414,1.220137221742292,0.8708230391990813,0.6461692617562479,1.0988105304549427,0.0762211627777497,,,,,,,,,,,0.900889857264806,0.0,1.2399164554509736,0.0,,,1.3355236893699696,0.0002915155219601,1.451920340051258,0.0,0.0,,,,,,,,,,,0.6679377629074136,0.0,0.0,,,,,,1.0,1.0000000000000002,1.0,1.0,,,,0.8344180467774863,1.00560217862948,,,,,,,,,1.0,1.0000000000000002,1.0,,,,1.0,1.0,1.0,1.7271992270586471,0.7496979552832408,0.0251117678936895,1.9239262004230533,1.8961667884955704,0.4241272154686353,,,,1.0,1.0,,,,,,1.0,1.0,1.0,,,,4.25916477337706,0.8625619941987744,1.0333670528608805,,,,,1.8381194040145208,0.0,2.095455519826225,0.0,1.61504046014635,0.542499499803112,,,0.3071393242686343,0.5515204336955329,,,,2.039365560956641,2.723048908454947,1.4415249070624805,,,,,,,,2.129728472882835,0.2633808801247929,,,,,,,1.4507175613020942,0.0,,,,,,1.733526361901925,0.8140625981114982,,,,,,,
1551055211,interval5500-6200,1,0,1.4935362870886182,1.178660014835752,,1.0,1.7660073248241135,,1.0,2.210538627718767,1.0414493090138286,0.993832272020372,,,0.0087999815791088,0.27940534816641,,,1.0,1.0,1.0019337620731286,1.626110770849848,,,,,,,2.2392518503741377,1.4289265039154724,0.2449327228964812,0.498559899493344,1.0,1.0,,,,,,,,,,,1.066148749122426,0.9146408379630088,,,,,0.2421778279994348,1.3802316944207622,2.991604788759103,0.6808131328027863,,,,,1.1604649417216826,0.7490730052567974,0.2022739448643719,1.6963661775510954,0.0355241218450438,0.0033473141148498,,,0.2625392768611873,0.4108499189696064,0.0803978406833646,0.1901035865981545,,,1.5966180448117582,0.0,,,0.8874329261758976,0.0,0.2678662619927453,1.2797180953580662,0.837747209883622,0.9871325930799364,,,,,,,,,,,,,,,2.182203942382776,1.7254260745066483,1.2822135556373615,1.6100472947901223,0.2998164136180847,0.4291531778510333,0.9741944370578648,0.2300955688035402,0.4206679276578147,1.50171128016058,0.9239918882878924,1.1446812228954444,2.3823469946430667,1.1751510105822065,1.217933612868891,0.0735720625790931,1.3335135591408842,0.6342797935509582,0.6727301148499242,,,,0.5832504400493497,0.8354241813695692,1.0,1.0,1.0,1.0,1.111064276327919,1.3598681242191166,1.2212260560784047,1.0,1.0,1.0,1.0,,,,,,,,,,,4.873399568196421,0.6997492805842235,1.837019508214681,0.1954884761280781,,,0.779244675072905,0.0,1.1432607788607565,0.4681212144124782,0.2107239441514244,,,,,,,,,,,0.5912307965346808,0.1177360365778605,0.04175720466337,,,,,,1.0,1.0,1.0,1.0,,,,0.8977202666638092,0.9193439184444046,,,,,,,,,0.7580954783509833,0.725787497494928,0.9690217981018622,,,,1.1870756548400936,0.0,0.0,1.3488893536316071,0.2504546165079276,0.0366662241115214,1.5071268942239453,0.0,0.0,,,,1.0,1.0,,,,,,1.136672713710187,0.4601913120849961,0.0,,,,1.989442061102396,0.9454773019892192,1.3177608679927564,,,,,1.1088201263393656,0.9453560930780066,1.7557257134532842,0.2441606549536663,4.651192789765497,2.945283651620536,,,0.4566517585376309,0.4927055275001518,,,,1.3815725135917714,0.6532901511256829,0.5302752600735063,,,,,,,,1.496533811374979,0.5605025186817397,,,,,,,0.9480723816912237,0.0,,,,,,0.7862276681230889,0.0,,,,,,,
1551055211,interval5500-6200,2,2,2.253947823200078,1.3937461181816266,,1.0000000000000002,2.9983946379610944,,1.0,1.8965760989196103,0.3524463700862045,0.8487718671150571,,,0.0,0.0,,,1.0,1.0000000000000002,0.9895815931286494,3.044258843488421,,,,,,,0.6328706943485646,1.3990146016104412,0.2028217291645579,0.1020427725061821,1.0000000000000002,1.0,,,,,,,,,,,1.6235268371288618,0.6836595498125203,,,,,0.1619964865561655,2.968137201751156,4.330203582358311,0.6131737210875624,,,,,1.1371815938141456,0.7525660132471429,0.0,2.138491482476374,0.0,0.0,,,0.1877486669056725,0.0,0.0480475235664709,0.0,,,1.578844995523115,0.0,,,0.0,0.0,0.3677042719384966,1.1697601344816326,0.0697212027478888,1.0959007348769705,,,,,,,,,,,,,,,4.794713327028594,2.7428794360521414,1.6905088382787596,1.8599134565895497,0.0721975102023861,0.2319819175173849,0.4828211795179902,0.0,0.0,1.989135041771438,0.884025949554104,1.1751627308572208,4.14749311146286,1.1481458086148788,1.3287607390420488,0.0,1.477651905599468,0.0,0.0,,,,0.0,0.0,1.0000000000000002,1.0,1.0,1.0,0.8240183431295607,2.2161976382698527,1.237757340773006,1.0,1.0,1.0,1.0,,,,,,,,,,,6.512827885938772,0.4805952401686305,1.9978653820824257,0.1420063690718239,,,0.0,0.0,0.8766763975794454,0.3248492172929672,0.0,,,,,,,,,,,0.3274133709059366,0.1402621746202154,0.0464175540593201,,,,,,1.0,1.0,1.0000000000000002,1.0,,,,0.9600406975611684,1.1885253203329271,,,,,,,,,0.8266877124307856,0.5496652100230872,0.8898390491420838,,,,0.7859540718023124,0.0,0.0,1.62073779536588,0.0,0.0,1.679830357298279,0.0,0.0,,,,1.0,1.0,,,,,,1.1223350899846245,0.0799225728191131,0.0,,,,2.421680678512565,1.930780260966381,2.365731795895643,,,,,0.8488634565507213,0.5511182116580865,0.8557499592693165,0.0,5.555076310478316,3.3148954840449174,,,0.904084483708584,1.0130446392809485,,,,1.61346219982543,0.0,0.0,,,,,,,,3.562966724148924,0.0,,,,,,,0.4583749548774468,0.0,,,,,,0.1497195134875859,0.0,,,,,,,
1551055211,interval775-1000,1,-1,1.0,1.0,,1.988022295329273,1.176896960205646,,1.2640706678995135,1.1396835346700578,0.7681624811456504,1.03827359085628,,,1.142873252620858,1.1525150673097964,,,1.401794614278869,3.375286972075293,0.0631032721208342,0.0,,,,,,,1.0000000000000002,1.0,1.0,1.0000000000000002,0.4773150837590192,3.908857121000872,,,,,,,,,,,1.1459088350537865,1.6456700727861064,,,,,0.0,0.0,0.146932671784218,0.0,,,,,1.0000000000000002,1.0000000000000002,1.0000000000000002,0.3762019687328622,0.0,0.2395570238349011,,,0.2307134096678878,0.0807205123101996,3.183242953125012,2.5275066607259533,,,0.6894291280958958,2.0116797702107463,,,0.9999999999999998,1.0,0.0,0.3265353618705056,0.3476960469764153,1.2302059285445672,,,,,,,,,,,,,,,0.0368005730545665,0.0,0.8611282909969801,0.6572962933057559,1.0219330549000796,1.312742966417126,0.4920266905267651,0.0,0.0,1.0,1.0000000000000002,1.0000000000000002,2.119738386674786,0.1577388909089819,1.8391996413463765,0.4845415135131006,2.9649115704085665,2.1358845826585204,1.611973889161933,,,,1.2293087480431522,1.2391693386621043,0.5381822984924459,0.0,1.1896168947887718,0.0,0.64529446939931,2.001085781699875,1.506018059032841,2.486173638852501,0.7704703389407573,2.243936608843489,0.0025520669679261,,,,,,,,,,,0.0,0.0,0.8678136158025499,0.0,,,1.0,1.0000000000000002,1.1033909693795905,0.2729038968072622,0.0089613355530731,,,,,,,,,,,0.9121561053361706,0.0803334657016845,0.0,,,,,,0.0,0.0536921501438249,0.6969502819240969,0.0,,,,0.0,0.0728214766201919,,,,,,,,,1.0,1.0,1.0,,,,1.0,1.0000000000000002,1.0000000000000002,1.472819756433023,0.0,0.0,1.4695075517455878,0.0,0.0,,,,0.4648139288657419,0.3108750601705142,,,,,,1.0,1.0,1.0,,,,2.858756072354081,0.0787165354577456,0.0,,,,,0.4865762833297657,0.0,1.4521665957400012,0.1867600905286407,1.2628708107586692,0.2280545417142128,,,0.0,0.0,,,,1.8730386626232167,1.5671220202119558,0.740906036510249,,,,,,,,1.45643972791994,0.5183699593986907,,,,,,,1.0586743404010106,0.2099891949401681,,,,,,1.951267869527784,1.5393636426165358,,,,,,,
1551055211,interval775-1000,2,2,1.0,1.0,,1.7427882112240192,1.136043129845557,,1.2707518299692175,1.1158465799947237,0.8949735073962268,1.0665352003546056,,,1.2086336387747068,1.233075205050212,,,1.3175306081783178,2.3089237047534645,0.0672180047531323,0.6544679443924493,,,,,,,1.0000000000000002,1.0000000000000002,1.0,1.0,0.7788306930387008,2.5612084261922705,,,,,,,,,,,1.0834336540680678,1.3296421092228845,,,,,0.0,0.0,0.8064943517252104,0.0,,,,,1.0,1.0,1.0000000000000002,0.4698385497877994,0.0412863089033655,0.2055758788771839,,,0.3200493548678485,0.1255622599239886,2.8890013430375374,1.9995992188573888,,,0.7531094210945518,1.8944027936691687,,,1.0,1.0,0.0,0.3166221893293941,0.3309091414032971,1.152075451203922,,,,,,,,,,,,,,,0.5076243413146748,0.1905028668396354,0.9952392905895032,0.8282983659411723,1.0169707094267997,1.317901895147705,0.5920011563029866,0.0,0.0,1.0,1.0,0.9999999999999998,1.965194476606057,0.300473372331251,1.6653725274768698,0.4722176583876929,2.2125008459724067,1.9133757469077648,1.4463479497755831,,,,1.1594856315458952,1.257549121915246,0.8757533026141219,0.0,1.2622207129428955,0.0,1.1582327639883196,1.979494429041479,1.341696067539088,2.4143920780807746,0.6084602456699498,1.85315318247722,0.0,,,,,,,,,,,0.3289985223021787,0.0,1.0009836517697086,0.0,,,0.9999999999999998,1.0,1.0812484258519708,0.3308227899635308,0.063156763292863,,,,,,,,,,,1.3679554888564902,0.0944293310521079,0.0,,,,,,0.0,0.0754497660759464,0.9789632180207252,0.0,,,,0.0,0.0581421996606143,,,,,,,,,1.0,1.0,0.9999999999999998,,,,1.0,1.0000000000000002,1.0000000000000002,1.4879007586396034,0.0375159932951501,0.0,1.5187811760209795,0.0,0.0,,,,0.5909416602060834,0.312473656008166,,,,,,1.0000000000000002,0.9999999999999998,1.0,,,,2.533037597680931,0.2486951509783233,0.1228401861121804,,,,,1.021942630722825,0.0,1.2616520853782955,0.2102866823399307,1.1699143729577723,0.4795000245003952,,,0.0325655901538692,0.0,,,,1.5942340132134052,1.3693385309486226,0.935920493423218,,,,,,,,1.3663929508626622,0.637213574459993,,,,,,,1.0811233584233564,0.4274241683652388,,,,,,1.5660455357092118,1.371380816506912,,,,,,,
1551055211,pix2,1,-1,8.15099303704791,4.847777038074726,,0.3896018993037157,3.366435555995928,,0.2405081815756965,2.1160833637256617,0.0,0.0,,,0.0171820726303963,0.0,,,0.2483941941641806,2.538821071240458,0.2912157484558065,0.0,,,,,,,0.0,0.4048864582096418,0.069385505299017,0.0,0.0646381915047178,2.945703644711818,,,,,,,,,,,1.0564172083719894,0.0,,,,,0.0820429354121892,0.5338534998351198,2.8683246977659747,1.0747579318923313,,,,,2.2832693705925693,0.0,0.0,0.0,0.0,0.0,,,0.2595273998654118,0.5486062009501832,0.1784768771074311,0.0,,,1.8951881297451327,1.7925728951567546,,,0.0,0.0,0.0,0.0,0.0,0.644123829847768,,,,,,,,,,,,,,,5.418611884430363,1.014589363150756,2.141434445747034,0.6068857901924296,1.1629140474995616,1.439024281542672,0.0,0.0,0.0,1.192946015845746,0.0,5.21872408865777,1.239252752529015,0.16382865107383,2.916962728281681,0.019139091801601,0.0,0.7510839803325785,0.0,,,,0.0,0.0,0.0,0.0,0.0,0.0,1.2254903389741565,2.74024709359608,0.0,0.0,0.0,3.8441771280318857,0.0,,,,,,,,,,,3.9685976932334106,0.7062135878580036,0.9392375306338866,0.3140192346268336,,,0.1179256061533424,0.0,0.0,0.0,0.0,,,,,,,,,,,0.5381382933930897,0.1594984037804001,0.0971171554058531,,,,,,0.0,0.0948954092822924,0.017177069188553,0.0243637910132274,,,,0.0,0.0,,,,,,,,,0.6030246829666909,1.244521290365206,0.0,,,,0.0,0.0,0.0,0.7216454777394276,0.0,0.0,0.0,0.0,0.0,,,,1.8671152530284645,1.1790776495564776,,,,,,0.0326012763584527,0.0,0.0,,,,2.620302231693851,1.2753328737318772,0.9662229336532856,,,,,0.0,0.0599113960497636,2.1314412092012645,0.2291601204536108,4.998300701691399,2.6330203623022497,,,0.0,0.0,,,,14.258536638489687,1.3463861645595088,1.3884816505969446,,,,,,,,3.178029569862271,0.0,,,,,,,0.0,0.0,,,,,,0.0,0.0,,,,,,,
1551055211,pix2,2,3,1.8993019642616664,1.3529277285582133,,0.8496253366663707,2.040331458421242,,1.0544396251489774,3.0277401156203743,0.0736111043923343,0.8974516438342379,,,0.0114263485696607,0.0,,,0.4147976369190104,0.9595409734714936,0.2644782320568735,0.5184034259850681,,,,,,,0.1129178758739948,0.8339488950839559,0.0727208648490617,0.0,0.7442753826844934,1.2386745383443625,,,,,,,,,,,0.7591755153628172,0.1818933776325066,,,,,0.2193461445547286,1.3024580403071988,2.502459899007829,1.177505713766421,,,,,1.3579068258581746,0.0,0.0,0.0,0.0,0.0,,,0.5172141050304747,0.7230899776843022,0.1606922775012748,0.0,,,2.280489341829724,1.4171872366922074,,,8.634612346080068e-05,0.0,0.0373564669461198,0.0,0.0,0.7986764525535578,,,,,,,,,,,,,,,2.629047935478283,0.8861028029642736,1.2898013378828934,0.52274032134607,1.0500796479111318,1.2184054336350305,0.0,0.0,0.0,0.8708841165208386,0.1378898493125931,1.6700268208487608,1.6618962792936918,0.239740842416303,1.576993864743404,0.0,0.89617640701909,0.7612837018664333,0.2405095617580071,,,,0.087378782743096,0.2050143945239733,0.0,0.0,0.7654774691610031,0.0,1.6488619711397892,1.2795638565834315,0.5288266295955881,0.2912870532554118,0.0,1.3262866659687145,0.0,,,,,,,,,,,4.814983042465809,0.6566130373991464,1.5515044879566204,0.3498629912050999,,,0.9926128199558106,0.0,0.5167166164854526,0.0,0.0,,,,,,,,,,,0.6203297324835868,0.2702247266686736,0.1828422680841017,,,,,,0.7206070336240495,0.3432893125932925,1.02922261114496,0.0518911368619784,,,,0.1744758555194703,0.3054531520811279,,,,,,,,,0.7477529682560388,0.8273129449113686,0.7856674854733611,,,,0.1656021757330646,0.0,0.0,1.6653786954059508,0.0,0.0,0.7174878546762862,0.0,0.0,,,,0.8581034336262169,1.030794004861689,,,,,,1.8211881978796016,0.0,0.0,,,,3.198002084916183,1.2520869181889471,0.8906575883691503,,,,,0.0,0.3018005714264791,5.201157259373235,0.1564015659088688,4.080692075654083,2.674647245437744,,,0.0878443493355956,0.1558146007438148,,,,3.046652561425503,0.0,0.0,,,,,,,,2.5624226230817024,0.2156403609330953,,,,,,,2.5199147108576936,0.0,,,,,,1.125079503090591,0.0,,,,,,,
1551055211,pix5,1,0,2.6486415097150284,1.6553633113918929,,0.7511436584260103,2.9497698073717444,,1.0633078380367516,2.482016878289238,0.0,0.7725505733308493,,,0.0304773872908278,0.0,,,0.7496142372516964,2.012423158171305,0.3584613766989281,1.022445610968031,,,,,,,0.0,0.7598461088582488,0.1363363547237913,0.0,0.4487640391229081,1.5614286309312853,,,,,,,,,,,1.3114207207099968,0.3093658396354946,,,,,0.115901302648144,0.8550291934610946,2.509966602155079,0.9040018520160908,,,,,1.4909336404271631,0.0,0.0,0.0,0.0,0.0,,,0.2484148283245532,0.3939160801576469,0.2846460083041678,0.0,,,1.830768401010808,1.5530203219294467,,,0.2077252952067142,0.0,0.112683049965903,0.0647988128551497,0.0,0.9355486789849452,,,,,,,,,,,,,,,2.6010132987686214,0.8868522953604022,1.4614812541894775,0.6655745434799359,1.0235490795193969,1.0436846818080776,0.0,0.0,0.0,1.4137918212994185,0.1789331607620907,1.38777774897129,1.6343581788076265,0.1822567718628802,2.014486783699362,0.0559841194135419,1.835718194820377,0.0,0.0,,,,0.0,0.4243736635931645,0.0,0.0,0.5253747374014077,0.0,1.2768412552066706,2.1073984091924376,0.3405927914777665,0.0,0.0,1.570650110447385,0.0,,,,,,,,,,,4.333980963775452,0.7176573370115081,1.8665654664837423,0.2992907475387211,,,1.0222209164814569,0.0,0.0064763181209891,0.0825713402003332,0.0,,,,,,,,,,,0.5609134524545105,0.1095885543293907,0.0687412668280572,,,,,,0.6103230088847036,0.1908356015501836,1.0270566387537818,0.0,,,,0.1074207222916405,0.3279278235191262,,,,,,,,,0.6250876007165383,0.9549013217563248,0.6343094957684056,,,,0.7628708815960831,0.0,0.0,1.679836022917287,0.0,0.0,0.4328160881490785,0.0,0.0,,,,1.0970215209169605,1.0969714906871229,,,,,,0.904491823582666,0.0,0.0086454077971777,,,,3.1817927926738623,1.4299281852473662,0.9902464059457786,,,,,0.5180154662992607,0.049168752933044,2.474037820897745,0.2487641017137006,5.087991134314972,2.673417893848957,,,0.1171436081406221,0.3283015522271952,,,,3.772508387245241,2.959867394241522,2.1310449465389034,,,,,,,,2.5472450615904383,0.0952238062434298,,,,,,,0.6602444744055244,0.0,,,,,,0.6317250580330875,0.0,,,,,,,
1551055211,pix5,2,3,1.8993262820539127,1.3520166172067691,,0.7919312348807933,2.1493675673175243,,1.0298286606464548,2.994185332170708,0.121447928190127,0.9003905348575643,,,0.0032492785806376,0.1803797368146041,,,0.7618252630798391,1.548945695706642,0.3729825494063678,1.0387216218945134,,,,,,,0.1294161133326271,0.8454532190970551,0.1551134258996824,0.0,0.7054466990648108,1.2375168570406314,,,,,,,,,,,1.072060939403198,0.6079895772573264,,,,,0.2206759024231938,1.3909220057847071,2.291740896925232,1.0945866606461596,,,,,1.7622905228710706,0.0,0.0,0.0,0.0,0.0,,,0.3825003545263851,0.4922298124480388,0.4009577339534778,0.0,,,2.0803199209774275,1.2363982961847373,,,0.1884944647046262,0.0,0.1729250785384168,0.0,0.0,0.9565826635258212,,,,,,,,,,,,,,,2.568184159156446,0.8254137068516316,1.279205796743438,0.6466512689142603,0.9578400146309094,1.126072323156616,0.0,0.0,0.0,1.2141057752691875,0.5987127463453984,1.3382928501719795,1.6662817488243589,0.2118726945927301,1.5431953914440335,0.0359596799364118,1.406550209091765,0.1203983452505022,0.0,,,,0.1680282275183104,0.2852911222150718,0.0,0.0,0.7369025793289762,0.0,1.6231365937677829,1.4802973322997792,0.791840946424243,0.0791248664240203,0.0,1.2634004560683143,0.0,,,,,,,,,,,4.841892393057547,0.7130157500465407,1.5876450526895312,0.222820988757619,,,1.150630200465918,0.0,0.8557859155255664,0.0021991721179788,0.0,,,,,,,,,,,0.6387692137881802,0.1745844840505478,0.1093626787169631,,,,,,0.8093865721369171,0.3285196799850983,1.0376559936039742,0.0,,,,0.2985553704786811,0.4298149676852282,,,,,,,,,0.7295885805331596,0.7759201273541089,0.81018004624688,,,,0.7224116508999369,0.0,0.0,1.6725958525662898,0.0,0.0,0.6524661919203368,0.0,0.0,,,,0.8947948200042204,1.0769753352546672,,,,,,1.2961359562473411,0.0,0.1380317051686524,,,,3.2028716918642344,1.4337758877666382,1.0921532142237118,,,,,0.6192271902303931,0.1422532900655792,3.315820987912633,0.2760063537868473,4.736588987531288,2.75586120862406,,,0.1610714866471669,0.2335920141571984,,,,2.80497957782397,2.4195036972476403,1.6005840010415453,,,,,,,,2.4481701517787764,0.1952116019570424,,,,,,,1.4484521457145851,0.0,,,,,,0.797688034500695,0.0,,,,,,,
1551055211,pix7,1,0,2.625775175468954,1.629949752480948,,0.7813063492248042,2.8114688558332306,,1.0500840894794916,2.4831754056564344,0.0,0.7942298647883654,,,0.0355977418237384,0.0,,,0.838805657887695,2.2016217596513954,0.3725085772981975,1.278542239022226,,,,,,,0.0,0.770936938371596,0.1518150812080934,0.0,0.4375237494446577,1.534384589459583,,,,,,,,,,,1.288946730811508,0.3597427738269897,,,,,0.1215086449317064,0.967638942953998,2.57091080764402,0.7752914584872777,,,,,1.2815028797877164,0.0,0.0,0.0,0.0,0.0,,,0.2347312213768569,0.3131266688559885,0.3100446158459031,0.0,,,1.6430872721464844,1.3688381766539577,,,0.3459217018727762,0.0,0.0954501349709584,0.1832327089143943,0.0058483431266798,0.9760832129826132,,,,,,,,,,,,,,,2.5637701825855825,0.8818587708257519,1.4570464577727544,0.805957577919582,0.9561314322394044,0.9708701984658308,0.1902114672988561,0.0,0.0,1.5074117520935313,0.4269159272116344,1.268546313152301,1.643342761647805,0.178771696183037,2.0111310727101253,0.0640648713846688,1.836307316716269,0.0,0.0,,,,0.0,0.4684999667678179,0.0,0.0,0.5089249451449248,0.0,1.2578904975724354,2.1073309859805653,0.352577590779491,0.0,0.0,1.5212127375941915,0.0,,,,,,,,,,,4.362109404330073,0.7243900123779946,1.870280194145208,0.2896674525694101,,,0.9290024800626856,0.0,0.1981112928796885,0.1457650723677267,0.0,,,,,,,,,,,0.5257605053652058,0.0852047437555032,0.0518268096245069,,,,,,0.603581622684972,0.1867205188558073,1.0326417573617608,0.0,,,,0.3136460099024222,0.5124137516220344,,,,,,,,,0.6174715479359919,0.93190653170035,0.6117792881161171,,,,0.8667357723742395,0.0,0.0,1.5232302509746705,0.0,0.0,0.224023942873662,0.0,0.0,,,,1.059954389775802,1.0813090107638343,,,,,,0.8647705950515321,0.3558917558295252,0.2458624141524017,,,,3.3810281524245664,1.491517310625548,1.048830006071875,,,,,0.8245565692239061,0.0587883388428213,2.0040547555638093,0.2507294012599189,5.36878584186718,2.7002737870222364,,,0.1399474914170007,0.3640425607246595,,,,3.585014448420499,3.071216331419198,2.249854342862325,,,,,,,,2.395686285273452,0.2550245398844986,,,,,,,0.396935360262245,0.0,,,,,,0.7248980323285625,0.0,,,,,,,
1551055211,pix7,2,3,1.8864318146989336,1.341081010464071,,0.8059119849004168,2.089403356688418,,1.0227252855793083,2.979705316427356,0.1631021048122576,0.9061656259326604,,,0.0,0.2905975287331205,,,0.8673225331392785,1.6734171428887763,0.4102522743020199,1.2019162963267584,,,,,,,0.1816004170152022,0.8429994744835474,0.1663646430912446,0.144204700791419,0.7000539852215948,1.236703100042208,,,,,,,,,,,1.0326956478626603,0.5805957836635727,,,,,0.2319436339087157,1.4407986290165575,2.302631349326804,0.8990281106548356,,,,,1.3852046367002313,0.0,0.0,0.1039295089509027,0.0018622535218769,0.0,,,0.328046129423206,0.393863362511671,0.4376387082414376,0.1223605586844421,,,1.7097626597586175,1.0101500636219527,,,0.4108096362974172,0.0,0.1603228776228577,0.2210601826616036,0.0,0.9924082381567514,,,,,,,,,,,,,,,2.526475982278797,0.8387942241210024,1.27520261376813,0.7841824257550309,0.8144737511393833,0.9884713817505733,0.2500191275122156,0.0,0.0,1.2886225996390606,0.714827682028779,1.2269976689392963,1.6665520691380868,0.1948617516698775,1.5315438636256864,0.051497984441285,1.4988538905748563,0.0,0.0,,,,0.2742509917688402,0.3855894671256299,0.0,0.0,0.7329463788690072,0.0,1.6104723693898997,1.5532050108925284,0.8365580324663979,0.0490459516503002,0.0,1.2434971798189836,0.0,,,,,,,,,,,4.851529133905052,0.7371570647806929,1.5905916391214667,0.2408186958830182,,,1.0511000786544114,0.0,0.8814651877270774,0.1192231862915854,0.0,,,,,,,,,,,0.5836515071661956,0.1157423005058443,0.0729886336599362,,,,,,0.8185270494265143,0.316066325969047,1.0375966145743334,0.0,,,,0.5471823402132507,0.6743797688953304,,,,,,,,,0.7118468468703113,0.733555044825026,0.8311470591958281,,,,0.8884597366906759,0.0,0.0,1.5286137489357094,0.0,0.0,0.3905354930743313,0.0,0.0,,,,0.9044039842202848,1.0680461575669022,,,,,,1.102443391438612,0.7805829801074594,0.5147426684893597,,,,3.4474237886164247,1.5656583953557517,1.2010159331854728,,,,,1.055993242690792,0.1178155132366909,2.402559584813236,0.3358111885537426,5.286029643412592,2.794886588191916,,,0.2501693686383947,0.316711397728377,,,,2.6349884351220303,2.915516185264789,1.919484145827289,,,,,,,,2.065096923038913,0.2985832409489409,,,,,,,0.7963424429392323,0.0,,,,,,0.8744161766926364,0.0,,,,,,,
1551055211,thermal100,1,0,2.692433550042874,1.941980283787955,,0.077891620766605,6.3658943936194525,,0.8625489819248114,2.120281621066136,0.0,0.4651162624614161,,,0.0373298108353737,0.0,,,0.6863206789198423,1.7453777139803788,0.3514346091749188,1.6481423594524345,,,,,,,0.0,0.1261918732255265,0.0768610168424519,0.0,0.3861826116550229,1.442540380602954,,,,,,,,,,,0.9513766849401216,0.0,,,,,0.0936004550591181,1.0880082321175153,2.401071268158589,0.9898256084951926,,,,,0.0,0.0,0.0,0.0,0.1402365269629154,0.136238732454111,,,0.2846101962426113,0.3907000813969243,0.2849847667632019,0.0,,,1.8470188973131976,0.9470102559306134,,,0.0,0.0,0.0,0.0,0.0,0.0,,,,,,,,,,,,,,,2.8839810584013588,1.103998196447122,1.7496092063557225,0.0,0.9571929941662168,1.0973792181919828,0.0,0.02608188781423,0.0,1.370223117737156,0.1898684679084076,3.3197932355419937,1.4158993950683685,0.0,1.414790148781442,0.0,0.0,0.0,0.0,,,,0.0,0.2087201310127758,0.0,0.0,1.0435827533984858,0.0,1.2752195077785078,2.307515792083785,0.0,0.5696474989952491,0.0,1.9981143248236224,0.0,,,,,,,,,,,4.226464777542915,0.9971555317635266,2.2251569634287307,0.7299637769310363,,,2.2101753578861034,0.2285384073816673,0.0,0.0,0.0,,,,,,,,,,,0.0042083146148265,0.0637825542075613,0.0009513967821429,,,,,,0.2771567485834034,0.1125427900931957,0.8807671314669461,0.0816285315170338,,,,0.7508435199282106,0.3944178325300705,,,,,,,,,0.6035905729258958,0.7672490081811585,0.9652949907096704,,,,0.0,0.0,0.0,0.8313979743190025,0.0,0.0,0.0,0.0,0.0,,,,0.4520033816922789,0.5977707319485054,,,,,,2.215169048550553,0.8757139698992644,1.6038451576082051,,,,3.655004818000973,1.5680473005231017,1.2205848742097003,,,,,0.0,0.0,7.807166306895971,0.6694643532546781,4.056493813034031,2.469648882902851,,,0.0795894269870689,0.1984166454193375,,,,4.297161589583374,3.6741959488071454,3.138463178077162,,,,,,,,3.463139699947674,0.5009044653120206,,,,,,,2.298313418882374,0.1140270398085453,,,,,,1.9915076545019712,0.0,,,,,,,
1551055211,thermal100,2,3,2.2423942051600063,1.82453026503124,,0.0,8.45313886102693,,0.5382175584069591,2.4461721684742286,0.0,0.6644124970668781,,,0.0798177167306236,0.0,,,0.6144213666893931,1.2053765673035493,0.2202524792071115,0.9144054552194194,,,,,,,0.0,0.5758206394813051,0.0,0.0,0.7264881168666075,1.1742996378461972,,,,,,,,,,,0.0,0.0,,,,,0.2802303517406876,1.4482628913325963,3.3885897532321825,1.4603429998897632,,,,,0.0,0.0,0.0,0.0,0.1096794484290969,0.6056221412115234,,,0.4414588575933484,0.6245684056291648,0.317911302743542,0.0,,,2.3853499902440314,0.0,,,0.0,0.0,0.0,0.0,0.0,0.0,,,,,,,,,,,,,,,2.7247941619148293,1.1084343218138957,1.6499523972663892,0.0,0.3762002876980863,0.93178791304862,0.0,0.5897962362725542,0.1152371772944812,1.0723152339570332,0.3202753235153933,4.136568804579633,1.4610217995394537,0.0,0.7006543768380823,0.0,0.0,0.0,0.0,,,,0.0,0.0,0.0,0.0,1.0050455300888084,0.0,1.5870857138135726,1.3323146309001208,0.0,0.7062774000422327,0.0,1.2004853812665874,0.0,,,,,,,,,,,4.628636580771527,1.548413464011977,2.403393398951327,0.8160940319188613,,,2.554589348449524,0.4970808797304807,0.0,0.0,0.0,,,,,,,,,,,0.0190713980334335,0.1786816957538498,0.0017651585364714,,,,,,0.5836324192499217,0.0,0.95132322842086,0.0,,,,1.3386436410185354,0.8162728964112116,,,,,,,,,0.6080179559576641,0.5068178878515018,1.3640096399507275,,,,0.0,0.0,0.0,0.0,0.0,0.0,0.0,0.0,0.0,,,,0.0,0.0,,,,,,4.235771746633585,0.3962710094597437,3.354320663966017,,,,3.136132236983204,1.7589331214469,1.7792122972725093,,,,,0.0,0.0,17.28445036769971,1.5223816142470443,1.258956503362764,2.000445964514022,,,0.0,0.0,,,,2.59531516240697,1.931069386350816,3.265811114339826,,,,,,,,3.1575622571445097,0.5114175115518075,,,,,,,4.808618389346839,0.4023077865878178,,,,,,3.051356146205005,0.0,,,,,,,
1551055211,thermal50,1,0,2.6955167058922984,1.9123395183915712,,0.1801946708513308,6.05715523160656,,0.8976805399597214,2.144922233986132,0.0,0.4737423032234938,,,0.0357198117858417,0.0,,,0.8046177079057139,2.1309320858396963,0.3728830382791585,2.061666523642579,,,,,,,0.0,0.2185307919891599,0.0855844172767488,0.0,0.3446920332897568,1.4694610733044775,,,,,,,,,,,1.2839498820501951,0.0,,,,,0.0817839685588681,1.0905071673612552,2.456388187480431,0.853580711650387,,,,,0.0,0.0,0.0,0.0,0.1530479773994805,0.1483648238178283,,,0.2513272459339126,0.3093775470656667,0.3018180350936251,0.0,,,1.6955646751115947,1.0892979404423278,,,0.0,0.0,0.0,0.0,0.0,0.0,,,,,,,,,,,,,,,2.893667559606782,1.1449272927655756,1.7432617152492689,0.2150226673067454,0.8607497552877529,1.0207739956462607,0.0,0.0308702023044139,0.0,1.3779618150726225,0.2092792728619608,2.973963983024798,1.4096338048640649,0.0,1.408353758286576,0.0,0.0,0.0,0.0,,,,0.0,0.3866690527140359,0.0,0.0,1.064978162249952,0.0,1.247965445524905,2.431357131333869,0.0,0.563750174456079,0.0,2.029771990888341,0.0,,,,,,,,,,,4.2219638315667805,0.971225487698232,2.2553603615100712,0.6550327405628285,,,2.076752945999581,0.182229687078225,0.0,0.0011908320639821,0.0,,,,,,,,,,,0.0031244922321939,0.044053765784191,0.0006193372474947,,,,,,0.2777047374609218,0.1107508285021316,0.8629767297959606,0.0983377127333083,,,,0.7151864480669091,0.1893671644684489,,,,,,,,,0.6012850471762585,0.7365850300522246,0.9968342435664936,,,,0.0,0.0,0.0,1.0378701770142225,0.0,0.0,0.0,0.0,0.0,,,,0.7067206815892068,0.6603279222120414,,,,,,1.734488490029178,1.1473763368695522,1.5152179865380937,,,,3.8280289159299214,1.5366045811290874,1.1773119415793905,,,,,0.0,0.0,6.662849131653325,0.5696008597724345,4.425100309587399,2.515690426206124,,,0.1994576528557031,0.274679405812858,,,,4.531107770592618,3.989938990004768,3.142308703696782,,,,,,,,3.5346198442339047,0.4131462628797625,,,,,,,2.1177060410199307,0.0933353793648721,,,,,,1.981190707669517,0.0,,,,,,,
1551055211,thermal50,2,3,2.1257966253067475,1.6337166917812282,,0.0,6.272840070103259,,0.8083312448905986,2.5938159256341,0.0,0.7693553744271019,,,0.0183422095373173,0.0698854416601166,,,0.8723143715567877,1.6319029936755975,0.4177383588199902,1.870727316364565,,,,,,,0.0,0.9189718206915614,0.007811630925516,0.0,0.6541638971824069,1.1998286540232712,,,,,,,,,,,0.8512506381071001,0.0,,,,,0.1973673967126185,1.6346345410812733,2.963689666449508,1.0134473158152806,,,,,0.0,0.0,0.0,0.0,0.1755312620223651,0.5095750974183096,,,0.3297146265945951,0.4659502369128371,0.4430910481867741,0.0,,,1.7238583057563213,0.4680926092061098,,,0.0,0.0,0.0,0.0,0.0,0.0,,,,,,,,,,,,,,,2.7883991222779327,0.9443764985810316,1.6092524939174877,0.0,0.3794879870065052,1.1056955319496056,0.0,0.6364822557265372,0.0,1.2245023915314863,0.6030384618713389,2.7821900992377686,1.4430782225885346,0.0,1.023586243145614,0.0,0.0,0.0,0.0,,,,0.0,0.2599079979896609,0.0,0.0,1.1459570540064918,0.0,1.5832324069076975,1.7940941123432586,0.0,0.6684321702504716,0.0,1.410979812223722,0.0,,,,,,,,,,,4.715108120456259,1.2696024277631632,2.389550917834793,0.6981737882017839,,,2.302468316848308,0.1956609206680675,0.0,0.0,0.0,,,,,,,,,,,0.0072368537170067,0.0819723444904517,0.0008735415231327,,,,,,0.5678742469444568,0.128235099823841,0.9517747732580872,0.0396982730302277,,,,1.062731355702201,0.3503101862899185,,,,,,,,,0.6660328045122258,0.6621996331283174,1.303545434971351,,,,0.0,0.0,0.0,0.7343455889739471,0.0,0.0,0.0,0.0,0.0,,,,0.4178974406116525,0.2970413400267013,,,,,,1.868693593614504,1.6233667966048686,2.4618201810515905,,,,4.249696698323597,1.642047382794292,1.4524001609146893,,,,,0.0,0.0,9.866743575688249,0.9221643451125102,3.693515528249916,2.413257637072231,,,0.1676122083450209,0.0850886582058837,,,,3.4339543576105225,3.712504808444553,3.125539488296184,,,,,,,,3.491234302682705,0.6316760255062892,,,,,,,3.296017549581425,0.2174681896681903,,,,,,2.591447115136344,0.0,,,,,,,
1551055211,thermal25,1,0,2.470769035485456,1.687008749449178,,0.685351599415826,4.8024707715982,,1.0285978828079632,1.965518238987416,0.4056589702260897,0.6116651396309055,,,0.0520801066848345,0.0,,,1.0243980090153957,2.49634317422947,0.3665170752532612,2.206999288743496,,,,,,,0.3937047689286547,0.8492585203112089,0.0832664987105821,0.2621299120651424,0.3156602611677667,1.584841707308535,,,,,,,,,,,1.5745591488622246,0.1756559964775779,,,,,0.0632657101481872,1.0235816178656914,2.502087143698004,0.6430338819888234,,,,,0.4853796461753915,0.1096007190395607,0.0,0.0,0.172653179657337,0.1297295449515937,,,0.1409949916533267,0.1757472734765676,0.3009110652869509,0.0,,,0.8299731284574954,1.4519407034064002,,,0.5804596121429249,0.0,0.0,0.0,0.0,0.7222889178197698,,,,,,,,,,,,,,,1.6038066437076546,1.299083170646167,1.68416994358058,0.2048957805745946,0.8441019801495988,0.2137406741705017,0.5417332892274245,0.0469926156974543,0.0862506592896852,1.3892678661210225,0.5062703644005958,1.9118515976562416,1.1906691239061766,0.0,1.449571166346289,0.0246929226514641,1.3151196046108062,0.0,0.0,,,,0.1425498624547447,0.9866715397196758,0.227705225803823,0.0,1.3121150733948117,0.0,0.9703865497320492,2.6133940748559907,0.0,1.3532477829199994,0.0,1.8693025318671728,0.0,,,,,,,,,,,2.154181687098607,0.9178944030370154,2.740001320334062,0.4086053651437491,,,1.950357140001839,0.3439200905309197,0.0,0.3278745747891374,0.0,,,,,,,,,,,0.0019412298394324,0.0199157888574533,0.0003495410648491,,,,,,0.2906192444831207,0.0757889141382763,0.8218409534477117,0.127491449303688,,,,0.6270769265130458,0.7720804709046042,,,,,,,,,0.5756469446684096,0.819249534586783,1.1154538383752322,,,,0.0699887897544222,0.0,0.0,1.5968786369336754,0.0,0.0,0.7413159543226899,0.0,0.0,,,,1.083589102309019,1.1028612840593512,,,,,,1.1899389811704526,0.8494256285677777,1.0419391474268558,,,,3.7076763677323568,1.224111572066625,0.944332471356419,,,,,0.0,0.0,4.124017727151298,0.2645247061134981,4.612276110474255,2.2336966306150967,,,0.1382899259589481,0.1515512315949566,,,,3.949414286499768,3.646077844999599,3.0753112246301004,,,,,,,,2.8994306855890746,0.2349762542358005,,,,,,,1.809355487804145,0.0490051489932489,,,,,,1.7479048367358854,0.1343744046796393,,,,,,,
1551055211,thermal25,2,2,3.9394170099436536,2.865382508606092,,0.3207397955909454,6.472789950967119,,0.6459583337733225,1.7566615593396917,0.0,0.0,,,0.0475658282276432,0.0,,,0.716797205069885,5.059228194070891,0.2557952140414161,3.0706118217517124,,,,,,,0.1733779826234311,0.0,0.0633236679880669,0.0,0.0,2.072578931498425,,,,,,,,,,,2.92458269760994,0.0,,,,,0.062871118557818,1.1635822803523124,3.0336268057861875,0.6535324050552487,,,,,0.0,0.0,0.0,0.0,0.1870172011195143,0.1069251824091686,,,0.1362321136789319,0.1893248706517699,0.3465465466493176,0.0,,,0.536494607594479,1.440696598930505,,,0.0,0.0,0.0,0.0,0.0,0.0907499560117705,,,,,,,,,,,,,,,2.620546201624649,1.3816106600690172,2.2730291426340097,0.2831764209657506,0.9893217672187432,0.0050340113915419,0.0,0.0471851950640819,0.1538170373173502,1.5433193026448633,0.0,4.322669713805235,1.1537999418157905,0.0,1.2923099373428628,0.0364470305322178,0.0,0.0,0.0,,,,0.0,0.9600618832724146,0.0,0.0,1.034111888409354,0.0,1.0134705482785116,2.8879071125012183,0.0,1.4372505209052706,0.0,2.976510397308469,0.0,,,,,,,,,,,2.39560865397902,0.9611097280417036,2.8142592913539666,0.3463534835230296,,,1.988267296396237,0.3202112165349327,0.0,0.23479499471271,0.0031142126224592,,,,,,,,,,,0.0020933181559438,0.0234000447739056,0.0003921071252203,,,,,,0.0,0.0,0.2303681647130905,0.146829025742602,,,,0.7832110787701946,0.816819670091752,,,,,,,,,0.6529629525383699,0.8952905974909062,0.7178202181761358,,,,0.0,0.0,0.0,2.2223365471319583,0.0,0.0,0.0,0.0,0.0,,,,1.2937106091384736,1.1443240366380023,,,,,,1.4704840763576397,0.8775601635797446,1.387025064949317,,,,3.369240436526805,1.112839108688017,0.9316333606473588,,,,,0.0,0.0,4.7377764126409625,0.3052049913424498,4.505237556659729,2.306519793681871,,,0.0,0.003487249123467,,,,9.341454575905876,4.32509022034675,3.542105494422278,,,,,,,,4.4698862601491,0.060920370663676,,,,,,,0.463773546585276,0.0531358749826295,,,,,,1.2322038997693827,0.0,,,,,,,
1553966342,nomask,1,1,,,1.9610933735625176,2.3711499246285017,1.0942591673545463,0.9751657884162906,,,2.5789607774896885,2.3893590498236112,2.225770560659548,2.007906953783694,0.3519942762692195,0.4278181873878329,0.94256772837882,0.9821121744675568,,,,,1.5328617624107703,1.4066423444337208,,,,,,,,,0.0,7.902753834491053e-05,,,,,,,0.7257823862421799,0.1327767338938424,1.491632829469707,0.1248445015341225,0.9585203203378844,0.6853401413108204,0.2368692976234566,0.6148292574539508,1.3825443655153264,1.315010472568281,,,,0.0687334070717013,0.9388525526167892,1.1853222853182857,,,,,,,,,,,1.967875514109125,1.2812539032775487,0.7903150758872574,0.8484111214864445,0.8244574712726497,0.4889587633398947,0.6032002187943271,0.1117317301502672,,,,,1.4629528757060557,,,1.328541984349491,1.229410582466068,0.0,1.4421959753475857,0.2371996628143639,,,,1.7691082954609398,0.0,0.2435491041138475,0.8242799104655217,1.3401414398673976,,,,,,,0.1107207971945577,0.5090546380131763,1.5296806938909893,0.2606817755677784,0.529308677873502,,,,,,,,,,,,,,0.3893422980754056,0.5405378740457976,,,,,1.3006955503623332,0.7994932220433287,0.7451312668353748,2.6340957526634527,0.9697356682122196,2.0065518082583145,0.2254587965598412,1.893601907697364,1.98691724244252,1.857098675879816,,,,0.0,0.0,1.1556473312159965,0.9618835499467984,,,,,,,,,,,,1.5833621761228776,0.4430106919704341,0.3665163893201412,1.1523823054141211,0.8197792686553184,2.5517304956710403,1.1567611056553817,2.044887894771809,0.7853047046943701,1.198654777755886,,,,2.0604452912226368,0.8490962870640376,0.3246438187841403,,,3.7150118084369854,1.1973945025036294,2.7226008728264763,0.4285998194190435,,,,0.3501338288843794,0.4097164360826414,,,1.0441944031405042,0.9277404384286048,0.9071263668443104,0.9136263792286896,0.8820301506772957,0.2707704862998945,0.8874159786724173,0.9070125400330412,0.8590926078166364,0.4130514598433537,0.1122237550130637,0.0525164825060939,,,,,,,,,,,,,0.8117218887150006,0.1311040223168691,2.2561841022495783,0.7591239160444601,1.6405039025118406,0.9376504284586636,0.5883859733192169,,,,2.510277096523947,0.7785208234122801,0.3438790550788495,,,,,,,,5.011568501228913,3.431375345695137,,,,,1.0108020457392304,1.1834432743286458,0.0,0.0,0.5991728042179294,0.9946123756495456,0.9850607270807218,,,,,,,,,,,0.9470646623793928,0.3173486169800116,,,,,,,,,,,,,,1.4659055738125375,0.6688401128310671,,,,,,,
1553966342,nomask,2,3,,,1.89301514052994,3.095678240447993,1.865756256697696,0.9164342065015832,,,0.8990468491394273,2.953956856859976,2.245260499369639,4.012248451377951,0.0,0.0,1.0003063606851408,0.9575304483919536,,,,,1.7016212299007962,2.440365227540753,,,,,,,,,0.0,8.127123661347167e-05,,,,,,,0.6063351859844278,0.1893398664970093,1.0922559386267034,0.1418838389105286,0.0,0.0,0.1846705840427837,0.0,1.8522600245845544,1.735192973279989,,,,0.0795432594683279,0.0,4.473855165245666,,,,,,,,,,,3.2474497381641454,1.3340065176969176,0.0,0.0,0.2244609583956127,0.0,0.6080996167762918,0.0236721427662805,,,,,7.094817894732546,,,0.0,0.0,0.0,0.8385767973505619,0.6465517246495661,,,,2.202239119828596,0.0,0.3849156085216829,0.0,3.9008289178787807,,,,,,,0.0,0.0,3.6499675595968375,0.0,0.0,,,,,,,,,,,,,,0.0,0.0,,,,,1.81525294206236,0.1258525172447707,1.5943922490723372,3.6921807288507567,1.2487136365873166,3.298294298186202,0.1205717859374878,0.827525535248548,2.4309580077781723,3.1913069477720897,,,,0.0,0.0,1.799411334028377,0.7679388978698566,,,,,,,,,,,,5.981972336939064,1.4056530840769002,1.1118714572563149,0.0,0.0,3.3976067918568726,1.1414892534498042,2.1589431750456325,1.217987562563638,0.0,,,,2.316952222102572,0.2900481593916391,0.0,,,8.604950959637765,1.0449366964915614,4.587031220748104,0.1100075935235477,,,,0.8798697716873686,1.1306056333126522,,,1.5913532961034274,0.6910576270804175,0.813214023157109,1.370110860669164,5.453583496952929,0.5190024600105219,0.7532358946240282,0.166721288550233,1.1074287209559932,0.4844325024629871,0.098598956065615,0.1069171114384686,,,,,,,,,,,,,0.4753208993353617,0.1717394133763172,1.9135384261523705,0.0,3.3413739419218698,1.9412556749271777,0.0,,,,1.9596423422661071,0.6689536711756037,0.0,,,,,,,,6.616800782938799,4.123012734827181,,,,,2.7122124768166183,15.69563214140002,0.0,0.0,0.4997121272102198,1.371150781786013,0.5903498706802613,,,,,,,,,,,0.9910054651581062,0.0,,,,,,,,,,,,,,1.947077812270592,0.0,,,,,,,
1553966342,deg1,1,1,,,1.9560563282510528,2.3649407143144576,1.095138748544623,0.9752583571756692,,,2.5753215297673417,2.383720879223646,2.209464387417804,1.9920341470519325,0.3530471190664068,0.4289702548483129,0.942597563425844,0.9821522391782422,,,,,1.5318163682668566,1.4044278383950315,,,,,,,,,0.0,0.0001350850120836,,,,,,,0.7270231753299529,0.1331694541911417,1.4931749897032094,0.1251009455903459,0.9587211981423428,0.6791207405951848,0.2367926061775468,0.6143686869056723,1.3808681801530958,1.313726361221388,,,,0.0686065609923421,0.9391418847210046,1.1787924110469885,,,,,,,,,,,1.96773913592102,1.2803812339214524,0.7902894414005371,0.8484217650079882,0.8299850240239124,0.4977148114373596,0.6041721807881139,0.1127447713818527,,,,,1.4582411460753406,,,1.3344161892825714,1.2324818303972964,0.0,1.4449073776181705,0.2443815730841507,,,,1.7752246804441028,0.0,0.2440135882593429,0.8238980468529313,1.3383965546572298,,,,,,,0.0970684412311442,0.5021486841094496,1.5284570007813811,0.2590276324959471,0.5318214955889567,,,,,,,,,,,,,,0.4036670873728881,0.5475956023342811,,,,,1.2966547907992585,0.7992446886276987,0.7497816709317752,2.6348342022499542,0.970246984759262,2.006404468449431,0.2263003809191628,1.8954079842062683,1.986764952250903,1.857088962518728,,,,0.0,0.0,1.155528127356205,0.9587765583567506,,,,,,,,,,,,1.5403032626794,0.441390361547502,0.3695851611553722,1.1392233432817072,0.8147965775440515,2.546697121237765,1.1442387504787492,2.038569686491297,0.7591087044198844,1.2061513287492152,,,,2.068275454697714,0.8492200810167346,0.3229247864467239,,,3.715822900591366,1.201627617840998,2.7228626057569345,0.4345126583465486,,,,0.3466918546451444,0.4056168267036826,,,1.044212236967178,0.9276833590685368,0.9069251479318274,0.924313330996246,0.8828173039496817,0.2683171889242799,0.8852419979668963,0.9048258051581513,0.8635537055653514,0.4132179732972669,0.1122430403017476,0.0525125736893326,,,,,,,,,,,,,0.812805531079377,0.1306183486748889,2.256809583634442,0.7604469120601246,1.6419012243542976,0.9408037443778616,0.5893868503467661,,,,2.5100907277824303,0.778369276511587,0.3442479290258989,,,,,,,,5.006955682547088,3.431732558842808,,,,,1.0120994612710557,1.1834736969891853,0.0,0.0,0.5992712149740944,0.995049831366474,0.9854902835821496,,,,,,,,,,,0.9384838990508644,0.311449853836129,,,,,,,,,,,,,,1.4719650146948462,0.6668751219265222,,,,,,,
1553966342,deg1,2,4,,,1.7421757271341125,1.9976667713900789,1.1307544730864163,0.981189534694602,,,2.766210441990306,2.108709602833373,2.14953323916213,1.867823040264632,0.4944151579280294,0.6435999852458779,0.931364955449578,0.9870827936934454,,,,,1.46870883518813,1.3541266954254343,,,,,,,,,0.0,3.295026611514554e-05,,,,,,,0.7813905963745152,0.2151032445151638,1.4183999970011982,0.2215604024462539,0.7060734007571557,0.9654728309516958,0.3367604790862787,0.6863562353762955,1.229828600409748,1.7141861518520138,,,,0.0796813348615953,0.8783945366120101,2.070717068601336,,,,,,,,,,,2.7046089978803685,1.1768640547389475,0.7404779770381488,0.8323033707541132,0.7518921753448867,0.3895830657000018,0.662581494678756,0.0786560314741001,,,,,2.2685894054529605,,,0.0,1.6304350449908385,0.0,1.3666801019126944,0.7164929439746273,,,,2.076535152366628,0.0,0.4053443369480408,0.7391225818231613,2.708108736376895,,,,,,,0.0,0.2098699933498003,3.264485708642253,0.0,0.1595683124388677,,,,,,,,,,,,,,0.1978458192181772,0.0,,,,,1.1864647839246565,0.8365104186026562,1.216768807132503,3.121794207392007,1.217058473924906,1.80463311047369,0.2395148053561779,1.4972511904192405,1.8233203894075467,2.411787203639532,,,,0.0,0.0,1.288981613579168,1.1617429595362734,,,,,,,,,,,,3.059151058026208,1.6167444136752815,1.0731912022176635,1.12868792173242,0.1603866292376168,2.881001182664217,1.2212329848365622,1.7909347870208594,1.6500031710661294,0.0,,,,1.928814114302499,0.3929056372586199,0.0343653181964361,,,5.090996481728397,1.096626312948304,2.3937318202054416,0.0929646007181007,,,,0.8840818217007558,0.9074100956842036,,,1.049340391318564,0.9537296304404432,0.9370484800268906,1.2061140197930764,2.2787161133008924,1.118163116896888,0.8974241053775167,0.8893132583735072,1.0874283473694832,0.4883975473770333,0.0991819242863159,0.1082933087820435,,,,,,,,,,,,,0.7381374272441948,0.1601524348405788,1.9344026217900072,0.250089484705221,1.864159508736891,1.4696397873598184,0.2662803744077762,,,,2.4116384486419715,0.8225360268197652,0.1458279554286812,,,,,,,,4.952189843775683,3.8750067748371646,,,,,1.2091900081347666,3.432339286048771,0.0,0.0,0.7339342790257996,1.0198903271950488,1.0979849879855752,,,,,,,,,,,1.027905197828188,0.0,,,,,,,,,,,,,,1.7351962499294908,0.3588239883041153,,,,,,,
1553966342,interval1800-2200,1,0,,,1.4694475520708692,1.1615728263708678,1.0,1.011345365092883,,,1.179589640512009,1.293211285570366,1.1606702405872844,1.109550564716199,0.5664101915926028,0.6690201882234292,1.0,1.0,,,,,1.0,1.0,,,,,,,,,0.0265669989430886,0.4122286306963154,,,,,,,2.107173076906553,0.0558847150115515,2.002838112133197,0.0,0.7556845426367649,0.723542619962463,0.1318323472286222,0.0775821704295417,0.96567235059647,1.4120604863093853,,,,0.0728525083444488,0.9307075838957736,0.981407808964836,,,,,,,,,,,2.5246622599968105,1.249997653962307,1.0,1.0,0.9045692531960314,0.8934240521820643,0.8372792911485624,0.080569131188155,,,,,1.047777080157664,,,0.4906782296810359,0.5877525678685164,0.0,1.064620486485991,0.4637167460241995,,,,2.276571176957806,1.1375210351292355,1.6946075688060975,0.8534248550672481,1.247160277184047,,,,,,,0.3890319628638944,0.7635559955495048,0.5508454175669445,0.2725536393761205,0.4886007223435809,,,,,,,,,,,,,,0.2532910937416337,0.3891628154705388,,,,,1.2272567162411645,0.8858683648335451,0.8850196389632751,1.0,1.0,1.0,1.0,1.1065119535323715,1.949846145503082,1.2844366406642855,,,,0.0,0.0,1.0469132707009052,0.9196767240713714,,,,,,,,,,,,1.1887339573542657,0.992296623928024,0.6944401248482399,0.7710664202108853,0.1202516103397236,1.1662778623059489,0.6108381289423175,1.1306443930040908,0.3898210543770685,0.9180798932796016,,,,1.818006401987409,0.4658810478479692,0.2384259095434901,,,1.804709572033865,1.419817471079747,1.4870226582075214,0.83686853122502,,,,0.0,0.297987452034253,,,1.0,1.0,1.0,1.0,1.0,1.0,1.0,1.0,1.0,2.4694901605858948,0.155996577930825,0.1006520445615186,,,,,,,,,,,,,1.8231447898250013,0.0,1.8015754095980936,0.4687877291159397,1.3634561662337197,0.8756636109766126,0.5347241013230712,,,,2.20208028617332,0.5408485823405876,0.1826963609737599,,,,,,,,4.508503754443926,2.980500639062651,,,,,1.0,1.0,0.1266582965363722,0.0875555483327615,0.464069731972371,0.8716427520064132,0.7216389557300743,,,,,,,,,,,1.0,1.0,,,,,,,,,,,,,,1.280284863617722,0.7275543099484396,,,,,,,
1553966342,interval1800-2200,2,2,,,1.981278602334265,1.5338632992071195,1.0,0.9557304547893852,,,0.6164254706944372,1.2373024244056845,1.7482738279400507,1.2644194709625505,0.3698200274952586,0.0472953310453481,1.0,1.0,,,,,1.0000000000000002,1.0,,,,,,,,,0.0,0.078735997881801,,,,,,,1.7742305819171973,0.0,2.385752400805209,0.4245819432018224,0.0351110351750301,0.0,0.0670907939893353,0.0,1.152867243038575,0.0679159934653104,,,,0.0821408055886386,0.5921293549613013,0.2492467905510774,,,,,,,,,,,3.926107270520732,1.6344074354333478,1.0,1.0,0.823037827152633,0.0,0.8736139210497259,0.0,,,,,2.329255740115215,,,0.0,0.0,0.0,0.0420831424657801,1.286553411217509,,,,3.8592827172883015,1.8922499019816228,2.663969347220113,0.3432625097504184,1.1532414706284135,,,,,,,0.0,0.0831717961424445,0.0,0.0,1.4517403150590438,,,,,,,,,,,,,,0.0,0.0,,,,,1.7219176394474325,0.8181101427858172,0.4984874776726719,1.0,1.0000000000000004,1.0,1.0,0.0,2.545115818119865,1.3112205477688224,,,,0.0,0.0,0.1093668741150078,0.0,,,,,,,,,,,,1.461247605826873,0.5539154709545093,0.2567572358105014,0.0,0.0,1.5250864597726967,0.0,1.2501434448116753,0.0,0.0,,,,1.6042937784312734,0.3227063764144171,0.239833582317981,,,5.407149425707626,1.835159823077758,2.469582355263148,0.0,,,,0.1669541254116707,0.0,,,1.0,0.9999999999999998,1.0,1.0000000000000002,1.0,1.0,1.0,1.0,1.0,3.0084174901403555,0.0064183038802114,0.0,,,,,,,,,,,,,0.0,0.0,0.0,0.1531470934866994,0.0,0.3184730635494476,0.0,,,,5.97113009988964,0.4437800930711246,0.0855208059828712,,,,,,,,5.311106063658072,4.325084579264712,,,,,0.9999999999999998,1.0,0.0,0.0,0.3988247832119755,0.492894652973268,0.0,,,,,,,,,,,1.0,1.0,,,,,,,,,,,,,,0.3784841913962416,0.0,,,,,,,
1553966342,interval4400-4800,1,0,,,2.12253045908165,2.1273144710224363,1.0,1.0,,,3.411672119492125,2.601194521244234,2.6533362842686263,2.1492719126635254,0.5847831405708823,0.7662102732359276,1.0,1.0,,,,,1.62540397401827,1.4307881505816964,,,,,,,,,0.0,0.0,,,,,,,2.157726897136796,0.4019765815336925,1.800692635394673,1.0092636044177534,1.0613015903873124,1.5689582194401743,0.4341126916882346,0.8517988527724316,1.0647860023983668,1.4660746169855434,,,,0.0656706607975712,1.073934954228414,1.8059399746298288,,,,,,,,,,,1.1459050029319429,0.955436181180518,1.0,1.0,1.1228008741954043,3.879793918225492,0.4863586787071605,0.021980257037684,,,,,1.2093389175316347,,,0.7296707551889208,1.0,1.0,1.0,1.0,,,,0.9681131159973518,0.117791103392422,0.3681277382839389,0.9424372235119004,1.0961847665815343,,,,,,,0.5992302154972506,0.8205873693493491,0.4826297196735924,0.0,0.1824641913118206,,,,,,,,,,,,,,0.0,0.3855888749570367,,,,,1.369434466641223,0.9513503548253288,0.7223285336983355,1.6958622368579483,0.5687849852761739,1.5597525741517648,0.0,1.0,1.0,1.0,,,,0.0564261266290458,0.0711972857788632,1.0441132093362784,1.1812583167418442,,,,,,,,,,,,1.4923778863266324,0.0664402767600559,0.1371312423017293,0.8682135666862794,2.036573834674887,2.999480214207923,0.9115253206737324,2.316020202172368,1.1462931491108312,0.7913320913597802,,,,1.058152821201756,1.12674851686135,0.2384628872665491,,,3.374415454951641,1.5252713005969332,2.6003176509863644,0.4813587823965862,,,,0.4038632686784263,0.4940419696639975,,,1.0,1.0,1.0,1.0,1.0,1.0,1.0,1.0,1.0,1.3706821800824924,0.041915045350009,0.0115398620985743,,,,,,,,,,,,,0.9290441777342412,0.1338134818453855,1.0,1.0,1.0836001528282535,0.8489080500109778,0.4400780819675775,,,,1.0773936152461403,0.5264985959436542,0.4099395343827094,,,,,,,,1.0898913810332476,2.6733617110668635,,,,,1.0,1.0,0.0,0.286286894752835,1.0,1.0,1.0,,,,,,,,,,,1.0,1.0,,,,,,,,,,,,,,1.0005113603806823,1.108003164374517,,,,,,,
1553966342,interval4400-4800,2,2,,,2.712749702118044,2.7665607935779817,1.0,0.9999999999999998,,,4.695326031847603,3.569454285160839,3.190648277919806,3.0144928657524366,0.2870126240233548,0.2049341336779345,1.0,1.0,,,,,1.730387642429548,1.6715081197192168,,,,,,,,,0.0,0.0,,,,,,,1.9946653568890125,0.1580782148430048,2.1104955343801564,0.0,2.086875491413448,0.0,0.2417962763013451,0.6803740726125461,2.177692790653822,0.0,,,,0.0774421716614909,2.063238577984111,4.908468922349363,,,,,,,,,,,1.347865651226744,0.7019266119646596,1.0,1.0,2.190561626322849,19.16893067048149,0.2940789897193249,0.0,,,,,7.807414457865953,,,0.0,1.0,1.0,1.0,1.0000000000000002,,,,1.2206778549452388,0.0785477576610086,0.0,1.0506082361040123,0.0,,,,,,,0.0,0.6201142606196264,1.631143899958322,0.0,0.0,,,,,,,,,,,,,,0.0,0.0,,,,,1.9962351055806795,0.8341939964048001,0.2714771914666724,0.392019172029822,0.7228076629168994,1.703290041727648,0.0,1.0,1.0,1.0,,,,0.0,0.0,2.1333623556861863,0.0,,,,,,,,,,,,0.0,0.0,1.0408264593094805,6.9189508201569385,3.1671680429517326,3.380178272328183,0.8312249933182511,2.959953188434147,3.167714892359763,0.0,,,,3.0327125627803,1.2455598659905172,0.0,,,4.910136150565648,1.655854513366647,3.678655392339369,0.0,,,,0.3016331165400507,0.9910172987747868,,,1.0,1.0,1.0,1.0,1.0000000000000002,1.0,1.0,1.0,1.0,0.0,0.0382814268423353,0.0041601915118531,,,,,,,,,,,,,0.8324973767122796,0.0719048768314874,1.0,1.0,0.3268033990200485,0.9388776769892594,0.0,,,,0.6650886273844173,0.5090494947933123,0.5475962552305557,,,,,,,,1.966356330025296,7.166147068030035,,,,,1.0,1.0,0.0,0.0,1.0,1.0000000000000002,1.0,,,,,,,,,,,1.0000000000000002,1.0,,,,,,,,,,,,,,0.0,0.0,,,,,,,
1553966342,pix2,1,0,,,2.256435491849514,3.638629088125763,0.9274857975501934,0.9198205228750256,,,1.2991761632632106,2.3202620839390464,2.8939345669678405,2.724025742074539,0.1941013743288786,0.0,0.9196297937508354,0.9467650042697396,,,,,1.9625411600626967,1.7372262410752677,,,,,,,,,0.0,7.527884821427766e-05,,,,,,,0.6056208349122753,0.1347633191770568,1.3300723529694092,0.0673497933169132,0.475373948492463,0.0,0.1498493945372732,0.0103409261849776,1.0679638991985454,1.828488667859649,,,,0.0838657843178601,0.3507481131653665,2.201254702436157,,,,,,,,,,,2.279150127035237,1.9865080586081785,0.7415417050933518,0.7826688464259219,0.6204270510571995,0.0,0.6470640600982388,0.0913370967640008,,,,,3.089638748160963,,,0.7310123169079856,0.0,0.0,0.4886645578381442,0.0687186491210421,,,,1.4944799962597244,0.0,0.2232744248395401,0.1729134395990953,0.7400166783185301,,,,,,,0.0,0.2784605597004242,0.8383251192692075,0.5764707288475136,0.8918567581128177,,,,,,,,,,,,,,0.2312620146566641,0.0647487994834631,,,,,1.8432565640968297,0.625332428648832,0.0,3.577922397679832,0.76246017963599,3.266750069739049,0.1310632503779224,2.4757680274255227,2.4434946843219656,2.109462631595572,,,,0.0900817117204878,0.0,1.2200510991951623,0.4689073841741983,,,,,,,,,,,,2.3674682122777777,0.5106614055957764,0.2541125876683215,0.2121474958064751,1.5891926545815451,2.668410911735355,0.933456431682982,2.5400304767790067,0.5446252725974582,1.6250012089129482,,,,2.6388100991073093,0.6997963106099473,0.3004281990162017,,,6.716450481623833,1.2762583644965082,5.245471810454502,0.5506773206311799,,,,0.0270241739715904,0.3336056704977082,,,1.2649316494961271,0.6918583296084739,0.548501851305102,0.0,0.2960481904637641,0.0,0.8933405052713513,0.9315772105926148,0.0422383420921732,0.7132567319174329,0.1142619184641822,0.0740851112733223,,,,,,,,,,,,,0.7705716361472188,0.1407352518535968,2.78056111477184,0.2590930010217636,2.552602008401168,1.0658445748263077,0.4276402499357847,,,,2.7018457793185373,0.6604420660879524,0.2952262357045447,,,,,,,,6.771491233349779,3.7986691621372697,,,,,0.8753371809791796,0.0,0.0,0.0,0.4046647688280909,1.0047703136879524,0.0,,,,,,,,,,,0.5049508263332372,0.0,,,,,,,,,,,,,,1.607143616632256,0.0,,,,,,,
1553966342,pix2,2,3,,,2.233497206294293,3.2339932270815708,0.9527562045606351,0.9391062032452694,,,1.202832380643413,2.339071168386992,3.018074155859544,2.4124587256121,0.2540335452664212,0.0,0.9429396620941972,0.9644311662597416,,,,,1.9448480510354995,1.577415289821515,,,,,,,,,0.0,7.391262636285415e-05,,,,,,,0.6712211083520215,0.2086960839952157,1.3922793453942564,0.0935787667428649,0.4275291021933139,0.0,0.1665052939340549,0.0528696803492478,1.0481435296996884,1.5742605611318317,,,,0.0871480690453362,0.2579227786975417,3.055594135909699,,,,,,,,,,,3.219739153433608,1.8493919469798457,0.8032864926033644,0.8526001664335842,0.5261989335296663,0.6098434168093307,0.6954158472164713,0.0625061241145819,,,,,4.671994970504618,,,1.6150297263639608,0.0,0.0,0.8593380952070477,0.361351641349993,,,,1.6603239336450513,0.0,0.4700780381246038,0.1647096430765045,0.4460664186090689,,,,,,,0.0,0.0680493909687999,0.7437930310085195,0.3870901861647717,0.6777924211931796,,,,,,,,,,,,,,0.349602410093228,0.0,,,,,1.8062434367243407,0.6933717528820249,0.0,3.5749177873202207,0.7681669604459951,2.8006150691795995,0.0853746134653974,2.0311159470387943,2.440955959451832,2.464857456428112,,,,0.0,0.0,1.3657099850146264,0.4426470861301711,,,,,,,,,,,,3.528857528935142,0.5831669821079422,0.4113644451229751,0.0,1.4340562995936097,2.668649351275232,0.8770065328901868,2.381796879470784,0.8644550667588825,0.0,,,,2.904847267422421,0.7576912159189648,0.1879937702938065,,,8.129781586173674,1.306181507791763,4.507662907100149,0.4154202829454535,,,,0.0,0.7887396880162166,,,1.371925285914854,0.8860611258443047,0.8239926059772272,0.0,0.0,0.0,0.9081402000799575,0.8768212919954189,0.3688212653804587,0.7755930280822341,0.1982643438416449,0.1233554583460241,,,,,,,,,,,,,0.7717210059980035,0.2104217759913737,3.337097838509131,0.1747655247106183,2.7884040580004688,0.4838770617450838,0.0,,,,2.917992784488164,0.6990074725593098,0.2056013425395141,,,,,,,,6.23057969709333,4.210812137065349,,,,,0.8925272203426314,0.0,0.0,0.0,0.476724885884395,1.0490784129791642,0.6640023254725769,,,,,,,,,,,0.429231376538629,0.0,,,,,,,,,,,,,,1.990116034045574,0.0,,,,,,,
1553966342,pix5,1,0,,,1.8927954847412456,3.672924762981436,0.9535931376046513,0.9834318061091624,,,2.415011799338884,2.51208193199556,2.721954348034102,2.294430537752636,0.3556545750129318,0.2690426185680193,0.8786388373995441,0.954876082946658,,,,,2.381739501540721,1.8551870093523184,,,,,,,,,0.0,6.975112036501014e-05,,,,,,,0.6747209475294104,0.0892341543167096,1.383253464277462,0.0528518725023901,0.7110847860392382,0.0,0.1527642101184161,0.1286381225393573,0.9650992308782734,1.632438983608728,,,,0.0539336392452398,0.6412101596612982,1.249847617505496,,,,,,,,,,,2.197342720806516,1.3251424386702486,0.9524402238169926,0.9563993139621336,0.4497267913426687,0.0,0.6680282017454244,0.070013401727573,,,,,1.987652017131008,,,1.3535642713913736,0.0,0.0,0.4901093597650126,0.0028575925373336,,,,2.1482107184927592,0.374897827890421,0.2892062922814116,0.307281282608391,1.2830631477401493,,,,,,,0.0,0.2110816952646806,1.3981196710871762,0.5205100112009717,0.6943856084984306,,,,,,,,,,,,,,0.2007486473333422,0.3953584202472991,,,,,1.8278158932622737,0.8545452472261755,0.0276873902645007,3.195277506416045,0.8801314855677935,2.318438906226457,0.3445593263699062,2.0426175075543385,2.1724357586515075,1.8852089600242472,,,,0.2085093702893105,0.1613449702672282,1.168690707764272,0.5005768135682698,,,,,,,,,,,,1.8182025935707191,0.5556650319854266,0.2515274040297042,1.2435074320029382,1.3152725012474629,2.384471159538813,1.1818282344381543,2.12305321060068,0.3121317245696156,2.030608138890645,,,,2.280917948311332,0.4853336643044114,0.4577075567438269,,,2.9660424999031028,0.8348389956363472,2.23417066040323,0.2074850624764167,,,,0.0198864654451098,0.0926758568847122,,,1.043928992351507,0.3943705210113344,0.0353589816291512,0.2545696949936814,0.754071614212015,0.0,0.9119161075546008,1.079714559698498,0.3010386603968188,0.7796616466784854,0.0241328656516705,0.0010661332150037,,,,,,,,,,,,,0.6996147213437989,0.1677463018243642,2.26407358001278,0.5637027974241691,1.8427327486192056,1.9348411696267247,1.3406694097604637,,,,2.633367005187316,0.5512801366849621,0.2150837577793872,,,,,,,,6.157565071646765,2.8375979367089053,,,,,0.9109569535422845,0.1577683553721741,0.0,0.0200138259325749,0.3651183736018004,0.8266823185264242,0.5381233038028785,,,,,,,,,,,0.8266974078195578,0.3277961474077994,,,,,,,,,,,,,,1.7046917883565496,0.0,,,,,,,
1553966342,pix5,2,3,,,1.775319451338226,3.123416667157637,0.9722213296251028,0.9879153195093964,,,2.6663662174581235,2.294475140936421,2.944363682401548,2.0485865744747103,0.4427156228664222,0.5835340768648247,0.8666819376985655,0.96874262219443,,,,,2.5485108052021506,1.6594247251675922,,,,,,,,,0.0,6.896314494432114e-05,,,,,,,0.7570681174168887,0.0981431561806973,1.4094232157247937,0.0609029728604179,0.6634614912618767,0.0,0.1838106740504389,0.2923532382541521,0.9626522986883554,1.4149151882605893,,,,0.0550445243949985,0.6381630064816924,1.2716716731133482,,,,,,,,,,,2.8513339066393257,1.313141083571047,0.9757730048063286,0.9783201953853372,0.5981914157196846,0.439890226332596,0.6991737998013356,0.0796023901116101,,,,,2.1056022689267007,,,1.1923614173475443,0.0,0.0,0.6922862025985104,0.0072508461093327,,,,2.088630546577561,0.3743380619965253,0.3806802581685041,0.3396708023636134,1.2776313648625597,,,,,,,0.0,0.22406193091742,1.7185243223026876,0.5176014463897846,0.7346474344562336,,,,,,,,,,,,,,0.1427956992769868,0.2337681435496328,,,,,1.7396815015126368,0.873991647334218,0.5298365318925526,3.360541158572713,0.9012233209383688,1.9958010816846443,0.3432922380071442,2.134092644245709,2.0739986958624046,1.9566039498812184,,,,0.2067445476978288,0.1088420061939047,1.180723485496416,0.4791098392731797,,,,,,,,,,,,1.900728749440362,0.6351810120951792,0.2949147345131039,1.3471924436254523,1.450576484354446,2.4434397093029347,1.190061911761495,1.938663953319559,0.318455566450075,2.142579280182468,,,,2.339136230340394,0.6044649329602813,0.5254330317147731,,,3.200881165324905,0.8577371520181666,1.970857951172904,0.194917469894096,,,,0.0387188689943211,0.1142467962521271,,,1.028450434797036,0.5307052623233139,0.19502239619758,0.2703705642143233,0.6493162967486047,0.0,0.9379952611808144,1.0251787598845967,0.637046852797732,0.903594783160478,0.0359408028679902,0.0,,,,,,,,,,,,,0.7608409147321803,0.1798273040159306,2.372723883081095,0.4697744440677585,1.7835342836375074,1.8675046902464152,1.57344018155822,,,,2.6378812316595366,0.5713244703527398,0.1502720041366935,,,,,,,,6.161901829022797,3.055468921328376,,,,,0.9278750894974912,0.1852341728362395,0.0,0.0504449618891413,0.4530297115348768,0.8692759202506437,0.8594073885601703,,,,,,,,,,,0.8153589779449555,0.5335658942858581,,,,,,,,,,,,,,1.7560851452049322,0.0,,,,,,,
1553966342,thermal100,1,0,,,1.9086094895456576,3.476188975578486,1.6238106807461854,0.8927695598790496,,,1.1608168688665947,2.6644690267319566,2.7326618254442616,3.660389368178197,0.1133094740855264,0.0,0.9801669529722468,0.9446625767163886,,,,,2.0082432398331305,2.3159506494256816,,,,,,,,,0.0,8.226995521048773e-05,,,,,,,0.5202190016486952,0.109439618395711,1.0630089726216645,0.0470490428039924,0.5728893320319716,0.1170978262427382,0.1498471402756212,0.140010294330171,1.9269937516061104,1.738409158264259,,,,0.0563422662781563,0.644235574513687,1.7056512826719568,,,,,,,,,,,2.2595648048253327,1.983779168376364,0.1972522865330785,0.2770017785297633,0.9424823474332408,0.0,0.5388263418514171,0.0987641813025362,,,,,3.6027751594264616,,,0.9036094310048794,0.0,0.0,0.5934726536811464,0.1101218679897442,,,,1.416969929243819,0.0,0.2078531745968712,0.0,1.8470022432050817,,,,,,,0.0,0.2433644745172054,2.2980649810298064,0.4912862798884876,0.8131537766327512,,,,,,,,,,,,,,0.3090759940070531,0.1128310088219679,,,,,1.827498474952612,0.2235730503987487,0.0,3.7955345181532514,0.888422773078249,3.695388319334706,0.1682674266275918,2.075169862976535,2.585088302408362,2.158349881126545,,,,0.0,0.0,1.2804888708487585,0.6023172891881532,,,,,,,,,,,,3.183048301464303,0.334823916968965,0.5175747876712242,0.0,0.927677776756884,2.905386222276793,1.1243193027700875,2.3733617134146354,0.5715999921114798,1.5961409242687956,,,,2.2855533116467184,0.8735567522169129,0.1810646483550028,,,7.206071572306204,1.1890666896086952,5.555806547871359,0.4852315035446023,,,,0.3124487338316077,0.3953924122301703,,,1.32861182016268,0.5580502042233777,0.5570523472668811,0.2157511093983771,0.2108934501217994,0.0,0.8433101922778163,0.6487804636341815,0.0,0.3182449316444873,0.1500046306205206,0.0259250410469334,,,,,,,,,,,,,0.6146470930512478,0.136930968222449,2.5545815553863576,0.0706876775818957,3.112855351766005,0.6409807070239193,0.7840656873486785,,,,2.7081914403421044,0.6355068381190876,0.3319297427226834,,,,,,,,6.952502976108468,3.9575095784941343,,,,,1.151834320570184,1.7160570268631592,0.0,0.0,0.382100645818731,1.0568769876527695,0.0,,,,,,,,,,,0.2041247652801173,0.0,,,,,,,,,,,,,,1.8878095855705952,0.1184766884064806,,,,,,,
1553966342,thermal100,2,3,,,2.044223984837683,3.259727121409448,1.4496466233409695,0.9176609816935766,,,0.9565342553669268,2.703905074801155,2.481409924253395,3.317521671103681,0.0,0.0,0.9987528143377388,0.959831429834178,,,,,1.8399843586973044,2.1080658944345285,,,,,,,,,0.0,8.528230135161336e-05,,,,,,,0.593574933364724,0.1741536186175387,1.1166815166230937,0.1099312975006015,0.4623460297988795,0.220080890972051,0.1791946751326502,0.0,1.8249753480408648,1.4967810526121843,,,,0.0627867304865364,0.3558252726569236,2.740716156601488,,,,,,,,,,,3.2662453660098887,1.5087526199334294,0.0,0.0,0.9777842158211016,0.4457025903759656,0.5809680221492811,0.0688147480494517,,,,,5.214979758080372,,,0.0,0.0,0.0,0.935527233340284,0.3996475999149351,,,,1.7379086612101444,0.0,0.4151488557328558,0.0,1.946437063918188,,,,,,,0.0,0.0841319497589952,2.934732586749481,0.0,0.6337545499943262,,,,,,,,,,,,,,0.12930213754492,0.0,,,,,1.795108346341842,0.1210282022136162,0.0,3.71779770543409,1.039013360676954,3.2203451603322355,0.2075157575121548,1.0672529206247705,2.75150808355742,2.7894371170400523,,,,0.0,0.0,1.2163830615897404,0.7345574842344286,,,,,,,,,,,,3.3684387228550428,0.0297360832097233,0.8196896205667332,0.0,0.5133501496704252,3.25221698173303,1.116759824835877,2.375135870371127,0.9970513677417516,0.0,,,,2.930997417573524,1.0779307895081538,0.0350056622938179,,,8.56476603929738,1.1449743742605725,4.716035349536741,0.316187186624889,,,,1.2967817220535154,0.8286978803759539,,,1.4609908475974978,0.8392228246127948,0.8031535466174683,0.0,0.0,0.0,0.7767685760830689,0.3132266644025533,0.189227334675354,0.6874389254238102,0.2780311137763018,0.0793465511932484,,,,,,,,,,,,,0.6768003578596495,0.1978994832655771,3.2538170377985582,0.0,2.648689208100884,0.0,0.1505844894705703,,,,2.5880380394319213,0.5544128313625777,0.2142876659979303,,,,,,,,6.59530158189208,4.333600672868166,,,,,1.133428678792275,4.2602840540756,0.0,0.0,0.4894924496124728,1.3019086899858114,0.2840218827557765,,,,,,,,,,,0.154384503282385,0.0,,,,,,,,,,,,,,1.7390702423551627,0.0,,,,,,,
1553966342,thermal50,1,0,,,2.000953352770789,3.5422686277369104,1.5962286741584106,0.8883938579429218,,,1.5612866311815252,2.73064651908748,2.80347124271366,3.615674364164491,0.1913934056615293,0.0,0.9451933490509952,0.936208604740488,,,,,2.144378598315153,2.302965772676272,,,,,,,,,0.0,8.076966913048442e-05,,,,,,,0.586077418190321,0.1076330949268656,1.0542978222428303,0.0214736225315971,0.5430747358969849,0.0922835607528398,0.1431029058581021,0.1979505078484131,1.898122605489729,1.947144658383788,,,,0.0419448932949227,0.6804127316986534,1.292910180904475,,,,,,,,,,,2.0632794506496,2.1336332309037003,0.4401866621343965,0.519075575295899,0.8952198637888784,0.0,0.532957418983634,0.1118679351031059,,,,,3.011035301519219,,,1.4633570606518007,0.0,0.0,0.6906586117462684,0.0,,,,1.5375861703165177,0.0,0.1645649437049992,0.0,1.82078450128449,,,,,,,0.2264150727407057,0.1715898658155476,2.2710182979134195,0.6702672283652161,0.4840872852656645,,,,,,,,,,,,,,0.1489650329857352,0.4935892969150864,,,,,1.829841073154018,0.333801754028826,0.0,3.636191126053373,0.8793594984637978,3.749332965022629,0.1617616286294883,2.3187812193736344,2.4620598256703823,1.958443602177303,,,,0.0,0.0,1.4161103788781615,0.6390373174423877,,,,,,,,,,,,3.449226760316784,0.4388615741580715,0.4536363977780154,0.0,1.1267737312305055,2.7586777201824915,1.1337170840053294,2.421946425365201,0.4182605568732749,2.2908968174260576,,,,2.128392200409237,0.8024259084581906,0.2143597406191538,,,5.753509974955905,1.1899107415380523,5.642986465835136,0.4627058912804477,,,,0.195174495855225,0.0,,,1.2941646367086843,0.4511989090417599,0.5754576586911373,0.3784124482867916,0.6902886996282462,0.0,0.8511325155268141,0.7812361442128815,0.0,0.1942724149331263,0.0983625896289787,0.018735778672282,,,,,,,,,,,,,0.5873529976949962,0.118643029761211,2.315764257546772,0.1885519314448164,3.358107451401647,1.0903950620281793,0.9542025564262256,,,,2.8999294101979616,0.6813118206520221,0.3589792458302059,,,,,,,,7.057649050519428,3.624343182522745,,,,,1.154327084418214,0.7558703994516252,0.0,0.0,0.3642286684829663,1.0079621958343858,0.0,,,,,,,,,,,0.290457132420539,0.0,,,,,,,,,,,,,,2.2916245320285262,0.310513781209534,,,,,,,
1553966342,thermal50,2,3,,,2.1305958273400565,3.2725809263775685,1.6381079292273966,0.9067312131854453,,,1.639349182940828,2.996434850088906,2.7856079369790563,3.566477244010745,0.1014714775866453,0.0,0.9300258461929783,0.9450993317969508,,,,,2.1539006669182386,2.21137389864851,,,,,,,,,0.0,8.114692496620285e-05,,,,,,,0.6781732855108855,0.1649965886317079,1.0921931140668175,0.0418323189571644,0.4750065380229957,0.2306441951747526,0.151495291151646,0.1819502451681488,1.8027217378540648,1.933135243804803,,,,0.0523048510280082,0.6793962716610539,1.5317748747173965,,,,,,,,,,,2.819333382592356,2.049254339767639,0.3683252417956769,0.5156341660028305,0.9368392672281598,0.4340069268515321,0.5862976509903042,0.1112556026737428,,,,,3.5247937641499205,,,1.2431969868479595,0.0,0.0,1.0167897191979025,0.0,,,,1.6323953137090303,0.0,0.2351192259730621,0.0,1.8581190330480684,,,,,,,0.371405641827751,0.1133561665253292,2.3649079471998125,0.634919222975273,0.4269242324921544,,,,,,,,,,,,,,0.1392781457787726,0.4099277712993653,,,,,1.7915398727824643,0.4254407838282351,0.0,3.584339036449917,0.9324865707185948,3.303704693007639,0.1295400419421776,2.633215799352556,2.450465915272501,2.16598708946514,,,,0.0,0.0,1.483917964123702,0.7505335626065504,,,,,,,,,,,,3.847488871776848,0.3829869260440035,0.5874877028336088,0.0,1.1249683602069511,2.921571058749316,1.101215332789424,2.40410723455908,0.4735850491951139,2.439210719525964,,,,2.3403147575299785,0.8689292756836724,0.0894544139162422,,,6.359001543481185,1.195708669873843,4.856297251819601,0.4463611063007085,,,,0.3043738616379063,0.0,,,1.2848639994234778,0.6150458841011384,0.6358339354466924,0.2466502622541503,0.2917514837055123,0.0,0.8427656568367893,0.700075491730076,0.5126014587103958,0.3417413624322271,0.1510183872966987,0.0304770269319987,,,,,,,,,,,,,0.6564843293919191,0.1443862333396834,2.7656331650828725,0.0901456771893565,3.239014380050305,0.8708730874943664,1.0122154038204088,,,,2.9904203336268376,0.7069470670865484,0.3588450206077838,,,,,,,,6.726196354028191,3.8023985250572174,,,,,1.120142923494945,0.9644452276258688,0.0,0.0,0.4239911955424845,1.1262423236944117,0.0921044883089645,,,,,,,,,,,0.0062259359779332,0.0,,,,,,,,,,,,,,2.4102359341602613,0.3468063859542555,,,,,,,
1553966342,thermal25,1,0,,,2.459376673808608,3.907528995196764,1.1042978728762192,0.8956631660987936,,,0.9007482723733856,3.066073824276121,1.1587187499293703,2.997039115324873,0.3420797466281503,0.0,0.978457001927268,0.9299471576900908,,,,,1.1043495739539295,1.9161322615616765,,,,,,,,,0.0,8.069089727735685e-05,,,,,,,0.3013026951696873,0.0897399382031794,1.200970470079856,0.0529035695403452,0.7476468384485095,0.2189202432934271,0.122228308963811,0.5901997065966386,1.047402649196037,1.6860299486825787,,,,0.0191636095531668,0.944665129730847,0.9114265524969724,,,,,,,,,,,0.8744967546302933,2.218181898227518,0.8045026334790254,0.8367985750618975,0.4422283969048095,0.0,0.0,0.0990189962040663,,,,,1.2511338642852805,,,1.1757097305031872,0.6416942263707698,0.0,1.248786472790418,0.0571659554108508,,,,2.2163473616797003,0.20595926389104,0.2305471985225009,0.785591592291632,1.2370391360175022,,,,,,,0.0062222379061713,0.8993346655632584,1.136467103264591,0.1165946871782706,0.8889910774968567,,,,,,,,,,,,,,0.2967844100147402,0.92200010460907,,,,,1.6549539063576455,0.7274690632123088,0.0,1.2073764016970698,0.8181950525157841,3.5468231770723424,0.2837892544261479,1.5663419583271294,2.236698203012599,1.3211321610255444,,,,0.0,0.8580672019530953,1.392395889640878,0.8926140381881422,,,,,,,,,,,,2.606060880627886,0.4173381370122429,0.307965630560978,1.2815030760788315,0.5594134000130025,1.07605473527783,1.3268570619454931,2.82376106395839,0.4323573238868995,1.1302204027437526,,,,1.957349445251786,0.3280955512703696,0.2753226964772737,,,1.229856837716544,1.1290482279997105,5.318651088559123,0.1711319186668788,,,,0.0658316611349269,0.8784715666180356,,,1.0616525045648098,0.930987659363179,0.7872723270681935,1.2051654770664175,0.8552727864025728,0.883914291795977,0.8280750616482903,1.0366927705146896,0.2195374268453937,0.060097301289256,0.029571858136324,0.0098329816923391,,,,,,,,,,,,,0.2484337112208425,0.048136451445218,1.6918440955425846,0.8291560236740175,2.543528003627062,1.1552887644145853,0.6776276290483525,,,,2.65178081561165,0.5553376792613085,0.2720425803137511,,,,,,,,4.906734789803322,2.086815974219878,,,,,1.0478414716055446,0.7444942284941338,0.0,0.845806237810526,0.3251895370809186,1.0385392939475375,0.0263971837190464,,,,,,,,,,,1.135782610220594,0.2757629868344572,,,,,,,,,,,,,,2.148418185020637,0.7140006694298586,,,,,,,
1553966342,thermal25,2,1,,,1.365728842310944,5.028283866000587,1.905943401743824,2.3760727948905345,,,1.7739003608378772,0.0,0.7235187458737151,5.312743067881268,0.3248644600187453,0.0,1.3992102903703951,2.524428855291761,,,,,1.109695963249487,4.294489857233019,,,,,,,,,0.0,8.116667161303361e-05,,,,,,,0.2561131180631211,0.0894120177846082,1.2391793425817437,0.0,0.0,0.0,0.1079990489426969,0.4491554764146401,1.7902468085995535,2.7807274453612187,,,,0.0197871718079603,0.0,0.371123456147917,,,,,,,,,,,0.8133652150530294,2.8279457844677323,0.1923657244820329,0.0,0.0,0.0,0.0,0.0915147443334122,,,,,7.203700007073157,,,0.309055753997939,0.4813822285396822,0.0,0.0,0.0,,,,1.500538773204163,0.2110808001888221,0.1837832285929849,0.0,1.2510959727661128,,,,,,,0.0,0.0,1.0358266078704526,0.0,0.0,,,,,,,,,,,,,,0.0,0.0,,,,,1.8562959289446528,0.0,0.0,0.0,0.7450401651260553,4.124999796636845,0.1083474260148393,2.382991550038071,2.638342807744318,1.3620047704263798,,,,0.0,0.0,3.0757161489554314,0.0,,,,,,,,,,,,2.139645855781497,0.4244914413133264,0.3199601792891474,0.0,0.8419783163422859,0.3553464636418837,1.3546840858818048,0.0,0.2779260857014828,2.109085911474608,,,,0.4948085225079314,0.2623240419285528,0.3244500849264424,,,0.1104741771700793,1.136684176383847,11.717152005840337,0.2503343539192634,,,,0.0,0.0,,,3.2386062581012136,0.0,0.0,0.9816191460751568,0.7730315532945822,0.902691032948944,0.796067814536243,1.712301802138486,0.0,0.0577520488731224,0.0309641027355288,0.0102383673174728,,,,,,,,,,,,,0.1914388348440419,0.0511000285478122,0.0,0.5277645277969844,13.26419296192517,1.2560899669551862,0.727282129120933,,,,1.5498310638182322,0.5214153210774751,0.3176872671485608,,,,,,,,6.571842000141387,2.354939168110984,,,,,2.2243676806299217,0.0,0.0,0.0,0.2707482035959631,1.2653031430041848,0.0,,,,,,,,,,,2.1149954005572686,0.0,,,,,,,,,,,,,,3.327481929839116,0.1964781711489367,,,,,,,
1554156377,deg1,1,0,5.788049292072965,2.546721683325124,,0.0,0.0,,0.0,3.641491438315869,1.0377060394650863,3.1557469128628752,,,,,,,,,,,,,0.1312027520697495,3.5136636959960046,,,2.1822873349179046,9.570539330716707,,,,,,,0.0,4.687129328787586,0.2716137605254053,9.631380520355927,,,,,0.0049477845984336,7.001082679015164,,,,,,,,0.0,,,0.3026272079412077,2.239975742967405,1.895221231075512,0.0,0.0,,,,0.0010105746777838,0.0,,,,,,,1.801189080381377,0.5642940009686008,,,,,0.0,,,0.0,,,,,,,,,,,,,0.7142477960073949,2.5300307785450267,0.0,0.0,0.0,0.0,0.6525572229888438,0.3689370372145739,0.0,0.0,0.6275234696883772,,,,0.0,0.0,0.0,0.0,,,,,,,1.3464217737967468,0.0333326383520273,0.0,0.0,0.0,0.0,,,,0.0,0.0,0.0,0.0,,,,,,,,,,,2.139101166026377,1.1819984923021456,0.0,0.8852235774548477,,,,,0.0,0.0,0.0,,,,,,,,,,,0.0,0.0,0.0,0.0,0.0,0.0,,,4.748867511044087,1.871975592450428,6.984282726716172,0.8865205926893253,0.8069800246921234,0.3327079487036101,0.8855499224541429,0.0,0.370477232201662,,,0.0,0.0,0.0,,,,,,,,,,1.908846644852988,0.0,0.0442981858239436,,,,0.0,0.0,0.0,0.2558232240204497,2.168876924251879,0.0,0.0,0.0,0.0,0.0,,,,4.801472099655127,1.44000351075766,1.24900805286437,,,,,,,14.350128584577332,8.925545624688354,,,0.0,0.0,0.0,0.0,0.0,0.0,0.0,4.15372159756661,0.0,0.3198176118124628,0.0956813800875023,0.0962088812378219,1.85555233118318,,,,0.0,0.0,0.0,,,,,,,,,,,,,,,,,0.5112693539494023,0.0,0.0,0.0,0.0,,,,,,,
1554156377,deg1,2,2,4.927532608859095,2.579762538683113,,1.5583113895158796,5.974318827149372,,1.6887561948483998,4.36233562123934,0.0,0.0,,,,,,,,,,,,,0.0,0.0,,,0.0,0.0,,,,,,,0.0,31.42052379588755,0.0,19.01325151495872,,,,,1.7320158013842917,0.0,,,,,,,,0.2265242946260764,,,0.1046498762010083,0.0,0.3643914953074461,0.1776713857005518,0.0,,,,0.0,0.0973886192484547,,,,,,,0.6442254741952615,0.4182545846448106,,,,,0.0,,,0.0,,,,,,,,,,,,,0.1050126614032611,1.8398471572354227,4.796256975579645,2.5325484594552123,2.4042025578567974,1.2797010736538674,1.0325608286658778,1.2295696204588695,0.0,0.0,0.0,,,,0.9810117599470102,0.026758119057805,3.976573957431728,0.0,,,,,,,0.0,0.0,0.0,0.0,1.4487857501491137,0.0,,,,0.3692188252316133,0.7169637563017471,4.736015101523708,0.0,,,,,,,,,,,4.029407977899532,1.154891541287148,1.7963476858867664,0.1783269385526018,,,,,5.32317657057928,3.2957782628675485,3.596077857570539,,,,,,,,,,,0.0,0.0,0.0747094392034774,0.0,0.0,0.0,,,0.8948081813994588,0.0,0.860947506324182,0.2590885460175094,0.0,0.0,0.0,0.100396666322254,0.2213255706908598,,,2.1661293728280007,0.3640089401293269,0.0818414249493085,,,,,,,,,,1.906764164507152,0.1701125613323216,0.1015023777779591,,,,1.001203713991106,0.0041481379202225,0.0,0.5466325967184076,0.0024437664055767,0.0,2.0286974656642247,0.188829461836691,2.874768044524488,1.4677444935291837,,,,5.043468917736384,1.300705106483875,0.9885988567512972,,,,,,,5.182739012773574,2.5210904368429965,,,0.1578789205246016,0.6053201360929151,0.0,0.0,0.0,0.5413497446447011,5.39390685230728,3.076934908029357,0.0,0.0,0.0,0.0,0.0,,,,0.0,0.6823101710277952,0.2986278283595311,,,,,,,,,,,,,,,,,0.0,0.0,0.0,0.5285580768962522,0.9728378310006938,,,,,,,
1554156377,deg5,1,1,1.443357856767154,1.208225761164323,,1.6463639370415797,2.850802345703272,,1.3498718868991024,3.526983459000504,0.8751849921580357,1.1430028512343091,,,,,,,,,,,,,0.7557441758778304,1.6114228537857962,,,0.929413266293296,1.8863832846896755,,,,,,,0.4451738107781806,1.2939431248675086,0.625810099359518,1.669346339789029,,,,,0.9931636711541466,0.7786581504917123,,,,,,,,0.2792668251831721,,,0.5699966927558087,1.2982536969728569,1.1560972706943533,0.1908146934204843,0.1044475494144161,,,,0.2326388327046448,0.7553264545660253,,,,,,,0.727845097161185,0.6577134317323808,,,,,0.0,,,0.8966538653643643,,,,,,,,,,,,,1.1404540865964348,1.252334573434538,1.4918844158223592,1.3280669785880816,1.508860358637587,1.119547896080434,0.550723588270624,0.5570344789474844,0.8066528240059315,0.1444659432079083,0.2615479926653964,,,,1.3307673706120444,0.3496551419460338,1.9894640318605128,0.0179872723916804,,,,,,,0.7830204371980336,0.9083500709538764,0.6901428786671177,0.0,1.6815343368451137,0.0,,,,1.048678707326831,0.4684288249354806,1.4892338323463,0.0,,,,,,,,,,,2.6657589928050376,1.376183600327423,2.6273709984597544,0.1067499091390413,,,,,1.3924185446001809,1.8225711919448893,1.705067965776815,,,,,,,,,,,0.2053909356292879,0.0982579866539295,0.0381742903342813,0.0,0.0,0.0,,,1.0969977605214905,0.2472816984345449,1.2902179960811302,0.3109536604864596,1.1884567488141,1.0747233287217506,0.8543920850637853,0.6669445434609852,0.7269413535962796,,,1.2106127959550683,0.5796996188314707,0.3196056421188387,,,,,,,,,,2.255824795597467,0.1588969155153788,0.0887409369287099,,,,1.116771374260828,0.0651331939523521,0.0012351184414163,0.3566920945542511,1.5773403973035869,0.0,2.141222743163387,0.2215824947661461,1.2724159580775185,1.4124788256027256,,,,2.9925616969825297,1.1034649615291674,0.8294241698978456,,,,,,,1.4229580895319769,1.540908627093009,,,0.9422174819767264,0.6703478779195028,0.0,0.0,1.3219115966604211,0.5125056194422498,1.7329721477640914,2.1927583521788074,0.267419568756134,0.3660993381450424,0.421263047962034,1.1860916026964052,0.6725961988149449,,,,0.96539633095372,0.6630149375118167,0.2260206812433871,,,,,,,,,,,,,,,,,0.7688121041683283,0.9614029780550046,0.4750084880222197,1.2903034749386837,1.043388136156778,,,,,,,
1554156377,deg5,2,3,1.9006872610708805,1.3682929960624766,,1.660802525235446,3.8327127579408224,,1.5091274887572863,4.336017397514065,0.0429712235451267,1.0226794194915487,,,,,,,,,,,,,0.4931415587132988,2.246762348858624,,,0.0,1.314441378291155,,,,,,,0.0952209330556368,1.943856820725259,0.4337521509161016,2.7877939416191366,,,,,1.04721858245814,0.433787029347066,,,,,,,,0.3067212386666072,,,0.5319884389725572,1.345731408491666,0.4829279092777997,0.1284126321546423,0.044681941714699,,,,0.3737499139761768,0.747741944279146,,,,,,,0.7100533870593129,0.5206597387619784,,,,,0.0,,,0.5642324620079154,,,,,,,,,,,,,1.0871842962769678,1.5312195832861792,2.378555945830904,1.6379791697706965,1.693999368144082,1.4020169542640886,0.9074414287080512,1.0481290213762775,0.3986773146579941,0.0540578052401399,0.0991721868663846,,,,1.4566098341856293,0.301351580825251,2.4666815690901327,0.002170825828952,,,,,,,0.212630756448512,0.2770527894128244,0.0,0.0,1.791882336037911,0.0,,,,0.8899262455031036,0.4670884032846489,1.855205672686548,0.0029046146448374,,,,,,,,,,,4.3637622010736505,1.3040737417894086,2.8123098452007618,0.084968222440824,,,,,2.153573524964401,2.679738900010584,2.2343390486612305,,,,,,,,,,,0.0,0.0,0.0,0.0,0.0,0.0,,,0.9570610319326672,0.0309976977228975,1.4911237399055788,0.2603642147339186,1.2689400356379217,1.0423506069477588,0.6407821888688823,0.5547828944049932,0.5871512292425567,,,1.433758351025107,0.587947908211118,0.3346370572124756,,,,,,,,,,2.190454425911142,0.1637854954888195,0.0949656021254412,,,,1.2376526121631466,0.041001207450236,0.0034041176841137,0.3362246234410847,1.6794137940542753,0.0,2.50625590223752,0.2012651167969904,1.7707027681208996,1.9576358006784456,,,,4.335329260821451,1.293006586831078,1.0155197632212445,,,,,,,2.172955001378507,2.416084673460634,,,0.4886567826207895,0.6507331747906804,0.0,0.0,1.0858491560261163,0.4545427403666572,2.5619553475979755,2.886746151199496,0.0095988904405694,0.03620883523465,0.3101997842600185,1.258505374260929,0.3544672760073571,,,,0.5743941427324675,0.7243138012586481,0.0536937798525867,,,,,,,,,,,,,,,,,0.7232798026035376,0.7415439275618281,0.0,1.0555723198686202,0.9590068639885015,,,,,,,
1554156377,pix2,1,-1,26.954320537836907,8.135241166672474,,0.0,1.908378412427259,,0.0,0.0,0.0,3.70611981183992,,,,,,,,,,,,,0.0,0.0,,,1.2383369621701537,11.936826961445242,,,,,,,0.0,0.0,0.2242173889659738,0.0,,,,,15.747406185531498,21.25785113126519,,,,,,,,0.0,,,0.0434942256986913,0.0,0.0,0.5421302812057206,0.0,,,,0.0,0.0,,,,,,,0.0710605573759559,0.0,,,,,0.0,,,0.0,,,,,,,,,,,,,0.0757337885290371,0.0,0.0,0.0,0.0,0.0,0.3692266134987972,0.5970612395447111,0.0,0.0,0.0,,,,0.0,0.0,0.0,0.0,,,,,,,3.567625014276528,3.2106586260316043,0.0,0.0,0.0,0.0,,,,0.0,0.0,0.0,0.0,,,,,,,,,,,3.068887255524929,1.3258233037275975,0.0,1.1564368357398915,,,,,0.0,0.0,0.0,,,,,,,,,,,0.0,0.0,0.0,0.0,0.0,0.0,,,4.10109330787269,1.5578050209601042,16.129536121537104,0.5657419121831752,1.2454397487926825,13.218730763706024,6.317344368532209,0.0,0.0,,,0.0,0.0,0.0,,,,,,,,,,0.0,0.3053178346990031,0.2964630841407977,,,,0.0,0.0,0.0,0.2456526814332279,1.4798789319011525,0.0,0.0,0.0,0.0,0.0,,,,4.814521143456703,0.0,0.0,,,,,,,38.83119551308347,12.51877349274629,,,0.0,0.0,0.0,0.0,0.0,1.4781750889187375,0.0,0.0,0.0,0.0,0.0,5.240933353376344,8.629704241836965,,,,0.0,0.0,0.0,,,,,,,,,,,,,,,,,0.443555501513824,0.3784474440143185,0.0,0.0,0.0,,,,,,,
1554156377,pix2,2,4,1.2516141441165536,1.1251159943887283,,1.315678887354322,1.99044376010321,,1.153659061043795,2.815225735141281,0.9686090812897412,1.0857659418159706,,,,,,,,,,,,,0.9869414637921744,1.491240051499413,,,1.3238728984003771,1.5751934500105824,,,,,,,0.9752955333276238,1.6106709737888565,1.2668542188349596,2.201480661302391,,,,,0.9965098747658836,0.8910787235874822,,,,,,,,0.4215300061933751,,,1.1713159728150069,1.4059183074766883,1.3243093710219247,0.1920263009112745,0.0873045854422691,,,,0.0,0.0,,,,,,,0.9464819059312938,0.7509525117482866,,,,,0.0361942873014226,,,0.940168007836132,,,,,,,,,,,,,1.0787450687123832,1.1363896960158892,1.4760141044197077,1.0776654926803164,1.2763356374773642,1.025050537765115,0.4367136241425944,0.5153704677426596,0.8334092934993638,0.2548519204244087,0.3285265320650815,,,,1.4039810125404475,0.4177670412311228,1.4933746105697063,0.0049350838660386,,,,,,,0.887981157037207,0.908273148235192,0.9461401800989988,0.2021982199901099,1.319685911551608,0.0,,,,1.097484754889367,0.471402629376271,1.209395479586744,0.0,,,,,,,,,,,2.6922563479199284,1.370899306966749,1.9398807602335024,0.1641999028953135,,,,,1.1666348582500468,1.3336651452407404,1.509220605895901,,,,,,,,,,,0.4671196280376844,0.1811518474326864,0.1385172833321347,0.0,0.0,0.0,,,1.0998213435793236,0.5179274390326541,1.1180068902275944,0.4068185391508409,1.079856149544703,1.0110407591109702,0.9583743944029252,0.761094093141043,0.779717494986812,,,1.1100631777557046,0.6413735699633433,0.4419638819965952,,,,,,,,,,2.205890487491055,0.1642336986368508,0.0992646295113375,,,,1.1466693769697256,0.0679658025816034,0.0007666964544905,0.5380550006873269,1.2579373300702137,0.5811224940207391,1.83291246247253,0.2601372128563107,1.1096959641485302,1.2189987692242137,,,,2.6206051459928945,1.19879217116187,0.9136440405645528,,,,,,,1.2094721889861495,1.3845067112986815,,,1.0926454975968931,0.7167781072032198,0.0,0.0,1.4036614181680678,0.6294065176731066,1.429263969887192,1.7977765851433172,0.2756315435547165,0.3336688388571168,0.6195903907118707,1.0394445660151443,0.9268217169341916,,,,0.9767640696441134,0.7746043445530171,0.472567506586645,,,,,,,,,,,,,,,,,0.8858197711002517,0.9615042630721734,0.8473257673064819,1.2491439600464838,0.9361657756835496,,,,,,,
1554156377,pix5,1,1,1.6686542997072853,1.321348251129425,,0.0,3.33537087864378,,0.0184147600875931,1.768878138352964,1.2334501478848057,1.3969617493068702,,,,,,,,,,,,,0.0,0.0,,,2.124219524986344,3.283699314289671,,,,,,,0.0,0.0,0.0397337581678319,0.0,,,,,1.558259326430094,2.576470944926857,,,,,,,,0.0,,,0.3959493631783478,0.0566290501954918,0.0,0.2572731971474216,0.0,,,,0.0,0.0,,,,,,,1.5225542160975776,1.2536092137588093,,,,,0.0,,,1.3192597339034868,,,,,,,,,,,,,0.4291260006490468,0.4626786432208251,0.0,0.0,0.0,0.0,0.1623079358018023,0.3966722391308694,0.0,0.0,0.0,,,,0.1705067321389732,0.0,0.0,0.0,,,,,,,1.5552037749607912,1.2356428505443369,0.0,0.0,0.0,0.0,,,,0.0,0.0,0.0,0.0,,,,,,,,,,,2.2028993065601035,1.2363065834348197,2.131732509212672,1.2850777087346386,,,,,0.0,0.0,0.0,,,,,,,,,,,0.0,0.0,0.0,0.0,0.0,0.0,,,1.8177262452375,2.112920311629063,1.5593125029028785,1.431953987330033,1.5193563932713032,1.4958103454715277,1.3494841550619705,0.0,0.0,,,0.0,0.0,0.0,,,,,,,,,,0.0,0.2993401936053054,0.2520410931304729,,,,0.0,0.0,0.0,0.3273247805090094,1.3511896200679303,1.342999523442603,0.0,0.0,0.0,0.0,,,,1.968676272116784,0.0,0.0,,,,,,,2.4277280179688043,4.05666166860395,,,0.0,0.0,0.0,0.0,0.0,0.9209905348763008,0.0,0.0,0.0,0.0,0.7439331094493817,2.35354295550959,2.600639624346868,,,,0.0,0.0,0.0,,,,,,,,,,,,,,,,,0.956206885411018,1.631137740545157,1.740800776190095,0.0,0.0,,,,,,,
1554156377,pix5,2,3,1.8019812648581928,1.3244269855052884,,1.561412064111527,3.882013025878333,,1.422289527607466,3.980864298616551,0.3015959443019371,1.0390338531814804,,,,,,,,,,,,,0.5254733557101705,2.4258034390913825,,,0.0,1.5639619625466876,,,,,,,0.2534749681677974,2.463055897221078,0.8482799174562015,4.657286050241009,,,,,1.00908155917138,0.4622362331279447,,,,,,,,0.3166355394320746,,,0.942053745827584,2.2387342394325915,0.8132310467874123,0.2274364405250794,0.1955962192860096,,,,0.0,0.0,,,,,,,0.7148407287912741,0.3707299953725315,,,,,0.0,,,0.8351563873342616,,,,,,,,,,,,,1.161010303128204,1.451649496983349,2.241408378913021,1.6579539272545318,1.651194542522454,0.8956105617259209,0.5677978128082751,0.5446874894715198,0.728641133348923,0.0373046980682771,0.1849523363791368,,,,1.5748710464383089,0.3469578869186192,2.205916375222277,0.0839016396341398,,,,,,,0.453435489912376,0.4813217479277363,0.0109113440696029,0.0,1.7744004704851633,0.0,,,,1.1380797923559367,0.2873200760406719,1.6049617259998796,0.0,,,,,,,,,,,4.176106821297704,1.3097628179446523,2.914548578742502,0.1579075708790371,,,,,1.7005459897279278,2.301843172521912,2.214367327970351,,,,,,,,,,,0.0,0.0,0.0,0.0,0.0,0.0,,,1.3837513181418135,0.6116755468949922,1.3966465493824676,0.1896765035829911,1.22299923863197,1.0588943000300135,0.734851210293575,0.7074154209503308,0.7293358725692416,,,1.3040029215834277,0.5797974053202403,0.295398487951911,,,,,,,,,,2.552367935223107,0.1764566634883878,0.116239154884432,,,,0.688056579962647,0.044883134478243,0.0,0.3545241461410752,1.606149210771153,0.0,2.1073671067446345,0.1751779945521475,1.3143240354032213,1.2377349817559051,,,,2.9285408487443614,1.0241833227755002,0.6807401155634935,,,,,,,1.8928898188752896,2.371795588887633,,,0.9921516750884614,0.70307825998465,0.0,0.0,0.959104050329182,0.2975290683297568,2.176947246694748,2.817375277068592,0.3076209058396759,0.3679137653686438,0.3153001340060771,1.1429528489987653,0.4235846155711732,,,,0.7914417521517864,0.6150669820614022,0.0,,,,,,,,,,,,,,,,,0.7268020319067849,0.7924739852417406,0.0642856677546179,1.7914714055762362,1.2280626335254734,,,,,,,
1554156377,thermal100,1,0,10.271192585092924,4.7868512703599055,,0.0,0.0,,0.0,0.0,0.8450289096378281,3.502481559623804,,,,,,,,,,,,,0.0,0.0,,,3.6257252701948137,14.826569183923644,,,,,,,0.0,0.0,0.0,0.0,,,,,5.975793515542192,21.34598826457139,,,,,,,,0.0,,,0.0,0.0,0.0,0.0,0.0,,,,0.0,0.0,,,,,,,1.676793773928918,0.0,,,,,0.0,,,8.1550036010421,,,,,,,,,,,,,0.0,0.0,0.0,0.0,0.0,0.0,0.0,0.0,0.0,0.0,0.0,,,,0.0,0.0,0.0,0.0,,,,,,,5.882575369799459,5.100808238004754,0.0,0.0,0.0,0.0,,,,0.0,0.0,0.0,0.0,,,,,,,,,,,0.0,0.0,0.0,0.4905294868545296,,,,,0.0,0.0,0.0,,,,,,,,,,,0.0,0.0,0.0,0.0,0.0,0.0,,,5.847976769247029,2.726939891467012,7.642536695031009,1.4109349952051975,1.6665659263633203,4.358534905078918,3.2344110035051874,0.0,0.0,,,0.0,0.0,0.0,,,,,,,,,,0.0,0.0,0.093106681904689,,,,0.0,0.0,0.0,0.2219706331821669,0.184868314158167,0.0,0.0,0.0,0.0,0.0,,,,1.6697811578452002,0.0674435372543571,0.0,,,,,,,21.82733648666927,13.12884554018127,,,0.0,0.0,0.0,0.0,0.0,0.2974442938897763,0.0,0.0,0.0,0.0,0.0,6.343531301579942,9.701388381772045,,,,0.0,0.0,0.0,,,,,,,,,,,,,,,,,0.3431196235310974,2.668426575199633,3.8151363497285753,0.0,0.0,,,,,,,
1554156377,thermal100,2,3,1.892673174897629,1.3736522431548164,,2.270856065865217,3.9055405502219975,,1.6408217176553066,4.388614412205554,0.0,0.9113009865566676,,,,,,,,,,,,,0.5713171369810353,4.616283492924184,,,0.0,1.0853096390381758,,,,,,,0.4184435639138521,7.350429405115857,0.8227912466859095,9.865073246695989,,,,,1.0195264116689098,0.4890043349545045,,,,,,,,0.2942868136584321,,,0.8502499131940376,2.287149173893484,0.5603937134115796,0.1262293087290339,0.0236081109619308,,,,0.0,0.0,,,,,,,0.7257024209823354,0.5073217918993008,,,,,0.0,,,0.4843151154963639,,,,,,,,,,,,,0.8140336464261959,1.838989179055889,2.438788079164858,1.9540188774125464,1.86129106279664,1.1812225185544147,0.9979835506016688,1.149402809623375,0.0,0.0,0.0017359152039975,,,,1.2631700252140765,0.0557070690211869,2.526926280914438,0.0198335781744672,,,,,,,0.1886862808172812,0.2586667326056667,0.0,0.0,2.079078157779973,0.0,,,,1.0336259126942478,1.008404845833751,2.396376987194365,0.0,,,,,,,,,,,4.326590746814817,1.2710583699826932,2.807317375454427,0.1763726140377508,,,,,2.1778267608846766,2.7804943385953496,2.8423829568785592,,,,,,,,,,,0.0,0.0464055508511919,0.1120973968239584,0.0,0.0,0.0,,,0.902533765967214,0.0,1.2558749619606668,0.3039558563229285,0.5831136693526117,0.2512638116869619,0.6265455181563672,0.2693109826489637,0.4370793469803437,,,1.3213855246286434,0.4925898887251842,0.1544084547518597,,,,,,,,,,2.2780339785367336,0.1677274313657744,0.0985208018840707,,,,1.2923383173641945,0.0287767969040541,0.0,0.3794875472453889,1.349073573528462,0.0,2.3946018726857936,0.1801605629311552,1.6115453631048386,3.604779066739733,,,,4.323660244519298,1.2773873622471763,0.982248152800778,,,,,,,2.255977031571792,1.2864017760982605,,,0.5120748833036288,0.6741158988026464,0.0,0.0,0.9983883900771682,0.4638659839479367,2.4996701745490424,2.9346006637948068,0.0,0.0321105004768201,0.0002746496521802,0.0,0.2826961649645084,,,,0.590938136916619,0.898532325253346,0.3464127075505662,,,,,,,,,,,,,,,,,0.5324993697329072,0.0,0.0,0.9768953523019146,0.9402877568620404,,,,,,,
1554156377,thermal50,1,-1,33.4786866687333,10.317616260484709,,0.0,0.0,,0.0,0.0,0.0,1.5434793064576082,,,,,,,,,,,,,0.0,0.0,,,3.3951655240103014,15.47759935536059,,,,,,,0.0,0.0,0.0,0.0,,,,,16.926319914309865,36.02638095082525,,,,,,,,0.0,,,0.0,0.0,0.0,0.0,0.0,,,,0.0,0.0,,,,,,,0.5252607476880445,0.0,,,,,0.0,,,12.524752028671545,,,,,,,,,,,,,0.0,0.0,0.0,0.0,0.0,0.0,0.0,0.0,0.0,0.0,0.0,,,,0.0,0.0,0.0,0.0,,,,,,,6.673116978583908,7.804605331131313,0.0,0.0,0.0,0.0,,,,0.0,0.0,0.0,0.0,,,,,,,,,,,0.0,0.0,0.0,0.4499353709041397,,,,,0.0,0.0,0.0,,,,,,,,,,,0.0,0.0,0.0,0.0,0.0,0.0,,,6.055688083602543,2.397691430057284,17.058152397734897,0.8847591798183849,0.7935434266104084,13.789050403574082,10.146145994586131,0.0,0.0,,,0.0,0.0,0.0,,,,,,,,,,0.0,0.0,0.0866172116409763,,,,0.0,0.0,0.0,0.2383683451210974,0.0,0.0,0.0,0.0,0.0,0.0,,,,1.2383277304308826,0.0545670868554859,0.0,,,,,,,45.32777587096297,12.58764277309479,,,0.0,0.0,0.0,0.0,0.0,0.0,0.0,0.0,0.0,0.0,0.0,6.399622904890289,13.04835855673,,,,0.0,0.0,0.0,,,,,,,,,,,,,,,,,0.2380496048002815,1.6153399489789244,2.223642469615184,0.0,0.0,,,,,,,
1554156377,thermal50,2,2,4.923953693474547,2.53439684792783,,1.536138615303658,5.9691197499071,,1.9188413898256047,4.324665630660775,0.0,0.0,,,,,,,,,,,,,0.0,1.690411558881196,,,0.0,0.0,,,,,,,0.0,10.303610035279975,0.0,15.329026663206546,,,,,1.483371251410079,0.0,,,,,,,,0.2359194140276312,,,0.4018334638581787,0.0,0.4390700764153453,0.1690000547631158,0.0650227118631816,,,,0.0,0.0,,,,,,,0.6795715053592272,0.4793101369878745,,,,,0.0,,,0.0,,,,,,,,,,,,,0.4007407058030057,3.067571463167661,4.965757469906251,2.4981385977715576,2.4802041047365617,1.173000031144562,1.046261778623348,1.2486349540266035,0.0,0.0,0.0,,,,0.8375962378596276,0.2055858717407188,4.184973710996107,0.0,,,,,,,0.0,0.0,0.0,0.0,1.264826892628623,0.0,,,,0.7511757150668912,0.3703771563760087,4.381962144142962,0.0,,,,,,,,,,,4.00726887372846,1.1402920084462724,1.9030276410281155,0.2151114062005764,,,,,5.173713558933287,3.373780638046979,2.807658752327633,,,,,,,,,,,0.0,0.0,0.0,0.0,0.0,0.0,,,0.6549252723311604,0.0,1.1549405430643953,0.2735764622185763,0.0,0.0,0.0,0.0,0.0944136739238653,,,0.625773057555247,0.2642794757688761,0.059782100659046,,,,,,,,,,1.970777193658645,0.1730670719456555,0.1007888310839143,,,,1.0378137751384158,0.0101389631589827,0.0,0.3826708133242528,1.3726574749979552,0.0,2.071839120283872,0.1847210435936195,1.4478788007462584,1.995958328287724,,,,5.044556396904807,1.297660379749284,1.0107128600792388,,,,,,,6.335725200772837,2.716876327445904,,,0.3371891338517092,0.6421254232708348,0.0,0.0,0.0,0.466790748088763,5.204451937392802,3.117210415481873,0.0,0.0,0.0,0.0,0.0,,,,0.0,0.8008215992435403,0.1307481675756555,,,,,,,,,,,,,,,,,0.3374670776824809,0.0,0.0,0.5087687995807582,0.8852724789750067,,,,,,,
1554156377,thermal25,1,-1,30.57904245851887,9.05970148627158,,0.0,0.0,,0.0,0.0,0.0,1.7831476862933373,,,,,,,,,,,,,0.0,0.0,,,2.6803148942267248,16.249861920720075,,,,,,,0.0,0.0,0.0,0.0,,,,,17.01518121129735,34.67988316740692,,,,,,,,0.0,,,0.0,0.0,0.0,0.0,0.0,,,,0.0,0.0,,,,,,,0.7238978557147983,0.0,,,,,0.0,,,16.496208404669552,,,,,,,,,,,,,0.0,0.0,0.0,0.0,0.0,0.0,0.0,0.0,0.0,0.0,0.0,,,,0.0,0.0,0.0,0.0,,,,,,,7.195584063886606,2.58777583490542,0.0,0.0,0.0,0.0,,,,0.0,0.0,0.0,0.0,,,,,,,,,,,0.0,0.0,0.0,0.2116390552293878,,,,,0.0,0.0,0.0,,,,,,,,,,,0.0,0.0,0.0,0.0,0.0,0.0,,,4.925799726393413,2.401710150824796,17.380131454207824,0.8523003619886133,0.7806138378880498,14.362757313864702,10.597611973068284,0.0,0.0,,,0.0,0.0,0.0,,,,,,,,,,0.0,0.0,0.0102095131892258,,,,0.0,0.0,0.0,0.2475774372623738,0.0,0.0,0.0,0.0,0.0,0.0,,,,0.0,0.0,0.0,,,,,,,45.49046318903944,11.81037419750793,,,0.0,0.0,0.0,0.0,0.0,0.0,0.0,0.0,0.0,0.0,0.0,6.382724643082399,13.88900325085438,,,,0.0,0.0,0.0,,,,,,,,,,,,,,,,,0.2305313401412623,1.6465196659205603,3.630941475342627,0.0,0.0,,,,,,,
1554156377,thermal25,2,3,1.7655707630407838,1.327819428899216,,1.9156620869606067,3.881950717399589,,1.5917177846744164,3.723749051310722,0.6260403151533271,1.0730069984081236,,,,,,,,,,,,,0.5239558954661806,3.2082047151397184,,,0.4063684606191572,1.743256966295002,,,,,,,0.3834109556837948,3.021456001430261,0.8328190555472291,5.414476844709495,,,,,1.0007926970146916,0.3656293433623887,,,,,,,,0.2378471359694126,,,0.6257459400221881,2.122136078834479,0.8198597623770214,0.3290113370619202,0.1669197988350289,,,,0.0,0.0,,,,,,,0.656925608111567,0.7377179520691161,,,,,0.0,,,0.6426018343876334,,,,,,,,,,,,,1.075562234704054,1.828580010128959,1.647823483480761,1.6680525292727082,1.7773616768461826,0.9158324113973578,0.9429247615263012,0.5542566398101509,0.3878427225486908,0.0,0.0,,,,1.2185983092295374,0.3848537664123431,2.596272896861829,0.0649716500354511,,,,,,,0.226106779089093,0.9932032498458424,0.3335197056878524,0.0,2.054565865055892,0.0,,,,0.9851992422463997,0.2524585466341095,1.8336005678676504,0.0,,,,,,,,,,,2.5702007397755566,1.295650694511671,3.2144385197058343,0.1659940027061982,,,,,1.9441973111844204,2.489509886773297,2.089905682758776,,,,,,,,,,,0.0,0.0,0.0,0.0,0.0,0.0,,,0.98276642202242,0.1392661132995555,1.4778991691409935,0.1495681812455082,1.179857544399164,0.958548624925082,0.6477213947473279,0.4036289793819173,0.3522597790966763,,,1.1834369443407105,0.2989111647585878,0.1253163197089946,,,,,,,,,,2.247826374978195,0.1523443405008571,0.1019538905969902,,,,1.1967892508034663,0.0401021463522496,0.0,0.3512383317173136,1.6679318218664747,0.0,2.372578123619195,0.1571557758297097,1.4120305345378317,1.2909824906921434,,,,3.5385608293101423,1.000098983553479,0.7441013291056131,,,,,,,2.152644266872109,2.071354131493746,,,0.8575490406443302,0.6358404261640836,0.0,0.0,0.9880400501355971,0.3148661559320266,2.5423841400503817,2.56729190564723,0.0780290044316113,0.3219225352662946,0.2380176221289904,0.8260375886337029,0.4458970785100907,,,,0.8722082358449,0.6303999731357939,0.3609903785436706,,,,,,,,,,,,,,,,,0.679152410804284,0.5064009688588155,0.0,1.459444423127124,0.9427134727667004,,,,,,,
1554156377,interval2800-3200,1,-1,1.0000000000000002,1.0,,2.7179702871496514,2.414560553588005,,1.6677508837521509,4.224200590576866,0.1524747539241723,0.9486260873629327,,,,,,,,,,,,,0.2418995231993901,2.7684458284331868,,,0.0,1.789594666038732,,,,,,,0.0,2.290065946578255,0.668326238761826,6.140833653112908,,,,,0.8451870850266961,0.5245677090295043,,,,,,,,0.2365679531298933,,,4.438896343729147,3.7411921278379774,2.482065166545842,0.6747289183633237,0.4205238785142394,,,,0.3567324586807968,0.5983845157586479,,,,,,,0.4558282355926448,1.919845367141136,,,,,0.248352277888129,,,1.0942751746604382,,,,,,,,,,,,,1.0932198236899218,2.003266138786068,1.6503581005030143,0.9146954381095208,1.882470634681829,0.0,0.2725428485210956,0.5071077305972922,0.239475172482876,0.0,0.0,,,,1.7218845643526457,0.2502991094024628,2.6447348296457083,0.0443309097253338,,,,,,,0.7972678684571662,1.025419328572784,0.2423571588960126,0.6098229229648562,2.2426905845233107,0.2871064345973146,,,,1.6931160668929934,2.4037888370795275,1.9074148548606624,0.0,,,,,,,,,,,1.45968462005633,0.2615523210031457,3.1017289441661555,0.0,,,,,1.4811069087524134,0.8223934122358605,0.9622286138930856,,,,,,,,,,,0.0,0.024608025776157,0.0886833517295632,0.9388908992179156,0.2850410196839471,0.2374503446843381,,,1.0000000000000002,1.0,1.0,1.0000000000000002,1.0000000000000002,1.0,1.0,0.0,0.0,,,1.557423887702201,0.0540243727810352,0.0,,,,,,,,,,0.9931744421244658,0.1097171499618206,0.0,,,,0.3177129363363881,0.0,0.0,1.2758137912925065,3.805045943534088,0.0,1.768507876417605,0.0,1.0000000000000002,1.0,,,,1.8054255740923864,0.3533341427503996,0.0,,,,,,,1.0,1.0,,,0.4858430344962425,0.0074812027384606,0.6160519313368175,1.1477727919490488,1.0012299967626397,0.1016876984951686,0.8141242203608406,0.4265915243151474,0.8074587298954055,0.8427519039189688,0.7372409893959301,1.9186521880798009,0.3379766122045315,,,,1.1810730708464332,0.0716853961612507,0.0,,,,,,,,,,,,,,,,,1.0,1.0,1.0000000000000002,1.2307763907044262,0.3663159978861638,,,,,,,
1554156377,interval2800-3200,2,3,1.0000000000000002,1.0000000000000002,,1.6436496817815056,1.2883874730412708,,1.1403230872243475,1.4765286657983494,0.9765547460917456,1.0758339777557688,,,,,,,,,,,,,1.0272905504199004,1.233714521472728,,,1.0126450248648664,1.56403980873519,,,,,,,0.9074384627041732,1.2336942068751695,0.9457342535786684,1.5885095178032642,,,,,0.9971948978040964,1.0087416744048243,,,,,,,,0.39204996308974,,,1.798986032816042,1.2372195989152004,1.4576714355625622,0.4957591582413772,0.3021487781164659,,,,0.4821498543470739,1.0075398125009611,,,,,,,0.8319966218660025,1.0594136177258906,,,,,0.425640689810802,,,0.9763125779724102,,,,,,,,,,,,,1.1317662096093095,1.10873485978287,1.103172126142815,0.92260949686523,1.181674878259303,0.1817520564570524,0.4558785318286951,0.5579299090664793,0.796648885337445,0.0630837534637103,0.1587330912836654,,,,1.23920341131905,0.431319795736023,1.4961199253949593,0.1079517682662587,,,,,,,0.948676930620646,0.9883646357640008,1.116367094568836,0.8080818998588502,1.4242493035088966,0.0,,,,1.1032430028193827,0.9786390950641904,1.1882941442948396,0.0235086997026737,,,,,,,,,,,1.2766358929999937,0.6217616828848448,1.5737550348902627,0.0,,,,,1.0721460511886185,0.970118992216426,0.9480324464309202,,,,,,,,,,,0.5414340796868714,0.0746416854754041,0.067352457820394,0.7578015630163676,0.1382676865831989,0.1399063304844622,,,1.0000000000000002,1.0000000000000004,1.0000000000000002,1.0000000000000002,1.0000000000000002,1.0000000000000004,1.0000000000000002,0.6696517407746931,0.7092555596881904,,,1.023900649925015,0.3879824812105382,0.1476037696353478,,,,,,,,,,1.0462572911833634,0.0742124574287962,0.0,,,,1.136578832371905,0.0046956052335935,0.0,1.225459333350409,1.2183757904401429,0.9711071627564084,1.1992187779798535,0.0283210172831316,1.0000000000000004,1.0000000000000002,,,,1.054041080406665,0.7180269322442442,0.4746984288997267,,,,,,,1.0000000000000002,1.0000000000000002,,,0.8604580859745093,0.2929365491049261,0.772483081337794,0.7242255486779445,1.0192987169489376,0.7148629770096808,0.9810056078854636,0.8440469636762039,0.5035792476458261,0.5757052652203662,1.0426005399662042,1.1041162537135671,0.9787517711056388,,,,0.9900000390504404,0.6995177861180686,0.5927981101082576,,,,,,,,,,,,,,,,,1.0000000000000002,1.0000000000000004,1.0000000000000002,1.0593390925530572,0.8520339496980494,,,,,,,
1554156377,interval4200-4700,1,0,1.7163066375729157,1.2663242652330775,,1.0,4.39075091267879,,1.0,2.730392307416593,0.7292551973193172,1.012885169229556,,,,,,,,,,,,,0.8873096235122686,1.2260170110328736,,,0.879108086839548,1.8272787538797133,,,,,,,0.5173304452621105,1.133704313158045,0.5485444994630714,1.2827413256355324,,,,,1.0332663746486028,1.075070054729978,,,,,,,,0.5757465984089027,,,0.9404659406983292,1.288751170731644,1.1194555956504255,0.3378037748244057,0.2930906834695547,,,,0.1964857753136811,1.6079465907506123,,,,,,,0.7325697110466053,0.9507700354984648,,,,,0.0,,,0.8601405145356151,,,,,,,,,,,,,1.0,1.0,1.494632653516738,1.4226635486842565,1.400231016003619,0.5361878356690509,0.2765725734343003,0.3592175713126095,1.1277106925248306,0.2804443640708632,0.4212798814410323,,,,1.291537549921613,1.1014283079903822,1.3014767335354285,0.6263838353743745,,,,,,,0.8006976341286817,0.9279476720758348,1.4688102426250005,1.0005321780019438,1.4037153364932715,0.0,,,,1.0,1.0,1.0,1.0,,,,,,,,,,,2.5460811018128404,0.9235083936603524,2.447436934070818,0.0,,,,,1.0,1.0,1.0,,,,,,,,,,,1.0,1.0,1.0,0.2445326176125891,0.0045153437496965,0.0,,,1.0,1.0,1.0,1.0,1.123749605934492,1.0904646266243214,0.819025737832412,0.8567818873738454,0.8583458689393846,,,1.0678664562759794,0.804504398681749,0.4460712561648207,,,,,,,,,,1.361967643839812,0.0985129402841767,0.0689853745664381,,,,1.0804584505346704,0.0,0.0,0.2877914019412445,1.6118865288977295,0.0,0.7780862377138608,0.4010181883263116,1.0,1.0,,,,0.6127067677292561,0.4126918155015789,0.0,,,,,,,1.0,1.0,,,1.2599680493750185,0.3304695434035372,1.358630915614218,0.3669664060637814,0.8365399572045747,0.0610491734526035,1.3015029323468357,1.246322654524084,0.3675527443518546,0.364920379004737,0.6960737844997429,1.2398795849326734,0.558644308493926,,,,1.120053856284602,0.9893980097162236,0.4602206000948167,,,,,,,,,,,,,,,,,0.633383488542646,1.0477544462762531,0.466286966538403,0.9611861472065284,0.5731807459063112,,,,,,,
1554156377,interval4200-4700,2,2,2.3817759671156926,1.351920027574619,,1.0,5.884527457457109,,1.0,3.117364595365352,0.0,0.7144052023947103,,,,,,,,,,,,,0.6711064486935714,1.4813786216745772,,,0.0,0.8623915110325252,,,,,,,0.2015287226453227,1.2772398840708974,0.3353130048413604,1.621661422090547,,,,,1.218246946081647,1.2113318956879515,,,,,,,,0.5115328840326864,,,0.8673342729506738,1.4614446918263535,1.4780774131118606,0.3517050755334267,0.3010674183763764,,,,0.1217542247247831,1.864676420061572,,,,,,,0.6997019605062402,1.1708443619976752,,,,,0.0,,,0.7205318911288497,,,,,,,,,,,,,1.0000000000000002,1.0,2.2975926218799496,1.819642042936784,1.458692511623199,0.4381402780933339,0.2541602131033485,0.3659909542960417,1.5947268773921652,0.1951506909189256,0.3810639053809522,,,,1.498976764323002,1.149945678977115,1.2423018136596158,0.7412765586499569,,,,,,,0.5446229656705927,0.7555906873429052,2.2500411779229186,0.863662291444944,1.434410453173605,0.0,,,,1.0000000000000002,1.0,1.0,1.0,,,,,,,,,,,3.5924601743905944,0.8203950611461864,2.300331522281194,0.0,,,,,1.0,1.0,1.0,,,,,,,,,,,1.0,1.0,1.0,0.0,0.0,0.0,,,1.0,1.0,1.0,0.9999999999999998,1.1362225249075573,1.170306738155246,0.6243263484177722,0.7992294870438886,0.7128303378613161,,,1.1074076322781994,0.8091912178681872,0.4234195028580549,,,,,,,,,,1.442806987162834,0.0969453541125938,0.0869499215537953,,,,1.1700718442808642,0.0,0.0,0.2489001390776705,1.737772656440092,0.0,0.3523557170847635,0.4366167798274496,1.0000000000000002,1.0000000000000002,,,,0.1198187341378177,0.3811610529779904,0.0,,,,,,,1.0,1.0000000000000002,,,1.3761196225626344,0.3048726498592198,1.571681364625191,0.3005466748412678,0.7363038622849964,0.0,1.6010950206142458,1.5515727701374096,0.4789789697101126,0.3891180146018504,0.5302446857568726,1.5207833573325806,0.0153689973060601,,,,1.3194145707988936,1.0600662634428288,0.3611345418481393,,,,,,,,,,,,,,,,,0.488749555198764,1.06644178345038,0.107230067175206,0.9478761078604564,0.2795383794553281,,,,,,,
1554156377,interval5200-5800,1,-1,2.7122703349308583,1.745617519747179,,1.0000000000000002,6.316108748616937,,1.0000000000000002,3.5260597011833106,0.0,0.7489224451709332,,,,,,,,,,,,,0.1010444473672426,1.6434158793108014,,,0.0,1.6781913833289304,,,,,,,0.0,1.173207109877482,0.0,1.3081429524340027,,,,,1.6238249766985795,0.0,,,,,,,,0.320949919806634,,,0.0321388202139485,1.540108117214538,1.5587781270145715,1.1392619743531978,0.7647003704098875,,,,0.0662801752596084,1.4788493640574845,,,,,,,0.6665401476286461,1.3438057307316793,,,,,0.1428306392526464,,,0.1535514117368548,,,,,,,,,,,,,1.0,1.0,3.6777971506367777,3.1674501078578667,2.0504503732189314,0.3170386858281903,0.1185463382510248,0.3022678540586023,1.5662693976000832,0.0,0.0,,,,3.6406684007352985,3.4819484384282178,1.9363585291348624,0.0,,,,,,,0.0,0.0,1.361032025358892,0.645809213073199,1.1862084819576342,0.0,,,,1.0,1.0,1.0,1.0,,,,,,,,,,,4.364073254733497,0.6282162879956898,3.2716835701857154,0.299554357548397,,,,,1.0,1.0,1.0,,,,,,,,,,,1.0000000000000002,1.0,1.0000000000000002,0.0,0.0,0.0,,,1.0,1.0,1.0000000000000002,1.0000000000000002,1.5663696550714143,0.9834107702182728,0.0,0.6292535680042187,0.4791998737735182,,,2.2734947340809755,1.830464222187689,0.8151814542699607,,,,,,,,,,2.0733720782038807,0.1682476984528066,0.0983552653902892,,,,0.0,0.0,0.0,0.2373960006151508,1.5530023073503154,0.0,0.0,0.1079312557125412,1.0,1.0000000000000002,,,,1.4786414999648123,0.0,0.0,,,,,,,1.0000000000000002,0.9999999999999998,,,3.2698634839226624,0.737600421551888,0.0,0.0,0.0,0.0,2.5705942410594527,3.906824165784907,0.9287762271709896,1.0015755816748917,0.0709632470136567,2.547140710850804,0.0,,,,1.543342583225223,0.0718790061138581,0.0,,,,,,,,,,,,,,,,,0.8718653931147792,0.654038490080756,0.0,3.309936180719395,0.3759409776864845,,,,,,,
1554156377,interval5200-5800,2,2,2.1413927435887707,1.4874430603930044,,1.0,4.312842653199184,,1.0000000000000002,4.411086858564675,0.0575406830535863,0.9413043960305316,,,,,,,,,,,,,0.4353128932658627,1.2965148801534732,,,0.0,1.8725316279759605,,,,,,,0.0,1.214609256318621,0.278373242333914,1.2079764293335618,,,,,1.1847233630111729,0.4152894387600837,,,,,,,,0.4460607156470749,,,0.0991754831593051,1.4454738493409232,1.6477647591666469,1.139579488552575,0.7358330802479556,,,,0.1230435252340351,1.3816705152166686,,,,,,,0.7241341424176734,1.023971090168883,,,,,0.0592432534798981,,,0.5546765506012381,,,,,,,,,,,,,0.9999999999999998,1.0,3.250327347339094,2.474006681677771,1.717089335550087,0.1651536002270139,0.3298853699826342,0.2956523765109837,1.2821020324876191,0.0,0.0,,,,3.1935240481774287,2.632205760648421,1.6499905695883623,0.0312573503027056,,,,,,,0.0,0.0,1.2486324013973953,0.8460605782559365,1.1260840573648556,0.0,,,,1.0,1.0,1.0000000000000002,1.0,,,,,,,,,,,4.852087476020017,0.9369364118497792,2.964725789069937,0.3646139801786578,,,,,1.0,0.9999999999999998,1.0,,,,,,,,,,,1.0000000000000002,1.0,1.0,0.0,0.0,0.0,,,1.0,1.0,1.0000000000000002,1.0,1.5440396653990909,1.058570715369218,0.5390981424044846,0.6641575068229482,0.5615287757133527,,,1.7027796448850934,2.04679062505196,1.1112833229054828,,,,,,,,,,2.263029289339141,0.1729029991310876,0.1112358743208943,,,,0.0,0.0,0.0,0.2658052379538675,1.5429444045271967,0.0,0.4594975354399448,0.1800714577382833,1.0,1.0,,,,1.7808810883599375,0.0,0.0,,,,,,,1.0,1.0,,,3.016841209848181,0.8217093720811751,0.0,0.0,0.3093495908866162,0.0,2.189980995118637,3.7941982756828367,0.7213491813873267,0.9731145511419856,0.1557369613631643,2.2124644398273943,0.0,,,,1.3500605098720504,0.2549152746804337,0.0,,,,,,,,,,,,,,,,,0.944947209698882,0.7799236470984319,0.0,2.39956725764387,0.5668374760912758,,,,,,,
1556138397,nomask,1,1,1.2451774265065547,1.0845169740183709,,0.8497316241592808,1.5069567810557123,,0.9856676120074184,1.7920012979258495,0.8180830133283513,0.9191717784288178,,,,,,,,,,,,,0.0457353857651852,0.1858965485092669,1.2690211495613335,1.739573830727351,0.8325491192990868,0.739918887505376,1.1965946439674702,1.2382848650722684,,,1.936256617377093,1.933473254535154,0.5562928582658645,0.7424808332778169,0.8377920031859379,1.2022640217887413,,,,,1.0531987369565603,1.4636598558613614,,,,,,,,0.5162851197812223,,,0.0876414684657299,0.0,0.9951613614904428,1.060621731339858,1.0055976510544202,,,,0.4169432484594897,0.0820825905883341,,,,,,,1.1606467193278054,0.247418948150163,,,,,0.1963829065921284,,,1.1579457414550798,,,,,,,,,,,0.9704418223952244,1.1048756055843874,0.0,0.0176062588447923,1.567071803520701,0.7808874113052742,1.1113189021249683,1.2784492735792037,0.5355652598327055,0.4993780880673436,0.9437038845899894,0.1882668474174781,0.3437367587793903,,,,1.1328683884498465,0.0,1.0655335530430468,0.198747342259111,,,,,,,0.8637118694646703,0.931201587602683,0.4954173796835527,0.0,0.980663292620428,0.0,,,,0.8633938415554957,0.2462441034143554,1.03685271834385,0.0,,,,0.6077057640507892,0.0,0.0,,,,,2.6521533699998088,0.404157824775966,1.2238285772603934,0.0901902306105655,2.0062631724554274,2.451637646922105,,,,,,0.9376470858545234,0.5962423267347942,0.0276318549200485,,,,,,,,,,,0.0,0.0,0.0,0.2668243798610544,0.0,0.9705662455681754,0.2094400277739018,0.9733026232743648,0.5452460105271381,,,,0.7043632532444751,0.8073044172652869,,,1.0616288297673524,0.6591383134551573,0.6041278379236372,,,,,,,0.0,0.0,0.0,1.2022688195405755,0.0795514342940224,0.0421277874740028,,,,0.0,0.0,0.0,0.407615910603049,0.2874522424252527,0.0850720164646783,0.7721097670818997,0.2558423961762281,0.7838502334783529,0.0,,,,1.2906909966191948,2.505410651877836,1.8126581208162664,,,,,,,0.6047919856046354,0.0186669726340094,0.8867215097399923,0.0,,,,,,,,,0.1769364777520774,0.2982645812413498,,,,,,,0.0546530507056207,0.1141457041691483,0.0,2.675111623798768,1.6190409829386094,,,,,,,2.2334270559294525,0.3672970002706866,,,,,,,,,,,,0.8452397620452177,0.0,,,,,
1556138397,nomask,2,1,18.394407299874366,8.241021256011935,,0.0,0.919365615243348,,0.0,1.4982187735474306,0.0,0.0,,,,,,,,,,,,,0.0,0.0,0.0,107.77319485296589,0.0,0.0,0.0,11.25471305614742,,,0.920913649356852,0.0,0.0,0.0,0.0,34.155561588872814,,,,,6.308791149082495,1.93685375036754,,,,,,,,0.4312819853468482,,,0.0,0.0,0.0,5.662693290505239,0.0,,,,0.0,0.0,,,,,,,0.4575573447023361,0.0,,,,,0.0351361846465625,,,4.534488655210993,,,,,,,,,,,0.0,5.777413249047319,0.0,0.0143274633319442,10.61694659674093,0.0,0.0,1.5154693588775237,1.0175837118754567,1.233541608829515,0.0,0.0,0.0,,,,0.0,0.0,0.0,0.197438566073357,,,,,,,0.0,0.0,0.0,0.0,0.0,0.0,,,,0.0,5.889379564313636,34.25169498268889,0.0,,,,0.0,0.0,0.0,,,,,2.782174747652913,0.0395373822658714,0.0,0.0899287853855344,1.4097079080819763,1.7345597596600135,,,,,,0.0,0.4261291798842535,0.0,,,,,,,,,,,0.0,0.0,0.0,0.0,0.0,0.0,0.0,0.0,0.3140231156118239,,,,0.0,0.0303037177596675,,,0.0,0.6629904310090659,0.3585893744351983,,,,,,,0.0,0.0,0.0,0.5469875572372781,0.054920234663893,0.0332726443335218,,,,0.0,0.0,0.0,0.3317735704262471,0.0,0.0,1.508907240138093,0.0,0.0,0.0,,,,0.0,3.8663772297823535,2.478774170748719,,,,,,,0.0,0.0,0.0,0.0,,,,,,,,,0.0,0.0,,,,,,,0.0,0.0436572580016366,0.0,6.948108026668669,2.488053478828567,,,,,,,1.8800377345215664,0.4058652285861417,,,,,,,,,,,,0.0,0.0,,,,,
1556138397,deg1,1,0,2.4364463928515216,1.4197558696192645,,0.2199073474079142,2.498724843710012,,0.951145331343633,1.789820010176933,0.0,0.4643880049943503,,,,,,,,,,,,,0.0,0.0,0.3823185131712722,3.682569882339996,0.0,0.0,0.758930582552408,1.8388626586426124,,,1.8631939119910803,2.6894951219458254,0.0,0.0,0.4391552584308942,1.2405151370630338,,,,,1.602334497275197,4.054479908276829,,,,,,,,0.3999597280276807,,,0.0032903214279807,0.0,0.9014401405701372,1.5251179064917133,0.9265189232955146,,,,0.3617528024562566,0.0,,,,,,,1.062946190891758,0.0,,,,,0.0871735280943478,,,2.139854459978148,,,,,,,,,,,0.7783881030397676,1.7228461376024329,0.0,0.3117811257106688,3.3245304014511103,0.7628580157537213,1.3805147410240677,1.6617858887898689,0.96762152260307,1.0498010713529973,0.6570812222064837,0.0102457916704248,0.1311636577046157,,,,1.2084577199390265,0.0,1.763118648166521,0.2041512316582594,,,,,,,0.2445330125879558,0.4062525690441772,0.0,0.0,0.5830525589434152,0.0,,,,0.0,0.0,1.257731426341914,0.0,,,,0.0,0.0,0.0,,,,,3.80608065174194,0.423346629076648,0.836032964324653,0.0591705114869751,3.788365469517599,3.297742409584091,,,,,,0.0,0.2441828086286086,0.0,,,,,,,,,,,0.0,0.0,0.0,0.0,0.0,0.590456476249472,0.0,0.7734225574759499,0.3628018905201646,,,,0.201034332611363,0.4772103128744837,,,1.2822239913725249,0.6175607126992152,0.5802441495229134,,,,,,,0.0,0.0,0.0,0.7583552260016265,0.0675667035872887,0.0355940775421747,,,,0.0,0.0,0.0,0.3328293640253775,0.0,0.0,0.9585452262506928,0.4157838771847301,0.0,0.0,,,,0.2349913468219326,3.2094520508994475,2.030177134190078,,,,,,,0.0,0.0484937030028065,0.0,0.0,,,,,,,,,0.0,0.0,,,,,,,0.0,0.1148642139817683,0.0,4.550272463055586,1.300596382552067,,,,,,,1.5538857834686153,0.3176268096244485,,,,,,,,,,,,0.0,0.0,,,,,
1556138397,deg1,2,3,1.6282196344564264,1.2037765344044815,,0.7383853931030288,1.7896331274719175,,1.0180807363505535,2.203055614571773,0.035417367780551,0.7088979369743605,,,,,,,,,,,,,0.0,0.0,2.6327871651488883,9.656781498081896,0.0,0.0,1.9465081535613007,3.512450656485536,,,4.473568846689865,9.198436995904782,0.0,0.0,1.7597364297024534,5.385185145476513,,,,,1.2956445780939303,2.081130169127933,,,,,,,,0.4419707249440729,,,0.0,0.0,0.9362493333590932,1.3003112523389957,0.8187679391338105,,,,0.330422472354925,0.0,,,,,,,1.0405335843817063,0.0,,,,,0.1452834948683538,,,1.7586135941908805,,,,,,,,,,,0.8967342267060615,1.357051715270219,0.0,0.1670584938484132,2.804658527753704,1.1087788505272411,1.2535713890893316,1.4896752628569498,0.8957796520225222,0.9698263152954352,0.5764573636428745,0.0519019658565667,0.1783716380644468,,,,1.2366439811060097,0.0,1.1306074095519647,0.1822001880036566,,,,,,,0.5785973689334667,0.5118934598516466,0.0,0.0,1.1499412759095105,0.0,,,,0.1954851023176781,0.5618727164675679,1.23296241853023,0.0,,,,0.0,0.0,0.0,,,,,4.288534976415783,0.2946554152779324,0.9101233384059074,0.0841897104637306,2.7582426432635,2.8963451036627825,,,,,,0.6691978358166109,0.3817131886703152,0.0,,,,,,,,,,,0.0,0.0,0.0,0.0,0.0,0.6582138010553565,0.0,0.8466893859472765,0.376330403870711,,,,0.3633673421333468,0.5730883889001461,,,1.150794517183598,0.6232150235936698,0.5385256878830716,,,,,,,0.0,0.0,0.0,0.8882112721193307,0.0710171017547263,0.0415196054885492,,,,0.0,0.0,0.0,0.3083390896064839,0.0,0.0,1.450339367519479,0.2447201541218793,0.0,0.0,,,,0.9906970547427298,3.3106643541447576,2.284106071071212,,,,,,,0.1246176260070301,0.0,0.3399857164398943,0.0,,,,,,,,,0.0,0.0,,,,,,,0.0,0.1107615186747227,0.0,4.361029225653714,1.8800168351395408,,,,,,,2.164391719376648,0.3186525712280542,,,,,,,,,,,,0.2567338572761637,0.0,,,,,
1556138397,deg5,1,0,2.4130881367371906,1.3987899322318815,,0.0805240693927778,2.530370073688183,,0.9152732775924838,1.7635760369304208,0.0,0.5591162104151801,,,,,,,,,,,,,0.0321465830169777,0.0,0.5109291836455665,2.237600721497868,0.0,0.0,0.7628177043872155,1.3053331675670554,,,1.561076236989339,0.9096740740955048,0.1073693288127612,0.0,0.50474445138174,0.790806254871443,,,,,1.6605528996843248,4.21771468366226,,,,,,,,0.4066724189976994,,,0.0210487949154081,0.0,0.8927291126858024,1.5437012288104226,0.9083936457749788,,,,0.3603827634967807,0.0,,,,,,,1.090736654754574,0.0,,,,,0.1106112677088626,,,2.054558172060988,,,,,,,,,,,0.7527755590436105,1.6516530570562538,0.2375147272035219,0.3677182160312954,3.211264477808649,0.7194553021313081,1.3332033016156202,1.5876383806896317,0.9069953924576732,1.022565402096986,0.6076844102052097,0.0742574567112283,0.1552860923795148,,,,1.2047192582264317,0.0,1.7963326869831144,0.1938183591129484,,,,,,,0.1608311750206381,0.3653739271181496,0.0,0.0,0.3843530990840478,0.0,,,,0.0,0.0,1.0376734289584684,0.0,,,,0.0,0.0115444807114128,0.0,,,,,3.8561823818931913,0.4437442223122021,0.9428646870554416,0.083089733329906,3.9116267298396936,3.8609554444043246,,,,,,0.0,0.2874814476318741,0.0,,,,,,,,,,,0.0,0.0,0.0,0.0,0.0,0.6099174319147117,0.0,0.8516035241160063,0.4226173359826832,,,,0.2937460467195474,0.5756497224268855,,,1.4652037789082843,0.6152128748531833,0.6153103442030909,,,,,,,0.0,0.0,0.0,0.859500090945469,0.0740546474137099,0.0376614140059628,,,,0.0,0.0,0.0,0.3571934402534675,0.0,0.0,1.0590692253942269,0.4399065026426539,0.0,0.0,,,,0.3494231256889254,2.850754333340728,1.8624738214781509,,,,,,,0.0,0.2323890383601713,0.0,0.0,,,,,,,,,0.0,0.0,,,,,,,0.0,0.1188251996623693,0.0,4.372269505395264,0.979371024042568,,,,,,,1.1767281253648243,0.2770451599067734,,,,,,,,,,,,0.0,0.0,,,,,
1556138397,deg5,2,3,1.6221292956754214,1.1935395730343847,,0.384715155833271,1.8371103513348088,,0.907519051950167,2.149665806116458,0.0867384797497365,0.7909979100241584,,,,,,,,,,,,,0.0290532999589687,0.0,0.7237622760225383,1.437998963905509,0.0,0.1881927262768903,0.9106913478414552,1.0982797305527237,,,1.743257432882423,0.9529608345038014,0.406752186536036,0.5895357076234533,0.5862265528316347,0.906472769818056,,,,,1.2807709415103896,2.537120790034336,,,,,,,,0.4727338408149826,,,0.0423487396942447,0.0,0.9333978677425684,1.311200184096758,0.7853247087132819,,,,0.4570461933363493,0.0,,,,,,,1.12332487414643,0.0,,,,,0.1648334021286614,,,1.718725142336443,,,,,,,,,,,0.8806314839942677,1.355482060057022,0.4430983378611385,0.4317206967574092,2.738908404808608,0.7530946116715751,1.145994125461501,1.4416557358989168,0.8090036781137201,0.8964317555670152,0.6463879988494204,0.1459507587385065,0.2543417720182706,,,,1.3138488482433517,0.0,1.1387874486690015,0.1859234516857388,,,,,,,0.5055936966308606,0.4597817363558223,0.0,0.0,0.6556784181264868,0.0,,,,0.0448671515835551,0.0,0.9287663174614716,0.0,,,,0.0,0.0582418886396413,0.0,,,,,4.315927272551576,0.4422729468861304,0.9818922244893136,0.0852073739716232,2.971897611291811,3.5489347099096147,,,,,,0.7070766249719825,0.4275434789775382,0.0,,,,,,,,,,,0.0,0.0,0.0,0.0,0.0,0.7123386615783421,0.0923034107214017,0.94355174249946,0.4321350901897839,,,,0.4666112416145334,0.6875788636586346,,,1.1399797849740252,0.6140056703178702,0.6524282614772318,,,,,,,0.0,0.0,0.0,0.980063629989752,0.0776241624037476,0.043133380640043,,,,0.0,0.0,0.0,0.4286422221625318,0.0,0.0,1.4552664929744117,0.4125073102233031,0.0364295832485957,0.0,,,,1.026990101979869,2.9668503867980585,2.0521901307930874,,,,,,,0.3815698616555935,0.0,0.4303442851099697,0.0,,,,,,,,,0.0,0.0,,,,,,,0.0,0.1059328152601681,0.0,3.995041160299608,1.4699585497248149,,,,,,,1.805963679624725,0.311772927417861,,,,,,,,,,,,0.4303388543649438,0.0,,,,,
1556138397,thermal100,1,0,2.446469123632865,1.426101343012516,,0.2879943256142949,2.497070201455915,,0.966655556619672,1.7957495761507891,0.0,0.4337739215004528,,,,,,,,,,,,,0.0209180201925811,0.0,0.8866109649499128,3.333522478729289,0.0,0.0,1.2449981923161284,1.8730778964873789,,,1.6085821734663803,1.7033922705082478,0.0,0.0,0.5672667901596921,1.5048160554564955,,,,,1.581321983931362,4.044896258646332,,,,,,,,0.4305567777723563,,,0.0,0.0,0.8964936854919293,1.5244245323724923,0.9382466101650292,,,,0.3616537226056134,0.0,,,,,,,1.0719591139936406,0.0,,,,,0.0770532407948739,,,2.1697464393698507,,,,,,,,,,,0.7639573650989271,1.7398068055848923,0.2965261002567461,0.1801204538986311,3.349543145968364,0.72852901844006,1.4079624010582057,1.6489152852468216,0.9668771725311798,1.0447077866358885,0.6584441130184772,0.018838662800237,0.1425019349329369,,,,1.203256346989557,0.0097625119791736,1.7377634964755375,0.2109003828197893,,,,,,,0.2426973005345118,0.4084641198035206,0.0,0.0,0.6701902538801661,0.0,,,,0.0,0.0,1.3763680691492095,0.0,,,,0.0,0.0,0.0,,,,,3.800373067144335,0.4326385715077954,0.805299817047761,0.054366350567076,3.941002844683014,3.1537815143264107,,,,,,0.0,0.2563513239473997,0.0,,,,,,,,,,,0.0,0.0,0.0,0.0,0.0,0.5789452899852131,0.0,0.7536082377227854,0.3684479496700428,,,,0.1531561376731461,0.4399774874258271,,,1.3365657920818017,0.6234836241239772,0.5727295160464938,,,,,,,0.0,0.0,0.0,0.7866062592523708,0.0663910692234464,0.0359330920270777,,,,0.0,0.0,0.0,0.3568684052057905,0.0,0.0,0.966963117080158,0.4089365957712617,0.0,0.0,,,,0.2690196083581461,3.2553413112877725,2.028594364141325,,,,,,,0.0,0.0103121122763364,0.0,0.0,,,,,,,,,0.0,0.0,,,,,,,0.0,0.1085701535658055,0.0,4.57058728651184,1.37251310041874,,,,,,,1.3251508213195995,0.3326716898182331,,,,,,,,,,,,0.0,0.0,,,,,
1556138397,thermal100,2,3,1.6263422135195658,1.201138968604803,,0.5786777321410242,1.8484611344922024,,0.9711196095792496,2.1829606175383542,0.0230745900229067,0.758319097898862,,,,,,,,,,,,,0.01486624112882,0.0,1.048524993859655,2.047003335791703,0.0,0.0567438507565261,1.1960065542524678,1.4173221789701256,,,1.9478311888160125,1.4383272917993646,0.3217511306633608,0.4873885824362511,0.8372062692791328,1.591180270547959,,,,,1.20963843863113,2.041418363520559,,,,,,,,0.5654829201529833,,,0.0192487287815137,0.0,0.9327387075141824,1.3034145695618131,0.8457526366404426,,,,0.4948165491234864,0.0,,,,,,,1.1369200271695108,0.0,,,,,0.1179051696199041,,,1.8282735526461849,,,,,,,,,,,0.8673524904409964,1.363753515131297,0.4191271248209011,0.4270357205417989,2.826346412445763,0.734613269429276,1.200235560540442,1.4491184260776424,0.884165740760061,0.9160811078629107,0.648624715124497,0.0790832673490286,0.2481369916482521,,,,1.2488129241475172,0.0039631148615216,1.1752726946908816,0.2206768995733611,,,,,,,0.586712271702837,0.5177248549299099,0.0,0.0,0.8339838054787799,0.0,,,,0.3346159662939804,0.0,1.1238529476003285,0.0,,,,0.0,0.0,0.0,,,,,4.282870591832027,0.4409563513989922,0.9618801788941136,0.054700237787887,3.292997613676408,2.720485238976976,,,,,,0.5711538424034039,0.38256408151873,0.0,,,,,,,,,,,0.0,0.0,0.0,0.0,0.0,0.6452453683795794,0.087135049033905,0.9105541147719448,0.4012688758475036,,,,0.2647062830013767,0.5058647773323376,,,1.1506976031220304,0.6177598300505531,0.5239249276046081,,,,,,,0.0,0.0,0.0,0.9611210537257788,0.0712997983773118,0.0431349177303587,,,,0.0,0.0,0.0,0.4196790794739279,0.0,0.0,1.3966078457159132,0.2111996818109683,0.0368355628195193,0.0,,,,1.102185286966353,3.308779137207341,2.251166744134028,,,,,,,0.3548747283062931,0.0,0.4263919764671211,0.0,,,,,,,,,0.0,0.0,,,,,,,0.0,0.1111272340169148,0.0,4.416182450747358,1.9527122032988,,,,,,,1.247451596820392,0.3485976049357643,,,,,,,,,,,,0.3832342277445029,0.0,,,,,
1556138397,thermal50,1,0,2.4454900734988185,1.4256549159503544,,0.2889746346612565,2.4930406396094007,,0.9633060532273938,1.7950772908829922,0.0,0.4340140599067221,,,,,,,,,,,,,0.0161556814382573,0.0,0.8994886388807111,3.506996259838892,0.0,0.0,1.2781659393138989,1.90878178209308,,,1.6386549583861345,2.110145485377928,0.0,0.0,0.5459395427798545,1.5033122815227735,,,,,1.5908107530788285,4.047797072714739,,,,,,,,0.4206203342753545,,,0.0,0.0,0.8978587764564903,1.5232316065077296,0.931034003845018,,,,0.3597406214546773,0.0,,,,,,,1.066503040973957,0.0,,,,,0.0794836340427875,,,2.161065869373616,,,,,,,,,,,0.7687219842333628,1.7308808663804802,0.2570867578947369,0.1349225559001383,3.342203456240287,0.7630070454717686,1.406452188827924,1.6548310982552448,0.9688295333830454,1.050082716053467,0.6575961203094975,0.0141658239275009,0.1356862956768026,,,,1.2014131058304869,0.0100518248344114,1.7430408494708731,0.2078421316131558,,,,,,,0.2446293758244751,0.4084061895276161,0.0,0.0,0.6727395871500232,0.0,,,,0.0,0.0,1.364653097173561,0.0,,,,0.0,0.0,0.0,,,,,3.8020100030156008,0.4243751749652605,0.8079065551641618,0.0559467291463174,3.884567291134882,3.2256348004311066,,,,,,0.0,0.2524216533185554,0.0,,,,,,,,,,,0.0,0.0,0.0,0.0,0.0,0.580796936712786,0.0,0.750208298080256,0.3664167338177717,,,,0.1681141348956579,0.4446045812305089,,,1.323148293131626,0.623197735762767,0.5756768144857601,,,,,,,0.0,0.0,0.0,0.7800505928446015,0.0663613616873668,0.0357465732224494,,,,0.0,0.0,0.0,0.3544191813465662,0.0,0.0,0.964254238894466,0.412811550349846,0.0,0.0,,,,0.2534362453451627,3.258969891062168,2.0331917228799656,,,,,,,0.0,0.0294866134643768,0.0,0.0,,,,,,,,,0.0,0.0,,,,,,,0.0,0.1092111269742024,0.0,4.554143626780122,1.3354815111547964,,,,,,,1.4154140645437927,0.3258943251138532,,,,,,,,,,,,0.0,0.0,,,,,
1556138397,thermal50,2,3,1.6249275747006842,1.200457038560788,,0.596078646281382,1.8425165071966991,,0.9721255802062688,2.179199852763712,0.0316361152383504,0.7575342197094639,,,,,,,,,,,,,0.0160891374102697,0.0,1.2964030306597445,2.3655868623649905,0.0,0.0584158625125782,1.446995562637283,1.5016432558002488,,,2.040107617555403,2.157916138549005,0.3237635897289704,0.4968467840906034,0.7319178886597428,1.6346282947921411,,,,,1.2280850095031606,2.133692268878096,,,,,,,,0.5285538827426944,,,0.0169804233937913,0.0,0.9342364368116546,1.2999712712511,0.8268959463555997,,,,0.4906135982604941,0.0,,,,,,,1.1128379186695871,0.0,,,,,0.1278555329091534,,,1.8069138299185608,,,,,,,,,,,0.8758850510694105,1.359863487565081,0.3417932083079385,0.2417447693643283,2.8120491894999766,0.8268259649680979,1.2072339405191104,1.465619841854248,0.88447690031176,0.9339730240291853,0.6437669508585915,0.072603090974437,0.2255109919722542,,,,1.2616733597575722,0.0205241610409003,1.1917038513382163,0.2093444841167994,,,,,,,0.584981518591132,0.517101850207186,0.0,0.0,0.8627337644682712,0.0,,,,0.2392020255183894,0.0,1.127984473209299,0.0,,,,0.0,0.0,0.0,,,,,4.283579524534431,0.4159653852557029,0.9631436368533506,0.0608612531938062,3.1650963022426124,2.903680963734684,,,,,,0.5956940712675356,0.4125098539125061,0.0,,,,,,,,,,,0.0,0.0,0.0,0.0,0.0,0.6631069270321875,0.0476908926242465,0.9087244504999298,0.3923559887657299,,,,0.3052353334284757,0.5222912018431465,,,1.1346442875835343,0.6306313565706674,0.5469468883736402,,,,,,,0.0,0.0,0.0,0.933612905868161,0.0693250199236784,0.042928070683476,,,,0.0,0.0,0.0,0.4243387533030786,0.0,0.0,1.4145066333683185,0.2546895264435407,0.0051716180967453,0.0,,,,1.071309452513972,3.3771789097902607,2.250652328836386,,,,,,,0.2987166389934114,0.0,0.3959279268322511,0.0,,,,,,,,,0.0,0.0,,,,,,,0.0,0.0997830965608388,0.0,4.3976701092056105,1.8554228153846752,,,,,,,1.5202310711797846,0.3319044098042286,,,,,,,,,,,,0.3476552891431866,0.0,,,,,
1556138397,thermal25,1,0,2.3051629625798364,1.4032570416205885,,0.3750494154523509,2.6518876515084586,,0.960911273139168,1.6244264113272526,0.1714539324192235,0.533879739090878,,,,,,,,,,,,,0.0218804918922514,0.0,0.8326097934180827,3.393326845055836,0.1466894827145056,0.0,1.1524732957168156,1.8259441042535915,,,1.549952115038559,2.496308913922743,0.0,0.0,0.5509180754537519,1.4504560747314654,,,,,1.491435905912807,3.5177734273544896,,,,,,,,0.2700998119042235,,,0.0,0.0,0.9748661136979438,1.2589217249342082,1.1262567376189534,,,,0.3599542122103493,0.0,,,,,,,0.9845857152368768,0.2527471455338226,,,,,0.0899696682473614,,,1.6492594795168536,,,,,,,,,,,0.7699285744739861,1.5555048642972404,0.1484559701743026,0.076211149384804,2.590452968894956,0.7804245884546982,1.4206435475668149,1.743162506504563,0.9862590472444188,0.5782454573260949,0.8238452071302359,0.0,0.0,,,,1.2204534790206278,0.006989781332784,1.6963645236221516,0.0609374354509317,,,,,,,0.0,1.0652738090151903,0.0,0.0,0.7762354640161814,0.0,,,,0.6276895653843265,0.0,1.2945173663827418,0.0,,,,0.0,0.0,0.0,,,,,3.023992343293421,0.4242815058986121,1.162841412318926,0.0999692483114085,3.926334390599136,2.6055987635502804,,,,,,0.0,0.2477536322602229,0.0,,,,,,,,,,,0.0,0.0,0.0,0.0,0.0,0.6637810168431495,0.0,0.7472642434339964,0.4055309058406792,,,,0.3960636196666925,0.4275421422536162,,,1.5504220169378282,0.6087405339745385,0.5793196105722838,,,,,,,0.0,0.0,0.0,0.8912225740957266,0.0645333003307396,0.0319699201467708,,,,0.0,0.0,0.0,0.3561419197573222,0.0,0.0,0.9070112919862604,0.3831588578087093,0.0,0.0,,,,0.2826982682418194,3.2583985575445498,1.8064922580836087,,,,,,,0.0,0.3641025086771635,0.0,0.0,,,,,,,,,0.0,0.315584711072183,,,,,,,0.0,0.1206158403022533,0.0224129972425902,4.224216730553679,1.1556730491944365,,,,,,,1.4811613656470497,0.2240247576571104,,,,,,,,,,,,0.0,0.0,,,,,
1556138397,thermal25,2,2,4.094325348256952,1.9630554596793008,,0.0,3.1022593052158984,,1.025788865322483,1.691986748358996,0.0,0.0,,,,,,,,,,,,,0.0,0.0,0.4556711686388949,6.534110739612152,0.0,0.0,0.8028315320367453,3.1244618370239703,,,1.7363998594100905,3.177803535723834,0.0,0.0,0.3973384335042498,1.9502763580469773,,,,,2.3696622098660423,6.151683438349899,,,,,,,,0.3190126938848099,,,0.0,0.0,0.793656822148127,1.925106380954024,1.2554415868481312,,,,0.4277533875427305,0.0,,,,,,,0.8060051807618899,0.0,,,,,0.0709685541804427,,,2.429346112056,,,,,,,,,,,0.1313532067311342,2.275853248746525,0.1570720689866977,0.0788669994967947,4.874919203414226,0.8254140973449948,1.714108140199744,1.7569391312354472,1.0200306908969805,0.9030862003052011,0.1483658626672575,0.0,0.0,,,,1.1282404338926926,0.0,2.337365535524893,0.030285822695826,,,,,,,0.0,1.2116462221013165,0.0,0.0,0.3954796684580167,0.0,,,,0.1409334865386241,0.0,2.142542330074949,0.0,,,,0.0,0.0,0.0,,,,,3.018355675517543,0.4261956261688283,0.2611307598688321,0.1074666278809486,5.270135089050772,2.832932738844404,,,,,,0.0,0.2327461464303382,0.0,,,,,,,,,,,0.0,0.0,0.0,0.0,0.0,0.20885880909529,0.0,0.3874111003412031,0.3234350786086811,,,,0.2781634851789437,0.0,,,1.6194908655158244,0.5963018919130354,0.673532062832113,,,,,,,0.0,0.0,0.0,0.7735028373960946,0.0599459125761066,0.0366294112689059,,,,0.0,0.0,0.0,0.3884308665888862,0.0,0.0,1.3515883473925223,0.5618556823566356,0.0,0.0,,,,0.0,3.684909538024845,1.861886556112762,,,,,,,0.0,0.2444264164130829,0.0,0.0,,,,,,,,,0.0,0.0,,,,,,,0.0,0.1203478953690127,0.0,4.320913756835092,1.231790852986178,,,,,,,1.4557432741069285,0.2237566598681804,,,,,,,,,,,,0.0,0.0,,,,,
1556138397,pix2,1,0,2.419001827081253,1.4058249517761017,,0.0741378817177811,2.5377038660953946,,0.9226083892914428,1.7716213758565496,0.0,0.537310903708631,,,,,,,,,,,,,0.0335977461176774,0.0,0.484694504228259,2.2683709245931643,0.0,0.0,0.767513561553738,1.366867189223054,,,1.5605244895857653,0.6470002119053925,0.1073142084939306,0.0,0.4925097720090445,0.8581376371945312,,,,,1.6107607309049652,4.097281806512766,,,,,,,,0.4008758205333688,,,0.0165094544906713,0.0,0.9007562206027604,1.5296045937829486,0.9075964304168266,,,,0.3751126753946809,0.0,,,,,,,1.0798230275591687,0.0,,,,,0.1003910143054863,,,2.094415167251673,,,,,,,,,,,0.7689242971080228,1.673769820662094,0.2460832671071764,0.4053433330257714,3.251006134161035,0.6579972635198709,1.3360053317452485,1.6302825483321932,0.923712612033818,1.0234621405928144,0.6351618244585127,0.0599761234363656,0.157607665684589,,,,1.1972415658552766,0.0002892926924687,1.8349461838485168,0.2085006673928495,,,,,,,0.199765739757979,0.3887661630796552,0.0,0.0,0.383587739185176,0.0,,,,0.0,0.0,1.069332191587051,0.0,,,,0.0,0.0,0.0,,,,,3.828974497905663,0.450990520343734,0.9029350506817392,0.0642752354931864,3.856461591745558,3.696199682039561,,,,,,0.0,0.2357936334621674,0.0,,,,,,,,,,,0.0,0.0,0.0,0.0,0.0,0.62943511374323,0.0,0.843805503336778,0.377284909718362,,,,0.2274246314360525,0.5139367117012105,,,1.343334749181865,0.6176307512064494,0.5964400271783554,,,,,,,0.0,0.0,0.0,0.787233867881102,0.0705242037956551,0.0365070674660283,,,,0.0,0.0,0.0,0.357302562443537,0.0,0.0,1.004996186955442,0.4341829224983077,0.0,0.0,,,,0.2979259601660387,3.0702140459821656,1.9613980658834955,,,,,,,0.0,0.1687390643478032,0.0,0.0,,,,,,,,,0.0,0.0,,,,,,,0.0,0.1217638192845108,0.0,4.485538080418232,1.0802203000115944,,,,,,,1.4046836496793675,0.2918918650109618,,,,,,,,,,,,0.0,0.0,,,,,
1556138397,pix2,2,3,1.6243574379666623,1.196537137928661,,0.3823702277929743,1.843304872235093,,0.9125180675912352,2.158628564147921,0.0667546954512535,0.7867116986214329,,,,,,,,,,,,,0.0240221077962828,0.0,0.7098159360084753,1.6060361962738043,0.0,0.1666451513473665,0.9176178381504436,1.17105992424657,,,1.827847404025656,1.113976318823567,0.3995039500716939,0.5775062803046622,0.5600616544038958,0.9811512628227352,,,,,1.253408267372236,2.421864630232434,,,,,,,,0.4763415938542851,,,0.0368706351729862,0.0,0.9368589585523066,1.3027201129721149,0.783659021213312,,,,0.4777001376164931,0.0,,,,,,,1.1139260480994848,0.0,,,,,0.1582427976205593,,,1.746666938693502,,,,,,,,,,,0.8848851136488532,1.352313268491704,0.4134286611989405,0.4322738468544011,2.759170825444896,0.7048680429941983,1.1487844619729697,1.474333623273086,0.8343965564018461,0.9073405261610956,0.6569058390926267,0.1205345253242602,0.2462166469446105,,,,1.3008215704243316,0.0,1.1588138538405437,0.2005668592634476,,,,,,,0.542654076837541,0.4893080290119554,0.0,0.0,0.6569785830489588,0.0,,,,0.0663665815983679,0.0,0.9393047245009472,0.0,,,,0.0,0.0,0.0,,,,,4.297561403993148,0.4465336434164529,0.9711850490889092,0.0664665600698579,2.9988073460133644,3.454684738372411,,,,,,0.6381796806205697,0.3825522780218452,0.0,,,,,,,,,,,0.0,0.0,0.0,0.0,0.0,0.7233503930276827,0.0955776461689088,0.9423651961843006,0.3912111173049694,,,,0.3976423635556638,0.6118727481825876,,,1.1143927895749433,0.6246986115598486,0.6152809430718582,,,,,,,0.0,0.0,0.0,0.9138640144361838,0.0740396185776307,0.0422223223154363,,,,0.0,0.0,0.0,0.4259654190783586,0.0,0.0,1.4532879854260805,0.3834817045125114,0.0,0.0,,,,1.035875866538127,3.173107303794538,2.1706758025500763,,,,,,,0.2661499381825893,0.0,0.3861498028338659,0.0,,,,,,,,,0.0,0.0,,,,,,,0.0,0.11591422125789,0.0,4.229544040008062,1.5580277015867174,,,,,,,1.83690027478728,0.2953347462492648,,,,,,,,,,,,0.3781994332181046,0.0,,,,,
1556138397,pix5,1,0,2.4101946256954965,1.3969506873442132,,0.0889168916366147,2.521852523389015,,0.9087841347962008,1.762210428620616,0.0,0.5625837410571981,,,,,,,,,,,,,0.0319852690534308,0.0,0.5471837698604798,2.403128564805902,0.0,0.0,0.7589238021463387,1.316332742179309,,,1.6081875187549943,1.3219932744723235,0.1014513238783355,0.0,0.5023374290342559,0.7825808638025922,,,,,1.6568306628520213,4.195065264544592,,,,,,,,0.4283806328457722,,,0.0198414323840049,0.0,0.8996894936889481,1.5381910036206965,0.90911380815571,,,,0.3632813417419372,0.0,,,,,,,1.0827311510292668,0.0,,,,,0.1086501075802259,,,2.090744488052493,,,,,,,,,,,0.7624659763685915,1.6646164821088807,0.2266953137916391,0.2656707686964512,3.2833699181741585,0.7044221183361571,1.3488613333410286,1.5989210890929135,0.8949189103843261,1.0007084910491804,0.6136464615811681,0.0891641654888372,0.1806329598398282,,,,1.174752714230063,0.0,1.809035988314456,0.2119791239416078,,,,,,,0.1764073414606403,0.3733281270882862,0.0,0.0,0.378591423813125,0.0,,,,0.0,0.0,1.0142842816003852,0.0,,,,0.0,0.0,0.0,,,,,3.849299296006581,0.4453701886760235,0.945153863147873,0.0642143507755479,3.8801886745789,3.7890651277878535,,,,,,0.0,0.2613949859216673,0.0,,,,,,,,,,,0.0,0.0,0.0,0.0,0.0,0.5601642647959325,0.0,0.824714513432678,0.392626111824413,,,,0.2699420425921735,0.5575379510934112,,,1.4384300683981348,0.6254159774482557,0.615148800178634,,,,,,,0.0,0.0,0.0,0.8227715009867841,0.0725373219488743,0.0374918689053358,,,,0.0,0.0,0.0,0.3590839492970856,0.0,0.0,1.0245910247865655,0.4412448556806114,0.0,0.0,,,,0.2888209618057619,2.938705074766027,1.8861343509232584,,,,,,,0.0,0.206468584980946,0.0,0.0,,,,,,,,,0.0,0.0,,,,,,,0.0,0.1197005705668862,0.0,4.399103696702742,1.002768811885412,,,,,,,1.315580093003858,0.2949093892864986,,,,,,,,,,,,0.0,0.0,,,,,
1556138397,pix5,2,3,1.6200329480908586,1.1920150149441502,,0.3932726147140938,1.831612129101533,,0.9064068454995902,2.1480583006874947,0.0946023783081246,0.7943743432048254,,,,,,,,,,,,,0.0295998942754088,0.0,0.7702189632648673,1.6280995993679583,0.0,0.1928522333207546,0.919149106881629,1.1179797928819422,,,1.947212938569341,1.5768330254401746,0.3994263480304859,0.5897847376091615,0.5898974132558574,0.930562668423719,,,,,1.2824384531125546,2.491167163158677,,,,,,,,0.4991912463965597,,,0.0402596554009942,0.0,0.9369180651880004,1.307532453452771,0.7888406289372166,,,,0.4600093049669465,0.0,,,,,,,1.1139856799325507,0.0,,,,,0.1647022594391858,,,1.742634542363671,,,,,,,,,,,0.8851350034004712,1.3573393200515902,0.3248632104887746,0.2717475407877513,2.775544968412451,0.747935219731526,1.1542948720797088,1.4556205945214058,0.8009508785675393,0.8751024314523136,0.653603162117723,0.1550968003750965,0.2786016484115143,,,,1.2864765275586751,0.0,1.1482831633704738,0.2030775620212766,,,,,,,0.523461588619738,0.4713694007304831,0.0,0.0,0.6607483781015568,0.0,,,,0.0051301274755386,0.0,0.9206024794261262,0.0,,,,0.0,0.0,0.0,,,,,4.315825742174084,0.4425327923176448,0.9880404291275297,0.0639411255519254,2.957327564929232,3.476874312639177,,,,,,0.6567011313294928,0.412591522518953,0.0,,,,,,,,,,,0.0,0.0,0.0,0.0,0.0,0.6816712463540705,0.0838784213885987,0.9335154037230948,0.4055272292175702,,,,0.4431620721751562,0.6654649920520846,,,1.1528831282049536,0.6377673778475316,0.6427138936416312,,,,,,,0.0,0.0,0.0,0.9411977158613476,0.0758990599136585,0.0426392283438585,,,,0.0,0.0,0.0,0.4333282956025475,0.0,0.0,1.43726360213381,0.3974480816824922,0.0254292485612621,0.0,,,,1.0223958839360838,3.0496715248283395,2.105088091043035,,,,,,,0.3295208757699643,0.0,0.3950893084815723,0.0,,,,,,,,,0.0,0.0,,,,,,,0.0,0.1092919850230037,0.0,4.077552037877938,1.502181357637654,,,,,,,1.8785823579628145,0.3195141824727955,,,,,,,,,,,,0.4181986376726331,0.0,,,,,
1556138397,pix7,1,0,2.399436753259004,1.3855491130532842,,0.1063773342402305,2.50034443734584,,0.9037504064113406,1.7514363181119657,0.0,0.5797113631337829,,,,,,,,,,,,,0.0340247540582538,0.0,0.5653364866345496,2.337677990596021,0.0,0.0,0.7856393235427055,1.3131488670239817,,,1.5982968588089534,1.478142348897796,0.1059934786817357,0.0136627997661463,0.5037824982967897,0.7606800471154019,,,,,1.6721762841804138,4.31928471562326,,,,,,,,0.4547402833025533,,,0.0225281013603412,0.0,0.9026498353256082,1.5501845199068371,0.9124754722982348,,,,0.351353051668152,0.0,,,,,,,1.0879559784868271,0.0,,,,,0.1206498495520101,,,2.0912523667518688,,,,,,,,,,,0.7597075084440182,1.6433881010589757,0.2106066002487447,0.2014776031345009,3.27042622219201,0.742123705246262,1.3527380257627866,1.5629864025143645,0.8778626421373864,0.989864435270576,0.6347309005246643,0.109430308419633,0.1967887881170433,,,,1.142303136886396,0.0,1.7571501751884993,0.2041902114256237,,,,,,,0.1626954918917107,0.3594470150089933,0.0,0.0,0.3948586691184451,0.0,,,,0.0,0.0,0.9763780262458412,0.0,,,,0.0,0.015543027895602,0.0,,,,,3.898260777936557,0.4448828824219321,0.9981794893621396,0.0701685073017865,3.921500151480533,3.9340844747869377,,,,,,0.0,0.2564522915196511,0.0,,,,,,,,,,,0.0,0.0,0.0,0.0,0.0,0.5097662775596715,0.0,0.8110716528293295,0.4018732187789027,,,,0.2744406245568602,0.5543275517991163,,,1.5247474416679423,0.6385737027876326,0.6346771218615421,,,,,,,0.0,0.0,0.0,0.8722506281516799,0.0746217101648093,0.0383772904193268,,,,0.0,0.0,0.0,0.3631432258315724,0.0,0.0,1.054065183606715,0.4445251405215825,0.0,0.0,,,,0.2224299612631998,2.797843281205396,1.790819965291604,,,,,,,0.0,0.2536829385293493,0.0,0.0,,,,,,,,,0.0,0.0,,,,,,,0.0,0.1191293067741109,0.0,4.309067488723566,0.9380878334026366,,,,,,,1.1768293354151125,0.2670583122034409,,,,,,,,,,,,0.0,0.0,,,,,
1556138397,pix7,2,3,1.615123462443118,1.1870220892343752,,0.4066120470933099,1.818622018090204,,0.90377565257462,2.135992578760591,0.1201730458786205,0.799140833545951,,,,,,,,,,,,,0.0347893088530563,0.0,0.7887725284597525,1.5670264785857129,0.0,0.2133773304752075,0.93388205157914,1.1184254627189392,,,1.923821265603227,1.5733463386550357,0.4052818368463371,0.6084170875603824,0.5978904666802025,0.9151753733492516,,,,,1.2929204607116471,2.6817722164774445,,,,,,,,0.527481440528226,,,0.0434823781866597,0.0,0.9394811521231636,1.3152696126141992,0.7831402124035288,,,,0.4434511764519055,0.0,,,,,,,1.1165502659922486,0.0,,,,,0.1778229627997955,,,1.7410741164872097,,,,,,,,,,,0.883878843621467,1.3564515237936838,0.2872020345822577,0.2107951281061298,2.768628479062974,0.7788442546402266,1.1551463869339915,1.4271685309515758,0.780318154677732,0.8618707553876113,0.675030646909534,0.1780829667216743,0.2968383245810601,,,,1.261076455025551,0.0,1.1255665372292507,0.1934716243428544,,,,,,,0.5123431826265867,0.4565548322816146,0.0,0.0,0.6695555041221763,0.0,,,,0.0,0.0,0.9077884458465892,0.0,,,,0.0,0.0676369216702017,0.0,,,,,4.353901589202435,0.4439190994947132,1.010377288679105,0.0679795244929013,2.960726941211712,3.616340904129887,,,,,,0.6679138747426784,0.3853071017033576,0.0,,,,,,,,,,,0.0,0.0,0.0,0.0,0.0,0.6423826979989267,0.0739255618809516,0.9263969409976488,0.4141612524637005,,,,0.4568523058591771,0.66744928549134,,,1.1743748071176907,0.6447078424520089,0.67516186234961,,,,,,,0.0,0.0,0.0,1.0023450164075285,0.0783242691477591,0.0447922372368184,,,,0.0,0.0,0.0,0.4395483315149195,0.0,0.0,1.424008589370932,0.4284138304432163,0.0922838332927661,0.0,,,,0.9513505941800108,2.911757986723081,1.964824727858208,,,,,,,0.4066158764375598,0.0022629377794435,0.4310933973704631,0.0,,,,,,,,,0.0,0.0,,,,,,,0.0,0.1040576008729847,0.0,3.889776804027723,1.4409457657205225,,,,,,,1.824350584537645,0.2919454451302006,,,,,,,,,,,,0.4733492742091025,0.0,,,,,
1556138397,interval2200-2400,1,-2,1.0,1.0000000000000002,,1.631227753700558,0.4521137513035534,,0.9227632105757824,0.8926836533702037,0.0,0.6005037433084607,,,,,,,,,,,,,0.8766544380578791,6.396413918163457,0.0094985122189248,3.324204641108146,0.8232968613772941,0.4764619199667563,0.1071912483635434,0.6802453808160221,,,1.6123644187464137,2.950005806929427,1.0,1.0,0.3842279631733589,0.0,,,,,2.0823238653069005,0.9957387666757112,,,,,,,,0.0,,,1.0,1.0,1.0,1.0,1.0,,,,5.051173880553107,0.0,,,,,,,1.2870117841145434,1.4436693746294638,,,,,0.0,,,1.0000000000000002,,,,,,,,,,,1.0,1.0000000000000002,0.2464440346857736,0.1410453452707625,1.566384052309195,0.0,0.8028753482563803,1.7786824467138052,0.4849120977523405,0.6334029321093051,0.5859672980181913,0.0,0.0,,,,0.9745198712368832,0.4725715873133889,1.214342426246547,0.0,,,,,,,1.0,1.0,0.272231040513657,0.0,0.2445026754084008,0.0,,,,2.230296038540143,0.0,1.0925713537685522,0.0,,,,0.0,1.2895884427926745,0.0,,,,,0.8212409367007858,0.0,0.5914884773298603,0.2461462429319039,3.4726346373422112,0.0,,,,,,0.0,0.8493494561657143,0.0,,,,,,,,,,,0.0,0.4547604008173919,0.0,0.0,0.0737392748340286,1.0,1.0000000000000002,1.0,1.0,,,,0.0,0.0,,,0.0,0.0,0.0,,,,,,,0.0,0.0,0.1176495222528302,0.0,0.0893320314283386,0.0150122051493631,,,,0.0,0.8323363889991368,0.0,1.0,1.0,1.0,1.0,1.0000000000000002,0.8376633248880498,2.011276979671244,,,,2.925728453303752,2.595624367606009,4.1452472741211706,,,,,,,0.607845657924027,1.2626874261696883,0.0,2.1992728465477747,,,,,,,,,0.4043963963824882,0.4777092161108892,,,,,,,4.290799632817066,0.0,0.0,3.471936482841402,1.0028030221451538,,,,,,,0.0,0.1311529127653304,,,,,,,,,,,,2.002812528524236,1.7719834505307932,,,,,
1556138397,interval2200-2400,2,1,1.0,1.0,,1.0396473315334194,0.7910247077798617,,0.9727343504192943,0.887093716711682,0.3887815394587897,0.8543542498276465,,,,,,,,,,,,,0.9722318672014956,4.974585829514482,0.1494925097983248,2.8477826337853105,0.735369423351774,0.7372724936197032,0.2286103758258571,1.0416157468174922,,,1.718663158940655,4.405248763179029,1.0,1.0,0.4020630835778311,0.5039540004846503,,,,,1.839170404520172,1.0390764116670417,,,,,,,,0.0,,,1.0,1.0,1.0,1.0000000000000002,1.0,,,,4.792822176726515,0.0,,,,,,,1.2350080023458598,1.3779505840443254,,,,,0.0,,,1.0,,,,,,,,,,,1.0,1.0,0.3303642706573428,0.1157646735694727,1.3280951164265389,0.0,0.91853859115074,1.7470424650934178,0.5080182874092091,0.6378199601402732,0.6262641984134469,0.0,0.0,,,,1.0313890138059307,0.4813222920017218,1.025123293942226,0.0,,,,,,,1.0,1.0,0.6428076998277914,0.0,0.6268099510556789,0.0,,,,1.5229244157930888,0.0,0.977199593132726,0.0,,,,0.5338928544342246,1.4003489937644933,0.0,,,,,0.9203689442510534,0.0,0.7498795064455476,0.2695245394939459,2.9621453767856014,0.0,,,,,,0.9307244021462552,0.9116533039640148,0.0,,,,,,,,,,,0.0,0.5078572778883139,0.0,0.0,0.1092719937378928,1.0000000000000002,1.0000000000000002,1.0000000000000002,1.0000000000000002,,,,0.0,0.0,,,0.7104912752907916,0.0,0.0,,,,,,,0.496485921349817,0.0887976780362377,0.2491740313288533,0.0,0.0963316620197697,0.0203095325232757,,,,0.0,0.8706964647480091,0.0,1.0,1.0,1.0,1.0,1.0,1.5813648485186111,2.169972731119823,,,,2.1550361085720784,2.32445837383783,4.1447086812213785,,,,,,,1.057801807877326,1.3227395321165532,0.8768230227349701,2.223674837410252,,,,,,,,,0.3851476510117662,0.4604344144337761,,,,,,,4.443054220051578,0.0,0.0,3.32969507555318,0.9849995488404856,,,,,,,0.0,0.1270808013376952,,,,,,,,,,,,2.1547267971390784,1.8366307400463533,,,,,
1556138397,interval5500-6200,1,-1,3.51353150472661,1.5250467868416693,,1.0000000000000002,4.20154327043301,,1.0,0.748328738372873,0.0,0.2561730825680441,,,,,,,,,,,,,0.0276958965731851,0.3020843862433678,1.0000000000000002,1.0000000000000002,0.0,0.0,1.0,1.0000000000000002,,,0.4327780607555753,1.4612420951456018,0.0074780556577831,0.0,0.2190237993306467,0.0,,,,,0.5354451474786888,1.8436040303185868,,,,,,,,1.364320386802606,,,0.0,0.0,1.0000000000000002,1.0000000000000002,1.0,,,,0.0556884402980113,0.0,,,,,,,1.241598300864342,2.857010916014561,,,,,0.2348064325900913,,,0.8243314332344265,,,,,,,,,,,0.205467709402927,1.9541863435981768,0.0383818658701474,0.5408860297121008,4.494475642369885,3.144693415477066,2.1053073054704985,1.4337324350453216,0.2232481521930917,0.385069327600229,0.8655309856593455,0.0,0.0,,,,5.250524848623547,0.6588113179764148,2.1030619110770004,0.0,,,,,,,0.0,0.0,1.0000000000000002,1.0,1.0000000000000002,1.0000000000000002,,,,1.0,1.0000000000000002,1.0,1.0000000000000002,,,,0.9143060747481716,0.1140567238055992,0.0,,,,,4.514380219491043,0.1083138872798617,2.0676012287369527,0.0701322861737128,1.1488098283451909,1.2113348880089478,,,,,,1.3351850680077295,0.2700974240944065,0.0,,,,,,,,,,,0.0,0.0622323633279464,0.0029575511026002,0.0,0.0,1.0000000000000002,1.0,1.0,1.0,,,,0.9289234204938492,1.968635591948592,,,1.7172843690327153,0.6260042928379753,0.2667048536749037,,,,,,,0.6863850890623832,0.0,0.0,0.0,0.0115993371756037,0.0,,,,1.0000000000000002,0.9999999999999998,1.0,0.326687708630251,0.0,0.0,0.835367635700045,0.1665278256153027,0.0,0.2327403069765171,,,,0.2376923072494295,1.4398692530572748,1.92356503263958,,,,,,,0.715615673412806,0.0,0.8562207760678359,0.0,,,,,,,,,0.648131773920694,0.594179227689535,,,,,,,0.0,0.1777502243774446,0.2232787018752994,1.8445153226367763,0.3443213688170245,,,,,,,0.0,0.0379478130654398,,,,,,,,,,,,3.106360215653388,0.1951631982091977,,,,,
1556138397,interval5500-6200,2,2,2.1659405241069525,1.2966912678796585,,1.0,2.530827903170185,,1.0,1.1362672592269785,0.0,0.7371738093699806,,,,,,,,,,,,,0.0271929124499215,0.2479253458190501,1.0,1.0,0.0,0.0,1.0,1.0,,,0.58913689064582,1.101231717949238,0.1408786121841977,0.5707716572138096,0.2827490710107417,0.3549761077451059,,,,,0.8493372995982837,1.4666312905814776,,,,,,,,1.5419852335648363,,,0.0,0.0,1.0000000000000002,1.0,1.0,,,,0.0552092333288725,0.0,,,,,,,1.186480133342075,2.215315391707109,,,,,0.2316722390672695,,,0.7557198822027281,,,,,,,,,,,0.6948753901906483,1.4475157127000813,0.0590577204509246,0.748819360179844,3.7555345843762606,2.131605023506863,1.5250150295351257,1.3512348213523853,0.3680881369460603,0.433632927717748,0.7713132619988583,0.0,0.0,,,,4.610495346893612,0.9978054038428924,1.602126542732951,0.0,,,,,,,0.0,0.0,1.0,1.0,1.0,1.0,,,,1.0,1.0000000000000002,1.0,1.0,,,,1.0141796026625318,0.1670285857723213,0.0629347606784032,,,,,5.112406309656033,0.2664244624672288,1.7150093118525278,0.0647447685328163,1.0828536022754462,1.1554170958431929,,,,,,1.1877183830952116,0.3498146173255385,0.0297077965677758,,,,,,,,,,,0.0,0.0644070323494818,0.0105066915656338,0.0,0.0,1.0000000000000002,1.0,1.0,1.0,,,,0.8188369911609247,1.833718298827813,,,1.4898928934572797,0.6385795271394491,0.3000062265408774,,,,,,,0.7458266845729801,0.0,0.0,0.5723346772119265,0.0158949514493839,0.0,,,,0.9999999999999998,1.0,1.0,0.3945299554872475,0.0,0.0,0.6909650491640257,0.0955814302662402,0.4161647848859158,0.2241144081078673,,,,0.6264603505734571,1.24663420918154,1.8469700533626456,,,,,,,1.319729584747345,0.0,0.9936242630336698,0.0,,,,,,,,,0.5466772942496038,0.5874003434702039,,,,,,,0.0,0.1575561036076817,0.2063502327230781,1.5173142787390994,0.8654634131495967,,,,,,,0.0808235752389725,0.07482800965461,,,,,,,,,,,,2.072038101291948,0.4595042605146187,,,,,
1562857793,nomask,1,0,1.2051593671928011,0.8166876485751429,,2.4280404573278034,4.401422037631771,,1.419532105907769,1.0643921057283452,0.5411644528541085,1.2251730342457177,,,0.1909693593565537,0.0,,,,,1.2561397740436246,3.842865657799,,,,,,,1.4560985377569764,0.914066944863067,0.181630945800693,0.0,,,1.401149661712004,0.2725699034574891,,,,,,,,,,,,,,,0.1723152343480495,0.7659923942536203,2.683828603176596,0.0,,,,,,,,0.0,0.0,0.0,,,0.5011293466605651,1.825501430728261,0.216542018774075,0.3398014063113714,,,0.8259063343922066,1.4521779255726868,0.0,0.0,,,0.215806808422321,,,2.437356626368945,,,,,0.0,0.0,0.0,,,,2.550966517617953,0.0,0.4667359618785755,0.0,2.320570661180381,0.5520853880915891,1.4527633107443891,0.0,0.6361206927114497,0.6387227404102485,2.608127992240912,0.1540948326493827,0.3145321932871878,1.4895761931151863,0.0,0.0,1.5226979802101526,0.1353117672393566,1.0774780116374605,0.0,,,,16.57754288320001,2.4761193994553605,2.037157776640594,1.404298640340426,0.8815453090483024,0.0332010514795033,0.3784136520488015,1.033372590601355,0.7242698578219542,,,,1.927804494624945,0.0,0.9752194792130716,0.0,0.0,0.0,0.0,,,,,,,,1.0812639493252012,0.2358160164333493,0.1700121897290445,0.0145253899808,0.0,0.7904025344254223,,,0.3755814814099252,0.0,0.0,,,,,,,,,,,2.5296425697714646,0.0,0.0,,,,,,0.8403791663970068,0.0560390050780474,1.0440165498315324,0.0,,,,0.0,0.5688677873129502,0.4510812337484245,1.398950035610569,,,,0.0,1.313788730751415,0.6840255764261294,0.3136145864859691,0.0,0.0631620842741804,,,,,,,0.0080079948217654,0.0013770407031276,0.0016776679148884,0.0,0.0,0.0,,,,,,,,,,,,,,,,,0.0,0.0,0.0,,,0.0,0.0,,,,,,,,,0.0,0.0,,,,0.0,0.0,0.0,,,,0.0,0.0,1.421038967253806,0.0,,,1.674289399924956,2.826109515267164,0.0,0.0,0.4002002547984586,0.0,,,3.861019067641785,0.3353290531151573,,,,,,0.0,0.0,3.417702859354296,0.0,0.6216400031658491,0.0,0.0195617293167847
1562857793,nomask,2,4,0.8946691974103468,0.8820744774429843,,3.23165469311756,4.1953521577764326,,1.2082602697271652,1.066990329422616,1.0385696117713783,1.2520368621054283,,,0.531158990265866,0.7643215646884607,,,,,1.1209577583304324,1.023854000594609,,,,,,,1.1292571594627092,2.357613516341806,0.3649544060368925,0.341750395766476,,,0.9464646488138996,0.8723548936422023,,,,,,,,,,,,,,,0.8704060624620307,1.0482737090716512,1.701437783175046,0.0,,,,,,,,0.0,0.0,0.0,,,0.8746623213964133,1.0455993592399464,0.4413821288912213,0.3376849978239786,,,0.0,0.0,0.0,0.0,,,0.1535478902460899,,,4.255526481788893,,,,,0.1590193418419396,0.0,0.0,,,,1.0647076575604792,1.5532443890507406,0.682319283690008,0.7130851096344564,1.1705530875040973,1.04786205311057,1.2217010785486442,0.0,1.7862318538749908,0.8751112510408174,0.0,0.0,0.0,0.9591742994181308,0.7189151584111003,0.7658944935688295,1.2055343227637518,0.0,1.2737399928476498,0.0,,,,22.84334874305715,7.927938706369206,6.666946769106914,4.004981693780787,1.9294326153170689,1.0233313051698123,0.9018518659855712,1.2365322451765783,0.3891517521439687,,,,1.1087716731306028,0.0,0.8107621291894194,0.0,0.6916315114043036,0.1012384491390055,0.0,,,,,,,,1.1055744499843343,1.085938649428846,1.7742673095119847,0.0,0.2961500216298062,1.5393559543753743,,,1.4550320872197382,0.0,0.0,,,,,,,,,,,0.0,0.0,0.0,,,,,,1.0444268312219087,0.1019515078914003,0.9681616589598486,0.0,,,,0.0,0.0,0.5193721193651866,0.0,,,,0.0,0.0,0.0,0.3161910897156006,0.1512677423946049,2.5986337063114373,,,,,,,0.0080360725958399,0.0011816147412985,0.0015089537688172,0.0,0.0,0.0,,,,,,,,,,,,,,,,,0.0,0.0,0.0,,,0.1255209292214334,0.0,,,,,,,,,0.0,0.0,,,,0.0,0.0,0.0,,,,0.6222233699948436,0.0,0.0178094560737112,0.0,,,8.254304574170908,2.524780642862768,0.0,0.0,0.9988269604103804,0.0,,,5.321519072080019,1.385029714195135,,,,,,0.0,0.0,1.0619189997406366,1.4980890446078503,0.6396983342889419,0.4429136660512823,1.0633250697886414
1562857793,deg1,1,0,1.312495157459165,0.9212543584714205,,1.9044799967980244,3.706316647736904,,1.3535571350061792,1.125327827259924,0.4400614375662376,1.1734993470437407,,,0.1926174538775404,0.0,,,,,1.2443029141524624,3.36303416427407,,,,,,,1.4310603090049094,0.9861874002560744,0.1880009916310637,0.0,,,1.4271102421695263,0.3919868354427724,,,,,,,,,,,,,,,0.1530947071345106,0.5169571189293923,2.623968236425859,0.0,,,,,,,,0.0,0.0,0.0,,,0.4948479273250479,1.871459542141537,0.2132844215211905,0.339168447781377,,,0.9531667217365382,1.5777589994368209,0.0,0.0,,,0.2075079656029743,,,1.876563181124216,,,,,0.0,0.0,0.0,,,,2.490357497767885,0.0,0.4602039069619296,0.0,2.2950019092984,0.5229130446138422,1.478860487391101,0.0,0.6105318586015895,0.6195084969938099,2.691966414838128,0.1869389930105315,0.3287757379885374,1.438859699930307,0.0,0.0,1.524881678829162,0.161999654341179,1.3246310314741678,0.0,,,,15.670561899868384,2.2392383946599703,1.85540491567146,1.1795490804604412,0.7605825502893491,0.0050848192824916,0.337714645047127,1.2128085181609871,0.7333903611410244,,,,2.054524685062589,0.0,1.1872083654313612,0.0,0.0,0.0,0.0,,,,,,,,1.0837859375450083,0.2260045748799576,0.2323857300612816,0.0430417600086348,0.0,0.7746654992562798,,,0.4056092378384944,0.0,0.0,,,,,,,,,,,2.763250779661072,0.0,0.0,,,,,,0.7932111527103821,0.0918649115909734,1.02127099053972,0.0,,,,0.0,0.6399636918667396,0.5598869081986316,1.5720108922618046,,,,0.0,1.3004040829014238,0.6995768245207723,0.3038003265930765,0.0,0.0651420430554363,,,,,,,0.0512907674744536,0.024715655436171,0.0130941707803375,0.0,0.0,0.0,,,,,,,,,,,,,,,,,0.0,0.0,0.0,,,0.0,0.0,,,,,,,,,0.0,0.0,,,,0.0,0.0,0.0,,,,0.0,0.1698000414753546,1.4825738768341707,0.0,,,1.8132798466037248,2.804760543982423,0.0,0.0,0.2936078028859854,0.0,,,3.836664870658551,0.2749799044124082,,,,,,0.0,0.0,3.2839105024979407,0.0,0.6113503783307728,0.0,0.218542033043455
1562857793,deg1,2,4,0.965996055742034,0.9517442358765466,,1.7144365370392043,2.213757689477017,,1.0883992743882902,1.0275079582158215,1.0460614429972546,1.08602306081612,,,0.4514822501176842,0.6700434118652949,,,,,1.1244132673202918,0.9664030631573128,,,,,,,1.2051920186770142,1.4655584107384894,0.405215147349071,0.3814565573496605,,,0.9677603102949968,0.9042910684456832,,,,,,,,,,,,,,,0.7694884221630989,0.9044161264266304,1.539529729751895,0.0,,,,,,,,0.182639087558893,0.0,0.0,,,0.8689144778260273,1.0465347107422691,0.4425874800158806,0.3687348405827912,,,0.423005517437507,0.0,0.0,0.0,,,0.3704253108915064,,,2.22497718305902,,,,,0.430956979298788,0.0,0.0,,,,1.2464595757039671,1.353570490713014,0.6815814385712017,0.7230219532203378,1.2055490880895927,0.7212533452382117,1.0916910207385602,0.0,1.4705231643771917,0.8463451111415192,0.0,0.0,0.0,0.9826927107821792,0.6898617552703417,0.8319607210389104,1.2936986324056818,0.0,1.1009031899286383,0.0,,,,18.53391025431885,6.630825428211806,5.410006539184539,2.8614005679817454,1.4166454990471933,1.0828814038227177,0.7270720996594671,1.1195109071809124,0.4866141952947649,,,,1.1799097067064217,0.0,0.9635133148568916,0.0,0.902015923406676,0.8921243068424071,0.0,,,,,,,,1.2376528671432117,0.4633928840342787,1.2347379108107346,0.0,0.8075658425272284,1.1685780182869785,,,1.4639199097074878,0.0,0.0,,,,,,,,,,,0.0,0.0,0.0,,,,,,1.0476750065805915,0.3981047818311589,0.9948766488813842,0.0,,,,0.0,0.2430576295774513,0.6555448019393483,0.3038372488045219,,,,0.0,0.0,0.0,0.3266173191600653,0.0,2.1064510506162617,,,,,,,0.0572196103407488,0.0173594424705699,0.0195093140691823,0.0,0.0,0.0,,,,,,,,,,,,,,,,,0.0,0.0,0.0,,,0.2376401252025373,0.0,,,,,,,,,0.0,0.0,,,,0.0,0.0,0.0,,,,1.1565906121278344,0.0,0.3038471968194197,0.0,,,7.28251681722894,2.511778401743709,0.0,0.0,0.9963719514774112,0.0,,,4.836608335456877,1.3442778324793911,,,,,,0.0,0.0,1.249075616003794,1.3949895549207214,0.6560430244590164,0.4224633455541922,1.3028996679360425
1562857793,deg5,1,0,1.5281765555353424,1.1202719287438734,,1.0200616818881023,2.55605838951484,,1.2979520697486369,1.218876081510739,0.796887548466254,1.0299969292993858,,,0.2383708025575696,0.0,,,,,1.4124323399320722,4.398554554727603,,,,,,,1.9494231100632904,0.986087433869981,0.1921676957562713,0.0,,,1.4827602135957905,0.5821240885669469,,,,,,,,,,,,,,,0.1915236600358082,0.8566494163493861,1.0172286596029216,0.5356635219776642,,,,,,,,0.4598737050218176,0.0,0.0,,,0.506032773486349,1.733198329064831,0.2169108200471382,0.2778382577955673,,,1.4280481053488812,2.1839387611018,0.4193223312700133,0.0,,,0.0,,,0.7599757996194733,,,,,0.1465134812921243,0.0993822791597094,0.0,,,,1.4859649935984829,0.0,0.4787524237342855,0.0,2.200540618580361,0.3074939515766333,1.4633648190041195,0.5656598044464028,0.5063761955028064,0.5651588071084722,1.3016386499217585,0.2070266044409099,0.3327397460979715,1.6760318306316286,0.0,0.4505578701546404,1.189853886696829,0.3017353028578342,1.7895546317091802,0.1840101222014082,,,,8.012956230064344,1.4198231856204802,1.1566756197369426,0.7805768471107233,0.7804898718261307,0.6000669853369844,0.0,1.3535044517805446,0.086678155935833,,,,1.7287061092291394,0.1588406630437107,1.4874507966791335,0.0,1.016916169623266,0.1520606708962872,0.0,,,,,,,,1.2122370061219565,0.2001977431222392,0.3567373314061114,0.121643704346715,0.4981564761896121,0.5040038020467654,,,1.7923072494406025,0.0,0.0,,,,,,,,,,,1.477864397925895,0.0,0.0,,,,,,0.7677819395868285,0.2143317512167905,0.9965760204414554,0.074179836717578,,,,0.2229525828728803,0.8556409107655518,1.1280717575277766,2.2008077068618674,,,,3.847669111782684,1.3560878499843088,0.8707581754647321,0.3521182356403107,0.0,0.0,,,,,,,0.6863852860016775,0.063133916268955,0.0338618201469552,0.3835021833465469,0.0,0.0,,,,,,,,,,,,,,,,,0.0,0.0,0.0,,,0.0,0.3353527291548472,,,,,,,,,0.0,0.0,,,,0.0,0.0,0.0,,,,0.1140723290018484,0.7832298260598082,1.2882239738501426,0.5091489024328043,,,3.0427267767331614,2.510166014768729,0.0,0.0,0.0,0.0,,,0.9239983676371432,0.0,,,,,,0.5492900749939901,0.0,1.8704661025453324,0.0,0.6842611138023352,0.0,0.7522143116315665
1562857793,deg5,2,3,1.1920494050021049,1.043375390852432,,1.093617736272263,1.7429105337337376,,1.1948137064506408,1.3770083871085352,0.9840630097102464,1.0260917147205988,,,0.2480930651173851,0.4186144694468742,,,,,1.620241232326756,2.6823628511780666,,,,,,,1.917614472983299,0.9509260657715491,0.2540581965231611,0.0202889084010841,,,1.204112483672955,0.8258489626797587,,,,,,,,,,,,,,,0.4217621455684536,1.0354081751826585,1.0365147652362392,0.5530468153973452,,,,,,,,0.7902363823204328,0.0,0.0,,,0.6823321095105195,1.677340477895801,0.3673407544518307,0.3632451437462147,,,1.4086463678103536,1.974913757310928,0.4847822882689347,0.0,,,0.0,,,0.6868131087013614,,,,,0.9237731371666767,0.0,0.0,,,,1.1338589040329197,0.0,0.4920295918992263,0.4538841362804996,1.850267533402001,0.3779305675158542,1.229920934312752,0.6164441175366159,0.5100493699132208,0.5518138782320657,1.227281920734257,0.1575153238625541,0.3310914610669359,1.756980543482145,0.7094139775022065,0.8517657512194897,1.2543092824928903,0.2593686109995942,1.4359644567752194,0.1680367525616325,,,,7.29886912971241,1.99151761203156,1.6652250492115817,0.8282037720845117,0.724903273311362,0.9024621927589456,0.0,1.2355027646555798,0.0635926779355004,,,,1.4938727900117112,0.2057752232333946,1.2627207620694276,0.0,1.094673915465063,0.0,0.0,,,,,,,,1.432939068570078,0.1805924935340092,0.6898159947454571,0.112025332710313,1.095427372405162,0.5803670744399438,,,1.88552496949132,0.0,0.0,,,,,,,,,,,1.713304527286298,0.0,0.0,,,,,,0.9647307836421184,0.2403806004609478,1.0348114779135156,0.0711484305740996,,,,0.5269943168160197,0.8375600727282153,1.0623086765916918,2.0565954090386667,,,,3.575990917510408,1.373283499103286,0.7635810831185905,0.4073565449754625,0.0,0.1154960035121914,,,,,,,0.8747089807825676,0.0659245038598646,0.0425446258461588,0.7586882607327882,0.0,0.0,,,,,,,,,,,,,,,,,0.4625784530839554,0.0,0.0,,,0.3695951358720601,0.0,,,,,,,,,0.0,0.0,,,,0.0,0.0,0.0,,,,0.7074721322326321,0.9081967584477232,1.1964744659780662,1.201421496842331,,,2.9388795656424587,2.530703537234475,0.0,0.0,0.2459144306903322,0.0,,,1.276887140533272,0.1474553798674218,,,,,,0.7003420404643166,0.0,1.3665876326203497,0.0,0.7007749573698467,0.0,0.731645260861867
1562857793,thermal100,1,0,1.235277865222859,0.8463420321906456,,2.226186671702514,4.222792252700411,,1.3933793190239965,1.0782605714910545,0.5514533275258651,1.2085493902843605,,,0.2000957575026043,0.0,,,,,1.2477252121716205,3.867952575006506,,,,,,,1.490198440326469,0.9579602837402872,0.1787267875664876,0.0,,,1.4110666813155757,0.3576462930158087,,,,,,,,,,,,,,,0.1834097963622494,0.6997861736154664,2.5361984736802152,0.0,,,,,,,,0.0,0.0,0.0,,,0.5050825392031735,1.8127146424106573,0.2110411843981082,0.3437573725762506,,,0.8963780725817212,1.5463517221635243,0.0,0.0,,,0.2053450559862901,,,1.689325883399278,,,,,0.0,0.0,0.0,,,,2.334425250927473,0.0,0.4665572783547859,0.0,2.3165140963648354,0.5178646114407924,1.454398896237966,0.0,0.5557893430865877,0.5851746360370869,2.691232609346969,0.2442711662668584,0.3401231956589081,1.5368203227561683,0.0,0.0,1.5220306812969038,0.1285549433762964,1.1414625579142428,0.0,,,,15.595134791850969,1.91843517957053,1.952053073671641,0.9424723828255548,0.6536312691714647,0.0654612959965754,0.396009956462476,1.1148750112378594,0.734027458922044,,,,1.8980542020416056,0.0,1.0548108745616342,0.0,0.0,0.0,0.0,,,,,,,,1.0719814228750344,0.2452368987599905,0.2070436674391757,0.0388364687941713,0.0,0.7180624962893202,,,0.6236393218348051,0.0,0.0,,,,,,,,,,,2.784157092438161,0.0,0.0,,,,,,0.839129258540483,0.0641151328614844,1.029340117419931,0.0,,,,0.0,0.7341504227132682,0.6289416571627405,1.7432166176336354,,,,0.0072373807426001,1.2947073467824768,0.7256755338071497,0.2945168180354027,0.0,0.0,,,,,,,0.0047390316364543,0.0534542096918809,0.000818503270061,0.0,0.0,0.0,,,,,,,,,,,,,,,,,0.0,0.0,0.0,,,0.0,0.0,,,,,,,,,0.0,0.0,,,,0.0,0.0,0.0,,,,0.0,0.2649066722498948,1.5755327184291827,0.0,,,1.9054601459062213,2.777490364471756,0.0,0.0,0.258708064560132,0.0,,,3.913642530359779,0.2781546871981544,,,,,,0.0,0.0,3.185374249529912,0.0,0.6084623140886338,0.0,0.21038417532844
1562857793,thermal100,2,3,0.8396297194346797,0.6963003315149784,,3.3171011148492666,5.521160646803079,,1.2723090650474116,0.8910851698954955,0.9098789404818752,1.2051888934005222,,,0.2475554127188395,0.0,,,,,1.326837478660991,1.9379958053066912,,,,,,,1.3082398977951208,1.6919965950125315,0.1478257865339876,0.0,,,1.1966008496747442,0.7951807037201034,,,,,,,,,,,,,,,0.4967181552239579,0.8822743721086328,2.9273344763621805,0.0,,,,,,,,0.0,0.0,0.0,,,0.6821284912389554,1.8478635630563367,0.382556236154925,0.4777069841617616,,,0.0030087533200556,0.0,0.0,0.0,,,0.3038233115255831,,,3.4626312303866658,,,,,0.0,0.0,0.0,,,,2.461708486354267,0.3268718038541934,0.4804835893994172,0.215890079385759,1.9299770851435625,0.8049034539520028,1.2346594357513276,0.0,0.7144559156680044,0.5700604367657289,0.0,0.0680627805961084,0.3408673102869893,1.4914638887222789,0.0,0.0,1.4634615761946033,0.0,0.6483823805346203,0.0,,,,21.795658399541946,2.300174672366021,3.753373917705164,2.402747649735488,1.0138685063427744,0.4261803385815143,0.6599691523355657,0.984363014981358,0.7520050937483512,,,,1.5524579268974632,0.0,0.5949090789592754,0.0,0.0,0.0,0.0,,,,,,,,1.2396210140769417,0.4267441328561198,0.5955341611508098,0.0,0.0,0.6076851092338986,,,0.0284611424541526,0.0,0.0,,,,,,,,,,,0.7646952196047568,0.0,0.0,,,,,,1.0760604923319614,0.0,0.993783093787623,0.0,,,,0.0,0.0,0.0,0.0,,,,0.0,0.9317918554412428,0.0744910597149988,0.178837796732517,0.0,1.355652709312002,,,,,,,0.0211229835185795,0.1446192503338643,0.0011665550384851,0.0,0.0,0.0,,,,,,,,,,,,,,,,,0.0,0.0,0.0,,,0.0,0.0,,,,,,,,,0.0,0.0,,,,0.0,0.0,0.0,,,,0.0,0.0,0.3563585218384912,0.0,,,1.3424467756989924,2.6803686419550767,0.0,0.0,1.2042556230111654,0.0,,,4.408057045769119,1.2595095052345535,,,,,,0.0,0.0,3.487197793513322,1.035657952326117,0.4990908693466067,0.0,0.245058270358785
1562857793,thermal50,1,1,1.0298680340487687,0.9866081677135632,,1.4702768300621658,1.9630731365313911,,1.1270662703818717,1.1301267463628022,1.0346310019687452,1.093565569119446,,,0.2723528910870648,0.5053924059093584,,,,,1.3014549142214804,1.5022055597360442,,,,,,,1.3854813483369246,1.3969345278391971,0.2799107083496899,0.3336752184346718,,,1.0131184679823848,0.8646808074979779,,,,,,,,,,,,,,,0.5627507679347541,0.9171569151280816,1.1505907884878748,0.5916516852068038,,,,,,,,0.7751231753915128,0.0,0.0,,,0.869158249711737,1.2108528214198475,0.1943868103438861,0.4087274617638283,,,1.3166429343509218,1.608152615606003,0.674459247032471,0.0272923448538567,,,0.0755140197873667,,,0.9864359960718828,,,,,0.984555956845987,0.249081084790281,0.0,,,,1.0467982649691054,0.6272109564112178,0.5250425703122734,0.570351072655416,1.3045344400626342,0.4487776962439521,1.162036994151472,0.0,0.4552301717324689,0.3461277602389921,1.0594553721380653,0.1568358593814903,0.2646957895347117,1.2893406535797212,0.714297500566886,0.9208791331146609,1.3542336074372756,0.0967192585208023,1.285180475500128,0.0,,,,7.598320127880779,1.8121634610021684,1.821030008608414,0.969768428621363,0.9145151592188964,1.0765034970749054,0.4862040487039604,1.2218585756311289,0.6626595968433059,,,,1.2196359608869258,0.0,1.102269354560203,0.0,1.1939925100313329,0.6693262905357718,0.0,,,,,,,,1.181374494836226,0.2935304371535492,1.1678002173715205,0.2146598745706947,1.2874768912362595,0.7084342403308133,,,1.3714993957679664,0.0,0.0,,,,,,,,,,,0.9096371669248882,0.0,0.0,,,,,,1.0277257729040914,0.248691192325845,1.015082777245171,0.0,,,,0.7424502719045691,0.8968844883566829,1.0136738556163296,1.0679479615112488,,,,1.8186212917922704,1.220892157503275,0.775551712209785,0.3080854051808993,0.051844461126318,0.834325442450025,,,,,,,0.0038303957658091,0.0369112878176722,0.0007123593373765,0.0910781556166591,0.0,0.0,,,,,,,,,,,,,,,,,0.7133798200181248,0.0,0.0,,,0.4534985165860084,0.1632547621581597,,,,,,,,,0.1161637493009806,0.2516272927285903,,,,0.5895215953346914,0.0,0.0,,,,1.0791006101824812,0.8038685831025626,1.02454525823944,0.7159558195380619,,,4.516384606509352,2.5581795340182705,0.0,0.0,0.7667792274826816,0.0,,,2.7046921917654405,0.2579336716695236,,,,,,0.0,0.0,1.1336332582678574,0.6111013461716669,0.6089523076416743,0.2964191922885034,0.896419041770644
1562857793,thermal50,2,3,0.9657772860047056,0.8248645418486568,,2.4551366624779303,4.264899284197984,,1.215817519366746,1.0912647550845624,0.8838304849433861,1.1632698722507442,,,0.2367661438983407,0.186307014433341,,,,,1.3812575261732014,2.4865872393410973,,,,,,,1.434096467701975,1.5743824304293526,0.2109685198423546,0.0,,,1.1841555426533463,0.7808926570475966,,,,,,,,,,,,,,,0.4295486242958652,1.029374052301515,2.085144607432375,0.0,,,,,,,,0.0,0.0,0.0,,,0.715635390806076,1.768814541536566,0.2934333189771969,0.4940410298749843,,,0.5089275234554522,0.9536220605571264,0.0,0.0,,,0.2042220031354543,,,1.7376254258078057,,,,,0.0,0.0,0.0,,,,1.7584171134967206,0.0,0.4946442399141136,0.3179739132824721,1.9069123798632424,0.6092424784564473,1.2526518519065102,0.0,0.5710173413158759,0.4794113184426894,1.8019056416122503,0.2759139022539998,0.314358287898229,1.629367888845424,0.1960025270937887,0.0610680620524814,1.4516693746825342,0.0,0.903332093568442,0.0,,,,16.347835593963918,2.405958064023145,2.747642875834765,1.1406451048664514,0.5567976298450257,0.5199766007614058,0.6865224407242229,1.1480565402597056,0.7212310445472886,,,,1.5609567695509785,0.0,0.867936737287602,0.0,0.0400925783910851,0.0,0.0,,,,,,,,1.2356595751494517,0.3576978474397192,0.7674535427527656,0.0,0.0,0.5470943563741854,,,1.2781805704927005,0.0,0.0,,,,,,,,,,,2.20784378283694,0.0,0.0,,,,,,1.0345807587524165,0.0,0.9928399255681636,0.0,,,,0.0127203722885761,0.7381687384700202,0.7684404678130257,1.550836925483045,,,,0.0,1.2040396436309504,0.5292573078129578,0.296331166064739,0.0,0.4603643706656968,,,,,,,0.0087039155614441,0.0627345722503615,0.0008776277691479,0.0,0.0,0.0,,,,,,,,,,,,,,,,,0.0,0.0,0.0,,,0.0,0.0,,,,,,,,,0.0,0.0,,,,0.0,0.0,0.0,,,,0.0,0.0606077705440249,1.5996714350682697,0.6137062894442268,,,2.518315140600926,2.623046723012869,0.0,0.0,0.7034713318070991,0.0,,,4.498510604832845,0.8179068438942886,,,,,,0.0,0.0,2.367539870420171,0.0,0.6050851551967111,0.0,0.2123760197432697
1562857793,thermal25,1,-1,4.123250153092452,1.3434344908043838,,2.0355271912476787,4.78880810063932,,1.4252995642922026,1.0626852109013871,0.0,1.5195871204432607,,,0.2527067553739357,0.0,,,,,0.9169711925550902,8.198536094315765,,,,,,,1.4991760507063292,0.5852670079104809,0.1044628261764745,0.0,,,1.570657204589807,0.0,,,,,,,,,,,,,,,0.0706642258004209,0.0,3.2694342365897664,0.170723491310385,,,,,,,,0.0,0.0,0.0,,,0.3085187044243289,0.4004862064453722,0.0934852067413213,0.2894555284218236,,,0.696575558468305,2.1207094426383524,0.0,0.0,,,0.022273607746477,,,1.3210915478212155,,,,,0.0,0.2189139554808794,0.0,,,,1.9815580933871884,0.0,0.4492767488913839,0.0,2.9517761293840903,0.3392948026206335,2.0724620689855096,0.4368525756154214,0.4720277644131525,0.1723388970860537,2.581153194332652,0.3908917885436971,0.0,1.4692164925981213,0.0,0.0,1.1895353668301107,0.2036311580578151,1.393431284672872,0.1412507511976682,,,,11.7356222151333,1.208048818917067,1.1110907264468712,0.4097297609862956,0.7809220652968509,0.0,0.336461934497882,0.6298573530546331,0.1584973162515908,,,,2.7773667194109803,0.0,1.5252989462402156,0.0013686234771975,0.0,1.13368407932161,0.3010630887365162,,,,,,,,0.7467100410605672,0.2995097380656525,0.0,0.0189902411066003,0.0,0.4057828891199244,,,0.0,0.0,0.0,,,,,,,,,,,2.0618984900844977,0.0,0.0,,,,,,0.0,0.0823328106595495,0.731494688964564,0.0561588194439227,,,,0.0,0.3030981358704144,0.0,3.5418285265726137,,,,2.5932413862206083,1.294726936865653,0.9141360732715312,0.2636396007406552,0.0,0.0,,,,,,,0.0023264845914072,0.0186376830895749,0.0005064657850984,0.0,0.0,0.0,,,,,,,,,,,,,,,,,0.0,0.0,0.0,,,0.0,0.4597081769079205,,,,,,,,,0.0,0.3682719788628265,,,,0.0,0.0,0.0,,,,0.0,0.518572515493482,1.7970735829259168,0.0,,,2.4825910394429127,2.337039721986921,0.0,0.0,0.0,0.0,,,2.144883985718586,0.0,,,,,,0.0,0.0,3.942070435385266,0.0,0.5941611156512718,0.0,1.1486057772366378
1562857793,thermal25,2,2,2.1930654035535446,1.1614913742639352,,2.0172581735747173,4.885223726923938,,1.389998086323931,1.2566889625842534,0.0,1.2585603524167923,,,0.2642254102181241,0.0,,,,,1.0949073336299808,7.106755846432675,,,,,,,1.469436160459722,0.7846659128540576,0.1357513120196175,0.0,,,1.5994947669934385,0.1854350464340696,,,,,,,,,,,,,,,0.1116343194023854,0.6074897919703257,2.973961268702349,0.1776462351821302,,,,,,,,0.0,0.0,0.0,,,0.3274588800641041,1.871333604105584,0.1097430315567915,0.3742369167554139,,,0.6509907091570841,2.084981154379516,0.0,0.0,,,0.0074178373881554,,,1.0369465982754382,,,,,0.0,0.1700613209098059,0.0,,,,1.4928147701479928,0.0,0.4697667664880586,0.0,2.88434864212206,0.3441772236485282,1.6163268798937789,0.4974616167091598,0.4652701488345153,0.3031140353993483,1.94759123238522,0.405555914896582,0.0,1.798467271354688,0.0,0.0,1.2680414346965123,0.0858260677847943,1.182878597488617,0.1490470366333273,,,,11.628135253681265,1.272152927442225,1.3840309943343414,0.4194649037478909,0.8976857689901452,0.0,0.5431145910394708,1.1327574590877965,0.104589907491742,,,,2.649728357607344,0.0,1.221365863057425,0.0306914327713238,0.0,1.2623229010659804,0.2339529136234887,,,,,,,,0.8824908434397406,0.3445443400628653,0.0322343191809535,0.0310526561609206,0.0,0.4990148375248607,,,1.6850288077257582,0.0,0.0,,,,,,,,,,,2.539300876056009,0.0,0.0,,,,,,0.1456818169261313,0.0,0.8860641399149705,0.0475078077058823,,,,0.0194095023176447,0.6033231205896558,0.3878996896398449,2.1152487318838764,,,,2.582117282690851,1.2948738718208537,0.9037258787846724,0.3114539116455387,0.0,0.2374966307017897,,,,,,,0.0026141066174004,0.0208016801237262,0.0005601156788411,0.0,0.0,0.0,,,,,,,,,,,,,,,,,0.0,0.0,0.0,,,0.0,0.5292514215716377,,,,,,,,,0.0,0.4228773771565222,,,,0.0,0.0,0.0,,,,0.0,0.6717795618143154,1.5020196825704777,0.0,,,2.5173121730379204,2.3725095594246914,0.0,0.0,0.0,0.0,,,2.41856857795336,0.0,,,,,,0.0,0.0,2.7972099203294647,0.0,0.6325793013283035,0.0,1.1766018552574549
1562857793,pix2,1,1,1.0719216798924418,1.0243398871809326,,1.1313451675867665,1.292428763533068,,1.1232317445762248,1.2517953387334697,1.043467908105868,1.045767324244001,,,0.2599724116441579,0.4707246671737655,,,,,1.3516981224818658,1.4892454688963048,,,,,,,1.4426589614232863,1.1283833855267549,0.2998883990449474,0.4123756957007934,,,1.0193299892564671,0.8781398140735538,,,,,,,,,,,,,,,0.526512977807689,0.8388912755072471,1.0499731206959662,0.8179928711814268,,,,,,,,0.9839565797512422,0.0,0.0,,,0.8809863340904139,1.2263537190472509,0.2215605205681609,0.341171546930724,,,1.5427261135408357,1.9197268416135689,0.975948500217082,0.1851980728769163,,,0.0028094145722471,,,0.9336052411212736,,,,,1.0856257391894375,0.287628067088692,0.0,,,,1.0498318994690827,0.6211305697740499,0.5249383897974796,0.5999783985508969,1.317130560786343,0.3891075813837388,1.1446226745414885,0.3970794307688628,0.4102537791543356,0.3719822255161367,0.9673103986106472,0.1093768129756552,0.2991492960767467,1.314248380728397,0.7554946697360642,0.9693623812495236,1.3568554275496698,0.2597065887001828,1.331374966700597,0.0106474112417771,,,,4.728683297544516,1.1549647889329164,1.0403635113580374,0.9270268970916228,0.9462570003547356,1.0912292154461307,0.0026506441085054,1.185736869767238,0.4202675582890781,,,,1.2127156324197237,0.267829724032109,1.1565899765623937,0.0,1.2471903904994392,0.4521238897668358,0.0,,,,,,,,1.2819906853490424,0.1958885514839357,1.0267537479759576,0.2092276722347672,1.2000772463389495,0.6997849443134762,,,1.2594763226604202,0.0,0.0,,,,,,,,,,,1.2043049315635317,0.0,0.0,,,,,,1.0306630957945413,0.3309173848198355,1.0347675059602903,0.0365704351292408,,,,0.7693558986983297,0.8880419992528897,1.0300827155126466,1.1171924927610215,,,,2.3996468551220063,1.114691102271847,0.720860098718343,0.3273244127970671,0.0,0.7943838944586668,,,,,,,0.5887136092468109,0.1298301253392464,0.0771416921827876,0.8667578390618695,0.0,0.0,,,,,,,,,,,,,,,,,0.8696365176347536,0.0,0.0,,,0.8418506971879707,0.3673623776950344,,,,,,,,,0.1398893669862272,0.2527956333795533,,,,0.967731330582822,0.0,0.0,,,,1.0779325686209886,0.8952135106081288,1.04371625638468,0.8449146636551073,,,3.731330658621043,2.514632589660274,0.0344885669490933,0.0,0.7844818568526033,0.0,,,1.9617292855428408,0.1085384217434977,,,,,,0.5384309733667391,0.0,1.1271008254743349,0.6080801857507717,0.6415326651887948,0.2962157240259308,0.9520569675103528
1562857793,pix2,2,3,1.2390881207894784,1.0833057403106312,,0.9248826919574552,1.273583976818015,,1.215776693905638,1.5297273882666125,0.8650721230234202,1.0004161386671924,,,0.2178909476756462,0.244760262245642,,,,,1.5434952743472954,2.456235846421377,,,,,,,1.6880233475628843,0.8018361233822667,0.2784521722371325,0.0,,,1.1925858423414328,0.8127030143314824,,,,,,,,,,,,,,,0.3296242939876139,0.8360193217240278,1.2084110817630902,0.3675800415301655,,,,,,,,0.3388377693228512,0.0,0.0,,,0.685755866592001,1.7421004819709427,0.391702998957566,0.3532289074086235,,,1.441579198886108,2.09204669588295,0.1617474650946615,0.0,,,0.0014087897408873,,,0.2244454271712493,,,,,0.1760332786642832,0.0,0.0,,,,1.313003269531304,0.0,0.487101825523195,0.4145667304484709,1.9188652512736923,0.3222831473908596,1.2498350726331031,0.439356527987401,0.5415614736023437,0.5196044352722267,1.097507018200551,0.1313047685718716,0.3362370870401005,1.7567074061687813,0.3999168386942316,0.7440834649106658,1.4374831024960937,0.2523170477265908,1.5447297599414025,0.0755454898459774,,,,8.834940853110158,1.5659616837449748,1.2500949110615838,0.7506305180749742,0.6790836773856742,0.6907892665548907,0.0,1.2481206754363168,0.3930893243657365,,,,1.5246922490144674,0.2897493467720068,1.3157810888448382,0.0825114956369538,0.8642607133365126,0.0,0.0,,,,,,,,1.3634532047451942,0.1591530567904503,0.6008079607136271,0.1658777219405287,0.6639373686313915,0.6281807033178466,,,1.7257394615337585,0.0,0.0,,,,,,,,,,,1.7387375526046147,0.0,0.0,,,,,,1.00879517176589,0.2490992485175626,1.0632261877164486,0.0,,,,0.5013005233079834,0.7361704889196077,1.0326165765091109,2.2014136334604264,,,,3.1572111266057905,1.0271642309150533,0.4752375320530105,0.371813699382874,0.0,0.163809901390517,,,,,,,0.6208513274696795,0.1866229497288941,0.1330378091107331,0.0086779984611031,0.0,0.0,,,,,,,,,,,,,,,,,0.0,0.0,0.0,,,0.0,0.0,,,,,,,,,0.0,0.0748546384625524,,,,0.0,0.0,0.0,,,,0.1993859878623782,0.8291854477173204,1.2403162151540186,1.5453302073074675,,,3.37542122755642,2.6219120018765327,0.0,0.0,0.0,0.0,,,1.659011398402736,0.2590003690773827,,,,,,0.3746219931705319,0.0,1.4942866885004775,0.0,0.6733722922438581,0.0,0.801926967048298
1562857793,pix5,1,0,1.5378287751273128,1.1310914551410638,,0.9502202447185591,2.464274937376396,,1.26525932960234,1.187446137283048,0.7115844549762033,1.0133297067727425,,,0.2690151388784129,0.0,,,,,1.4611805823437525,4.485007285772164,,,,,,,2.054298103071382,1.0431921962078172,0.1967281198297218,0.0,,,1.5078291858329076,0.6949074302500282,,,,,,,,,,,,,,,0.2605470588668338,1.1791325150914085,0.9415371629198594,0.5981472660432688,,,,,,,,1.062831724513987,0.0,0.0,,,0.5046126795258126,1.764231380071343,0.1976411070092771,0.1813387398044198,,,1.465254613104478,2.185646183385445,0.325647835847877,0.0,,,0.0,,,0.7118420749041937,,,,,0.4958668003230762,0.3005618653900709,0.0,,,,1.4708221637665395,0.0,0.4730370358134728,0.1125252979815826,2.0888697296143404,0.2690829468304952,1.467396146945865,0.5579658747115657,0.5204195211322855,0.5807240504143043,1.2423393306131123,0.1659569318481368,0.3062052120588126,1.7330811890973874,0.0963568087598486,0.4613952388564572,1.1072082029218806,0.3270747281327739,1.8123223724502813,0.2262758661948417,,,,7.455397301312131,1.1369377288151068,0.942405763205074,0.8396827166246209,0.7948306726032667,0.7972239791554585,0.0,1.3936141320880149,0.0,,,,1.741198657431554,0.1061623580969116,1.488204228564135,0.0,1.264350568407521,1.0819062308012273,0.2416619097950242,,,,,,,,1.2631249460300036,0.2354967241770901,0.4573592777346164,0.1357417787513384,0.8859311076133323,0.5243090268399349,,,1.5329826331862728,0.0,0.0,,,,,,,,,,,1.432108856014284,0.0,0.0,,,,,,0.7308243742328517,0.2469704260198537,0.990568722512652,0.0943157092837724,,,,0.4029570421172753,0.9453178687355224,1.0600123753521014,1.6192659234105684,,,,3.7839732655117273,1.258277622340629,0.9051799625669976,0.3579147450185428,0.0,0.0,,,,,,,0.4011344615896468,0.0487769042884044,0.0280552213984579,0.6229504112097075,0.0,0.0,,,,,,,,,,,,,,,,,0.0,0.0,0.0,,,0.5206336561479211,0.8172442287435012,,,,,,,,,0.0,0.0,,,,0.0,0.0,0.0,,,,0.5102082597419005,0.8465554158745324,1.1570018240754911,0.397585490417246,,,3.3240951253512123,2.350052525092724,0.0,0.0,0.0775884746330019,0.0,,,0.949644948345966,0.0,,,,,,0.2340383871894834,0.0,1.9458204929627767,0.0,0.6951329281662801,0.0,1.0213538859062683
1562857793,pix5,2,3,1.1973628359930246,1.0493211368675477,,1.080303782001163,1.6917682461937285,,1.1786977751253755,1.3444486862251153,0.9376749586120876,1.0259287266269568,,,0.2766936231068221,0.5837917096818038,,,,,1.6464600756065018,2.6950229100166103,,,,,,,1.990230723608848,1.0030902666543688,0.2276005452896812,0.2643444414475761,,,1.1726511378425313,0.8438588671407292,,,,,,,,,,,,,,,0.49238221566298,1.1163517122698297,0.9796895921521396,0.6797194026536778,,,,,,,,1.2485067313728335,0.0,0.0,,,0.7281340298333555,1.7084680812475024,0.2652620810239449,0.2892878936846157,,,1.4519370659805697,2.145597429455868,0.4248065042890029,0.0,,,0.0,,,0.6692529841144738,,,,,1.117890956897657,0.2557243200256791,0.0,,,,1.183359199302241,0.3222800698902079,0.4660504782072367,0.473539706519671,1.7680161207062186,0.3432807955245955,1.2306382300672587,0.601295728687248,0.542933062878435,0.582045346191329,1.1801668286218086,0.1203937698834752,0.2960294501252027,1.727308589201177,0.8427178930351065,0.8239658066717553,1.208933429871585,0.2960446359169619,1.4409043653872982,0.2042367261731502,,,,6.540547554274686,1.4038268923756252,1.303468777910895,0.884697427391248,0.7512662596335449,1.0261662627177586,0.0,1.2546749476228265,0.0,,,,1.4918744281799885,0.1460428501614231,1.262019656077251,0.0,1.306388863337658,1.2423103684057737,0.0,,,,,,,,1.5079092506721454,0.2278500095243241,0.7928953670944588,0.1370595165557189,1.411231348588537,0.704730446363509,,,1.5655499173335423,0.0,0.0,,,,,,,,,,,1.653621458516386,0.0,0.0,,,,,,0.9373209090227236,0.2685926167963667,1.0312673879207364,0.087846959181655,,,,0.6134248529649515,0.9039251402144484,1.0363434079700695,1.5355421480890836,,,,3.330121419639018,1.2297450576174953,0.8846467494038501,0.396217593106387,0.045648353983852,0.4117924541911175,,,,,,,0.5360843105936718,0.047015312391413,0.0349149525732181,0.9167361195854692,0.0,0.0,,,,,,,,,,,,,,,,,0.6310807854764416,0.0,0.0,,,0.8886876470913331,0.4554836713291121,,,,,,,,,0.0,0.0,,,,0.0,0.0,0.0,,,,0.9904328037712868,1.1403591152332009,1.1379412759981296,0.8950353731546777,,,3.387916878960919,2.370381490982506,0.0,0.0,0.7653432228654259,0.0,,,1.1728944980241809,0.0,,,,,,0.3388513597457704,0.0,1.5004978080692684,0.3519718649456692,0.6859051394841061,0.0975160364543903,0.981087444123233
1562857793,pix7,1,-2,1.0,1.0,,1.5868963483867176,1.3854435726174283,,1.3696815341798565,0.8847416601652286,1.1689910271886106,1.183452123320213,,,0.4588668924738837,0.0,,,,,1.6372037936024808,5.258441355280023,,,,,,,1.0,1.0,1.4095392898793568,2.718525570892244,,,1.0,1.0,,,,,,,,,,,,,,,0.0943854177003568,1.7684105769688925,0.1923374858429981,0.079013377610858,,,,,,,,1.0,1.0,1.0,,,0.508216561712486,2.7398363134891337,0.2511790591279739,0.0,,,1.0557564148874454,0.0,0.385144502365732,1.1448397387581084,,,0.0,,,1.0,,,,,0.0493249039399135,0.5662930266656043,0.0,,,,1.0,1.0,1.0,1.0,0.2524444486069935,0.0,0.9734545538000696,0.0,0.7002688770354935,0.338109064030098,0.3864166368799355,0.0183932027546265,0.0,0.9231707121396991,0.0,0.0,1.0342603024471957,0.1007892613060059,1.453971816648017,0.0203369304294623,,,,0.8703809173791169,0.5090076889249731,0.0,1.0,1.0,1.647162852124996,0.0,1.268686276991322,0.0,,,,2.84301077628397,0.4926098985740803,1.943429373971198,0.5300326204741437,1.2742806723329794,0.2852086805366229,0.0,,,,,,,,0.0,0.0,0.849781877726018,0.3902976768893667,0.9087846173644286,0.2066007461286695,,,1.0,1.0,1.0,,,,,,,,,,,0.9986148287973085,1.092704327570815,0.0,,,,,,0.0782446808106774,0.5619310620099667,1.4409467039336674,0.0,,,,0.0,0.0467346312912997,1.0,1.0,,,,3.673095564236248,0.7067011200220823,0.7119226927875291,3.373133808268545,1.9984691406981585,0.4074423959014585,,,,,,,0.0,0.0,0.0,1.0,1.0,1.0,,,,,,,,,,,,,,,,,0.1796018267022608,0.2750541977888076,0.0,,,1.0,1.0,,,,,,,,,0.0,0.4218425516083721,,,,2.2789089301374124,0.2481853467693652,0.3173030481206352,,,,1.440374865512707,1.3937873825658205,1.0,1.0,,,0.0,0.4130315347652221,0.0,0.0,0.0,0.0,,,1.542102765957153,0.992990331968201,,,,,,1.0,1.0,0.0,0.0,1.0,1.0,1.0
1562857793,pix7,2,0,1.0,1.0,,2.0822115728935584,1.939611060408573,,1.754614149195741,0.3943756863271694,0.6510338225794413,1.2007842857067694,,,0.4992209481134703,0.0,,,,,1.4765963437732623,7.146459379499649,,,,,,,1.0,1.0,1.0755628794380188,2.8628432882506853,,,1.0,1.0,,,,,,,,,,,,,,,0.0377324168324364,1.5849176097924804,0.0653765247971254,0.1290481797417924,,,,,,,,1.0,1.0,1.0,,,0.3353151061641569,3.4330098086452163,0.2601586377149166,0.0,,,1.2089705099233234,0.0,0.0,1.1351145617625222,,,0.0,,,1.0,,,,,0.0,0.6400578818481131,0.0,,,,1.0,1.0,1.0,1.0,0.0,0.0,0.6219095483775937,0.0,0.7085040707444508,0.0,0.0,0.0116972499607895,0.0,0.8561865956409918,0.0,0.4464276901260146,0.7865117032005814,0.0891534507003599,0.9951821755134572,0.0,,,,0.0,0.4699417414027508,0.0,1.0,1.0,1.6910629395501091,0.0,1.0019855282694938,0.0,,,,3.4483513062113547,0.5076918394801757,2.2095937375866685,0.5710081794008675,1.217227895697138,0.0,0.0,,,,,,,,0.0,0.0,0.2759691338391885,0.3503967673654038,1.3398585408193493,0.4184180190135257,,,1.0,1.0,1.0,,,,,,,,,,,2.058008903525651,1.08519657160663,0.0,,,,,,0.0,0.5708928732938888,1.1602518366150067,0.0,,,,0.0,0.0,1.0,1.0,,,,4.169817178779181,0.7753308191200776,0.7288058766621255,3.2983343839295336,1.1764750925093193,0.1404797287082203,,,,,,,0.0,0.0,0.0,1.0,1.0,1.0,,,,,,,,,,,,,,,,,0.9703701974702358,0.3220706398067504,0.0,,,1.0,1.0,,,,,,,,,0.0,0.7115566557470553,,,,2.366721555842191,0.2125314948670404,0.3778633417106803,,,,1.698865306305984,1.5134664490055003,1.0,1.0,,,0.0,0.6360392349635163,0.0,0.0,0.0,0.0,,,1.0784305477095013,0.9441237524301022,,,,,,1.0,1.0,0.0,0.0,1.0,1.0,1.0
1562857793,interval2800-3200,1,-1,1.0000000000000002,1.0,,0.6042187335474708,1.392338930947711,,1.3859443206153572,0.5150980329399873,1.7207499143922425,1.4856671793085203,,,0.0,0.0,,,,,1.3915140035497215,4.20905899868331,,,,,,,1.0560080138342631,1.301810290297279,1.35255584631859,1.1382969153133446,,,1.0,1.0000000000000002,,,,,,,,,,,,,,,0.0,0.0,0.8067682867018758,0.0295237825155704,,,,,,,,1.0,1.0,1.0000000000000002,,,1.813776519473588,2.374842563953015,0.248419326234506,0.0,,,2.101563665500778,5.769949665119745,0.0,0.6310173231003565,,,0.0,,,0.0,,,,,0.1034630223264743,0.0135304068364989,0.0,,,,0.0,0.0,0.6441872217511027,0.7067008670536763,2.1874349048349084,0.0,1.6331779001497102,0.0,0.3205060600846867,0.1903340971176642,0.0,0.3970491792562428,0.4970442106216107,3.018147360492721,0.8594071557254713,0.6703162992328064,1.382375772571034,0.4388829641402559,2.2494472934015226,0.3065117927512653,,,,6.673998193581869,1.7449280467712731,1.7831255775153665,0.6463673608434135,0.8505934453059317,1.3518531099627815,0.0,1.3190664872038365,0.5637321396775109,,,,1.225060556990495,0.7063152308511256,1.210419703156412,0.0,0.4107149412305195,0.0,0.1580906381886969,,,,,,,,0.3106498743268183,0.0,1.0048535848667368,0.0089667814321372,0.0,0.0,,,0.6288071371068912,0.0,0.0,,,,,,,,,,,0.0,0.0,0.0,,,,,,1.0000000000000002,1.0000000000000002,1.0000000000000002,1.0,,,,0.1218421814055691,0.7423894220244116,1.0,1.0,,,,3.943281164710121,2.095531213906273,1.0380965189789,0.7938941581354527,1.7209828728305865,0.0,,,,,,,1.0570272334685558,0.0,0.0,1.0000000000000002,1.0000000000000002,1.0,,,,,,,,,,,,,,,,,0.2204728970012585,0.466304505315836,0.0,,,1.0,1.0,,,,,,,,,0.079124665422392,0.3340866684908768,,,,0.0,0.0,0.0,,,,0.0,0.6129427442520814,0.191119211218592,0.3332458963770041,,,2.035582130879538,1.7649984973294413,0.0,0.0,0.0,0.2057270728509276,,,1.5963303268677758,0.0,,,,,,1.0,1.0000000000000002,1.5512434904600907,0.0,1.0,1.0,1.0
1562857793,interval2800-3200,2,2,1.0000000000000002,1.0000000000000002,,0.8806365701492012,1.197344903310943,,1.2031502075935745,0.8667383362723433,1.5008974508250743,1.2246271601438488,,,0.0,0.0,,,,,1.4844560170637162,3.0644383190317384,,,,,,,1.0697123613200104,1.1911269530091242,1.3517343875832353,1.550869347396861,,,1.0,1.0,,,,,,,,,,,,,,,0.0420314466581622,0.0361656318010142,0.944128122621202,0.0,,,,,,,,1.0,1.0,1.0,,,1.7157829823696351,2.0388279818221533,0.4589323927271875,0.0166010800924631,,,2.0290500025961604,5.731127118792079,0.0,0.3595517228659847,,,0.0,,,0.0,,,,,0.7737177215615402,0.2533191788494814,0.0,,,,0.0,0.0,0.8926806553242144,0.9183479465145854,1.8418770880876945,0.0,1.325358228844884,0.0,0.2696331931780781,0.1257111824720241,0.0,0.3367416857784346,0.4993190626971999,3.030248043941543,1.562014665668557,0.8068327515090733,1.4963592009312778,0.4401889487580382,1.762255223698846,0.3989684070660163,,,,5.550348556462372,2.113135165386438,2.216246319120769,0.6582892826903265,0.6572103462962171,1.2434859525888775,0.0,1.1929682462341498,0.2197389533251563,,,,1.1733147657156895,0.6064885976618852,1.1126675634417729,0.0,0.6462841564934445,0.0,0.720520043746939,,,,,,,,0.6891733685337081,0.0,1.1092187823360469,0.0,0.0,0.0,,,1.2458921055023235,0.4886925262214878,0.3064935347342043,,,,,,,,,,,0.4836195532212493,0.0,0.0,,,,,,1.0,1.0,1.0,1.0,,,,0.6325022052876351,0.8767876217618294,1.0,1.0000000000000002,,,,3.8573635403481945,1.872025644628232,0.7134361226556701,0.9153848997301558,1.776988764651309,0.1168855751513193,,,,,,,1.405106942537946,0.0,0.0,1.0,1.0,0.9999999999999998,,,,,,,,,,,,,,,,,1.0767077970356012,0.7616069899699263,0.0958088661178881,,,1.0,1.0,,,,,,,,,0.096903554006456,0.3380861929911983,,,,0.7841153083040256,0.0,0.0,,,,0.6156849907858932,0.3204999581842737,0.4203150024497034,0.2666381583603087,,,1.381702792616366,1.8611772214223608,0.0,0.0,0.2822291028553729,0.4123354383817852,,,1.848372375981841,0.0,,,,,,1.0,0.9999999999999998,1.7132800053804011,0.7149531193165733,1.0,1.0,1.0
1562857793,interval4200-4700,1,0,1.004580983768102,0.8942972065693641,,1.910959736018224,2.476046378726737,,1.2603255720638118,1.928508330148571,0.7596081896145851,1.202806167247459,,,0.0316944208804677,0.1789079815854652,,,,,0.4930470103099101,0.4189212670477827,,,,,,,1.3050115724968976,1.583855968561087,0.2162803224865163,0.0,,,0.7517047221767381,0.7476954620084749,,,,,,,,,,,,,,,0.3286432422389478,0.3741812439911799,1.1663787934669736,0.0,,,,,,,,1.0263639856741742,1.555938650967254,1.0677345884169942,,,1.0,1.0,0.0,0.0,,,1.4569302376263054,0.0,1.5663056960117203,0.7526910001616144,,,0.9922301818547332,,,4.280323181018043,,,,,0.8507931124290627,0.3648603300315765,0.0,,,,1.8359575267212025,2.4624723008827347,0.5851016107088153,0.542304199872121,1.1565762704178304,0.7221553610257255,1.2262372947970035,0.0,0.3834777347068888,0.2669872540406483,0.0,0.4096937514194879,0.4450972231378411,0.7598195085821031,0.1968058358004263,0.9973731789138606,1.0104624603577783,2.1906386497645225,1.4437822677806538,0.0,,,,6.584094560235685,3.0742434915131205,2.23993887229554,3.7743221022845495,1.7874447534216156,1.0740041796059296,2.041684010522998,1.3750461246581136,0.0,,,,1.0,1.0,1.0,1.0,1.8152005548396395,2.3723753025550693,2.1690874185409914,,,,,,,,0.3944605072806029,0.0,2.009025666482463,0.6510550713221535,4.601658598040726,4.352639597474655,,,1.2486622193669257,0.0,0.0,,,,,,,,,,,1.2528883993197026,0.0,0.0,,,,,,1.0,1.0,1.0,1.0,,,,0.0,0.470674752894703,1.0484557487038768,0.5719657637009345,,,,1.6114283543949093,0.0,0.0,0.1864155323673826,0.10509549573378,5.032586184612192,,,,,,,0.0062983097394066,0.0010964926014731,0.0013675883328248,0.8813925883996795,1.5678266997236912,1.319962317264901,,,,,,,,,,,,,,,,,1.4404889971834018,0.9385776331744684,0.0,,,1.2076894394768445,1.3431266478657178,,,,,,,,,0.0,0.0,,,,0.0,0.0,0.0,,,,3.9782466276813375,1.9238393366269948,0.7311213602676042,0.5417725222592554,,,5.219334652198849,0.0,1.6548432770996535,0.7801016240365113,1.0303575148877075,0.7398478669619729,,,7.710991810140446,5.437070326056047,,,,,,1.0,1.0,1.802792551255292,1.8861168265363004,0.413487223019949,0.5598710431889384,4.092988169235815
1562857793,interval4200-4700,2,1,0.0,0.0,,315.25060844083544,1.4092047360473043,,14.066450559859494,0.0,0.0,0.0,,,1.6139122491468323,11.39141121276511,,,,,0.0,0.0,,,,,,,0.0,0.1668207629934059,0.0,0.0,,,0.0,0.0,,,,,,,,,,,,,,,0.5100397231936754,8.64421552947841,0.0,0.0,,,,,,,,0.0,0.0,0.0,,,1.0,1.0,0.0,0.0,,,0.0,4.29818273728734,0.0,0.0,,,0.0,,,109.59710528581329,,,,,0.0,6.312961090299375,23.77612959055115,,,,79.34634278348743,281.5036480202351,0.0,0.0,0.0,0.0,24.059162066821216,0.0,2.1101082678053893,0.0,0.0,0.0,0.0,0.0,0.0,0.0,0.0,39.38440846466341,45.557400785095886,0.0,,,,0.0,0.0,0.0,29.55944197212064,0.0,0.0,0.0,0.0,0.0,,,,1.0,1.0,1.0,1.0,0.0,102.42517398898936,57.031422184831385,,,,,,,,0.0,0.0,0.0,0.0,0.0,3.499280246262464,,,0.0,0.0,0.0,,,,,,,,,,,0.0,0.0,0.0,,,,,,1.0,1.0000000000000002,1.0,0.9999999999999996,,,,0.0,0.0,0.0,0.0,,,,0.0,0.0,0.0,0.0,0.0,73.62400454581413,,,,,,,0.0054468018398373,0.0007987916091411,0.0010476779571349,0.0,0.0,0.0,,,,,,,,,,,,,,,,,0.0,0.0,0.0,,,0.0,0.0,,,,,,,,,0.0,0.0,,,,0.0,0.0,0.0,,,,253.5447971272944,0.0,0.0,0.0,,,0.0,0.0,0.0,0.0,0.0,0.0,,,9.80397605418285,0.0,,,,,,1.0000000000000002,1.0000000000000002,0.0,0.0,0.0,0.0,20.714178634366363
1562857793,interval5200-5800,1,-1,1.872811336354603,1.1140615998304693,,1.0,2.7744527528896548,,1.0,1.556468753334501,0.0,0.4780334616556203,,,0.0,0.0,,,,,0.7143582690760921,0.0604206813567884,,,,,,,3.132041963109772,0.8973500328438195,0.1528207119194334,0.143573694846365,,,1.574552828459494,0.8085684940815275,,,,,,,,,,,,,,,1.0,1.0000000000000002,1.0000000000000002,0.0,,,,,,,,0.2183892985559191,0.5848000643369565,0.0,,,1.0,1.0,0.0,0.0,,,1.701596750172727,0.2681951581344612,0.0,0.0,,,0.0,,,0.7145872371244105,,,,,0.0,0.0,0.0,,,,1.2121088771650976,1.6720646723708197,0.6879733540869604,0.0239910112704102,0.8288991848721411,0.9698219100100962,0.5181553216561549,1.1023674020013796,0.0,0.0,1.6754945650352702,0.0,0.0137030546506791,0.905712895107958,0.0,0.1091868623114631,3.282607359077972,1.9550407811483803,1.277452290093707,0.2195198082584661,,,,6.098592621560114,1.6639645606043794,1.299032882913559,0.4991300022077869,0.243675360692794,1.160155115405096,0.2833649257155758,0.8619589115123737,0.401623923908399,,,,1.0,1.0,1.0000000000000002,1.0,1.445616746953876,0.0,0.0,,,,,,,,0.2791930970250768,0.0,0.0,0.0545590289576298,2.8968125959706685,0.0478795633940758,,,0.2651023192929893,0.0,0.0,,,,,,,,,,,0.0,0.0,0.0,,,,,,1.0,1.0,1.0,1.0000000000000002,,,,0.2065597787063638,0.808513898066609,1.4791111268212975,1.8886648159784625,,,,1.5834143371594382,0.0,0.0,0.2958472360322735,0.1463218420426905,0.0,,,,,,,0.1006674182449876,0.0802457475341424,0.0230036609344272,0.0,0.0,0.0,,,,,,,,,,,,,,,,,0.8432047973477562,0.0,0.0,,,0.0,0.2042989193951821,,,,,,,,,0.7200929877385632,0.9347869731777187,,,,0.0,0.0,0.0,,,,1.3942612292831271,0.7544147591978094,1.1035406736977849,2.6230492342530907,,,4.176517088905071,2.527494203549165,0.0,0.0,2.2586765227091448,0.0,,,4.569340560020361,2.516082454322736,,,,,,1.0,1.0,2.3944602391015493,2.217389783227861,0.8721574431912993,0.089178236039258,1.6543018112617331
1562857793,interval5200-5800,2,2,1.3741261838519003,1.0614750844064174,,1.0,1.7635501104218203,,1.0000000000000002,1.8894350700870188,0.1936525003397992,0.7825987146019989,,,0.0,0.0,,,,,0.6497692448170012,0.6038534894174673,,,,,,,3.1518013268075507,0.8983550662248393,0.1259754756856405,0.2507954172304472,,,1.267088417159173,0.8817805429713056,,,,,,,,,,,,,,,1.0000000000000002,1.0,1.0,0.0,,,,,,,,0.9688831073876176,1.060091998643938,0.0,,,1.0000000000000002,1.0,0.0,0.0,,,1.61079360421078,0.0677205668053283,0.0,0.1614871742609017,,,0.0,,,0.3949056393627997,,,,,0.2773207376506704,0.0,0.0,,,,1.0618426666416567,1.5488048545473796,0.6478738428540565,0.5372890321293327,1.0782476817976254,1.181338869675426,0.8353959021391533,1.2706772795291383,0.0,0.0,1.5754858798300235,0.0,0.0227249956209242,0.8111630249558792,0.050466216206432,0.6468124676040289,2.4288531354879863,1.4177732433625747,1.1311887128338147,0.1415464010261086,,,,5.018117009295327,1.7951010534952831,1.4949225344112214,0.4675531100006115,0.100425383191687,1.2269917769371894,0.66787479778951,0.9788418238075214,0.4063367104513769,,,,1.0,1.0,1.0000000000000002,1.0,1.4769632784428968,0.0,0.0410900463697162,,,,,,,,0.4805476693678964,0.0,0.0,0.0406667565136976,2.640983879238568,0.1591310974588377,,,0.9580242522327148,0.0,0.0,,,,,,,,,,,0.0,0.0,0.0,,,,,,1.0,1.0000000000000002,1.0000000000000002,1.0,,,,0.2953588539130417,0.7476211247694421,1.3526188420511716,1.952087493508776,,,,1.765965270340231,0.0,0.0,0.2884994933810769,0.0,0.4333912166072613,,,,,,,0.4123653898668777,0.0824700120660202,0.0232867716030078,0.1938835896747304,0.0,0.0,,,,,,,,,,,,,,,,,1.5553892133581355,0.0,0.0,,,0.8094546636717493,0.2840809794417384,,,,,,,,,0.7128563284412704,0.9216240986069169,,,,0.0,0.0,0.0,,,,1.5298601456867822,1.1242300183453988,1.0384436901181562,2.5856486583553138,,,4.602779910009361,2.6137514090320533,0.8599564090805136,0.0,1.7959853405621589,0.0,,,3.559968554481292,2.17811800831485,,,,,,1.0,1.0,1.9099677631082028,2.142096297886704,0.8546487489188247,0.3025073792633688,1.3344217967111365
