CCSDS_OMM_VERS,COMMENT,CREATION_DATE,ORIGINATOR,OBJECT_NAME,OBJECT_ID,CENTER_NAME,REF_FRAME,TIME_SYSTEM,MEAN_ELEMENT_THEORY,EPOCH,MEAN_MOTION,ECCENTRICITY,INCLINATION,RA_OF_ASC_NODE,ARG_OF_PERICENTER,MEAN_ANOMALY,EPHEMERIS_TYPE,CLASSIFICATION_TYPE,NORAD_CAT_ID,ELEMENT_SET_NO,REV_AT_EPOCH,BSTAR,MEAN_MOTION_DOT,MEAN_MOTION_DDOT,SEMIMAJOR_AXIS,PERIOD,APOAPSIS,PERIAPSIS,OBJECT_TYPE,RCS_SIZE,COUNTRY_CODE,LAUNCH_DATE,SITE,DECAY_DATE,FILE,GP_ID,TLE_LINE0,TLE_LINE1,TLE_LINE2
3.0,GENERATED VIA SPACE-TRACK.ORG API,2026-09-06T09:54:27,18 SPCS,STARLINK-35720,2025-294Y,EARTH,TEME,UTC,SGP4,2026-09-05 23:33:39.479616,15.27584072,0.00014573,43.0029,99.7802,264.2822,95.7864,0,U,67052,999,4237,0.00054095105000,0.00014655,0.0000000000000,6861.174,94.266,484.039,482.039,PAYLOAD,LARGE,US,2025-12-11,AFETR,,5356661,346139655,0 STARLINK-35720,1 67052U 25294Y   26248.98170694  .00014655  00000-0  54095-3 0  9995,2 67052  43.0029  99.7802 0001457 264.2822  95.7864 15.27584072 42374
3.0,GENERATED VIA SPACE-TRACK.ORG API,2026-09-06T19:02:44,18 SPCS,STARLINK-31902,2024-084N,EARTH,TEME,UTC,SGP4,2026-09-06 07:25:43.200192,15.27573901,0.00004030,43.0025,102.0058,275.6028,84.4777,0,U,59666,999,13199,0.00003121569900,0.00000597,0.0000000000000,6861.204,94.267,483.346,482.793,PAYLOAD,LARGE,US,2024-05-06,AFETR,,5357457,346245874,0 STARLINK-31902,1 59666U 24084N   26249.30952778  .00000597  00000-0  31216-4 0  9992,2 59666  43.0025 102.0058 0000403 275.6028  84.4777 15.27573901131991
3.0,GENERATED VIA SPACE-TRACK.ORG API,2026-09-06T19:02:44,18 SPCS,STARLINK-32081,2024-136V,EARTH,TEME,UTC,SGP4,2026-09-06 09:48:49.814496,15.31704875,0.00011962,53.1624,314.8130,87.5287,272.5851,0,U,60348,999,11735,0.00003403850400,0.00000691,0.0000000000000,6848.862,94.013,471.547,469.908,PAYLOAD,LARGE,US,2024-08-02,AFETR,,5357457,346246154,0 STARLINK-32081,1 60348U 24136V   26249.40890989  .00000691  00000-0  34039-4 0  9996,2 60348  53.1624 314.8130 0001196  87.5287 272.5851 15.31704875117356
3.0,GENERATED VIA SPACE-TRACK.ORG API,2026-09-06T16:36:28,18 SPCS,STARLINK-3879,2022-049Y,EARTH,TEME,UTC,SGP4,2026-09-06 10:31:58.918368,15.33545573,0.00011050,53.1611,319.6677,88.1675,271.9454,0,U,52473,999,23964,0.00002562100000,0.00000470,0.0000000000000,6843.381,93.900,466.002,464.490,PAYLOAD,LARGE,US,2022-05-06,AFETR,,5357175,346179701,0 STARLINK-3879,1 52473U 22049Y   26249.43887637  .00000470  00000-0  25621-4 0  9998,2 52473  53.1611 319.6677 0001105  88.1675 271.9454 15.33545573239648
3.0,GENERATED VIA SPACE-TRACK.ORG API,2026-09-06T19:02:44,18 SPCS,STARLINK-30514,2023-156A,EARTH,TEME,UTC,SGP4,2026-09-06 10:36:05.136768,15.34387218,0.00014525,53.1593,317.1280,62.5632,297.5519,0,U,58028,999,16401,0.00004338441800,0.00001089,0.0000000000000,6840.878,93.849,463.737,461.750,PAYLOAD,LARGE,US,2023-10-09,AFWTR,,5357457,346244714,0 STARLINK-30514,1 58028U 23156A   26249.44172612  .00001089  00000-0  43384-4 0  9994,2 58028  53.1593 317.1280 0001452  62.5632 297.5519 15.34387218164011
3.0,GENERATED VIA SPACE-TRACK.ORG API,2026-09-06T16:36:28,18 SPCS,STARLINK-3734,2022-029AA,EARTH,TEME,UTC,SGP4,2026-09-06 10:56:07.287360,15.26524278,0.00011830,53.1668,314.4330,73.3817,286.7312,0,U,52112,999,24854,-0.00001930200000,-0.00000856,0.0000000000000,6864.349,94.332,487.026,485.402,PAYLOAD,LARGE,US,2022-03-19,AFETR,,5357048,346179343,0 STARLINK-3734,1 52112U 22029AA  26249.45563990 -.00000856  00000-0 -19302-4 0  9990,2 52112  53.1668 314.4330 0001183  73.3817 286.7312 15.26524278248546
3.0,GENERATED VIA SPACE-TRACK.ORG API,2026-09-06T19:02:44,18 SPCS,STARLINK-32076,2024-136X,EARTH,TEME,UTC,SGP4,2026-09-06 11:16:04.240992,15.31704882,0.00011711,53.1607,314.4802,88.0176,272.0959,0,U,60350,999,11736,0.00001434817100,0.00000080,0.0000000000000,6848.862,94.013,471.529,469.925,PAYLOAD,LARGE,US,2024-08-02,AFETR,,5357457,346246155,0 STARLINK-32076,1 60350U 24136X   26249.46949353  .00000080  00000-0  14348-4 0  9998,2 60350  53.1607 314.4802 0001171  88.0176 272.0959 15.31704882117361
3.0,GENERATED VIA SPACE-TRACK.ORG API,2026-09-06T19:02:44,18 SPCS,STARLINK-2039,2021-012AM,EARTH,TEME,UTC,SGP4,2026-09-06 11:22:59.560608,15.34814448,0.00048011,53.1599,303.2617,14.3791,345.7347,0,U,47655,999,30779,0.00070239121000,0.00023750,0.0000000000000,6839.609,93.822,464.757,458.190,PAYLOAD,LARGE,US,2021-02-16,AFETR,,5357457,346238367,0 STARLINK-2039,1 47655U 21012AM  26249.47430047  .00023750  00000-0  70239-3 0  9996,2 47655  53.1599 303.2617 0004801  14.3791 345.7347 15.34814448307792
3.0,GENERATED VIA SPACE-TRACK.ORG API,2026-09-06T16:36:28,18 SPCS,STARLINK-3813,2022-049AH,EARTH,TEME,UTC,SGP4,2026-09-06 11:32:32.248320,15.33538791,0.00012130,53.1607,309.2873,80.1695,279.9444,0,U,52482,999,23979,0.00007143100000,0.00001976,0.0000000000000,6843.401,93.900,466.096,464.436,PAYLOAD,LARGE,US,2022-05-06,AFETR,,5357055,346179723,0 STARLINK-3813,1 52482U 22049AH  26249.48092880  .00001976  00000-0  71431-4 0  9993,2 52482  53.1607 309.2873 0001213  80.1695 279.9444 15.33538791239797
3.0,GENERATED VIA SPACE-TRACK.ORG API,2026-09-06T16:36:28,18 SPCS,STARLINK-3884,2022-049AY,EARTH,TEME,UTC,SGP4,2026-09-06 11:34:47.635392,15.33553194,0.00010360,53.1587,309.5351,94.0743,266.0377,0,U,52497,999,23979,0.00006763300000,0.00001853,0.0000000000000,6843.358,93.900,465.932,464.514,PAYLOAD,LARGE,US,2022-05-06,AFETR,,5357055,346179751,0 STARLINK-3884,1 52497U 22049AY  26249.48249578  .00001853  00000-0  67633-4 0  9990,2 52497  53.1587 309.5351 0001036  94.0743 266.0377 15.33553194239791
3.0,GENERATED VIA SPACE-TRACK.ORG API,2026-09-06T16:46:32,18 SPCS,STARLINK-11271,2024-154N,EARTH,TEME,UTC,SGP4,2026-09-06 11:43:24.175200,15.69701422,0.00008340,53.1586,319.7857,107.7687,252.3422,0,U,60915,999,11690,0.00000163370000,-0.00000390,0.0000000000000,6737.888,91.737,360.315,359.191,PAYLOAD,LARGE,US,2024-08-31,AFETR,,5357287,346203282,0 STARLINK-11271,1 60915U 24154N   26249.48847425 -.00000390  00000-0  16337-5 0  9990,2 60915  53.1586 319.7857 0000834 107.7687 252.3422 15.69701422116906
3.0,GENERATED VIA SPACE-TRACK.ORG API,2026-09-06T16:36:28,18 SPCS,STARLINK-3882,2022-049AA,EARTH,TEME,UTC,SGP4,2026-09-06 12:16:41.304288,15.34401365,0.00010500,53.1608,318.7660,65.5310,294.5802,0,U,52475,999,23966,0.00006587500000,0.00001850,0.0000000000000,6840.836,93.848,463.419,461.983,PAYLOAD,LARGE,US,2022-05-06,AFETR,,5357175,346179703,0 STARLINK-3882,1 52475U 22049AA  26249.51158917  .00001850  00000-0  65875-4 0  9999,2 52475  53.1608 318.7660 0001050  65.5310 294.5802 15.34401365239663
3.0,GENERATED VIA SPACE-TRACK.ORG API,2026-09-06T19:02:44,18 SPCS,STARLINK-34399,2025-130G,EARTH,TEME,UTC,SGP4,2026-09-06 12:36:26.493696,15.34398808,0.00011787,53.1594,324.7570,74.2167,285.8966,0,U,64444,999,6844,0.00041906763000,0.00013808,0.0000000000000,6840.844,93.848,463.515,461.902,PAYLOAD,LARGE,US,2025-06-18,AFETR,,5357457,346249938,0 STARLINK-34399,1 64444U 25130G   26249.52530664  .00013808  00000-0  41907-3 0  9991,2 64444  53.1594 324.7570 0001179  74.2167 285.8966 15.34398808 68449
3.0,GENERATED VIA SPACE-TRACK.ORG API,2026-09-06T19:02:44,18 SPCS,STARLINK-35281,2025-221B,EARTH,TEME,UTC,SGP4,2026-09-06 12:43:16.541184,15.34401507,0.00012767,53.1604,326.7525,86.3130,273.8019,0,U,65824,999,5379,0.00026914178000,0.00008728,0.0000000000000,6840.836,93.848,463.574,461.827,PAYLOAD,LARGE,US,2025-09-29,AFWTR,,5357457,346251589,0 STARLINK-35281,1 65824U 25221B   26249.53005256  .00008728  00000-0  26914-3 0  9996,2 65824  53.1604 326.7525 0001277  86.3130 273.8019 15.34401507 53798
3.0,GENERATED VIA SPACE-TRACK.ORG API,2026-09-06T19:02:44,18 SPCS,STARLINK-35231,2025-221AC,EARTH,TEME,UTC,SGP4,2026-09-06 12:46:18.529824,15.34410316,0.00007846,53.1609,326.7559,98.0993,262.0099,0,U,65849,999,5379,0.00022316992000,0.00007174,0.0000000000000,6840.810,93.847,463.211,462.138,PAYLOAD,LARGE,US,2025-09-29,AFWTR,,5357457,346251601,0 STARLINK-35231,1 65849U 25221AC  26249.53215891  .00007174  00000-0  22317-3 0  9998,2 65849  53.1609 326.7559 0000785  98.0993 262.0099 15.34410316 53793
3.0,GENERATED VIA SPACE-TRACK.ORG API,2026-09-06T19:02:44,18 SPCS,STARLINK-31979,2024-107V,EARTH,TEME,UTC,SGP4,2026-09-06 12:48:20.643264,15.34378814,0.00011424,53.1607,302.7507,86.2916,273.8218,0,U,59964,999,12747,-0.00000858970900,-0.00000666,0.0000000000000,6840.903,93.849,463.550,461.987,PAYLOAD,LARGE,US,2024-06-05,AFETR,,5357457,346246499,0 STARLINK-31979,1 59964U 24107V   26249.53357226 -.00000666  00000-0 -85897-5 0  9995,2 59964  53.1607 302.7507 0001142  86.2916 273.8218 15.34378814127477
3.0,GENERATED VIA SPACE-TRACK.ORG API,2026-09-06T19:02:44,18 SPCS,STARLINK-4551,2022-101BA,EARTH,TEME,UTC,SGP4,2026-09-06 13:11:04.996032,15.34379977,0.00014355,53.1597,308.6722,64.7579,295.3572,0,U,53575,999,22462,0.00000868886900,-0.00000083,0.0000000000000,6840.900,93.849,463.747,461.783,PAYLOAD,LARGE,US,2022-08-19,AFETR,,5357457,346241599,0 STARLINK-4551,1 53575U 22101BA  26249.54936338 -.00000083  00000-0  86889-5 0  9991,2 53575  53.1597 308.6722 0001436  64.7579 295.3572 15.34379977224621
3.0,GENERATED VIA SPACE-TRACK.ORG API,2026-09-06T19:02:44,18 SPCS,STARLINK-4553,2022-101BC,EARTH,TEME,UTC,SGP4,2026-09-06 13:14:06.340128,15.34386604,0.00011431,53.1599,308.6811,79.3504,280.7627,0,U,53577,999,22475,0.00000884546600,-0.00000077,0.0000000000000,6840.880,93.849,463.527,461.963,PAYLOAD,LARGE,US,2022-08-19,AFETR,,5357457,346241600,0 STARLINK-4553,1 53577U 22101BC  26249.55146227 -.00000077  00000-0  88455-5 0  9998,2 53577  53.1599 308.6811 0001143  79.3504 280.7627 15.34386604224757
3.0,GENERATED VIA SPACE-TRACK.ORG API,2026-09-06T19:02:44,18 SPCS,STARLINK-11567,2025-027C,EARTH,TEME,UTC,SGP4,2026-09-06 13:17:22.020576,15.70823701,0.00007884,43.0008,337.8072,264.5324,95.5453,0,U,62909,999,9159,0.00087807466000,0.00113693,0.0000000000000,6734.679,91.672,357.075,356.013,PAYLOAD,LARGE,US,2025-02-08,AFETR,,5357457,346248736,0 STARLINK-11567,1 62909U 25027C   26249.55372709  .00113693  00000-0  87807-3 0  9999,2 62909  43.0008 337.8072 0000788 264.5324  95.5453 15.70823701 91591
3.0,GENERATED VIA SPACE-TRACK.ORG API,2026-09-06T19:02:44,18 SPCS,STARLINK-31597,2024-068K,EARTH,TEME,UTC,SGP4,2026-09-06 13:21:26.205984,15.27574426,0.00012881,43.0041,93.1024,267.4223,92.6481,0,U,59464,999,13613,-0.00000619786600,-0.00000433,0.0000000000000,6861.203,94.267,483.952,482.184,PAYLOAD,LARGE,US,2024-04-10,AFETR,,5357457,346245293,0 STARLINK-31597,1 59464U 24068K   26249.55655331 -.00000433  00000-0 -61979-5 0  9993,2 59464  43.0041  93.1024 0001288 267.4223  92.6481 15.27574426136133
3.0,GENERATED VIA SPACE-TRACK.ORG API,2026-09-06T19:02:44,18 SPCS,STARLINK-31842,2024-084U,EARTH,TEME,UTC,SGP4,2026-09-06 13:24:31.604832,15.27577196,0.00011583,43.0032,96.9748,268.5155,91.5564,0,U,59672,999,13207,0.00000306544600,-0.00000178,0.0000000000000,6861.194,94.267,483.854,482.265,PAYLOAD,LARGE,US,2024-05-06,AFETR,,5357457,346245877,0 STARLINK-31842,1 59672U 24084U   26249.55869913 -.00000178  00000-0  30654-5 0  9996,2 59672  43.0032  96.9748 0001158 268.5155  91.5564 15.27577196132076
3.0,GENERATED VIA SPACE-TRACK.ORG API,2026-09-06T19:02:44,18 SPCS,STARLINK-11709,2025-107B,EARTH,TEME,UTC,SGP4,2026-09-06 13:44:53.549664,15.70860057,0.00020523,43.0014,88.1688,277.2751,82.7884,0,U,64065,999,7574,0.00084938149000,0.00110089,0.0000000000000,6734.575,91.670,357.822,355.058,PAYLOAD,LARGE,US,2025-05-21,AFETR,,5357457,346249254,0 STARLINK-11709,1 64065U 25107B   26249.57284201  .00110089  00000-0  84938-3 0  9992,2 64065  43.0014  88.1688 0002052 277.2751  82.7884 15.70860057 75743
3.0,GENERATED VIA SPACE-TRACK.ORG API,2026-09-06T19:02:44,18 SPCS,STARLINK-6349,2023-094Z,EARTH,TEME,UTC,SGP4,2026-09-06 13:57:16.751232,15.27573171,0.00014133,43.0045,78.4351,271.9074,88.1615,0,U,57241,999,17490,-0.00000685071100,-0.00000451,0.0000000000000,6861.207,94.267,484.041,482.102,PAYLOAD,LARGE,US,2023-07-07,AFWTR,,5357457,346244414,0 STARLINK-6349,1 57241U 23094Z   26249.58144388 -.00000451  00000-0 -68507-5 0  9994,2 57241  43.0045  78.4351 0001413 271.9074  88.1615 15.27573171174903
3.0,GENERATED VIA SPACE-TRACK.ORG API,2026-09-06T19:02:44,18 SPCS,STARLINK-6346,2023-094AB,EARTH,TEME,UTC,SGP4,2026-09-06 14:00:58.746528,15.27574022,0.00015512,43.0045,78.4511,272.6929,87.3746,0,U,57243,999,17490,0.00000228052400,-0.00000200,0.0000000000000,6861.204,94.267,484.133,482.005,PAYLOAD,LARGE,US,2023-07-07,AFWTR,,5357457,346244415,0 STARLINK-6346,1 57243U 23094AB  26249.58401327 -.00000200  00000-0  22805-5 0  9997,2 57243  43.0045  78.4511 0001551 272.6929  87.3746 15.27574022174905
3.0,GENERATED VIA SPACE-TRACK.ORG API,2026-09-06T19:02:44,18 SPCS,STARLINK-36147,2025-288AE,EARTH,TEME,UTC,SGP4,2026-09-06 14:02:05.953632,15.27586244,0.00015903,43.0049,81.7894,270.9722,89.0948,0,U,66987,999,4295,0.00040369695000,0.00010865,0.0000000000000,6861.167,94.266,484.124,481.941,PAYLOAD,LARGE,US,2025-12-08,AFETR,,5357457,346252652,0 STARLINK-36147,1 66987U 25288AE  26249.58479113  .00010865  00000-0  40370-3 0  9999,2 66987  43.0049  81.7894 0001590 270.9722  89.0948 15.27586244 42951
3.0,GENERATED VIA SPACE-TRACK.ORG API,2026-09-06T19:02:44,18 SPCS,STARLINK-31231,2024-038M,EARTH,TEME,UTC,SGP4,2026-09-06 14:04:01.050528,15.27566698,0.00011159,43.0010,81.9871,283.0377,77.0350,0,U,59034,999,14235,-0.00004690898000,-0.00001552,0.0000000000000,6861.226,94.268,483.857,482.325,PAYLOAD,LARGE,US,2024-02-25,AFETR,,5357457,346245615,0 STARLINK-31231,1 59034U 24038M   26249.58612327 -.00001552  00000-0 -46909-4 0  9992,2 59034  43.0010  81.9871 0001116 283.0377  77.0350 15.27566698142356
3.0,GENERATED VIA SPACE-TRACK.ORG API,2026-09-06T23:36:22,18 SPCS,STARLINK-35772,2025-288T,EARTH,TEME,UTC,SGP4,2026-09-06 14:05:48.882048,15.27584779,0.00007910,42.9998,81.8573,243.7104,116.3667,0,U,66976,999,4295,0.00032863000000,0.00008793,0.0000000000000,6861.172,94.266,483.580,482.494,PAYLOAD,LARGE,US,2025-12-08,AFETR,,5357516,346260562,0 STARLINK-35772,1 66976U 25288T   26249.58737132  .00008793  00000-0  32863-3 0  9990,2 66976  42.9998  81.8573 0000791 243.7104 116.3667 15.27584779 42952
3.0,GENERATED VIA SPACE-TRACK.ORG API,2026-09-06T19:02:44,18 SPCS,STARLINK-35678,2025-288N,EARTH,TEME,UTC,SGP4,2026-09-06 14:07:39.254592,15.27583042,0.00013312,43.0028,81.8204,259.7846,100.2856,0,U,66971,999,4295,0.00039563737000,0.00010642,0.0000000000000,6861.177,94.267,483.955,482.129,PAYLOAD,LARGE,US,2025-12-08,AFETR,,5357457,346252644,0 STARLINK-35678,1 66971U 25288N   26249.58864878  .00010642  00000-0  39564-3 0  9994,2 66971  43.0028  81.8204 0001331 259.7846 100.2856 15.27583042 42959
3.0,GENERATED VIA SPACE-TRACK.ORG API,2026-09-06T19:02:44,18 SPCS,STARLINK-31210,2024-038L,EARTH,TEME,UTC,SGP4,2026-09-06 14:09:33.254208,15.27575018,0.00009194,43.0026,82.0170,256.3375,103.7374,0,U,59033,999,14252,-0.00006485785400,-0.00002046,0.0000000000000,6861.201,94.267,483.697,482.435,PAYLOAD,LARGE,US,2024-02-25,AFETR,,5357457,346245115,0 STARLINK-31210,1 59033U 24038L   26249.58996822 -.00002046  00000-0 -64858-4 0  9998,2 59033  43.0026  82.0170 0000919 256.3375 103.7374 15.27575018142525
3.0,GENERATED VIA SPACE-TRACK.ORG API,2026-09-06T19:02:44,18 SPCS,STARLINK-30558,2023-158K,EARTH,TEME,UTC,SGP4,2026-09-06 14:12:35.297280,15.27574995,0.00011826,43.0022,85.6516,229.5520,130.5228,0,U,58060,999,16123,0.00002049261700,0.00000302,0.0000000000000,6861.201,94.267,483.877,482.255,PAYLOAD,LARGE,US,2023-10-13,AFETR,,5357457,346244229,0 STARLINK-30558,1 58060U 23158K   26249.59207520  .00000302  00000-0  20493-4 0  9998,2 58060  43.0022  85.6516 0001183 229.5520 130.5228 15.27574995161239
3.0,GENERATED VIA SPACE-TRACK.ORG API,2026-09-06T19:02:44,18 SPCS,STARLINK-30567,2023-158S,EARTH,TEME,UTC,SGP4,2026-09-06 14:18:08.447040,15.27575980,0.00013352,43.0047,85.6783,270.4123,89.6576,0,U,58067,999,16123,-0.00000184676800,-0.00000313,0.0000000000000,6861.198,94.267,483.979,482.147,PAYLOAD,LARGE,US,2023-10-13,AFETR,,5357457,346244732,0 STARLINK-30567,1 58067U 23158S   26249.59593110 -.00000313  00000-0 -18468-5 0  9992,2 58067  43.0047  85.6783 0001335 270.4123  89.6576 15.27575980161237
3.0,GENERATED VIA SPACE-TRACK.ORG API,2026-09-06T19:02:44,18 SPCS,STARLINK-31178,2024-038C,EARTH,TEME,UTC,SGP4,2026-09-06 14:19:57.103680,15.27578258,0.00010286,43.0028,85.5183,266.3026,93.7708,0,U,59025,999,14231,0.00000530249000,-0.00000116,0.0000000000000,6861.191,94.267,483.762,482.351,PAYLOAD,LARGE,US,2024-02-25,AFETR,,5357457,346245611,0 STARLINK-31178,1 59025U 24038C   26249.59718870 -.00000116  00000-0  53025-5 0  9995,2 59025  43.0028  85.5183 0001029 266.3026  93.7708 15.27578258142312
3.0,GENERATED VIA SPACE-TRACK.ORG API,2026-09-07T01:52:41,18 SPCS,STARLINK-31546,2024-068R,EARTH,TEME,UTC,SGP4,2026-09-06 14:35:56.181696,15.27575305,0.00009885,43.0028,89.1713,264.7349,95.3390,0,U,59470,999,13623,-0.00002299665900,-0.00000895,0.0000000000000,6861.200,94.267,483.743,482.387,PAYLOAD,LARGE,US,2024-04-10,AFETR,,5358222,346353428,0 STARLINK-31546,1 59470U 24068R   26249.60828914 -.00000895  00000-0 -22997-4 0  9993,2 59470  43.0028  89.1713 0000989 264.7349  95.3390 15.27575305136238
3.0,GENERATED VIA SPACE-TRACK.ORG API,2026-09-07T01:52:41,18 SPCS,STARLINK-5872,2023-094Q,EARTH,TEME,UTC,SGP4,2026-09-06 14:37:45.454368,15.27574375,0.00012127,43.0046,89.0723,270.7428,89.3285,0,U,57232,999,17544,0.00001222772000,0.00000074,0.0000000000000,6861.203,94.267,483.900,482.236,PAYLOAD,LARGE,US,2023-07-07,AFWTR,,5358222,346352041,0 STARLINK-5872,1 57232U 23094Q   26249.60955387  .00000074  00000-0  12228-4 0  9993,2 57232  43.0046  89.0723 0001213 270.7428  89.3285 15.27574375175446
3.0,GENERATED VIA SPACE-TRACK.ORG API,2026-09-06T23:36:22,18 SPCS,STARLINK-35884,2025-294Q,EARTH,TEME,UTC,SGP4,2026-09-06 14:43:44.377248,15.27589260,0.00007080,42.9972,95.9296,211.1153,148.9656,0,U,67044,999,4247,0.00031308000000,0.00008366,0.0000000000000,6861.158,94.266,483.509,482.538,PAYLOAD,LARGE,US,2025-12-11,AFETR,,5357519,346260710,0 STARLINK-35884,1 67044U 25294Q   26249.61370807  .00008366  00000-0  31308-3 0  9999,2 67044  42.9972  95.9296 0000708 211.1153 148.9656 15.27589260 42476
3.0,GENERATED VIA SPACE-TRACK.ORG API,2026-09-06T19:02:44,18 SPCS,STARLINK-31515,2024-068X,EARTH,TEME,UTC,SGP4,2026-09-06 14:50:02.208768,15.27578380,0.00010678,43.0029,92.7005,270.9518,89.1211,0,U,59476,999,13619,0.00001689813600,0.00000203,0.0000000000000,6861.191,94.267,483.789,482.323,PAYLOAD,LARGE,US,2024-04-10,AFETR,,5357457,346245798,0 STARLINK-31515,1 59476U 24068X   26249.61808112  .00000203  00000-0  16898-4 0  9992,2 59476  43.0029  92.7005 0001068 270.9518  89.1211 15.27578380136199
3.0,GENERATED VIA SPACE-TRACK.ORG API,2026-09-06T23:36:22,18 SPCS,STARLINK-36078,2025-294W,EARTH,TEME,UTC,SGP4,2026-09-06 15:00:23.472288,15.27590169,0.00011130,43.0010,96.0078,262.1203,97.9523,0,U,67050,999,4247,0.00032615000000,0.00008726,0.0000000000000,6861.156,94.266,483.784,482.257,PAYLOAD,LARGE,US,2025-12-11,AFETR,,5357519,346260718,0 STARLINK-36078,1 67050U 25294W   26249.62527167  .00008726  00000-0  32615-3 0  9992,2 67050  43.0010  96.0078 0001113 262.1203  97.9523 15.27590169 42477
3.0,GENERATED VIA SPACE-TRACK.ORG API,2026-09-07T01:52:41,18 SPCS,STARLINK-31625,2024-068D,EARTH,TEME,UTC,SGP4,2026-09-06 15:01:08.377824,15.27577997,0.00011030,43.0034,92.7635,262.0390,98.0337,0,U,59458,999,13619,0.00001230188100,0.00000076,0.0000000000000,6861.192,94.267,483.814,482.300,PAYLOAD,LARGE,US,2024-04-10,AFETR,,5358222,346353922,0 STARLINK-31625,1 59458U 24068D   26249.62579141  .00000076  00000-0  12302-4 0  9994,2 59458  43.0034  92.7635 0001103 262.0390  98.0337 15.27577997136195
3.0,GENERATED VIA SPACE-TRACK.ORG API,2026-09-07T01:52:41,18 SPCS,STARLINK-31768,2024-080R,EARTH,TEME,UTC,SGP4,2026-09-06 15:04:07.645728,15.27573682,0.00011304,43.0041,96.1632,267.7646,92.3077,0,U,59616,999,13220,0.00000575610100,-0.00000104,0.0000000000000,6861.205,94.267,483.846,482.294,PAYLOAD,LARGE,US,2024-04-28,AFETR,,5358222,346353486,0 STARLINK-31768,1 59616U 24080R   26249.62786627 -.00000104  00000-0  57561-5 0  9993,2 59616  43.0041  96.1632 0001130 267.7646  92.3077 15.27573682132203
3.0,GENERATED VIA SPACE-TRACK.ORG API,2026-09-07T01:52:41,18 SPCS,STARLINK-34228,2025-113B,EARTH,TEME,UTC,SGP4,2026-09-06 15:23:31.623072,15.31711690,0.00010257,53.1590,328.9295,81.9446,278.1672,0,U,64171,999,7279,0.00027369986000,0.00008141,0.0000000000000,6848.842,94.012,471.410,470.005,PAYLOAD,LARGE,US,2025-05-28,AFETR,,5358222,346357937,0 STARLINK-34228,1 64171U 25113B   26249.64133823  .00008141  00000-0  27370-3 0  9990,2 64171  53.1590 328.9295 0001026  81.9446 278.1672 15.31711690 72795
3.0,GENERATED VIA SPACE-TRACK.ORG API,2026-09-07T01:52:41,18 SPCS,STARLINK-34429,2025-130AC,EARTH,TEME,UTC,SGP4,2026-09-06 15:37:57.952416,15.34409060,0.00010109,53.1595,324.1159,94.5848,265.5270,0,U,64464,999,6846,0.00048950664000,0.00016203,0.0000000000000,6840.813,93.847,463.370,461.987,PAYLOAD,LARGE,US,2025-06-18,AFETR,,5358222,346358080,0 STARLINK-34429,1 64464U 25130AC  26249.65136519  .00016203  00000-0  48951-3 0  9996,2 64464  53.1595 324.1159 0001011  94.5848 265.5270 15.34409060 68463
3.0,GENERATED VIA SPACE-TRACK.ORG API,2026-09-07T01:52:41,18 SPCS,STARLINK-35324,2025-221R,EARTH,TEME,UTC,SGP4,2026-09-06 15:41:46.699872,15.34403004,0.00014220,53.1613,326.0993,79.7672,280.3491,0,U,65838,999,5246,0.00028344186000,0.00009213,0.0000000000000,6840.831,93.848,463.669,461.724,PAYLOAD,LARGE,US,2025-09-29,AFWTR,,5358222,346359728,0 STARLINK-35324,1 65838U 25221R   26249.65401273  .00009213  00000-0  28344-3 0  9992,2 65838  53.1613 326.0993 0001422  79.7672 280.3491 15.34403004 52468
3.0,GENERATED VIA SPACE-TRACK.ORG API,2026-09-06T23:56:54,18 SPCS,STARLINK-30071,2023-067W,EARTH,TEME,UTC,SGP4,2026-09-06 17:13:27.785280,15.27594684,0.00015840,43.0023,332.3121,266.4751,93.5920,0,U,56708,999,18334,-0.00011082000000,-0.00003312,0.0000000000000,6861.142,94.266,484.094,481.920,PAYLOAD,LARGE,US,2023-05-19,AFETR,,5357948,346302917,0 STARLINK-30071,1 56708U 23067W   26249.71768270 -.00003312  00000-0 -11082-3 0  9991,2 56708  43.0023 332.3121 0001584 266.4751  93.5920 15.27594684183342
3.0,GENERATED VIA SPACE-TRACK.ORG API,2026-09-07T01:52:41,18 SPCS,STARLINK-6172,2023-090AF,EARTH,TEME,UTC,SGP4,2026-09-06 17:37:51.650112,15.27570170,0.00015700,43.0015,338.8606,253.0371,107.0309,0,U,57130,999,17783,0.00018511498000,0.00004834,0.0000000000000,6861.216,94.267,484.158,482.003,PAYLOAD,LARGE,US,2023-06-23,AFETR,,5358222,346352000,0 STARLINK-6172,1 57130U 23090AF  26249.73462558  .00004834  00000-0  18511-3 0  9991,2 57130  43.0015 338.8606 0001570 253.0371 107.0309 15.27570170177830
3.0,GENERATED VIA SPACE-TRACK.ORG API,2026-09-07T01:52:41,18 SPCS,STARLINK-36838,2026-034F,EARTH,TEME,UTC,SGP4,2026-09-06 17:57:55.713600,15.31709381,0.00009475,53.1578,82.0341,100.5413,259.5695,0,U,67855,999,3177,0.00022522893000,0.00006632,0.0000000000000,6848.849,94.013,471.363,470.065,PAYLOAD,LARGE,US,2026-02-20,AFETR,,5358222,346361695,0 STARLINK-36838,1 67855U 26034F   26249.74856150  .00006632  00000-0  22523-3 0  9999,2 67855  53.1578  82.0341 0000947 100.5413 259.5695 15.31709381 31771
3.0,GENERATED VIA SPACE-TRACK.ORG API,2026-09-07T01:52:41,18 SPCS,STARLINK-5531,2023-013BE,EARTH,TEME,UTC,SGP4,2026-09-06 17:58:45.422976,15.27582591,0.00017157,43.0033,346.1972,265.1534,94.9122,0,U,55383,999,19953,0.00005000502200,0.00001114,0.0000000000000,6861.178,94.267,484.221,481.866,PAYLOAD,LARGE,US,2023-01-26,AFETR,,5358222,346350860,0 STARLINK-5531,1 55383U 23013BE  26249.74913684  .00001114  00000-0  50005-4 0  9999,2 55383  43.0033 346.1972 0001716 265.1534  94.9122 15.27582591199531
3.0,GENERATED VIA SPACE-TRACK.ORG API,2026-09-07T01:52:41,18 SPCS,STARLINK-32788,2025-003R,EARTH,TEME,UTC,SGP4,2026-09-06 18:02:27.784608,15.27590863,0.00015670,43.0005,346.3426,267.1750,92.8923,0,U,62502,999,9424,0.00045599572000,0.00012311,0.0000000000000,6861.154,94.266,484.094,481.943,PAYLOAD,LARGE,US,2025-01-06,AFETR,,5358222,346356688,0 STARLINK-32788,1 62502U 25003R   26249.75171047  .00012311  00000-0  45600-3 0  9996,2 62502  43.0005 346.3426 0001567 267.1750  92.8923 15.27590863 94242
3.0,GENERATED VIA SPACE-TRACK.ORG API,2026-09-07T01:52:41,18 SPCS,STARLINK-5655,2023-013F,EARTH,TEME,UTC,SGP4,2026-09-06 18:04:16.102560,15.27577308,0.00010291,43.0023,346.1485,276.6628,83.4106,0,U,55336,999,19953,0.00000169295800,-0.00000215,0.0000000000000,6861.194,94.267,483.765,482.353,PAYLOAD,LARGE,US,2023-01-26,AFETR,,5358222,346350838,0 STARLINK-5655,1 55336U 23013F   26249.75296415 -.00000215  00000-0  16930-5 0  9996,2 55336  43.0023 346.1485 0001029 276.6628  83.4106 15.27577308199530
3.0,GENERATED VIA SPACE-TRACK.ORG API,2026-09-07T01:52:41,18 SPCS,STARLINK-36769,2026-034X,EARTH,TEME,UTC,SGP4,2026-09-06 18:10:33.153024,15.34398962,0.00009714,53.1592,82.0872,100.3019,259.8093,0,U,67871,999,3177,0.00055072933000,0.00018276,0.0000000000000,6840.843,93.848,463.373,462.044,PAYLOAD,LARGE,US,2026-02-20,AFETR,,5358222,346361703,0 STARLINK-36769,1 67871U 26034X   26249.75732816  .00018276  00000-0  55073-3 0  9993,2 67871  53.1592  82.0872 0000971 100.3019 259.8093 15.34398962 31778
3.0,GENERATED VIA SPACE-TRACK.ORG API,2026-09-06T23:56:54,18 SPCS,STARLINK-4165,2022-086AW,EARTH,TEME,UTC,SGP4,2026-09-06 19:11:21.221088,15.31686215,0.00011850,53.1598,79.6454,79.5569,280.5566,0,U,53286,999,22868,-0.00002371700000,-0.00001101,0.0000000000000,6848.918,94.014,471.595,469.971,PAYLOAD,LARGE,US,2022-07-24,AFETR,,5357855,346293768,0 STARLINK-4165,1 53286U 22086AW  26249.79955117 -.00001101  00000-0 -23717-4 0  9998,2 53286  53.1598  79.6454 0001185  79.5569 280.5566 15.31686215228684
3.0,GENERATED VIA SPACE-TRACK.ORG API,2026-09-07T01:52:41,18 SPCS,STARLINK-36828,2026-034H,EARTH,TEME,UTC,SGP4,2026-09-06 19:31:24.112128,15.31714209,0.00010690,53.1584,81.7246,82.4388,277.6735,0,U,67857,999,3178,0.00032453304000,0.00009723,0.0000000000000,6848.835,94.012,471.432,469.967,PAYLOAD,LARGE,US,2026-02-20,AFETR,,5358222,346361696,0 STARLINK-36828,1 67857U 26034H   26249.81347352  .00009723  00000-0  32453-3 0  9995,2 67857  53.1584  81.7246 0001069  82.4388 277.6735 15.31714209 31787
3.0,GENERATED VIA SPACE-TRACK.ORG API,2026-09-07T01:52:41,18 SPCS,STARLINK-3310,2022-001AJ,EARTH,TEME,UTC,SGP4,2026-09-06 19:35:14.820864,15.12860221,0.00027349,53.2145,84.1455,101.2921,258.8380,0,U,50835,999,25763,0.00057889176000,0.00010012,0.0000000000000,6905.619,95.184,529.373,525.596,PAYLOAD,LARGE,US,2022-01-06,AFETR,,5358222,346348633,0 STARLINK-3310,1 50835U 22001AJ  26249.81614376  .00010012  00000-0  57889-3 0  9999,2 50835  53.2145  84.1455 0002735 101.2921 258.8380 15.12860221257638
3.0,GENERATED VIA SPACE-TRACK.ORG API,2026-09-07T01:52:41,18 SPCS,STARLINK-34878,2025-189M,EARTH,TEME,UTC,SGP4,2026-09-06 19:39:35.139744,15.31725810,0.00011784,53.1584,84.3457,84.8683,275.2453,0,U,65334,999,5885,0.00044067598000,0.00013345,0.0000000000000,6848.800,94.012,471.472,469.858,PAYLOAD,LARGE,US,2025-08-27,AFETR,,5358222,346358491,0 STARLINK-34878,1 65334U 25189M   26249.81915671  .00013345  00000-0  44068-3 0  9998,2 65334  53.1584  84.3457 0001178  84.8683 275.2453 15.31725810 58851
3.0,GENERATED VIA SPACE-TRACK.ORG API,2026-09-06T23:46:50,18 SPCS,STARLINK-36784,2026-034AD,EARTH,TEME,UTC,SGP4,2026-09-06 19:41:19.313088,15.34396573,0.00010310,53.1588,81.7899,95.5728,264.5392,0,U,67877,999,3178,0.00029441000000,0.00009583,0.0000000000000,6840.850,93.848,463.421,462.010,PAYLOAD,LARGE,US,2026-02-20,AFETR,,5357536,346261531,0 STARLINK-36784,1 67877U 26034AD  26249.82036242  .00009583  00000-0  29441-3 0  9998,2 67877  53.1588  81.7899 0001031  95.5728 264.5392 15.34396573 31786
3.0,GENERATED VIA SPACE-TRACK.ORG API,2026-09-07T01:52:41,18 SPCS,STARLINK-36159,2025-298E,EARTH,TEME,UTC,SGP4,2026-09-06 19:50:09.066912,14.98335834,0.00040367,69.9993,277.6079,266.1059,93.9639,0,U,67079,999,4035,0.00019254622000,0.00002206,0.0000000000000,6950.175,96.107,574.845,569.234,PAYLOAD,LARGE,US,2025-12-14,AFWTR,,5358222,346360827,0 STARLINK-36159,1 67079U 25298E   26249.82649383  .00002206  00000-0  19255-3 0  9996,2 67079  69.9993 277.6079 0004037 266.1059  93.9639 14.98335834 40356
3.0,GENERATED VIA SPACE-TRACK.ORG API,2026-09-07T01:52:41,18 SPCS,STARLINK-36608,2026-034E,EARTH,TEME,UTC,SGP4,2026-09-06 19:56:28.190112,15.34399283,0.00011727,53.1610,81.8380,85.2477,274.8660,0,U,67854,999,3177,0.00070248166000,0.00023432,0.0000000000000,6840.842,93.848,463.510,461.905,PAYLOAD,LARGE,US,2026-02-20,AFETR,,5358222,346361195,0 STARLINK-36608,1 67854U 26034E   26249.83088183  .00023432  00000-0  70248-3 0  9995,2 67854  53.1610  81.8380 0001173  85.2477 274.8660 15.34399283 31779
3.0,GENERATED VIA SPACE-TRACK.ORG API,2026-09-07T01:52:41,18 SPCS,STARLINK-34874,2025-189N,EARTH,TEME,UTC,SGP4,2026-09-06 19:57:15.289344,15.34398676,0.00012461,53.1603,83.7047,73.0870,287.0269,0,U,65335,999,5886,0.00039942846000,0.00013142,0.0000000000000,6840.844,93.848,463.562,461.857,PAYLOAD,LARGE,US,2025-08-27,AFETR,,5358222,346358991,0 STARLINK-34874,1 65335U 25189N   26249.83142696  .00013142  00000-0  39943-3 0  9991,2 65335  53.1603  83.7047 0001246  73.0870 287.0269 15.34398676 58862
3.0,GENERATED VIA SPACE-TRACK.ORG API,2026-09-07T00:06:44,18 SPCS,STARLINK-11155,2024-112J,EARTH,TEME,UTC,SGP4,2026-09-06 20:02:23.908416,15.69705352,0.00015430,53.1601,93.1631,85.7055,274.4139,0,U,60046,999,12943,-0.00001303700000,-0.00002168,0.0000000000000,6737.877,91.737,360.782,358.702,PAYLOAD,LARGE,US,2024-06-08,AFWTR,,5358196,346316041,0 STARLINK-11155,1 60046U 24112J   26249.83499894 -.00002168  00000-0 -13037-4 0  9990,2 60046  53.1601  93.1631 0001543  85.7055 274.4139 15.69705352129432
3.0,GENERATED VIA SPACE-TRACK.ORG API,2026-09-07T01:52:41,18 SPCS,STARLINK-35088,2025-189X,EARTH,TEME,UTC,SGP4,2026-09-06 20:06:21.196512,15.34399213,0.00006293,53.1580,83.7511,110.4127,249.6943,0,U,65344,999,5887,0.00053792439000,0.00017841,0.0000000000000,6840.843,93.848,463.138,462.277,PAYLOAD,LARGE,US,2025-08-27,AFETR,,5358222,346358496,0 STARLINK-35088,1 65344U 25189X   26249.83774533  .00017841  00000-0  53792-3 0  9990,2 65344  53.1580  83.7511 0000629 110.4127 249.6943 15.34399213 58879
3.0,GENERATED VIA SPACE-TRACK.ORG API,2026-09-07T01:52:41,18 SPCS,STARLINK-34846,2025-288P,EARTH,TEME,UTC,SGP4,2026-09-06 20:07:37.222464,15.27593950,0.00014870,43.0035,80.2605,265.0040,95.0642,0,U,66972,999,4299,0.00050014703000,0.00013532,0.0000000000000,6861.144,94.266,484.030,481.989,PAYLOAD,LARGE,US,2025-12-08,AFETR,,5358222,346360277,0 STARLINK-34846,1 66972U 25288P   26249.83862526  .00013532  00000-0  50015-3 0  9996,2 66972  43.0035  80.2605 0001487 265.0040  95.0642 15.27593950 42991
3.0,GENERATED VIA SPACE-TRACK.ORG API,2026-09-07T01:52:41,18 SPCS,STARLINK-3827,2022-045AR,EARTH,TEME,UTC,SGP4,2026-09-06 20:12:13.451904,15.33549859,0.00013353,53.1605,89.4057,77.9989,282.1163,0,U,52370,999,24335,0.00002771152700,0.00000539,0.0000000000000,6843.368,93.900,466.147,464.319,PAYLOAD,LARGE,US,2022-04-29,AFETR,,5358222,346348876,0 STARLINK-3827,1 52370U 22045AR  26249.84182236  .00000539  00000-0  27712-4 0  9997,2 52370  53.1605  89.4057 0001335  77.9989 282.1163 15.33549859243355
3.0,GENERATED VIA SPACE-TRACK.ORG API,2026-09-07T07:26:30,18 SPCS,STARLINK-2545,2021-036P,EARTH,TEME,UTC,SGP4,2026-09-06 20:53:14.580096,15.31713291,0.00010440,53.1605,312.5288,85.5012,274.6109,0,U,48289,999,29616,0.00007355200000,0.00001919,0.0000000000000,6848.837,94.012,471.417,469.987,PAYLOAD,LARGE,US,2021-04-29,AFETR,,5358530,346392757,0 STARLINK-2545,1 48289U 21036P   26249.87030764  .00001919  00000-0  73552-4 0  9997,2 48289  53.1605 312.5288 0001044  85.5012 274.6109 15.31713291296168
3.0,GENERATED VIA SPACE-TRACK.ORG API,2026-09-07T01:52:41,18 SPCS,STARLINK-4477,2022-101V,EARTH,TEME,UTC,SGP4,2026-09-06 20:53:59.489952,15.34387313,0.00010814,53.1594,307.0959,78.9405,281.1719,0,U,53546,999,22398,0.00002246768300,0.00000383,0.0000000000000,6840.878,93.849,463.483,462.003,PAYLOAD,LARGE,US,2022-08-19,AFETR,,5358222,346349719,0 STARLINK-4477,1 53546U 22101V   26249.87082743  .00000383  00000-0  22468-4 0  9991,2 53546  53.1594 307.0959 0001081  78.9405 281.1719 15.34387313223989
3.0,GENERATED VIA SPACE-TRACK.ORG API,2026-09-07T01:52:41,18 SPCS,STARLINK-5307,2023-021AG,EARTH,TEME,UTC,SGP4,2026-09-06 20:55:50.837952,14.98329169,0.00024001,69.9989,87.5157,269.5719,90.5166,0,U,55658,999,19593,0.00000137215400,-0.00000077,0.0000000000000,6950.195,96.107,573.729,570.392,PAYLOAD,LARGE,US,2023-02-17,AFWTR,,5358222,346350965,0 STARLINK-5307,1 55658U 23021AG  26249.87211618 -.00000077  00000-0  13722-5 0  9999,2 55658  69.9989  87.5157 0002400 269.5719  90.5166 14.98329169195935
3.0,GENERATED VIA SPACE-TRACK.ORG API,2026-09-07T01:52:41,18 SPCS,STARLINK-36137,2025-294D,EARTH,TEME,UTC,SGP4,2026-09-06 21:05:55.023648,15.27591156,0.00019282,43.0033,94.4859,280.7193,79.3442,0,U,67033,999,4251,0.00054033003000,0.00014641,0.0000000000000,6861.153,94.266,484.341,481.695,PAYLOAD,LARGE,US,2025-12-11,AFETR,,5358222,346360306,0 STARLINK-36137,1 67033U 25294D   26249.87910907  .00014641  00000-0  54033-3 0  9999,2 67033  43.0033  94.4859 0001928 280.7193  79.3442 15.27591156 42516
3.0,GENERATED VIA SPACE-TRACK.ORG API,2026-09-07T01:52:41,18 SPCS,STARLINK-30956,2023-186J,EARTH,TEME,UTC,SGP4,2026-09-06 21:14:28.064256,15.27590546,0.00009850,43.0028,97.9830,261.9822,98.0918,0,U,58481,999,15386,-0.00008870696600,-0.00002703,0.0000000000000,6861.155,94.266,483.695,482.344,PAYLOAD,LARGE,US,2023-12-03,AFETR,,5358222,346353029,0 STARLINK-30956,1 58481U 23186J   26249.88504704 -.00002703  00000-0 -88707-4 0  9993,2 58481  43.0028  97.9830 0000985 261.9822  98.0918 15.27590546153865
3.0,GENERATED VIA SPACE-TRACK.ORG API,2026-09-07T07:36:52,18 SPCS,STARLINK-32008,2024-111N,EARTH,TEME,UTC,SGP4,2026-09-06 21:22:51.026304,15.34386678,0.00008320,53.1599,313.4338,92.6080,267.5017,0,U,60028,999,12678,-0.00002382100000,-0.00001180,0.0000000000000,6840.880,93.849,463.314,462.176,PAYLOAD,LARGE,US,2024-06-08,AFETR,,5358923,346419222,0 STARLINK-32008,1 60028U 24111N   26249.89086836 -.00001180  00000-0 -23821-4 0  9998,2 60028  53.1599 313.4338 0000832  92.6080 267.5017 15.34386678126786
3.0,GENERATED VIA SPACE-TRACK.ORG API,2026-09-07T01:52:41,18 SPCS,STARLINK-32017,2024-111S,EARTH,TEME,UTC,SGP4,2026-09-06 21:25:52.811904,15.34386547,0.00012027,53.1602,313.4726,87.7722,272.3419,0,U,60032,999,12678,-0.00000242985000,-0.00000458,0.0000000000000,6840.880,93.849,463.568,461.922,PAYLOAD,LARGE,US,2024-06-08,AFETR,,5358222,346354662,0 STARLINK-32017,1 60032U 24111S   26249.89297236 -.00000458  00000-0 -24299-5 0  9999,2 60032  53.1602 313.4726 0001203  87.7722 272.3419 15.34386547126783
3.0,GENERATED VIA SPACE-TRACK.ORG API,2026-09-07T01:52:41,18 SPCS,STARLINK-1451,2020-035M,EARTH,TEME,UTC,SGP4,2026-09-06 22:14:08.305728,15.18083387,0.00013244,53.0493,322.5164,49.7830,310.3279,0,U,45668,999,34620,0.00080183608000,0.00016265,0.0000000000000,6889.771,94.856,512.548,510.723,PAYLOAD,LARGE,US,2020-06-04,AFETR,,5358222,346346659,0 STARLINK-1451,1 45668U 20035M   26249.92648502  .00016265  00000-0  80184-3 0  9992,2 45668  53.0493 322.5164 0001324  49.7830 310.3279 15.18083387346203
3.0,GENERATED VIA SPACE-TRACK.ORG API,2026-09-07T07:36:52,18 SPCS,STARLINK-33886,2025-085T,EARTH,TEME,UTC,SGP4,2026-09-06 22:15:30.788352,15.27592748,0.00015140,43.0024,86.8820,268.8793,91.1885,0,U,63681,999,7659,0.00042624000000,0.00011490,0.0000000000000,6861.148,94.266,484.052,481.974,PAYLOAD,LARGE,US,2025-04-28,AFETR,,5358901,346430075,0 STARLINK-33886,1 63681U 25085T   26249.92743968  .00011490  00000-0  42624-3 0  9991,2 63681  43.0024  86.8820 0001514 268.8793  91.1885 15.27592748 76594
3.0,GENERATED VIA SPACE-TRACK.ORG API,2026-09-07T01:52:41,18 SPCS,STARLINK-5866,2023-094R,EARTH,TEME,UTC,SGP4,2026-09-06 22:19:17.361984,15.27574773,0.00013066,43.0036,87.1856,265.3994,94.6708,0,U,57233,999,17483,0.00000523364100,-0.00000118,0.0000000000000,6861.202,94.267,483.963,482.170,PAYLOAD,LARGE,US,2023-07-07,AFWTR,,5358222,346352043,0 STARLINK-5866,1 57233U 23094R   26249.93006206 -.00000118  00000-0  52336-5 0  9992,2 57233  43.0036  87.1856 0001307 265.3994  94.6708 15.27574773174837
3.0,GENERATED VIA SPACE-TRACK.ORG API,2026-09-07T07:36:52,18 SPCS,STARLINK-30568,2023-158A,EARTH,TEME,UTC,SGP4,2026-09-06 22:20:01.564224,15.27574863,0.00015710,43.0051,83.9055,263.0850,96.9823,0,U,58051,999,16127,0.00001948700000,0.00000274,0.0000000000000,6861.201,94.267,484.144,481.989,PAYLOAD,LARGE,US,2023-10-13,AFETR,,5358737,346413098,0 STARLINK-30568,1 58051U 23158A   26249.93057366  .00000274  00000-0  19487-4 0  9996,2 58051  43.0051  83.9055 0001571 263.0850  96.9823 15.27574863161274
3.0,GENERATED VIA SPACE-TRACK.ORG API,2026-09-07T01:52:41,18 SPCS,STARLINK-33887,2025-085S,EARTH,TEME,UTC,SGP4,2026-09-06 22:21:04.153248,15.27589957,0.00012614,43.0033,86.9115,264.3071,95.7637,0,U,63680,999,7665,0.00037927086000,0.00010192,0.0000000000000,6861.156,94.266,483.887,482.156,PAYLOAD,LARGE,US,2025-04-28,AFETR,,5358222,346357700,0 STARLINK-33887,1 63680U 25085S   26249.93129807  .00010192  00000-0  37927-3 0  9999,2 63680  43.0033  86.9115 0001261 264.3071  95.7637 15.27589957 76650
3.0,GENERATED VIA SPACE-TRACK.ORG API,2026-09-07T07:16:24,18 SPCS,STARLINK-35775,2025-294J,EARTH,TEME,UTC,SGP4,2026-09-06 22:53:01.763232,15.27587940,0.00015590,43.0039,94.1779,336.4286,23.6494,0,U,67038,999,4253,0.00037877000000,0.00010178,0.0000000000000,6861.162,94.266,484.097,481.958,PAYLOAD,LARGE,US,2025-12-11,AFETR,,5358287,346368654,0 STARLINK-35775,1 67038U 25294J   26249.95349263  .00010178  00000-0  37877-3 0  9992,2 67038  43.0039  94.1779 0001559 336.4286  23.6494 15.27587940 42534
3.0,GENERATED VIA SPACE-TRACK.ORG API,2026-09-07T01:52:41,18 SPCS,STARLINK-36761,2026-034T,EARTH,TEME,UTC,SGP4,2026-09-06 22:54:57.108096,15.34424830,0.00009659,53.1581,81.1901,93.5491,266.5622,0,U,67867,999,3180,0.00049359710000,0.00016350,0.0000000000000,6840.766,93.846,463.292,461.971,PAYLOAD,LARGE,US,2026-02-20,AFETR,,5358222,346361701,0 STARLINK-36761,1 67867U 26034T   26249.95482764  .00016350  00000-0  49360-3 0  9997,2 67867  53.1581  81.1901 0000966  93.5491 266.5622 15.34424830 31806
3.0,GENERATED VIA SPACE-TRACK.ORG API,2026-09-07T09:58:26,18 SPCS,STARLINK-31271,2024-017B,EARTH,TEME,UTC,SGP4,2026-09-06 22:58:03.103968,15.34391765,0.00011307,53.1603,81.3264,85.6916,274.4216,0,U,58827,999,14782,0.00102695360000,0.00034471,0.0000000000000,6840.865,93.848,463.503,461.956,PAYLOAD,LARGE,US,2024-01-24,AFWTR,,5358992,346462159,0 STARLINK-31271,1 58827U 24017B   26249.95698037  .00034471  00000-0  10270-2 0  9995,2 58827  53.1603  81.3264 0001131  85.6916 274.4216 15.34391765147827
3.0,GENERATED VIA SPACE-TRACK.ORG API,2026-09-07T09:58:26,18 SPCS,STARLINK-31762,2024-080P,EARTH,TEME,UTC,SGP4,2026-09-06 22:58:38.378496,15.27560151,0.00010350,43.0044,94.3377,280.8553,79.2182,0,U,59614,999,13225,-0.00006334808700,-0.00002004,0.0000000000000,6861.246,94.268,483.821,482.400,PAYLOAD,LARGE,US,2024-04-28,AFETR,,5358992,346462484,0 STARLINK-31762,1 59614U 24080P   26249.95738864 -.00002004  00000-0 -63348-4 0  9998,2 59614  43.0044  94.3377 0001035 280.8553  79.2182 15.27560151132250
3.0,GENERATED VIA SPACE-TRACK.ORG API,2026-09-07T09:58:26,18 SPCS,STARLINK-3800,2022-045BA,EARTH,TEME,UTC,SGP4,2026-09-06 23:00:10.766016,15.32805951,0.00012155,53.1586,86.2283,240.7727,119.3154,0,U,52379,999,24341,0.00107246270000,0.00034242,0.0000000000000,6845.582,93.945,468.279,466.615,PAYLOAD,LARGE,US,2022-04-29,AFETR,,5358992,346457379,0 STARLINK-3800,1 52379U 22045BA  26249.95845794  .00034242  00000-0  10725-2 0  9995,2 52379  53.1586  86.2283 0001215 240.7727 119.3154 15.32805951243410
3.0,GENERATED VIA SPACE-TRACK.ORG API,2026-09-07T09:58:26,18 SPCS,STARLINK-36835,2026-034P,EARTH,TEME,UTC,SGP4,2026-09-06 23:01:01.945056,15.34396831,0.00011145,53.1585,81.2191,84.1970,275.9159,0,U,67863,999,3180,0.00029982293000,0.00009766,0.0000000000000,6840.850,93.848,463.477,461.952,PAYLOAD,LARGE,US,2026-02-20,AFETR,,5358992,346469698,0 STARLINK-36835,1 67863U 26034P   26249.95905029  .00009766  00000-0  29982-3 0  9998,2 67863  53.1585  81.2191 0001115  84.1970 275.9159 15.34396831 31801
3.0,GENERATED VIA SPACE-TRACK.ORG API,2026-09-07T09:58:26,18 SPCS,STARLINK-11730,2025-107L,EARTH,TEME,UTC,SGP4,2026-09-06 23:01:53.578560,15.70881229,0.00030889,43.0027,85.9058,268.5820,91.4694,0,U,64074,999,7580,0.00115503350000,0.00150755,0.0000000000000,6734.514,91.668,358.459,354.299,PAYLOAD,LARGE,US,2025-05-21,AFETR,,5358992,346465889,0 STARLINK-11730,1 64074U 25107L   26249.95964790  .00150755  00000-0  11550-2 0  9995,2 64074  43.0027  85.9058 0003089 268.5820  91.4694 15.70881229 75801
3.0,GENERATED VIA SPACE-TRACK.ORG API,2026-09-07T01:52:41,18 SPCS,STARLINK-33769,2025-089X,EARTH,TEME,UTC,SGP4,2026-09-06 23:02:45.541248,15.27619236,0.00020048,43.0019,101.2450,259.4587,100.6039,0,U,63773,999,7667,0.00074416731000,0.00020297,0.0000000000000,6861.069,94.264,484.309,481.558,PAYLOAD,LARGE,US,2025-04-29,AFETR,,5358222,346357746,0 STARLINK-33769,1 63773U 25089X   26249.96024932  .00020297  00000-0  74417-3 0  9994,2 63773  43.0019 101.2450 0002005 259.4587 100.6039 15.27619236 76672
3.0,GENERATED VIA SPACE-TRACK.ORG API,2026-09-07T01:52:41,18 SPCS,STARLINK-31767,2024-080E,EARTH,TEME,UTC,SGP4,2026-09-06 23:04:09.415776,15.27577559,0.00013612,43.0041,94.3685,274.8426,85.2270,0,U,59605,999,13225,0.00003362395300,0.00000663,0.0000000000000,6861.193,94.267,483.992,482.124,PAYLOAD,LARGE,US,2024-04-28,AFETR,,5358222,346353481,0 STARLINK-31767,1 59605U 24080E   26249.96122009  .00000663  00000-0  33624-4 0  9998,2 59605  43.0041  94.3685 0001361 274.8426  85.2270 15.27577559132258
3.0,GENERATED VIA SPACE-TRACK.ORG API,2026-09-07T07:36:52,18 SPCS,STARLINK-5940,2023-042AC,EARTH,TEME,UTC,SGP4,2026-09-06 23:11:57.803136,15.27592045,0.00014080,43.0035,101.1185,251.9784,108.0914,0,U,56012,999,19076,0.00003175900000,0.00000612,0.0000000000000,6861.150,94.266,483.981,482.049,PAYLOAD,LARGE,US,2023-03-24,AFETR,,5358689,346407963,0 STARLINK-5940,1 56012U 23042AC  26249.96664124  .00000612  00000-0  31759-4 0  9994,2 56012  43.0035 101.1185 0001408 251.9784 108.0914 15.27592045190763
3.0,GENERATED VIA SPACE-TRACK.ORG API,2026-09-07T09:58:26,18 SPCS,STARLINK-6315,2023-094U,EARTH,TEME,UTC,SGP4,2026-09-06 23:16:40.008864,15.27579341,0.00012490,43.0050,76.1914,260.5461,99.5250,0,U,57236,999,17496,-0.00000065608800,-0.00000280,0.0000000000000,6861.188,94.267,483.910,482.196,PAYLOAD,LARGE,US,2023-07-07,AFWTR,,5358992,346461043,0 STARLINK-6315,1 57236U 23094U   26249.96990751 -.00000280  00000-0 -65609-6 0  9994,2 57236  43.0050  76.1914 0001249 260.5461  99.5250 15.27579341174966
3.0,GENERATED VIA SPACE-TRACK.ORG API,2026-09-07T09:58:26,18 SPCS,STARLINK-35887,2025-288A,EARTH,TEME,UTC,SGP4,2026-09-06 23:21:29.102400,15.27590615,0.00013681,43.0021,79.5586,254.9415,105.1285,0,U,66959,999,4301,0.00037642918000,0.00010114,0.0000000000000,6861.154,94.266,483.958,482.081,PAYLOAD,LARGE,US,2025-12-08,AFETR,,5358992,346468769,0 STARLINK-35887,1 66959U 25288A   26249.97325350  .00010114  00000-0  37643-3 0  9990,2 66959  43.0021  79.5586 0001368 254.9415 105.1285 15.27590615 43016
3.0,GENERATED VIA SPACE-TRACK.ORG API,2026-09-07T09:58:26,18 SPCS,STARLINK-31207,2024-038N,EARTH,TEME,UTC,SGP4,2026-09-06 23:23:22.823808,15.27578073,0.00009287,43.0028,79.7433,249.5882,110.4870,0,U,59035,999,14258,0.00003114489000,0.00000595,0.0000000000000,6861.192,94.267,483.694,482.420,PAYLOAD,LARGE,US,2024-02-25,AFETR,,5358992,346461747,0 STARLINK-31207,1 59035U 24038N   26249.97456972  .00000595  00000-0  31145-4 0  9998,2 59035  43.0028  79.7433 0000929 249.5882 110.4870 15.27578073142588
3.0,GENERATED VIA SPACE-TRACK.ORG API,2026-09-07T07:26:30,18 SPCS,STARLINK-4109,2022-086AC,EARTH,TEME,UTC,SGP4,2026-09-06 23:24:27.919296,15.34410067,0.00010690,53.1617,88.7506,91.1188,268.9937,0,U,53268,999,22859,0.00008711900000,0.00002569,0.0000000000000,6840.810,93.847,463.407,461.944,PAYLOAD,LARGE,US,2022-07-24,AFETR,,5358597,346399772,0 STARLINK-4109,1 53268U 22086AC  26249.97532314  .00002569  00000-0  87119-4 0  9991,2 53268  53.1617  88.7506 0001069  91.1188 268.9937 15.34410067228598
3.0,GENERATED VIA SPACE-TRACK.ORG API,2026-09-07T09:58:26,18 SPCS,STARLINK-33939,2025-087F,EARTH,TEME,UTC,SGP4,2026-09-06 23:24:57.289248,15.31710980,0.00012567,53.1601,96.2056,88.2426,271.8719,0,U,63702,999,7697,0.00037908912000,0.00011420,0.0000000000000,6848.844,94.013,471.570,469.849,PAYLOAD,LARGE,US,2025-04-28,AFWTR,,5358992,346466209,0 STARLINK-33939,1 63702U 25087F   26249.97566307  .00011420  00000-0  37909-3 0  9995,2 63702  53.1601  96.2056 0001257  88.2426 271.8719 15.31710980 76978
3.0,GENERATED VIA SPACE-TRACK.ORG API,2026-09-07T09:58:26,18 SPCS,STARLINK-36136,2025-288J,EARTH,TEME,UTC,SGP4,2026-09-06 23:25:10.962912,15.27600660,0.00019035,43.0052,79.5708,270.7675,89.2959,0,U,66967,999,4301,0.00053034234000,0.00014369,0.0000000000000,6861.124,94.265,484.295,481.683,PAYLOAD,LARGE,US,2025-12-08,AFETR,,5358992,346468773,0 STARLINK-36136,1 66967U 25288J   26249.97582133  .00014369  00000-0  53034-3 0  9991,2 66967  43.0052  79.5708 0001903 270.7675  89.2959 15.27600660 43016
3.0,GENERATED VIA SPACE-TRACK.ORG API,2026-09-07T09:58:26,18 SPCS,STARLINK-3826,2022-045S,EARTH,TEME,UTC,SGP4,2026-09-06 23:25:43.216032,15.33551591,0.00010033,53.1592,93.0556,79.4218,280.6897,0,U,52347,999,24331,0.00000913061800,-0.00000072,0.0000000000000,6843.363,93.900,465.915,464.541,PAYLOAD,LARGE,US,2022-04-29,AFETR,,5358992,346457365,0 STARLINK-3826,1 52347U 22045S   26249.97619463 -.00000072  00000-0  91306-5 0  9996,2 52347  53.1592  93.0556 0001003  79.4218 280.6897 15.33551591243312
3.0,GENERATED VIA SPACE-TRACK.ORG API,2026-09-07T09:58:26,18 SPCS,STARLINK-32252,2024-144T,EARTH,TEME,UTC,SGP4,2026-09-06 23:28:21.334944,15.34395359,0.00012921,53.1595,90.9200,88.3335,271.7816,0,U,60442,999,11716,0.00001578278800,0.00000157,0.0000000000000,6840.854,93.848,463.603,461.835,PAYLOAD,LARGE,US,2024-08-12,AFETR,,5358992,346462829,0 STARLINK-32252,1 60442U 24144T   26249.97802471  .00000157  00000-0  15783-4 0  9993,2 60442  53.1595  90.9200 0001292  88.3335 271.7816 15.34395359117165
3.0,GENERATED VIA SPACE-TRACK.ORG API,2026-09-07T09:58:26,18 SPCS,STARLINK-3950,2022-086Y,EARTH,TEME,UTC,SGP4,2026-09-06 23:30:38.210688,15.34392754,0.00008511,53.1607,89.2591,90.0572,270.0528,0,U,53264,999,22858,0.00003328927300,0.00000749,0.0000000000000,6840.862,93.848,463.309,462.145,PAYLOAD,LARGE,US,2022-07-24,AFETR,,5358992,346457643,0 STARLINK-3950,1 53264U 22086Y   26249.97960892  .00000749  00000-0  33289-4 0  9990,2 53264  53.1607  89.2591 0000851  90.0572 270.0528 15.34392754228587
3.0,GENERATED VIA SPACE-TRACK.ORG API,2026-09-07T09:58:26,18 SPCS,STARLINK-2150,2021-017T,EARTH,TEME,UTC,SGP4,2026-09-06 23:32:01.552992,15.31701046,0.00013294,53.1605,95.5365,93.1311,266.9843,0,U,47739,999,30546,0.00004447369100,0.00001015,0.0000000000000,6848.874,94.013,471.649,469.828,PAYLOAD,LARGE,US,2021-03-04,AFETR,,5358992,346455010,0 STARLINK-2150,1 47739U 21017T   26249.98057353  .00001015  00000-0  44474-4 0  9998,2 47739  53.1605  95.5365 0001329  93.1311 266.9843 15.31701046305462
3.0,GENERATED VIA SPACE-TRACK.ORG API,2026-09-07T09:58:26,18 SPCS,STARLINK-11078,2024-002F,EARTH,TEME,UTC,SGP4,2026-09-06 23:33:07.687872,15.69709122,0.00011713,53.1603,100.1447,83.3294,276.7857,0,U,58710,999,15491,0.00000308453000,-0.00000215,0.0000000000000,6737.866,91.737,360.520,358.942,PAYLOAD,LARGE,US,2024-01-03,AFWTR,,5358992,346461615,0 STARLINK-11078,1 58710U 24002F   26249.98133898 -.00000215  00000-0  30845-5 0  9995,2 58710  53.1603 100.1447 0001171  83.3294 276.7857 15.69709122154911
3.0,GENERATED VIA SPACE-TRACK.ORG API,2026-09-07T09:58:26,18 SPCS,STARLINK-32229,2024-144M,EARTH,TEME,UTC,SGP4,2026-09-06 23:34:25.021920,15.34400525,0.00011871,53.1593,90.9516,91.6544,268.4594,0,U,60436,999,11712,-0.00002739510400,-0.00001302,0.0000000000000,6840.839,93.848,463.516,461.892,PAYLOAD,LARGE,US,2024-08-12,AFETR,,5358992,346462826,0 STARLINK-32229,1 60436U 24144M   26249.98223405 -.00001302  00000-0 -27395-4 0  9998,2 60436  53.1593  90.9516 0001187  91.6544 268.4594 15.34400525117122
3.0,GENERATED VIA SPACE-TRACK.ORG API,2026-09-07T09:58:26,18 SPCS,STARLINK-35665,2025-257L,EARTH,TEME,UTC,SGP4,2026-09-06 23:35:07.702656,15.34401444,0.00009923,53.1576,92.5562,92.0587,268.0530,0,U,66390,999,4762,0.00040249444000,0.00013247,0.0000000000000,6840.836,93.848,463.380,462.022,PAYLOAD,LARGE,US,2025-11-08,AFETR,,5358992,346467994,0 STARLINK-35665,1 66390U 25257L   26249.98272804  .00013247  00000-0  40249-3 0  9997,2 66390  53.1576  92.5562 0000992  92.0587 268.0530 15.34401444 47626
3.0,GENERATED VIA SPACE-TRACK.ORG API,2026-09-07T09:58:26,18 SPCS,STARLINK-35683,2025-257AB,EARTH,TEME,UTC,SGP4,2026-09-06 23:37:29.138592,15.34398797,0.00011814,53.1585,91.1579,94.7851,265.3287,0,U,66405,999,4747,0.00041423754000,0.00013644,0.0000000000000,6840.844,93.848,463.517,461.901,PAYLOAD,LARGE,US,2025-11-08,AFETR,,5358992,346468001,0 STARLINK-35683,1 66405U 25257AB  26249.98436503  .00013644  00000-0  41424-3 0  9999,2 66405  53.1585  91.1579 0001181  94.7851 265.3287 15.34398797 47478
3.0,GENERATED VIA SPACE-TRACK.ORG API,2026-09-07T09:58:26,18 SPCS,STARLINK-30779,2023-166L,EARTH,TEME,UTC,SGP4,2026-09-06 23:38:52.683936,15.31698624,0.00012150,53.1590,96.2980,84.4236,275.6904,0,U,58160,999,16095,0.00006185547000,0.00001555,0.0000000000000,6848.881,94.013,471.578,469.914,PAYLOAD,LARGE,US,2023-10-29,AFWTR,,5358992,346461407,0 STARLINK-30779,1 58160U 23166L   26249.98533199  .00001555  00000-0  61855-4 0  9993,2 58160  53.1590  96.2980 0001215  84.4236 275.6904 15.31698624160954
3.0,GENERATED VIA SPACE-TRACK.ORG API,2026-09-07T09:58:26,18 SPCS,STARLINK-11076,2024-002E,EARTH,TEME,UTC,SGP4,2026-09-06 23:40:11.250912,15.69707760,0.00010331,53.1590,100.1762,108.2572,251.8558,0,U,58709,999,15491,0.00001031172600,0.00000661,0.0000000000000,6737.870,91.737,360.431,359.039,PAYLOAD,LARGE,US,2024-01-03,AFWTR,,5358992,346462114,0 STARLINK-11076,1 58709U 24002E   26249.98624133  .00000661  00000-0  10312-4 0  9990,2 58709  53.1590 100.1762 0001033 108.2572 251.8558 15.69707760154915
3.0,GENERATED VIA SPACE-TRACK.ORG API,2026-09-07T09:58:26,18 SPCS,STARLINK-35657,2025-257V,EARTH,TEME,UTC,SGP4,2026-09-06 23:40:30.964800,15.34400545,0.00009101,53.1569,91.1759,92.5923,267.5184,0,U,66399,999,4753,0.00062407688000,0.00020768,0.0000000000000,6840.839,93.848,463.326,462.081,PAYLOAD,LARGE,US,2025-11-08,AFETR,,5358992,346468498,0 STARLINK-35657,1 66399U 25257V   26249.98646950  .00020768  00000-0  62408-3 0  9990,2 66399  53.1569  91.1759 0000910  92.5923 267.5184 15.34400545 47539
3.0,GENERATED VIA SPACE-TRACK.ORG API,2026-09-07T09:58:26,18 SPCS,STARLINK-32222,2024-144L,EARTH,TEME,UTC,SGP4,2026-09-06 23:43:30.344160,15.34391882,0.00011305,53.1596,90.9918,89.1418,270.9714,0,U,60435,999,11712,0.00003616601200,0.00000846,0.0000000000000,6840.864,93.848,463.503,461.956,PAYLOAD,LARGE,US,2024-08-12,AFETR,,5358992,346463325,0 STARLINK-32222,1 60435U 24144L   26249.98854565  .00000846  00000-0  36166-4 0  9990,2 60435  53.1596  90.9918 0001130  89.1418 270.9714 15.34391882117127
3.0,GENERATED VIA SPACE-TRACK.ORG API,2026-09-07T09:58:26,18 SPCS,STARLINK-35681,2025-257R,EARTH,TEME,UTC,SGP4,2026-09-06 23:44:13.955424,15.34421839,0.00007835,53.1572,92.6105,66.0973,294.0111,0,U,66395,999,4744,0.00029435494000,0.00009589,0.0000000000000,6840.775,93.846,463.176,462.104,PAYLOAD,LARGE,US,2025-11-08,AFETR,,5358992,346468496,0 STARLINK-35681,1 66395U 25257R   26249.98905041  .00009589  00000-0  29435-3 0  9996,2 66395  53.1572  92.6105 0000783  66.0973 294.0111 15.34421839 47443
3.0,GENERATED VIA SPACE-TRACK.ORG API,2026-09-07T09:58:26,18 SPCS,STARLINK-4337,2022-077L,EARTH,TEME,UTC,SGP4,2026-09-06 23:47:51.776736,15.33437245,0.00011022,97.2866,65.0535,64.9131,295.2226,0,U,53053,999,22822,0.00001779075200,0.00000499,0.0000000000000,6843.703,93.907,466.323,464.814,PAYLOAD,LARGE,US,2022-07-11,AFWTR,,5358992,346457567,0 STARLINK-4337,1 53053U 22077L   26249.99157149  .00000499  00000-0  17791-4 0  9993,2 53053  97.2866  65.0535 0001102  64.9131 295.2226 15.33437245228229
3.0,GENERATED VIA SPACE-TRACK.ORG API,2026-09-07T09:58:26,18 SPCS,STARLINK-35158,2025-257B,EARTH,TEME,UTC,SGP4,2026-09-06 23:50:17.110176,15.34396938,0.00009586,53.1572,92.6433,91.4454,268.6658,0,U,66381,999,4752,0.00045253726000,0.00014943,0.0000000000000,6840.849,93.848,463.370,462.059,PAYLOAD,LARGE,US,2025-11-08,AFETR,,5358992,346468489,0 STARLINK-35158,1 66381U 25257B   26249.99325359  .00014943  00000-0  45254-3 0  9997,2 66381  53.1572  92.6433 0000959  91.4454 268.6658 15.34396938 47526
3.0,GENERATED VIA SPACE-TRACK.ORG API,2026-09-07T09:58:26,18 SPCS,STARLINK-11619,2025-053H,EARTH,TEME,UTC,SGP4,2026-09-06 23:52:03.289728,15.70941725,0.00014237,43.0013,99.4184,259.1735,100.8972,0,U,63272,999,8618,0.00096151935000,0.00125339,0.0000000000000,6734.341,91.665,357.165,355.248,PAYLOAD,LARGE,US,2025-03-15,AFETR,,5358992,346465039,0 STARLINK-11619,1 63272U 25053H   26249.99448252  .00125339  00000-0  96152-3 0  9990,2 63272  43.0013  99.4184 0001424 259.1735 100.8972 15.70941725 86182
3.0,GENERATED VIA SPACE-TRACK.ORG API,2026-09-07T07:36:52,18 SPCS,STARLINK-5098,2022-125BB,EARTH,TEME,UTC,SGP4,2026-09-06 23:54:05.541408,15.31705934,0.00012610,53.1604,100.5474,86.7968,273.3178,0,U,54013,999,21710,0.00002516700000,0.00000416,0.0000000000000,6848.859,94.013,471.588,469.861,PAYLOAD,LARGE,US,2022-10-05,AFWTR,,5358634,346402726,0 STARLINK-5098,1 54013U 22125BB  26249.99589747  .00000416  00000-0  25167-4 0  9992,2 54013  53.1604 100.5474 0001261  86.7968 273.3178 15.31705934217109
3.0,GENERATED VIA SPACE-TRACK.ORG API,2026-09-07T09:58:26,18 SPCS,STARLINK-1039,2019-074AH,EARTH,TEME,UTC,SGP4,2026-09-06 23:54:12.896640,15.34495728,0.00021652,53.0550,93.1169,82.2362,277.8885,0,U,44744,999,37608,0.00092227586000,0.00031011,0.0000000000000,6840.556,93.842,463.902,460.940,PAYLOAD,LARGE,US,2019-11-11,AFETR,,5358992,346453939,0 STARLINK-1039,1 44744U 19074AH  26249.99598260  .00031011  00000-0  92228-3 0  9997,2 44744  53.0550  93.1169 0002165  82.2362 277.8885 15.34495728376086
3.0,GENERATED VIA SPACE-TRACK.ORG API,2026-09-07T09:58:26,18 SPCS,STARLINK-33919,2025-087C,EARTH,TEME,UTC,SGP4,2026-09-06 23:57:10.620576,15.34401792,0.00010853,53.1602,97.0569,92.7830,267.3297,0,U,63699,999,7696,0.00056763364000,0.00018851,0.0000000000000,6840.835,93.848,463.442,461.958,PAYLOAD,LARGE,US,2025-04-28,AFWTR,,5358992,346465708,0 STARLINK-33919,1 63699U 25087C   26249.99803959  .00018851  00000-0  56763-3 0  9993,2 63699  53.1602  97.0569 0001085  92.7830 267.3297 15.34401792 76961
3.0,GENERATED VIA SPACE-TRACK.ORG API,2026-09-07T07:36:52,18 SPCS,STARLINK-11615,2025-053K,EARTH,TEME,UTC,SGP4,2026-09-06 23:59:41.765280,15.70865417,0.00025250,43.0017,99.4644,267.4186,92.6393,0,U,63274,999,8618,0.00103170000000,0.00134239,0.0000000000000,6734.559,91.669,358.125,354.724,PAYLOAD,LARGE,US,2025-03-15,AFETR,,5358889,346428988,0 STARLINK-11615,1 63274U 25053K   26249.99978895  .00134239  00000-0  10317-2 0  9990,2 63274  43.0017  99.4644 0002525 267.4186  92.6393 15.70865417 86182
3.0,GENERATED VIA SPACE-TRACK.ORG API,2026-09-07T01:52:41,18 SPCS,STARLINK-4320,2022-077S,EARTH,TEME,UTC,SGP4,2026-09-07 00:00:02.000160,15.33453405,0.00010986,97.2848,65.0486,90.3080,346.3229,0,U,53059,999,579,0.00036363764000,0.00011686,0.0000000000000,6843.655,93.906,466.272,464.768,PAYLOAD,LARGE,US,2022-07-11,AFWTR,,5358222,346349071,0 STARLINK-4320,1 53059U 22077S   26250.00002315  .00011686  00000-0  36364-3 0  9993,2 53059  97.2848  65.0486 0001099  90.3080 346.3229 15.33453405  5793
3.0,GENERATED VIA SPACE-TRACK.ORG API,2026-09-07T09:58:26,18 SPCS,STARLINK-33995,2025-087K,EARTH,TEME,UTC,SGP4,2026-09-07 00:00:12.616128,15.34397640,0.00012066,53.1603,97.0623,90.5387,269.5753,0,U,63706,999,7696,0.00041880993000,0.00013799,0.0000000000000,6840.847,93.848,463.538,461.887,PAYLOAD,LARGE,US,2025-04-28,AFWTR,,5358992,346466211,0 STARLINK-33995,1 63706U 25087K   26250.00014602  .00013799  00000-0  41881-3 0  9996,2 63706  53.1603  97.0623 0001207  90.5387 269.5753 15.34397640 76968
3.0,GENERATED VIA SPACE-TRACK.ORG API,2026-09-07T09:58:26,18 SPCS,STARLINK-3829,2022-045T,EARTH,TEME,UTC,SGP4,2026-09-07 00:00:28.947456,15.35403279,0.00011675,53.1610,94.1107,95.2730,264.8406,0,U,52348,999,24330,0.00002574902200,0.00000518,0.0000000000000,6837.860,93.786,460.523,458.927,PAYLOAD,LARGE,US,2022-04-29,AFETR,,5358992,346456866,0 STARLINK-3829,1 52348U 22045T   26250.00033504  .00000518  00000-0  25749-4 0  9990,2 52348  53.1610  94.1107 0001167  95.2730 264.8406 15.35403279243304
3.0,GENERATED VIA SPACE-TRACK.ORG API,2026-09-07T07:36:52,18 SPCS,STARLINK-30784,2023-166G,EARTH,TEME,UTC,SGP4,2026-09-07 00:06:17.250048,15.34406397,0.00011370,53.1608,97.1148,95.9642,264.1490,0,U,58156,999,16079,0.00019356000000,0.00006170,0.0000000000000,6840.821,93.847,463.464,461.908,PAYLOAD,LARGE,US,2023-10-29,AFWTR,,5358741,346413787,0 STARLINK-30784,1 58156U 23166G   26250.00436632  .00006170  00000-0  19356-3 0  9993,2 58156  53.1608  97.1148 0001137  95.9642 264.1490 15.34406397160798
3.0,GENERATED VIA SPACE-TRACK.ORG API,2026-09-07T09:58:26,18 SPCS,STARLINK-5088,2022-125AN,EARTH,TEME,UTC,SGP4,2026-09-07 00:13:50.035296,15.34389501,0.00014161,53.1608,100.6317,92.6080,267.5085,0,U,54000,999,21710,0.00001891052900,0.00000262,0.0000000000000,6840.871,93.848,463.705,461.768,PAYLOAD,LARGE,US,2022-10-05,AFWTR,,5358992,346457878,0 STARLINK-5088,1 54000U 22125AN  26250.00960689  .00000262  00000-0  18911-4 0  9998,2 54000  53.1608 100.6317 0001416  92.6080 267.5085 15.34389501217102
3.0,GENERATED VIA SPACE-TRACK.ORG API,2026-09-07T09:58:26,18 SPCS,STARLINK-4051,2022-086AH,EARTH,TEME,UTC,SGP4,2026-09-07 00:18:57.356640,15.34396860,0.00011218,53.1609,77.1207,88.3162,271.7969,0,U,53273,999,22874,0.00003738306400,0.00000887,0.0000000000000,6840.850,93.848,463.482,461.947,PAYLOAD,LARGE,US,2022-07-24,AFETR,,5358992,346457646,0 STARLINK-4051,1 53273U 22086AH  26250.01316385  .00000887  00000-0  37383-4 0  9991,2 53273  53.1609  77.1207 0001122  88.3162 271.7969 15.34396860228743
3.0,GENERATED VIA SPACE-TRACK.ORG API,2026-09-07T09:58:26,18 SPCS,STARLINK-36158,2025-298F,EARTH,TEME,UTC,SGP4,2026-09-07 00:32:19.330080,14.98336795,0.00042460,69.9992,277.0804,265.9513,94.1161,0,U,67080,999,4038,0.00024390331000,0.00002819,0.0000000000000,6950.172,96.107,574.988,569.086,PAYLOAD,LARGE,US,2025-12-14,AFWTR,,5358992,346469326,0 STARLINK-36158,1 67080U 25298F   26250.02244595  .00002819  00000-0  24390-3 0  9994,2 67080  69.9992 277.0804 0004246 265.9513  94.1161 14.98336795 40384
3.0,GENERATED VIA SPACE-TRACK.ORG API,2026-09-07T09:58:26,18 SPCS,STARLINK-2194,2021-017BB,EARTH,TEME,UTC,SGP4,2026-09-07 00:33:37.065888,15.34862965,0.00006190,53.1586,79.7298,94.6980,265.4094,0,U,47771,999,30566,0.00109309050000,0.00037288,0.0000000000000,6839.465,93.819,461.753,460.906,PAYLOAD,LARGE,US,2021-03-04,AFETR,,5358992,346455515,0 STARLINK-2194,1 47771U 21017BB  26250.02334567  .00037288  00000-0  10931-2 0  9996,2 47771  53.1586  79.7298 0000619  94.6980 265.4094 15.34862965305669
3.0,GENERATED VIA SPACE-TRACK.ORG API,2026-09-07T09:58:26,18 SPCS,STARLINK-36202,2025-298V,EARTH,TEME,UTC,SGP4,2026-09-07 00:38:19.388256,14.98345621,0.00038306,69.9999,277.0957,266.9934,93.0787,0,U,67094,999,4038,0.00024815292000,0.00002870,0.0000000000000,6950.145,96.106,574.672,569.347,PAYLOAD,LARGE,US,2025-12-14,AFWTR,,5358992,346469333,0 STARLINK-36202,1 67094U 25298V   26250.02661329  .00002870  00000-0  24815-3 0  9996,2 67094  69.9999 277.0957 0003831 266.9934  93.0787 14.98345621 40382
3.0,GENERATED VIA SPACE-TRACK.ORG API,2026-09-07T09:58:26,18 SPCS,STARLINK-4130,2022-086X,EARTH,TEME,UTC,SGP4,2026-09-07 00:55:13.903104,15.34387092,0.00011837,53.1598,88.3109,92.0275,268.0863,0,U,53263,999,22860,-0.00000752516800,-0.00000630,0.0000000000000,6840.879,93.849,463.553,461.934,PAYLOAD,LARGE,US,2022-07-24,AFETR,,5358992,346458142,0 STARLINK-4130,1 53263U 22086X   26250.03835536 -.00000630  00000-0 -75252-5 0  9992,2 53263  53.1598  88.3109 0001184  92.0275 268.0863 15.34387092228603
3.0,GENERATED VIA SPACE-TRACK.ORG API,2026-09-07T09:58:26,18 SPCS,STARLINK-3874,2022-045AL,EARTH,TEME,UTC,SGP4,2026-09-07 01:01:17.091552,15.34393818,0.00011575,53.1610,88.2859,89.1493,270.9642,0,U,52365,999,24338,0.00003359010500,0.00000759,0.0000000000000,6840.859,93.848,463.515,461.932,PAYLOAD,LARGE,US,2022-04-29,AFETR,,5358992,346456873,0 STARLINK-3874,1 52365U 22045AL  26250.04255893  .00000759  00000-0  33590-4 0  9990,2 52365  53.1610  88.2859 0001158  89.1493 270.9642 15.34393818243383
3.0,GENERATED VIA SPACE-TRACK.ORG API,2026-09-07T09:58:26,18 SPCS,STARLINK-33783,2025-087R,EARTH,TEME,UTC,SGP4,2026-09-07 01:12:21.574944,15.31710729,0.00011700,53.1595,95.9564,93.2074,266.9062,0,U,63712,999,7698,0.00039663504000,0.00011967,0.0000000000000,6848.845,94.013,471.511,469.909,PAYLOAD,LARGE,US,2025-04-28,AFWTR,,5358992,346466214,0 STARLINK-33783,1 63712U 25087R   26250.05024971  .00011967  00000-0  39664-3 0  9999,2 63712  53.1595  95.9564 0001170  93.2074 266.9062 15.31710729 76988
3.0,GENERATED VIA SPACE-TRACK.ORG API,2026-09-07T09:58:26,18 SPCS,STARLINK-4131,2022-086E,EARTH,TEME,UTC,SGP4,2026-09-07 01:14:28.087872,15.31701899,0.00012525,53.1593,99.4452,85.2912,274.8232,0,U,53246,999,22765,0.00001940489300,0.00000237,0.0000000000000,6848.871,94.013,471.594,469.878,PAYLOAD,LARGE,US,2022-07-24,AFETR,,5358992,346458134,0 STARLINK-4131,1 53246U 22086E   26250.05171398  .00000237  00000-0  19405-4 0  9992,2 53246  53.1593  99.4452 0001253  85.2912 274.8232 15.31701899227653
3.0,GENERATED VIA SPACE-TRACK.ORG API,2026-09-07T07:16:24,18 SPCS,STARLINK-35671,2025-257N,EARTH,TEME,UTC,SGP4,2026-09-07 01:14:59.806176,15.34413024,0.00010630,53.1581,92.2929,92.9428,267.1696,0,U,66392,999,4753,0.00042176000000,0.00013906,0.0000000000000,6840.802,93.847,463.394,461.939,PAYLOAD,LARGE,US,2025-11-08,AFETR,,5358271,346366552,0 STARLINK-35671,1 66392U 25257N   26250.05208109  .00013906  00000-0  42176-3 0  9999,2 66392  53.1581  92.2929 0001063  92.9428 267.1696 15.34413024 47531
3.0,GENERATED VIA SPACE-TRACK.ORG API,2026-09-07T09:58:26,18 SPCS,STARLINK-5315,2023-010AS,EARTH,TEME,UTC,SGP4,2026-09-07 01:29:13.189344,14.98332073,0.00037449,69.9977,267.0090,268.6519,91.4211,0,U,55309,999,20094,0.00002700585700,0.00000229,0.0000000000000,6950.186,96.107,574.654,569.449,PAYLOAD,LARGE,US,2023-01-19,AFWTR,,5358992,346459327,0 STARLINK-5315,1 55309U 23010AS  26250.06195821  .00000229  00000-0  27006-4 0  9997,2 55309  69.9977 267.0090 0003745 268.6519  91.4211 14.98332073200944
3.0,GENERATED VIA SPACE-TRACK.ORG API,2026-09-07T07:26:30,18 SPCS,STARLINK-4061,2022-086F,EARTH,TEME,UTC,SGP4,2026-09-07 01:48:41.007168,15.35406051,0.00013110,53.1612,98.7657,93.4769,266.6384,0,U,53247,999,22877,0.00008578300000,0.00002613,0.0000000000000,6837.852,93.786,460.613,458.820,PAYLOAD,LARGE,US,2022-07-24,AFETR,,5358596,346399732,0 STARLINK-4061,1 53247U 22086F   26250.07547462  .00002613  00000-0  85783-4 0  9996,2 53247  53.1612  98.7657 0001311  93.4769 266.6384 15.35406051228778
3.0,GENERATED VIA SPACE-TRACK.ORG API,2026-09-07T09:58:26,18 SPCS,STARLINK-34864,2025-189H,EARTH,TEME,UTC,SGP4,2026-09-07 01:48:42.545088,15.31714067,0.00011607,53.1591,83.0989,90.3994,269.7141,0,U,65330,999,5889,0.00058911584000,0.00017968,0.0000000000000,6848.835,94.012,471.495,469.905,PAYLOAD,LARGE,US,2025-08-27,AFETR,,5358992,346467487,0 STARLINK-34864,1 65330U 25189H   26250.07549242  .00017968  00000-0  58912-3 0  9999,2 65330  53.1591  83.0989 0001161  90.3994 269.7141 15.31714067 58898
3.0,GENERATED VIA SPACE-TRACK.ORG API,2026-09-07T07:26:30,18 SPCS,STARLINK-4179,2022-086AK,EARTH,TEME,UTC,SGP4,2026-09-07 01:56:31.188192,15.35398303,0.00011170,53.1596,76.8616,89.3515,270.7616,0,U,53275,999,22875,0.00001057900000,-0.00000011,0.0000000000000,6837.875,93.787,460.503,458.976,PAYLOAD,LARGE,US,2022-07-24,AFETR,,5358598,346399808,0 STARLINK-4179,1 53275U 22086AK  26250.08091653 -.00000011  00000-0  10579-4 0  9996,2 53275  53.1596  76.8616 0001117  89.3515 270.7616 15.35398303228751
3.0,GENERATED VIA SPACE-TRACK.ORG API,2026-09-07T07:36:52,18 SPCS,STARLINK-5453,2022-175R,EARTH,TEME,UTC,SGP4,2026-09-07 02:55:34.730400,15.34384438,0.00011310,53.1596,300.3261,72.2191,287.8935,0,U,54773,999,20743,0.00001548800000,0.00000147,0.0000000000000,6840.886,93.849,463.525,461.978,PAYLOAD,LARGE,US,2022-12-17,AFETR,,5358656,346404828,0 STARLINK-5453,1 54773U 22175R   26250.12192975  .00000147  00000-0  15488-4 0  9996,2 54773  53.1596 300.3261 0001131  72.2191 287.8935 15.34384438207431
3.0,GENERATED VIA SPACE-TRACK.ORG API,2026-09-07T07:26:30,18 SPCS,STARLINK-3907,2022-049BC,EARTH,TEME,UTC,SGP4,2026-09-07 03:03:46.887264,15.33549289,0.00010970,53.1592,306.5201,76.2638,283.8486,0,U,52501,999,23989,0.00002678800000,0.00000508,0.0000000000000,6843.370,93.900,465.986,464.484,PAYLOAD,LARGE,US,2022-05-06,AFETR,,5358581,346398419,0 STARLINK-3907,1 52501U 22049BC  26250.12762601  .00000508  00000-0  26788-4 0  9998,2 52501  53.1592 306.5201 0001097  76.2638 283.8486 15.33549289239895
3.0,GENERATED VIA SPACE-TRACK.ORG API,2026-09-07T07:26:30,18 SPCS,STARLINK-3863,2022-049Q,EARTH,TEME,UTC,SGP4,2026-09-07 03:25:52.861152,15.35400578,0.00012880,53.1603,306.7316,68.5264,291.5876,0,U,52465,999,23988,-0.00004184500000,-0.00001840,0.0000000000000,6837.868,93.787,460.614,458.852,PAYLOAD,LARGE,US,2022-05-06,AFETR,,5358580,346398373,0 STARLINK-3863,1 52465U 22049Q   26250.14297293 -.00001840  00000-0 -41845-4 0  9992,2 52465  53.1603 306.7316 0001288  68.5264 291.5876 15.35400578239884
3.0,GENERATED VIA SPACE-TRACK.ORG API,2026-09-07T09:58:26,18 SPCS,STARLINK-31735,2024-112S,EARTH,TEME,UTC,SGP4,2026-09-07 03:44:52.856448,15.34384495,0.00017379,53.1611,314.1355,70.1812,289.9378,0,U,60054,999,12639,0.00002064095200,0.00000321,0.0000000000000,6840.886,93.849,463.940,461.562,PAYLOAD,LARGE,US,2024-06-08,AFWTR,,5358992,346462672,0 STARLINK-31735,1 60054U 24112S   26250.15616732  .00000321  00000-0  20641-4 0  9994,2 60054  53.1611 314.1355 0001738  70.1812 289.9378 15.34384495126397
3.0,GENERATED VIA SPACE-TRACK.ORG API,2026-09-07T09:58:26,18 SPCS,STARLINK-37550,2026-183F,EARTH,TEME,UTC,SGP4,2026-09-07 03:49:28.696224,15.75392908,0.00027173,53.1575,323.4939,130.2990,229.8268,0,U,100277,999,420,0.00147985170000,0.00234177,0.0000000000000,6721.650,91.406,345.342,341.689,PAYLOAD,LARGE,US,2026-08-11,AFETR,,5358992,346448652,0 STARLINK-37550,1 A0277U 26183F   26250.15935991  .00234177  00000-0  14799-2 0  9999,2 A0277  53.1575 323.4939 0002717 130.2990 229.8268 15.75392908  4200
3.0,GENERATED VIA SPACE-TRACK.ORG API,2026-09-07T09:58:26,18 SPCS,STARLINK-5202,2022-175D,EARTH,TEME,UTC,SGP4,2026-09-07 03:59:38.079744,15.31704432,0.00013000,53.1597,299.9082,68.4140,291.7000,0,U,54761,999,20744,0.00000501434500,-0.00000210,0.0000000000000,6848.864,94.013,471.619,469.838,PAYLOAD,LARGE,US,2022-12-17,AFETR,,5358992,346458657,0 STARLINK-5202,1 54761U 22175D   26250.16641296 -.00000210  00000-0  50143-5 0  9992,2 54761  53.1597 299.9082 0001300  68.4140 291.7000 15.31704432207447
3.0,GENERATED VIA SPACE-TRACK.ORG API,2026-09-07T09:58:26,18 SPCS,STARLINK-35617,2025-259A,EARTH,TEME,UTC,SGP4,2026-09-07 04:01:27.176160,15.27597603,0.00003899,42.9984,329.6675,271.0659,89.0148,0,U,66422,999,4724,0.00030571138000,0.00008165,0.0000000000000,6861.133,94.266,483.266,482.731,PAYLOAD,LARGE,US,2025-11-11,AFETR,,5358992,346468509,0 STARLINK-35617,1 66422U 25259A   26250.16767565  .00008165  00000-0  30571-3 0  9990,2 66422  42.9984 329.6675 0000390 271.0659  89.0148 15.27597603 47240
3.0,GENERATED VIA SPACE-TRACK.ORG API,2026-09-07T09:58:26,18 SPCS,STARLINK-3887,2022-049AK,EARTH,TEME,UTC,SGP4,2026-09-07 04:05:49.544448,15.35397570,0.00012198,53.1601,315.9397,83.7102,276.4040,0,U,52484,999,23976,0.00001632774700,0.00000189,0.0000000000000,6837.877,93.787,460.576,458.908,PAYLOAD,LARGE,US,2022-05-06,AFETR,,5358992,346457397,0 STARLINK-3887,1 52484U 22049AK  26250.17071232  .00000189  00000-0  16328-4 0  9990,2 52484  53.1601 315.9397 0001220  83.7102 276.4040 15.35397570239769
3.0,GENERATED VIA SPACE-TRACK.ORG API,2026-09-07T09:58:26,18 SPCS,STARLINK-34221,2025-130R,EARTH,TEME,UTC,SGP4,2026-09-07 04:11:22.563744,15.34399253,0.00014804,53.1602,321.7024,71.3263,288.7901,0,U,64453,999,6854,0.00016748896000,0.00005286,0.0000000000000,6840.842,93.848,463.720,461.695,PAYLOAD,LARGE,US,2025-06-18,AFETR,,5358992,346466573,0 STARLINK-34221,1 64453U 25130R   26250.17456671  .00005286  00000-0  16749-3 0  9996,2 64453  53.1602 321.7024 0001480  71.3263 288.7901 15.34399253 68547
3.0,GENERATED VIA SPACE-TRACK.ORG API,2026-09-07T07:26:30,18 SPCS,STARLINK-2557,2021-036Z,EARTH,TEME,UTC,SGP4,2026-09-07 04:36:44.330400,15.31719009,0.00010800,53.1593,310.6900,84.5835,275.5290,0,U,48299,999,29622,0.00014955000000,0.00004281,0.0000000000000,6848.820,94.012,471.425,469.946,PAYLOAD,LARGE,US,2021-04-29,AFETR,,5358530,346392769,0 STARLINK-2557,1 48299U 21036Z   26250.19217975  .00004281  00000-0  14955-3 0  9992,2 48299  53.1593 310.6900 0001080  84.5835 275.5290 15.31719009296228
3.0,GENERATED VIA SPACE-TRACK.ORG API,2026-09-07T09:58:26,18 SPCS,STARLINK-2558,2021-036G,EARTH,TEME,UTC,SGP4,2026-09-07 04:43:26.979456,15.31729328,0.00010513,53.1610,310.7572,87.4951,272.6171,0,U,48282,999,29622,0.00014333662000,0.00004089,0.0000000000000,6848.790,94.011,471.375,469.935,PAYLOAD,LARGE,US,2021-04-29,AFETR,,5358992,346456144,0 STARLINK-2558,1 48282U 21036G   26250.19684004  .00004089  00000-0  14334-3 0  9992,2 48282  53.1610 310.7572 0001051  87.4951 272.6171 15.31729328296226
3.0,GENERATED VIA SPACE-TRACK.ORG API,2026-09-07T09:58:26,18 SPCS,STARLINK-3835,2022-049AB,EARTH,TEME,UTC,SGP4,2026-09-07 04:43:46.510176,15.35397877,0.00011579,53.1610,306.4729,82.3090,277.8044,0,U,52476,999,24113,0.00002587789600,0.00000522,0.0000000000000,6837.876,93.787,460.533,458.949,PAYLOAD,LARGE,US,2022-05-06,AFETR,,5358992,346456894,0 STARLINK-3835,1 52476U 22049AB  26250.19706609  .00000522  00000-0  25878-4 0  9997,2 52476  53.1610 306.4729 0001158  82.3090 277.8044 15.35397877241138
3.0,GENERATED VIA SPACE-TRACK.ORG API,2026-09-07T07:26:30,18 SPCS,STARLINK-2741,2021-044AY,EARTH,TEME,UTC,SGP4,2026-09-07 04:50:39.921216,15.31723724,0.00009170,53.1596,313.2166,91.1931,268.9176,0,U,48684,999,29214,0.00014490000000,0.00004137,0.0000000000000,6848.806,94.012,471.299,470.043,PAYLOAD,LARGE,US,2021-05-26,AFETR,,5358536,346393556,0 STARLINK-2741,1 48684U 21044AY  26250.20185094  .00004137  00000-0  14490-3 0  9991,2 48684  53.1596 313.2166 0000917  91.1931 268.9176 15.31723724292146
3.0,GENERATED VIA SPACE-TRACK.ORG API,2026-09-07T07:26:30,18 SPCS,STARLINK-3914,2022-049AR,EARTH,TEME,UTC,SGP4,2026-09-07 04:50:51.743328,15.31701478,0.00011260,53.1609,311.6945,70.0267,290.0856,0,U,52490,999,23982,0.00004488900000,0.00001028,0.0000000000000,6848.873,94.013,471.509,469.966,PAYLOAD,LARGE,US,2022-05-06,AFETR,,5358581,346398405,0 STARLINK-3914,1 52490U 22049AR  26250.20198777  .00001028  00000-0  44889-4 0  9991,2 52490  53.1609 311.6945 0001126  70.0267 290.0856 15.31701478239828
3.0,GENERATED VIA SPACE-TRACK.ORG API,2026-09-07T07:36:52,18 SPCS,STARLINK-31654,2024-098A,EARTH,TEME,UTC,SGP4,2026-09-07 05:06:38.384064,15.27578308,0.00011950,43.0018,325.4226,247.7037,112.3688,0,U,59858,999,12968,0.00002984700000,0.00000559,0.0000000000000,6861.191,94.267,483.876,482.236,PAYLOAD,LARGE,US,2024-05-24,AFETR,,5358796,346419040,0 STARLINK-31654,1 59858U 24098A   26250.21294426  .00000559  00000-0  29847-4 0  9996,2 59858  43.0018 325.4226 0001195 247.7037 112.3688 15.27578308129684
3.0,GENERATED VIA SPACE-TRACK.ORG API,2026-09-07T09:58:26,18 SPCS,STARLINK-32082,2024-136T,EARTH,TEME,UTC,SGP4,2026-09-07 05:08:49.240320,15.34387057,0.00013826,53.1611,312.0159,86.9042,273.2119,0,U,60346,999,11746,0.00001872297500,0.00000256,0.0000000000000,6840.879,93.849,463.690,461.798,PAYLOAD,LARGE,US,2024-08-02,AFETR,,5358992,346462784,0 STARLINK-32082,1 60346U 24136T   26250.21445880  .00000256  00000-0  18723-4 0  9990,2 60346  53.1611 312.0159 0001383  86.9042 273.2119 15.34387057117460
3.0,GENERATED VIA SPACE-TRACK.ORG API,2026-09-07T09:58:26,18 SPCS,STARLINK-36660,2026-033AD,EARTH,TEME,UTC,SGP4,2026-09-07 05:14:45.787200,15.27592363,0.00010755,43.0010,322.1258,249.8589,110.2147,0,U,67848,999,3243,0.00049480612000,0.00013384,0.0000000000000,6861.149,94.266,483.752,482.276,PAYLOAD,LARGE,US,2026-02-16,AFETR,,5358992,346470190,0 STARLINK-36660,1 67848U 26033AD  26250.21858550  .00013384  00000-0  49481-3 0  9994,2 67848  43.0010 322.1258 0001075 249.8589 110.2147 15.27592363 32435
3.0,GENERATED VIA SPACE-TRACK.ORG API,2026-09-07T09:58:26,18 SPCS,STARLINK-31435,2024-036G,EARTH,TEME,UTC,SGP4,2026-09-07 05:15:37.921824,15.34392853,0.00012913,53.1628,313.7106,102.0784,258.0363,0,U,59004,999,14314,-0.00006492915700,-0.00002569,0.0000000000000,6840.861,93.848,463.610,461.843,PAYLOAD,LARGE,US,2024-02-23,AFWTR,,5358992,346461733,0 STARLINK-31435,1 59004U 24036G   26250.21918891 -.00002569  00000-0 -64929-4 0  9995,2 59004  53.1628 313.7106 0001291 102.0784 258.0363 15.34392853143144
3.0,GENERATED VIA SPACE-TRACK.ORG API,2026-09-07T09:58:26,18 SPCS,STARLINK-32950,2025-075U,EARTH,TEME,UTC,SGP4,2026-09-07 05:17:38.544000,15.27586394,0.00015058,43.0004,325.0823,267.6297,92.4382,0,U,63566,999,7969,0.00022926604000,0.00006053,0.0000000000000,6861.167,94.266,484.065,481.999,PAYLOAD,LARGE,US,2025-04-13,AFETR,,5358992,346466157,0 STARLINK-32950,1 63566U 25075U   26250.22058500  .00006053  00000-0  22927-3 0  9991,2 63566  43.0004 325.0823 0001506 267.6297  92.4382 15.27586394 79692
3.0,GENERATED VIA SPACE-TRACK.ORG API,2026-09-07T07:36:52,18 SPCS,STARLINK-32688,2024-229B,EARTH,TEME,UTC,SGP4,2026-09-07 05:19:36.778080,15.27590100,0.00019180,43.0013,325.5846,269.0204,91.0428,0,U,62193,999,9832,0.00030279000000,0.00008082,0.0000000000000,6861.156,94.266,484.337,481.705,PAYLOAD,LARGE,US,2024-12-04,AFETR,,5358927,346425224,0 STARLINK-32688,1 62193U 24229B   26250.22195345  .00008082  00000-0  30279-3 0  9998,2 62193  43.0013 325.5846 0001918 269.0204  91.0428 15.27590100 98325
3.0,GENERATED VIA SPACE-TRACK.ORG API,2026-09-07T09:58:26,18 SPCS,STARLINK-34681,2025-259S,EARTH,TEME,UTC,SGP4,2026-09-07 05:20:48.460704,15.27588389,0.00025010,43.0042,329.2126,293.0726,66.9862,0,U,66438,999,4714,0.00033821077000,0.00009059,0.0000000000000,6861.161,94.266,484.742,481.310,PAYLOAD,LARGE,US,2025-11-11,AFETR,,5358992,346468517,0 STARLINK-34681,1 66438U 25259S   26250.22278311  .00009059  00000-0  33821-3 0  9994,2 66438  43.0042 329.2126 0002501 293.0726  66.9862 15.27588389 47143
3.0,GENERATED VIA SPACE-TRACK.ORG API,2026-09-07T09:58:26,18 SPCS,STARLINK-31922,2024-097M,EARTH,TEME,UTC,SGP4,2026-09-07 05:22:34.013856,15.27573445,0.00012614,43.0028,328.8422,254.5773,105.4940,0,U,59846,999,12968,0.00002305970600,0.00000372,0.0000000000000,6861.206,94.267,483.936,482.205,PAYLOAD,LARGE,US,2024-05-23,AFETR,,5358992,346463077,0 STARLINK-31922,1 59846U 24097M   26250.22400479  .00000372  00000-0  23060-4 0  9994,2 59846  43.0028 328.8422 0001261 254.5773 105.4940 15.27573445129685
3.0,GENERATED VIA SPACE-TRACK.ORG API,2026-09-07T09:58:26,18 SPCS,STARLINK-3859,2022-049V,EARTH,TEME,UTC,SGP4,2026-09-07 05:31:29.561664,15.34387399,0.00011340,53.1606,315.4040,81.2954,278.8177,0,U,52470,999,23977,0.00001199874800,0.00000029,0.0000000000000,6840.878,93.849,463.518,461.967,PAYLOAD,LARGE,US,2022-05-06,AFETR,,5358992,346457391,0 STARLINK-3859,1 52470U 22049V   26250.23020326  .00000029  00000-0  11999-4 0  9992,2 52470  53.1606 315.4040 0001134  81.2954 278.8177 15.34387399239776
3.0,GENERATED VIA SPACE-TRACK.ORG API,2026-09-07T09:58:26,18 SPCS,STARLINK-32778,2025-008S,EARTH,TEME,UTC,SGP4,2026-09-07 05:36:51.397344,15.27595996,0.00008659,43.0014,333.1407,252.0391,108.0366,0,U,62603,999,9332,0.00035884026000,0.00009630,0.0000000000000,6861.138,94.266,483.597,482.409,PAYLOAD,LARGE,US,2025-01-13,AFETR,,5358992,346464725,0 STARLINK-32778,1 62603U 25008S   26250.23392821  .00009630  00000-0  35884-3 0  9996,2 62603  43.0014 333.1407 0000866 252.0391 108.0366 15.27595996 93323
3.0,GENERATED VIA SPACE-TRACK.ORG API,2026-09-07T09:58:26,18 SPCS,STARLINK-34720,2025-259AD,EARTH,TEME,UTC,SGP4,2026-09-07 05:44:51.192960,15.27595621,0.00010836,43.0013,329.3332,264.3652,95.7076,0,U,66449,999,4714,0.00032722863000,0.00008758,0.0000000000000,6861.139,94.266,483.748,482.261,PAYLOAD,LARGE,US,2025-11-11,AFETR,,5358992,346468023,0 STARLINK-34720,1 66449U 25259AD  26250.23948140  .00008758  00000-0  32723-3 0  9996,2 66449  43.0013 329.3332 0001084 264.3652  95.7076 15.27595621 47141
3.0,GENERATED VIA SPACE-TRACK.ORG API,2026-09-07T09:58:26,18 SPCS,STARLINK-30996,2024-038A,EARTH,TEME,UTC,SGP4,2026-09-07 05:46:42.565152,15.27576028,0.00010649,43.0019,81.7518,273.5353,86.5377,0,U,59023,999,14389,0.00005325173400,0.00001203,0.0000000000000,6861.198,94.267,483.794,482.332,PAYLOAD,LARGE,US,2024-02-25,AFETR,,5358992,346462241,0 STARLINK-30996,1 59023U 24038A   26250.24077043  .00001203  00000-0  53252-4 0  9995,2 59023  43.0019  81.7518 0001065 273.5353  86.5377 15.27576028143892
3.0,GENERATED VIA SPACE-TRACK.ORG API,2026-09-07T09:58:26,18 SPCS,STARLINK-31899,2024-097R,EARTH,TEME,UTC,SGP4,2026-09-07 05:48:28.462176,15.27575853,0.00007412,43.0019,328.9840,262.9403,97.1365,0,U,59850,999,12968,-0.00000938595700,-0.00000520,0.0000000000000,6861.199,94.267,483.572,482.555,PAYLOAD,LARGE,US,2024-05-23,AFETR,,5358992,346463079,0 STARLINK-31899,1 59850U 24097R   26250.24199609 -.00000520  00000-0 -93860-5 0  9994,2 59850  43.0019 328.9840 0000741 262.9403  97.1365 15.27575853129683
3.0,GENERATED VIA SPACE-TRACK.ORG API,2026-09-07T09:58:26,18 SPCS,STARLINK-30571,2023-158R,EARTH,TEME,UTC,SGP4,2026-09-07 05:48:36.413568,15.27573820,0.00012702,43.0028,81.9381,264.5118,95.5589,0,U,58066,999,16133,-0.00000206215700,-0.00000319,0.0000000000000,6861.205,94.267,483.941,482.198,PAYLOAD,LARGE,US,2023-10-13,AFETR,,5358992,346461363,0 STARLINK-30571,1 58066U 23158R   26250.24208812 -.00000319  00000-0 -20622-5 0  9998,2 58066  43.0028  81.9381 0001270 264.5118  95.5589 15.27573820161336
3.0,GENERATED VIA SPACE-TRACK.ORG API,2026-09-07T09:58:26,18 SPCS,STARLINK-35960,2025-265R,EARTH,TEME,UTC,SGP4,2026-09-07 05:51:25.906176,15.27584760,0.00016348,43.0018,332.2869,265.3814,94.6851,0,U,66531,999,4488,0.00029256939000,0.00007798,0.0000000000000,6861.172,94.266,484.158,481.915,PAYLOAD,LARGE,US,2025-11-19,AFETR,,5358992,346469063,0 STARLINK-35960,1 66531U 25265R   26250.24404984  .00007798  00000-0  29257-3 0  9990,2 66531  43.0018 332.2869 0001635 265.3814  94.6851 15.27584760 44888
3.0,GENERATED VIA SPACE-TRACK.ORG API,2026-09-07T09:58:26,18 SPCS,STARLINK-4321,2022-077AR,EARTH,TEME,UTC,SGP4,2026-09-07 05:51:59.349024,15.33435406,0.00017044,97.2845,65.2361,92.7405,267.4032,0,U,53082,999,22826,-0.00001084920800,-0.00000425,0.0000000000000,6843.709,93.907,466.740,464.407,PAYLOAD,LARGE,US,2022-07-11,AFWTR,,5358992,346457580,0 STARLINK-4321,1 53082U 22077AR  26250.24443691 -.00000425  00000-0 -10849-4 0  9993,2 53082  97.2845  65.2361 0001704  92.7405 267.4032 15.33435406228265
3.0,GENERATED VIA SPACE-TRACK.ORG API,2026-09-07T09:58:26,18 SPCS,STARLINK-31205,2024-038Z,EARTH,TEME,UTC,SGP4,2026-09-07 05:56:39.535584,15.27581962,0.00011980,43.0042,78.3517,267.5518,92.5197,0,U,59046,999,14256,0.00003174038100,0.00000611,0.0000000000000,6861.180,94.267,483.867,482.223,PAYLOAD,LARGE,US,2024-02-25,AFETR,,5358992,346462252,0 STARLINK-31205,1 59046U 24038Z   26250.24767981  .00000611  00000-0  31740-4 0  9997,2 59046  43.0042  78.3517 0001198 267.5518  92.5197 15.27581962142560
3.0,GENERATED VIA SPACE-TRACK.ORG API,2026-09-07T09:58:26,18 SPCS,STARLINK-35879,2025-288B,EARTH,TEME,UTC,SGP4,2026-09-07 05:58:28.212096,15.27589796,0.00016040,43.0059,78.1847,276.5681,83.4988,0,U,66960,999,4305,0.00050841827000,0.00013759,0.0000000000000,6861.157,94.266,484.122,481.921,PAYLOAD,LARGE,US,2025-12-08,AFETR,,5358992,346469269,0 STARLINK-35879,1 66960U 25288B   26250.24893764  .00013759  00000-0  50842-3 0  9997,2 66960  43.0059  78.1847 0001604 276.5681  83.4988 15.27589796 43052
3.0,GENERATED VIA SPACE-TRACK.ORG API,2026-09-07T09:58:26,18 SPCS,STARLINK-1802,2020-073AJ,EARTH,TEME,UTC,SGP4,2026-09-07 06:00:27.900288,15.47118289,0.00014323,53.1532,83.3719,158.0097,202.0973,0,U,46702,999,32542,0.00087705875000,0.00045012,0.0000000000000,6803.298,93.076,426.137,424.189,PAYLOAD,LARGE,US,2020-10-18,AFETR,,5358992,346455342,0 STARLINK-1802,1 46702U 20073AJ  26250.25032292  .00045012  00000-0  87706-3 0  9994,2 46702  53.1532  83.3719 0001432 158.0097 202.0973 15.47118289325426
3.0,GENERATED VIA SPACE-TRACK.ORG API,2026-09-07T09:58:26,18 SPCS,STARLINK-32249,2024-144V,EARTH,TEME,UTC,SGP4,2026-09-07 06:01:42.581856,15.34401928,0.00017573,53.1597,89.7796,77.6161,282.5038,0,U,60444,999,11720,0.00010173105000,0.00003062,0.0000000000000,6840.835,93.848,463.902,461.497,PAYLOAD,LARGE,US,2024-08-12,AFETR,,5358992,346462830,0 STARLINK-32249,1 60444U 24144V   26250.25118729  .00003062  00000-0  10173-3 0  9999,2 60444  53.1597  89.7796 0001757  77.6161 282.5038 15.34401928117200
3.0,GENERATED VIA SPACE-TRACK.ORG API,2026-09-07T09:58:26,18 SPCS,STARLINK-31631,2024-068E,EARTH,TEME,UTC,SGP4,2026-09-07 06:02:41.676000,15.27574481,0.00010911,43.0024,85.4063,269.9951,90.0776,0,U,59459,999,13633,0.00000658944600,-0.00000081,0.0000000000000,6861.203,94.267,483.816,482.319,PAYLOAD,LARGE,US,2024-04-10,AFETR,,5358992,346461922,0 STARLINK-31631,1 59459U 24068E   26250.25187125 -.00000081  00000-0  65894-5 0  9995,2 59459  43.0024  85.4063 0001091 269.9951  90.0776 15.27574481136334
3.0,GENERATED VIA SPACE-TRACK.ORG API,2026-09-07T09:58:26,18 SPCS,STARLINK-6360,2023-094T,EARTH,TEME,UTC,SGP4,2026-09-07 06:04:31.073088,15.27576047,0.00012657,43.0039,85.3106,261.0609,99.0100,0,U,57235,999,17488,-0.00000129500800,-0.00000298,0.0000000000000,6861.198,94.267,483.931,482.194,PAYLOAD,LARGE,US,2023-07-07,AFWTR,,5358992,346460543,0 STARLINK-6360,1 57235U 23094T   26250.25313742 -.00000298  00000-0 -12950-5 0  9995,2 57235  43.0039  85.3106 0001266 261.0609  99.0100 15.27576047174886
3.0,GENERATED VIA SPACE-TRACK.ORG API,2026-09-07T09:58:26,18 SPCS,STARLINK-30444,2023-144H,EARTH,TEME,UTC,SGP4,2026-09-07 06:05:00.372192,15.27591662,0.00011722,43.0020,339.9645,245.4607,114.6123,0,U,57871,999,16512,0.00051105762000,0.00013832,0.0000000000000,6861.151,94.266,483.820,482.212,PAYLOAD,LARGE,US,2023-09-16,AFETR,,5358992,346460780,0 STARLINK-30444,1 57871U 23144H   26250.25347653  .00013832  00000-0  51106-3 0  9995,2 57871  43.0020 339.9645 0001172 245.4607 114.6123 15.27591662165124
3.0,GENERATED VIA SPACE-TRACK.ORG API,2026-09-07T09:58:26,18 SPCS,STARLINK-30575,2023-158B,EARTH,TEME,UTC,SGP4,2026-09-07 06:05:15.558720,15.27574520,0.00011724,43.0022,82.0294,269.2222,90.8495,0,U,58052,999,16133,0.00003459733500,0.00000690,0.0000000000000,6861.203,94.267,483.872,482.263,PAYLOAD,LARGE,US,2023-10-13,AFETR,,5358992,346461356,0 STARLINK-30575,1 58052U 23158B   26250.25365230  .00000690  00000-0  34597-4 0  9997,2 58052  43.0022  82.0294 0001172 269.2222  90.8495 15.27574520161331
3.0,GENERATED VIA SPACE-TRACK.ORG API,2026-09-07T09:58:26,18 SPCS,STARLINK-31186,2024-038H,EARTH,TEME,UTC,SGP4,2026-09-07 06:07:04.024416,15.27576007,0.00010892,43.0045,81.8535,265.9938,94.0789,0,U,59030,999,14252,-0.00000005163300,-0.00000263,0.0000000000000,6861.198,94.267,483.810,482.316,PAYLOAD,LARGE,US,2024-02-25,AFETR,,5358992,346462244,0 STARLINK-31186,1 59030U 24038H   26250.25490769 -.00000263  00000-0 -51633-7 0  9999,2 59030  43.0045  81.8535 0001089 265.9938  94.0789 15.27576007142526
3.0,GENERATED VIA SPACE-TRACK.ORG API,2026-09-07T09:58:26,18 SPCS,STARLINK-30105,2023-105D,EARTH,TEME,UTC,SGP4,2026-09-07 06:08:14.989920,15.27580332,0.00014643,43.0040,85.4463,247.6384,112.4313,0,U,57433,999,17609,-0.00002413012800,-0.00000926,0.0000000000000,6861.185,94.267,484.055,482.045,PAYLOAD,LARGE,US,2023-07-24,AFETR,,5358992,346460604,0 STARLINK-30105,1 57433U 23105D   26250.25572905 -.00000926  00000-0 -24130-4 0  9996,2 57433  43.0040  85.4463 0001464 247.6384 112.4313 15.27580332176098
3.0,GENERATED VIA SPACE-TRACK.ORG API,2026-09-07T09:58:26,18 SPCS,STARLINK-35662,2025-257E,EARTH,TEME,UTC,SGP4,2026-09-07 06:08:29.667552,15.34402725,0.00013111,53.1582,91.4327,87.8320,272.2833,0,U,66384,999,4756,0.00037830110000,0.00012428,0.0000000000000,6840.832,93.848,463.594,461.800,PAYLOAD,LARGE,US,2025-11-08,AFETR,,5358992,346467991,0 STARLINK-35662,1 66384U 25257E   26250.25589893  .00012428  00000-0  37830-3 0  9993,2 66384  53.1582  91.4327 0001311  87.8320 272.2833 15.34402725 47565
3.0,GENERATED VIA SPACE-TRACK.ORG API,2026-09-07T09:58:26,18 SPCS,STARLINK-11430,2025-027K,EARTH,TEME,UTC,SGP4,2026-09-07 06:12:10.096416,15.70874525,0.00019096,43.0008,333.6313,260.2071,99.8581,0,U,62916,999,9174,0.00085711844000,0.00111177,0.0000000000000,6734.533,91.669,357.684,355.112,PAYLOAD,LARGE,US,2025-02-08,AFETR,,5358992,346465370,0 STARLINK-11430,1 62916U 25027K   26250.25845019  .00111177  00000-0  85712-3 0  9993,2 62916  43.0008 333.6313 0001910 260.2071  99.8581 15.70874525 91747
3.0,GENERATED VIA SPACE-TRACK.ORG API,2026-09-07T09:58:26,18 SPCS,STARLINK-31364,2024-068J,EARTH,TEME,UTC,SGP4,2026-09-07 06:13:47.419968,15.27579596,0.00012680,43.0040,85.4623,269.5142,90.5564,0,U,59463,999,13633,0.00004653619600,0.00001019,0.0000000000000,6861.187,94.267,483.922,482.182,PAYLOAD,LARGE,US,2024-04-10,AFETR,,5358992,346462423,0 STARLINK-31364,1 59463U 24068J   26250.25957662  .00001019  00000-0  46536-4 0  9993,2 59463  43.0040  85.4623 0001268 269.5142  90.5564 15.27579596136335
3.0,GENERATED VIA SPACE-TRACK.ORG API,2026-09-07T09:58:26,18 SPCS,STARLINK-36786,2026-034Y,EARTH,TEME,UTC,SGP4,2026-09-07 06:15:41.605344,15.31729539,0.00012033,53.1574,79.5392,83.0547,277.0591,0,U,67872,999,3185,0.00037686742000,0.00011358,0.0000000000000,6848.789,94.011,471.478,469.830,PAYLOAD,LARGE,US,2026-02-20,AFETR,,5358992,346470202,0 STARLINK-36786,1 67872U 26034Y   26250.26089821  .00011358  00000-0  37687-3 0  9998,2 67872  53.1574  79.5392 0001203  83.0547 277.0591 15.31729539 31858
3.0,GENERATED VIA SPACE-TRACK.ORG API,2026-09-07T09:58:26,18 SPCS,STARLINK-11565,2025-027F,EARTH,TEME,UTC,SGP4,2026-09-07 06:19:37.576704,15.70885673,0.00014591,42.9994,332.7802,266.7023,93.3677,0,U,62912,999,9171,0.00088474608000,0.00114878,0.0000000000000,6734.502,91.668,357.349,355.384,PAYLOAD,LARGE,US,2025-02-08,AFETR,,5358992,346465368,0 STARLINK-11565,1 62912U 25027F   26250.26362936  .00114878  00000-0  88475-3 0  9992,2 62912  42.9994 332.7802 0001459 266.7023  93.3677 15.70885673 91712
3.0,GENERATED VIA SPACE-TRACK.ORG API,2026-09-07T09:58:26,18 SPCS,STARLINK-32729,2025-003L,EARTH,TEME,UTC,SGP4,2026-09-07 06:20:54.519360,15.27598601,0.00021076,43.0002,343.3039,270.7175,89.3435,0,U,62497,999,9444,0.00040624706000,0.00010940,0.0000000000000,6861.130,94.266,484.441,481.549,PAYLOAD,LARGE,US,2025-01-06,AFETR,,5358992,346465184,0 STARLINK-32729,1 62497U 25003L   26250.26451990  .00010940  00000-0  40625-3 0  9993,2 62497  43.0002 343.3039 0002108 270.7175  89.3435 15.27598601 94441
3.0,GENERATED VIA SPACE-TRACK.ORG API,2026-09-07T09:58:26,18 SPCS,STARLINK-33612,2025-057U,EARTH,TEME,UTC,SGP4,2026-09-07 06:21:14.834592,15.27586054,0.00017605,43.0033,85.6964,265.6144,94.4506,0,U,63325,999,8354,0.00046379662000,0.00012525,0.0000000000000,6861.168,94.266,484.241,481.825,PAYLOAD,LARGE,US,2025-03-18,AFETR,,5358992,346466063,0 STARLINK-33612,1 63325U 25057U   26250.26475503  .00012525  00000-0  46380-3 0  9994,2 63325  43.0033  85.6964 0001760 265.6144  94.4506 15.27586054 83545
3.0,GENERATED VIA SPACE-TRACK.ORG API,2026-09-07T09:58:26,18 SPCS,STARLINK-30429,2023-144N,EARTH,TEME,UTC,SGP4,2026-09-07 06:21:39.886272,15.27574256,0.00008562,43.0008,340.0531,254.5231,105.5526,0,U,57876,999,16540,0.00001611929600,0.00000182,0.0000000000000,6861.203,94.267,483.656,482.481,PAYLOAD,LARGE,US,2023-09-16,AFETR,,5358992,346461282,0 STARLINK-30429,1 57876U 23144N   26250.26504498  .00000182  00000-0  16119-4 0  9993,2 57876  43.0008 340.0531 0000856 254.5231 105.5526 15.27574256165401
3.0,GENERATED VIA SPACE-TRACK.ORG API,2026-09-07T09:58:26,18 SPCS,STARLINK-5800,2023-042BH,EARTH,TEME,UTC,SGP4,2026-09-07 06:22:14.839392,15.27585536,0.00013315,43.0038,88.5425,255.4378,104.6326,0,U,56041,999,19093,0.00000248368500,-0.00000194,0.0000000000000,6861.170,94.266,483.948,482.121,PAYLOAD,LARGE,US,2023-03-24,AFETR,,5358992,346459609,0 STARLINK-5800,1 56041U 23042BH  26250.26544953 -.00000194  00000-0  24837-5 0  9994,2 56041  43.0038  88.5425 0001332 255.4378 104.6326 15.27585536190932
3.0,GENERATED VIA SPACE-TRACK.ORG API,2026-09-07T09:58:26,18 SPCS,STARLINK-31765,2024-080D,EARTH,TEME,UTC,SGP4,2026-09-07 06:24:12.389184,15.27561816,0.00016160,43.0046,88.9014,268.6208,91.4459,0,U,59604,999,13234,-0.00006154843600,-0.00001955,0.0000000000000,6861.241,94.268,484.214,481.997,PAYLOAD,LARGE,US,2024-04-28,AFETR,,5358992,346462479,0 STARLINK-31765,1 59604U 24080D   26250.26681006 -.00001955  00000-0 -61548-4 0  9992,2 59604  43.0046  88.9014 0001616 268.6208  91.4459 15.27561816132346
3.0,GENERATED VIA SPACE-TRACK.ORG API,2026-09-07T09:58:26,18 SPCS,STARLINK-31462,2024-068M,EARTH,TEME,UTC,SGP4,2026-09-07 06:26:03.091776,15.27575632,0.00007788,43.0022,88.9692,269.6369,90.4394,0,U,59466,999,13629,-0.00000321025300,-0.00000350,0.0000000000000,6861.199,94.267,483.599,482.530,PAYLOAD,LARGE,US,2024-04-10,AFETR,,5358992,346461925,0 STARLINK-31462,1 59466U 24068M   26250.26809134 -.00000350  00000-0 -32103-5 0  9992,2 59466  43.0022  88.9692 0000779 269.6369  90.4394 15.27575632136292
3.0,GENERATED VIA SPACE-TRACK.ORG API,2026-09-07T09:58:26,18 SPCS,STARLINK-5840,2023-094P,EARTH,TEME,UTC,SGP4,2026-09-07 06:26:43.909728,15.27568813,0.00015635,43.0056,85.4244,275.8212,84.2461,0,U,57231,999,17488,-0.00000416123400,-0.00000377,0.0000000000000,6861.220,94.267,484.157,482.012,PAYLOAD,LARGE,US,2023-07-07,AFWTR,,5358992,346460541,0 STARLINK-5840,1 57231U 23094P   26250.26856377 -.00000377  00000-0 -41612-5 0  9993,2 57231  43.0056  85.4244 0001564 275.8212  84.2461 15.27568813174887
3.0,GENERATED VIA SPACE-TRACK.ORG API,2026-09-07T09:58:26,18 SPCS,STARLINK-30854,2023-171Q,EARTH,TEME,UTC,SGP4,2026-09-07 06:29:00.725856,15.27576149,0.00014982,42.9963,339.8578,238.6093,121.4613,0,U,58244,999,15750,-0.00000139996400,-0.00000301,0.0000000000000,6861.198,94.267,484.091,482.035,PAYLOAD,LARGE,US,2023-11-08,AFETR,,5358992,346461444,0 STARLINK-30854,1 58244U 23171Q   26250.27014729 -.00000301  00000-0 -14000-5 0  9990,2 58244  42.9963 339.8578 0001498 238.6093 121.4613 15.27576149157507
3.0,GENERATED VIA SPACE-TRACK.ORG API,2026-09-07T09:58:26,18 SPCS,STARLINK-36131,2025-294C,EARTH,TEME,UTC,SGP4,2026-09-07 06:36:23.846400,15.27587305,0.00028427,43.0049,92.2994,267.7345,92.3181,0,U,67032,999,4257,0.00063875438000,0.00017361,0.0000000000000,6861.164,94.266,484.980,481.079,PAYLOAD,LARGE,US,2025-12-11,AFETR,,5358992,346468804,0 STARLINK-36131,1 67032U 25294C   26250.27527600  .00017361  00000-0  63875-3 0  9994,2 67032  43.0049  92.2994 0002843 267.7345  92.3181 15.27587305 42571
3.0,GENERATED VIA SPACE-TRACK.ORG API,2026-09-07T09:58:26,18 SPCS,STARLINK-30564,2023-156R,EARTH,TEME,UTC,SGP4,2026-09-07 06:37:22.272672,15.33720139,0.00011560,53.1588,313.6211,62.0517,298.0602,0,U,58043,999,16413,-0.00884444460000,-0.00282125,0.0000000000000,6842.862,93.889,465.518,463.936,PAYLOAD,LARGE,US,2023-10-09,AFWTR,,5358992,346460853,0 STARLINK-30564,1 58043U 23156R   26250.27595223 -.00282125  00000-0 -88444-2 0  9999,2 58043  53.1588 313.6211 0001156  62.0517 298.0602 15.33720139164139
3.0,GENERATED VIA SPACE-TRACK.ORG API,2026-09-07T17:20:58,18 SPCS,STARLINK-5469,2023-021X,EARTH,TEME,UTC,SGP4,2026-09-07 06:38:39.663744,14.98331037,0.00024580,69.9990,86.5208,268.4927,91.5951,0,U,55649,999,19599,-0.00000289645500,-0.00000127,0.0000000000000,6950.190,96.107,573.763,570.346,PAYLOAD,LARGE,US,2023-02-17,AFWTR,,5359051,346495416,0 STARLINK-5469,1 55649U 23021X   26250.27684796 -.00000127  00000-0 -28965-5 0  9998,2 55649  69.9990  86.5208 0002458 268.4927  91.5951 14.98331037195991
3.0,GENERATED VIA SPACE-TRACK.ORG API,2026-09-07T09:58:26,18 SPCS,STARLINK-36650,2026-033R,EARTH,TEME,UTC,SGP4,2026-09-07 06:41:31.421760,15.27587756,0.00025117,42.9989,321.7170,291.6765,68.3819,0,U,67836,999,3244,0.00039319727000,0.00010576,0.0000000000000,6861.163,94.266,484.751,481.305,PAYLOAD,LARGE,US,2026-02-16,AFETR,,5358992,346470184,0 STARLINK-36650,1 67836U 26033R   26250.27883590  .00010576  00000-0  39320-3 0  9990,2 67836  42.9989 321.7170 0002512 291.6765  68.3819 15.27587756 32441
3.0,GENERATED VIA SPACE-TRACK.ORG API,2026-09-07T09:58:26,18 SPCS,STARLINK-32675,2024-229S,EARTH,TEME,UTC,SGP4,2026-09-07 06:42:39.902400,15.27596864,0.00024011,43.0011,325.1533,280.7346,79.3235,0,U,62208,999,9833,0.00056884451000,0.00015432,0.0000000000000,6861.136,94.266,484.648,481.353,PAYLOAD,LARGE,US,2024-12-04,AFETR,,5358992,346465064,0 STARLINK-32675,1 62208U 24229S   26250.27962850  .00015432  00000-0  56884-3 0  9990,2 62208  43.0011 325.1533 0002401 280.7346  79.3235 15.27596864 98333
3.0,GENERATED VIA SPACE-TRACK.ORG API,2026-09-07T09:58:26,18 SPCS,STARLINK-5780,2023-090BB,EARTH,TEME,UTC,SGP4,2026-09-07 06:46:16.596192,15.27577836,0.00019494,43.0033,324.7889,284.8160,75.2476,0,U,57150,999,17823,0.00004198171900,0.00000893,0.0000000000000,6861.193,94.267,484.395,481.720,PAYLOAD,LARGE,US,2023-06-23,AFETR,,5358992,346460009,0 STARLINK-5780,1 57150U 23090BB  26250.28213653  .00000893  00000-0  41982-4 0  9995,2 57150  43.0033 324.7889 0001949 284.8160  75.2476 15.27577836178239
3.0,GENERATED VIA SPACE-TRACK.ORG API,2026-09-07T17:20:58,18 SPCS,STARLINK-31886,2024-084J,EARTH,TEME,UTC,SGP4,2026-09-07 06:46:57.351072,15.27578995,0.00011665,43.0018,96.4126,272.5553,87.5165,0,U,59662,999,13214,0.00000205254700,-0.00000206,0.0000000000000,6861.189,94.267,483.854,482.254,PAYLOAD,LARGE,US,2024-05-06,AFETR,,5359051,346497960,0 STARLINK-31886,1 59662U 24084J   26250.28260823 -.00000206  00000-0  20525-5 0  9990,2 59662  43.0018  96.4126 0001167 272.5553  87.5165 15.27578995132149
3.0,GENERATED VIA SPACE-TRACK.ORG API,2026-09-07T09:58:26,18 SPCS,STARLINK-36144,2026-033J,EARTH,TEME,UTC,SGP4,2026-09-07 06:47:04.479936,15.27581253,0.00016583,43.0023,321.7496,276.0198,84.0464,0,U,67829,999,3244,0.00010911792000,0.00002742,0.0000000000000,6861.182,94.267,484.185,481.910,PAYLOAD,LARGE,US,2026-02-16,AFETR,,5358992,346469681,0 STARLINK-36144,1 67829U 26033J   26250.28269074  .00002742  00000-0  10912-3 0  9990,2 67829  43.0023 321.7496 0001658 276.0198  84.0464 15.27581253 32449
3.0,GENERATED VIA SPACE-TRACK.ORG API,2026-09-07T09:58:26,18 SPCS,STARLINK-36141,2025-294AD,EARTH,TEME,UTC,SGP4,2026-09-07 06:47:30.907968,15.27586734,0.00002703,43.0019,92.3486,10.0076,350.0781,0,U,67057,999,4257,0.00044513935000,0.00012010,0.0000000000000,6861.166,94.266,483.216,482.846,PAYLOAD,LARGE,US,2025-12-11,AFETR,,5358992,346469316,0 STARLINK-36141,1 67057U 25294AD  26250.28299662  .00012010  00000-0  44514-3 0  9991,2 67057  43.0019  92.3486 0000270  10.0076 350.0781 15.27586734 42579
3.0,GENERATED VIA SPACE-TRACK.ORG API,2026-09-07T17:20:58,18 SPCS,STARLINK-30935,2023-183U,EARTH,TEME,UTC,SGP4,2026-09-07 06:48:47.052288,15.27576685,0.00012123,43.0034,96.3355,267.7637,92.3076,0,U,58455,999,15450,0.00006181321300,0.00001439,0.0000000000000,6861.196,94.267,483.893,482.229,PAYLOAD,LARGE,US,2023-11-28,AFETR,,5359051,346496977,0 STARLINK-30935,1 58455U 23183U   26250.28387792  .00001439  00000-0  61813-4 0  9995,2 58455  43.0034  96.3355 0001212 267.7637  92.3076 15.27576685154502
3.0,GENERATED VIA SPACE-TRACK.ORG API,2026-09-07T09:58:26,18 SPCS,STARLINK-31857,2024-097J,EARTH,TEME,UTC,SGP4,2026-09-07 06:51:10.198080,15.27577088,0.00013343,43.0028,328.4406,256.7009,103.3694,0,U,59843,999,12969,0.00002325063900,0.00000378,0.0000000000000,6861.195,94.267,483.975,482.144,PAYLOAD,LARGE,US,2024-05-23,AFETR,,5358992,346462576,0 STARLINK-31857,1 59843U 24097J   26250.28553470  .00000378  00000-0  23251-4 0  9995,2 59843  43.0028 328.4406 0001334 256.7009 103.3694 15.27577088129698
3.0,GENERATED VIA SPACE-TRACK.ORG API,2026-09-07T09:58:26,18 SPCS,STARLINK-35705,2025-294K,EARTH,TEME,UTC,SGP4,2026-09-07 06:51:12.678624,15.27583461,0.00012644,43.0049,92.3667,269.2745,90.7962,0,U,67039,999,4257,0.00043883103000,0.00011834,0.0000000000000,6861.176,94.267,483.908,482.173,PAYLOAD,LARGE,US,2025-12-11,AFETR,,5358992,346469307,0 STARLINK-35705,1 67039U 25294K   26250.28556341  .00011834  00000-0  43883-3 0  9992,2 67039  43.0049  92.3667 0001264 269.2745  90.7962 15.27583461 42571
3.0,GENERATED VIA SPACE-TRACK.ORG API,2026-09-07T17:20:58,18 SPCS,STARLINK-11116,2024-112H,EARTH,TEME,UTC,SGP4,2026-09-07 06:51:14.295168,15.69711650,0.00009455,53.1584,90.9988,95.8077,264.3048,0,U,60045,999,12950,0.00002065663400,0.00001915,0.0000000000000,6737.859,91.737,360.361,359.087,PAYLOAD,LARGE,US,2024-06-08,AFWTR,,5359051,346499123,0 STARLINK-11116,1 60045U 24112H   26250.28558212  .00001915  00000-0  20657-4 0  9993,2 60045  53.1584  90.9988 0000945  95.8077 264.3048 15.69711650129505
3.0,GENERATED VIA SPACE-TRACK.ORG API,2026-09-07T09:58:26,18 SPCS,STARLINK-31912,2024-084C,EARTH,TEME,UTC,SGP4,2026-09-07 06:52:30.361728,15.27581722,0.00014257,43.0032,96.4448,272.4670,87.6018,0,U,59656,999,13214,0.00001298303400,0.00000095,0.0000000000000,6861.181,94.267,484.024,482.068,PAYLOAD,LARGE,US,2024-05-06,AFETR,,5358992,346462001,0 STARLINK-31912,1 59656U 24084C   26250.28646252  .00000095  00000-0  12983-4 0  9990,2 59656  43.0032  96.4448 0001426 272.4670  87.6018 15.27581722132142
3.0,GENERATED VIA SPACE-TRACK.ORG API,2026-09-07T09:58:26,18 SPCS,STARLINK-30977,2023-183Y,EARTH,TEME,UTC,SGP4,2026-09-07 06:54:20.310912,15.27576706,0.00008609,43.0049,96.3632,278.7532,81.3222,0,U,58459,999,15450,0.00003094505400,0.00000590,0.0000000000000,6861.196,94.267,483.652,482.470,PAYLOAD,LARGE,US,2023-11-28,AFETR,,5358992,346461522,0 STARLINK-30977,1 58459U 23183Y   26250.28773508  .00000590  00000-0  30945-4 0  9992,2 58459  43.0049  96.3632 0000861 278.7532  81.3222 15.27576706154500
3.0,GENERATED VIA SPACE-TRACK.ORG API,2026-09-07T09:58:26,18 SPCS,STARLINK-36649,2026-033S,EARTH,TEME,UTC,SGP4,2026-09-07 06:56:19.190400,15.27586008,0.00010088,42.9997,321.7897,206.8423,153.2376,0,U,67837,999,3244,0.00035581708000,0.00009544,0.0000000000000,6861.168,94.266,483.725,482.341,PAYLOAD,LARGE,US,2026-02-16,AFETR,,5358992,346469685,0 STARLINK-36649,1 67837U 26033S   26250.28911100  .00009544  00000-0  35582-3 0  9990,2 67837  42.9997 321.7897 0001009 206.8423 153.2376 15.27586008 32447
3.0,GENERATED VIA SPACE-TRACK.ORG API,2026-09-07T09:58:26,18 SPCS,STARLINK-31440,2024-036B,EARTH,TEME,UTC,SGP4,2026-09-07 06:58:31.528416,15.34358290,0.00010967,53.1591,313.4457,90.1348,269.9780,0,U,58999,999,14233,-0.00023851364000,-0.00008415,0.0000000000000,6840.964,93.850,463.579,462.079,PAYLOAD,LARGE,US,2024-02-23,AFWTR,,5358992,346462231,0 STARLINK-31440,1 58999U 24036B   26250.29064269 -.00008415  00000-0 -23851-3 0  9990,2 58999  53.1591 313.4457 0001097  90.1348 269.9780 15.34358290142339
3.0,GENERATED VIA SPACE-TRACK.ORG API,2026-09-07T09:58:26,18 SPCS,STARLINK-35588,2025-259C,EARTH,TEME,UTC,SGP4,2026-09-07 06:58:39.525600,15.27590210,0.00015584,43.0017,328.8679,253.1817,106.8864,0,U,66424,999,4726,0.00039543279000,0.00010638,0.0000000000000,6861.156,94.266,484.090,481.951,PAYLOAD,LARGE,US,2025-11-11,AFETR,,5358992,346468510,0 STARLINK-35588,1 66424U 25259C   26250.29073525  .00010638  00000-0  39543-3 0  9998,2 66424  43.0017 328.8679 0001558 253.1817 106.8864 15.27590210 47262
3.0,GENERATED VIA SPACE-TRACK.ORG API,2026-09-07T09:58:26,18 SPCS,STARLINK-5777,2023-042AT,EARTH,TEME,UTC,SGP4,2026-09-07 06:59:02.584896,15.27574540,0.00011866,43.0035,99.2485,265.9928,94.0788,0,U,56027,999,19081,0.00000022272800,-0.00000256,0.0000000000000,6861.202,94.267,483.882,482.253,PAYLOAD,LARGE,US,2023-03-24,AFETR,,5358992,346460102,0 STARLINK-5777,1 56027U 23042AT  26250.29100214 -.00000256  00000-0  22273-6 0  9991,2 56027  43.0035  99.2485 0001187 265.9928  94.0788 15.27574540190817
3.0,GENERATED VIA SPACE-TRACK.ORG API,2026-09-07T17:20:58,18 SPCS,STARLINK-30971,2023-183G,EARTH,TEME,UTC,SGP4,2026-09-07 06:59:54.264192,15.27568805,0.00001792,43.0010,96.3911,122.8674,237.2195,0,U,58443,999,15450,-0.00002640805600,-0.00000988,0.0000000000000,6861.220,94.267,483.208,482.962,PAYLOAD,LARGE,US,2023-11-28,AFETR,,5359051,346496971,0 STARLINK-30971,1 58443U 23183G   26250.29160028 -.00000988  00000-0 -26408-4 0  9995,2 58443  43.0010  96.3911 0000179 122.8674 237.2195 15.27568805154501
3.0,GENERATED VIA SPACE-TRACK.ORG API,2026-09-07T09:58:26,18 SPCS,STARLINK-31855,2024-097D,EARTH,TEME,UTC,SGP4,2026-09-07 07:00:25.026048,15.27593573,0.00013141,42.9992,328.4872,205.4380,154.6407,0,U,59838,999,12969,0.00045091119000,0.00012172,0.0000000000000,6861.145,94.266,483.912,482.109,PAYLOAD,LARGE,US,2024-05-23,AFETR,,5358992,346462574,0 STARLINK-31855,1 59838U 24097D   26250.29195632  .00012172  00000-0  45091-3 0  9992,2 59838  42.9992 328.4872 0001314 205.4380 154.6407 15.27593573129696
3.0,GENERATED VIA SPACE-TRACK.ORG API,2026-09-07T17:20:58,18 SPCS,STARLINK-5783,2023-042AN,EARTH,TEME,UTC,SGP4,2026-09-07 07:00:54.070272,15.27582584,0.00002054,42.9955,99.2572,168.8981,191.1875,0,U,56022,999,19081,0.00002099006700,0.00000316,0.0000000000000,6861.178,94.267,483.184,482.902,PAYLOAD,LARGE,US,2023-03-24,AFETR,,5359051,346495556,0 STARLINK-5783,1 56022U 23042AN  26250.29229248  .00000316  00000-0  20990-4 0  9993,2 56022  42.9955  99.2572 0000205 168.8981 191.1875 15.27582584190811
3.0,GENERATED VIA SPACE-TRACK.ORG API,2026-09-07T09:58:26,18 SPCS,STARLINK-30125,2023-067P,EARTH,TEME,UTC,SGP4,2026-09-07 07:01:14.424384,15.27570552,0.00014906,43.0041,325.4895,266.5248,93.5434,0,U,56701,999,18347,0.00004258869400,0.00000910,0.0000000000000,6861.214,94.267,484.102,482.057,PAYLOAD,LARGE,US,2023-05-19,AFETR,,5358992,346459864,0 STARLINK-30125,1 56701U 23067P   26250.29252806  .00000910  00000-0  42589-4 0  9998,2 56701  43.0041 325.4895 0001491 266.5248  93.5434 15.27570552183477
3.0,GENERATED VIA SPACE-TRACK.ORG API,2026-09-07T17:20:58,18 SPCS,STARLINK-31776,2024-080C,EARTH,TEME,UTC,SGP4,2026-09-07 07:03:29.981664,15.27577784,0.00008128,43.0030,96.0248,267.3512,92.7246,0,U,59603,999,13226,0.00000718909700,-0.00000064,0.0000000000000,6861.193,94.267,483.615,482.500,PAYLOAD,LARGE,US,2024-04-28,AFETR,,5359051,346497935,0 STARLINK-31776,1 59603U 24080C   26250.29409701 -.00000064  00000-0  71891-5 0  9996,2 59603  43.0030  96.0248 0000813 267.3512  92.7246 15.27577784132269
3.0,GENERATED VIA SPACE-TRACK.ORG API,2026-09-07T09:58:26,18 SPCS,STARLINK-35474,2025-259R,EARTH,TEME,UTC,SGP4,2026-09-07 07:04:12.835200,15.27584709,0.00013959,42.9948,328.8819,215.4883,144.5876,0,U,66437,999,4726,0.00049758767000,0.00013458,0.0000000000000,6861.172,94.266,483.995,482.079,PAYLOAD,LARGE,US,2025-11-11,AFETR,,5358992,346468017,0 STARLINK-35474,1 66437U 25259R   26250.29459300  .00013458  00000-0  49759-3 0  9994,2 66437  42.9948 328.8819 0001396 215.4883 144.5876 15.27584709 47265
3.0,GENERATED VIA SPACE-TRACK.ORG API,2026-09-07T09:58:26,18 SPCS,STARLINK-31947,2024-097A,EARTH,TEME,UTC,SGP4,2026-09-07 07:05:58.621632,15.27577092,0.00013163,43.0020,328.5325,254.8081,105.2626,0,U,59835,999,12969,0.00001417231900,0.00000128,0.0000000000000,6861.195,94.267,483.963,482.157,PAYLOAD,LARGE,US,2024-05-23,AFETR,,5358992,346463072,0 STARLINK-31947,1 59835U 24097A   26250.29581738  .00000128  00000-0  14172-4 0  9990,2 59835  43.0020 328.5325 0001316 254.8081 105.2626 15.27577092129692
3.0,GENERATED VIA SPACE-TRACK.ORG API,2026-09-07T09:58:26,18 SPCS,STARLINK-11576,2025-031N,EARTH,TEME,UTC,SGP4,2026-09-07 07:09:54.246528,15.70952456,0.00019183,43.0009,346.8772,249.6515,110.4146,0,U,62993,999,9129,0.00146983480000,0.00193521,0.0000000000000,6734.311,91.664,357.467,354.884,PAYLOAD,LARGE,US,2025-02-11,AFETR,,5358992,346464906,0 STARLINK-11576,1 62993U 25031N   26250.29854452  .00193521  00000-0  14698-2 0  9995,2 62993  43.0009 346.8772 0001918 249.6515 110.4146 15.70952456 91297
3.0,GENERATED VIA SPACE-TRACK.ORG API,2026-09-07T17:20:58,18 SPCS,STARLINK-31851,2024-097K,EARTH,TEME,UTC,SGP4,2026-09-07 07:11:31.838784,15.27575019,0.00014334,43.0019,328.5594,268.4970,91.5718,0,U,59844,999,12969,-0.00000840181000,-0.00000493,0.0000000000000,6861.201,94.267,484.050,482.083,PAYLOAD,LARGE,US,2024-05-23,AFETR,,5359051,346499032,0 STARLINK-31851,1 59844U 24097K   26250.29967406 -.00000493  00000-0 -84018-5 0  9994,2 59844  43.0019 328.5594 0001433 268.4970  91.5718 15.27575019129692
3.0,GENERATED VIA SPACE-TRACK.ORG API,2026-09-07T09:58:26,18 SPCS,STARLINK-35334,2025-259AE,EARTH,TEME,UTC,SGP4,2026-09-07 07:13:27.782400,15.27586091,0.00012667,43.0000,328.9318,266.7625,93.3082,0,U,66450,999,4726,0.00022242360000,0.00005865,0.0000000000000,6861.168,94.266,483.902,482.164,PAYLOAD,LARGE,US,2025-11-11,AFETR,,5358992,346468523,0 STARLINK-35334,1 66450U 25259AE  26250.30101600  .00005865  00000-0  22242-3 0  9999,2 66450  43.0000 328.9318 0001267 266.7625  93.3082 15.27586091 47262
3.0,GENERATED VIA SPACE-TRACK.ORG API,2026-09-07T17:20:58,18 SPCS,STARLINK-34986,2025-259AA,EARTH,TEME,UTC,SGP4,2026-09-07 07:15:18.744192,15.27592073,0.00022745,43.0022,328.9476,277.1387,82.9206,0,U,66446,999,4726,0.00010609917000,0.00002659,0.0000000000000,6861.150,94.266,484.576,481.454,PAYLOAD,LARGE,US,2025-11-11,AFETR,,5359051,346504477,0 STARLINK-34986,1 66446U 25259AA  26250.30230028  .00002659  00000-0  10610-3 0  9995,2 66446  43.0022 328.9476 0002275 277.1387  82.9206 15.27592073 47266
3.0,GENERATED VIA SPACE-TRACK.ORG API,2026-09-07T09:58:26,18 SPCS,STARLINK-31895,2024-097Q,EARTH,TEME,UTC,SGP4,2026-09-07 07:17:04.487424,15.27583456,0.00017873,42.9994,328.5857,277.1662,82.8986,0,U,59849,999,12969,0.00023370701000,0.00006175,0.0000000000000,6861.176,94.267,484.267,481.814,PAYLOAD,LARGE,US,2024-05-23,AFETR,,5358992,346462579,0 STARLINK-31895,1 59849U 24097Q   26250.30352416  .00006175  00000-0  23371-3 0  9994,2 59849  42.9994 328.5857 0001787 277.1662  82.8986 15.27583456129690
3.0,GENERATED VIA SPACE-TRACK.ORG API,2026-09-07T09:58:26,18 SPCS,STARLINK-35833,2025-265AC,EARTH,TEME,UTC,SGP4,2026-09-07 07:18:23.717952,15.27595055,0.00013564,42.9964,332.7342,249.6614,110.4092,0,U,66542,999,4488,0.00045569936000,0.00012305,0.0000000000000,6861.141,94.266,483.937,482.075,PAYLOAD,LARGE,US,2025-11-19,AFETR,,5358992,346468569,0 STARLINK-35833,1 66542U 25265AC  26250.30444118  .00012305  00000-0  45570-3 0  9998,2 66542  42.9964 332.7342 0001356 249.6614 110.4092 15.27595055 44885
3.0,GENERATED VIA SPACE-TRACK.ORG API,2026-09-07T17:20:58,18 SPCS,STARLINK-31584,2024-098E,EARTH,TEME,UTC,SGP4,2026-09-07 07:20:06.613440,15.27578603,0.00012809,43.0022,332.1858,261.5637,98.5069,0,U,59862,999,12962,0.00002057348500,0.00000304,0.0000000000000,6861.190,94.267,483.934,482.176,PAYLOAD,LARGE,US,2024-05-24,AFETR,,5359051,346499040,0 STARLINK-31584,1 59862U 24098E   26250.30563210  .00000304  00000-0  20573-4 0  9996,2 59862  43.0022 332.1858 0001281 261.5637  98.5069 15.27578603129626
3.0,GENERATED VIA SPACE-TRACK.ORG API,2026-09-07T17:20:58,18 SPCS,STARLINK-33774,2025-087AA,EARTH,TEME,UTC,SGP4,2026-09-07 07:21:28.594080,15.31711619,0.00015079,53.1613,94.7103,87.5670,272.5504,0,U,63721,999,7702,0.00033614848000,0.00010084,0.0000000000000,6848.842,94.012,471.740,469.675,PAYLOAD,LARGE,US,2025-04-28,AFWTR,,5359051,346501675,0 STARLINK-33774,1 63721U 25087AA  26250.30658095  .00010084  00000-0  33615-3 0  9996,2 63721  53.1613  94.7103 0001508  87.5670 272.5504 15.31711619 77027
3.0,GENERATED VIA SPACE-TRACK.ORG API,2026-09-07T17:20:58,18 SPCS,STARLINK-3812,2022-045R,EARTH,TEME,UTC,SGP4,2026-09-07 07:22:31.972800,15.31703701,0.00012350,53.1600,95.1995,84.5005,275.6137,0,U,52346,999,24331,0.00002676637200,0.00000466,0.0000000000000,6848.866,94.013,471.577,469.885,PAYLOAD,LARGE,US,2022-04-29,AFETR,,5359051,346492821,0 STARLINK-3812,1 52346U 22045R   26250.30731450  .00000466  00000-0  26766-4 0  9998,2 52346  53.1600  95.1995 0001235  84.5005 275.6137 15.31703701243310
3.0,GENERATED VIA SPACE-TRACK.ORG API,2026-09-07T17:20:58,18 SPCS,STARLINK-32547,2024-207H,EARTH,TEME,UTC,SGP4,2026-09-07 07:30:29.865024,15.27592155,0.00014995,42.9939,335.6203,204.0159,156.0622,0,U,61919,999,10249,0.00049581619000,0.00013412,0.0000000000000,6861.150,94.266,484.044,481.986,PAYLOAD,LARGE,US,2024-11-11,AFETR,,5359051,346499885,0 STARLINK-32547,1 61919U 24207H   26250.31284566  .00013412  00000-0  49582-3 0  9993,2 61919  42.9939 335.6203 0001500 204.0159 156.0622 15.27592155102493
3.0,GENERATED VIA SPACE-TRACK.ORG API,2026-09-07T09:58:26,18 SPCS,STARLINK-30883,2023-171Y,EARTH,TEME,UTC,SGP4,2026-09-07 07:31:42.815136,15.27577236,0.00017644,43.0056,339.3281,264.9466,95.1185,0,U,58252,999,15751,0.00002324012400,0.00000377,0.0000000000000,6861.194,94.267,484.270,481.849,PAYLOAD,LARGE,US,2023-11-08,AFETR,,5358992,346461448,0 STARLINK-30883,1 58252U 23171Y   26250.31368999  .00000377  00000-0  23240-4 0  9991,2 58252  43.0056 339.3281 0001764 264.9466  95.1185 15.27577236157519
3.0,GENERATED VIA SPACE-TRACK.ORG API,2026-09-07T09:58:26,18 SPCS,STARLINK-32622,2024-207R,EARTH,TEME,UTC,SGP4,2026-09-07 07:32:20.691168,15.27586935,0.00012688,42.9993,335.6360,216.5106,143.5659,0,U,61927,999,10250,0.00031558428000,0.00008434,0.0000000000000,6861.165,94.266,483.901,482.160,PAYLOAD,LARGE,US,2024-11-11,AFETR,,5358992,346463933,0 STARLINK-32622,1 61927U 24207R   26250.31412837  .00008434  00000-0  31558-3 0  9998,2 61927  42.9993 335.6360 0001269 216.5106 143.5659 15.27586935102500
3.0,GENERATED VIA SPACE-TRACK.ORG API,2026-09-07T17:20:58,18 SPCS,STARLINK-30850,2023-171T,EARTH,TEME,UTC,SGP4,2026-09-07 07:46:29.957376,15.27595812,0.00016318,43.0037,339.4129,262.6574,97.4093,0,U,58247,999,15751,0.00002197454700,0.00000343,0.0000000000000,6861.139,94.266,484.123,481.884,PAYLOAD,LARGE,US,2023-11-08,AFETR,,5359051,346496902,0 STARLINK-30850,1 58247U 23171T   26250.32395784  .00000343  00000-0  21975-4 0  9994,2 58247  43.0037 339.4129 0001632 262.6574  97.4093 15.27595812157516
3.0,GENERATED VIA SPACE-TRACK.ORG API,2026-09-07T17:20:58,18 SPCS,STARLINK-6142,2023-090N,EARTH,TEME,UTC,SGP4,2026-09-07 07:47:06.894240,15.27575854,0.00014252,43.0001,335.5573,263.2781,96.7908,0,U,57113,999,17811,0.00000132058900,-0.00000226,0.0000000000000,6861.199,94.267,484.041,482.086,PAYLOAD,LARGE,US,2023-06-23,AFETR,,5359051,346496447,0 STARLINK-6142,1 57113U 23090N   26250.32438535 -.00000226  00000-0  13206-5 0  9997,2 57113  43.0001 335.5573 0001425 263.2781  96.7908 15.27575854178115
3.0,GENERATED VIA SPACE-TRACK.ORG API,2026-09-07T17:20:58,18 SPCS,STARLINK-32694,2025-003H,EARTH,TEME,UTC,SGP4,2026-09-07 07:49:31.221984,15.27588338,0.00011344,43.0007,342.9090,246.7370,113.3363,0,U,62494,999,9445,0.00033515966000,0.00008974,0.0000000000000,6861.161,94.266,483.804,482.248,PAYLOAD,LARGE,US,2025-01-06,AFETR,,5359051,346500639,0 STARLINK-32694,1 62494U 25003H   26250.32605581  .00008974  00000-0  33516-3 0  9999,2 62494  43.0007 342.9090 0001134 246.7370 113.3363 15.27588338 94458
3.0,GENERATED VIA SPACE-TRACK.ORG API,2026-09-07T17:20:58,18 SPCS,STARLINK-30434,2023-144M,EARTH,TEME,UTC,SGP4,2026-09-07 07:50:16.078272,15.27578280,0.00015486,43.0028,339.6556,277.6297,82.4379,0,U,57875,999,16542,0.00004054223000,0.00000853,0.0000000000000,6861.191,94.267,484.119,481.994,PAYLOAD,LARGE,US,2023-09-16,AFETR,,5359051,346496738,0 STARLINK-30434,1 57875U 23144M   26250.32657498  .00000853  00000-0  40542-4 0  9990,2 57875  43.0028 339.6556 0001549 277.6297  82.4379 15.27578280165423
3.0,GENERATED VIA SPACE-TRACK.ORG API,2026-09-07T17:20:58,18 SPCS,STARLINK-5257,2023-010AZ,EARTH,TEME,UTC,SGP4,2026-09-07 07:59:47.102784,14.98333484,0.00040274,69.9980,266.3640,272.6139,87.4559,0,U,55316,999,20185,0.00002717638400,0.00000231,0.0000000000000,6950.182,96.107,574.846,569.248,PAYLOAD,LARGE,US,2023-01-19,AFWTR,,5359051,346494787,0 STARLINK-5257,1 55316U 23010AZ  26250.33318406  .00000231  00000-0  27176-4 0  9992,2 55316  69.9980 266.3640 0004027 272.6139  87.4559 14.98333484201854
3.0,GENERATED VIA SPACE-TRACK.ORG API,2026-09-07T09:58:26,18 SPCS,STARLINK-4338,2022-077N,EARTH,TEME,UTC,SGP4,2026-09-07 08:00:01.999872,15.26839643,0.00016636,97.2853,66.1845,85.5123,63.9509,0,U,53055,999,569,0.02698862300000,0.00766324,0.0000000000000,6863.404,94.312,486.411,484.127,PAYLOAD,LARGE,US,2022-07-11,AFWTR,,5358992,346457568,0 STARLINK-4338,1 53055U 22077N   26250.33335648  .00766324  00000-0  26989-1 0  9999,2 53055  97.2853  66.1845 0001664  85.5123  63.9509 15.26839643  5694
3.0,GENERATED VIA SPACE-TRACK.ORG API,2026-09-07T09:58:26,18 SPCS,STARLINK-4328,2022-077AE,EARTH,TEME,UTC,SGP4,2026-09-07 08:00:01.999872,15.27605424,0.00016970,97.2853,66.2946,87.6990,79.8104,0,U,53071,999,574,0.02553869400000,0.00740123,0.0000000000000,6861.110,94.265,484.139,481.811,PAYLOAD,LARGE,US,2022-07-11,AFWTR,,5358992,346458075,0 STARLINK-4328,1 53071U 22077AE  26250.33335648  .00740123  00000-0  25539-1 0  9996,2 53071  97.2853  66.2946 0001697  87.6990  79.8104 15.27605424  5748
3.0,GENERATED VIA SPACE-TRACK.ORG API,2026-09-07T17:20:58,18 SPCS,STARLINK-32749,2025-003X,EARTH,TEME,UTC,SGP4,2026-09-07 08:00:37.204416,15.27591177,0.00016512,43.0007,342.9666,269.7167,90.3496,0,U,62508,999,9433,0.00039777124000,0.00010703,0.0000000000000,6861.153,94.266,484.151,481.885,PAYLOAD,LARGE,US,2025-01-06,AFETR,,5359051,346500646,0 STARLINK-32749,1 62508U 25003X   26250.33376394  .00010703  00000-0  39777-3 0  9991,2 62508  43.0007 342.9666 0001651 269.7167  90.3496 15.27591177 94339
3.0,GENERATED VIA SPACE-TRACK.ORG API,2026-09-07T17:20:58,18 SPCS,STARLINK-32766,2025-006W,EARTH,TEME,UTC,SGP4,2026-09-07 08:07:23.020896,15.27589800,0.00016589,43.0023,346.6992,261.3967,98.6696,0,U,62574,999,9264,0.00042214578000,0.00011376,0.0000000000000,6861.157,94.266,484.160,481.884,PAYLOAD,LARGE,US,2025-01-10,AFETR,,5359051,346500668,0 STARLINK-32766,1 62574U 25006W   26250.33846089  .00011376  00000-0  42215-3 0  9998,2 62574  43.0023 346.6992 0001659 261.3967  98.6696 15.27589800 92642
3.0,GENERATED VIA SPACE-TRACK.ORG API,2026-09-07T17:20:58,18 SPCS,STARLINK-34880,2025-189E,EARTH,TEME,UTC,SGP4,2026-09-07 08:24:35.393760,15.34402513,0.00016045,53.1599,81.2686,123.3522,236.7634,0,U,65327,999,5894,0.00031131493000,0.00010157,0.0000000000000,6840.833,93.848,463.795,461.600,PAYLOAD,LARGE,US,2025-08-27,AFETR,,5359051,346502942,0 STARLINK-34880,1 65327U 25189E   26250.35040965  .00010157  00000-0  31131-3 0  9991,2 65327  53.1599  81.2686 0001605 123.3522 236.7634 15.34402513 58943
3.0,GENERATED VIA SPACE-TRACK.ORG API,2026-09-07T17:20:58,18 SPCS,STARLINK-35763,2025-298Q,EARTH,TEME,UTC,SGP4,2026-09-07 08:27:14.450976,14.98337950,0.00039971,69.9995,276.6239,267.5710,92.4991,0,U,67089,999,4042,0.00022465948000,0.00002589,0.0000000000000,6950.168,96.106,574.811,569.255,PAYLOAD,LARGE,US,2025-12-14,AFWTR,,5359051,346504787,0 STARLINK-35763,1 67089U 25298Q   26250.35225059  .00002589  00000-0  22466-3 0  9999,2 67089  69.9995 276.6239 0003997 267.5710  92.4991 14.98337950 40423
3.0,GENERATED VIA SPACE-TRACK.ORG API,2026-09-07T17:20:58,18 SPCS,STARLINK-2742,2021-044BC,EARTH,TEME,UTC,SGP4,2026-09-07 10:15:08.165376,15.31705757,0.00012245,53.1600,299.4381,88.3480,271.7662,0,U,48688,999,29234,0.00002920832400,0.00000541,0.0000000000000,6848.860,94.013,471.563,469.886,PAYLOAD,LARGE,US,2021-05-26,AFETR,,5359051,346491732,0 STARLINK-2742,1 48688U 21044BC  26250.42717784  .00000541  00000-0  29208-4 0  9995,2 48688  53.1600 299.4381 0001224  88.3480 271.7662 15.31705757292349
3.0,GENERATED VIA SPACE-TRACK.ORG API,2026-09-07T17:20:58,18 SPCS,STARLINK-37330,2026-196AB,EARTH,TEME,UTC,SGP4,2026-09-07 10:56:03.401952,15.80013421,0.00013084,53.1588,307.0098,240.8550,119.2341,0,U,100498,999,329,-0.00284492880000,-0.00509747,0.0000000000000,6708.540,91.138,331.282,329.527,PAYLOAD,,US,2026-08-25,AFETR,,5359051,346485169,0 STARLINK-37330,1 A0498U 26196AB  26250.45559493 -.00509747  00000-0 -28449-2 0  9997,2 A0498  53.1588 307.0098 0001308 240.8550 119.2341 15.80013421  3296
3.0,GENERATED VIA SPACE-TRACK.ORG API,2026-09-07T17:20:58,18 SPCS,STARLINK-3913,2022-049AL,EARTH,TEME,UTC,SGP4,2026-09-07 10:58:18.124608,15.33552465,0.00011229,53.1607,304.6764,77.0219,283.0909,0,U,52485,999,23994,-0.00002636195100,-0.00001240,0.0000000000000,6843.360,93.900,465.994,464.457,PAYLOAD,LARGE,US,2022-05-06,AFETR,,5359051,346492854,0 STARLINK-3913,1 52485U 22049AL  26250.45715422 -.00001240  00000-0 -26362-4 0  9998,2 52485  53.1607 304.6764 0001123  77.0219 283.0909 15.33552465239948
3.0,GENERATED VIA SPACE-TRACK.ORG API,2026-09-07T17:20:58,18 SPCS,STARLINK-31967,2024-111F,EARTH,TEME,UTC,SGP4,2026-09-07 10:59:03.631488,15.34386865,0.00009302,53.1604,307.0293,76.8636,283.2470,0,U,60021,999,12693,0.00001098760000,-0.00000005,0.0000000000000,6840.879,93.849,463.381,462.108,PAYLOAD,LARGE,US,2024-06-08,AFETR,,5359051,346499112,0 STARLINK-31967,1 60021U 24111F   26250.45768092 -.00000005  00000-0  10988-4 0  9990,2 60021  53.1604 307.0293 0000930  76.8636 283.2470 15.34386865126938
3.0,GENERATED VIA SPACE-TRACK.ORG API,2026-09-07T17:20:58,18 SPCS,STARLINK-30437,2023-156J,EARTH,TEME,UTC,SGP4,2026-09-07 11:07:46.180416,15.31699881,0.00008308,53.1602,313.5348,79.0228,281.0867,0,U,58036,999,16410,0.00003025174500,0.00000574,0.0000000000000,6848.877,94.013,471.311,470.173,PAYLOAD,LARGE,US,2023-10-09,AFWTR,,5359051,346496806,0 STARLINK-30437,1 58036U 23156J   26250.46372894  .00000574  00000-0  30252-4 0  9999,2 58036  53.1602 313.5348 0000831  79.0228 281.0867 15.31699881164103
3.0,GENERATED VIA SPACE-TRACK.ORG API,2026-09-07T17:20:58,18 SPCS,STARLINK-31986,2024-111D,EARTH,TEME,UTC,SGP4,2026-09-07 11:11:51.547776,15.34391344,0.00013724,53.1617,310.6333,85.2689,274.8471,0,U,60019,999,12688,0.00005004485600,0.00001314,0.0000000000000,6840.866,93.848,463.670,461.792,PAYLOAD,LARGE,US,2024-06-08,AFETR,,5359051,346499111,0 STARLINK-31986,1 60019U 24111D   26250.46656884  .00001314  00000-0  50045-4 0  9994,2 60019  53.1617 310.6333 0001372  85.2689 274.8471 15.34391344126886
3.0,GENERATED VIA SPACE-TRACK.ORG API,2026-09-07T17:20:58,18 SPCS,STARLINK-30438,2023-156H,EARTH,TEME,UTC,SGP4,2026-09-07 11:14:29.650272,15.31699389,0.00014607,53.1631,313.5687,94.7091,265.4077,0,U,58035,999,16410,0.00001218618200,0.00000013,0.0000000000000,6848.879,94.013,471.744,469.743,PAYLOAD,LARGE,US,2023-10-09,AFWTR,,5359051,346497305,0 STARLINK-30438,1 58035U 23156H   26250.46839873  .00000013  00000-0  12186-4 0  9997,2 58035  53.1631 313.5687 0001461  94.7091 265.4077 15.31699389164104
3.0,GENERATED VIA SPACE-TRACK.ORG API,2026-09-07T17:20:58,18 SPCS,STARLINK-31918,2024-111X,EARTH,TEME,UTC,SGP4,2026-09-07 11:14:53.071584,15.34369694,0.00012273,53.1593,310.6431,88.6416,271.4727,0,U,60037,999,12680,0.00027312556000,0.00008854,0.0000000000000,6840.930,93.850,463.635,461.956,PAYLOAD,LARGE,US,2024-06-08,AFETR,,5359051,346499119,0 STARLINK-31918,1 60037U 24111X   26250.46866981  .00008854  00000-0  27313-3 0  9992,2 60037  53.1593 310.6431 0001227  88.6416 271.4727 15.34369694126804
3.0,GENERATED VIA SPACE-TRACK.ORG API,2026-09-07T17:20:58,18 SPCS,STARLINK-31529,2024-036C,EARTH,TEME,UTC,SGP4,2026-09-07 11:17:51.137664,15.34384850,0.00014196,53.1588,310.3174,85.4123,274.7042,0,U,59000,999,14312,-0.00005660912100,-0.00002287,0.0000000000000,6840.885,93.849,463.721,461.779,PAYLOAD,LARGE,US,2024-02-23,AFWTR,,5359051,346497688,0 STARLINK-31529,1 59000U 24036C   26250.47073076 -.00002287  00000-0 -56609-4 0  9999,2 59000  53.1588 310.3174 0001420  85.4123 274.7042 15.34384850143123
3.0,GENERATED VIA SPACE-TRACK.ORG API,2026-09-07T17:20:58,18 SPCS,STARLINK-32168,2024-136G,EARTH,TEME,UTC,SGP4,2026-09-07 11:20:58.223040,15.34398598,0.00015764,53.1583,310.7889,93.6951,266.4232,0,U,60335,999,11750,0.00042263876000,0.00013929,0.0000000000000,6840.844,93.848,463.788,461.631,PAYLOAD,LARGE,US,2024-08-02,AFETR,,5359051,346498735,0 STARLINK-32168,1 60335U 24136G   26250.47289610  .00013929  00000-0  42264-3 0  9990,2 60335  53.1583 310.7889 0001576  93.6951 266.4232 15.34398598117506
3.0,GENERATED VIA SPACE-TRACK.ORG API,2026-09-07T17:20:58,18 SPCS,STARLINK-30066,2023-067S,EARTH,TEME,UTC,SGP4,2026-09-07 11:21:29.412576,15.27580850,0.00014280,43.0038,324.2429,280.8761,79.1930,0,U,56704,999,18350,0.00003101619500,0.00000591,0.0000000000000,6861.184,94.267,484.028,482.069,PAYLOAD,LARGE,US,2023-05-19,AFETR,,5359051,346496321,0 STARLINK-30066,1 56704U 23067S   26250.47325709  .00000591  00000-0  31016-4 0  9992,2 56704  43.0038 324.2429 0001428 280.8761  79.1930 15.27580850183502
3.0,GENERATED VIA SPACE-TRACK.ORG API,2026-09-07T17:20:58,18 SPCS,STARLINK-30160,2023-105M,EARTH,TEME,UTC,SGP4,2026-09-07 11:21:59.773536,15.27581353,0.00014664,43.0027,320.0242,267.5417,92.5266,0,U,57441,999,17314,0.00002892463900,0.00000534,0.0000000000000,6861.182,94.267,484.053,482.041,PAYLOAD,LARGE,US,2023-07-24,AFETR,,5359051,346497061,0 STARLINK-30160,1 57441U 23105M   26250.47360849  .00000534  00000-0  28925-4 0  9990,2 57441  43.0027 320.0242 0001466 267.5417  92.5266 15.27581353173147
3.0,GENERATED VIA SPACE-TRACK.ORG API,2026-09-07T17:20:58,18 SPCS,STARLINK-3828,2022-049U,EARTH,TEME,UTC,SGP4,2026-09-07 11:23:52.485792,15.33551263,0.00010573,53.1594,314.6466,84.1014,276.0109,0,U,52469,999,23980,0.00002750479400,0.00000532,0.0000000000000,6843.364,93.900,465.953,464.505,PAYLOAD,LARGE,US,2022-05-06,AFETR,,5359051,346492847,0 STARLINK-3828,1 52469U 22049U   26250.47491303  .00000532  00000-0  27505-4 0  9992,2 52469  53.1594 314.6466 0001057  84.1014 276.0109 15.33551263239807
3.0,GENERATED VIA SPACE-TRACK.ORG API,2026-09-07T17:20:58,18 SPCS,STARLINK-37980,2026-183M,EARTH,TEME,UTC,SGP4,2026-09-07 11:25:11.498592,15.79865717,0.00012648,53.1590,321.1745,88.2784,271.8383,0,U,100283,999,426,0.00112378270000,0.00216506,0.0000000000000,6708.958,91.147,331.671,329.974,PAYLOAD,LARGE,US,2026-08-11,AFETR,,5359051,346485073,0 STARLINK-37980,1 A0283U 26183M   26250.47582753  .00216506  00000-0  11238-2 0  9996,2 A0283  53.1590 321.1745 0001265  88.2784 271.8383 15.79865717  4262
3.0,GENERATED VIA SPACE-TRACK.ORG API,2026-09-07T17:20:58,18 SPCS,STARLINK-32665,2024-229M,EARTH,TEME,UTC,SGP4,2026-09-07 11:30:41.400576,15.27581688,0.00017874,43.0017,324.0767,280.4886,79.5764,0,U,62203,999,9836,0.00025470017000,0.00006753,0.0000000000000,6861.181,94.267,484.272,481.820,PAYLOAD,LARGE,US,2024-12-04,AFETR,,5359051,346500518,0 STARLINK-32665,1 62203U 24229M   26250.47964584  .00006753  00000-0  25470-3 0  9996,2 62203  43.0017 324.0767 0001787 280.4886  79.5764 15.27581688 98363
3.0,GENERATED VIA SPACE-TRACK.ORG API,2026-09-07T17:20:58,18 SPCS,STARLINK-32681,2025-003V,EARTH,TEME,UTC,SGP4,2026-09-07 11:32:27.625920,15.27580612,0.00017078,43.0029,323.7631,278.6660,81.3998,0,U,62506,999,9468,0.00022668912000,0.00005981,0.0000000000000,6861.184,94.267,484.221,481.878,PAYLOAD,LARGE,US,2025-01-06,AFETR,,5359051,346500645,0 STARLINK-32681,1 62506U 25003V   26250.48087530  .00005981  00000-0  22669-3 0  9990,2 62506  43.0029 323.7631 0001708 278.6660  81.3998 15.27580612 94687
3.0,GENERATED VIA SPACE-TRACK.ORG API,2026-09-07T17:20:58,18 SPCS,STARLINK-32075,2024-136S,EARTH,TEME,UTC,SGP4,2026-09-07 11:33:06.303744,15.34373490,0.00013434,53.1600,310.8365,94.9773,265.1383,0,U,60345,999,11750,0.00014577944000,0.00004548,0.0000000000000,6840.919,93.849,463.703,461.865,PAYLOAD,LARGE,US,2024-08-02,AFETR,,5359051,346499239,0 STARLINK-32075,1 60345U 24136S   26250.48132296  .00004548  00000-0  14578-3 0  9993,2 60345  53.1600 310.8365 0001343  94.9773 265.1383 15.34373490117502
3.0,GENERATED VIA SPACE-TRACK.ORG API,2026-09-07T17:20:58,18 SPCS,STARLINK-3839,2022-049AF,EARTH,TEME,UTC,SGP4,2026-09-07 11:33:33.405696,15.35396806,0.00012399,53.1604,314.2850,79.2238,280.8905,0,U,52480,999,23981,0.00001243008100,0.00000053,0.0000000000000,6837.879,93.787,460.592,458.896,PAYLOAD,LARGE,US,2022-05-06,AFETR,,5359051,346492852,0 STARLINK-3839,1 52480U 22049AF  26250.48163664  .00000053  00000-0  12430-4 0  9991,2 52480  53.1604 314.2850 0001240  79.2238 280.8905 15.35396806239812
3.0,GENERATED VIA SPACE-TRACK.ORG API,2026-09-07T17:20:58,18 SPCS,STARLINK-4297,2022-101S,EARTH,TEME,UTC,SGP4,2026-09-07 11:34:34.752288,15.34390314,0.00012320,53.1599,314.2766,86.4263,273.6880,0,U,53543,999,22462,0.00001864619100,0.00000254,0.0000000000000,6840.869,93.848,463.577,461.891,PAYLOAD,LARGE,US,2022-08-19,AFETR,,5359051,346493673,0 STARLINK-4297,1 53543U 22101S   26250.48234667  .00000254  00000-0  18646-4 0  9991,2 53543  53.1599 314.2766 0001232  86.4263 273.6880 15.34390314224623
3.0,GENERATED VIA SPACE-TRACK.ORG API,2026-09-07T17:20:58,18 SPCS,STARLINK-35555,2025-259D,EARTH,TEME,UTC,SGP4,2026-09-07 11:35:34.077984,15.27592124,0.00016248,43.0047,327.7308,276.9515,83.1152,0,U,66425,999,4729,0.00016252977000,0.00004214,0.0000000000000,6861.150,94.266,484.130,481.900,PAYLOAD,LARGE,US,2025-11-11,AFETR,,5359051,346503967,0 STARLINK-35555,1 66425U 25259D   26250.48303331  .00004214  00000-0  16253-3 0  9997,2 66425  43.0047 327.7308 0001625 276.9515  83.1152 15.27592124 47292
3.0,GENERATED VIA SPACE-TRACK.ORG API,2026-09-07T17:20:58,18 SPCS,STARLINK-36670,2026-033H,EARTH,TEME,UTC,SGP4,2026-09-07 11:36:56.474208,15.27585855,0.00005850,42.9987,320.6785,247.5136,112.5653,0,U,67828,999,3247,0.00027370323000,0.00007279,0.0000000000000,6861.169,94.266,483.435,482.632,PAYLOAD,LARGE,US,2026-02-16,AFETR,,5359051,346506136,0 STARLINK-36670,1 67828U 26033H   26250.48398697  .00007279  00000-0  27370-3 0  9991,2 67828  42.9987 320.6785 0000585 247.5136 112.5653 15.27585855 32479
3.0,GENERATED VIA SPACE-TRACK.ORG API,2026-09-07T17:20:58,18 SPCS,STARLINK-32928,2025-075S,EARTH,TEME,UTC,SGP4,2026-09-07 11:41:41.131968,15.27584169,0.00016870,43.0028,323.7114,281.8587,78.2075,0,U,63564,999,7974,0.00031413762000,0.00008393,0.0000000000000,6861.174,94.266,484.196,481.881,PAYLOAD,LARGE,US,2025-04-13,AFETR,,5359051,346502112,0 STARLINK-32928,1 63564U 25075S   26250.48728162  .00008393  00000-0  31414-3 0  9995,2 63564  43.0028 323.7114 0001687 281.8587  78.2075 15.27584169 79749
3.0,GENERATED VIA SPACE-TRACK.ORG API,2026-09-07T17:20:58,18 SPCS,STARLINK-2549,2021-036AQ,EARTH,TEME,UTC,SGP4,2026-09-07 11:44:29.764896,15.31722634,0.00011242,53.1599,324.8482,84.6307,275.4823,0,U,48314,999,29603,0.00019776831000,0.00005781,0.0000000000000,6848.810,94.012,471.444,469.905,PAYLOAD,LARGE,US,2021-04-29,AFETR,,5359051,346491612,0 STARLINK-2549,1 48314U 21036AQ  26250.48923339  .00005781  00000-0  19777-3 0  9993,2 48314  53.1599 324.8482 0001124  84.6307 275.4823 15.31722634296036
3.0,GENERATED VIA SPACE-TRACK.ORG API,2026-09-07T17:20:58,18 SPCS,STARLINK-35618,2025-259B,EARTH,TEME,UTC,SGP4,2026-09-07 11:44:50.175168,15.27580644,0.00014523,43.0020,327.7818,271.9727,88.0958,0,U,66423,999,4729,0.00018146859000,0.00004735,0.0000000000000,6861.184,94.267,484.046,482.053,PAYLOAD,LARGE,US,2025-11-11,AFETR,,5359051,346503966,0 STARLINK-35618,1 66423U 25259B   26250.48946962  .00004735  00000-0  18147-3 0  9990,2 66423  43.0020 327.7818 0001452 271.9727  88.0958 15.27580644 47297
3.0,GENERATED VIA SPACE-TRACK.ORG API,2026-09-07T17:20:58,18 SPCS,STARLINK-31934,2024-098V,EARTH,TEME,UTC,SGP4,2026-09-07 11:50:20.975712,15.27596504,0.00026856,43.0038,327.5477,269.6310,90.4234,0,U,59877,999,12969,0.00090102849000,0.00024629,0.0000000000000,6861.137,94.266,484.844,481.159,PAYLOAD,LARGE,US,2024-05-24,AFETR,,5359051,346499047,0 STARLINK-31934,1 59877U 24098V   26250.49329833  .00024629  00000-0  90103-3 0  9994,2 59877  43.0038 327.5477 0002686 269.6310  90.4234 15.27596504129693
3.0,GENERATED VIA SPACE-TRACK.ORG API,2026-09-07T17:20:58,18 SPCS,STARLINK-32710,2025-008T,EARTH,TEME,UTC,SGP4,2026-09-07 11:58:48.540288,15.27577226,0.00020256,43.0019,330.8240,273.4751,86.5869,0,U,62604,999,9337,0.00018930762000,0.00004950,0.0000000000000,6861.194,94.267,484.449,481.670,PAYLOAD,LARGE,US,2025-01-13,AFETR,,5359051,346501181,0 STARLINK-32710,1 62604U 25008T   26250.49917292  .00004950  00000-0  18931-3 0  9994,2 62604  43.0019 330.8240 0002026 273.4751  86.5869 15.27577226 93374
3.0,GENERATED VIA SPACE-TRACK.ORG API,2026-09-07T17:20:58,18 SPCS,STARLINK-32624,2024-207Q,EARTH,TEME,UTC,SGP4,2026-09-07 12:03:42.955200,15.27579426,0.00014316,43.0044,334.4723,267.3190,92.7498,0,U,61926,999,10253,0.00023352804000,0.00006169,0.0000000000000,6861.188,94.267,484.035,482.071,PAYLOAD,LARGE,US,2024-11-11,AFETR,,5359051,346500388,0 STARLINK-32624,1 61926U 24207Q   26250.50258050  .00006169  00000-0  23353-3 0  9990,2 61926  43.0044 334.4723 0001432 267.3190  92.7498 15.27579426102533
3.0,GENERATED VIA SPACE-TRACK.ORG API,2026-09-07T17:20:58,18 SPCS,STARLINK-35356,2025-221P,EARTH,TEME,UTC,SGP4,2026-09-07 12:04:09.298560,15.34395160,0.00012196,53.1585,322.1537,89.2928,270.8214,0,U,65836,999,5259,0.00027298352000,0.00008856,0.0000000000000,6840.855,93.848,463.554,461.885,PAYLOAD,LARGE,US,2025-09-29,AFWTR,,5359051,346503682,0 STARLINK-35356,1 65836U 25221P   26250.50288540  .00008856  00000-0  27298-3 0  9995,2 65836  53.1585 322.1537 0001220  89.2928 270.8214 15.34395160 52595
3.0,GENERATED VIA SPACE-TRACK.ORG API,2026-09-07T17:20:58,18 SPCS,STARLINK-6167,2023-090AB,EARTH,TEME,UTC,SGP4,2026-09-07 12:05:44.450016,15.27576290,0.00020340,43.0049,335.1714,286.2117,73.8511,0,U,57126,999,17813,0.00000982411500,0.00000008,0.0000000000000,6861.197,94.267,484.458,481.667,PAYLOAD,LARGE,US,2023-06-23,AFETR,,5359051,346496453,0 STARLINK-6167,1 57126U 23090AB  26250.50398669  .00000008  00000-0  98241-5 0  9993,2 57126  43.0049 335.1714 0002034 286.2117  73.8511 15.27576290178132
3.0,GENERATED VIA SPACE-TRACK.ORG API,2026-09-07T17:20:58,18 SPCS,STARLINK-30122,2023-067A,EARTH,TEME,UTC,SGP4,2026-09-07 12:06:19.806624,15.27582002,0.00015166,43.0039,331.2762,267.1030,92.9648,0,U,56688,999,18349,0.00003842600400,0.00000795,0.0000000000000,6861.180,94.267,484.086,482.005,PAYLOAD,LARGE,US,2023-05-19,AFETR,,5359051,346496314,0 STARLINK-30122,1 56688U 23067A   26250.50439591  .00000795  00000-0  38426-4 0  9990,2 56688  43.0039 331.2762 0001517 267.1030  92.9648 15.27582002183496
3.0,GENERATED VIA SPACE-TRACK.ORG API,2026-09-07T17:20:58,18 SPCS,STARLINK-34456,2025-130B,EARTH,TEME,UTC,SGP4,2026-09-07 12:06:24.238944,15.34409492,0.00009615,53.1597,320.2122,131.7227,228.3858,0,U,64439,999,6859,0.00038879592000,0.00012786,0.0000000000000,6840.812,93.847,463.335,462.019,PAYLOAD,LARGE,US,2025-06-18,AFETR,,5359051,346502522,0 STARLINK-34456,1 64439U 25130B   26250.50444721  .00012786  00000-0  38880-3 0  9993,2 64439  53.1597 320.2122 0000961 131.7227 228.3858 15.34409492 68594
3.0,GENERATED VIA SPACE-TRACK.ORG API,2026-09-07T17:20:58,18 SPCS,STARLINK-32323,2024-193S,EARTH,TEME,UTC,SGP4,2026-09-07 12:07:11.789184,15.34395766,0.00012391,53.1608,322.2191,80.6931,279.4211,0,U,61677,999,10442,-0.00000030037100,-0.00000386,0.0000000000000,6840.853,93.848,463.565,461.870,PAYLOAD,LARGE,US,2024-10-26,AFETR,,5359051,346499782,0 STARLINK-32323,1 61677U 24193S   26250.50499756 -.00000386  00000-0 -30037-6 0  9994,2 61677  53.1608 322.2191 0001239  80.6931 279.4211 15.34395766104420
3.0,GENERATED VIA SPACE-TRACK.ORG API,2026-09-07T17:20:58,18 SPCS,STARLINK-34445,2025-130V,EARTH,TEME,UTC,SGP4,2026-09-07 12:09:26.072064,15.34406051,0.00014944,53.1607,320.2146,70.3031,289.8133,0,U,64457,999,6859,0.00038772807000,0.00012749,0.0000000000000,6840.822,93.847,463.710,461.665,PAYLOAD,LARGE,US,2025-06-18,AFETR,,5359051,346502531,0 STARLINK-34445,1 64457U 25130V   26250.50655176  .00012749  00000-0  38773-3 0  9991,2 64457  53.1607 320.2146 0001494  70.3031 289.8133 15.34406051 68591
3.0,GENERATED VIA SPACE-TRACK.ORG API,2026-09-07T17:20:58,18 SPCS,STARLINK-30117,2023-067Q,EARTH,TEME,UTC,SGP4,2026-09-07 12:10:01.369056,15.27574476,0.00012685,43.0021,331.2626,270.0099,90.0608,0,U,56702,999,18342,0.00005351897400,0.00001211,0.0000000000000,6861.203,94.267,483.938,482.197,PAYLOAD,LARGE,US,2023-05-19,AFETR,,5359051,346496320,0 STARLINK-30117,1 56702U 23067Q   26250.50696029  .00001211  00000-0  53519-4 0  9992,2 56702  43.0021 331.2626 0001268 270.0099  90.0608 15.27574476183428
3.0,GENERATED VIA SPACE-TRACK.ORG API,2026-09-07T17:20:58,18 SPCS,STARLINK-32460,2024-207C,EARTH,TEME,UTC,SGP4,2026-09-07 12:11:06.986400,15.27587057,0.00017463,43.0023,334.5150,278.0730,81.9924,0,U,61914,999,10253,0.00047595676000,0.00012861,0.0000000000000,6861.165,94.266,484.228,481.832,PAYLOAD,LARGE,US,2024-11-11,AFETR,,5359051,346499883,0 STARLINK-32460,1 61914U 24207C   26250.50771975  .00012861  00000-0  47596-3 0  9994,2 61914  43.0023 334.5150 0001746 278.0730  81.9924 15.27587057102532
3.0,GENERATED VIA SPACE-TRACK.ORG API,2026-09-07T17:20:58,18 SPCS,STARLINK-31933,2024-098S,EARTH,TEME,UTC,SGP4,2026-09-07 12:11:49.877952,15.27576092,0.00014122,43.0027,331.1240,262.9232,97.1459,0,U,59874,999,12965,-0.00000463514900,-0.00000390,0.0000000000000,6861.198,94.267,484.032,482.094,PAYLOAD,LARGE,US,2024-05-24,AFETR,,5359051,346498546,0 STARLINK-31933,1 59874U 24098S   26250.50821618 -.00000390  00000-0 -46351-5 0  9990,2 59874  43.0027 331.1240 0001412 262.9232  97.1459 15.27576092129651
3.0,GENERATED VIA SPACE-TRACK.ORG API,2026-09-07T17:20:58,18 SPCS,STARLINK-34295,2025-130T,EARTH,TEME,UTC,SGP4,2026-09-07 12:12:28.877184,15.34399514,0.00037025,53.1593,320.2284,40.7796,319.3483,0,U,64455,999,6859,0.00041921585000,0.00013814,0.0000000000000,6840.842,93.848,465.239,460.174,PAYLOAD,LARGE,US,2025-06-18,AFETR,,5359051,346502530,0 STARLINK-34295,1 64455U 25130T   26250.50866756  .00013814  00000-0  41922-3 0  9991,2 64455  53.1593 320.2284 0003702  40.7796 319.3483 15.34399514 68591
3.0,GENERATED VIA SPACE-TRACK.ORG API,2026-09-07T17:20:58,18 SPCS,STARLINK-35924,2025-265A,EARTH,TEME,UTC,SGP4,2026-09-07 12:15:27.404640,15.27592854,0.00013733,43.0010,330.8530,271.3166,88.7528,0,U,66516,999,4492,0.00033835753000,0.00009064,0.0000000000000,6861.148,94.266,483.955,482.070,PAYLOAD,LARGE,US,2025-11-19,AFETR,,5359051,346504011,0 STARLINK-35924,1 66516U 25265A   26250.51073385  .00009064  00000-0  33836-3 0  9996,2 66516  43.0010 330.8530 0001373 271.3166  88.7528 15.27592854 44921
3.0,GENERATED VIA SPACE-TRACK.ORG API,2026-09-07T17:20:58,18 SPCS,STARLINK-6152,2023-090W,EARTH,TEME,UTC,SGP4,2026-09-07 12:16:38.289792,15.27586688,0.00017569,43.0039,334.3759,271.9296,88.1355,0,U,57121,999,17795,0.00000275471500,-0.00000187,0.0000000000000,6861.166,94.266,484.236,481.826,PAYLOAD,LARGE,US,2023-06-23,AFETR,,5359051,346495951,0 STARLINK-6152,1 57121U 23090W   26250.51155428 -.00000187  00000-0  27547-5 0  9993,2 57121  43.0039 334.3759 0001757 271.9296  88.1355 15.27586688177952
3.0,GENERATED VIA SPACE-TRACK.ORG API,2026-09-07T17:20:58,18 SPCS,STARLINK-31651,2024-098C,EARTH,TEME,UTC,SGP4,2026-09-07 12:17:23.123616,15.27563229,0.00011530,43.0016,331.1513,272.6075,87.4645,0,U,59860,999,12965,0.00018107353000,0.00004721,0.0000000000000,6861.236,94.268,483.892,482.310,PAYLOAD,LARGE,US,2024-05-24,AFETR,,5359051,346498540,0 STARLINK-31651,1 59860U 24098C   26250.51207319  .00004721  00000-0  18107-3 0  9998,2 59860  43.0016 331.1513 0001153 272.6075  87.4645 15.27563229129659
3.0,GENERATED VIA SPACE-TRACK.ORG API,2026-09-07T17:20:58,18 SPCS,STARLINK-5266,2023-010X,EARTH,TEME,UTC,SGP4,2026-09-07 12:18:28.754784,14.98331117,0.00037638,69.9986,286.0506,266.8712,93.2016,0,U,55290,999,20050,0.00002967113600,0.00000261,0.0000000000000,6950.189,96.107,574.670,569.439,PAYLOAD,LARGE,US,2023-01-19,AFWTR,,5359051,346495275,0 STARLINK-5266,1 55290U 23010X   26250.51283281  .00000261  00000-0  29671-4 0  9990,2 55290  69.9986 286.0506 0003764 266.8712  93.2016 14.98331117200505
3.0,GENERATED VIA SPACE-TRACK.ORG API,2026-09-07T17:20:58,18 SPCS,STARLINK-30877,2023-171N,EARTH,TEME,UTC,SGP4,2026-09-07 12:19:44.481792,15.27572484,0.00020100,43.0047,338.2508,276.1883,83.8740,0,U,58242,999,15754,0.00000467297000,-0.00000134,0.0000000000000,6861.209,94.267,484.453,481.695,PAYLOAD,LARGE,US,2023-11-08,AFETR,,5359051,346497399,0 STARLINK-30877,1 58242U 23171N   26250.51370928 -.00000134  00000-0  46730-5 0  9999,2 58242  43.0047 338.2508 0002010 276.1883  83.8740 15.27572484157545
3.0,GENERATED VIA SPACE-TRACK.ORG API,2026-09-07T17:20:58,18 SPCS,STARLINK-6148,2023-090S,EARTH,TEME,UTC,SGP4,2026-09-07 12:20:19.834080,15.27579462,0.00012218,43.0020,334.4003,269.3375,90.7336,0,U,57117,999,17813,0.00002390396000,0.00000396,0.0000000000000,6861.188,94.267,483.891,482.214,PAYLOAD,LARGE,US,2023-06-23,AFETR,,5359051,346496449,0 STARLINK-6148,1 57117U 23090S   26250.51411845  .00000396  00000-0  23904-4 0  9999,2 57117  43.0020 334.4003 0001222 269.3375  90.7336 15.27579462178137
3.0,GENERATED VIA SPACE-TRACK.ORG API,2026-09-07T17:20:58,18 SPCS,STARLINK-6163,2023-090AD,EARTH,TEME,UTC,SGP4,2026-09-07 12:22:11.114688,15.27575395,0.00013057,43.0034,334.4007,272.8369,87.2333,0,U,57128,999,17795,-0.00000167282000,-0.00000308,0.0000000000000,6861.200,94.267,483.961,482.169,PAYLOAD,LARGE,US,2023-06-23,AFETR,,5359051,346496454,0 STARLINK-6163,1 57128U 23090AD  26250.51540642 -.00000308  00000-0 -16728-5 0  9991,2 57128  43.0034 334.4007 0001306 272.8369  87.2333 15.27575395177951
3.0,GENERATED VIA SPACE-TRACK.ORG API,2026-09-07T17:20:58,18 SPCS,STARLINK-6131,2023-090G,EARTH,TEME,UTC,SGP4,2026-09-07 12:24:02.327040,15.27572638,0.00013015,43.0022,334.4183,267.2342,92.8360,0,U,57107,999,17814,-0.00000488428000,-0.00000396,0.0000000000000,6861.208,94.267,483.966,482.180,PAYLOAD,LARGE,US,2023-06-23,AFETR,,5359051,346496444,0 STARLINK-6131,1 57107U 23090G   26250.51669360 -.00000396  00000-0 -48843-5 0  9997,2 57107  43.0022 334.4183 0001302 267.2342  92.8360 15.27572638178146
3.0,GENERATED VIA SPACE-TRACK.ORG API,2026-09-07T17:20:58,18 SPCS,STARLINK-5338,2023-010T,EARTH,TEME,UTC,SGP4,2026-09-07 12:24:30.372480,14.98324238,0.00037960,69.9984,286.0666,266.7769,93.2956,0,U,55286,999,20050,0.00002594232400,0.00000216,0.0000000000000,6950.211,96.107,574.714,569.437,PAYLOAD,LARGE,US,2023-01-19,AFWTR,,5359051,346495273,0 STARLINK-5338,1 55286U 23010T   26250.51701820  .00000216  00000-0  25942-4 0  9996,2 55286  69.9984 286.0666 0003796 266.7769  93.2956 14.98324238200500
3.0,GENERATED VIA SPACE-TRACK.ORG API,2026-09-07T17:20:58,18 SPCS,STARLINK-30848,2023-171L,EARTH,TEME,UTC,SGP4,2026-09-07 12:27:07.902144,15.27578569,0.00018827,43.0036,338.2832,285.3894,74.6749,0,U,58240,999,15754,0.00001248300200,0.00000081,0.0000000000000,6861.190,94.267,484.347,481.764,PAYLOAD,LARGE,US,2023-11-08,AFETR,,5359051,346497398,0 STARLINK-30848,1 58240U 23171L   26250.51884146  .00000081  00000-0  12483-4 0  9996,2 58240  43.0036 338.2832 0001883 285.3894  74.6749 15.27578569157549
3.0,GENERATED VIA SPACE-TRACK.ORG API,2026-09-07T17:20:58,18 SPCS,STARLINK-30849,2023-171R,EARTH,TEME,UTC,SGP4,2026-09-07 12:34:32.962368,15.27577711,0.00015226,43.0049,338.3397,265.5968,94.4710,0,U,58245,999,15754,0.00007556433900,0.00001818,0.0000000000000,6861.193,94.267,484.103,482.013,PAYLOAD,LARGE,US,2023-11-08,AFETR,,5359051,346496901,0 STARLINK-30849,1 58245U 23171R   26250.52399262  .00001818  00000-0  75564-4 0  9990,2 58245  43.0049 338.3397 0001523 265.5968  94.4710 15.27577711157544
3.0,GENERATED VIA SPACE-TRACK.ORG API,2026-09-07T17:20:58,18 SPCS,STARLINK-30823,2023-171U,EARTH,TEME,UTC,SGP4,2026-09-07 12:36:23.353056,15.27576738,0.00015067,43.0059,338.3477,256.3836,103.6848,0,U,58248,999,15754,0.00001733607400,0.00000215,0.0000000000000,6861.196,94.267,484.095,482.027,PAYLOAD,LARGE,US,2023-11-08,AFETR,,5359051,346497402,0 STARLINK-30823,1 58248U 23171U   26250.52527029  .00000215  00000-0  17336-4 0  9990,2 58248  43.0059 338.3477 0001507 256.3836 103.6848 15.27576738157544
3.0,GENERATED VIA SPACE-TRACK.ORG API,2026-09-07T17:20:58,18 SPCS,STARLINK-30881,2023-171X,EARTH,TEME,UTC,SGP4,2026-09-07 12:41:54.500928,15.27577475,0.00016257,43.0024,338.2820,272.8670,87.1995,0,U,58251,999,15754,0.00002597945400,0.00000453,0.0000000000000,6861.194,94.267,484.174,481.943,PAYLOAD,LARGE,US,2023-11-08,AFETR,,5359051,346496904,0 STARLINK-30881,1 58251U 23171X   26250.52910302  .00000453  00000-0  25979-4 0  9990,2 58251  43.0024 338.2820 0001626 272.8670  87.1995 15.27577475157540
3.0,GENERATED VIA SPACE-TRACK.ORG API,2026-09-07T17:20:58,18 SPCS,STARLINK-2486,2021-027BD,EARTH,TEME,UTC,SGP4,2026-09-07 12:44:16.854432,15.47365121,0.00040797,53.1537,325.4839,7.7304,352.3767,0,U,48143,999,30140,0.00091979912000,0.00047661,0.0000000000000,6802.574,93.061,427.215,421.664,PAYLOAD,LARGE,US,2021-04-07,AFETR,,5359051,346492064,0 STARLINK-2486,1 48143U 21027BD  26250.53075063  .00047661  00000-0  91980-3 0  9990,2 48143  53.1537 325.4839 0004080   7.7304 352.3767 15.47365121301409
3.0,GENERATED VIA SPACE-TRACK.ORG API,2026-09-07T17:20:58,18 SPCS,STARLINK-11539,2025-031G,EARTH,TEME,UTC,SGP4,2026-09-07 13:00:51.320160,15.70855144,0.00013536,43.0000,345.2626,256.4439,103.6278,0,U,62987,999,9134,0.00107014150000,0.00139277,0.0000000000000,6734.589,91.670,357.365,355.542,PAYLOAD,LARGE,US,2025-02-11,AFETR,,5359051,346500859,0 STARLINK-11539,1 62987U 25031G   26250.54226065  .00139277  00000-0  10701-2 0  9998,2 62987  43.0000 345.2626 0001354 256.4439 103.6278 15.70855144 91349
3.0,GENERATED VIA SPACE-TRACK.ORG API,2026-09-07T17:20:58,18 SPCS,STARLINK-5480,2023-021AN,EARTH,TEME,UTC,SGP4,2026-09-07 13:14:53.898144,14.98340390,0.00028324,69.9992,66.0014,266.2900,93.7935,0,U,55664,999,19652,-0.00040157488000,-0.00004882,0.0000000000000,6950.161,96.106,573.994,570.057,PAYLOAD,LARGE,US,2023-02-17,AFWTR,,5359051,346495423,0 STARLINK-5480,1 55664U 23021AN  26250.55201271 -.00004882  00000-0 -40157-3 0  9996,2 55664  69.9992  66.0014 0002832 266.2900  93.7935 14.98340390196529
3.0,GENERATED VIA SPACE-TRACK.ORG API,2026-09-07T17:20:58,18 SPCS,STARLINK-32516,2024-225P,EARTH,TEME,UTC,SGP4,2026-09-07 13:15:08.475552,14.98336216,0.00029426,69.9999,66.0188,265.5058,94.5765,0,U,62176,999,9711,0.00024808376000,0.00002869,0.0000000000000,6950.174,96.107,574.084,569.994,PAYLOAD,LARGE,US,2024-11-30,AFWTR,,5359051,346500504,0 STARLINK-32516,1 62176U 24225P   26250.55218143  .00002869  00000-0  24808-3 0  9991,2 62176  69.9999  66.0188 0002943 265.5058  94.5765 14.98336216 97110
3.0,GENERATED VIA SPACE-TRACK.ORG API,2026-09-07T17:20:58,18 SPCS,STARLINK-5267,2023-021AD,EARTH,TEME,UTC,SGP4,2026-09-07 13:20:54.539520,14.98334080,0.00027131,69.9995,66.0163,260.6745,99.4107,0,U,55655,999,19651,-0.00022879952000,-0.00002822,0.0000000000000,6950.180,96.107,573.931,570.160,PAYLOAD,LARGE,US,2023-02-17,AFWTR,,5359051,346495419,0 STARLINK-5267,1 55655U 23021AD  26250.55618680 -.00002822  00000-0 -22880-3 0  9997,2 55655  69.9995  66.0163 0002713 260.6745  99.4107 14.98334080196512
3.0,GENERATED VIA SPACE-TRACK.ORG API,2026-09-07T17:20:58,18 SPCS,STARLINK-32538,2024-225H,EARTH,TEME,UTC,SGP4,2026-09-07 13:21:09.067680,14.98336148,0.00024324,70.0005,66.0333,265.3248,94.7634,0,U,62170,999,9711,0.00031746636000,0.00003698,0.0000000000000,6950.174,96.107,573.729,570.348,PAYLOAD,LARGE,US,2024-11-30,AFWTR,,5359051,346500501,0 STARLINK-32538,1 62170U 24225H   26250.55635495  .00003698  00000-0  31747-3 0  9999,2 62170  70.0005  66.0333 0002432 265.3248  94.7634 14.98336148 97110
3.0,GENERATED VIA SPACE-TRACK.ORG API,2026-09-07T17:20:58,18 SPCS,STARLINK-5477,2023-021AH,EARTH,TEME,UTC,SGP4,2026-09-07 13:26:53.659392,14.98346490,0.00032421,69.9975,66.0302,284.1287,75.9511,0,U,55659,999,19651,0.00015571138000,0.00001766,0.0000000000000,6950.142,96.106,574.260,569.754,PAYLOAD,LARGE,US,2023-02-17,AFWTR,,5359051,346494921,0 STARLINK-5477,1 55659U 23021AH  26250.56034328  .00001766  00000-0  15571-3 0  9996,2 55659  69.9975  66.0302 0003242 284.1287  75.9511 14.98346490196515
3.0,GENERATED VIA SPACE-TRACK.ORG API,2026-09-07T17:20:58,18 SPCS,STARLINK-36199,2025-304X,EARTH,TEME,UTC,SGP4,2026-09-07 13:48:07.151328,14.98335981,0.00027120,69.9996,75.6819,270.5459,89.5390,0,U,67213,999,4113,0.00034594009000,0.00004038,0.0000000000000,6950.174,96.107,573.924,570.154,PAYLOAD,LARGE,US,2025-12-17,AFWTR,,5359051,346505348,0 STARLINK-36199,1 67213U 25304X   26250.57508277  .00004038  00000-0  34594-3 0  9992,2 67213  69.9996  75.6819 0002712 270.5459  89.5390 14.98335981 41133
3.0,GENERATED VIA SPACE-TRACK.ORG API,2026-09-07T17:20:58,18 SPCS,STARLINK-2516,2021-036H,EARTH,TEME,UTC,SGP4,2026-09-07 13:53:46.921056,15.31719202,0.00011602,53.1597,308.9136,85.9662,274.1472,0,U,48283,999,29628,0.00008232342900,0.00002192,0.0000000000000,6848.820,94.012,471.479,469.890,PAYLOAD,LARGE,US,2021-04-29,AFETR,,5359051,346491601,0 STARLINK-2516,1 48283U 21036H   26250.57901529  .00002192  00000-0  82323-4 0  9996,2 48283  53.1597 308.9136 0001160  85.9662 274.1472 15.31719202296286
3.0,GENERATED VIA SPACE-TRACK.ORG API,2026-09-07T17:20:58,18 SPCS,STARLINK-36197,2025-304P,EARTH,TEME,UTC,SGP4,2026-09-07 13:54:05.986080,14.98335635,0.00025208,70.0000,75.6991,268.6729,91.4141,0,U,67205,999,4110,0.00025634275000,0.00002967,0.0000000000000,6950.175,96.107,573.792,570.288,PAYLOAD,LARGE,US,2025-12-17,AFWTR,,5359051,346505344,0 STARLINK-36197,1 67205U 25304P   26250.57923595  .00002967  00000-0  25634-3 0  9991,2 67205  70.0000  75.6991 0002521 268.6729  91.4141 14.98335635 41109
3.0,GENERATED VIA SPACE-TRACK.ORG API,2026-09-07T17:20:58,18 SPCS,STARLINK-30866,2023-171H,EARTH,TEME,UTC,SGP4,2026-09-07 13:59:26.294208,15.27580881,0.00016182,43.0030,337.9173,275.4790,84.5877,0,U,58237,999,15755,0.00009701284100,0.00002408,0.0000000000000,6861.183,94.267,484.159,481.938,PAYLOAD,LARGE,US,2023-11-08,AFETR,,5359051,346496897,0 STARLINK-30866,1 58237U 23171H   26250.58294322  .00002408  00000-0  97013-4 0  9997,2 58237  43.0030 337.9173 0001618 275.4790  84.5877 15.27580881157557
3.0,GENERATED VIA SPACE-TRACK.ORG API,2026-09-07T17:20:58,18 SPCS,STARLINK-31716,2024-062D,EARTH,TEME,UTC,SGP4,2026-09-07 14:00:03.000384,15.34396511,0.00012679,53.1600,81.8876,95.4394,86.1699,0,U,59377,999,587,0.00036240945000,0.00011886,0.0000000000000,6840.851,93.848,463.583,461.848,PAYLOAD,LARGE,US,2024-04-02,AFWTR,,5359051,346498340,0 STARLINK-31716,1 59377U 24062D   26250.58336806  .00011886  00000-0  36241-3 0  9992,2 59377  53.1600  81.8876 0001268  95.4394  86.1699 15.34396511  5874
3.0,GENERATED VIA SPACE-TRACK.ORG API,2026-09-07T17:20:58,18 SPCS,STARLINK-30283,2023-124T,EARTH,TEME,UTC,SGP4,2026-09-07 14:00:03.000384,15.51983806,0.00014853,53.1601,79.0219,101.0590,32.4811,0,U,57680,999,577,0.00966541540000,0.00641537,0.0000000000000,6789.072,92.784,411.945,409.928,PAYLOAD,LARGE,US,2023-08-22,AFWTR,,5359051,346496659,0 STARLINK-30283,1 57680U 23124T   26250.58336806  .00641537  00000-0  96654-2 0  9990,2 57680  53.1601  79.0219 0001485 101.0590  32.4811 15.51983806  5770
3.0,GENERATED VIA SPACE-TRACK.ORG API,2026-09-07T17:20:58,18 SPCS,STARLINK-30771,2023-166V,EARTH,TEME,UTC,SGP4,2026-09-07 14:00:03.000384,15.34383788,0.00011677,53.1598,94.3961,95.9823,235.8776,0,U,58169,999,586,0.00084495999000,0.00028265,0.0000000000000,6840.888,93.849,463.552,461.955,PAYLOAD,LARGE,US,2023-10-29,AFWTR,,5359051,346496868,0 STARLINK-30771,1 58169U 23166V   26250.58336806  .00028265  00000-0  84496-3 0  9998,2 58169  53.1598  94.3961 0001168  95.9823 235.8776 15.34383788  5863
3.0,GENERATED VIA SPACE-TRACK.ORG API,2026-09-07T17:20:58,18 SPCS,STARLINK-36283,2025-304F,EARTH,TEME,UTC,SGP4,2026-09-07 14:00:06.811488,14.98334832,0.00023312,70.0004,75.7142,266.5668,93.5224,0,U,67197,999,4113,0.00028434001000,0.00003302,0.0000000000000,6950.178,96.107,573.663,570.423,PAYLOAD,LARGE,US,2025-12-17,AFWTR,,5359051,346505340,0 STARLINK-36283,1 67197U 25304F   26250.58341217  .00003302  00000-0  28434-3 0  9992,2 67197  70.0004  75.7142 0002331 266.5668  93.5224 14.98334832 41136
3.0,GENERATED VIA SPACE-TRACK.ORG API,2026-09-07T17:20:58,18 SPCS,STARLINK-36213,2025-304W,EARTH,TEME,UTC,SGP4,2026-09-07 14:06:07.367328,14.98336259,0.00025634,70.0001,75.7298,270.7826,89.3040,0,U,67212,999,4113,0.00025056338000,0.00002898,0.0000000000000,6950.174,96.107,573.820,570.257,PAYLOAD,LARGE,US,2025-12-17,AFWTR,,5359051,346504848,0 STARLINK-36213,1 67212U 25304W   26250.58758527  .00002898  00000-0  25056-3 0  9992,2 67212  70.0001  75.7298 0002563 270.7826  89.3040 14.98336259 41137
3.0,GENERATED VIA SPACE-TRACK.ORG API,2026-09-07T17:20:58,18 SPCS,STARLINK-5665,2023-013AG,EARTH,TEME,UTC,SGP4,2026-09-07 14:07:58.713600,15.27585200,0.00021326,43.0045,341.3291,272.8080,87.2527,0,U,55361,999,19966,-0.00000210222100,-0.00000320,0.0000000000000,6861.171,94.266,484.499,481.572,PAYLOAD,LARGE,US,2023-01-26,AFETR,,5359051,346494805,0 STARLINK-5665,1 55361U 23013AG  26250.58887400 -.00000320  00000-0 -21022-5 0  9993,2 55361  43.0045 341.3291 0002133 272.8080  87.2527 15.27585200199664
