CCSDS_OMM_VERS,COMMENT,CREATION_DATE,ORIGINATOR,OBJECT_NAME,OBJECT_ID,CENTER_NAME,REF_FRAME,TIME_SYSTEM,MEAN_ELEMENT_THEORY,EPOCH,MEAN_MOTION,ECCENTRICITY,INCLINATION,RA_OF_ASC_NODE,ARG_OF_PERICENTER,MEAN_ANOMALY,EPHEMERIS_TYPE,CLASSIFICATION_TYPE,NORAD_CAT_ID,ELEMENT_SET_NO,REV_AT_EPOCH,BSTAR,MEAN_MOTION_DOT,MEAN_MOTION_DDOT,SEMIMAJOR_AXIS,PERIOD,APOAPSIS,PERIAPSIS,OBJECT_TYPE,RCS_SIZE,COUNTRY_CODE,LAUNCH_DATE,SITE,DECAY_DATE,FILE,GP_ID,TLE_LINE0,TLE_LINE1,TLE_LINE2
3.0,GENERATED VIA SPACE-TRACK.ORG API,2026-08-17T03:58:39,18 SPCS,STARLINK-3839,2022-049AF,EARTH,TEME,UTC,SGP4,2026-08-16 19:20:05.402976,15.35398870,0.00017136,53.1612,55.7676,86.3352,273.7847,0,U,52480,999,23648,0.00001600851200,0.00000178,0.0000000000000,6837.873,93.787,460.910,458.566,PAYLOAD,LARGE,US,2022-05-06,AFETR,,5328839,341470132,0 STARLINK-3839,1 52480U 22049AF  26228.80561809  .00000178  00000-0  16009-4 0  9999,2 52480  53.1612  55.7676 0001714  86.3352 273.7847 15.35398870236485
3.0,GENERATED VIA SPACE-TRACK.ORG API,2026-08-17T10:25:08,18 SPCS,STARLINK-30125,2023-067P,EARTH,TEME,UTC,SGP4,2026-08-16 23:26:13.174368,15.27576662,0.00016118,43.0052,85.8676,268.6741,91.3927,0,U,56701,999,18021,0.00001421817100,0.00000129,0.0000000000000,6861.196,94.267,484.167,481.955,PAYLOAD,LARGE,US,2023-05-19,AFETR,,5328878,341508045,0 STARLINK-30125,1 56701U 23067P   26228.97654137  .00000129  00000-0  14218-4 0  9991,2 56701  43.0052  85.8676 0001612 268.6741  91.3927 15.27576662180219
3.0,GENERATED VIA SPACE-TRACK.ORG API,2026-08-17T10:25:08,18 SPCS,STARLINK-31851,2024-097K,EARTH,TEME,UTC,SGP4,2026-08-16 23:36:30.696768,15.27578913,0.00008495,43.0017,88.9402,271.1422,88.9333,0,U,59844,999,12643,0.00002660381900,0.00000470,0.0000000000000,6861.189,94.267,483.637,482.471,PAYLOAD,LARGE,US,2024-05-23,AFETR,,5328878,341510761,0 STARLINK-31851,1 59844U 24097K   26228.98368862  .00000470  00000-0  26604-4 0  9995,2 59844  43.0017  88.9402 0000850 271.1422  88.9333 15.27578913126438
3.0,GENERATED VIA SPACE-TRACK.ORG API,2026-08-17T10:25:08,18 SPCS,STARLINK-35334,2025-259AE,EARTH,TEME,UTC,SGP4,2026-08-16 23:38:27.414528,15.27598366,0.00013985,43.0007,89.3153,284.5066,75.5630,0,U,66450,999,4400,0.00037960358000,0.00010204,0.0000000000000,6861.131,94.266,483.956,482.037,PAYLOAD,LARGE,US,2025-11-11,AFETR,,5328878,341515710,0 STARLINK-35334,1 66450U 25259AE  26228.98503952  .00010204  00000-0  37960-3 0  9990,2 66450  43.0007  89.3153 0001399 284.5066  75.5630 15.27598366 44005
3.0,GENERATED VIA SPACE-TRACK.ORG API,2026-08-17T10:25:08,18 SPCS,STARLINK-31899,2024-097R,EARTH,TEME,UTC,SGP4,2026-08-16 23:47:36.957408,15.27580109,0.00007977,43.0033,88.9954,266.1558,93.9203,0,U,59850,999,12643,0.00001551300100,0.00000165,0.0000000000000,6861.186,94.267,483.598,482.503,PAYLOAD,LARGE,US,2024-05-23,AFETR,,5328878,341510764,0 STARLINK-31899,1 59850U 24097R   26228.99139997  .00000165  00000-0  15513-4 0  9996,2 59850  43.0033  88.9954 0000798 266.1558  93.9203 15.27580109126432
3.0,GENERATED VIA SPACE-TRACK.ORG API,2026-08-17T18:21:33,18 SPCS,STARLINK-3835,2022-049AB,EARTH,TEME,UTC,SGP4,2026-08-17 11:56:19.034592,15.35399823,0.00012455,53.1615,43.3810,80.9945,279.1199,0,U,52476,999,23795,0.00002074147900,0.00000343,0.0000000000000,6837.870,93.787,460.587,458.884,PAYLOAD,LARGE,US,2022-05-06,AFETR,,5328925,341540807,0 STARLINK-3835,1 52476U 22049AB  26229.49744253  .00000343  00000-0  20741-4 0  9998,2 52476  53.1615  43.3810 0001245  80.9945 279.1199 15.35399823237955
3.0,GENERATED VIA SPACE-TRACK.ORG API,2026-08-17T18:21:33,18 SPCS,STARLINK-1451,2020-035M,EARTH,TEME,UTC,SGP4,2026-08-17 12:16:48.789984,15.17162477,0.00019507,53.0490,55.7726,98.2661,261.8554,0,U,45668,999,34310,0.00082649414000,0.00016332,0.0000000000000,6892.558,94.914,515.768,513.079,PAYLOAD,LARGE,US,2020-06-04,AFETR,,5328925,341538059,0 STARLINK-1451,1 45668U 20035M   26229.51167581  .00016332  00000-0  82649-3 0  9991,2 45668  53.0490  55.7726 0001951  98.2661 261.8554 15.17162477343105
3.0,GENERATED VIA SPACE-TRACK.ORG API,2026-08-18T03:45:46,18 SPCS,STARLINK-34846,2025-288P,EARTH,TEME,UTC,SGP4,2026-08-17 15:13:16.064544,15.27589622,0.00016615,43.0012,194.3642,275.5708,84.4954,0,U,66972,999,3990,0.00033028894000,0.00008840,0.0000000000000,6861.157,94.266,484.162,481.882,PAYLOAD,LARGE,US,2025-12-08,AFETR,,5328972,341587171,0 STARLINK-34846,1 66972U 25288P   26229.63421371  .00008840  00000-0  33029-3 0  9993,2 66972  43.0012 194.3642 0001661 275.5708  84.4954 15.27589622 39901
3.0,GENERATED VIA SPACE-TRACK.ORG API,2026-08-17T18:21:33,18 SPCS,STARLINK-2741,2021-044AY,EARTH,TEME,UTC,SGP4,2026-08-17 15:33:05.325120,15.31698664,0.00012514,53.1612,48.9057,94.2593,265.8551,0,U,48684,999,28899,0.00003076496300,0.00000590,0.0000000000000,6848.881,94.013,471.603,469.889,PAYLOAD,LARGE,US,2021-05-26,AFETR,,5328925,341539686,0 STARLINK-2741,1 48684U 21044AY  26229.64797830  .00000590  00000-0  30765-4 0  9995,2 48684  53.1612  48.9057 0001251  94.2593 265.8551 15.31698664288991
3.0,GENERATED VIA SPACE-TRACK.ORG API,2026-08-18T03:45:46,18 SPCS,STARLINK-3863,2022-049Q,EARTH,TEME,UTC,SGP4,2026-08-17 18:27:05.704992,15.35409340,0.00009921,53.1614,42.1146,75.2359,284.8754,0,U,52465,999,23675,0.00000994153200,-0.00000033,0.0000000000000,6837.842,93.786,460.385,459.029,PAYLOAD,LARGE,US,2022-05-06,AFETR,,5328972,341575275,0 STARLINK-3863,1 52465U 22049Q   26229.76881603 -.00000033  00000-0  99415-5 0  9999,2 52465  53.1614  42.1146 0000992  75.2359 284.8754 15.35409340236758
3.0,GENERATED VIA SPACE-TRACK.ORG API,2026-08-18T03:45:46,18 SPCS,STARLINK-34399,2025-130G,EARTH,TEME,UTC,SGP4,2026-08-17 18:56:16.874880,15.34391164,0.00005514,53.1595,57.0157,356.7474,3.3525,0,U,64444,999,6541,0.00077678327000,0.00025952,0.0000000000000,6840.867,93.848,463.109,462.354,PAYLOAD,LARGE,US,2025-06-18,AFETR,,5328972,341584464,0 STARLINK-34399,1 64444U 25130G   26229.78908420  .00025952  00000-0  77678-3 0  9993,2 64444  53.1595  57.0157 0000551 356.7474   3.3525 15.34391164 65415
3.0,GENERATED VIA SPACE-TRACK.ORG API,2026-08-18T03:45:46,18 SPCS,STARLINK-34456,2025-130B,EARTH,TEME,UTC,SGP4,2026-08-17 18:59:19.700736,15.34423627,0.00010342,53.1585,57.0332,83.6177,276.4943,0,U,64439,999,6541,0.00041042834000,0.00013526,0.0000000000000,6840.770,93.846,463.343,461.928,PAYLOAD,LARGE,US,2025-06-18,AFETR,,5328972,341584961,0 STARLINK-34456,1 64439U 25130B   26229.79120024  .00013526  00000-0  41043-3 0  9995,2 64439  53.1585  57.0332 0001034  83.6177 276.4943 15.34423627 65413
3.0,GENERATED VIA SPACE-TRACK.ORG API,2026-08-18T03:45:46,18 SPCS,STARLINK-3907,2022-049BC,EARTH,TEME,UTC,SGP4,2026-08-17 20:37:15.791520,15.33546991,0.00012013,53.1624,41.1458,79.9563,280.1575,0,U,52501,999,23678,0.00004468921200,0.00001097,0.0000000000000,6843.377,93.900,466.064,464.420,PAYLOAD,LARGE,US,2022-05-06,AFETR,,5328972,341574791,0 STARLINK-3907,1 52501U 22049BC  26229.85921055  .00001097  00000-0  44689-4 0  9998,2 52501  53.1624  41.1458 0001201  79.9563 280.1575 15.33546991236782
3.0,GENERATED VIA SPACE-TRACK.ORG API,2026-08-18T03:45:46,18 SPCS,STARLINK-36650,2026-033R,EARTH,TEME,UTC,SGP4,2026-08-17 21:04:42.237696,15.27589469,0.00011470,43.0038,76.9271,278.8093,81.2628,0,U,67836,999,2932,0.00035145968000,0.00009424,0.0000000000000,6861.158,94.266,483.810,482.236,PAYLOAD,LARGE,US,2026-02-16,AFETR,,5328972,341588082,0 STARLINK-36650,1 67836U 26033R   26229.87826664  .00009424  00000-0  35146-3 0  9993,2 67836  43.0038  76.9271 0001147 278.8093  81.2628 15.27589469 29321
3.0,GENERATED VIA SPACE-TRACK.ORG API,2026-08-18T03:45:46,18 SPCS,STARLINK-36144,2026-033J,EARTH,TEME,UTC,SGP4,2026-08-17 21:10:15.261312,15.27589218,0.00013890,43.0010,76.9570,272.3032,87.7661,0,U,67829,999,2932,0.00044968018000,0.00012136,0.0000000000000,6861.158,94.266,483.976,482.071,PAYLOAD,LARGE,US,2026-02-16,AFETR,,5328972,341587579,0 STARLINK-36144,1 67829U 26033J   26229.88212108  .00012136  00000-0  44968-3 0  9994,2 67829  43.0010  76.9570 0001389 272.3032  87.7661 15.27589218 29325
3.0,GENERATED VIA SPACE-TRACK.ORG API,2026-08-18T03:45:46,18 SPCS,STARLINK-36670,2026-033H,EARTH,TEME,UTC,SGP4,2026-08-17 21:17:39.378048,15.27586051,0.00020288,43.0041,76.9981,276.0665,83.9956,0,U,67828,999,2932,0.00041066339000,0.00011057,0.0000000000000,6861.168,94.266,484.425,481.641,PAYLOAD,LARGE,US,2026-02-16,AFETR,,5328972,341588078,0 STARLINK-36670,1 67828U 26033H   26229.88726132  .00011057  00000-0  41066-3 0  9997,2 67828  43.0041  76.9981 0002029 276.0665  83.9956 15.27586051 29326
3.0,GENERATED VIA SPACE-TRACK.ORG API,2026-08-18T03:45:46,18 SPCS,STARLINK-36649,2026-033S,EARTH,TEME,UTC,SGP4,2026-08-17 21:19:28.861536,15.27587623,0.00017847,43.0018,77.0023,274.3593,85.7055,0,U,67837,999,2932,-0.00016000178000,-0.00004664,0.0000000000000,6861.163,94.266,484.253,481.804,PAYLOAD,LARGE,US,2026-02-16,AFETR,,5328972,341587583,0 STARLINK-36649,1 67837U 26033S   26229.88852849 -.00004664  00000-0 -16000-3 0  9990,2 67837  43.0018  77.0023 0001785 274.3593  85.7055 15.27587623 29324
3.0,GENERATED VIA SPACE-TRACK.ORG API,2026-08-18T03:45:46,18 SPCS,STARLINK-32928,2025-075S,EARTH,TEME,UTC,SGP4,2026-08-17 21:22:24.120480,15.27584864,0.00011803,43.0039,80.0257,269.2570,90.8146,0,U,63564,999,7659,0.00032545652000,0.00008706,0.0000000000000,6861.172,94.266,483.846,482.227,PAYLOAD,LARGE,US,2025-04-13,AFETR,,5328972,341583552,0 STARLINK-32928,1 63564U 25075S   26229.89055695  .00008706  00000-0  32546-3 0  9995,2 63564  43.0039  80.0257 0001180 269.2570  90.8146 15.27584864 76593
3.0,GENERATED VIA SPACE-TRACK.ORG API,2026-08-18T03:45:46,18 SPCS,STARLINK-32076,2024-136X,EARTH,TEME,UTC,SGP4,2026-08-17 21:27:53.515296,15.31707549,0.00011924,53.1613,45.6100,96.5544,263.5593,0,U,60350,999,11436,0.00005748593800,0.00001420,0.0000000000000,6848.854,94.013,471.536,469.903,PAYLOAD,LARGE,US,2024-08-02,AFETR,,5328972,341581179,0 STARLINK-32076,1 60350U 24136X   26229.89436939  .00001420  00000-0  57486-4 0  9993,2 60350  53.1613  45.6100 0001192  96.5544 263.5593 15.31707549114367
3.0,GENERATED VIA SPACE-TRACK.ORG API,2026-08-18T03:45:46,18 SPCS,STARLINK-31735,2024-112S,EARTH,TEME,UTC,SGP4,2026-08-17 21:34:21.408096,15.34389473,0.00010896,53.1620,48.8283,91.2977,268.8150,0,U,60054,999,12328,0.00004718846700,0.00001218,0.0000000000000,6840.872,93.848,463.482,461.991,PAYLOAD,LARGE,US,2024-06-08,AFWTR,,5328972,341581065,0 STARLINK-31735,1 60054U 24112S   26229.89885889  .00001218  00000-0  47188-4 0  9993,2 60054  53.1620  48.8283 0001090  91.2977 268.8150 15.34389473123285
3.0,GENERATED VIA SPACE-TRACK.ORG API,2026-08-18T03:45:46,18 SPCS,STARLINK-30437,2023-156J,EARTH,TEME,UTC,SGP4,2026-08-17 21:50:10.737600,15.31707518,0.00012993,53.1615,49.2222,85.5312,274.5838,0,U,58036,999,16095,0.00002380146600,0.00000374,0.0000000000000,6848.855,94.013,471.609,469.830,PAYLOAD,LARGE,US,2023-10-09,AFWTR,,5328972,341578742,0 STARLINK-30437,1 58036U 23156J   26229.90984650  .00000374  00000-0  23801-4 0  9993,2 58036  53.1615  49.2222 0001299  85.5312 274.5838 15.31707518160957
3.0,GENERATED VIA SPACE-TRACK.ORG API,2026-08-18T03:45:46,18 SPCS,STARLINK-31205,2024-038Z,EARTH,TEME,UTC,SGP4,2026-08-17 21:53:59.879904,15.27579197,0.00011845,43.0011,193.1930,269.6880,90.3836,0,U,59046,999,13945,0.00005349148500,0.00001210,0.0000000000000,6861.189,94.267,483.866,482.241,PAYLOAD,LARGE,US,2024-02-25,AFETR,,5328972,341579646,0 STARLINK-31205,1 59046U 24038Z   26229.91249861  .00001210  00000-0  53491-4 0  9992,2 59046  43.0011 193.1930 0001184 269.6880  90.3836 15.27579197139458
3.0,GENERATED VIA SPACE-TRACK.ORG API,2026-08-18T03:45:46,18 SPCS,STARLINK-34429,2025-130AC,EARTH,TEME,UTC,SGP4,2026-08-17 21:57:51.275520,15.34364923,0.00014429,53.1593,56.3739,87.1358,272.9810,0,U,64464,999,6543,0.00083130988000,0.00027784,0.0000000000000,6840.944,93.850,463.797,461.822,PAYLOAD,LARGE,US,2025-06-18,AFETR,,5328972,341584474,0 STARLINK-34429,1 64464U 25130AC  26229.91517680  .00027784  00000-0  83131-3 0  9990,2 64464  53.1593  56.3739 0001443  87.1358 272.9810 15.34364923 65436
3.0,GENERATED VIA SPACE-TRACK.ORG API,2026-08-18T03:45:46,18 SPCS,STARLINK-6148,2023-090S,EARTH,TEME,UTC,SGP4,2026-08-17 22:01:02.571168,15.27581574,0.00007941,43.0029,90.7212,260.3394,99.7368,0,U,57117,999,17498,-0.00002482456400,-0.00000945,0.0000000000000,6861.181,94.267,483.591,482.502,PAYLOAD,LARGE,US,2023-06-23,AFETR,,5328972,341577884,0 STARLINK-6148,1 57117U 23090S   26229.91739087 -.00000945  00000-0 -24825-4 0  9995,2 57117  43.0029  90.7212 0000794 260.3394  99.7368 15.27581574174985
3.0,GENERATED VIA SPACE-TRACK.ORG API,2026-08-18T03:45:46,18 SPCS,STARLINK-6163,2023-090AD,EARTH,TEME,UTC,SGP4,2026-08-17 22:02:56.406624,15.27549472,0.00007446,43.0039,90.7207,256.6282,103.4486,0,U,57128,999,17480,-0.00013886649000,-0.00004077,0.0000000000000,6861.278,94.269,483.653,482.632,PAYLOAD,LARGE,US,2023-06-23,AFETR,,5328972,341577889,0 STARLINK-6163,1 57128U 23090AD  26229.91870841 -.00004077  00000-0 -13887-3 0  9996,2 57128  43.0039  90.7207 0000745 256.6282 103.4486 15.27549472174808
3.0,GENERATED VIA SPACE-TRACK.ORG API,2026-08-18T03:45:46,18 SPCS,STARLINK-3887,2022-049AK,EARTH,TEME,UTC,SGP4,2026-08-17 22:14:30.570144,15.35406777,0.00012426,53.1610,50.7173,93.3116,266.8029,0,U,52484,999,23665,0.00012786395000,0.00004083,0.0000000000000,6837.850,93.786,460.564,458.865,PAYLOAD,LARGE,US,2022-05-06,AFETR,,5328972,341575283,0 STARLINK-3887,1 52484U 22049AK  26229.92674271  .00004083  00000-0  12786-3 0  9991,2 52484  53.1610  50.7173 0001243  93.3116 266.8029 15.35406777236657
3.0,GENERATED VIA SPACE-TRACK.ORG API,2026-08-18T03:45:46,18 SPCS,STARLINK-11271,2024-154N,EARTH,TEME,UTC,SGP4,2026-08-17 22:36:27.598176,15.69710535,0.00009323,53.1601,56.1434,79.6682,280.4441,0,U,60915,999,11383,0.00000936054800,0.00000546,0.0000000000000,6737.862,91.737,360.355,359.099,PAYLOAD,LARGE,US,2024-08-31,AFETR,,5328972,341581421,0 STARLINK-11271,1 60915U 24154N   26229.94198609  .00000546  00000-0  93605-5 0  9997,2 60915  53.1601  56.1434 0000932  79.6682 280.4441 15.69710535113835
3.0,GENERATED VIA SPACE-TRACK.ORG API,2026-08-18T11:11:05,18 SPCS,STARLINK-5780,2023-090BB,EARTH,TEME,UTC,SGP4,2026-08-17 22:43:37.114176,15.27575159,0.00010192,43.0029,79.6289,243.0688,117.0060,0,U,57150,999,17512,-0.00000116756400,-0.00000294,0.0000000000000,6861.201,94.267,483.765,482.366,PAYLOAD,LARGE,US,2023-06-23,AFETR,,5329009,341612827,0 STARLINK-5780,1 57150U 23090BB  26229.94695734 -.00000294  00000-0 -11676-5 0  9993,2 57150  43.0029  79.6289 0001019 243.0688 117.0060 15.27575159175129
3.0,GENERATED VIA SPACE-TRACK.ORG API,2026-08-18T03:45:46,18 SPCS,STARLINK-36141,2025-294AD,EARTH,TEME,UTC,SGP4,2026-08-17 22:44:50.487648,15.27583236,0.00012830,42.9988,207.1898,266.7125,93.3580,0,U,67057,999,3946,0.00054105266000,0.00014658,0.0000000000000,6861.176,94.267,483.922,482.161,PAYLOAD,LARGE,US,2025-12-11,AFETR,,5328972,341587212,0 STARLINK-36141,1 67057U 25294AD  26229.94780657  .00014658  00000-0  54105-3 0  9996,2 67057  42.9988 207.1898 0001283 266.7125  93.3580 15.27583236 39467
3.0,GENERATED VIA SPACE-TRACK.ORG API,2026-08-18T03:45:46,18 SPCS,STARLINK-32681,2025-003V,EARTH,TEME,UTC,SGP4,2026-08-17 22:47:19.274496,15.27601614,0.00020692,43.0022,79.7082,256.4232,103.6389,0,U,62506,999,9154,0.00054925186000,0.00014893,0.0000000000000,6861.121,94.265,484.406,481.567,PAYLOAD,LARGE,US,2025-01-06,AFETR,,5328972,341583084,0 STARLINK-32681,1 62506U 25003V   26229.94952864  .00014893  00000-0  54925-3 0  9990,2 62506  43.0022  79.7082 0002069 256.4232 103.6389 15.27601614 91548
3.0,GENERATED VIA SPACE-TRACK.ORG API,2026-08-18T11:11:05,18 SPCS,STARLINK-35474,2025-259R,EARTH,TEME,UTC,SGP4,2026-08-17 23:01:33.070656,15.27590356,0.00011899,42.9992,83.7336,264.3493,95.7223,0,U,66437,999,4415,0.00038267487000,0.00010286,0.0000000000000,6861.155,94.266,483.836,482.204,PAYLOAD,LARGE,US,2025-11-11,AFETR,,5329009,341620840,0 STARLINK-35474,1 66437U 25259R   26229.95941054  .00010286  00000-0  38267-3 0  9993,2 66437  42.9992  83.7336 0001190 264.3493  95.7223 15.27590356 44150
3.0,GENERATED VIA SPACE-TRACK.ORG API,2026-08-18T11:11:05,18 SPCS,STARLINK-31947,2024-097A,EARTH,TEME,UTC,SGP4,2026-08-17 23:03:18.680832,15.27580166,0.00011286,43.0021,83.3750,276.4672,83.6051,0,U,59835,999,12658,0.00003515029900,0.00000705,0.0000000000000,6861.186,94.267,483.825,482.276,PAYLOAD,LARGE,US,2024-05-23,AFETR,,5329009,341615393,0 STARLINK-31947,1 59835U 24097A   26229.96063288  .00000705  00000-0  35150-4 0  9995,2 59835  43.0021  83.3750 0001129 276.4672  83.6051 15.27580166126581
3.0,GENERATED VIA SPACE-TRACK.ORG API,2026-08-18T11:11:05,18 SPCS,STARLINK-31934,2024-098V,EARTH,TEME,UTC,SGP4,2026-08-17 23:05:11.717088,15.27573930,0.00011423,43.0028,83.4953,270.8633,89.2088,0,U,59877,999,12655,-0.00001067696500,-0.00000556,0.0000000000000,6861.204,94.267,483.853,482.286,PAYLOAD,LARGE,US,2024-05-24,AFETR,,5329009,341615412,0 STARLINK-31934,1 59877U 24098V   26229.96194117 -.00000556  00000-0 -10677-4 0  9991,2 59877  43.0028  83.4953 0001142 270.8633  89.2088 15.27573930126550
3.0,GENERATED VIA SPACE-TRACK.ORG API,2026-08-18T11:11:05,18 SPCS,STARLINK-35833,2025-265AC,EARTH,TEME,UTC,SGP4,2026-08-17 23:15:43.991424,15.27587817,0.00018371,42.9984,87.5741,235.1391,124.9288,0,U,66542,999,4177,0.00040666808000,0.00010948,0.0000000000000,6861.163,94.266,484.288,481.767,PAYLOAD,LARGE,US,2025-11-19,AFETR,,5329009,341621392,0 STARLINK-35833,1 66542U 25265AC  26229.96925916  .00010948  00000-0  40667-3 0  9999,2 66542  42.9984  87.5741 0001837 235.1391 124.9288 15.27587817 41770
3.0,GENERATED VIA SPACE-TRACK.ORG API,2026-08-18T11:11:05,18 SPCS,STARLINK-35924,2025-265A,EARTH,TEME,UTC,SGP4,2026-08-17 23:30:19.535328,15.27589298,0.00014147,43.0020,86.8022,266.2234,93.8456,0,U,66516,999,4178,0.00039610758000,0.00010657,0.0000000000000,6861.158,94.266,483.994,482.053,PAYLOAD,LARGE,US,2025-11-19,AFETR,,5329009,341621379,0 STARLINK-35924,1 66516U 25265A   26229.97939277  .00010657  00000-0  39611-3 0  9990,2 66516  43.0020  86.8022 0001415 266.2234  93.8456 15.27589298 41788
3.0,GENERATED VIA SPACE-TRACK.ORG API,2026-08-18T11:11:05,18 SPCS,STARLINK-30877,2023-171N,EARTH,TEME,UTC,SGP4,2026-08-17 23:34:36.517440,15.27562600,0.00012387,43.0027,94.1974,262.9401,97.1310,0,U,58242,999,15440,0.00011992784000,0.00003038,0.0000000000000,6861.238,94.268,483.953,482.253,PAYLOAD,LARGE,US,2023-11-08,AFETR,,5329009,341613263,0 STARLINK-30877,1 58242U 23171N   26229.98236710  .00003038  00000-0  11993-3 0  9992,2 58242  43.0027  94.1974 0001239 262.9401  97.1310 15.27562600154401
3.0,GENERATED VIA SPACE-TRACK.ORG API,2026-08-18T11:11:05,18 SPCS,STARLINK-30444,2023-144H,EARTH,TEME,UTC,SGP4,2026-08-17 23:36:30.198240,15.27594295,0.00017271,42.9996,94.4372,271.7797,88.2857,0,U,57871,999,16202,0.00081096694000,0.00022131,0.0000000000000,6861.143,94.266,484.193,481.823,PAYLOAD,LARGE,US,2023-09-16,AFETR,,5329009,341613099,0 STARLINK-30444,1 57871U 23144H   26229.98368285  .00022131  00000-0  81097-3 0  9999,2 57871  42.9996  94.4372 0001727 271.7797  88.2857 15.27594295162023
3.0,GENERATED VIA SPACE-TRACK.ORG API,2026-08-18T11:11:05,18 SPCS,STARLINK-6131,2023-090G,EARTH,TEME,UTC,SGP4,2026-08-17 23:38:54.503520,15.27576662,0.00016195,43.0006,90.3679,259.9248,100.1421,0,U,57107,999,17500,-0.00008506293800,-0.00002602,0.0000000000000,6861.196,94.267,484.172,481.950,PAYLOAD,LARGE,US,2023-06-23,AFETR,,5329009,341612307,0 STARLINK-6131,1 57107U 23090G   26229.98535305 -.00002602  00000-0 -85063-4 0  9991,2 57107  43.0006  90.3679 0001619 259.9248 100.1421 15.27576662175004
3.0,GENERATED VIA SPACE-TRACK.ORG API,2026-08-18T11:11:05,18 SPCS,STARLINK-6172,2023-090AF,EARTH,TEME,UTC,SGP4,2026-08-17 23:42:36.122976,15.27572190,0.00010668,43.0026,90.3806,262.5778,97.4952,0,U,57130,999,17481,0.00003763501400,0.00000774,0.0000000000000,6861.209,94.267,483.806,482.343,PAYLOAD,LARGE,US,2023-06-23,AFETR,,5329009,341612318,0 STARLINK-6172,1 57130U 23090AF  26229.98791809  .00000774  00000-0  37635-4 0  9998,2 57130  43.0026  90.3806 0001067 262.5778  97.4952 15.27572190174816
3.0,GENERATED VIA SPACE-TRACK.ORG API,2026-08-18T11:11:05,18 SPCS,STARLINK-30849,2023-171R,EARTH,TEME,UTC,SGP4,2026-08-17 23:49:23.664000,15.27574084,0.00025851,43.0080,94.2852,265.7033,94.3524,0,U,58245,999,15440,-0.00000735942600,-0.00000465,0.0000000000000,6861.204,94.267,484.843,481.295,PAYLOAD,LARGE,US,2023-11-08,AFETR,,5329009,341613764,0 STARLINK-30849,1 58245U 23171R   26229.99263500 -.00000465  00000-0 -73594-5 0  9993,2 58245  43.0080  94.2852 0002585 265.7033  94.3524 15.27574084154401
3.0,GENERATED VIA SPACE-TRACK.ORG API,2026-08-18T11:11:05,18 SPCS,STARLINK-30429,2023-144N,EARTH,TEME,UTC,SGP4,2026-08-17 23:53:10.044960,15.27549486,0.00004793,43.0027,94.5263,276.9880,83.0917,0,U,57876,999,16230,0.00013691254000,0.00003504,0.0000000000000,6861.277,94.269,483.471,482.814,PAYLOAD,LARGE,US,2023-09-16,AFETR,,5329009,341613601,0 STARLINK-30429,1 57876U 23144N   26229.99525515  .00003504  00000-0  13691-3 0  9994,2 57876  43.0027  94.5263 0000479 276.9880  83.0917 15.27549486162301
3.0,GENERATED VIA SPACE-TRACK.ORG API,2026-08-18T11:11:05,18 SPCS,STARLINK-30881,2023-171X,EARTH,TEME,UTC,SGP4,2026-08-17 23:56:46.712832,15.27577257,0.00011749,43.0036,94.2293,260.0576,100.0143,0,U,58251,999,15440,0.00001856730300,0.00000249,0.0000000000000,6861.194,94.267,483.865,482.253,PAYLOAD,LARGE,US,2023-11-08,AFETR,,5329009,341613767,0 STARLINK-30881,1 58251U 23171X   26229.99776288  .00000249  00000-0  18567-4 0  9998,2 58251  43.0036  94.2293 0001175 260.0576 100.0143 15.27577257154409
3.0,GENERATED VIA SPACE-TRACK.ORG API,2026-08-18T11:11:05,18 SPCS,STARLINK-35884,2025-294Q,EARTH,TEME,UTC,SGP4,2026-08-17 23:56:47.278752,15.27599860,0.00010426,43.0001,206.7116,234.5953,125.4801,0,U,67044,999,3947,0.00052805173000,0.00014306,0.0000000000000,6861.127,94.266,483.707,482.276,PAYLOAD,LARGE,US,2025-12-11,AFETR,,5329009,341621633,0 STARLINK-35884,1 67044U 25294Q   26229.99776943  .00014306  00000-0  52805-3 0  9995,2 67044  43.0001 206.7116 0001043 234.5953 125.4801 15.27599860 39479
3.0,GENERATED VIA SPACE-TRACK.ORG API,2026-08-18T11:11:05,18 SPCS,STARLINK-30854,2023-171Q,EARTH,TEME,UTC,SGP4,2026-08-18 00:00:30.522528,15.27569815,0.00012590,43.0055,94.3388,277.9299,82.1410,0,U,58244,999,15440,-0.00001265006000,-0.00000610,0.0000000000000,6861.217,94.267,483.945,482.218,PAYLOAD,LARGE,US,2023-11-08,AFETR,,5329009,341613264,0 STARLINK-30854,1 58244U 23171Q   26230.00035327 -.00000610  00000-0 -12650-4 0  9997,2 58244  43.0055  94.3388 0001259 277.9299  82.1410 15.27569815154408
3.0,GENERATED VIA SPACE-TRACK.ORG API,2026-08-18T11:11:05,18 SPCS,STARLINK-36137,2025-294D,EARTH,TEME,UTC,SGP4,2026-08-18 00:02:20.437152,15.27605583,0.00011693,43.0012,206.7439,232.1311,127.9435,0,U,67033,999,3947,0.00064098744000,0.00017432,0.0000000000000,6861.109,94.265,483.777,482.172,PAYLOAD,LARGE,US,2025-12-11,AFETR,,5329009,341621128,0 STARLINK-36137,1 67033U 25294D   26230.00162543  .00017432  00000-0  64099-3 0  9993,2 67033  43.0012 206.7439 0001169 232.1311 127.9435 15.27605583 39478
3.0,GENERATED VIA SPACE-TRACK.ORG API,2026-08-18T11:11:05,18 SPCS,STARLINK-31515,2024-068X,EARTH,TEME,UTC,SGP4,2026-08-18 00:03:06.767424,15.27566383,0.00014352,43.0008,203.4817,271.9366,88.1322,0,U,59476,999,13319,-0.00002755079800,-0.00001020,0.0000000000000,6861.227,94.268,484.077,482.107,PAYLOAD,LARGE,US,2024-04-10,AFETR,,5329009,341614750,0 STARLINK-31515,1 59476U 24068X   26230.00216166 -.00001020  00000-0 -27551-4 0  9995,2 59476  43.0008 203.4817 0001435 271.9366  88.1322 15.27566383133197
3.0,GENERATED VIA SPACE-TRACK.ORG API,2026-08-18T11:11:05,18 SPCS,STARLINK-11539,2025-031G,EARTH,TEME,UTC,SGP4,2026-08-18 00:07:03.117216,15.70859433,0.00018701,43.0007,109.0557,262.5924,97.4731,0,U,62987,999,8811,0.00107792400000,0.00140339,0.0000000000000,6734.577,91.670,357.701,355.182,PAYLOAD,LARGE,US,2025-02-11,AFETR,,5329009,341617226,0 STARLINK-11539,1 62987U 25031G   26230.00489719  .00140339  00000-0  10779-2 0  9990,2 62987  43.0007 109.0557 0001870 262.5924  97.4731 15.70859433 88115
3.0,GENERATED VIA SPACE-TRACK.ORG API,2026-08-18T11:11:05,18 SPCS,STARLINK-31597,2024-068K,EARTH,TEME,UTC,SGP4,2026-08-18 00:08:38.388768,15.27572760,0.00013969,42.9989,203.5139,281.4997,78.5698,0,U,59464,999,13314,-0.00001482573700,-0.00000670,0.0000000000000,6861.208,94.267,484.031,482.114,PAYLOAD,LARGE,US,2024-04-10,AFETR,,5329009,341614245,0 STARLINK-31597,1 59464U 24068K   26230.00599987 -.00000670  00000-0 -14826-4 0  9998,2 59464  42.9989 203.5139 0001397 281.4997  78.5698 15.27572760133141
3.0,GENERATED VIA SPACE-TRACK.ORG API,2026-08-18T11:11:05,18 SPCS,STARLINK-30956,2023-186J,EARTH,TEME,UTC,SGP4,2026-08-18 00:10:53.934816,15.27568801,0.00012915,43.0016,210.2399,255.1497,104.9212,0,U,58481,999,15082,-0.00000283231400,-0.00000340,0.0000000000000,6861.220,94.267,483.971,482.198,PAYLOAD,LARGE,US,2023-12-03,AFETR,,5329009,341613849,0 STARLINK-30956,1 58481U 23186J   26230.00756869 -.00000340  00000-0 -28323-5 0  9992,2 58481  43.0016 210.2399 0001292 255.1497 104.9212 15.27568801150823
3.0,GENERATED VIA SPACE-TRACK.ORG API,2026-08-18T11:11:05,18 SPCS,STARLINK-36078,2025-294W,EARTH,TEME,UTC,SGP4,2026-08-18 00:13:27.631776,15.27600431,0.00019253,43.0003,206.7896,268.2521,91.8110,0,U,67050,999,3947,0.00042743090000,0.00011526,0.0000000000000,6861.125,94.265,484.311,481.669,PAYLOAD,LARGE,US,2025-12-11,AFETR,,5329009,341621636,0 STARLINK-36078,1 67050U 25294W   26230.00934759  .00011526  00000-0  42743-3 0  9998,2 67050  43.0003 206.7896 0001925 268.2521  91.8110 15.27600431 39473
3.0,GENERATED VIA SPACE-TRACK.ORG API,2026-08-18T11:11:05,18 SPCS,STARLINK-32675,2024-229S,EARTH,TEME,UTC,SGP4,2026-08-18 00:14:09.707712,15.27592852,0.00016754,42.9967,79.6261,273.8814,86.1846,0,U,62208,999,9523,0.00062199327000,0.00016900,0.0000000000000,6861.148,94.266,484.162,481.863,PAYLOAD,LARGE,US,2024-12-04,AFETR,,5329009,341617387,0 STARLINK-32675,1 62208U 24229S   26230.00983458  .00016900  00000-0  62199-3 0  9993,2 62208  42.9967  79.6261 0001675 273.8814  86.1846 15.27592852 95238
3.0,GENERATED VIA SPACE-TRACK.ORG API,2026-08-18T11:11:05,18 SPCS,STARLINK-32688,2024-229B,EARTH,TEME,UTC,SGP4,2026-08-18 00:25:15.983040,15.27591825,0.00011801,43.0012,79.6866,268.2240,91.8476,0,U,62193,999,9523,0.00054608515000,0.00014801,0.0000000000000,6861.151,94.266,483.825,482.206,PAYLOAD,LARGE,US,2024-12-04,AFETR,,5329009,341616880,0 STARLINK-32688,1 62193U 24229B   26230.01754610  .00014801  00000-0  54609-3 0  9998,2 62193  43.0012  79.6866 0001180 268.2240  91.8476 15.27591825 95238
3.0,GENERATED VIA SPACE-TRACK.ORG API,2026-08-18T11:11:05,18 SPCS,STARLINK-11567,2025-027C,EARTH,TEME,UTC,SGP4,2026-08-18 00:48:31.017312,15.70896675,0.00021470,43.0003,95.4683,261.9347,98.1277,0,U,62909,999,8852,0.00127699280000,0.00167145,0.0000000000000,6734.470,91.667,357.781,354.889,PAYLOAD,LARGE,US,2025-02-08,AFETR,,5329009,341617190,0 STARLINK-11567,1 62909U 25027C   26230.03369233  .00167145  00000-0  12770-2 0  9997,2 62909  43.0003  95.4683 0002147 261.9347  98.1277 15.70896675 88520
3.0,GENERATED VIA SPACE-TRACK.ORG API,2026-08-18T11:11:05,18 SPCS,STARLINK-11430,2025-027K,EARTH,TEME,UTC,SGP4,2026-08-18 00:56:09.066912,15.70833438,0.00026012,43.0028,95.5087,266.0679,93.9892,0,U,62916,999,8856,0.00125621850000,0.00163924,0.0000000000000,6734.651,91.671,358.268,354.764,PAYLOAD,LARGE,US,2025-02-08,AFETR,,5329009,341617693,0 STARLINK-11430,1 62916U 25027K   26230.03899383  .00163924  00000-0  12562-2 0  9999,2 62916  43.0028  95.5087 0002601 266.0679  93.9892 15.70833438 88561
3.0,GENERATED VIA SPACE-TRACK.ORG API,2026-08-18T11:11:05,18 SPCS,STARLINK-32547,2024-207H,EARTH,TEME,UTC,SGP4,2026-08-18 01:01:59.392128,15.27584528,0.00011273,43.0002,90.1026,271.5026,88.5697,0,U,61919,999,9939,0.00019526088000,0.00005116,0.0000000000000,6861.173,94.266,483.811,482.264,PAYLOAD,LARGE,US,2024-11-11,AFETR,,5329009,341616252,0 STARLINK-32547,1 61919U 24207H   26230.04304852  .00005116  00000-0  19526-3 0  9999,2 61919  43.0002  90.1026 0001127 271.5026  88.5697 15.27584528 99399
3.0,GENERATED VIA SPACE-TRACK.ORG API,2026-08-18T11:11:05,18 SPCS,STARLINK-11565,2025-027F,EARTH,TEME,UTC,SGP4,2026-08-18 01:03:37.340352,15.70870460,0.00019210,43.0005,94.6579,260.4770,99.5881,0,U,62912,999,8853,0.00121917290000,0.00159226,0.0000000000000,6734.545,91.669,357.704,355.116,PAYLOAD,LARGE,US,2025-02-08,AFETR,,5329009,341617691,0 STARLINK-11565,1 62912U 25027F   26230.04418218  .00159226  00000-0  12192-2 0  9999,2 62912  43.0005  94.6579 0001921 260.4770  99.5881 15.70870460 88535
3.0,GENERATED VIA SPACE-TRACK.ORG API,2026-08-18T11:11:05,18 SPCS,STARLINK-32622,2024-207R,EARTH,TEME,UTC,SGP4,2026-08-18 01:03:50.775552,15.27589512,0.00004575,43.0000,90.1135,343.7711,16.3125,0,U,61927,999,9940,0.00049524367000,0.00013395,0.0000000000000,6861.158,94.266,483.337,482.709,PAYLOAD,LARGE,US,2024-11-11,AFETR,,5329009,341616256,0 STARLINK-32622,1 61927U 24207R   26230.04433768  .00013395  00000-0  49524-3 0  9996,2 61927  43.0000  90.1135 0000457 343.7711  16.3125 15.27589512 99400
3.0,GENERATED VIA SPACE-TRACK.ORG API,2026-08-18T11:11:05,18 SPCS,STARLINK-30866,2023-171H,EARTH,TEME,UTC,SGP4,2026-08-18 01:14:18.441312,15.27587505,0.00010271,43.0015,93.8654,269.7173,90.3561,0,U,58237,999,15441,0.00009422733000,0.00002332,0.0000000000000,6861.164,94.266,483.733,482.324,PAYLOAD,LARGE,US,2023-11-08,AFETR,,5329009,341613760,0 STARLINK-30866,1 58237U 23171H   26230.05160233  .00002332  00000-0  94227-4 0  9990,2 58237  43.0015  93.8654 0001027 269.7173  90.3561 15.27587505154414
3.0,GENERATED VIA SPACE-TRACK.ORG API,2026-08-18T11:11:05,18 SPCS,STARLINK-30848,2023-171L,EARTH,TEME,UTC,SGP4,2026-08-18 01:16:09.231168,15.27578726,0.00009813,43.0010,93.8630,270.0296,90.0443,0,U,58240,999,15441,0.00001847949000,0.00000247,0.0000000000000,6861.190,94.267,483.728,482.382,PAYLOAD,LARGE,US,2023-11-08,AFETR,,5329009,341613262,0 STARLINK-30848,1 58240U 23171L   26230.05288462  .00000247  00000-0  18479-4 0  9997,2 58240  43.0010  93.8630 0000981 270.0296  90.0443 15.27578726154417
3.0,GENERATED VIA SPACE-TRACK.ORG API,2026-08-18T11:11:05,18 SPCS,STARLINK-32694,2025-003H,EARTH,TEME,UTC,SGP4,2026-08-18 01:21:01.959552,15.27574906,0.00007364,43.0002,97.3824,268.3912,91.6855,0,U,62494,999,9135,0.00051958033000,0.00014061,0.0000000000000,6861.201,94.267,483.572,482.561,PAYLOAD,LARGE,US,2025-01-06,AFETR,,5329009,341617006,0 STARLINK-32694,1 62494U 25003H   26230.05627268  .00014061  00000-0  51958-3 0  9997,2 62494  43.0002  97.3824 0000736 268.3912  91.6855 15.27574906 91354
3.0,GENERATED VIA SPACE-TRACK.ORG API,2026-08-18T11:11:05,18 SPCS,STARLINK-32729,2025-003L,EARTH,TEME,UTC,SGP4,2026-08-18 01:26:34.139904,15.27595479,0.00009210,42.9989,97.4089,262.4762,97.5985,0,U,62497,999,9135,0.00067010682000,0.00018232,0.0000000000000,6861.140,94.266,483.637,482.373,PAYLOAD,LARGE,US,2025-01-06,AFETR,,5329009,341617507,0 STARLINK-32729,1 62497U 25003L   26230.06011736  .00018232  00000-0  67011-3 0  9999,2 62497  42.9989  97.4089 0000921 262.4762  97.5985 15.27595479 91354
3.0,GENERATED VIA SPACE-TRACK.ORG API,2026-08-18T11:11:05,18 SPCS,STARLINK-30066,2023-067S,EARTH,TEME,UTC,SGP4,2026-08-18 01:44:40.092000,15.27585526,0.00010295,43.0007,79.4522,268.4327,91.6407,0,U,56704,999,18038,0.00007156861700,0.00001708,0.0000000000000,6861.170,94.266,483.741,482.328,PAYLOAD,LARGE,US,2023-05-19,AFETR,,5329009,341612184,0 STARLINK-30066,1 56704U 23067S   26230.07268625  .00001708  00000-0  71569-4 0  9997,2 56704  43.0007  79.4522 0001029 268.4327  91.6407 15.27585526180384
3.0,GENERATED VIA SPACE-TRACK.ORG API,2026-08-18T11:11:05,18 SPCS,STARLINK-11576,2025-031N,EARTH,TEME,UTC,SGP4,2026-08-18 01:53:52.952640,15.70874731,0.00019858,43.0004,108.7551,271.8781,88.1860,0,U,62993,999,8811,0.00024096766000,0.00030631,0.0000000000000,6734.533,91.669,357.735,355.060,PAYLOAD,LARGE,US,2025-02-11,AFETR,,5329009,341617229,0 STARLINK-11576,1 62993U 25031N   26230.07908510  .00030631  00000-0  24097-3 0  9991,2 62993  43.0004 108.7551 0001986 271.8781  88.1860 15.70874731 88119
3.0,GENERATED VIA SPACE-TRACK.ORG API,2026-08-18T11:11:05,18 SPCS,STARLINK-30122,2023-067A,EARTH,TEME,UTC,SGP4,2026-08-18 02:29:29.857056,15.27582254,0.00009937,43.0044,86.4811,251.6633,108.4110,0,U,56688,999,18037,0.00004060012200,0.00000855,0.0000000000000,6861.179,94.267,483.726,482.363,PAYLOAD,LARGE,US,2023-05-19,AFETR,,5329009,341612177,0 STARLINK-30122,1 56688U 23067A   26230.10381779  .00000855  00000-0  40600-4 0  9992,2 56688  43.0044  86.4811 0000994 251.6633 108.4110 15.27582254180371
3.0,GENERATED VIA SPACE-TRACK.ORG API,2026-08-18T11:11:05,18 SPCS,STARLINK-36828,2026-034H,EARTH,TEME,UTC,SGP4,2026-08-18 02:35:18.100896,15.31714936,0.00016178,53.1591,173.4661,102.3516,257.7667,0,U,67857,999,2876,0.00046411739000,0.00014071,0.0000000000000,6848.832,94.012,471.805,469.589,PAYLOAD,LARGE,US,2026-02-20,AFETR,,5329009,341622520,0 STARLINK-36828,1 67857U 26034H   26230.10784839  .00014071  00000-0  46412-3 0  9994,2 67857  53.1591 173.4661 0001618 102.3516 257.7667 15.31714936 28764
3.0,GENERATED VIA SPACE-TRACK.ORG API,2026-08-18T11:11:05,18 SPCS,STARLINK-36838,2026-034F,EARTH,TEME,UTC,SGP4,2026-08-18 02:35:47.560704,15.31716579,0.00013840,53.1589,173.4721,88.8413,271.2746,0,U,67855,999,2876,0.00036739936000,0.00011058,0.0000000000000,6848.828,94.012,471.640,469.745,PAYLOAD,LARGE,US,2026-02-20,AFETR,,5329009,341622519,0 STARLINK-36838,1 67855U 26034F   26230.10818936  .00011058  00000-0  36740-3 0  9993,2 67855  53.1589 173.4721 0001384  88.8413 271.2746 15.31716579 28764
3.0,GENERATED VIA SPACE-TRACK.ORG API,2026-08-18T11:11:05,18 SPCS,STARLINK-5307,2023-021AG,EARTH,TEME,UTC,SGP4,2026-08-18 02:40:04.376064,14.98338177,0.00026319,70.0002,137.3400,268.1681,91.9177,0,U,55658,999,19297,0.00009393670200,0.00001028,0.0000000000000,6950.168,96.106,573.862,570.203,PAYLOAD,LARGE,US,2023-02-17,AFWTR,,5329009,341611282,0 STARLINK-5307,1 55658U 23021AG  26230.11116176  .00001028  00000-0  93937-4 0  9990,2 55658  70.0002 137.3400 0002632 268.1681  91.9177 14.98338177192976
3.0,GENERATED VIA SPACE-TRACK.ORG API,2026-08-18T11:11:05,18 SPCS,STARLINK-32252,2024-144T,EARTH,TEME,UTC,SGP4,2026-08-18 02:40:36.953184,15.34392117,0.00014907,53.1595,183.7925,90.5698,269.5476,0,U,60442,999,11411,0.00004286569800,0.00001072,0.0000000000000,6840.864,93.848,463.748,461.709,PAYLOAD,LARGE,US,2024-08-12,AFETR,,5329009,341615150,0 STARLINK-32252,1 60442U 24144T   26230.11153881  .00001072  00000-0  42866-4 0  9992,2 60442  53.1595 183.7925 0001491  90.5698 269.5476 15.34392117114116
3.0,GENERATED VIA SPACE-TRACK.ORG API,2026-08-18T11:11:05,18 SPCS,STARLINK-34878,2025-189M,EARTH,TEME,UTC,SGP4,2026-08-18 02:43:29.602848,15.31714332,0.00015856,53.1602,176.0881,84.9140,275.2043,0,U,65334,999,5583,0.00049855124000,0.00015144,0.0000000000000,6848.834,94.012,471.785,469.613,PAYLOAD,LARGE,US,2025-08-27,AFETR,,5329009,341619812,0 STARLINK-34878,1 65334U 25189M   26230.11353707  .00015144  00000-0  49855-3 0  9995,2 65334  53.1602 176.0881 0001586  84.9140 275.2043 15.31714332 55831
3.0,GENERATED VIA SPACE-TRACK.ORG API,2026-08-18T11:11:05,18 SPCS,STARLINK-5469,2023-021X,EARTH,TEME,UTC,SGP4,2026-08-18 02:46:04.983744,14.98332396,0.00027845,70.0002,137.3547,269.2594,90.8246,0,U,55649,999,19297,0.00003902048400,0.00000373,0.0000000000000,6950.185,96.107,573.986,570.115,PAYLOAD,LARGE,US,2023-02-17,AFWTR,,5329009,341611278,0 STARLINK-5469,1 55649U 23021X   26230.11533546  .00000373  00000-0  39020-4 0  9999,2 55649  70.0002 137.3547 0002785 269.2594  90.8246 14.98332396192974
3.0,GENERATED VIA SPACE-TRACK.ORG API,2026-08-18T11:11:05,18 SPCS,STARLINK-11076,2024-002E,EARTH,TEME,UTC,SGP4,2026-08-18 02:54:49.418784,15.69712683,0.00009646,53.1589,198.1045,83.9136,276.1992,0,U,58709,999,15179,0.00001264556000,0.00000944,0.0000000000000,6737.856,91.737,360.371,359.071,PAYLOAD,LARGE,US,2024-01-03,AFWTR,,5329009,341614434,0 STARLINK-11076,1 58709U 24002E   26230.12140531  .00000944  00000-0  12646-4 0  9997,2 58709  53.1589 198.1045 0000965  83.9136 276.1992 15.69712683151797
3.0,GENERATED VIA SPACE-TRACK.ORG API,2026-08-18T11:11:05,18 SPCS,STARLINK-5665,2023-013AG,EARTH,TEME,UTC,SGP4,2026-08-18 02:56:59.608032,15.27577706,0.00014329,43.0020,96.9081,238.1031,121.9681,0,U,55361,999,19653,0.00002676452000,0.00000474,0.0000000000000,6861.193,94.267,484.041,482.075,PAYLOAD,LARGE,US,2023-01-26,AFETR,,5329009,341611666,0 STARLINK-5665,1 55361U 23013AG  26230.12291213  .00000474  00000-0  26765-4 0  9998,2 55361  43.0020  96.9081 0001433 238.1031 121.9681 15.27577706196532
3.0,GENERATED VIA SPACE-TRACK.ORG API,2026-08-18T11:11:05,18 SPCS,STARLINK-3950,2022-086Y,EARTH,TEME,UTC,SGP4,2026-08-18 02:57:44.902368,15.35396057,0.00011634,53.1598,182.1944,79.1516,280.9618,0,U,53264,999,22553,0.00001968404200,0.00000306,0.0000000000000,6837.881,93.787,460.542,458.951,PAYLOAD,LARGE,US,2022-07-24,AFETR,,5329009,341610457,0 STARLINK-3950,1 53264U 22086Y   26230.12343637  .00000306  00000-0  19684-4 0  9991,2 53264  53.1598 182.1944 0001163  79.1516 280.9618 15.35396057225537
3.0,GENERATED VIA SPACE-TRACK.ORG API,2026-08-18T11:11:05,18 SPCS,STARLINK-5267,2023-021AD,EARTH,TEME,UTC,SGP4,2026-08-18 03:03:47.830752,14.98329359,0.00025160,69.9999,117.5254,269.1076,90.9795,0,U,55655,999,19345,0.00000926377300,0.00000018,0.0000000000000,6950.195,96.107,573.809,570.311,PAYLOAD,LARGE,US,2023-02-17,AFWTR,,5329009,341611281,0 STARLINK-5267,1 55655U 23021AD  26230.12763693  .00000018  00000-0  92638-5 0  9996,2 55655  69.9999 117.5254 0002516 269.1076  90.9795 14.98329359193453
3.0,GENERATED VIA SPACE-TRACK.ORG API,2026-08-18T11:11:05,18 SPCS,STARLINK-32538,2024-225H,EARTH,TEME,UTC,SGP4,2026-08-18 03:04:02.760672,14.98333744,0.00024674,70.0000,117.5434,267.9285,92.1591,0,U,62170,999,9405,0.00041664243000,0.00004882,0.0000000000000,6950.181,96.107,573.761,570.331,PAYLOAD,LARGE,US,2024-11-30,AFWTR,,5329009,341617369,0 STARLINK-32538,1 62170U 24225H   26230.12780973  .00004882  00000-0  41664-3 0  9997,2 62170  70.0000 117.5434 0002467 267.9285  92.1591 14.98333744 94059
3.0,GENERATED VIA SPACE-TRACK.ORG API,2026-08-18T11:11:05,18 SPCS,STARLINK-33919,2025-087C,EARTH,TEME,UTC,SGP4,2026-08-18 03:09:26.378784,15.34402636,0.00022442,53.1611,189.9199,66.3109,293.8129,0,U,63699,999,7391,0.00036618671000,0.00012017,0.0000000000000,6840.832,93.848,464.233,461.162,PAYLOAD,LARGE,US,2025-04-28,AFWTR,,5329009,341618031,0 STARLINK-33919,1 63699U 25087C   26230.13155531  .00012017  00000-0  36619-3 0  9991,2 63699  53.1611 189.9199 0002244  66.3109 293.8129 15.34402636 73913
3.0,GENERATED VIA SPACE-TRACK.ORG API,2026-08-18T11:11:05,18 SPCS,STARLINK-5531,2023-013BE,EARTH,TEME,UTC,SGP4,2026-08-18 03:11:47.745600,15.27577049,0.00011697,43.0028,96.9764,235.4076,124.6665,0,U,55383,999,19653,0.00002665669300,0.00000471,0.0000000000000,6861.195,94.267,483.862,482.257,PAYLOAD,LARGE,US,2023-01-26,AFETR,,5329009,341611177,0 STARLINK-5531,1 55383U 23013BE  26230.13319150  .00000471  00000-0  26657-4 0  9991,2 55383  43.0028  96.9764 0001170 235.4076 124.6665 15.27577049196531
3.0,GENERATED VIA SPACE-TRACK.ORG API,2026-08-18T11:11:05,18 SPCS,STARLINK-4130,2022-086X,EARTH,TEME,UTC,SGP4,2026-08-18 03:20:08.283264,15.29361473,0.00013636,53.1604,180.9745,88.4276,271.6880,0,U,53263,999,22555,0.00004759958300,0.00001018,0.0000000000000,6855.857,94.157,478.657,476.787,PAYLOAD,LARGE,US,2022-07-24,AFETR,,5329009,341609957,0 STARLINK-4130,1 53263U 22086X   26230.13898476  .00001018  00000-0  47600-4 0  9997,2 53263  53.1604 180.9745 0001364  88.4276 271.6880 15.29361473225555
3.0,GENERATED VIA SPACE-TRACK.ORG API,2026-08-18T11:11:05,18 SPCS,STARLINK-33939,2025-087F,EARTH,TEME,UTC,SGP4,2026-08-18 03:20:56.388192,15.31699817,0.00016071,53.1607,188.5559,86.8281,273.2904,0,U,63702,999,7393,0.00086445858000,0.00026556,0.0000000000000,6848.878,94.013,471.843,469.642,PAYLOAD,LARGE,US,2025-04-28,AFWTR,,5329009,341618532,0 STARLINK-33939,1 63702U 25087F   26230.13954153  .00026556  00000-0  86446-3 0  9999,2 63702  53.1607 188.5559 0001607  86.8281 273.2904 15.31699817 73939
3.0,GENERATED VIA SPACE-TRACK.ORG API,2026-08-18T11:11:05,18 SPCS,STARLINK-4061,2022-086F,EARTH,TEME,UTC,SGP4,2026-08-18 03:26:14.131104,15.33383377,0.00013961,53.1615,191.9304,86.5678,273.5484,0,U,53247,999,22571,0.00011070199000,0.00003251,0.0000000000000,6843.864,93.910,466.684,464.773,PAYLOAD,LARGE,US,2022-07-24,AFETR,,5329009,341610449,0 STARLINK-4061,1 53247U 22086F   26230.14321911  .00003251  00000-0  11070-3 0  9997,2 53247  53.1615 191.9304 0001396  86.5678 273.5484 15.33383377225713
3.0,GENERATED VIA SPACE-TRACK.ORG API,2026-08-18T17:55:23,18 SPCS,STARLINK-2194,2021-017BB,EARTH,TEME,UTC,SGP4,2026-08-18 03:28:52.021920,15.31692269,0.00016205,53.1614,172.5268,80.8679,279.2506,0,U,47771,999,30261,-0.00000481972300,-0.00000515,0.0000000000000,6848.900,94.014,471.875,469.655,PAYLOAD,LARGE,US,2021-03-04,AFETR,,5329040,341644015,0 STARLINK-2194,1 47771U 21017BB  26230.14504655 -.00000515  00000-0 -48197-5 0  9997,2 47771  53.1614 172.5268 0001620  80.8679 279.2506 15.31692269302613
3.0,GENERATED VIA SPACE-TRACK.ORG API,2026-08-18T11:11:05,18 SPCS,STARLINK-1802,2020-073AJ,EARTH,TEME,UTC,SGP4,2026-08-18 03:29:31.006464,15.44833142,0.00033632,53.1535,179.0383,70.6100,289.5270,0,U,46702,999,32231,0.00108878860000,0.00051787,0.0000000000000,6810.005,93.214,434.161,429.580,PAYLOAD,LARGE,US,2020-10-18,AFETR,,5329009,341607650,0 STARLINK-1802,1 46702U 20073AJ  26230.14549776  .00051787  00000-0  10888-2 0  9992,2 46702  53.1535 179.0383 0003363  70.6100 289.5270 15.44833142322312
3.0,GENERATED VIA SPACE-TRACK.ORG API,2026-08-18T17:55:23,18 SPCS,STARLINK-30779,2023-166L,EARTH,TEME,UTC,SGP4,2026-08-18 03:34:51.775104,15.31698675,0.00014860,53.1597,188.6471,85.5279,274.5893,0,U,58160,999,15791,0.00001219722600,0.00000013,0.0000000000000,6848.881,94.013,471.764,469.728,PAYLOAD,LARGE,US,2023-10-29,AFWTR,,5329040,341649414,0 STARLINK-30779,1 58160U 23166L   26230.14921036  .00000013  00000-0  12197-4 0  9995,2 58160  53.1597 188.6471 0001486  85.5279 274.5893 15.31698675157914
3.0,GENERATED VIA SPACE-TRACK.ORG API,2026-08-18T11:11:05,18 SPCS,STARLINK-36283,2025-304F,EARTH,TEME,UTC,SGP4,2026-08-18 03:42:59.626656,14.98336804,0.00025027,70.0007,127.2235,272.3831,87.7042,0,U,67197,999,3807,0.00023233311000,0.00002681,0.0000000000000,6950.172,96.107,573.776,570.297,PAYLOAD,LARGE,US,2025-12-17,AFWTR,,5329009,341621208,0 STARLINK-36283,1 67197U 25304F   26230.15485679  .00002681  00000-0  23233-3 0  9995,2 67197  70.0007 127.2235 0002503 272.3831  87.7042 14.98336804 38076
3.0,GENERATED VIA SPACE-TRACK.ORG API,2026-08-18T17:55:23,18 SPCS,STARLINK-36213,2025-304W,EARTH,TEME,UTC,SGP4,2026-08-18 03:49:00.247296,14.98336261,0.00026632,70.0008,127.2379,270.1593,89.9261,0,U,67212,999,3807,0.00022622139000,0.00002608,0.0000000000000,6950.174,96.107,573.890,570.188,PAYLOAD,LARGE,US,2025-12-17,AFWTR,,5329040,341657402,0 STARLINK-36213,1 67212U 25304W   26230.15903064  .00002608  00000-0  22622-3 0  9996,2 67212  70.0008 127.2379 0002663 270.1593  89.9261 14.98336261 38076
3.0,GENERATED VIA SPACE-TRACK.ORG API,2026-08-18T11:11:05,18 SPCS,STARLINK-3827,2022-045AR,EARTH,TEME,UTC,SGP4,2026-08-18 03:50:19.739616,15.33546493,0.00011001,53.1628,181.2950,89.6652,270.4476,0,U,52370,999,24033,0.00011681907000,0.00003471,0.0000000000000,6843.378,93.900,465.996,464.490,PAYLOAD,LARGE,US,2022-04-29,AFETR,,5329009,341609189,0 STARLINK-3827,1 52370U 22045AR  26230.15995069  .00003471  00000-0  11682-3 0  9993,2 52370  53.1628 181.2950 0001100  89.6652 270.4476 15.33546493240333
3.0,GENERATED VIA SPACE-TRACK.ORG API,2026-08-18T17:55:23,18 SPCS,STARLINK-11155,2024-112J,EARTH,TEME,UTC,SGP4,2026-08-18 03:52:04.623168,15.69713436,0.00010566,53.1597,190.1443,84.9365,275.1773,0,U,60046,999,12634,0.00000890016500,0.00000490,0.0000000000000,6737.854,91.736,360.431,359.007,PAYLOAD,LARGE,US,2024-06-08,AFWTR,,5329040,341651176,0 STARLINK-11155,1 60046U 24112J   26230.16116462  .00000490  00000-0  89002-5 0  9993,2 60046  53.1597 190.1443 0001057  84.9365 275.1773 15.69713436126341
3.0,GENERATED VIA SPACE-TRACK.ORG API,2026-08-18T11:11:05,18 SPCS,STARLINK-3826,2022-045S,EARTH,TEME,UTC,SGP4,2026-08-18 03:56:07.655136,15.33550978,0.00013214,53.1599,185.5549,83.7639,276.3513,0,U,52347,999,24027,0.00004816286700,0.00001212,0.0000000000000,6843.365,93.900,466.134,464.326,PAYLOAD,LARGE,US,2022-04-29,AFETR,,5329009,341609179,0 STARLINK-3826,1 52347U 22045S   26230.16397749  .00001212  00000-0  48163-4 0  9995,2 52347  53.1599 185.5549 0001321  83.7639 276.3513 15.33550978240273
3.0,GENERATED VIA SPACE-TRACK.ORG API,2026-08-18T11:11:05,18 SPCS,STARLINK-35879,2025-288B,EARTH,TEME,UTC,SGP4,2026-08-18 04:12:25.844832,15.27591199,0.00013184,42.9997,191.5463,272.2249,87.8452,0,U,66960,999,3998,0.00048937702000,0.00013233,0.0000000000000,6861.153,94.266,483.922,482.113,PAYLOAD,LARGE,US,2025-12-08,AFETR,,5329009,341621093,0 STARLINK-35879,1 66960U 25288B   26230.17529913  .00013233  00000-0  48938-3 0  9999,2 66960  42.9997 191.5463 0001318 272.2249  87.8452 15.27591199 39981
3.0,GENERATED VIA SPACE-TRACK.ORG API,2026-08-18T17:55:23,18 SPCS,STARLINK-35665,2025-257L,EARTH,TEME,UTC,SGP4,2026-08-18 04:21:11.033280,15.34407741,0.00017849,53.1579,185.1211,97.5005,262.6200,0,U,66390,999,4458,0.00057049832000,0.00018953,0.0000000000000,6840.817,93.847,463.903,461.461,PAYLOAD,LARGE,US,2025-11-08,AFETR,,5329040,341656504,0 STARLINK-35665,1 66390U 25257L   26230.18137770  .00018953  00000-0  57050-3 0  9998,2 66390  53.1579 185.1211 0001785  97.5005 262.6200 15.34407741 44587
3.0,GENERATED VIA SPACE-TRACK.ORG API,2026-08-18T11:11:05,18 SPCS,STARLINK-33612,2025-057U,EARTH,TEME,UTC,SGP4,2026-08-18 04:35:12.302304,15.27593638,0.00015520,43.0002,199.0615,277.9267,82.1408,0,U,63325,999,8047,0.00046750194000,0.00012630,0.0000000000000,6861.145,94.266,484.075,481.945,PAYLOAD,LARGE,US,2025-03-18,AFETR,,5329009,341618386,0 STARLINK-33612,1 63325U 25057U   26230.19111461  .00012630  00000-0  46750-3 0  9992,2 63325  43.0002 199.0615 0001552 277.9267  82.1408 15.27593638 80475
3.0,GENERATED VIA SPACE-TRACK.ORG API,2026-08-18T11:11:05,18 SPCS,STARLINK-31462,2024-068M,EARTH,TEME,UTC,SGP4,2026-08-18 04:40:00.221664,15.27582842,0.00012764,43.0017,202.3337,273.4505,86.6201,0,U,59466,999,13322,0.00007406887700,0.00001777,0.0000000000000,6861.178,94.267,483.918,482.167,PAYLOAD,LARGE,US,2024-04-10,AFETR,,5329009,341614246,0 STARLINK-31462,1 59466U 24068M   26230.19444701  .00001777  00000-0  74069-4 0  9995,2 59466  43.0017 202.3337 0001276 273.4505  86.6201 15.27582842133227
3.0,GENERATED VIA SPACE-TRACK.ORG API,2026-08-18T11:11:05,18 SPCS,STARLINK-4553,2022-101BC,EARTH,TEME,UTC,SGP4,2026-08-18 04:56:43.261728,15.34394052,0.00014289,53.1615,39.1128,93.9651,266.1515,0,U,53577,999,22178,0.00003453990800,0.00000791,0.0000000000000,6840.858,93.848,463.700,461.745,PAYLOAD,LARGE,US,2022-08-19,AFETR,,5329009,341610548,0 STARLINK-4553,1 53577U 22101BC  26230.20605627  .00000791  00000-0  34540-4 0  9991,2 53577  53.1615  39.1128 0001429  93.9651 266.1515 15.34394052221785
3.0,GENERATED VIA SPACE-TRACK.ORG API,2026-08-18T11:11:05,18 SPCS,STARLINK-3828,2022-049U,EARTH,TEME,UTC,SGP4,2026-08-18 04:57:21.245760,15.33549508,0.00011197,53.1619,49.2734,83.6553,276.4577,0,U,52469,999,23669,0.00005760053300,0.00001522,0.0000000000000,6843.369,93.900,466.001,464.468,PAYLOAD,LARGE,US,2022-05-06,AFETR,,5329009,341609205,0 STARLINK-3828,1 52469U 22049U   26230.20649590  .00001522  00000-0  57601-4 0  9994,2 52469  53.1619  49.2734 0001120  83.6553 276.4577 15.33549508236693
3.0,GENERATED VIA SPACE-TRACK.ORG API,2026-08-18T11:11:05,18 SPCS,STARLINK-35705,2025-294K,EARTH,TEME,UTC,SGP4,2026-08-18 05:05:10.983552,15.27607862,0.00014422,43.0001,205.7318,260.8935,99.1754,0,U,67039,999,3950,0.00051981677000,0.00014082,0.0000000000000,6861.103,94.265,483.957,481.978,PAYLOAD,LARGE,US,2025-12-11,AFETR,,5329009,341621131,0 STARLINK-35705,1 67039U 25294K   26230.21193268  .00014082  00000-0  51982-3 0  9995,2 67039  43.0001 205.7318 0001442 260.8935  99.1754 15.27607862 39501
3.0,GENERATED VIA SPACE-TRACK.ORG API,2026-08-18T11:11:05,18 SPCS,STARLINK-36784,2026-034AD,EARTH,TEME,UTC,SGP4,2026-08-18 05:08:45.721248,15.34413066,0.00013939,53.1579,173.4415,96.9329,263.1832,0,U,67877,999,2877,0.00055402930000,0.00018396,0.0000000000000,6840.801,93.847,463.620,461.713,PAYLOAD,LARGE,US,2026-02-20,AFETR,,5329009,341622530,0 STARLINK-36784,1 67877U 26034AD  26230.21441807  .00018396  00000-0  55403-3 0  9997,2 67877  53.1579 173.4415 0001394  96.9329 263.1832 15.34413066 28779
3.0,GENERATED VIA SPACE-TRACK.ORG API,2026-08-18T11:11:05,18 SPCS,STARLINK-31271,2024-017B,EARTH,TEME,UTC,SGP4,2026-08-18 05:17:52.498464,15.34406792,0.00016060,53.1598,173.5871,75.6916,284.4265,0,U,58827,999,14479,0.00037318888000,0.00012256,0.0000000000000,6840.820,93.847,463.784,461.586,PAYLOAD,LARGE,US,2024-01-24,AFWTR,,5329009,341613980,0 STARLINK-31271,1 58827U 24017B   26230.22074651  .00012256  00000-0  37319-3 0  9996,2 58827  53.1598 173.5871 0001606  75.6916 284.4265 15.34406792144799
3.0,GENERATED VIA SPACE-TRACK.ORG API,2026-08-18T11:11:05,18 SPCS,STARLINK-31435,2024-036G,EARTH,TEME,UTC,SGP4,2026-08-18 05:20:17.019744,15.34395921,0.00008859,53.1627,47.1880,81.4308,278.6795,0,U,59004,999,14007,0.00001876441200,0.00000258,0.0000000000000,6840.852,93.848,463.323,462.111,PAYLOAD,LARGE,US,2024-02-23,AFWTR,,5329009,341614054,0 STARLINK-31435,1 59004U 24036G   26230.22241921  .00000258  00000-0  18764-4 0  9994,2 59004  53.1627  47.1880 0000886  81.4308 278.6795 15.34395921140076
3.0,GENERATED VIA SPACE-TRACK.ORG API,2026-08-18T11:11:05,18 SPCS,STARLINK-36835,2026-034P,EARTH,TEME,UTC,SGP4,2026-08-18 05:20:52.658016,15.34411541,0.00013315,53.1584,173.4780,105.3983,254.7167,0,U,67863,999,2877,0.00053079316000,0.00017606,0.0000000000000,6840.806,93.847,463.582,461.760,PAYLOAD,LARGE,US,2026-02-20,AFETR,,5329009,341622523,0 STARLINK-36835,1 67863U 26034P   26230.22283169  .00017606  00000-0  53079-3 0  9998,2 67863  53.1584 173.4780 0001332 105.3983 254.7167 15.34411541 28771
3.0,GENERATED VIA SPACE-TRACK.ORG API,2026-08-18T11:11:05,18 SPCS,STARLINK-4165,2022-086AW,EARTH,TEME,UTC,SGP4,2026-08-18 05:23:10.053888,15.31696663,0.00015094,53.1599,170.7802,91.0699,269.0475,0,U,53286,999,22568,0.00002382955200,0.00000374,0.0000000000000,6848.887,94.013,471.786,469.718,PAYLOAD,LARGE,US,2022-07-24,AFETR,,5329009,341610465,0 STARLINK-4165,1 53286U 22086AW  26230.22442192  .00000374  00000-0  23830-4 0  9995,2 53286  53.1599 170.7802 0001509  91.0699 269.0475 15.31696663225684
3.0,GENERATED VIA SPACE-TRACK.ORG API,2026-08-18T11:11:05,18 SPCS,STARLINK-36608,2026-034E,EARTH,TEME,UTC,SGP4,2026-08-18 05:23:54.748608,15.34406624,0.00018715,53.1611,173.4850,91.6434,268.4783,0,U,67854,999,2876,0.00057348246000,0.00019053,0.0000000000000,6840.821,93.847,463.966,461.405,PAYLOAD,LARGE,US,2026-02-20,AFETR,,5329009,341622019,0 STARLINK-36608,1 67854U 26034E   26230.22493922  .00019053  00000-0  57348-3 0  9999,2 67854  53.1611 173.4850 0001871  91.6434 268.4783 15.34406624 28767
3.0,GENERATED VIA SPACE-TRACK.ORG API,2026-08-18T11:11:05,18 SPCS,STARLINK-34874,2025-189N,EARTH,TEME,UTC,SGP4,2026-08-18 05:24:41.408064,15.34412749,0.00010806,53.1575,175.3578,99.3455,260.7670,0,U,65335,999,5585,0.00088102761000,0.00029520,0.0000000000000,6840.802,93.847,463.407,461.928,PAYLOAD,LARGE,US,2025-08-27,AFETR,,5329009,341619313,0 STARLINK-34874,1 65335U 25189N   26230.22547926  .00029520  00000-0  88103-3 0  9998,2 65335  53.1575 175.3578 0001081  99.3455 260.7670 15.34412749 55852
3.0,GENERATED VIA SPACE-TRACK.ORG API,2026-08-18T11:11:05,18 SPCS,STARLINK-4179,2022-086AK,EARTH,TEME,UTC,SGP4,2026-08-18 05:27:37.997568,15.35401443,0.00016653,53.1589,169.8151,96.5846,263.5347,0,U,53275,999,22570,0.00015826828000,0.00005144,0.0000000000000,6837.865,93.787,460.869,458.592,PAYLOAD,LARGE,US,2022-07-24,AFETR,,5329009,341610461,0 STARLINK-4179,1 53275U 22086AK  26230.22752312  .00005144  00000-0  15827-3 0  9997,2 53275  53.1589 169.8151 0001665  96.5846 263.5347 15.35401443225708
3.0,GENERATED VIA SPACE-TRACK.ORG API,2026-08-18T11:11:05,18 SPCS,STARLINK-31231,2024-038M,EARTH,TEME,UTC,SGP4,2026-08-18 05:33:40.627008,15.27571212,0.00016828,43.0019,191.2925,275.6370,84.4289,0,U,59034,999,13939,0.00010253745000,0.00002560,0.0000000000000,6861.212,94.267,484.232,481.923,PAYLOAD,LARGE,US,2024-02-25,AFETR,,5329009,341614567,0 STARLINK-31231,1 59034U 24038M   26230.23172022  .00002560  00000-0  10254-3 0  9998,2 59034  43.0019 191.2925 0001683 275.6370  84.4289 15.27571212139390
3.0,GENERATED VIA SPACE-TRACK.ORG API,2026-08-18T11:11:05,18 SPCS,STARLINK-35088,2025-189X,EARTH,TEME,UTC,SGP4,2026-08-18 05:33:47.163168,15.34405901,0.00013672,53.1589,175.4026,87.3943,272.7216,0,U,65344,999,5586,0.00084808017000,0.00028391,0.0000000000000,6840.823,93.847,463.623,461.752,PAYLOAD,LARGE,US,2025-08-27,AFETR,,5329009,341619817,0 STARLINK-35088,1 65344U 25189X   26230.23179587  .00028391  00000-0  84808-3 0  9996,2 65344  53.1589 175.4026 0001367  87.3943 272.7216 15.34405901 55864
3.0,GENERATED VIA SPACE-TRACK.ORG API,2026-08-18T11:11:05,18 SPCS,STARLINK-3859,2022-049V,EARTH,TEME,UTC,SGP4,2026-08-18 05:36:09.110592,15.34395798,0.00012445,53.1622,48.8810,86.5698,273.5447,0,U,52470,999,23670,0.00000031022300,-0.00000366,0.0000000000000,6840.853,93.848,463.569,461.866,PAYLOAD,LARGE,US,2022-05-06,AFETR,,5329009,341609705,0 STARLINK-3859,1 52470U 22049V   26230.23343878 -.00000366  00000-0  31022-6 0  9996,2 52470  53.1622  48.8810 0001245  86.5698 273.5447 15.34395798236706
3.0,GENERATED VIA SPACE-TRACK.ORG API,2026-08-18T11:11:05,18 SPCS,STARLINK-3882,2022-049AA,EARTH,TEME,UTC,SGP4,2026-08-18 05:37:26.143104,15.35403768,0.00007263,53.1617,48.9135,72.6791,287.4292,0,U,52475,999,23670,0.00004670531000,0.00001249,0.0000000000000,6837.858,93.786,460.220,459.227,PAYLOAD,LARGE,US,2022-05-06,AFETR,,5329009,341609707,0 STARLINK-3882,1 52475U 22049AA  26230.23433036  .00001249  00000-0  46705-4 0  9999,2 52475  53.1617  48.9135 0000726  72.6791 287.4292 15.35403768236709
3.0,GENERATED VIA SPACE-TRACK.ORG API,2026-08-18T11:11:05,18 SPCS,STARLINK-31210,2024-038L,EARTH,TEME,UTC,SGP4,2026-08-18 05:39:13.762080,15.27580597,0.00011804,43.0016,191.3207,270.2648,89.8068,0,U,59033,999,13956,0.00004041300600,0.00000850,0.0000000000000,6861.184,94.267,483.859,482.239,PAYLOAD,LARGE,US,2024-02-25,AFETR,,5329009,341614067,0 STARLINK-31210,1 59033U 24038L   26230.23557595  .00000850  00000-0  40413-4 0  9990,2 59033  43.0016 191.3207 0001180 270.2648  89.8068 15.27580597139560
3.0,GENERATED VIA SPACE-TRACK.ORG API,2026-08-18T11:11:05,18 SPCS,STARLINK-4109,2022-086AC,EARTH,TEME,UTC,SGP4,2026-08-18 05:44:20.729184,15.34392961,0.00014364,53.1624,181.0081,90.5288,269.5879,0,U,53268,999,22556,0.00006907075600,0.00001957,0.0000000000000,6840.861,93.848,463.709,461.744,PAYLOAD,LARGE,US,2022-07-24,AFETR,,5329009,341610459,0 STARLINK-4109,1 53268U 22086AC  26230.23912881  .00001957  00000-0  69071-4 0  9998,2 53268  53.1624 181.0081 0001436  90.5288 269.5879 15.34392961225561
3.0,GENERATED VIA SPACE-TRACK.ORG API,2026-08-18T11:11:05,18 SPCS,STARLINK-34864,2025-189H,EARTH,TEME,UTC,SGP4,2026-08-18 05:44:41.313120,15.31709537,0.00014565,53.1594,175.4492,80.8085,279.3081,0,U,65330,999,5585,0.00035541698000,0.00010683,0.0000000000000,6848.849,94.013,471.711,469.716,PAYLOAD,LARGE,US,2025-08-27,AFETR,,5329009,341619810,0 STARLINK-34864,1 65330U 25189H   26230.23936705  .00010683  00000-0  35542-3 0  9990,2 65330  53.1594 175.4492 0001456  80.8085 279.3081 15.31709537 55857
3.0,GENERATED VIA SPACE-TRACK.ORG API,2026-08-18T11:11:05,18 SPCS,STARLINK-30567,2023-158S,EARTH,TEME,UTC,SGP4,2026-08-18 05:47:49.322976,15.27579082,0.00013874,43.0012,194.9809,262.0827,97.9867,0,U,58067,999,15827,0.00003548550900,0.00000714,0.0000000000000,6861.189,94.267,484.006,482.102,PAYLOAD,LARGE,US,2023-10-13,AFETR,,5329009,341613683,0 STARLINK-30567,1 58067U 23158S   26230.24154309  .00000714  00000-0  35486-4 0  9998,2 58067  43.0012 194.9809 0001387 262.0827  97.9867 15.27579082158279
3.0,GENERATED VIA SPACE-TRACK.ORG API,2026-08-18T11:11:05,18 SPCS,STARLINK-31178,2024-038C,EARTH,TEME,UTC,SGP4,2026-08-18 05:49:37.832736,15.27580883,0.00011811,43.0012,194.8221,271.1730,88.8986,0,U,59025,999,13935,0.00006883030300,0.00001632,0.0000000000000,6861.183,94.267,483.859,482.238,PAYLOAD,LARGE,US,2024-02-25,AFETR,,5329009,341614563,0 STARLINK-31178,1 59025U 24038C   26230.24279899  .00001632  00000-0  68830-4 0  9992,2 59025  43.0012 194.8221 0001181 271.1730  88.8986 15.27580883139357
3.0,GENERATED VIA SPACE-TRACK.ORG API,2026-08-18T11:11:05,18 SPCS,STARLINK-35324,2025-221R,EARTH,TEME,UTC,SGP4,2026-08-18 05:50:36.496608,15.34417744,0.00006112,53.1604,56.8344,98.3414,261.7658,0,U,65838,999,4948,0.00087796484000,0.00029420,0.0000000000000,6840.788,93.847,463.071,462.234,PAYLOAD,LARGE,US,2025-09-29,AFWTR,,5329009,341620050,0 STARLINK-35324,1 65838U 25221R   26230.24347797  .00029420  00000-0  87796-3 0  9995,2 65838  53.1604  56.8344 0000611  98.3414 261.7658 15.34417744 49488
3.0,GENERATED VIA SPACE-TRACK.ORG API,2026-08-18T11:11:05,18 SPCS,STARLINK-31631,2024-068E,EARTH,TEME,UTC,SGP4,2026-08-18 05:50:48.604704,15.27576022,0.00013381,43.0019,198.4033,276.1905,83.8795,0,U,59459,999,13327,0.00003106143700,0.00000593,0.0000000000000,6861.198,94.267,483.981,482.145,PAYLOAD,LARGE,US,2024-04-10,AFETR,,5329009,341614243,0 STARLINK-31631,1 59459U 24068E   26230.24361811  .00000593  00000-0  31061-4 0  9993,2 59459  43.0019 198.4033 0001338 276.1905  83.8795 15.27576022133277
3.0,GENERATED VIA SPACE-TRACK.ORG API,2026-08-18T11:11:05,18 SPCS,STARLINK-6360,2023-094T,EARTH,TEME,UTC,SGP4,2026-08-18 05:52:39.103392,15.27567242,0.00016236,43.0026,198.3083,272.3685,87.6981,0,U,57235,999,17182,-0.00001262692500,-0.00000610,0.0000000000000,6861.224,94.268,484.203,481.975,PAYLOAD,LARGE,US,2023-07-07,AFWTR,,5329009,341612862,0 STARLINK-6360,1 57235U 23094T   26230.24489703 -.00000610  00000-0 -12627-4 0  9991,2 57235  43.0026 198.3083 0001624 272.3685  87.6981 15.27567242171826
3.0,GENERATED VIA SPACE-TRACK.ORG API,2026-08-18T11:11:05,18 SPCS,STARLINK-30575,2023-158B,EARTH,TEME,UTC,SGP4,2026-08-18 05:53:22.799328,15.27577881,0.00010163,43.0005,195.0270,274.3767,85.6969,0,U,58052,999,15827,0.00004600374300,0.00001004,0.0000000000000,6861.192,94.267,483.755,482.360,PAYLOAD,LARGE,US,2023-10-13,AFETR,,5329009,341613176,0 STARLINK-30575,1 58052U 23158B   26230.24540277  .00001004  00000-0  46004-4 0  9996,2 58052  43.0005 195.0270 0001016 274.3767  85.6969 15.27577881158279
3.0,GENERATED VIA SPACE-TRACK.ORG API,2026-08-18T11:11:05,18 SPCS,STARLINK-32229,2024-144M,EARTH,TEME,UTC,SGP4,2026-08-18 05:54:15.860160,15.34392854,0.00015580,53.1601,183.2130,91.6384,268.4797,0,U,60436,999,11409,0.00004005559600,0.00000977,0.0000000000000,6840.861,93.848,463.792,461.661,PAYLOAD,LARGE,US,2024-08-12,AFETR,,5329009,341615147,0 STARLINK-32229,1 60436U 24144M   26230.24601690  .00000977  00000-0  40056-4 0  9997,2 60436  53.1601 183.2130 0001558  91.6384 268.4797 15.34392854114097
3.0,GENERATED VIA SPACE-TRACK.ORG API,2026-08-18T11:11:05,18 SPCS,STARLINK-31186,2024-038H,EARTH,TEME,UTC,SGP4,2026-08-18 05:55:11.309088,15.27570745,0.00012324,43.0016,194.8487,264.9879,95.0832,0,U,59030,999,13946,-0.00000300879000,-0.00000345,0.0000000000000,6861.214,94.267,483.924,482.233,PAYLOAD,LARGE,US,2024-02-25,AFETR,,5329009,341614565,0 STARLINK-31186,1 59030U 24038H   26230.24665867 -.00000345  00000-0 -30088-5 0  9999,2 59030  43.0016 194.8487 0001232 264.9879  95.0832 15.27570745139460
3.0,GENERATED VIA SPACE-TRACK.ORG API,2026-08-18T11:11:05,18 SPCS,STARLINK-3874,2022-045AL,EARTH,TEME,UTC,SGP4,2026-08-18 05:56:30.988896,15.35404125,0.00012995,53.1617,180.8900,91.1860,268.9292,0,U,52365,999,24034,0.00002684824300,0.00000556,0.0000000000000,6837.857,93.786,460.611,458.834,PAYLOAD,LARGE,US,2022-04-29,AFETR,,5329009,341609686,0 STARLINK-3874,1 52365U 22045AL  26230.24758089  .00000556  00000-0  26848-4 0  9998,2 52365  53.1617 180.8900 0001300  91.1860 268.9292 15.35404125240342
3.0,GENERATED VIA SPACE-TRACK.ORG API,2026-08-18T11:11:05,18 SPCS,STARLINK-32323,2024-193S,EARTH,TEME,UTC,SGP4,2026-08-18 05:56:40.245792,15.34398547,0.00012904,53.1607,56.9153,88.4755,271.6396,0,U,61677,999,10131,0.00005200895700,0.00001381,0.0000000000000,6840.845,93.848,463.592,461.827,PAYLOAD,LARGE,US,2024-10-26,AFETR,,5329009,341616148,0 STARLINK-32323,1 61677U 24193S   26230.24768803  .00001381  00000-0  52009-4 0  9990,2 61677  53.1607  56.9153 0001290  88.4755 271.6396 15.34398547101318
3.0,GENERATED VIA SPACE-TRACK.ORG API,2026-08-18T11:11:05,18 SPCS,STARLINK-35683,2025-257AB,EARTH,TEME,UTC,SGP4,2026-08-18 05:57:19.867104,15.34402201,0.00014800,53.1590,183.4201,87.7549,272.3623,0,U,66405,999,4444,0.00030741320000,0.00010025,0.0000000000000,6840.834,93.848,463.711,461.686,PAYLOAD,LARGE,US,2025-11-08,AFETR,,5329009,341620824,0 STARLINK-35683,1 66405U 25257AB  26230.24814661  .00010025  00000-0  30741-3 0  9993,2 66405  53.1590 183.4201 0001480  87.7549 272.3623 15.34402201 44441
3.0,GENERATED VIA SPACE-TRACK.ORG API,2026-08-18T11:11:05,18 SPCS,STARLINK-33887,2025-085S,EARTH,TEME,UTC,SGP4,2026-08-18 05:59:57.907392,15.27593604,0.00014693,43.0002,198.0601,268.0491,92.0192,0,U,63680,999,7364,0.00052220127000,0.00014141,0.0000000000000,6861.145,94.266,484.019,482.002,PAYLOAD,LARGE,US,2025-04-28,AFETR,,5329009,341618022,0 STARLINK-33887,1 63680U 25085S   26230.24997578  .00014141  00000-0  52220-3 0  9992,2 63680  43.0002 198.0601 0001469 268.0491  92.0192 15.27593604 73644
3.0,GENERATED VIA SPACE-TRACK.ORG API,2026-08-18T11:11:05,18 SPCS,STARLINK-35657,2025-257V,EARTH,TEME,UTC,SGP4,2026-08-18 06:00:21.890304,15.34407036,0.00011822,53.1589,183.4371,89.9155,270.1983,0,U,66399,999,4450,0.00097197719000,0.00032614,0.0000000000000,6840.819,93.847,463.493,461.876,PAYLOAD,LARGE,US,2025-11-08,AFETR,,5329009,341620322,0 STARLINK-35657,1 66399U 25257V   26230.25025336  .00032614  00000-0  97198-3 0  9996,2 66399  53.1589 183.4371 0001182  89.9155 270.1983 15.34407036 44508
3.0,GENERATED VIA SPACE-TRACK.ORG API,2026-08-18T11:11:05,18 SPCS,STARLINK-32222,2024-144L,EARTH,TEME,UTC,SGP4,2026-08-18 06:03:21.356928,15.34391539,0.00020777,53.1612,183.2491,86.9061,273.2180,0,U,60435,999,11409,-0.00000286594500,-0.00000474,0.0000000000000,6840.865,93.848,464.152,461.309,PAYLOAD,LARGE,US,2024-08-12,AFETR,,5329009,341615646,0 STARLINK-32222,1 60435U 24144L   26230.25233052 -.00000474  00000-0 -28659-5 0  9990,2 60435  53.1612 183.2491 0002078  86.9061 273.2180 15.34391539114094
3.0,GENERATED VIA SPACE-TRACK.ORG API,2026-08-18T11:11:05,18 SPCS,STARLINK-35681,2025-257R,EARTH,TEME,UTC,SGP4,2026-08-18 06:04:04.241568,15.34417270,0.00008088,53.1593,184.8698,93.9636,266.1459,0,U,66395,999,4441,0.00075968364000,0.00025392,0.0000000000000,6840.789,93.847,463.207,462.101,PAYLOAD,LARGE,US,2025-11-08,AFETR,,5329009,341620320,0 STARLINK-35681,1 66395U 25257R   26230.25282687  .00025392  00000-0  75968-3 0  9992,2 66395  53.1593 184.8698 0000809  93.9636 266.1459 15.34417270 44414
3.0,GENERATED VIA SPACE-TRACK.ORG API,2026-08-18T11:11:05,18 SPCS,STARLINK-1039,2019-074AH,EARTH,TEME,UTC,SGP4,2026-08-18 06:05:03.771168,15.33238669,0.00029595,53.0571,185.5566,27.2468,332.8688,0,U,44744,999,37305,0.00122083740000,0.00039604,0.0000000000000,6844.294,93.919,468.185,464.134,PAYLOAD,LARGE,US,2019-11-11,AFETR,,5329009,341606739,0 STARLINK-1039,1 44744U 19074AH  26230.25351587  .00039604  00000-0  12208-2 0  9990,2 44744  53.0571 185.5566 0002960  27.2468 332.8688 15.33238669373050
3.0,GENERATED VIA SPACE-TRACK.ORG API,2026-08-18T11:11:05,18 SPCS,STARLINK-32249,2024-144V,EARTH,TEME,UTC,SGP4,2026-08-18 06:06:23.304960,15.34391788,0.00017942,53.1602,183.2553,71.1953,288.9244,0,U,60444,999,11413,0.00000251879200,-0.00000292,0.0000000000000,6840.865,93.848,463.957,461.502,PAYLOAD,LARGE,US,2024-08-12,AFETR,,5329009,341615151,0 STARLINK-32249,1 60444U 24144V   26230.25443640 -.00000292  00000-0  25188-5 0  9997,2 60444  53.1602 183.2553 0001794  71.1953 288.9244 15.34391788114137
3.0,GENERATED VIA SPACE-TRACK.ORG API,2026-08-18T11:11:05,18 SPCS,STARLINK-5872,2023-094Q,EARTH,TEME,UTC,SGP4,2026-08-18 06:07:26.396832,15.27573058,0.00014957,43.0013,198.3749,265.3527,94.7154,0,U,57232,999,17248,-0.00000737327300,-0.00000465,0.0000000000000,6861.207,94.267,484.098,482.046,PAYLOAD,LARGE,US,2023-07-07,AFWTR,,5329009,341613360,0 STARLINK-5872,1 57232U 23094Q   26230.25516663 -.00000465  00000-0 -73733-5 0  9999,2 57232  43.0013 198.3749 0001496 265.3527  94.7154 15.27573058172488
3.0,GENERATED VIA SPACE-TRACK.ORG API,2026-08-18T11:11:05,18 SPCS,STARLINK-35158,2025-257B,EARTH,TEME,UTC,SGP4,2026-08-18 06:10:08.020128,15.34405593,0.00013010,53.1595,184.9016,94.8181,265.2970,0,U,66381,999,4449,0.00049221803000,0.00016293,0.0000000000000,6840.824,93.847,463.579,461.799,PAYLOAD,LARGE,US,2025-11-08,AFETR,,5329009,341620313,0 STARLINK-35158,1 66381U 25257B   26230.25703727  .00016293  00000-0  49222-3 0  9994,2 66381  53.1595 184.9016 0001301  94.8181 265.2970 15.34405593 44490
3.0,GENERATED VIA SPACE-TRACK.ORG API,2026-08-18T11:11:05,18 SPCS,STARLINK-3310,2022-001AJ,EARTH,TEME,UTC,SGP4,2026-08-18 06:10:54.380640,15.12265623,0.00030283,53.2149,172.4582,60.4701,299.6594,0,U,50835,999,25467,0.00092615794000,0.00015942,0.0000000000000,6907.429,95.221,531.386,527.203,PAYLOAD,LARGE,US,2022-01-06,AFETR,,5329009,341608946,0 STARLINK-3310,1 50835U 22001AJ  26230.25757385  .00015942  00000-0  92616-3 0  9999,2 50835  53.2149 172.4582 0003028  60.4701 299.6594 15.12265623254678
3.0,GENERATED VIA SPACE-TRACK.ORG API,2026-08-18T11:11:05,18 SPCS,STARLINK-35662,2025-257E,EARTH,TEME,UTC,SGP4,2026-08-18 06:13:09.410016,15.34421874,0.00007910,53.1596,184.9127,112.3494,247.7592,0,U,66384,999,4449,0.00090877045000,0.00030474,0.0000000000000,6840.775,93.846,463.181,462.099,PAYLOAD,LARGE,US,2025-11-08,AFETR,,5329009,341620814,0 STARLINK-35662,1 66384U 25257E   26230.25913669  .00030474  00000-0  90877-3 0  9994,2 66384  53.1596 184.9127 0000791 112.3494 247.7592 15.34421874 44497
3.0,GENERATED VIA SPACE-TRACK.ORG API,2026-08-18T11:11:05,18 SPCS,STARLINK-5840,2023-094P,EARTH,TEME,UTC,SGP4,2026-08-18 06:14:50.561088,15.27577751,0.00010501,43.0011,198.4180,252.6640,107.4097,0,U,57231,999,17182,0.00002137181700,0.00000326,0.0000000000000,6861.193,94.267,483.778,482.337,PAYLOAD,LARGE,US,2023-07-07,AFWTR,,5329009,341612860,0 STARLINK-5840,1 57231U 23094P   26230.26030742  .00000326  00000-0  21372-4 0  9993,2 57231  43.0011 198.4180 0001050 252.6640 107.4097 15.27577751171825
3.0,GENERATED VIA SPACE-TRACK.ORG API,2026-08-18T11:11:05,18 SPCS,STARLINK-31716,2024-062D,EARTH,TEME,UTC,SGP4,2026-08-18 06:15:04.222656,15.30201743,0.00014737,53.1604,176.5313,77.9067,282.2099,0,U,59377,999,13504,0.00000539467200,-0.00000200,0.0000000000000,6853.347,94.105,476.222,474.202,PAYLOAD,LARGE,US,2024-04-02,AFWTR,,5329009,341614705,0 STARLINK-31716,1 59377U 24062D   26230.26046554 -.00000200  00000-0  53947-5 0  9996,2 59377  53.1604 176.5313 0001474  77.9067 282.2099 15.30201743135041
3.0,GENERATED VIA SPACE-TRACK.ORG API,2026-08-18T11:11:05,18 SPCS,STARLINK-2549,2021-036AQ,EARTH,TEME,UTC,SGP4,2026-08-18 06:16:43.497120,15.31704630,0.00012245,53.1596,59.0188,83.8590,276.2551,0,U,48314,999,29293,0.00010913762000,0.00003023,0.0000000000000,6848.863,94.013,471.567,469.890,PAYLOAD,LARGE,US,2021-04-29,AFETR,,5329009,341608468,0 STARLINK-2549,1 48314U 21036AQ  26230.26161455  .00003023  00000-0  10914-3 0  9991,2 48314  53.1596  59.0188 0001225  83.8590 276.2551 15.31704630292938
3.0,GENERATED VIA SPACE-TRACK.ORG API,2026-08-18T11:11:05,18 SPCS,STARLINK-30160,2023-105M,EARTH,TEME,UTC,SGP4,2026-08-18 06:27:39.021696,15.27578955,0.00010182,43.0037,74.1261,271.9451,88.1284,0,U,57441,999,17005,0.00001691463600,0.00000203,0.0000000000000,6861.189,94.267,483.753,482.356,PAYLOAD,LARGE,US,2023-07-24,AFETR,,5329009,341613424,0 STARLINK-30160,1 57441U 23105M   26230.26920164  .00000203  00000-0  16915-4 0  9996,2 57441  43.0037  74.1261 0001018 271.9451  88.1284 15.27578955170058
3.0,GENERATED VIA SPACE-TRACK.ORG API,2026-08-18T11:11:05,18 SPCS,STARLINK-31654,2024-098A,EARTH,TEME,UTC,SGP4,2026-08-18 06:28:55.192800,15.27578802,0.00008245,43.0032,78.0494,276.9657,83.1101,0,U,59858,999,12663,0.00002873965100,0.00000529,0.0000000000000,6861.190,94.267,483.620,482.489,PAYLOAD,LARGE,US,2024-05-24,AFETR,,5329009,341614904,0 STARLINK-31654,1 59858U 24098A   26230.27008325  .00000529  00000-0  28740-4 0  9999,2 59858  43.0032  78.0494 0000824 276.9657  83.1101 15.27578802126634
3.0,GENERATED VIA SPACE-TRACK.ORG API,2026-08-18T11:11:05,18 SPCS,STARLINK-31768,2024-080R,EARTH,TEME,UTC,SGP4,2026-08-18 06:33:48.392064,15.27593697,0.00014924,43.0020,205.4678,285.9691,74.0996,0,U,59616,999,12924,0.00011650022000,0.00002946,0.0000000000000,6861.145,94.266,484.034,481.986,PAYLOAD,LARGE,US,2024-04-28,AFETR,,5329009,341614306,0 STARLINK-31768,1 59616U 24080R   26230.27347676  .00002946  00000-0  11650-3 0  9993,2 59616  43.0020 205.4678 0001492 285.9691  74.0996 15.27593697129243
3.0,GENERATED VIA SPACE-TRACK.ORG API,2026-08-18T11:11:05,18 SPCS,STARLINK-33774,2025-087AA,EARTH,TEME,UTC,SGP4,2026-08-18 06:35:34.982016,15.31719052,0.00017647,53.1604,187.9736,77.9346,282.1853,0,U,63721,999,7395,0.00053104640000,0.00016159,0.0000000000000,6848.820,94.012,471.894,469.477,PAYLOAD,LARGE,US,2025-04-28,AFWTR,,5329009,341618042,0 STARLINK-33774,1 63721U 25087AA  26230.27471044  .00016159  00000-0  53105-3 0  9992,2 63721  53.1604 187.9736 0001765  77.9346 282.1853 15.31719052 73953
3.0,GENERATED VIA SPACE-TRACK.ORG API,2026-08-18T11:11:05,18 SPCS,STARLINK-2150,2021-017T,EARTH,TEME,UTC,SGP4,2026-08-18 06:35:55.684320,15.31694651,0.00014094,53.1612,187.2763,103.9407,256.1751,0,U,47739,999,30244,0.00006987909200,0.00001803,0.0000000000000,6848.893,94.014,471.723,469.793,PAYLOAD,LARGE,US,2021-03-04,AFETR,,5329009,341607321,0 STARLINK-2150,1 47739U 21017T   26230.27495005  .00001803  00000-0  69879-4 0  9991,2 47739  53.1612 187.2763 0001409 103.9407 256.1751 15.31694651302443
3.0,GENERATED VIA SPACE-TRACK.ORG API,2026-08-18T11:11:05,18 SPCS,STARLINK-32665,2024-229M,EARTH,TEME,UTC,SGP4,2026-08-18 06:36:20.522592,15.27583380,0.00005214,42.9999,78.1784,315.0128,45.0682,0,U,62203,999,9527,0.00072661486000,0.00019788,0.0000000000000,6861.176,94.267,483.399,482.683,PAYLOAD,LARGE,US,2024-12-04,AFETR,,5329009,341616885,0 STARLINK-32665,1 62203U 24229M   26230.27523753  .00019788  00000-0  72661-3 0  9997,2 62203  42.9999  78.1784 0000521 315.0128  45.0682 15.27583380 95270
3.0,GENERATED VIA SPACE-TRACK.ORG API,2026-08-18T11:11:05,18 SPCS,STARLINK-3812,2022-045R,EARTH,TEME,UTC,SGP4,2026-08-18 06:36:38.344320,15.31697544,0.00014239,53.1605,188.4610,96.3144,263.8019,0,U,52346,999,24024,0.00002799006600,0.00000503,0.0000000000000,6848.884,94.013,471.724,469.774,PAYLOAD,LARGE,US,2022-04-29,AFETR,,5329009,341609678,0 STARLINK-3812,1 52346U 22045R   26230.27544380  .00000503  00000-0  27990-4 0  9998,2 52346  53.1605 188.4610 0001424  96.3144 263.8019 15.31697544240244
3.0,GENERATED VIA SPACE-TRACK.ORG API,2026-08-18T17:55:23,18 SPCS,STARLINK-30935,2023-183U,EARTH,TEME,UTC,SGP4,2026-08-18 06:36:54.056160,15.27578677,0.00019214,43.0025,209.3345,280.3774,79.6862,0,U,58455,999,15144,0.00005671438100,0.00001299,0.0000000000000,6861.190,94.267,484.373,481.737,PAYLOAD,LARGE,US,2023-11-28,AFETR,,5329040,341649528,0 STARLINK-30935,1 58455U 23183U   26230.27562565  .00001299  00000-0  56714-4 0  9993,2 58455  43.0025 209.3345 0001921 280.3774  79.6862 15.27578677151441
3.0,GENERATED VIA SPACE-TRACK.ORG API,2026-08-18T11:11:05,18 SPCS,STARLINK-31762,2024-080P,EARTH,TEME,UTC,SGP4,2026-08-18 06:37:29.957952,15.27587822,0.00012499,43.0023,205.4881,268.7750,91.2959,0,U,59614,999,12924,0.00001188271900,0.00000065,0.0000000000000,6861.163,94.266,483.885,482.170,PAYLOAD,LARGE,US,2024-04-28,AFETR,,5329009,341614805,0 STARLINK-31762,1 59614U 24080P   26230.27604118  .00000065  00000-0  11883-4 0  9997,2 59614  43.0023 205.4881 0001250 268.7750  91.2959 15.27587822129240
3.0,GENERATED VIA SPACE-TRACK.ORG API,2026-08-18T11:11:05,18 SPCS,STARLINK-3829,2022-045T,EARTH,TEME,UTC,SGP4,2026-08-18 06:39:02.852640,15.35406967,0.00012651,53.1610,186.4504,84.0445,276.0702,0,U,52348,999,24027,0.00007076797900,0.00002089,0.0000000000000,6837.849,93.786,460.579,458.849,PAYLOAD,LARGE,US,2022-04-29,AFETR,,5329009,341609679,0 STARLINK-3829,1 52348U 22045T   26230.27711635  .00002089  00000-0  70768-4 0  9991,2 52348  53.1610 186.4504 0001265  84.0445 276.0702 15.35406967240272
3.0,GENERATED VIA SPACE-TRACK.ORG API,2026-08-18T11:11:05,18 SPCS,STARLINK-31857,2024-097J,EARTH,TEME,UTC,SGP4,2026-08-18 06:39:17.424000,15.27578495,0.00009942,43.0016,81.4361,272.1336,87.9402,0,U,59843,999,12663,0.00000956165400,0.00000001,0.0000000000000,6861.191,94.267,483.738,482.373,PAYLOAD,LARGE,US,2024-05-23,AFETR,,5329009,341614897,0 STARLINK-31857,1 59843U 24097J   26230.27728500  .00000001  00000-0  95617-5 0  9999,2 59843  43.0016  81.4361 0000994 272.1336  87.9402 15.27578495126635
3.0,GENERATED VIA SPACE-TRACK.ORG API,2026-08-18T11:11:05,18 SPCS,STARLINK-32950,2025-075U,EARTH,TEME,UTC,SGP4,2026-08-18 06:39:55.723392,15.27585885,0.00003101,42.9961,77.7111,351.6002,8.4844,0,U,63566,999,7664,0.00104538680000,0.00028622,0.0000000000000,6861.168,94.266,483.246,482.821,PAYLOAD,LARGE,US,2025-04-13,AFETR,,5329009,341618480,0 STARLINK-32950,1 63566U 25075U   26230.27772828  .00028622  00000-0  10454-2 0  9997,2 63566  42.9961  77.7111 0000310 351.6002   8.4844 15.27585885 76649
3.0,GENERATED VIA SPACE-TRACK.ORG API,2026-08-18T11:11:05,18 SPCS,STARLINK-35555,2025-259D,EARTH,TEME,UTC,SGP4,2026-08-18 06:41:14.185824,15.27591944,0.00010333,42.9946,81.8311,298.7726,61.3021,0,U,66425,999,4420,0.00065406844000,0.00017787,0.0000000000000,6861.150,94.266,483.724,482.306,PAYLOAD,LARGE,US,2025-11-11,AFETR,,5329009,341620834,0 STARLINK-35555,1 66425U 25259D   26230.27863641  .00017787  00000-0  65407-3 0  9991,2 66425  42.9946  81.8311 0001033 298.7726  61.3021 15.27591944 44209
3.0,GENERATED VIA SPACE-TRACK.ORG API,2026-08-18T11:11:05,18 SPCS,STARLINK-33783,2025-087R,EARTH,TEME,UTC,SGP4,2026-08-18 06:42:17.671680,15.31722367,0.00013173,53.1609,188.0002,93.0142,267.1011,0,U,63712,999,7395,0.00052255696000,0.00015896,0.0000000000000,6848.810,94.012,471.577,469.773,PAYLOAD,LARGE,US,2025-04-28,AFWTR,,5329009,341618537,0 STARLINK-33783,1 63712U 25087R   26230.27937120  .00015896  00000-0  52256-3 0  9997,2 63712  53.1609 188.0002 0001317  93.0142 267.1011 15.31722367 73954
3.0,GENERATED VIA SPACE-TRACK.ORG API,2026-08-18T11:11:05,18 SPCS,STARLINK-31767,2024-080E,EARTH,TEME,UTC,SGP4,2026-08-18 06:43:03.388512,15.27579813,0.00011649,43.0005,205.5169,270.7620,89.3099,0,U,59605,999,12924,0.00001566927500,0.00000169,0.0000000000000,6861.187,94.267,483.851,482.252,PAYLOAD,LARGE,US,2024-04-28,AFETR,,5329009,341614301,0 STARLINK-31767,1 59605U 24080E   26230.27990033  .00000169  00000-0  15669-4 0  9992,2 59605  43.0005 205.5169 0001165 270.7620  89.3099 15.27579813129248
3.0,GENERATED VIA SPACE-TRACK.ORG API,2026-08-18T11:11:05,18 SPCS,STARLINK-34681,2025-259S,EARTH,TEME,UTC,SGP4,2026-08-18 06:43:04.848672,15.27583064,0.00014761,43.0007,81.8353,262.8015,97.2669,0,U,66438,999,4409,0.00025421011000,0.00006740,0.0000000000000,6861.177,94.267,484.055,482.029,PAYLOAD,LARGE,US,2025-11-11,AFETR,,5329009,341620341,0 STARLINK-34681,1 66438U 25259S   26230.27991723  .00006740  00000-0  25421-3 0  9997,2 66438  43.0007  81.8353 0001476 262.8015  97.2669 15.27583064 44090
3.0,GENERATED VIA SPACE-TRACK.ORG API,2026-08-18T11:11:05,18 SPCS,STARLINK-4131,2022-086E,EARTH,TEME,UTC,SGP4,2026-08-18 06:44:26.522592,15.31683048,0.00013858,53.1590,191.4924,80.3121,279.8037,0,U,53246,999,22462,-0.00005608950900,-0.00002104,0.0000000000000,6848.928,94.014,471.742,469.843,PAYLOAD,LARGE,US,2022-07-24,AFETR,,5329009,341609949,0 STARLINK-4131,1 53246U 22086E   26230.28086253 -.00002104  00000-0 -56090-4 0  9998,2 53246  53.1590 191.4924 0001386  80.3121 279.8037 15.31683048224629
3.0,GENERATED VIA SPACE-TRACK.ORG API,2026-08-18T11:11:05,18 SPCS,STARLINK-31922,2024-097M,EARTH,TEME,UTC,SGP4,2026-08-18 06:44:50.769888,15.27578756,0.00007672,43.0054,81.4666,271.4825,88.5939,0,U,59846,999,12663,0.00000491724600,-0.00000127,0.0000000000000,6861.190,94.267,483.581,482.528,PAYLOAD,LARGE,US,2024-05-23,AFETR,,5329009,341615398,0 STARLINK-31922,1 59846U 24097M   26230.28114317 -.00000127  00000-0  49172-5 0  9993,2 59846  43.0054  81.4666 0000767 271.4825  88.5939 15.27578756126633
3.0,GENERATED VIA SPACE-TRACK.ORG API,2026-08-18T11:11:05,18 SPCS,STARLINK-35720,2025-294Y,EARTH,TEME,UTC,SGP4,2026-08-18 06:44:53.697984,15.27602410,0.00014583,42.9996,205.3893,269.2660,90.8024,0,U,67052,999,3951,0.00055480964000,0.00015047,0.0000000000000,6861.119,94.265,483.985,481.983,PAYLOAD,LARGE,US,2025-12-11,AFETR,,5329009,341621637,0 STARLINK-35720,1 67052U 25294Y   26230.28117706  .00015047  00000-0  55481-3 0  9990,2 67052  42.9996 205.3893 0001458 269.2660  90.8024 15.27602410 39519
3.0,GENERATED VIA SPACE-TRACK.ORG API,2026-08-18T17:55:23,18 SPCS,STARLINK-36769,2026-034X,EARTH,TEME,UTC,SGP4,2026-08-18 06:45:35.081856,15.34413792,0.00016387,53.1599,173.1299,72.2819,287.8363,0,U,67871,999,2878,0.00062743893000,0.00020891,0.0000000000000,6840.799,93.847,463.785,461.543,PAYLOAD,LARGE,US,2026-02-20,AFETR,,5329040,341658214,0 STARLINK-36769,1 67871U 26034X   26230.28165604  .00020891  00000-0  62744-3 0  9995,2 67871  53.1599 173.1299 0001639  72.2819 287.8363 15.34413792 28784
3.0,GENERATED VIA SPACE-TRACK.ORG API,2026-08-18T11:11:05,18 SPCS,STARLINK-35588,2025-259C,EARTH,TEME,UTC,SGP4,2026-08-18 06:46:47.215488,15.27590986,0.00009680,43.0009,81.8636,274.7439,85.3302,0,U,66424,999,4420,0.00073847904000,0.00020121,0.0000000000000,6861.153,94.266,483.682,482.354,PAYLOAD,LARGE,US,2025-11-11,AFETR,,5329009,341620334,0 STARLINK-35588,1 66424U 25259C   26230.28249092  .00020121  00000-0  73848-3 0  9993,2 66424  43.0009  81.8636 0000968 274.7439  85.3302 15.27590986 44204
3.0,GENERATED VIA SPACE-TRACK.ORG API,2026-08-18T17:55:23,18 SPCS,STARLINK-30971,2023-183G,EARTH,TEME,UTC,SGP4,2026-08-18 06:48:00.127584,15.27579884,0.00012892,43.0007,209.3896,265.7611,94.3093,0,U,58443,999,15144,0.00004089687900,0.00000863,0.0000000000000,6861.186,94.267,483.936,482.167,PAYLOAD,LARGE,US,2023-11-28,AFETR,,5329040,341649021,0 STARLINK-30971,1 58443U 23183G   26230.28333481  .00000863  00000-0  40897-4 0  9995,2 58443  43.0007 209.3896 0001289 265.7611  94.3093 15.27579884151444
3.0,GENERATED VIA SPACE-TRACK.ORG API,2026-08-18T11:11:05,18 SPCS,STARLINK-31855,2024-097D,EARTH,TEME,UTC,SGP4,2026-08-18 06:48:33.468480,15.27571718,0.00015933,43.0005,81.4861,273.9312,86.1357,0,U,59838,999,12663,0.00069655683000,0.00018950,0.0000000000000,6861.211,94.267,484.169,481.983,PAYLOAD,LARGE,US,2024-05-23,AFETR,,5329009,341614895,0 STARLINK-31855,1 59838U 24097D   26230.28372070  .00018950  00000-0  69656-3 0  9995,2 59838  43.0005  81.4861 0001593 273.9312  86.1357 15.27571718126632
3.0,GENERATED VIA SPACE-TRACK.ORG API,2026-08-18T11:11:05,18 SPCS,STARLINK-36761,2026-034T,EARTH,TEME,UTC,SGP4,2026-08-18 06:48:36.816480,15.34407098,0.00013605,53.1594,173.1450,82.8892,277.2265,0,U,67867,999,2878,0.00037801024000,0.00012419,0.0000000000000,6840.819,93.847,463.615,461.753,PAYLOAD,LARGE,US,2026-02-20,AFETR,,5329009,341622525,0 STARLINK-36761,1 67867U 26034T   26230.28375945  .00012419  00000-0  37801-3 0  9994,2 67867  53.1594 173.1450 0001361  82.8892 277.2265 15.34407098 28789
3.0,GENERATED VIA SPACE-TRACK.ORG API,2026-08-18T11:11:05,18 SPCS,STARLINK-35618,2025-259B,EARTH,TEME,UTC,SGP4,2026-08-18 06:50:28.902336,15.27591326,0.00013224,43.0006,81.8842,267.5619,92.5081,0,U,66423,999,4420,0.00055032906000,0.00014918,0.0000000000000,6861.152,94.266,483.925,482.110,PAYLOAD,LARGE,US,2025-11-11,AFETR,,5329009,341620833,0 STARLINK-35618,1 66423U 25259B   26230.28505674  .00014918  00000-0  55033-3 0  9996,2 66423  43.0006  81.8842 0001322 267.5619  92.5081 15.27591326 44207
3.0,GENERATED VIA SPACE-TRACK.ORG API,2026-08-18T11:11:05,18 SPCS,STARLINK-5098,2022-125BB,EARTH,TEME,UTC,SGP4,2026-08-18 06:51:30.257568,15.29355939,0.00014692,53.1601,192.2593,92.2118,267.9051,0,U,54013,999,21408,0.00001320679500,0.00000025,0.0000000000000,6855.873,94.157,478.746,476.731,PAYLOAD,LARGE,US,2022-10-05,AFWTR,,5329009,341610201,0 STARLINK-5098,1 54013U 22125BB  26230.28576687  .00000025  00000-0  13207-4 0  9991,2 54013  53.1601 192.2593 0001469  92.2118 267.9051 15.29355939214081
3.0,GENERATED VIA SPACE-TRACK.ORG API,2026-08-18T11:11:05,18 SPCS,STARLINK-2516,2021-036H,EARTH,TEME,UTC,SGP4,2026-08-18 06:52:03.615744,15.31705110,0.00012193,53.1598,43.3895,84.8329,275.2811,0,U,48283,999,29317,0.00004516687600,0.00001037,0.0000000000000,6848.862,94.013,471.562,469.892,PAYLOAD,LARGE,US,2021-04-29,AFETR,,5329009,341608457,0 STARLINK-2516,1 48283U 21036H   26230.28615296  .00001037  00000-0  45167-4 0  9997,2 48283  53.1598  43.3895 0001219  84.8329 275.2811 15.31705110293179
3.0,GENERATED VIA SPACE-TRACK.ORG API,2026-08-18T17:55:23,18 SPCS,STARLINK-34880,2025-189E,EARTH,TEME,UTC,SGP4,2026-08-18 06:55:27.388416,15.34419842,0.00012744,53.1586,175.0518,96.2492,263.8656,0,U,65327,999,5586,0.00071435290000,0.00023851,0.0000000000000,6840.781,93.847,463.518,461.774,PAYLOAD,LARGE,US,2025-08-27,AFETR,,5329040,341654995,0 STARLINK-34880,1 65327U 25189E   26230.28851144  .00023851  00000-0  71435-3 0  9996,2 65327  53.1586 175.0518 0001274  96.2492 263.8656 15.34419842 55867
3.0,GENERATED VIA SPACE-TRACK.ORG API,2026-08-18T11:11:05,18 SPCS,STARLINK-35617,2025-259A,EARTH,TEME,UTC,SGP4,2026-08-18 06:57:53.229888,15.27583134,0.00011424,42.9985,81.9234,269.9931,90.0789,0,U,66422,999,4420,0.00024353532000,0.00006446,0.0000000000000,6861.177,94.267,483.825,482.258,PAYLOAD,LARGE,US,2025-11-11,AFETR,,5329009,341620333,0 STARLINK-35617,1 66422U 25259A   26230.29019942  .00006446  00000-0  24354-3 0  9993,2 66422  42.9985  81.9234 0001142 269.9931  90.0789 15.27583134 44205
3.0,GENERATED VIA SPACE-TRACK.ORG API,2026-08-18T11:11:05,18 SPCS,STARLINK-32778,2025-008S,EARTH,TEME,UTC,SGP4,2026-08-18 06:59:07.898496,15.27616081,0.00011946,43.0003,85.7677,276.4029,83.6687,0,U,62603,999,9027,0.00083294071000,0.00022755,0.0000000000000,6861.078,94.265,483.763,482.123,PAYLOAD,LARGE,US,2025-01-13,AFETR,,5329009,341617048,0 STARLINK-32778,1 62603U 25008S   26230.29106364  .00022755  00000-0  83294-3 0  9996,2 62603  43.0003  85.7677 0001195 276.4029  83.6687 15.27616081 90278
3.0,GENERATED VIA SPACE-TRACK.ORG API,2026-08-18T11:11:05,18 SPCS,STARLINK-6349,2023-094Z,EARTH,TEME,UTC,SGP4,2026-08-18 07:01:07.186656,15.27575364,0.00013411,43.0017,187.3683,269.4712,90.5986,0,U,57241,999,17195,0.00000020558200,-0.00000256,0.0000000000000,6861.200,94.267,483.985,482.145,PAYLOAD,LARGE,US,2023-07-07,AFWTR,,5329009,341612865,0 STARLINK-6349,1 57241U 23094Z   26230.29244429 -.00000256  00000-0  20558-6 0  9996,2 57241  43.0017 187.3683 0001341 269.4712  90.5986 15.27575364171957
3.0,GENERATED VIA SPACE-TRACK.ORG API,2026-08-18T17:55:23,18 SPCS,STARLINK-11116,2024-112H,EARTH,TEME,UTC,SGP4,2026-08-18 07:02:29.678784,15.69732012,0.00014972,53.1599,189.5502,114.7180,245.3993,0,U,60045,999,12636,-0.00001674913400,-0.00002620,0.0000000000000,6737.801,91.735,360.675,358.657,PAYLOAD,LARGE,US,2024-06-08,AFWTR,,5329040,341650675,0 STARLINK-11116,1 60045U 24112H   26230.29339906 -.00002620  00000-0 -16749-4 0  9992,2 60045  53.1599 189.5502 0001497 114.7180 245.3993 15.69732012126361
3.0,GENERATED VIA SPACE-TRACK.ORG API,2026-08-18T11:11:05,18 SPCS,STARLINK-34986,2025-259AA,EARTH,TEME,UTC,SGP4,2026-08-18 07:03:26.365824,15.27609522,0.00009064,43.0015,81.9410,285.8428,74.2324,0,U,66446,999,4420,0.00105363410000,0.00028871,0.0000000000000,6861.098,94.265,483.585,482.341,PAYLOAD,LARGE,US,2025-11-11,AFETR,,5329009,341620345,0 STARLINK-34986,1 66446U 25259AA  26230.29405516  .00028871  00000-0  10536-2 0  9997,2 66446  43.0015  81.9410 0000906 285.8428  74.2324 15.27609522 44207
3.0,GENERATED VIA SPACE-TRACK.ORG API,2026-08-18T11:11:05,18 SPCS,STARLINK-36136,2025-288J,EARTH,TEME,UTC,SGP4,2026-08-18 07:04:05.174112,15.27590014,0.00014425,43.0010,190.7195,270.1239,89.9448,0,U,66967,999,4000,0.00034509745000,0.00009249,0.0000000000000,6861.156,94.266,484.011,482.031,PAYLOAD,LARGE,US,2025-12-08,AFETR,,5329009,341621596,0 STARLINK-36136,1 66967U 25288J   26230.29450433  .00009249  00000-0  34510-3 0  9992,2 66967  43.0010 190.7195 0001443 270.1239  89.9448 15.27590014 40002
3.0,GENERATED VIA SPACE-TRACK.ORG API,2026-08-18T11:11:05,18 SPCS,STARLINK-32710,2025-008T,EARTH,TEME,UTC,SGP4,2026-08-18 07:04:28.369056,15.27592390,0.00011580,43.0004,84.9260,274.4040,85.6679,0,U,62604,999,9028,0.00075545365000,0.00020592,0.0000000000000,6861.149,94.266,483.809,482.219,PAYLOAD,LARGE,US,2025-01-13,AFETR,,5329009,341617548,0 STARLINK-32710,1 62604U 25008T   26230.29477279  .00020592  00000-0  75545-3 0  9990,2 62604  43.0004  84.9260 0001158 274.4040  85.6679 15.27592390 90289
3.0,GENERATED VIA SPACE-TRACK.ORG API,2026-08-18T17:55:23,18 SPCS,STARLINK-36147,2025-288AE,EARTH,TEME,UTC,SGP4,2026-08-18 07:05:54.478752,15.27603395,0.00016212,43.0004,190.7240,274.1059,85.9608,0,U,66987,999,4000,0.00023325490000,0.00006166,0.0000000000000,6861.116,94.265,484.093,481.869,PAYLOAD,LARGE,US,2025-12-08,AFETR,,5329040,341657293,0 STARLINK-36147,1 66987U 25288AE  26230.29576943  .00006166  00000-0  23325-3 0  9996,2 66987  43.0004 190.7240 0001621 274.1059  85.9608 15.27603395 40001
3.0,GENERATED VIA SPACE-TRACK.ORG API,2026-08-18T17:55:23,18 SPCS,STARLINK-31584,2024-098E,EARTH,TEME,UTC,SGP4,2026-08-18 07:08:14.020800,15.27575361,0.00010519,43.0006,85.1821,272.0714,88.0017,0,U,59862,999,12656,-0.00000929867100,-0.00000518,0.0000000000000,6861.200,94.267,483.787,482.343,PAYLOAD,LARGE,US,2024-05-24,AFETR,,5329040,341650592,0 STARLINK-31584,1 59862U 24098E   26230.29738450 -.00000518  00000-0 -92987-5 0  9990,2 59862  43.0006  85.1821 0001052 272.0714  88.0017 15.27575361126567
3.0,GENERATED VIA SPACE-TRACK.ORG API,2026-08-18T17:55:23,18 SPCS,STARLINK-30771,2023-166V,EARTH,TEME,UTC,SGP4,2026-08-18 07:08:53.592864,15.30204731,0.00017727,53.1594,188.8588,82.2787,277.8415,0,U,58169,999,15792,0.00003993746000,0.00000824,0.0000000000000,6853.338,94.105,476.418,473.988,PAYLOAD,LARGE,US,2023-10-29,AFWTR,,5329040,341648918,0 STARLINK-30771,1 58169U 23166V   26230.29784251  .00000824  00000-0  39937-4 0  9997,2 58169  53.1594 188.8588 0001773  82.2787 277.8415 15.30204731157920
3.0,GENERATED VIA SPACE-TRACK.ORG API,2026-08-18T11:11:05,18 SPCS,STARLINK-30996,2024-038A,EARTH,TEME,UTC,SGP4,2026-08-18 07:08:58.996320,15.27578698,0.00014361,43.0031,194.3803,278.6573,81.4116,0,U,59023,999,14084,0.00005541233500,0.00001263,0.0000000000000,6861.190,94.267,484.040,482.070,PAYLOAD,LARGE,US,2024-02-25,AFETR,,5329009,341614562,0 STARLINK-30996,1 59023U 24038A   26230.29790505  .00001263  00000-0  55412-4 0  9999,2 59023  43.0031 194.3803 0001436 278.6573  81.4116 15.27578698140848
3.0,GENERATED VIA SPACE-TRACK.ORG API,2026-08-18T17:55:23,18 SPCS,STARLINK-32624,2024-207Q,EARTH,TEME,UTC,SGP4,2026-08-18 07:09:21.979584,15.27588783,0.00009012,43.0002,88.5729,275.0679,85.0070,0,U,61926,999,9944,0.00054345971000,0.00014727,0.0000000000000,6861.160,94.266,483.643,482.406,PAYLOAD,LARGE,US,2024-11-11,AFETR,,5329040,341652442,0 STARLINK-32624,1 61926U 24207Q   26230.29817106  .00014727  00000-0  54346-3 0  9992,2 61926  43.0002  88.5729 0000901 275.0679  85.0070 15.27588783 99440
3.0,GENERATED VIA SPACE-TRACK.ORG API,2026-08-18T17:55:23,18 SPCS,STARLINK-35772,2025-288T,EARTH,TEME,UTC,SGP4,2026-08-18 07:09:38.848320,15.27600366,0.00015604,43.0011,190.7928,263.9798,96.0876,0,U,66976,999,4000,0.00073906381000,0.00020144,0.0000000000000,6861.125,94.265,484.061,481.919,PAYLOAD,LARGE,US,2025-12-08,AFETR,,5329040,341656787,0 STARLINK-35772,1 66976U 25288T   26230.29836630  .00020144  00000-0  73906-3 0  9998,2 66976  43.0011 190.7928 0001560 263.9798  96.0876 15.27600366 40003
3.0,GENERATED VIA SPACE-TRACK.ORG API,2026-08-18T17:55:23,18 SPCS,STARLINK-6167,2023-090AB,EARTH,TEME,UTC,SGP4,2026-08-18 07:11:23.073504,15.27576858,0.00016145,43.0024,89.2726,234.2551,125.8150,0,U,57126,999,17504,-0.00000361643300,-0.00000362,0.0000000000000,6861.196,94.267,484.168,481.953,PAYLOAD,LARGE,US,2023-06-23,AFETR,,5329040,341648503,0 STARLINK-6167,1 57126U 23090AB  26230.29957261 -.00000362  00000-0 -36164-5 0  9997,2 57126  43.0024  89.2726 0001615 234.2551 125.8150 15.27576858175048
3.0,GENERATED VIA SPACE-TRACK.ORG API,2026-08-18T11:11:05,18 SPCS,STARLINK-35960,2025-265R,EARTH,TEME,UTC,SGP4,2026-08-18 07:13:44.480928,15.27581939,0.00019200,42.9997,84.9133,255.0136,105.0503,0,U,66531,999,4183,0.00078713340000,0.00021463,0.0000000000000,6861.180,94.267,484.363,481.728,PAYLOAD,LARGE,US,2025-11-19,AFETR,,5329009,341620887,0 STARLINK-35960,1 66531U 25265R   26230.30120927  .00021463  00000-0  78713-3 0  9993,2 66531  42.9997  84.9133 0001920 255.0136 105.0503 15.27581939 41835
3.0,GENERATED VIA SPACE-TRACK.ORG API,2026-08-18T17:55:23,18 SPCS,STARLINK-30117,2023-067Q,EARTH,TEME,UTC,SGP4,2026-08-18 07:15:40.216320,15.27576587,0.00008699,43.0020,85.3636,276.7918,83.2834,0,U,56702,999,18033,0.00004531070700,0.00000985,0.0000000000000,6861.196,94.267,483.658,482.464,PAYLOAD,LARGE,US,2023-05-19,AFETR,,5329040,341648370,0 STARLINK-30117,1 56702U 23067Q   26230.30254880  .00000985  00000-0  45311-4 0  9991,2 56702  43.0020  85.3636 0000870 276.7918  83.2834 15.27576587180333
3.0,GENERATED VIA SPACE-TRACK.ORG API,2026-08-18T11:11:05,18 SPCS,STARLINK-30558,2023-158K,EARTH,TEME,UTC,SGP4,2026-08-18 07:16:26.859360,15.27567646,0.00014831,43.0020,194.5887,264.4264,95.6418,0,U,58060,999,15828,-0.00000028481500,-0.00000270,0.0000000000000,6861.223,94.268,484.106,482.071,PAYLOAD,LARGE,US,2023-10-13,AFETR,,5329009,341613180,0 STARLINK-30558,1 58060U 23158K   26230.30308865 -.00000270  00000-0 -28482-6 0  9995,2 58060  43.0020 194.5887 0001483 264.4264  95.6418 15.27567646158282
3.0,GENERATED VIA SPACE-TRACK.ORG API,2026-08-18T17:55:23,18 SPCS,STARLINK-32460,2024-207C,EARTH,TEME,UTC,SGP4,2026-08-18 07:16:46.142976,15.27584124,0.00007219,42.9992,88.6164,290.2216,69.8558,0,U,61914,999,9944,0.00050990425000,0.00013797,0.0000000000000,6861.174,94.266,483.534,482.543,PAYLOAD,LARGE,US,2024-11-11,AFETR,,5329040,341652436,0 STARLINK-32460,1 61914U 24207C   26230.30331184  .00013797  00000-0  50990-3 0  9995,2 61914  42.9992  88.6164 0000722 290.2216  69.8558 15.27584124 99440
3.0,GENERATED VIA SPACE-TRACK.ORG API,2026-08-18T11:11:05,18 SPCS,STARLINK-31933,2024-098S,EARTH,TEME,UTC,SGP4,2026-08-18 07:17:28.959360,15.27577356,0.00009238,43.0010,85.2288,277.4264,82.6483,0,U,59874,999,12656,0.00000644317300,-0.00000085,0.0000000000000,6861.194,94.267,483.693,482.425,PAYLOAD,LARGE,US,2024-05-24,AFETR,,5329009,341614911,0 STARLINK-31933,1 59874U 24098S   26230.30380740 -.00000085  00000-0  64432-5 0  9992,2 59874  43.0010  85.2288 0000924 277.4264  82.6483 15.27577356126562
3.0,GENERATED VIA SPACE-TRACK.ORG API,2026-08-18T11:11:05,18 SPCS,STARLINK-30883,2023-171Y,EARTH,TEME,UTC,SGP4,2026-08-18 07:19:49.787904,15.27577330,0.00010611,43.0016,92.3210,257.1289,102.9444,0,U,58252,999,15445,0.00001793751800,0.00000232,0.0000000000000,6861.194,94.267,483.787,482.331,PAYLOAD,LARGE,US,2023-11-08,AFETR,,5329009,341613268,0 STARLINK-30883,1 58252U 23171Y   26230.30543736  .00000232  00000-0  17938-4 0  9999,2 58252  43.0016  92.3210 0001061 257.1289 102.9444 15.27577330154450
3.0,GENERATED VIA SPACE-TRACK.ORG API,2026-08-18T11:11:05,18 SPCS,STARLINK-6152,2023-090W,EARTH,TEME,UTC,SGP4,2026-08-18 07:22:16.879584,15.27577004,0.00010123,43.0024,88.4766,262.1785,97.8952,0,U,57121,999,17486,0.00000788541000,-0.00000045,0.0000000000000,6861.195,94.267,483.755,482.366,PAYLOAD,LARGE,US,2023-06-23,AFETR,,5329009,341612813,0 STARLINK-6152,1 57121U 23090W   26230.30713981 -.00000045  00000-0  78854-5 0  9992,2 57121  43.0024  88.4766 0001012 262.1785  97.8952 15.27577004174869
3.0,GENERATED VIA SPACE-TRACK.ORG API,2026-08-18T11:11:05,18 SPCS,STARLINK-31651,2024-098C,EARTH,TEME,UTC,SGP4,2026-08-18 07:23:02.257728,15.27567835,0.00010180,43.0012,85.2572,273.9336,86.1399,0,U,59860,999,12656,0.00005948497100,0.00001375,0.0000000000000,6861.223,94.267,483.786,482.389,PAYLOAD,LARGE,US,2024-05-24,AFETR,,5329009,341614905,0 STARLINK-31651,1 59860U 24098C   26230.30766502  .00001375  00000-0  59485-4 0  9994,2 59860  43.0012  85.2572 0001018 273.9336  86.1399 15.27567835126567
3.0,GENERATED VIA SPACE-TRACK.ORG API,2026-08-18T11:11:05,18 SPCS,STARLINK-11730,2025-107L,EARTH,TEME,UTC,SGP4,2026-08-18 07:29:55.133088,15.70908801,0.00027288,43.0033,204.3306,256.2899,103.7665,0,U,64074,999,7271,0.00143045250000,0.00187860,0.0000000000000,6734.435,91.667,358.138,354.463,PAYLOAD,LARGE,US,2025-05-21,AFETR,,5329009,341618212,0 STARLINK-11730,1 64074U 25107L   26230.31244367  .00187860  00000-0  14305-2 0  9994,2 64074  43.0033 204.3306 0002729 256.2899 103.7665 15.70908801 72719
3.0,GENERATED VIA SPACE-TRACK.ORG API,2026-08-18T17:55:23,18 SPCS,STARLINK-30105,2023-105D,EARTH,TEME,UTC,SGP4,2026-08-18 07:30:31.148064,15.27577134,0.00013548,43.0024,198.0739,276.5056,83.5641,0,U,57433,999,17304,0.00002986483200,0.00000560,0.0000000000000,6861.195,94.267,483.989,482.130,PAYLOAD,LARGE,US,2023-07-24,AFETR,,5329040,341649110,0 STARLINK-30105,1 57433U 23105D   26230.31286051  .00000560  00000-0  29865-4 0  9997,2 57433  43.0024 198.0739 0001355 276.5056  83.5641 15.27577134173043
3.0,GENERATED VIA SPACE-TRACK.ORG API,2026-08-18T17:55:23,18 SPCS,STARLINK-5866,2023-094R,EARTH,TEME,UTC,SGP4,2026-08-18 07:32:20.879520,15.27576110,0.00015921,43.0025,197.9673,265.5105,94.5565,0,U,57233,999,17183,0.00001627508800,0.00000186,0.0000000000000,6861.198,94.267,484.155,481.970,PAYLOAD,LARGE,US,2023-07-07,AFWTR,,5329040,341649048,0 STARLINK-5866,1 57233U 23094R   26230.31413055  .00000186  00000-0  16275-4 0  9993,2 57233  43.0025 197.9673 0001592 265.5105  94.5565 15.27576110171838
3.0,GENERATED VIA SPACE-TRACK.ORG API,2026-08-18T17:55:23,18 SPCS,STARLINK-30568,2023-158A,EARTH,TEME,UTC,SGP4,2026-08-18 07:33:05.238144,15.27576466,0.00013175,43.0011,194.6857,265.2303,94.8398,0,U,58051,999,15827,0.00000798360200,-0.00000042,0.0000000000000,6861.197,94.267,483.966,482.158,PAYLOAD,LARGE,US,2023-10-13,AFETR,,5329040,341648862,0 STARLINK-30568,1 58051U 23158A   26230.31464396 -.00000042  00000-0  79836-5 0  9992,2 58051  43.0011 194.6857 0001318 265.2303  94.8398 15.27576466158277
3.0,GENERATED VIA SPACE-TRACK.ORG API,2026-08-18T17:55:23,18 SPCS,STARLINK-30850,2023-171T,EARTH,TEME,UTC,SGP4,2026-08-18 07:34:38.190720,15.27578476,0.00008389,43.0023,92.4081,264.2354,95.8402,0,U,58247,999,15445,0.00000383719600,-0.00000156,0.0000000000000,6861.191,94.267,483.631,482.480,PAYLOAD,LARGE,US,2023-11-08,AFETR,,5329040,341648952,0 STARLINK-30850,1 58247U 23171T   26230.31571980 -.00000156  00000-0  38372-5 0  9998,2 58247  43.0023  92.4081 0000839 264.2354  95.8402 15.27578476154459
3.0,GENERATED VIA SPACE-TRACK.ORG API,2026-08-18T17:55:23,18 SPCS,STARLINK-35671,2025-257N,EARTH,TEME,UTC,SGP4,2026-08-18 07:34:50.262528,15.34414749,0.00017155,53.1576,184.5561,50.4571,309.6583,0,U,66392,999,4450,0.00076227706000,0.00025478,0.0000000000000,6840.796,93.847,463.835,461.488,PAYLOAD,LARGE,US,2025-11-08,AFETR,,5329040,341656505,0 STARLINK-35671,1 66392U 25257N   26230.31585952  .00025478  00000-0  76228-3 0  9992,2 66392  53.1576 184.5561 0001716  50.4571 309.6583 15.34414749 44501
3.0,GENERATED VIA SPACE-TRACK.ORG API,2026-08-18T17:55:23,18 SPCS,STARLINK-6142,2023-090N,EARTH,TEME,UTC,SGP4,2026-08-18 07:35:13.928352,15.27584057,0.00017943,43.0045,88.5561,260.0678,99.9972,0,U,57113,999,17505,0.00000549012600,-0.00000111,0.0000000000000,6861.174,94.266,484.270,481.808,PAYLOAD,LARGE,US,2023-06-23,AFETR,,5329040,341648497,0 STARLINK-6142,1 57113U 23090N   26230.31613343 -.00000111  00000-0  54901-5 0  9996,2 57113  43.0045  88.5561 0001794 260.0678  99.9972 15.27584057175055
3.0,GENERATED VIA SPACE-TRACK.ORG API,2026-08-18T17:55:23,18 SPCS,STARLINK-31364,2024-068J,EARTH,TEME,UTC,SGP4,2026-08-18 07:36:04.334976,15.27577977,0.00010200,43.0022,198.0890,281.9513,78.1224,0,U,59463,999,13328,0.00002506354200,0.00000428,0.0000000000000,6861.192,94.267,483.757,482.357,PAYLOAD,LARGE,US,2024-04-10,AFETR,,5329040,341649931,0 STARLINK-31364,1 59463U 24068J   26230.31671684  .00000428  00000-0  25064-4 0  9991,2 59463  43.0022 198.0890 0001020 281.9513  78.1224 15.27577977133285
3.0,GENERATED VIA SPACE-TRACK.ORG API,2026-08-18T17:55:23,18 SPCS,STARLINK-30434,2023-144M,EARTH,TEME,UTC,SGP4,2026-08-18 07:38:23.367264,15.27577162,0.00010968,43.0023,92.6506,278.7013,81.3715,0,U,57875,999,16236,0.00001316585900,0.00000100,0.0000000000000,6861.195,94.267,483.812,482.307,PAYLOAD,LARGE,US,2023-09-16,AFETR,,5329040,341649288,0 STARLINK-30434,1 57875U 23144M   26230.31832601  .00000100  00000-0  13166-4 0  9995,2 57875  43.0023  92.6506 0001097 278.7013  81.3715 15.27577162162365
3.0,GENERATED VIA SPACE-TRACK.ORG API,2026-08-18T17:55:23,18 SPCS,STARLINK-30823,2023-171U,EARTH,TEME,UTC,SGP4,2026-08-18 07:42:01.890144,15.27579482,0.00013619,43.0030,92.4475,266.4632,93.6064,0,U,58248,999,15445,0.00002289561900,0.00000368,0.0000000000000,6861.188,94.267,483.987,482.118,PAYLOAD,LARGE,US,2023-11-08,AFETR,,5329040,341649453,0 STARLINK-30823,1 58248U 23171U   26230.32085521  .00000368  00000-0  22896-4 0  9998,2 58248  43.0030  92.4475 0001362 266.4632  93.6064 15.27579482154458
3.0,GENERATED VIA SPACE-TRACK.ORG API,2026-08-18T17:55:23,18 SPCS,STARLINK-3800,2022-045BA,EARTH,TEME,UTC,SGP4,2026-08-18 07:44:46.330080,15.31185611,0.00016777,53.1597,177.6941,106.3090,253.8096,0,U,52379,999,24040,0.00187717910000,0.00057404,0.0000000000000,6850.411,94.045,473.425,471.127,PAYLOAD,LARGE,US,2022-04-29,AFETR,,5329040,341645380,0 STARLINK-3800,1 52379U 22045BA  26230.32275845  .00057404  00000-0  18772-2 0  9995,2 52379  53.1597 177.6941 0001678 106.3090 253.8096 15.31185611240409
3.0,GENERATED VIA SPACE-TRACK.ORG API,2026-08-18T17:55:23,18 SPCS,STARLINK-31765,2024-080D,EARTH,TEME,UTC,SGP4,2026-08-18 07:46:27.169248,15.27580005,0.00015167,43.0017,201.5292,274.9153,85.1525,0,U,59604,999,12929,0.00005337396400,0.00001207,0.0000000000000,6861.186,94.267,484.092,482.010,PAYLOAD,LARGE,US,2024-04-28,AFETR,,5329040,341649987,0 STARLINK-31765,1 59604U 24080D   26230.32392557  .00001207  00000-0  53374-4 0  9993,2 59604  43.0017 201.5292 0001517 274.9153  85.1525 15.27580005129299
3.0,GENERATED VIA SPACE-TRACK.ORG API,2026-08-18T17:55:23,18 SPCS,STARLINK-32749,2025-003X,EARTH,TEME,UTC,SGP4,2026-08-18 07:48:44.457120,15.27594879,0.00011089,43.0005,95.9628,278.2112,81.8614,0,U,62508,999,9127,0.00028742580000,0.00007659,0.0000000000000,6861.142,94.266,483.767,482.246,PAYLOAD,LARGE,US,2025-01-06,AFETR,,5329040,341652699,0 STARLINK-32749,1 62508U 25003X   26230.32551455  .00007659  00000-0  28743-3 0  9998,2 62508  43.0005  95.9628 0001109 278.2112  81.8614 15.27594879 91272
3.0,GENERATED VIA SPACE-TRACK.ORG API,2026-08-18T17:55:23,18 SPCS,STARLINK-32766,2025-006W,EARTH,TEME,UTC,SGP4,2026-08-18 07:55:30.365184,15.27589260,0.00005906,42.9989,99.6944,295.1537,64.9253,0,U,62574,999,8958,0.00063243508000,0.00017187,0.0000000000000,6861.158,94.266,483.429,482.618,PAYLOAD,LARGE,US,2025-01-10,AFETR,,5329040,341652721,0 STARLINK-32766,1 62574U 25006W   26230.33021256  .00017187  00000-0  63244-3 0  9998,2 62574  42.9989  99.6944 0000591 295.1537  64.9253 15.27589260 89589
3.0,GENERATED VIA SPACE-TRACK.ORG API,2026-08-18T17:55:23,18 SPCS,STARLINK-32788,2025-003R,EARTH,TEME,UTC,SGP4,2026-08-18 07:57:59.560704,15.27587312,0.00009834,43.0028,96.0150,270.1211,89.9528,0,U,62502,999,9127,0.00035852698000,0.00009619,0.0000000000000,6861.164,94.266,483.704,482.354,PAYLOAD,LARGE,US,2025-01-06,AFETR,,5329040,341652696,0 STARLINK-32788,1 62502U 25003R   26230.33193936  .00009619  00000-0  35853-3 0  9997,2 62502  43.0028  96.0150 0000983 270.1211  89.9528 15.27587312 91270
3.0,GENERATED VIA SPACE-TRACK.ORG API,2026-08-18T17:55:23,18 SPCS,STARLINK-5655,2023-013F,EARTH,TEME,UTC,SGP4,2026-08-18 07:59:47.897664,15.27574713,0.00010005,43.0036,95.8203,261.6364,98.4374,0,U,55336,999,19656,0.00000317448600,-0.00000175,0.0000000000000,6861.202,94.267,483.753,482.380,PAYLOAD,LARGE,US,2023-01-26,AFETR,,5329040,341647342,0 STARLINK-5655,1 55336U 23013F   26230.33319326 -.00000175  00000-0  31745-5 0  9993,2 55336  43.0036  95.8203 0001001 261.6364  98.4374 15.27574713196561
3.0,GENERATED VIA SPACE-TRACK.ORG API,2026-08-18T17:55:23,18 SPCS,STARLINK-31842,2024-084U,EARTH,TEME,UTC,SGP4,2026-08-18 08:02:32.899200,15.27582611,0.00014498,43.0014,205.5395,278.4788,81.5900,0,U,59672,999,12913,0.00001756817300,0.00000221,0.0000000000000,6861.178,94.267,484.038,482.049,PAYLOAD,LARGE,US,2024-05-06,AFETR,,5329040,341650016,0 STARLINK-31842,1 59672U 24084U   26230.33510300  .00000221  00000-0  17568-4 0  9991,2 59672  43.0014 205.5395 0001450 278.4788  81.5900 15.27582611129133
3.0,GENERATED VIA SPACE-TRACK.ORG API,2026-08-18T17:55:23,18 SPCS,STARLINK-4051,2022-086AH,EARTH,TEME,UTC,SGP4,2026-08-18 08:04:23.306304,15.33555169,0.00013522,53.1597,169.0405,91.3017,268.8141,0,U,53273,999,22572,-0.00000683170800,-0.00000597,0.0000000000000,6843.352,93.899,466.143,464.292,PAYLOAD,LARGE,US,2022-07-24,AFETR,,5329040,341645647,0 STARLINK-4051,1 53273U 22086AH  26230.33638086 -.00000597  00000-0 -68317-5 0  9991,2 53273  53.1597 169.0405 0001352  91.3017 268.8141 15.33555169225720
3.0,GENERATED VIA SPACE-TRACK.ORG API,2026-08-18T17:55:23,18 SPCS,STARLINK-31625,2024-068D,EARTH,TEME,UTC,SGP4,2026-08-18 08:04:58.843488,15.27579198,0.00012788,43.0010,201.6981,274.7667,85.3039,0,U,59458,999,13324,0.00003435010900,0.00000683,0.0000000000000,6861.188,94.267,483.931,482.176,PAYLOAD,LARGE,US,2024-04-10,AFETR,,5329040,341649929,0 STARLINK-31625,1 59458U 24068D   26230.33679217  .00000683  00000-0  34350-4 0  9998,2 59458  43.0010 201.6981 0001279 274.7667  85.3039 15.27579198133241
3.0,GENERATED VIA SPACE-TRACK.ORG API,2026-08-18T17:55:23,18 SPCS,STARLINK-31886,2024-084J,EARTH,TEME,UTC,SGP4,2026-08-18 08:09:13.558464,15.27576576,0.00014373,43.0029,209.0401,274.1675,85.9012,0,U,59662,999,12909,0.00008965995600,0.00002206,0.0000000000000,6861.196,94.267,484.048,482.075,PAYLOAD,LARGE,US,2024-05-06,AFETR,,5329040,341650512,0 STARLINK-31886,1 59662U 24084J   26230.33974026  .00002206  00000-0  89660-4 0  9996,2 59662  43.0029 209.0401 0001437 274.1675  85.9012 15.27576576129098
3.0,GENERATED VIA SPACE-TRACK.ORG API,2026-08-18T17:55:23,18 SPCS,STARLINK-11619,2025-053H,EARTH,TEME,UTC,SGP4,2026-08-18 08:20:04.921152,15.70906863,0.00014194,43.0003,217.8440,261.7916,98.2791,0,U,63272,999,8309,0.00194383650000,0.00257579,0.0000000000000,6734.441,91.667,357.262,355.350,PAYLOAD,LARGE,US,2025-03-15,AFETR,,5329040,341653549,0 STARLINK-11619,1 63272U 25053H   26230.34727918  .00257579  00000-0  19438-2 0  9991,2 63272  43.0003 217.8440 0001419 261.7916  98.2791 15.70906863 83096
3.0,GENERATED VIA SPACE-TRACK.ORG API,2026-08-18T17:55:23,18 SPCS,STARLINK-31902,2024-084N,EARTH,TEME,UTC,SGP4,2026-08-18 08:20:20.178528,15.27575149,0.00013802,43.0014,209.0936,266.1669,93.9025,0,U,59666,999,12909,0.00003114592000,0.00000595,0.0000000000000,6861.201,94.267,484.013,482.119,PAYLOAD,LARGE,US,2024-05-06,AFETR,,5329040,341650013,0 STARLINK-31902,1 59666U 24084N   26230.34745577  .00000595  00000-0  31146-4 0  9993,2 59666  43.0014 209.0936 0001380 266.1669  93.9025 15.27575149129098
3.0,GENERATED VIA SPACE-TRACK.ORG API,2026-08-18T17:55:23,18 SPCS,STARLINK-5777,2023-042AT,EARTH,TEME,UTC,SGP4,2026-08-18 08:21:18.978912,15.27573370,0.00015111,43.0032,211.8761,272.2737,87.7942,0,U,56027,999,18776,-0.00003491772700,-0.00001223,0.0000000000000,6861.206,94.267,484.108,482.034,PAYLOAD,LARGE,US,2023-03-24,AFETR,,5329040,341647607,0 STARLINK-5777,1 56027U 23042AT  26230.34813633 -.00001223  00000-0 -34918-4 0  9994,2 56027  43.0032 211.8761 0001511 272.2737  87.7942 15.27573370187764
3.0,GENERATED VIA SPACE-TRACK.ORG API,2026-08-18T17:55:23,18 SPCS,STARLINK-5783,2023-042AN,EARTH,TEME,UTC,SGP4,2026-08-18 08:23:08.490048,15.27590232,0.00013700,43.0023,211.8815,265.3304,94.7391,0,U,56022,999,18776,0.00009138817200,0.00002254,0.0000000000000,6861.155,94.266,483.960,482.080,PAYLOAD,LARGE,US,2023-03-24,AFETR,,5329040,341648105,0 STARLINK-5783,1 56022U 23042AN  26230.34940382  .00002254  00000-0  91388-4 0  9998,2 56022  43.0023 211.8815 0001370 265.3304  94.7391 15.27590232187767
3.0,GENERATED VIA SPACE-TRACK.ORG API,2026-08-18T17:55:23,18 SPCS,STARLINK-31776,2024-080C,EARTH,TEME,UTC,SGP4,2026-08-18 08:25:46.276320,15.27574025,0.00013085,43.0008,208.6512,267.7220,92.3482,0,U,59603,999,12921,0.00001144716800,0.00000053,0.0000000000000,6861.204,94.267,483.967,482.171,PAYLOAD,LARGE,US,2024-04-28,AFETR,,5329040,341650487,0 STARLINK-31776,1 59603U 24080C   26230.35123005  .00000053  00000-0  11447-4 0  9998,2 59603  43.0008 208.6512 0001308 267.7220  92.3482 15.27574025129213
3.0,GENERATED VIA SPACE-TRACK.ORG API,2026-08-18T17:55:23,18 SPCS,STARLINK-11615,2025-053K,EARTH,TEME,UTC,SGP4,2026-08-18 08:27:42.754752,15.70968132,0.00046457,43.0017,217.8910,252.2114,107.8247,0,U,63274,999,8309,0.00127498330000,0.00167450,0.0000000000000,6734.266,91.663,359.259,353.002,PAYLOAD,LARGE,US,2025-03-15,AFETR,,5329040,341653550,0 STARLINK-11615,1 63274U 25053K   26230.35257818  .00167450  00000-0  12750-2 0  9999,2 63274  43.0017 217.8910 0004646 252.2114 107.8247 15.70968132 83095
3.0,GENERATED VIA SPACE-TRACK.ORG API,2026-08-18T17:55:23,18 SPCS,STARLINK-6315,2023-094U,EARTH,TEME,UTC,SGP4,2026-08-18 08:29:43.293984,15.27576100,0.00015629,43.0020,186.9714,263.8364,96.2309,0,U,57236,999,17196,0.00000750093200,-0.00000056,0.0000000000000,6861.198,94.267,484.135,481.990,PAYLOAD,LARGE,US,2023-07-07,AFWTR,,5329040,341648549,0 STARLINK-6315,1 57236U 23094U   26230.35397331 -.00000056  00000-0  75009-5 0  9996,2 57236  43.0020 186.9714 0001563 263.8364  96.2309 15.27576100171964
3.0,GENERATED VIA SPACE-TRACK.ORG API,2026-08-18T17:55:23,18 SPCS,STARLINK-35887,2025-288A,EARTH,TEME,UTC,SGP4,2026-08-18 08:34:32.791872,15.27582063,0.00014943,43.0006,190.3383,265.0414,95.0267,0,U,66959,999,4001,0.00044400524000,0.00011977,0.0000000000000,6861.180,94.267,484.070,482.020,PAYLOAD,LARGE,US,2025-12-08,AFETR,,5329040,341657279,0 STARLINK-35887,1 66959U 25288A   26230.35732398  .00011977  00000-0  44401-3 0  9994,2 66959  43.0006 190.3383 0001494 265.0414  95.0267 15.27582063 40010
3.0,GENERATED VIA SPACE-TRACK.ORG API,2026-08-18T17:55:23,18 SPCS,STARLINK-31207,2024-038N,EARTH,TEME,UTC,SGP4,2026-08-18 08:36:26.597952,15.27580348,0.00011274,43.0017,190.5261,280.5605,79.5119,0,U,59035,999,13958,0.00000451900600,-0.00000138,0.0000000000000,6861.185,94.267,483.824,482.277,PAYLOAD,LARGE,US,2024-02-25,AFETR,,5329040,341650255,0 STARLINK-31207,1 59035U 24038N   26230.35864118 -.00000138  00000-0  45190-5 0  9995,2 59035  43.0017 190.5261 0001127 280.5605  79.5119 15.27580348139581
3.0,GENERATED VIA SPACE-TRACK.ORG API,2026-08-18T17:55:23,18 SPCS,STARLINK-36786,2026-034Y,EARTH,TEME,UTC,SGP4,2026-08-18 08:37:41.998368,15.31731040,0.00011225,53.1588,172.1936,77.5573,282.5554,0,U,67872,999,2880,0.00070395410000,0.00021564,0.0000000000000,6848.784,94.011,471.418,469.881,PAYLOAD,LARGE,US,2026-02-20,AFETR,,5329040,341657714,0 STARLINK-36786,1 67872U 26034Y   26230.35951387  .00021564  00000-0  70395-3 0  9994,2 67872  53.1588 172.1936 0001122  77.5573 282.5554 15.31731040 28805
3.0,GENERATED VIA SPACE-TRACK.ORG API,2026-08-18T17:55:23,18 SPCS,STARLINK-6346,2023-094AB,EARTH,TEME,UTC,SGP4,2026-08-18 08:38:58.540128,15.27576942,0.00010932,43.0004,187.0153,258.8071,101.2658,0,U,57243,999,17196,0.00002719681700,0.00000486,0.0000000000000,6861.195,94.267,483.810,482.310,PAYLOAD,LARGE,US,2023-07-07,AFWTR,,5329040,341649053,0 STARLINK-6346,1 57243U 23094AB  26230.36039977  .00000486  00000-0  27197-4 0  9994,2 57243  43.0004 187.0153 0001093 258.8071 101.2658 15.27576942171968
3.0,GENERATED VIA SPACE-TRACK.ORG API,2026-08-18T17:55:23,18 SPCS,STARLINK-30571,2023-158R,EARTH,TEME,UTC,SGP4,2026-08-18 08:45:01.998144,15.27576178,0.00016762,43.0024,194.1982,273.3766,86.6894,0,U,58066,999,15829,0.00004076277200,0.00000859,0.0000000000000,6861.198,94.267,484.213,481.912,PAYLOAD,LARGE,US,2023-10-13,AFETR,,5329040,341649370,0 STARLINK-30571,1 58066U 23158R   26230.36460646  .00000859  00000-0  40763-4 0  9998,2 58066  43.0024 194.1982 0001676 273.3766  86.6894 15.27576178158293
3.0,GENERATED VIA SPACE-TRACK.ORG API,2026-08-18T17:55:23,18 SPCS,STARLINK-35678,2025-288N,EARTH,TEME,UTC,SGP4,2026-08-18 08:45:40.360608,15.27582270,0.00018938,43.0011,190.3854,266.4984,93.5651,0,U,66971,999,4001,0.00088211010000,0.00024093,0.0000000000000,6861.179,94.267,484.344,481.745,PAYLOAD,LARGE,US,2025-12-08,AFETR,,5329040,341657285,0 STARLINK-35678,1 66971U 25288N   26230.36505047  .00024093  00000-0  88211-3 0  9998,2 66971  43.0011 190.3854 0001894 266.4984  93.5651 15.27582270 40014
3.0,GENERATED VIA SPACE-TRACK.ORG API,2026-08-18T17:55:23,18 SPCS,STARLINK-11709,2025-107B,EARTH,TEME,UTC,SGP4,2026-08-18 08:53:50.152704,15.70924132,0.00025154,43.0030,203.9111,269.8385,90.2195,0,U,64065,999,7272,0.00146753830000,0.00192982,0.0000000000000,6734.392,91.666,357.951,354.563,PAYLOAD,LARGE,US,2025-05-21,AFETR,,5329040,341654394,0 STARLINK-11709,1 64065U 25107B   26230.37071936  .00192982  00000-0  14675-2 0  9991,2 64065  43.0030 203.9111 0002515 269.8385  90.2195 15.70924132 72722
3.0,GENERATED VIA SPACE-TRACK.ORG API,2026-08-18T17:55:23,18 SPCS,STARLINK-11078,2024-002F,EARTH,TEME,UTC,SGP4,2026-08-18 08:54:29.005920,15.69707015,0.00014556,53.1597,196.8158,129.0211,231.0937,0,U,58710,999,15183,0.00004072065800,0.00004346,0.0000000000000,6737.872,91.737,360.718,358.757,PAYLOAD,LARGE,US,2024-01-03,AFWTR,,5329040,341650122,0 STARLINK-11078,1 58710U 24002F   26230.37116905  .00004346  00000-0  40721-4 0  9999,2 58710  53.1597 196.8158 0001456 129.0211 231.0937 15.69707015151837
3.0,GENERATED VIA SPACE-TRACK.ORG API,2026-08-18T17:55:23,18 SPCS,STARLINK-33886,2025-085T,EARTH,TEME,UTC,SGP4,2026-08-18 09:02:44.871936,15.27604149,0.00025015,43.0033,197.2888,37.9372,322.1656,0,U,63681,999,7360,0.00058363976000,0.00015845,0.0000000000000,6861.114,94.265,484.695,481.263,PAYLOAD,LARGE,US,2025-04-28,AFETR,,5329040,341654209,0 STARLINK-33886,1 63681U 25085T   26230.37690824  .00015845  00000-0  58364-3 0  9998,2 63681  43.0033 197.2888 0002501  37.9372 322.1656 15.27604149 73601
3.0,GENERATED VIA SPACE-TRACK.ORG API,2026-08-18T17:55:23,18 SPCS,STARLINK-31546,2024-068R,EARTH,TEME,UTC,SGP4,2026-08-18 09:13:55.230528,15.27581596,0.00011423,43.0012,197.7370,267.5214,92.5507,0,U,59470,999,13329,0.00006732561700,0.00001591,0.0000000000000,6861.181,94.267,483.830,482.263,PAYLOAD,LARGE,US,2024-04-10,AFETR,,5329040,341650435,0 STARLINK-31546,1 59470U 24068R   26230.38466702  .00001591  00000-0  67326-4 0  9998,2 59470  43.0012 197.7370 0001142 267.5214  92.5507 15.27581596133291
3.0,GENERATED VIA SPACE-TRACK.ORG API,2026-08-18T17:55:23,18 SPCS,STARLINK-5800,2023-042BH,EARTH,TEME,UTC,SGP4,2026-08-18 09:18:40.836960,15.27573339,0.00015992,43.0024,200.8004,268.9993,91.0675,0,U,56041,999,18789,0.00001934473800,0.00000270,0.0000000000000,6861.206,94.267,484.168,481.974,PAYLOAD,LARGE,US,2023-03-24,AFETR,,5329040,341648114,0 STARLINK-5800,1 56041U 23042BH  26230.38797265  .00000270  00000-0  19345-4 0  9992,2 56041  43.0024 200.8004 0001599 268.9993  91.0675 15.27573339187891
3.0,GENERATED VIA SPACE-TRACK.ORG API,2026-08-18T17:55:23,18 SPCS,STARLINK-5480,2023-021AN,EARTH,TEME,UTC,SGP4,2026-08-18 09:22:19.733952,14.98329369,0.00026527,70.0000,116.8371,277.6476,82.4382,0,U,55664,999,19350,0.00017501189000,0.00001996,0.0000000000000,6950.195,96.107,573.904,570.216,PAYLOAD,LARGE,US,2023-02-17,AFWTR,,5329040,341647472,0 STARLINK-5480,1 55664U 23021AN  26230.39050618  .00001996  00000-0  17501-3 0  9991,2 55664  70.0000 116.8371 0002653 277.6476  82.4382 14.98329369193506
3.0,GENERATED VIA SPACE-TRACK.ORG API,2026-08-18T17:55:23,18 SPCS,STARLINK-32516,2024-225P,EARTH,TEME,UTC,SGP4,2026-08-18 09:22:33.767904,14.98338427,0.00021868,70.0001,116.8547,271.5841,88.5067,0,U,62176,999,9409,0.00023416593000,0.00002703,0.0000000000000,6950.167,96.106,573.552,570.512,PAYLOAD,LARGE,US,2024-11-30,AFWTR,,5329040,341653059,0 STARLINK-32516,1 62176U 24225P   26230.39066861  .00002703  00000-0  23417-3 0  9991,2 62176  70.0001 116.8547 0002187 271.5841  88.5067 14.98338427 94095
3.0,GENERATED VIA SPACE-TRACK.ORG API,2026-08-18T17:55:23,18 SPCS,STARLINK-36131,2025-294C,EARTH,TEME,UTC,SGP4,2026-08-18 09:32:49.879392,15.27592845,0.00020462,43.0014,204.5590,285.4158,74.6467,0,U,67032,999,3953,0.00045793598000,0.00012365,0.0000000000000,6861.148,94.266,484.417,481.609,PAYLOAD,LARGE,US,2025-12-11,AFETR,,5329040,341657314,0 STARLINK-36131,1 67032U 25294C   26230.39779953  .00012365  00000-0  45794-3 0  9994,2 67032  43.0014 204.5590 0002046 285.4158  74.6467 15.27592845 39534
3.0,GENERATED VIA SPACE-TRACK.ORG API,2026-08-18T17:55:23,18 SPCS,STARLINK-5477,2023-021AH,EARTH,TEME,UTC,SGP4,2026-08-18 09:34:20.652096,14.98330413,0.00026434,70.0000,116.8666,272.0577,88.0280,0,U,55659,999,19349,-0.00000406326100,-0.00000141,0.0000000000000,6950.192,96.107,573.894,570.219,PAYLOAD,LARGE,US,2023-02-17,AFWTR,,5329040,341646969,0 STARLINK-5477,1 55659U 23021AH  26230.39885014 -.00000141  00000-0 -40633-5 0  9998,2 55659  70.0000 116.8666 0002643 272.0577  88.0280 14.98330413193496
3.0,GENERATED VIA SPACE-TRACK.ORG API,2026-08-18T17:55:23,18 SPCS,STARLINK-35775,2025-294J,EARTH,TEME,UTC,SGP4,2026-08-18 09:40:14.220768,15.27584870,0.00015341,42.9999,204.5899,268.7233,91.3443,0,U,67038,999,3954,0.00030104086000,0.00008032,0.0000000000000,6861.172,94.266,484.089,481.984,PAYLOAD,LARGE,US,2025-12-11,AFETR,,5329040,341657317,0 STARLINK-35775,1 67038U 25294J   26230.40294237  .00008032  00000-0  30104-3 0  9994,2 67038  42.9999 204.5899 0001534 268.7233  91.3443 15.27584870 39541
3.0,GENERATED VIA SPACE-TRACK.ORG API,2026-08-18T17:55:23,18 SPCS,STARLINK-31912,2024-084C,EARTH,TEME,UTC,SGP4,2026-08-18 09:48:57.121344,15.27561270,0.00026530,43.0048,208.7004,271.2332,88.8216,0,U,59656,999,12910,0.00018464932000,0.00004819,0.0000000000000,6861.242,94.268,484.927,481.287,PAYLOAD,LARGE,US,2024-05-06,AFETR,,5329040,341650509,0 STARLINK-31912,1 59656U 24084C   26230.40899446  .00004819  00000-0  18465-3 0  9995,2 59656  43.0048 208.7004 0002653 271.2332  88.8216 15.27561270129101
3.0,GENERATED VIA SPACE-TRACK.ORG API,2026-08-18T17:55:23,18 SPCS,STARLINK-33769,2025-089X,EARTH,TEME,UTC,SGP4,2026-08-18 09:49:59.279232,15.27590553,0.00016374,43.0020,211.6572,281.9559,78.1109,0,U,63773,999,7368,0.00050471251000,0.00013657,0.0000000000000,6861.154,94.266,484.143,481.896,PAYLOAD,LARGE,US,2025-04-29,AFETR,,5329040,341653754,0 STARLINK-33769,1 63773U 25089X   26230.40971388  .00013657  00000-0  50471-3 0  9995,2 63773  43.0020 211.6572 0001637 281.9559  78.1109 15.27590553 73689
3.0,GENERATED VIA SPACE-TRACK.ORG API,2026-08-18T17:55:23,18 SPCS,STARLINK-30977,2023-183Y,EARTH,TEME,UTC,SGP4,2026-08-18 09:50:46.022496,15.27582358,0.00012706,43.0018,208.6223,266.5630,93.5076,0,U,58459,999,15146,0.00005655730900,0.00001295,0.0000000000000,6861.179,94.267,483.916,482.172,PAYLOAD,LARGE,US,2023-11-28,AFETR,,5329040,341650030,0 STARLINK-30977,1 58459U 23183Y   26230.41025489  .00001295  00000-0  56557-4 0  9993,2 58459  43.0018 208.6223 0001271 266.5630  93.5076 15.27582358151464
3.0,GENERATED VIA SPACE-TRACK.ORG API,2026-08-18T17:55:23,18 SPCS,STARLINK-36199,2025-304X,EARTH,TEME,UTC,SGP4,2026-08-18 09:55:30.559296,14.98339154,0.00025768,70.0001,126.5183,270.6396,89.4468,0,U,67213,999,3811,0.00028126147000,0.00003265,0.0000000000000,6950.165,96.106,573.821,570.239,PAYLOAD,LARGE,US,2025-12-17,AFWTR,,5329040,341656902,0 STARLINK-36199,1 67213U 25304X   26230.41354814  .00003265  00000-0  28126-3 0  9994,2 67213  70.0001 126.5183 0002577 270.6396  89.4468 14.98339154 38118
3.0,GENERATED VIA SPACE-TRACK.ORG API,2026-08-18T17:55:23,18 SPCS,STARLINK-5940,2023-042AC,EARTH,TEME,UTC,SGP4,2026-08-18 09:59:11.281056,15.27563905,0.00013810,43.0024,211.5314,280.6514,79.4182,0,U,56012,999,18777,-0.00003815356600,-0.00001311,0.0000000000000,6861.234,94.268,484.047,482.152,PAYLOAD,LARGE,US,2023-03-24,AFETR,,5329040,341648100,0 STARLINK-5940,1 56012U 23042AC  26230.41610279 -.00001311  00000-0 -38154-4 0  9991,2 56012  43.0024 211.5314 0001381 280.6514  79.4182 15.27563905187779
3.0,GENERATED VIA SPACE-TRACK.ORG API,2026-08-18T17:55:23,18 SPCS,STARLINK-36197,2025-304P,EARTH,TEME,UTC,SGP4,2026-08-18 10:01:31.156608,14.98340203,0.00024720,70.0005,126.5343,267.9011,92.1865,0,U,67205,999,3808,0.00027774948000,0.00003223,0.0000000000000,6950.161,96.106,573.744,570.308,PAYLOAD,LARGE,US,2025-12-17,AFWTR,,5329040,341656898,0 STARLINK-36197,1 67205U 25304P   26230.41772172  .00003223  00000-0  27775-3 0  9999,2 67205  70.0005 126.5343 0002472 267.9011  92.1865 14.98340203 38083
3.0,GENERATED VIA SPACE-TRACK.ORG API,2026-08-18T17:55:23,18 SPCS,STARLINK-31979,2024-107V,EARTH,TEME,UTC,SGP4,2026-08-18 10:46:07.846752,15.34392802,0.00011980,53.1601,31.9655,83.2604,276.8535,0,U,59964,999,12454,0.00002414433200,0.00000439,0.0000000000000,6840.862,93.848,463.546,461.907,PAYLOAD,LARGE,US,2024-06-05,AFETR,,5329040,341650638,0 STARLINK-31979,1 59964U 24107V   26230.44870193  .00000439  00000-0  24144-4 0  9991,2 59964  53.1601  31.9655 0001198  83.2604 276.8535 15.34392802124541
3.0,GENERATED VIA SPACE-TRACK.ORG API,2026-08-18T17:55:23,18 SPCS,STARLINK-3913,2022-049AL,EARTH,TEME,UTC,SGP4,2026-08-18 10:47:10.158432,15.33545895,0.00010925,53.1621,38.0845,93.6023,266.5104,0,U,52485,999,23687,0.00003994686200,0.00000941,0.0000000000000,6843.380,93.900,465.993,464.497,PAYLOAD,LARGE,US,2022-05-06,AFETR,,5329040,341645399,0 STARLINK-3913,1 52485U 22049AL  26230.44942313  .00000941  00000-0  39947-4 0  9994,2 52485  53.1621  38.0845 0001093  93.6023 266.5104 15.33545895236876
3.0,GENERATED VIA SPACE-TRACK.ORG API,2026-08-18T17:55:23,18 SPCS,STARLINK-3813,2022-049AH,EARTH,TEME,UTC,SGP4,2026-08-18 10:49:05.427264,15.33548297,0.00014407,53.1628,38.1304,87.9863,272.1304,0,U,52482,999,23687,0.00004552423100,0.00001125,0.0000000000000,6843.373,93.900,466.224,464.252,PAYLOAD,LARGE,US,2022-05-06,AFETR,,5329040,341644897,0 STARLINK-3813,1 52482U 22049AH  26230.45075726  .00001125  00000-0  45524-4 0  9990,2 52482  53.1628  38.1304 0001441  87.9863 272.1304 15.33548297236870
3.0,GENERATED VIA SPACE-TRACK.ORG API,2026-08-18T17:55:23,18 SPCS,STARLINK-5453,2022-175R,EARTH,TEME,UTC,SGP4,2026-08-18 10:49:13.049472,15.34392995,0.00014318,53.1612,32.2801,91.8572,268.2594,0,U,54773,999,20441,0.00004511865800,0.00001148,0.0000000000000,6840.861,93.848,463.706,461.747,PAYLOAD,LARGE,US,2022-12-17,AFETR,,5329040,341646666,0 STARLINK-5453,1 54773U 22175R   26230.45084548  .00001148  00000-0  45119-4 0  9992,2 54773  53.1612  32.2801 0001432  91.8572 268.2594 15.34392995204411
3.0,GENERATED VIA SPACE-TRACK.ORG API,2026-08-18T17:55:23,18 SPCS,STARLINK-2039,2021-012AM,EARTH,TEME,UTC,SGP4,2026-08-18 10:50:20.765472,15.33344908,0.00015945,53.1618,32.1520,318.2476,41.8404,0,U,47655,999,30487,0.00134874870000,0.00043960,0.0000000000000,6843.978,93.912,466.934,464.752,PAYLOAD,LARGE,US,2021-02-16,AFETR,,5329040,341643497,0 STARLINK-2039,1 47655U 21012AM  26230.45162923  .00043960  00000-0  13487-2 0  9995,2 47655  53.1618  32.1520 0001594 318.2476  41.8404 15.33344908304879
3.0,GENERATED VIA SPACE-TRACK.ORG API,2026-08-18T17:55:23,18 SPCS,STARLINK-3884,2022-049AY,EARTH,TEME,UTC,SGP4,2026-08-18 10:51:22.434336,15.33550935,0.00012596,53.1611,38.3794,84.2295,275.8851,0,U,52497,999,23687,0.00003377539400,0.00000738,0.0000000000000,6843.365,93.900,466.092,464.368,PAYLOAD,LARGE,US,2022-05-06,AFETR,,5329040,341644904,0 STARLINK-3884,1 52497U 22049AY  26230.45234299  .00000738  00000-0  33775-4 0  9992,2 52497  53.1611  38.3794 0001260  84.2295 275.8851 15.33550935236870
3.0,GENERATED VIA SPACE-TRACK.ORG API,2026-08-18T17:55:23,18 SPCS,STARLINK-32075,2024-136S,EARTH,TEME,UTC,SGP4,2026-08-18 10:52:42.902112,15.30199413,0.00016092,53.1604,44.1190,99.2274,260.8909,0,U,60345,999,11443,0.00033889788000,0.00009691,0.0000000000000,6853.354,94.105,476.322,474.116,PAYLOAD,LARGE,US,2024-08-02,AFETR,,5329040,341650791,0 STARLINK-32075,1 60345U 24136S   26230.45327433  .00009691  00000-0  33890-3 0  9999,2 60345  53.1604  44.1190 0001609  99.2274 260.8909 15.30199413114430
3.0,GENERATED VIA SPACE-TRACK.ORG API,2026-08-18T17:55:23,18 SPCS,STARLINK-3914,2022-049AR,EARTH,TEME,UTC,SGP4,2026-08-18 10:53:13.141248,15.08830471,0.00015521,53.1622,42.4685,94.0388,266.0781,0,U,52490,999,23681,0.00004412916500,0.00000414,0.0000000000000,6917.910,95.438,540.848,538.701,PAYLOAD,LARGE,US,2022-05-06,AFETR,,5329040,341644901,0 STARLINK-3914,1 52490U 22049AR  26230.45362432  .00000414  00000-0  44129-4 0  9992,2 52490  53.1622  42.4685 0001552  94.0388 266.0781 15.08830471236812
3.0,GENERATED VIA SPACE-TRACK.ORG API,2026-08-18T17:55:23,18 SPCS,STARLINK-32082,2024-136T,EARTH,TEME,UTC,SGP4,2026-08-18 10:54:13.197888,15.30224383,0.00017166,53.1624,44.1285,81.6721,278.4474,0,U,60346,999,11443,-0.00016921865000,-0.00005372,0.0000000000000,6853.279,94.104,476.321,473.968,PAYLOAD,LARGE,US,2024-08-02,AFETR,,5329040,341651292,0 STARLINK-32082,1 60346U 24136T   26230.45431942 -.00005372  00000-0 -16922-3 0  9992,2 60346  53.1624  44.1285 0001717  81.6721 278.4474 15.30224383114437
3.0,GENERATED VIA SPACE-TRACK.ORG API,2026-08-18T17:55:23,18 SPCS,STARLINK-2742,2021-044BC,EARTH,TEME,UTC,SGP4,2026-08-18 11:03:12.122208,15.31700866,0.00011671,53.1610,32.3927,79.7028,280.4105,0,U,48688,999,28928,0.00005948951400,0.00001481,0.0000000000000,6848.874,94.013,471.539,469.940,PAYLOAD,LARGE,US,2021-05-26,AFETR,,5329040,341644276,0 STARLINK-2742,1 48688U 21044BC  26230.46055697  .00001481  00000-0  59490-4 0  9995,2 48688  53.1610  32.3927 0001167  79.7028 280.4105 15.31700866289282
3.0,GENERATED VIA SPACE-TRACK.ORG API,2026-08-18T17:55:23,18 SPCS,STARLINK-5202,2022-175D,EARTH,TEME,UTC,SGP4,2026-08-18 11:03:31.814496,15.31708622,0.00010144,53.1602,31.6498,71.9243,288.1869,0,U,54761,999,20442,0.00003878550000,0.00000839,0.0000000000000,6848.851,94.013,471.411,470.022,PAYLOAD,LARGE,US,2022-12-17,AFETR,,5329040,341646661,0 STARLINK-5202,1 54761U 22175D   26230.46078489  .00000839  00000-0  38786-4 0  9995,2 54761  53.1602  31.6498 0001014  71.9243 288.1869 15.31708622204424
3.0,GENERATED VIA SPACE-TRACK.ORG API,2026-08-18T17:55:23,18 SPCS,STARLINK-31967,2024-111F,EARTH,TEME,UTC,SGP4,2026-08-18 11:03:43.447392,15.34380792,0.00009342,53.1583,40.5058,84.1369,275.9740,0,U,60021,999,12386,0.00004012974600,0.00000979,0.0000000000000,6840.897,93.849,463.401,462.123,PAYLOAD,LARGE,US,2024-06-08,AFETR,,5329040,341650664,0 STARLINK-31967,1 60021U 24111F   26230.46091953  .00000979  00000-0  40130-4 0  9995,2 60021  53.1583  40.5058 0000934  84.1369 275.9740 15.34380792123861
3.0,GENERATED VIA SPACE-TRACK.ORG API,2026-08-18T17:55:23,18 SPCS,STARLINK-4551,2022-101BA,EARTH,TEME,UTC,SGP4,2026-08-18 11:08:52.788768,15.34392152,0.00012228,53.1611,37.8888,73.2848,286.8288,0,U,53575,999,22169,0.00005510589700,0.00001486,0.0000000000000,6840.864,93.848,463.565,461.892,PAYLOAD,LARGE,US,2022-08-19,AFETR,,5329040,341645734,0 STARLINK-4551,1 53575U 22101BA  26230.46449987  .00001486  00000-0  55106-4 0  9995,2 53575  53.1611  37.8888 0001223  73.2848 286.8288 15.34392152221693
3.0,GENERATED VIA SPACE-TRACK.ORG API,2026-08-18T17:55:23,18 SPCS,STARLINK-32008,2024-111N,EARTH,TEME,UTC,SGP4,2026-08-18 11:10:56.118720,15.30170175,0.00011539,53.1606,44.0829,83.6595,276.4537,0,U,60028,999,12380,0.00020713646000,0.00005775,0.0000000000000,6853.441,94.107,476.097,474.515,PAYLOAD,LARGE,US,2024-06-08,AFETR,,5329040,341650667,0 STARLINK-32008,1 60028U 24111N   26230.46592730  .00005775  00000-0  20714-3 0  9995,2 60028  53.1606  44.0829 0001154  83.6595 276.4537 15.30170175123801
3.0,GENERATED VIA SPACE-TRACK.ORG API,2026-08-18T17:55:23,18 SPCS,STARLINK-3734,2022-029AA,EARTH,TEME,UTC,SGP4,2026-08-18 11:14:55.672224,15.26513656,0.00003822,53.2169,42.0867,85.8517,274.2527,0,U,52112,999,24564,-0.00003137123300,-0.00001174,0.0000000000000,6864.381,94.333,486.508,485.984,PAYLOAD,LARGE,US,2022-03-19,AFETR,,5329040,341644811,0 STARLINK-3734,1 52112U 22029AA  26230.46869991 -.00001174  00000-0 -31371-4 0  9995,2 52112  53.2169  42.0867 0000382  85.8517 274.2527 15.26513656245643
3.0,GENERATED VIA SPACE-TRACK.ORG API,2026-08-18T17:55:23,18 SPCS,STARLINK-3879,2022-049Y,EARTH,TEME,UTC,SGP4,2026-08-18 11:22:24.269664,15.33550219,0.00010526,53.1616,48.2068,82.8862,277.2260,0,U,52473,999,23673,0.00003737644100,0.00000857,0.0000000000000,6843.367,93.900,465.952,464.512,PAYLOAD,LARGE,US,2022-05-06,AFETR,,5329040,341645394,0 STARLINK-3879,1 52473U 22049Y   26230.47389201  .00000857  00000-0  37376-4 0  9995,2 52473  53.1616  48.2068 0001053  82.8862 277.2260 15.33550219236737
3.0,GENERATED VIA SPACE-TRACK.ORG API,2026-08-18T17:55:23,18 SPCS,STARLINK-31529,2024-036C,EARTH,TEME,UTC,SGP4,2026-08-18 11:22:31.409760,15.34396578,0.00012874,53.1597,43.7935,95.4100,264.7049,0,U,59000,999,14005,0.00011106451000,0.00003378,0.0000000000000,6840.850,93.848,463.596,461.835,PAYLOAD,LARGE,US,2024-02-23,AFWTR,,5329040,341650240,0 STARLINK-31529,1 59000U 24036C   26230.47397465  .00003378  00000-0  11106-3 0  9990,2 59000  53.1597  43.7935 0001287  95.4100 264.7049 15.34396578140057
3.0,GENERATED VIA SPACE-TRACK.ORG API,2026-08-18T17:55:23,18 SPCS,STARLINK-30564,2023-156R,EARTH,TEME,UTC,SGP4,2026-08-18 11:23:24.335808,15.34489350,0.00013983,53.1630,46.1880,341.8176,18.2777,0,U,58043,999,16109,0.00550175130000,0.00190842,0.0000000000000,6840.575,93.842,463.396,461.483,PAYLOAD,LARGE,US,2023-10-09,AFWTR,,5329040,341648859,0 STARLINK-30564,1 58043U 23156R   26230.47458722  .00190842  00000-0  55018-2 0  9994,2 58043  53.1630  46.1880 0001398 341.8176  18.2777 15.34489350161099
3.0,GENERATED VIA SPACE-TRACK.ORG API,2026-08-18T17:55:23,18 SPCS,STARLINK-4320,2022-077S,EARTH,TEME,UTC,SGP4,2026-08-18 11:25:44.109408,15.10543816,0.00015815,97.2862,46.0978,82.8832,277.2578,0,U,53059,999,22525,0.00003099791100,0.00000452,0.0000000000000,6912.677,95.330,535.636,533.449,PAYLOAD,LARGE,US,2022-07-11,AFWTR,,5329040,341646071,0 STARLINK-4320,1 53059U 22077S   26230.47620497  .00000452  00000-0  30998-4 0  9996,2 53059  97.2862  46.0978 0001582  82.8832 277.2578 15.10543816225257
3.0,GENERATED VIA SPACE-TRACK.ORG API,2026-08-18T17:55:23,18 SPCS,STARLINK-4297,2022-101S,EARTH,TEME,UTC,SGP4,2026-08-18 11:39:14.633856,15.34395358,0.00011045,53.1598,47.7560,65.3137,294.7980,0,U,53543,999,22155,-0.00005321014700,-0.00002173,0.0000000000000,6840.854,93.848,463.475,461.963,PAYLOAD,LARGE,US,2022-08-19,AFETR,,5329040,341645720,0 STARLINK-4297,1 53543U 22101S   26230.48558604 -.00002173  00000-0 -53210-4 0  9999,2 53543  53.1598  47.7560 0001105  65.3137 294.7980 15.34395358221554
3.0,GENERATED VIA SPACE-TRACK.ORG API,2026-08-18T17:55:23,18 SPCS,STARLINK-4328,2022-077AE,EARTH,TEME,UTC,SGP4,2026-08-18 11:39:37.478880,15.05652110,0.00017639,97.2868,47.2766,91.4631,268.6799,0,U,53071,999,22533,-0.00000219129100,-0.00000088,0.0000000000000,6927.642,95.640,550.729,548.285,PAYLOAD,LARGE,US,2022-07-11,AFWTR,,5329040,341645576,0 STARLINK-4328,1 53071U 22077AE  26230.48585045 -.00000088  00000-0 -21913-5 0  9995,2 53071  97.2868  47.2766 0001764  91.4631 268.6799 15.05652110225330
3.0,GENERATED VIA SPACE-TRACK.ORG API,2026-08-18T17:55:23,18 SPCS,STARLINK-32081,2024-136V,EARTH,TEME,UTC,SGP4,2026-08-18 11:40:15.482784,15.31703252,0.00012389,53.1604,42.9055,103.1095,257.0045,0,U,60348,999,11445,0.00003907107700,0.00000848,0.0000000000000,6848.867,94.013,471.581,469.884,PAYLOAD,LARGE,US,2024-08-02,AFETR,,5329040,341651293,0 STARLINK-32081,1 60348U 24136V   26230.48629031  .00000848  00000-0  39071-4 0  9997,2 60348  53.1604  42.9055 0001239 103.1095 257.0045 15.31703252114458
3.0,GENERATED VIA SPACE-TRACK.ORG API,2026-08-18T17:55:23,18 SPCS,STARLINK-2557,2021-036Z,EARTH,TEME,UTC,SGP4,2026-08-18 11:40:38.606016,15.31713411,0.00011293,53.1617,42.4293,88.1104,272.0027,0,U,48299,999,29320,0.00004461989800,0.00001020,0.0000000000000,6848.837,94.012,471.475,469.929,PAYLOAD,LARGE,US,2021-04-29,AFETR,,5329040,341644150,0 STARLINK-2557,1 48299U 21036Z   26230.48655794  .00001020  00000-0  44620-4 0  9998,2 48299  53.1617  42.4293 0001129  88.1104 272.0027 15.31713411293209
3.0,GENERATED VIA SPACE-TRACK.ORG API,2026-08-18T17:55:23,18 SPCS,STARLINK-30514,2023-156A,EARTH,TEME,UTC,SGP4,2026-08-18 11:41:28.810464,15.34395897,0.00010967,53.1609,45.7321,77.9555,282.1570,0,U,58028,999,16110,0.00002831590600,0.00000581,0.0000000000000,6840.852,93.848,463.468,461.967,PAYLOAD,LARGE,US,2023-10-09,AFWTR,,5329040,341648852,0 STARLINK-30514,1 58028U 23156A   26230.48713901  .00000581  00000-0  28316-4 0  9994,2 58028  53.1609  45.7321 0001097  77.9555 282.1570 15.34395897161104
3.0,GENERATED VIA SPACE-TRACK.ORG API,2026-08-18T17:55:23,18 SPCS,STARLINK-5338,2023-010T,EARTH,TEME,UTC,SGP4,2026-08-18 11:44:10.923648,14.98331651,0.00033096,70.0015,336.5636,267.1951,92.8829,0,U,55286,999,19750,0.00000822276300,0.00000005,0.0000000000000,6950.188,96.107,574.353,569.753,PAYLOAD,LARGE,US,2023-01-19,AFWTR,,5329040,341647322,0 STARLINK-5338,1 55286U 23010T   26230.48901532  .00000005  00000-0  82228-5 0  9999,2 55286  70.0015 336.5636 0003310 267.1951  92.8829 14.98331651197502
3.0,GENERATED VIA SPACE-TRACK.ORG API,2026-08-18T17:55:23,18 SPCS,STARLINK-2545,2021-036P,EARTH,TEME,UTC,SGP4,2026-08-18 11:46:56.835840,15.31709619,0.00011554,53.1611,42.7515,95.8377,264.2756,0,U,48289,999,29319,0.00009902027200,0.00002710,0.0000000000000,6848.848,94.013,471.505,469.922,PAYLOAD,LARGE,US,2021-04-29,AFETR,,5329040,341643646,0 STARLINK-2545,1 48289U 21036P   26230.49093560  .00002710  00000-0  99020-4 0  9996,2 48289  53.1611  42.7515 0001155  95.8377 264.2756 15.31709619293193
3.0,GENERATED VIA SPACE-TRACK.ORG API,2026-08-18T17:55:23,18 SPCS,STARLINK-2558,2021-036G,EARTH,TEME,UTC,SGP4,2026-08-18 11:47:22.988256,15.31719478,0.00012033,53.1613,42.4971,85.3615,274.7524,0,U,48282,999,29320,0.00014566168000,0.00004160,0.0000000000000,6848.819,94.012,471.508,469.860,PAYLOAD,LARGE,US,2021-04-29,AFETR,,5329040,341644144,0 STARLINK-2558,1 48282U 21036G   26230.49123829  .00004160  00000-0  14566-3 0  9993,2 48282  53.1613  42.4971 0001203  85.3615 274.7524 15.31719478293209
3.0,GENERATED VIA SPACE-TRACK.ORG API,2026-08-18T17:55:23,18 SPCS,STARLINK-4338,2022-077N,EARTH,TEME,UTC,SGP4,2026-08-18 11:50:48.114816,15.06153932,0.00025031,97.2855,47.1657,67.3428,292.8065,0,U,53055,999,22532,0.00419646740000,0.00061852,0.0000000000000,6926.103,95.608,549.701,546.234,PAYLOAD,LARGE,US,2022-07-11,AFWTR,,5329040,341646069,0 STARLINK-4338,1 53055U 22077N   26230.49361244  .00061852  00000-0  41965-2 0  9991,2 53055  97.2855  47.1657 0002503  67.3428 292.8065 15.06153932225327
3.0,GENERATED VIA SPACE-TRACK.ORG API,2026-08-18T17:55:23,18 SPCS,STARLINK-30438,2023-156H,EARTH,TEME,UTC,SGP4,2026-08-18 12:00:19.624896,15.30199388,0.00013509,53.1595,46.5110,104.5685,255.5466,0,U,58035,999,16104,0.00004532143700,0.00000983,0.0000000000000,6853.354,94.105,476.145,474.293,PAYLOAD,LARGE,US,2023-10-09,AFWTR,,5329040,341649356,0 STARLINK-30438,1 58035U 23156H   26230.50022714  .00000983  00000-0  45321-4 0  9991,2 58035  53.1595  46.5110 0001351 104.5685 255.5466 15.30199388161049
3.0,GENERATED VIA SPACE-TRACK.ORG API,2026-08-18T17:55:23,18 SPCS,STARLINK-5315,2023-010AS,EARTH,TEME,UTC,SGP4,2026-08-18 12:01:51.287520,14.98331975,0.00033711,70.0002,316.3299,268.7454,91.3319,0,U,55309,999,19801,0.00003777986700,0.00000358,0.0000000000000,6950.187,96.107,574.395,569.709,PAYLOAD,LARGE,US,2023-01-19,AFWTR,,5329040,341647332,0 STARLINK-5315,1 55309U 23010AS  26230.50128805  .00000358  00000-0  37780-4 0  9995,2 55309  70.0002 316.3299 0003371 268.7454  91.3319 14.98331975198011
3.0,GENERATED VIA SPACE-TRACK.ORG API,2026-08-18T17:55:23,18 SPCS,STARLINK-34221,2025-130R,EARTH,TEME,UTC,SGP4,2026-08-18 12:05:01.840992,15.34348044,0.00025730,53.1581,53.6572,95.6364,264.4932,0,U,64453,999,6552,-0.00030150525000,-0.00010534,0.0000000000000,6840.995,93.851,464.620,461.099,PAYLOAD,LARGE,US,2025-06-18,AFETR,,5329040,341654582,0 STARLINK-34221,1 64453U 25130R   26230.50349353 -.00010534  00000-0 -30151-3 0  9996,2 64453  53.1581  53.6572 0002573  95.6364 264.4932 15.34348044 65529
3.0,GENERATED VIA SPACE-TRACK.ORG API,2026-08-18T17:55:23,18 SPCS,STARLINK-5257,2023-010AZ,EARTH,TEME,UTC,SGP4,2026-08-18 12:07:51.971232,14.98332117,0.00033544,70.0005,316.3581,270.3791,89.6984,0,U,55316,999,19888,0.00003005369200,0.00000266,0.0000000000000,6950.186,96.107,574.383,569.720,PAYLOAD,LARGE,US,2023-01-19,AFWTR,,5329040,341646835,0 STARLINK-5257,1 55316U 23010AZ  26230.50546263  .00000266  00000-0  30054-4 0  9990,2 55316  70.0005 316.3581 0003354 270.3791  89.6984 14.98332117198882
3.0,GENERATED VIA SPACE-TRACK.ORG API,2026-08-18T17:55:23,18 SPCS,STARLINK-35356,2025-221P,EARTH,TEME,UTC,SGP4,2026-08-18 12:08:50.597088,15.34422813,0.00014087,53.1606,55.6307,80.0240,280.0922,0,U,65836,999,4952,0.00059197243000,0.00019691,0.0000000000000,6840.772,93.846,463.601,461.674,PAYLOAD,LARGE,US,2025-09-29,AFWTR,,5329040,341655735,0 STARLINK-35356,1 65836U 25221P   26230.50614117  .00019691  00000-0  59197-3 0  9998,2 65836  53.1606  55.6307 0001409  80.0240 280.0922 15.34422813 49521
3.0,GENERATED VIA SPACE-TRACK.ORG API,2026-08-18T17:55:23,18 SPCS,STARLINK-34445,2025-130V,EARTH,TEME,UTC,SGP4,2026-08-18 12:14:06.305280,15.34418822,0.00019201,53.1591,53.6906,96.9769,263.1452,0,U,64457,999,6552,0.00081249291000,0.00027191,0.0000000000000,6840.784,93.847,463.963,461.336,PAYLOAD,LARGE,US,2025-06-18,AFETR,,5329040,341654584,0 STARLINK-34445,1 64457U 25130V   26230.50979520  .00027191  00000-0  81249-3 0  9994,2 64457  53.1591  53.6906 0001920  96.9769 263.1452 15.34418822 65528
3.0,GENERATED VIA SPACE-TRACK.ORG API,2026-08-18T17:55:23,18 SPCS,STARLINK-35281,2025-221B,EARTH,TEME,UTC,SGP4,2026-08-18 12:14:52.932768,15.34418287,0.00003772,53.1604,55.6619,48.1888,311.9147,0,U,65824,999,5087,0.00109172970000,0.00036712,0.0000000000000,6840.786,93.847,462.909,462.393,PAYLOAD,LARGE,US,2025-09-29,AFWTR,,5329040,341655729,0 STARLINK-35281,1 65824U 25221B   26230.51033487  .00036712  00000-0  10917-2 0  9990,2 65824  53.1604  55.6619 0000377  48.1888 311.9147 15.34418287 50871
3.0,GENERATED VIA SPACE-TRACK.ORG API,2026-08-18T17:55:23,18 SPCS,STARLINK-34295,2025-130T,EARTH,TEME,UTC,SGP4,2026-08-18 12:17:07.881792,15.34419790,0.00019008,53.1580,53.7056,87.4337,272.6883,0,U,64455,999,6552,0.00073704716000,0.00024624,0.0000000000000,6840.781,93.847,463.947,461.346,PAYLOAD,LARGE,US,2025-06-18,AFETR,,5329040,341654583,0 STARLINK-34295,1 64455U 25130T   26230.51189678  .00024624  00000-0  73705-3 0  9996,2 64455  53.1580  53.7056 0001901  87.4337 272.6883 15.34419790 65524
3.0,GENERATED VIA SPACE-TRACK.ORG API,2026-08-18T17:55:23,18 SPCS,STARLINK-35231,2025-221AC,EARTH,TEME,UTC,SGP4,2026-08-18 12:17:55.154688,15.34427313,0.00016156,53.1593,55.6663,85.2437,274.8750,0,U,65849,999,5087,0.00083617946000,0.00028006,0.0000000000000,6840.759,93.846,463.729,461.519,PAYLOAD,LARGE,US,2025-09-29,AFWTR,,5329040,341655741,0 STARLINK-35231,1 65849U 25221AC  26230.51244392  .00028006  00000-0  83618-3 0  9992,2 65849  53.1593  55.6663 0001616  85.2437 274.8750 15.34427313 50870
3.0,GENERATED VIA SPACE-TRACK.ORG API,2026-08-18T17:55:23,18 SPCS,STARLINK-34228,2025-113B,EARTH,TEME,UTC,SGP4,2026-08-18 12:33:04.631328,15.31723920,0.00018931,53.1605,57.9378,91.7812,268.3407,0,U,64171,999,6986,0.00081466954000,0.00025019,0.0000000000000,6848.806,94.012,471.967,469.374,PAYLOAD,LARGE,US,2025-05-28,AFETR,,5329040,341653945,0 STARLINK-34228,1 64171U 25113B   26230.52297027  .00025019  00000-0  81467-3 0  9994,2 64171  53.1605  57.9378 0001893  91.7812 268.3407 15.31723920 69861
3.0,GENERATED VIA SPACE-TRACK.ORG API,2026-08-18T17:55:23,18 SPCS,STARLINK-35763,2025-298Q,EARTH,TEME,UTC,SGP4,2026-08-18 12:35:20.167872,14.98340492,0.00033411,70.0017,326.6183,266.9575,93.1202,0,U,67089,999,3745,0.00033744492000,0.00003937,0.0000000000000,6950.160,96.106,574.348,569.703,PAYLOAD,LARGE,US,2025-12-14,AFWTR,,5329040,341657341,0 STARLINK-35763,1 67089U 25298Q   26230.52453898  .00003937  00000-0  33744-3 0  9999,2 67089  70.0017 326.6183 0003341 266.9575  93.1202 14.98340492 37457
3.0,GENERATED VIA SPACE-TRACK.ORG API,2026-08-18T17:55:23,18 SPCS,STARLINK-36158,2025-298F,EARTH,TEME,UTC,SGP4,2026-08-18 12:41:04.528896,14.98349949,0.00036844,70.0014,326.2339,267.1459,92.9278,0,U,67080,999,3746,0.00051129816000,0.00006016,0.0000000000000,6950.131,96.106,574.557,569.436,PAYLOAD,LARGE,US,2025-12-14,AFWTR,,5329040,341656836,0 STARLINK-36158,1 67080U 25298F   26230.52852464  .00006016  00000-0  51130-3 0  9992,2 67080  70.0014 326.2339 0003684 267.1459  92.9278 14.98349949 37465
3.0,GENERATED VIA SPACE-TRACK.ORG API,2026-08-18T17:55:23,18 SPCS,STARLINK-36202,2025-298V,EARTH,TEME,UTC,SGP4,2026-08-18 12:47:04.960320,14.98339553,0.00036920,70.0022,326.2474,267.4715,92.6021,0,U,67094,999,3746,0.00032915622000,0.00003838,0.0000000000000,6950.163,96.106,574.594,569.462,PAYLOAD,LARGE,US,2025-12-14,AFWTR,,5329040,341656843,0 STARLINK-36202,1 67094U 25298V   26230.53269630  .00003838  00000-0  32916-3 0  9995,2 67094  70.0022 326.2474 0003692 267.4715  92.6021 14.98339553 37469
3.0,GENERATED VIA SPACE-TRACK.ORG API,2026-08-18T17:55:23,18 SPCS,STARLINK-36159,2025-298E,EARTH,TEME,UTC,SGP4,2026-08-18 12:47:19.284576,14.98339657,0.00035240,70.0018,326.2570,267.5999,92.4757,0,U,67079,999,3746,0.00032881941000,0.00003834,0.0000000000000,6950.163,96.106,574.477,569.579,PAYLOAD,LARGE,US,2025-12-14,AFWTR,,5329040,341657336,0 STARLINK-36159,1 67079U 25298E   26230.53286209  .00003834  00000-0  32882-3 0  9997,2 67079  70.0018 326.2570 0003524 267.5999  92.4757 14.98339657 37462
3.0,GENERATED VIA SPACE-TRACK.ORG API,2026-08-18T17:55:23,18 SPCS,STARLINK-36660,2026-033AD,EARTH,TEME,UTC,SGP4,2026-08-18 12:53:40.453728,15.27591026,0.00009436,43.0009,73.2728,267.3536,92.7207,0,U,67848,999,2942,0.00094910951000,0.00025956,0.0000000000000,6861.153,94.266,483.666,482.371,PAYLOAD,LARGE,US,2026-02-16,AFETR,,5329040,341657702,0 STARLINK-36660,1 67848U 26033AD  26230.53727377  .00025956  00000-0  94911-3 0  9995,2 67848  43.0009  73.2728 0000944 267.3536  92.7207 15.27591026 29421
3.0,GENERATED VIA SPACE-TRACK.ORG API,2026-08-18T17:55:23,18 SPCS,STARLINK-5266,2023-010X,EARTH,TEME,UTC,SGP4,2026-08-18 13:14:18.374784,14.98332354,0.00032048,70.0014,336.3786,264.2313,95.8481,0,U,55290,999,19751,0.00001600273300,0.00000098,0.0000000000000,6950.186,96.107,574.278,569.823,PAYLOAD,LARGE,US,2023-01-19,AFWTR,,5329040,341647324,0 STARLINK-5266,1 55290U 23010X   26230.55160156  .00000098  00000-0  16003-4 0  9990,2 55290  70.0014 336.3786 0003205 264.2313  95.8481 14.98332354197512
3.0,GENERATED VIA SPACE-TRACK.ORG API,2026-08-18T17:55:23,18 SPCS,STARLINK-31895,2024-097Q,EARTH,TEME,UTC,SGP4,2026-08-18 13:21:49.332672,15.27593213,0.00036041,42.9978,80.1046,285.5889,74.4565,0,U,59849,999,12667,0.00086929241000,0.00023748,0.0000000000000,6861.147,94.266,485.484,480.539,PAYLOAD,LARGE,US,2024-05-23,AFETR,,5329040,341651087,0 STARLINK-31895,1 59849U 24097Q   26230.55682098  .00023748  00000-0  86929-3 0  9994,2 59849  42.9978  80.1046 0003604 285.5889  74.4565 15.27593213126674
3.0,GENERATED VIA SPACE-TRACK.ORG API,2026-08-18T17:55:23,18 SPCS,STARLINK-34720,2025-259AD,EARTH,TEME,UTC,SGP4,2026-08-18 13:23:45.772224,15.27584447,0.00033023,42.9990,80.4797,281.7505,78.2976,0,U,66449,999,4413,0.00057312693000,0.00015546,0.0000000000000,6861.173,94.266,485.304,480.772,PAYLOAD,LARGE,US,2025-11-11,AFETR,,5329040,341656533,0 STARLINK-34720,1 66449U 25259AD  26230.55816866  .00015546  00000-0  57313-3 0  9993,2 66449  42.9990  80.4797 0003302 281.7505  78.2976 15.27584447 44133
3.0,GENERATED VIA SPACE-TRACK.ORG API,2026-08-18T17:55:23,18 SPCS,STARLINK-2486,2021-027BD,EARTH,TEME,UTC,SGP4,2026-08-18 13:25:32.045952,15.45377025,0.00004190,53.1530,60.5601,122.1882,237.9166,0,U,48143,999,29831,0.00116012100000,0.00056274,0.0000000000000,6808.407,93.181,430.558,429.987,PAYLOAD,LARGE,US,2021-04-07,AFETR,,5329040,341644108,0 STARLINK-2486,1 48143U 21027BD  26230.55939868  .00056274  00000-0  11601-2 0  9993,2 48143  53.1530  60.5601 0000419 122.1882 237.9166 15.45377025298311
3.0,GENERATED VIA SPACE-TRACK.ORG API,2026-08-18T17:55:23,18 SPCS,STARLINK-30071,2023-067W,EARTH,TEME,UTC,SGP4,2026-08-18 13:25:36.786720,15.27583208,0.00015583,43.0011,80.5074,263.1487,96.9188,0,U,56708,999,18041,0.00010006820000,0.00002493,0.0000000000000,6861.176,94.267,484.111,481.972,PAYLOAD,LARGE,US,2023-05-19,AFETR,,5329040,341648373,0 STARLINK-30071,1 56708U 23067W   26230.55945355  .00002493  00000-0  10007-3 0  9997,2 56708  43.0011  80.5074 0001558 263.1487  96.9188 15.27583208180417
3.0,GENERATED VIA SPACE-TRACK.ORG API,2026-08-18T17:55:23,18 SPCS,STARLINK-5088,2022-125AN,EARTH,TEME,UTC,SGP4,2026-08-18 14:00:01.999872,15.33563137,0.00018578,53.1592,191.3774,87.7250,217.8427,0,U,54000,999,584,-0.00067984491000,-0.00022675,0.0000000000000,6843.329,93.899,466.465,463.922,PAYLOAD,LARGE,US,2022-10-05,AFWTR,,5329040,341646382,0 STARLINK-5088,1 54000U 22125AN  26230.58335648 -.00022675  00000-0 -67984-3 0  9997,2 54000  53.1592 191.3774 0001858  87.7250 217.8427 15.33563137  5844
3.0,GENERATED VIA SPACE-TRACK.ORG API,2026-08-18T17:55:23,18 SPCS,STARLINK-4337,2022-077L,EARTH,TEME,UTC,SGP4,2026-08-18 14:00:01.999872,15.13275719,0.00011983,97.2844,46.1526,46.8086,7.3533,0,U,53053,999,582,-0.00115553870000,-0.00020541,0.0000000000000,6904.355,95.158,527.048,525.393,PAYLOAD,LARGE,US,2022-07-11,AFWTR,,5329040,341646068,0 STARLINK-4337,1 53053U 22077L   26230.58335648 -.00020541  00000-0 -11555-2 0  9992,2 53053  97.2844  46.1526 0001198  46.8086   7.3533 15.13275719  5824
3.0,GENERATED VIA SPACE-TRACK.ORG API,2026-08-18T17:55:23,18 SPCS,STARLINK-30283,2023-124T,EARTH,TEME,UTC,SGP4,2026-08-18 14:00:01.999872,15.36742007,0.00016815,53.1587,173.8447,71.1438,92.3279,0,U,57680,999,582,0.00235807120000,0.00086480,0.0000000000000,6833.888,93.705,456.902,454.604,PAYLOAD,LARGE,US,2023-08-22,AFWTR,,5329040,341649209,0 STARLINK-30283,1 57680U 23124T   26230.58335648  .00086480  00000-0  23581-2 0  9990,2 57680  53.1587 173.8447 0001682  71.1438  92.3279 15.36742007  5824
3.0,GENERATED VIA SPACE-TRACK.ORG API,2026-08-18T17:55:23,18 SPCS,STARLINK-32168,2024-136G,EARTH,TEME,UTC,SGP4,2026-08-18 14:00:01.999872,15.33575625,0.00017741,53.1613,43.7489,72.9476,167.8432,0,U,60335,999,586,-0.00019210638000,-0.00006691,0.0000000000000,6843.292,93.898,466.371,463.942,PAYLOAD,LARGE,US,2024-08-02,AFETR,,5329040,341651287,0 STARLINK-32168,1 60335U 24136G   26230.58335648 -.00006691  00000-0 -19211-3 0  9999,2 60335  53.1613  43.7489 0001774  72.9476 167.8432 15.33575625  5869
3.0,GENERATED VIA SPACE-TRACK.ORG API,2026-08-18T17:55:23,18 SPCS,STARLINK-4477,2022-101V,EARTH,TEME,UTC,SGP4,2026-08-18 14:00:01.999872,15.34401272,0.00012891,53.1609,37.2587,86.7556,233.5134,0,U,53546,999,587,-0.00032209072000,-0.00011243,0.0000000000000,6840.836,93.848,463.583,461.820,PAYLOAD,LARGE,US,2022-08-19,AFETR,,5329040,341646222,0 STARLINK-4477,1 53546U 22101V   26230.58335648 -.00011243  00000-0 -32209-3 0  9996,2 53546  53.1609  37.2587 0001289  86.7556 233.5134 15.34401272  5878
3.0,GENERATED VIA SPACE-TRACK.ORG API,2026-08-18T17:55:23,18 SPCS,STARLINK-31440,2024-036B,EARTH,TEME,UTC,SGP4,2026-08-18 14:00:01.999872,15.34387301,0.00008619,53.1613,45.5689,96.3354,63.6771,0,U,58999,999,585,-0.00006817225900,-0.00002677,0.0000000000000,6840.878,93.849,463.333,462.153,PAYLOAD,LARGE,US,2024-02-23,AFWTR,,5329040,341649739,0 STARLINK-31440,1 58999U 24036B   26230.58335648 -.00002677  00000-0 -68172-4 0  9992,2 58999  53.1613  45.5689 0000862  96.3354  63.6771 15.34387301  5857
3.0,GENERATED VIA SPACE-TRACK.ORG API,2026-08-18T17:55:23,18 SPCS,STARLINK-30784,2023-166G,EARTH,TEME,UTC,SGP4,2026-08-18 14:00:01.999872,15.33580546,0.00012819,53.1586,187.8801,73.4755,238.6205,0,U,58156,999,581,-0.00043205262000,-0.00014569,0.0000000000000,6843.277,93.898,466.019,464.265,PAYLOAD,LARGE,US,2023-10-29,AFWTR,,5329040,341649412,0 STARLINK-30784,1 58156U 23166G   26230.58335648 -.00014569  00000-0 -43205-3 0  9992,2 58156  53.1586 187.8801 0001282  73.4755 238.6205 15.33580546  5812
3.0,GENERATED VIA SPACE-TRACK.ORG API,2026-08-18T17:55:23,18 SPCS,STARLINK-33995,2025-087K,EARTH,TEME,UTC,SGP4,2026-08-18 14:00:01.999872,15.33564341,0.00015961,53.1580,187.8127,93.1043,239.7212,0,U,63706,999,581,-0.00055010544000,-0.00018430,0.0000000000000,6843.325,93.899,466.282,464.098,PAYLOAD,LARGE,US,2025-04-28,AFWTR,,5329040,341654221,0 STARLINK-33995,1 63706U 25087K   26230.58335648 -.00018430  00000-0 -55011-3 0  9992,2 63706  53.1580 187.8127 0001596  93.1043 239.7212 15.33564341  5816
3.0,GENERATED VIA SPACE-TRACK.ORG API,2026-08-18T17:55:23,18 SPCS,STARLINK-31986,2024-111D,EARTH,TEME,UTC,SGP4,2026-08-18 14:00:01.999872,15.34418039,0.00017838,53.1611,43.5782,94.7769,172.8960,0,U,60019,999,571,-0.00028469756000,-0.00009989,0.0000000000000,6840.787,93.847,463.872,461.431,PAYLOAD,LARGE,US,2024-06-08,AFETR,,5329040,341650663,0 STARLINK-31986,1 60019U 24111D   26230.58335648 -.00009989  00000-0 -28470-3 0  9991,2 60019  53.1611  43.5782 0001784  94.7769 172.8960 15.34418039  5710
3.0,GENERATED VIA SPACE-TRACK.ORG API,2026-08-18T17:55:23,18 SPCS,STARLINK-4321,2022-077AR,EARTH,TEME,UTC,SGP4,2026-08-18 14:00:01.999872,15.11185321,0.00019378,97.2855,46.1301,82.9615,110.5049,0,U,53082,999,578,0.03599107900000,0.00644262,0.0000000000000,6910.721,95.289,533.925,531.247,PAYLOAD,LARGE,US,2022-07-11,AFWTR,,5329040,341645581,0 STARLINK-4321,1 53082U 22077AR  26230.58335648  .00644262  00000-0  35991-1 0  9993,2 53082  97.2855  46.1301 0001938  82.9615 110.5049 15.11185321  5781
3.0,GENERATED VIA SPACE-TRACK.ORG API,2026-08-18T17:55:23,18 SPCS,STARLINK-32017,2024-111S,EARTH,TEME,UTC,SGP4,2026-08-18 14:00:01.999872,15.31848597,0.00006755,53.1603,43.6971,149.0380,69.2756,0,U,60032,999,571,0.05894813500000,0.02038727,0.0000000000000,6848.434,94.004,470.762,469.836,PAYLOAD,LARGE,US,2024-06-08,AFETR,,5329040,341650669,0 STARLINK-32017,1 60032U 24111S   26230.58335648  .02038727  00000-0  58948-1 0  9999,2 60032  53.1603  43.6971 0000676 149.0380  69.2756 15.31848597  5714
3.0,GENERATED VIA SPACE-TRACK.ORG API,2026-08-18T17:55:23,18 SPCS,STARLINK-31918,2024-111X,EARTH,TEME,UTC,SGP4,2026-08-18 14:03:49.534272,15.30195086,0.00009144,53.1603,43.4093,93.6964,266.4141,0,U,60037,999,12375,0.00000787650400,-0.00000126,0.0000000000000,6853.367,94.106,475.858,474.605,PAYLOAD,LARGE,US,2024-06-08,AFETR,,5329040,341650671,0 STARLINK-31918,1 60037U 24111X   26230.58598998 -.00000126  00000-0  78765-5 0  9997,2 60037  53.1603  43.4093 0000914  93.6964 266.4141 15.30195086123750
