CCSDS_OMM_VERS,COMMENT,CREATION_DATE,ORIGINATOR,OBJECT_NAME,OBJECT_ID,CENTER_NAME,REF_FRAME,TIME_SYSTEM,MEAN_ELEMENT_THEORY,EPOCH,MEAN_MOTION,ECCENTRICITY,INCLINATION,RA_OF_ASC_NODE,ARG_OF_PERICENTER,MEAN_ANOMALY,EPHEMERIS_TYPE,CLASSIFICATION_TYPE,NORAD_CAT_ID,ELEMENT_SET_NO,REV_AT_EPOCH,BSTAR,MEAN_MOTION_DOT,MEAN_MOTION_DDOT,SEMIMAJOR_AXIS,PERIOD,APOAPSIS,PERIAPSIS,OBJECT_TYPE,RCS_SIZE,COUNTRY_CODE,LAUNCH_DATE,SITE,DECAY_DATE,FILE,GP_ID,TLE_LINE0,TLE_LINE1,TLE_LINE2
3.0,GENERATED VIA SPACE-TRACK.ORG API,2026-06-18T21:36:26,18 SPCS,STARLINK-36137,2025-294D,EARTH,TEME,UTC,SGP4,2026-06-18 12:27:36.260352,15.27587310,0.00017380,43.0012,188.3171,261.6812,98.3843,0,U,67033,999,3022,0.00061946000000,0.00016827,0.0000000000000,6861.164,94.266,484.222,481.837,PAYLOAD,LARGE,US,2025-12-11,AFETR,,5253575,330412728,0 STARLINK-36137,1 67033U 25294D   26169.51916968  .00016827  00000-0  61946-3 0  9993,2 67033  43.0012 188.3171 0001738 261.6812  98.3843 15.27587310 30226
3.0,GENERATED VIA SPACE-TRACK.ORG API,2026-06-18T21:36:26,18 SPCS,STARLINK-35720,2025-294Y,EARTH,TEME,UTC,SGP4,2026-06-18 12:53:30.146208,15.27596390,0.00016810,43.0003,188.4389,270.7696,89.2963,0,U,67052,999,3022,0.00044045000000,0.00011884,0.0000000000000,6861.137,94.266,484.155,481.849,PAYLOAD,LARGE,US,2025-12-11,AFETR,,5253576,330412786,0 STARLINK-35720,1 67052U 25294Y   26169.53715447  .00011884  00000-0  44045-3 0  9994,2 67052  43.0003 188.4389 0001681 270.7696  89.2963 15.27596390 30227
3.0,GENERATED VIA SPACE-TRACK.ORG API,2026-06-19T02:57:24,18 SPCS,STARLINK-3863,2022-049Q,EARTH,TEME,UTC,SGP4,2026-06-18 16:22:08.386464,15.08838948,0.00012920,53.1599,315.6404,85.9046,274.2093,0,U,52465,999,22763,0.00009346568700,0.00001200,0.0000000000000,6917.884,95.438,540.642,538.855,PAYLOAD,LARGE,US,2022-05-06,AFETR,,5255019,330572588,0 STARLINK-3863,1 52465U 22049Q   26169.68204151  .00001200  00000-0  93466-4 0  9995,2 52465  53.1599 315.6404 0001292  85.9046 274.2093 15.08838948227636
3.0,GENERATED VIA SPACE-TRACK.ORG API,2026-06-19T02:57:24,18 SPCS,STARLINK-32075,2024-136S,EARTH,TEME,UTC,SGP4,2026-06-18 17:03:08.593632,15.30208981,0.00009014,53.1615,326.2655,81.6469,278.4634,0,U,60345,999,10513,0.00006568460900,0.00001587,0.0000000000000,6853.325,94.105,475.808,474.573,PAYLOAD,LARGE,US,2024-08-02,AFETR,,5255019,330578506,0 STARLINK-32075,1 60345U 24136S   26169.71051613  .00001587  00000-0  65685-4 0  9997,2 60345  53.1615 326.2655 0000901  81.6469 278.4634 15.30208981105135
3.0,GENERATED VIA SPACE-TRACK.ORG API,2026-06-19T02:57:24,18 SPCS,STARLINK-2486,2021-027BD,EARTH,TEME,UTC,SGP4,2026-06-18 18:56:29.357952,15.39712961,0.00027167,53.1570,348.2495,134.9444,225.1781,0,U,48143,999,28893,0.00120409400000,0.00048219,0.0000000000000,6825.094,93.524,448.814,445.105,PAYLOAD,LARGE,US,2021-04-07,AFETR,,5255019,330571312,0 STARLINK-2486,1 48143U 21027BD  26169.78922868  .00048219  00000-0  12041-2 0  9990,2 48143  53.1570 348.2495 0002717 134.9444 225.1781 15.39712961288934
3.0,GENERATED VIA SPACE-TRACK.ORG API,2026-06-19T11:14:33,18 SPCS,STARLINK-4179,2022-086AK,EARTH,TEME,UTC,SGP4,2026-06-19 00:56:36.049632,15.08991725,0.00012066,53.1624,89.0365,106.4255,253.6870,0,U,53275,999,21649,0.00127336490000,0.00020121,0.0000000000000,6917.417,95.428,540.116,538.447,PAYLOAD,LARGE,US,2022-07-24,AFETR,,5255912,330692828,0 STARLINK-4179,1 53275U 22086AK  26170.03930613  .00020121  00000-0  12734-2 0  9996,2 53275  53.1624  89.0365 0001207 106.4255 253.6870 15.08991725216499
3.0,GENERATED VIA SPACE-TRACK.ORG API,2026-06-19T11:14:33,18 SPCS,STARLINK-30283,2023-124T,EARTH,TEME,UTC,SGP4,2026-06-19 01:10:05.523456,15.30181177,0.00013607,53.1600,96.1862,93.1377,266.9779,0,U,57680,999,15908,-0.00002389835700,-0.00001066,0.0000000000000,6853.408,94.107,476.206,474.341,PAYLOAD,LARGE,US,2023-08-22,AFWTR,,5255912,330695400,0 STARLINK-30283,1 57680U 23124T   26170.04867504 -.00001066  00000-0 -23898-4 0  9997,2 57680  53.1600  96.1862 0001361  93.1377 266.9779 15.30181177159089
3.0,GENERATED VIA SPACE-TRACK.ORG API,2026-06-19T11:14:33,18 SPCS,STARLINK-31271,2024-017B,EARTH,TEME,UTC,SGP4,2026-06-19 01:30:29.741472,15.30208238,0.00012914,53.1600,93.6887,72.0157,288.0985,0,U,58827,999,13557,0.00073906854000,0.00021599,0.0000000000000,6853.327,94.105,476.078,474.307,PAYLOAD,LARGE,US,2024-01-24,AFWTR,,5255912,330696363,0 STARLINK-31271,1 58827U 24017B   26170.06284423  .00021599  00000-0  73907-3 0  9994,2 58827  53.1600  93.6887 0001291  72.0157 288.0985 15.30208238135576
3.0,GENERATED VIA SPACE-TRACK.ORG API,2026-06-19T11:14:33,18 SPCS,STARLINK-1802,2020-073AJ,EARTH,TEME,UTC,SGP4,2026-06-19 01:35:47.312448,15.39208627,0.00042139,53.1563,103.2176,61.0115,299.1312,0,U,46702,999,31304,0.00111807710000,0.00043988,0.0000000000000,6826.585,93.555,451.327,445.574,PAYLOAD,LARGE,US,2020-10-18,AFETR,,5255912,330689506,0 STARLINK-1802,1 46702U 20073AJ  26170.06651982  .00043988  00000-0  11181-2 0  9990,2 46702  53.1563 103.2176 0004214  61.0115 299.1312 15.39208627313040
3.0,GENERATED VIA SPACE-TRACK.ORG API,2026-06-19T11:14:33,18 SPCS,STARLINK-34846,2025-288P,EARTH,TEME,UTC,SGP4,2026-06-19 01:36:43.243488,15.27594079,0.00011977,42.9998,170.7633,241.3560,118.7171,0,U,66972,999,3079,0.00071818382000,0.00019562,0.0000000000000,6861.144,94.266,483.831,482.187,PAYLOAD,LARGE,US,2025-12-08,AFETR,,5255912,330703990,0 STARLINK-34846,1 66972U 25288P   26170.06716717  .00019562  00000-0  71818-3 0  9997,2 66972  42.9998 170.7633 0001198 241.3560 118.7171 15.27594079 30794
3.0,GENERATED VIA SPACE-TRACK.ORG API,2026-06-19T06:57:01,18 SPCS,STARLINK-6315,2023-094U,EARTH,TEME,UTC,SGP4,2026-06-19 01:37:27.545088,15.27574186,0.00014240,43.0018,167.4349,264.1833,95.8856,0,U,57236,999,16274,0.00002465700000,0.00000416,0.0000000000000,6861.204,94.267,484.046,482.091,PAYLOAD,LARGE,US,2023-07-07,AFWTR,,5255850,330643193,0 STARLINK-6315,1 57236U 23094U   26170.06767992  .00000416  00000-0  24657-4 0  9992,2 57236  43.0018 167.4349 0001424 264.1833  95.8856 15.27574186162740
3.0,GENERATED VIA SPACE-TRACK.ORG API,2026-06-19T11:14:33,18 SPCS,STARLINK-36786,2026-034Y,EARTH,TEME,UTC,SGP4,2026-06-19 01:38:06.950400,15.31732771,0.00011942,53.1597,92.8892,95.3476,264.7662,0,U,67872,999,1956,0.00093054634000,0.00028651,0.0000000000000,6848.779,94.011,471.462,469.826,PAYLOAD,LARGE,US,2026-02-20,AFETR,,5255912,330704921,0 STARLINK-36786,1 67872U 26034Y   26170.06813600  .00028651  00000-0  93055-3 0  9992,2 67872  53.1597  92.8892 0001194  95.3476 264.7662 15.31732771 19560
3.0,GENERATED VIA SPACE-TRACK.ORG API,2026-06-19T11:14:33,18 SPCS,STARLINK-32249,2024-144V,EARTH,TEME,UTC,SGP4,2026-06-19 01:39:01.037664,15.34374810,0.00013379,53.1625,104.6162,87.5375,272.5781,0,U,60444,999,10489,-0.00010584194000,-0.00003948,0.0000000000000,6840.915,93.849,463.695,461.865,PAYLOAD,LARGE,US,2024-08-12,AFETR,,5255912,330698034,0 STARLINK-32249,1 60444U 24144V   26170.06876201 -.00003948  00000-0 -10584-3 0  9996,2 60444  53.1625 104.6162 0001338  87.5375 272.5781 15.34374810104892
3.0,GENERATED VIA SPACE-TRACK.ORG API,2026-06-19T11:14:33,18 SPCS,STARLINK-36147,2025-288AE,EARTH,TEME,UTC,SGP4,2026-06-19 01:47:49.404768,15.27588792,0.00017147,42.9991,170.8146,266.9217,93.1438,0,U,66987,999,3079,0.00064040949000,0.00017407,0.0000000000000,6861.160,94.266,484.201,481.848,PAYLOAD,LARGE,US,2025-12-08,AFETR,,5255912,330703498,0 STARLINK-36147,1 66987U 25288AE  26170.07487737  .00017407  00000-0  64041-3 0  9997,2 66987  42.9991 170.8146 0001715 266.9217  93.1438 15.27588792 30797
3.0,GENERATED VIA SPACE-TRACK.ORG API,2026-06-19T06:57:01,18 SPCS,STARLINK-4328,2022-077AE,EARTH,TEME,UTC,SGP4,2026-06-19 01:48:18.250272,15.05659359,0.00014030,97.3439,350.1693,88.5158,271.6230,0,U,53071,999,21624,-0.00014556000000,-0.00002157,0.0000000000000,6927.619,95.639,550.456,548.513,PAYLOAD,LARGE,US,2022-07-11,AFWTR,,5255467,330630078,0 STARLINK-4328,1 53071U 22077AE  26170.07521123 -.00002157  00000-0 -14556-3 0  9992,2 53071  97.3439 350.1693 0001403  88.5158 271.6230 15.05659359216247
3.0,GENERATED VIA SPACE-TRACK.ORG API,2026-06-19T06:57:01,18 SPCS,STARLINK-31584,2024-098E,EARTH,TEME,UTC,SGP4,2026-06-19 01:50:06.709056,15.27568754,0.00013410,43.0032,65.2775,285.9372,74.1332,0,U,59862,999,11735,0.00004407500000,0.00000950,0.0000000000000,6861.220,94.267,484.005,482.165,PAYLOAD,LARGE,US,2024-05-24,AFETR,,5255684,330652168,0 STARLINK-31584,1 59862U 24098E   26170.07646654  .00000950  00000-0  44075-4 0  9995,2 59862  43.0032  65.2775 0001341 285.9372  74.1332 15.27568754117358
3.0,GENERATED VIA SPACE-TRACK.ORG API,2026-06-19T11:14:33,18 SPCS,STARLINK-36828,2026-034H,EARTH,TEME,UTC,SGP4,2026-06-19 01:51:34.132896,15.31712900,0.00012283,53.1592,92.9462,95.1248,264.9894,0,U,67857,999,1956,0.00070345223000,0.00021536,0.0000000000000,6848.839,94.012,471.545,469.862,PAYLOAD,LARGE,US,2026-02-20,AFETR,,5255912,330704414,0 STARLINK-36828,1 67857U 26034H   26170.07747839  .00021536  00000-0  70345-3 0  9998,2 67857  53.1592  92.9462 0001228  95.1248 264.9894 15.31712900 19566
3.0,GENERATED VIA SPACE-TRACK.ORG API,2026-06-19T11:14:33,18 SPCS,STARLINK-36838,2026-034F,EARTH,TEME,UTC,SGP4,2026-06-19 01:52:03.498528,15.31706454,0.00012046,53.1593,92.9545,92.9802,267.1338,0,U,67855,999,1956,0.00068830274000,0.00021058,0.0000000000000,6848.858,94.013,471.548,469.898,PAYLOAD,LARGE,US,2026-02-20,AFETR,,5255912,330704413,0 STARLINK-36838,1 67855U 26034F   26170.07781827  .00021058  00000-0  68830-3 0  9996,2 67855  53.1593  92.9545 0001205  92.9802 267.1338 15.31706454 19568
3.0,GENERATED VIA SPACE-TRACK.ORG API,2026-06-19T06:57:01,18 SPCS,STARLINK-34864,2025-189H,EARTH,TEME,UTC,SGP4,2026-06-19 01:53:02.340384,15.31707498,0.00012560,53.1595,95.5383,97.0535,263.0609,0,U,65330,999,4663,0.00055949000000,0.00017040,0.0000000000000,6848.855,94.013,471.580,469.859,PAYLOAD,LARGE,US,2025-08-27,AFETR,,5255844,330668490,0 STARLINK-34864,1 65330U 25189H   26170.07849931  .00017040  00000-0  55949-3 0  9996,2 65330  53.1595  95.5383 0001256  97.0535 263.0609 15.31707498 46633
3.0,GENERATED VIA SPACE-TRACK.ORG API,2026-06-19T11:14:33,18 SPCS,STARLINK-11430,2025-027K,EARTH,TEME,UTC,SGP4,2026-06-19 01:55:18.932736,15.70846366,0.00026389,43.0034,96.9221,271.2056,88.8509,0,U,62916,999,7913,0.00090375652000,0.00117205,0.0000000000000,6734.614,91.670,358.256,354.702,PAYLOAD,LARGE,US,2025-02-08,AFETR,,5255912,330700082,0 STARLINK-11430,1 62916U 25027K   26170.08008024  .00117205  00000-0  90376-3 0  9992,2 62916  43.0034  96.9221 0002639 271.2056  88.8509 15.70846366 79136
3.0,GENERATED VIA SPACE-TRACK.ORG API,2026-06-19T11:14:33,18 SPCS,STARLINK-31933,2024-098S,EARTH,TEME,UTC,SGP4,2026-06-19 01:59:22.274016,15.27583406,0.00004244,43.0063,65.3213,297.3847,62.6961,0,U,59874,999,11735,0.00005589911500,0.00001277,0.0000000000000,6861.176,94.267,483.332,482.750,PAYLOAD,LARGE,US,2024-05-24,AFETR,,5255912,330697794,0 STARLINK-31933,1 59874U 24098S   26170.08289669  .00001277  00000-0  55899-4 0  9997,2 59874  43.0063  65.3213 0000424 297.3847  62.6961 15.27583406117359
3.0,GENERATED VIA SPACE-TRACK.ORG API,2026-06-19T11:14:33,18 SPCS,STARLINK-34878,2025-189M,EARTH,TEME,UTC,SGP4,2026-06-19 01:59:45.505248,15.31708891,0.00010547,53.1591,95.5683,108.6670,251.4446,0,U,65334,999,4663,0.00086329536000,0.00026527,0.0000000000000,6848.850,94.013,471.438,469.993,PAYLOAD,LARGE,US,2025-08-27,AFETR,,5255912,330702704,0 STARLINK-34878,1 65334U 25189M   26170.08316557  .00026527  00000-0  86330-3 0  9992,2 65334  53.1591  95.5683 0001055 108.6670 251.4446 15.31708891 46630
3.0,GENERATED VIA SPACE-TRACK.ORG API,2026-06-19T11:14:33,18 SPCS,STARLINK-3950,2022-086Y,EARTH,TEME,UTC,SGP4,2026-06-19 02:04:22.879488,15.08833441,0.00013638,53.1607,98.8278,86.1018,274.0129,0,U,53264,999,21637,0.00002168958700,0.00000057,0.0000000000000,6917.900,95.438,540.709,538.822,PAYLOAD,LARGE,US,2022-07-24,AFETR,,5255912,330692824,0 STARLINK-3950,1 53264U 22086Y   26170.08637592  .00000057  00000-0  21690-4 0  9998,2 53264  53.1607  98.8278 0001364  86.1018 274.0129 15.08833441216375
3.0,GENERATED VIA SPACE-TRACK.ORG API,2026-06-19T11:14:33,18 SPCS,STARLINK-30568,2023-158A,EARTH,TEME,UTC,SGP4,2026-06-19 02:14:57.870240,15.27577232,0.00014616,43.0012,174.7784,264.0459,96.0226,0,U,58051,999,14906,0.00003587934300,0.00000725,0.0000000000000,6861.194,94.267,484.062,482.057,PAYLOAD,LARGE,US,2023-10-13,AFETR,,5255912,330695553,0 STARLINK-30568,1 58051U 23158A   26170.09372535  .00000725  00000-0  35879-4 0  9998,2 58051  43.0012 174.7784 0001462 264.0459  96.0226 15.27577232149068
3.0,GENERATED VIA SPACE-TRACK.ORG API,2026-06-19T11:14:33,18 SPCS,STARLINK-35671,2025-257N,EARTH,TEME,UTC,SGP4,2026-06-19 02:18:10.473984,15.30208564,0.00012651,53.1593,105.6902,83.9651,276.1494,0,U,66392,999,3526,0.00079071272000,0.00023139,0.0000000000000,6853.326,94.105,476.059,474.324,PAYLOAD,LARGE,US,2025-11-08,AFETR,,5255912,330703212,0 STARLINK-35671,1 66392U 25257N   26170.09595456  .00023139  00000-0  79071-3 0  9991,2 66392  53.1593 105.6902 0001265  83.9651 276.1494 15.30208564 35266
3.0,GENERATED VIA SPACE-TRACK.ORG API,2026-06-19T11:14:33,18 SPCS,STARLINK-32694,2025-003H,EARTH,TEME,UTC,SGP4,2026-06-19 02:19:31.597536,15.27598392,0.00011817,43.0010,76.0027,269.1502,90.9214,0,U,62494,999,8218,0.00057914572000,0.00015718,0.0000000000000,6861.131,94.266,483.807,482.185,PAYLOAD,LARGE,US,2025-01-06,AFETR,,5255912,330699893,0 STARLINK-32694,1 62494U 25003H   26170.09689349  .00015718  00000-0  57915-3 0  9991,2 62494  43.0010  76.0027 0001182 269.1502  90.9214 15.27598392 82189
3.0,GENERATED VIA SPACE-TRACK.ORG API,2026-06-19T11:14:33,18 SPCS,STARLINK-30881,2023-171X,EARTH,TEME,UTC,SGP4,2026-06-19 02:29:27.026592,15.27578003,0.00011723,43.0030,72.4818,271.5124,88.5593,0,U,58251,999,14524,0.00002342663000,0.00000383,0.0000000000000,6861.192,94.267,483.861,482.253,PAYLOAD,LARGE,US,2023-11-08,AFETR,,5255912,330695645,0 STARLINK-30881,1 58251U 23171X   26170.10378503  .00000383  00000-0  23427-4 0  9994,2 58251  43.0030  72.4818 0001172 271.5124  88.5593 15.27578003145248
3.0,GENERATED VIA SPACE-TRACK.ORG API,2026-06-19T11:14:33,18 SPCS,STARLINK-35884,2025-294Q,EARTH,TEME,UTC,SGP4,2026-06-19 02:29:27.855168,15.27589182,0.00016643,43.0021,184.9622,273.2882,86.7780,0,U,67044,999,3031,0.00056751872000,0.00015392,0.0000000000000,6861.159,94.266,484.166,481.882,PAYLOAD,LARGE,US,2025-12-11,AFETR,,5255912,330703525,0 STARLINK-35884,1 67044U 25294Q   26170.10379462  .00015392  00000-0  56752-3 0  9999,2 67044  43.0021 184.9622 0001664 273.2882  86.7780 15.27589182 30315
3.0,GENERATED VIA SPACE-TRACK.ORG API,2026-06-19T11:14:33,18 SPCS,STARLINK-5098,2022-125BB,EARTH,TEME,UTC,SGP4,2026-06-19 02:29:32.738496,15.08834082,0.00012479,53.1617,108.7059,75.2097,284.9033,0,U,54013,999,20491,-0.00000297983700,-0.00000335,0.0000000000000,6917.898,95.438,540.627,538.900,PAYLOAD,LARGE,US,2022-10-05,AFWTR,,5255912,330692573,0 STARLINK-5098,1 54013U 22125BB  26170.10385114 -.00000335  00000-0 -29798-5 0  9997,2 54013  53.1617 108.7059 0001248  75.2097 284.9033 15.08834082204917
3.0,GENERATED VIA SPACE-TRACK.ORG API,2026-06-19T06:47:17,18 SPCS,STARLINK-35662,2025-257E,EARTH,TEME,UTC,SGP4,2026-06-19 02:30:19.890432,15.30201013,0.00013260,53.1587,105.7446,93.8342,266.2810,0,U,66384,999,3526,0.00056283000000,0.00016347,0.0000000000000,6853.349,94.105,476.123,474.305,PAYLOAD,LARGE,US,2025-11-08,AFETR,,5255064,330590115,0 STARLINK-35662,1 66384U 25257E   26170.10439688  .00016347  00000-0  56283-3 0  9991,2 66384  53.1587 105.7446 0001326  93.8342 266.2810 15.30201013 35263
3.0,GENERATED VIA SPACE-TRACK.ORG API,2026-06-19T11:14:33,18 SPCS,STARLINK-5840,2023-094P,EARTH,TEME,UTC,SGP4,2026-06-19 02:30:52.948800,15.27572950,0.00013689,43.0011,178.1423,272.8168,87.2527,0,U,57231,999,16262,0.00001651418500,0.00000192,0.0000000000000,6861.207,94.267,484.011,482.133,PAYLOAD,LARGE,US,2023-07-07,AFWTR,,5255912,330695236,0 STARLINK-5840,1 57231U 23094P   26170.10477950  .00000192  00000-0  16514-4 0  9998,2 57231  43.0011 178.1423 0001369 272.8168  87.2527 15.27572950162629
3.0,GENERATED VIA SPACE-TRACK.ORG API,2026-06-19T11:14:33,18 SPCS,STARLINK-36131,2025-294C,EARTH,TEME,UTC,SGP4,2026-06-19 02:40:33.832416,15.27591054,0.00015220,42.9990,185.0206,276.7722,83.2956,0,U,67032,999,3031,0.00068780057000,0.00018719,0.0000000000000,6861.153,94.266,484.062,481.974,PAYLOAD,LARGE,US,2025-12-11,AFETR,,5255912,330703519,0 STARLINK-36131,1 67032U 25294C   26170.11150269  .00018719  00000-0  68780-3 0  9999,2 67032  42.9990 185.0206 0001522 276.7722  83.2956 15.27591054 30317
3.0,GENERATED VIA SPACE-TRACK.ORG API,2026-06-19T11:14:33,18 SPCS,STARLINK-31597,2024-068K,EARTH,TEME,UTC,SGP4,2026-06-19 02:41:18.951360,15.27575242,0.00012677,43.0004,181.7604,269.1802,90.8905,0,U,59464,999,12398,0.00001458160200,0.00000139,0.0000000000000,6861.200,94.267,483.935,482.196,PAYLOAD,LARGE,US,2024-04-10,AFETR,,5255912,330697127,0 STARLINK-31597,1 59464U 24068K   26170.11202490  .00000139  00000-0  14582-4 0  9990,2 59464  43.0004 181.7604 0001268 269.1802  90.8905 15.27575242123987
3.0,GENERATED VIA SPACE-TRACK.ORG API,2026-06-19T11:14:33,18 SPCS,STARLINK-33995,2025-087K,EARTH,TEME,UTC,SGP4,2026-06-19 02:41:55.239360,15.30205955,0.00012751,53.1584,108.7567,87.2861,272.8286,0,U,63706,999,6472,0.00061422068000,0.00017879,0.0000000000000,6853.334,94.105,476.073,474.325,PAYLOAD,LARGE,US,2025-04-28,AFWTR,,5255912,330700424,0 STARLINK-33995,1 63706U 25087K   26170.11244490  .00017879  00000-0  61422-3 0  9995,2 63706  53.1584 108.7567 0001275  87.2861 272.8286 15.30205955 64720
3.0,GENERATED VIA SPACE-TRACK.ORG API,2026-06-19T11:14:33,18 SPCS,STARLINK-35681,2025-257R,EARTH,TEME,UTC,SGP4,2026-06-19 02:42:29.217024,15.30211878,0.00014033,53.1590,105.7939,106.8694,253.2461,0,U,66395,999,3518,0.00032400879000,0.00009252,0.0000000000000,6853.317,94.105,476.143,474.220,PAYLOAD,LARGE,US,2025-11-08,AFETR,,5255912,330703713,0 STARLINK-35681,1 66395U 25257R   26170.11283816  .00009252  00000-0  32401-3 0  9997,2 66395  53.1590 105.7939 0001403 106.8694 253.2461 15.30211878 35186
3.0,GENERATED VIA SPACE-TRACK.ORG API,2026-06-19T11:14:33,18 SPCS,STARLINK-30956,2023-186J,EARTH,TEME,UTC,SGP4,2026-06-19 02:43:33.920256,15.27576586,0.00015722,43.0033,188.4914,277.0713,82.9960,0,U,58481,999,14166,0.00004289197300,0.00000918,0.0000000000000,6861.196,94.267,484.140,481.983,PAYLOAD,LARGE,US,2023-12-03,AFETR,,5255912,330696232,0 STARLINK-30956,1 58481U 23186J   26170.11358704  .00000918  00000-0  42892-4 0  9998,2 58481  43.0033 188.4914 0001572 277.0713  82.9960 15.27576586141662
3.0,GENERATED VIA SPACE-TRACK.ORG API,2026-06-19T06:47:17,18 SPCS,STARLINK-2150,2021-017T,EARTH,TEME,UTC,SGP4,2026-06-19 02:44:16.058400,15.31715135,0.00011440,53.1583,107.3664,89.5074,270.6058,0,U,47739,999,29322,0.00013118000000,0.00003710,0.0000000000000,6848.832,94.012,471.480,469.913,PAYLOAD,LARGE,US,2021-03-04,AFETR,,5255327,330619432,0 STARLINK-2150,1 47739U 21017T   26170.11407475  .00003710  00000-0  13118-3 0  9994,2 47739  53.1583 107.3664 0001144  89.5074 270.6058 15.31715135293225
3.0,GENERATED VIA SPACE-TRACK.ORG API,2026-06-19T11:14:33,18 SPCS,STARLINK-31654,2024-098A,EARTH,TEME,UTC,SGP4,2026-06-19 02:44:57.944256,15.27576237,0.00009578,43.0009,57.7787,272.1548,87.9194,0,U,59858,999,11743,-0.00004494597800,-0.00001498,0.0000000000000,6861.197,94.267,483.720,482.405,PAYLOAD,LARGE,US,2024-05-24,AFETR,,5255912,330697787,0 STARLINK-31654,1 59858U 24098A   26170.11455954 -.00001498  00000-0 -44946-4 0  9993,2 59858  43.0009  57.7787 0000958 272.1548  87.9194 15.27576237117434
3.0,GENERATED VIA SPACE-TRACK.ORG API,2026-06-19T11:14:33,18 SPCS,STARLINK-34880,2025-189E,EARTH,TEME,UTC,SGP4,2026-06-19 02:45:37.785024,15.30207691,0.00012630,53.1603,95.7671,83.0355,277.0790,0,U,65327,999,4663,0.00051919724000,0.00015053,0.0000000000000,6853.329,94.105,476.060,474.329,PAYLOAD,LARGE,US,2025-08-27,AFETR,,5255912,330702201,0 STARLINK-34880,1 65327U 25189E   26170.11502066  .00015053  00000-0  51920-3 0  9999,2 65327  53.1603  95.7671 0001263  83.0355 277.0790 15.30207691 46639
3.0,GENERATED VIA SPACE-TRACK.ORG API,2026-06-19T06:57:01,18 SPCS,STARLINK-30784,2023-166G,EARTH,TEME,UTC,SGP4,2026-06-19 02:47:59.917344,15.30198106,0.00012590,53.1599,108.8066,81.2060,278.9083,0,U,58156,999,14855,0.00002835100000,0.00000481,0.0000000000000,6853.358,94.105,476.086,474.360,PAYLOAD,LARGE,US,2023-10-29,AFWTR,,5255624,330646140,0 STARLINK-30784,1 58156U 23166G   26170.11666571  .00000481  00000-0  28351-4 0  9998,2 58156  53.1599 108.8066 0001259  81.2060 278.9083 15.30198106148556
3.0,GENERATED VIA SPACE-TRACK.ORG API,2026-06-19T11:14:33,18 SPCS,STARLINK-33919,2025-087C,EARTH,TEME,UTC,SGP4,2026-06-19 02:49:31.417536,15.30199637,0.00012780,53.1572,108.7934,91.1417,268.9730,0,U,63699,999,6472,0.00059077562000,0.00017178,0.0000000000000,6853.353,94.105,476.094,474.342,PAYLOAD,LARGE,US,2025-04-28,AFWTR,,5255912,330700920,0 STARLINK-33919,1 63699U 25087C   26170.11772474  .00017178  00000-0  59078-3 0  9990,2 63699  53.1572 108.7934 0001278  91.1417 268.9730 15.30199637 64729
3.0,GENERATED VIA SPACE-TRACK.ORG API,2026-06-19T11:14:33,18 SPCS,STARLINK-33783,2025-087R,EARTH,TEME,UTC,SGP4,2026-06-19 02:50:38.400864,15.31717771,0.00011634,53.1576,108.0878,89.3981,270.7153,0,U,63712,999,6473,0.00046220338000,0.00014012,0.0000000000000,6848.824,94.012,471.486,469.892,PAYLOAD,LARGE,US,2025-04-28,AFWTR,,5255912,330700427,0 STARLINK-33783,1 63712U 25087R   26170.11850001  .00014012  00000-0  46220-3 0  9998,2 63712  53.1576 108.0878 0001163  89.3981 270.7153 15.31717771 64734
3.0,GENERATED VIA SPACE-TRACK.ORG API,2026-06-19T11:14:33,18 SPCS,STARLINK-30779,2023-166L,EARTH,TEME,UTC,SGP4,2026-06-19 02:51:08.832672,15.31697496,0.00014294,53.1606,108.1291,101.4665,258.6497,0,U,58160,999,14871,-0.00000667350700,-0.00000572,0.0000000000000,6848.884,94.013,471.728,469.770,PAYLOAD,LARGE,US,2023-10-29,AFWTR,,5255912,330696104,0 STARLINK-30779,1 58160U 23166L   26170.11885223 -.00000572  00000-0 -66735-5 0  9992,2 58160  53.1606 108.1291 0001429 101.4665 258.6497 15.31697496148717
3.0,GENERATED VIA SPACE-TRACK.ORG API,2026-06-19T11:14:33,18 SPCS,STARLINK-3813,2022-049AH,EARTH,TEME,UTC,SGP4,2026-06-19 02:52:44.107680,15.08837193,0.00011440,53.1608,313.6719,85.9491,274.1631,0,U,52482,999,22770,0.00001511572800,-0.00000047,0.0000000000000,6917.889,95.438,540.545,538.963,PAYLOAD,LARGE,US,2022-05-06,AFETR,,5255912,330691577,0 STARLINK-3813,1 52482U 22049AH  26170.11995495 -.00000047  00000-0  15116-4 0  9997,2 52482  53.1608 313.6719 0001144  85.9491 274.1631 15.08837193227709
3.0,GENERATED VIA SPACE-TRACK.ORG API,2026-06-19T06:57:01,18 SPCS,STARLINK-5453,2022-175R,EARTH,TEME,UTC,SGP4,2026-06-19 02:56:01.527360,15.08837920,0.00012630,53.1604,308.5413,70.8340,289.2788,0,U,54773,999,19523,-0.00001842400000,-0.00000581,0.0000000000000,6917.887,95.438,540.625,538.878,PAYLOAD,LARGE,US,2022-12-17,AFETR,,5255526,330636030,0 STARLINK-5453,1 54773U 22175R   26170.12223990 -.00000581  00000-0 -18424-4 0  9996,2 54773  53.1604 308.5413 0001263  70.8340 289.2788 15.08837920195232
3.0,GENERATED VIA SPACE-TRACK.ORG API,2026-06-19T11:14:33,18 SPCS,STARLINK-3859,2022-049V,EARTH,TEME,UTC,SGP4,2026-06-19 02:56:42.766944,15.08838621,0.00015855,53.1594,323.6574,83.6242,276.4930,0,U,52470,999,22756,0.00004124672200,0.00000368,0.0000000000000,6917.885,95.438,540.846,538.653,PAYLOAD,LARGE,US,2022-05-06,AFETR,,5255912,330691572,0 STARLINK-3859,1 52470U 22049V   26170.12271721  .00000368  00000-0  41247-4 0  9993,2 52470  53.1594 323.6574 0001585  83.6242 276.4930 15.08838621227566
3.0,GENERATED VIA SPACE-TRACK.ORG API,2026-06-19T11:14:33,18 SPCS,STARLINK-33769,2025-089X,EARTH,TEME,UTC,SGP4,2026-06-19 02:57:41.761728,15.27590096,0.00011989,42.9992,192.1190,242.0904,117.9827,0,U,63773,999,6446,0.00054769158000,0.00014844,0.0000000000000,6861.156,94.266,483.843,482.198,PAYLOAD,LARGE,US,2025-04-29,AFETR,,5255912,330700957,0 STARLINK-33769,1 63773U 25089X   26170.12340002  .00014844  00000-0  54769-3 0  9993,2 63773  42.9992 192.1190 0001199 242.0904 117.9827 15.27590096 64466
3.0,GENERATED VIA SPACE-TRACK.ORG API,2026-06-19T11:14:33,18 SPCS,STARLINK-3913,2022-049AL,EARTH,TEME,UTC,SGP4,2026-06-19 02:58:02.039808,15.08836613,0.00011314,53.1611,313.6572,83.4854,276.6267,0,U,52485,999,22770,0.00009340985200,0.00001199,0.0000000000000,6917.891,95.438,540.538,538.973,PAYLOAD,LARGE,US,2022-05-06,AFETR,,5255912,330692078,0 STARLINK-3913,1 52485U 22049AL  26170.12363472  .00001199  00000-0  93410-4 0  9996,2 52485  53.1611 313.6572 0001131  83.4854 276.6267 15.08836613227703
3.0,GENERATED VIA SPACE-TRACK.ORG API,2026-06-19T11:14:33,18 SPCS,STARLINK-5088,2022-125AN,EARTH,TEME,UTC,SGP4,2026-06-19 03:01:22.893024,15.08829922,0.00014240,53.1598,108.8371,90.2680,269.8474,0,U,54000,999,20491,0.00001361945800,-0.00000071,0.0000000000000,6917.911,95.438,540.761,538.791,PAYLOAD,LARGE,US,2022-10-05,AFWTR,,5255912,330692567,0 STARLINK-5088,1 54000U 22125AN  26170.12595941 -.00000071  00000-0  13619-4 0  9996,2 54000  53.1598 108.8371 0001424  90.2680 269.8474 15.08829922204918
3.0,GENERATED VIA SPACE-TRACK.ORG API,2026-06-19T06:57:01,18 SPCS,STARLINK-3879,2022-049Y,EARTH,TEME,UTC,SGP4,2026-06-19 03:02:00.895200,15.08829452,0.00012330,53.1598,323.6426,87.4981,272.6151,0,U,52473,999,22756,0.00001129700000,-0.00000108,0.0000000000000,6917.913,95.438,540.631,538.925,PAYLOAD,LARGE,US,2022-05-06,AFETR,,5255456,330629035,0 STARLINK-3879,1 52473U 22049Y   26170.12639925 -.00000108  00000-0  11297-4 0  9995,2 52473  53.1598 323.6426 0001233  87.4981 272.6151 15.08829452227566
3.0,GENERATED VIA SPACE-TRACK.ORG API,2026-06-19T11:14:33,18 SPCS,STARLINK-32168,2024-136G,EARTH,TEME,UTC,SGP4,2026-06-19 03:06:59.975712,15.30192445,0.00010021,53.1609,324.6211,111.8036,248.3071,0,U,60335,999,10519,0.00000286122300,-0.00000274,0.0000000000000,6853.375,94.106,475.926,474.553,PAYLOAD,LARGE,US,2024-08-02,AFETR,,5255912,330697983,0 STARLINK-32168,1 60335U 24136G   26170.12986083 -.00000274  00000-0  28612-5 0  9994,2 60335  53.1609 324.6211 0001002 111.8036 248.3071 15.30192445105190
3.0,GENERATED VIA SPACE-TRACK.ORG API,2026-06-19T11:14:33,18 SPCS,STARLINK-2557,2021-036Z,EARTH,TEME,UTC,SGP4,2026-06-19 03:07:08.660640,15.31692448,0.00012259,53.1620,323.4249,83.8327,276.2814,0,U,48299,999,28395,-0.00002270285100,-0.00001069,0.0000000000000,6848.900,94.014,471.604,469.925,PAYLOAD,LARGE,US,2021-04-29,AFETR,,5255912,330690337,0 STARLINK-2557,1 48299U 21036Z   26170.12996135 -.00001069  00000-0 -22703-4 0  9992,2 48299  53.1620 323.4249 0001226  83.8327 276.2814 15.31692448283950
3.0,GENERATED VIA SPACE-TRACK.ORG API,2026-06-19T11:14:33,18 SPCS,STARLINK-31986,2024-111D,EARTH,TEME,UTC,SGP4,2026-06-19 03:08:31.089696,15.30174401,0.00009138,53.1610,324.5102,106.6826,253.4275,0,U,60019,999,11457,-0.00010041030000,-0.00003329,0.0000000000000,6853.429,94.107,475.920,474.667,PAYLOAD,LARGE,US,2024-06-08,AFETR,,5255912,330697360,0 STARLINK-31986,1 60019U 24111D   26170.13091539 -.00003329  00000-0 -10041-3 0  9990,2 60019  53.1610 324.5102 0000914 106.6826 253.4275 15.30174401114576
3.0,GENERATED VIA SPACE-TRACK.ORG API,2026-06-19T06:57:01,18 SPCS,STARLINK-31979,2024-107V,EARTH,TEME,UTC,SGP4,2026-06-19 03:11:09.224160,15.34392753,0.00010410,53.1616,313.9262,86.4659,273.6462,0,U,59964,999,11528,-0.00000753780000,-0.00000631,0.0000000000000,6840.862,93.848,463.439,462.015,PAYLOAD,LARGE,US,2024-06-05,AFETR,,5255851,330652330,0 STARLINK-31979,1 59964U 24107V   26170.13274565 -.00000631  00000-0 -75378-5 0  9993,2 59964  53.1616 313.9262 0001041  86.4659 273.6462 15.34392753115286
3.0,GENERATED VIA SPACE-TRACK.ORG API,2026-06-19T11:14:33,18 SPCS,STARLINK-2545,2021-036P,EARTH,TEME,UTC,SGP4,2026-06-19 03:13:24.646656,15.31712832,0.00011736,53.1600,323.7478,89.4001,270.7134,0,U,48289,999,28394,0.00007018996500,0.00001814,0.0000000000000,6848.839,94.012,471.508,469.900,PAYLOAD,LARGE,US,2021-04-29,AFETR,,5255912,330690833,0 STARLINK-2545,1 48289U 21036P   26170.13431304  .00001814  00000-0  70190-4 0  9993,2 48289  53.1600 323.7478 0001174  89.4001 270.7134 15.31712832283940
3.0,GENERATED VIA SPACE-TRACK.ORG API,2026-06-19T11:14:33,18 SPCS,STARLINK-2558,2021-036G,EARTH,TEME,UTC,SGP4,2026-06-19 03:13:51.093696,15.31706958,0.00014567,53.1590,323.5003,88.0520,272.0648,0,U,48282,999,28395,0.00003629243000,0.00000761,0.0000000000000,6848.856,94.013,471.719,469.724,PAYLOAD,LARGE,US,2021-04-29,AFETR,,5255912,330690331,0 STARLINK-2558,1 48282U 21036G   26170.13461914  .00000761  00000-0  36292-4 0  9991,2 48282  53.1590 323.5003 0001457  88.0520 272.0648 15.31706958283956
3.0,GENERATED VIA SPACE-TRACK.ORG API,2026-06-19T06:57:01,18 SPCS,STARLINK-30564,2023-156R,EARTH,TEME,UTC,SGP4,2026-06-19 03:13:57.056160,15.30189825,0.00011750,53.1584,327.2834,47.9615,312.1486,0,U,58043,999,15184,0.00032652000000,0.00009321,0.0000000000000,6853.382,94.106,476.053,474.442,PAYLOAD,LARGE,US,2023-10-09,AFWTR,,5255619,330645403,0 STARLINK-30564,1 58043U 23156R   26170.13468815  .00009321  00000-0  32652-3 0  9995,2 58043  53.1584 327.2834 0001175  47.9615 312.1486 15.30189825151849
3.0,GENERATED VIA SPACE-TRACK.ORG API,2026-06-19T06:57:01,18 SPCS,STARLINK-3828,2022-049U,EARTH,TEME,UTC,SGP4,2026-06-19 03:17:54.763296,15.08830804,0.00011620,53.1606,323.6014,91.7840,268.3285,0,U,52469,999,22756,0.00003768200000,0.00000312,0.0000000000000,6917.908,95.438,540.577,538.970,PAYLOAD,LARGE,US,2022-05-06,AFETR,,5255456,330629027,0 STARLINK-3828,1 52469U 22049U   26170.13743939  .00000312  00000-0  37682-4 0  9994,2 52469  53.1606 323.6014 0001162  91.7840 268.3285 15.08830804227560
3.0,GENERATED VIA SPACE-TRACK.ORG API,2026-06-19T11:14:33,18 SPCS,STARLINK-3907,2022-049BC,EARTH,TEME,UTC,SGP4,2026-06-19 03:19:11.839872,15.08832454,0.00010767,53.1602,313.3868,96.8555,263.2559,0,U,52501,999,22771,-0.00001331173800,-0.00000500,0.0000000000000,6917.903,95.438,540.513,539.024,PAYLOAD,LARGE,US,2022-05-06,AFETR,,5255912,330691586,0 STARLINK-3907,1 52501U 22049BC  26170.13833148 -.00000500  00000-0 -13312-4 0  9998,2 52501  53.1602 313.3868 0001077  96.8555 263.2559 15.08832454227718
3.0,GENERATED VIA SPACE-TRACK.ORG API,2026-06-19T11:14:33,18 SPCS,STARLINK-11567,2025-027C,EARTH,TEME,UTC,SGP4,2026-06-19 03:19:13.999872,15.70858323,0.00019998,43.0006,96.4989,262.4891,97.5749,0,U,62909,999,7910,0.00108703310000,0.00141544,0.0000000000000,6734.580,91.670,357.791,355.098,PAYLOAD,LARGE,US,2025-02-08,AFETR,,5255912,330699579,0 STARLINK-11567,1 62909U 25027C   26170.13835648  .00141544  00000-0  10870-2 0  9993,2 62909  43.0006  96.4989 0002000 262.4891  97.5749 15.70858323 79100
3.0,GENERATED VIA SPACE-TRACK.ORG API,2026-06-19T11:14:33,18 SPCS,STARLINK-2741,2021-044AY,EARTH,TEME,UTC,SGP4,2026-06-19 03:21:01.945440,15.31706532,0.00012735,53.1613,325.9500,86.6286,273.4861,0,U,48684,999,27987,0.00003778415400,0.00000808,0.0000000000000,6848.858,94.013,471.595,469.850,PAYLOAD,LARGE,US,2021-05-26,AFETR,,5255912,330690462,0 STARLINK-2741,1 48684U 21044AY  26170.13960585  .00000808  00000-0  37784-4 0  9993,2 48684  53.1613 325.9500 0001273  86.6286 273.4861 15.31706532279871
3.0,GENERATED VIA SPACE-TRACK.ORG API,2026-06-19T11:14:33,18 SPCS,STARLINK-3882,2022-049AA,EARTH,TEME,UTC,SGP4,2026-06-19 03:23:13.480800,15.08848204,0.00009934,53.1608,323.7984,96.4930,263.6174,0,U,52475,999,22756,0.00028293913000,0.00004219,0.0000000000000,6917.855,95.437,540.408,539.033,PAYLOAD,LARGE,US,2022-05-06,AFETR,,5255912,330691574,0 STARLINK-3882,1 52475U 22049AA  26170.14112825  .00004219  00000-0  28294-3 0  9994,2 52475  53.1608 323.7984 0000993  96.4930 263.6174 15.08848204227567
3.0,GENERATED VIA SPACE-TRACK.ORG API,2026-06-19T06:57:01,18 SPCS,STARLINK-31967,2024-111F,EARTH,TEME,UTC,SGP4,2026-06-19 03:28:45.038208,15.34386129,0.00012000,53.1617,322.4732,80.4502,279.6636,0,U,60021,999,11460,-0.00000357380000,-0.00000497,0.0000000000000,6840.881,93.849,463.567,461.926,PAYLOAD,LARGE,US,2024-06-08,AFETR,,5255851,330652366,0 STARLINK-31967,1 60021U 24111F   26170.14496572 -.00000497  00000-0 -35738-5 0  9995,2 60021  53.1617 322.4732 0001200  80.4502 279.6636 15.34386129114602
3.0,GENERATED VIA SPACE-TRACK.ORG API,2026-06-19T11:14:33,18 SPCS,STARLINK-11565,2025-027F,EARTH,TEME,UTC,SGP4,2026-06-19 03:34:20.068896,15.70881405,0.00022623,43.0019,95.6862,264.3406,95.7204,0,U,62912,999,7911,0.00140707950000,0.00184488,0.0000000000000,6734.514,91.668,357.902,354.855,PAYLOAD,LARGE,US,2025-02-08,AFETR,,5255912,330700080,0 STARLINK-11565,1 62912U 25027F   26170.14884339  .00184488  00000-0  14071-2 0  9990,2 62912  43.0019  95.6862 0002262 264.3406  95.7204 15.70881405 79116
3.0,GENERATED VIA SPACE-TRACK.ORG API,2026-06-19T11:14:33,18 SPCS,STARLINK-30438,2023-156H,EARTH,TEME,UTC,SGP4,2026-06-19 03:35:05.996544,15.30188961,0.00010438,53.1611,326.8403,93.8112,266.3008,0,U,58035,999,15180,-0.00005926717900,-0.00002113,0.0000000000000,6853.385,94.106,475.965,474.535,PAYLOAD,LARGE,US,2023-10-09,AFWTR,,5255912,330696046,0 STARLINK-30438,1 58035U 23156H   26170.14937496 -.00002113  00000-0 -59267-4 0  9999,2 58035  53.1611 326.8403 0001044  93.8112 266.3008 15.30188961151801
3.0,GENERATED VIA SPACE-TRACK.ORG API,2026-06-19T11:14:33,18 SPCS,STARLINK-30883,2023-171Y,EARTH,TEME,UTC,SGP4,2026-06-19 03:35:52.148832,15.27615906,0.00013478,43.0019,72.0501,257.5196,102.5504,0,U,58252,999,14525,-0.00032656168000,-0.00009247,0.0000000000000,6861.079,94.265,483.868,482.019,PAYLOAD,LARGE,US,2023-11-08,AFETR,,5255912,330696145,0 STARLINK-30883,1 58252U 23171Y   26170.14990913 -.00009247  00000-0 -32656-3 0  9997,2 58252  43.0019  72.0501 0001348 257.5196 102.5504 15.27615906145253
3.0,GENERATED VIA SPACE-TRACK.ORG API,2026-06-19T11:14:33,18 SPCS,STARLINK-30514,2023-156A,EARTH,TEME,UTC,SGP4,2026-06-19 03:42:42.032160,15.30195016,0.00012007,53.1611,326.8769,83.7314,276.3824,0,U,58028,999,15185,0.00001592197300,0.00000112,0.0000000000000,6853.367,94.106,476.055,474.409,PAYLOAD,LARGE,US,2023-10-09,AFWTR,,5255912,330695543,0 STARLINK-30514,1 58028U 23156A   26170.15465315  .00000112  00000-0  15922-4 0  9993,2 58028  53.1611 326.8769 0001201  83.7314 276.3824 15.30195016151856
3.0,GENERATED VIA SPACE-TRACK.ORG API,2026-06-19T11:14:33,18 SPCS,STARLINK-11709,2025-107B,EARTH,TEME,UTC,SGP4,2026-06-19 03:46:45.268896,15.70839594,0.00039729,43.0003,206.8579,294.5857,65.4596,0,U,64065,999,6325,0.00140428370000,0.00183821,0.0000000000000,6734.633,91.671,359.174,353.823,PAYLOAD,LARGE,US,2025-05-21,AFETR,,5255912,330700597,0 STARLINK-11709,1 64065U 25107B   26170.15746839  .00183821  00000-0  14043-2 0  9992,2 64065  43.0003 206.8579 0003973 294.5857  65.4596 15.70839594 63254
3.0,GENERATED VIA SPACE-TRACK.ORG API,2026-06-19T06:57:01,18 SPCS,STARLINK-30437,2023-156J,EARTH,TEME,UTC,SGP4,2026-06-19 03:47:15.392256,15.30194052,0.00009340,53.1612,326.8877,82.9610,277.1497,0,U,58036,999,15180,-0.00001100200000,-0.00000685,0.0000000000000,6853.370,94.106,475.875,474.595,PAYLOAD,LARGE,US,2023-10-09,AFWTR,,5255619,330645393,0 STARLINK-30437,1 58036U 23156J   26170.15781704 -.00000685  00000-0 -11002-4 0  9997,2 58036  53.1612 326.8877 0000934  82.9610 277.1497 15.30194052151807
3.0,GENERATED VIA SPACE-TRACK.ORG API,2026-06-19T11:14:33,18 SPCS,STARLINK-35281,2025-221B,EARTH,TEME,UTC,SGP4,2026-06-19 03:50:17.664288,15.30208853,0.00010073,53.1608,337.4068,100.7570,259.3545,0,U,65824,999,4161,0.00047392492000,0.00013707,0.0000000000000,6853.326,94.105,475.881,474.500,PAYLOAD,LARGE,US,2025-09-29,AFWTR,,5255912,330702435,0 STARLINK-35281,1 65824U 25221B   26170.15992667  .00013707  00000-0  47392-3 0  9994,2 65824  53.1608 337.4068 0001007 100.7570 259.3545 15.30208853 41619
3.0,GENERATED VIA SPACE-TRACK.ORG API,2026-06-19T06:47:17,18 SPCS,STARLINK-35324,2025-221R,EARTH,TEME,UTC,SGP4,2026-06-19 03:53:20.241312,15.30208828,0.00013710,53.1600,337.4157,81.8694,278.2462,0,U,65838,999,4026,0.00075436000000,0.00022055,0.0000000000000,6853.326,94.105,476.130,474.251,PAYLOAD,LARGE,US,2025-09-29,AFWTR,,5255043,330587991,0 STARLINK-35324,1 65838U 25221R   26170.16203983  .00022055  00000-0  75436-3 0  9992,2 65838  53.1600 337.4157 0001371  81.8694 278.2462 15.30208828 40265
3.0,GENERATED VIA SPACE-TRACK.ORG API,2026-06-19T11:14:33,18 SPCS,STARLINK-11730,2025-107L,EARTH,TEME,UTC,SGP4,2026-06-19 03:54:24.042528,15.70880220,0.00034287,43.0003,206.8971,288.7009,71.3486,0,U,64074,999,6325,0.00155561940000,0.00204521,0.0000000000000,6734.517,91.668,358.691,354.073,PAYLOAD,LARGE,US,2025-05-21,AFETR,,5255912,330701101,0 STARLINK-11730,1 64074U 25107L   26170.16277827  .00204521  00000-0  15556-2 0  9990,2 64074  43.0003 206.8971 0003429 288.7009  71.3486 15.70880220 63256
3.0,GENERATED VIA SPACE-TRACK.ORG API,2026-06-19T06:47:17,18 SPCS,STARLINK-2549,2021-036AQ,EARTH,TEME,UTC,SGP4,2026-06-19 03:59:01.287168,15.31712386,0.00009910,53.1600,338.8061,88.3736,271.7379,0,U,48314,999,28372,0.00007389600000,0.00001930,0.0000000000000,6848.840,94.012,471.384,470.026,PAYLOAD,LARGE,US,2021-04-29,AFETR,,5255336,330620357,0 STARLINK-2549,1 48314U 21036AQ  26170.16598712  .00001930  00000-0  73896-4 0  9997,2 48314  53.1600 338.8061 0000991  88.3736 271.7379 15.31712386283725
3.0,GENERATED VIA SPACE-TRACK.ORG API,2026-06-19T06:57:01,18 SPCS,STARLINK-34228,2025-113B,EARTH,TEME,UTC,SGP4,2026-06-19 03:59:31.864128,15.31719359,0.00012070,53.1611,338.9363,105.2261,254.8874,0,U,64171,999,6061,0.00043892000000,0.00013288,0.0000000000000,6848.819,94.012,471.511,469.858,PAYLOAD,LARGE,US,2025-05-28,AFETR,,5255821,330666302,0 STARLINK-34228,1 64171U 25113B   26170.16634102  .00013288  00000-0  43892-3 0  9991,2 64171  53.1611 338.9363 0001207 105.2261 254.8874 15.31719359 60615
3.0,GENERATED VIA SPACE-TRACK.ORG API,2026-06-19T11:14:33,18 SPCS,STARLINK-31435,2024-036G,EARTH,TEME,UTC,SGP4,2026-06-19 04:02:22.174944,15.30189133,0.00009473,53.1621,326.5180,85.7445,274.3664,0,U,59004,999,13087,-0.00003062966200,-0.00001266,0.0000000000000,6853.385,94.106,475.899,474.600,PAYLOAD,LARGE,US,2024-02-23,AFWTR,,5255912,330696438,0 STARLINK-31435,1 59004U 24036G   26170.16831221 -.00001266  00000-0 -30630-4 0  9996,2 59004  53.1621 326.5180 0000947  85.7445 274.3664 15.30189133130871
3.0,GENERATED VIA SPACE-TRACK.ORG API,2026-06-19T11:14:33,18 SPCS,STARLINK-35231,2025-221AC,EARTH,TEME,UTC,SGP4,2026-06-19 04:05:29.715648,15.30207229,0.00010520,53.1596,337.4637,90.8379,269.2742,0,U,65849,999,4161,0.00038962306000,0.00011200,0.0000000000000,6853.330,94.105,475.916,474.475,PAYLOAD,LARGE,US,2025-09-29,AFWTR,,5255912,330702447,0 STARLINK-35231,1 65849U 25221AC  26170.17048282  .00011200  00000-0  38962-3 0  9997,2 65849  53.1596 337.4637 0001052  90.8379 269.2742 15.30207229 41615
3.0,GENERATED VIA SPACE-TRACK.ORG API,2026-06-19T11:14:33,18 SPCS,STARLINK-11539,2025-031G,EARTH,TEME,UTC,SGP4,2026-06-19 04:09:19.334016,15.70902178,0.00024893,43.0019,109.7021,257.8247,102.2342,0,U,62987,999,7870,0.00194987910000,0.00258362,0.0000000000000,6734.454,91.667,357.996,354.643,PAYLOAD,LARGE,US,2025-02-11,AFETR,,5255912,330699615,0 STARLINK-11539,1 62987U 25031G   26170.17314044  .00258362  00000-0  19499-2 0  9993,2 62987  43.0019 109.7021 0002489 257.8247 102.2342 15.70902178 78705
3.0,GENERATED VIA SPACE-TRACK.ORG API,2026-06-19T06:47:17,18 SPCS,STARLINK-35356,2025-221P,EARTH,TEME,UTC,SGP4,2026-06-19 04:11:24.404064,15.30203774,0.00012470,53.1616,336.7823,95.6800,264.4343,0,U,65836,999,4027,0.00048983000000,0.00014178,0.0000000000000,6853.341,94.105,476.060,474.351,PAYLOAD,LARGE,US,2025-09-29,AFWTR,,5255043,330587987,0 STARLINK-35356,1 65836U 25221P   26170.17458801  .00014178  00000-0  48983-3 0  9996,2 65836  53.1616 336.7823 0001247  95.6800 264.4343 15.30203774 40277
3.0,GENERATED VIA SPACE-TRACK.ORG API,2026-06-19T11:14:33,18 SPCS,STARLINK-11576,2025-031N,EARTH,TEME,UTC,SGP4,2026-06-19 04:24:36.905472,15.70889675,0.00019699,43.0015,109.7856,265.2482,94.8161,0,U,62993,999,7869,0.00157230990000,0.00206833,0.0000000000000,6734.490,91.668,357.682,355.028,PAYLOAD,LARGE,US,2025-02-11,AFETR,,5255912,330699618,0 STARLINK-11576,1 62993U 25031N   26170.18376048  .00206833  00000-0  15723-2 0  9995,2 62993  43.0015 109.7856 0001970 265.2482  94.8161 15.70889675 78691
3.0,GENERATED VIA SPACE-TRACK.ORG API,2026-06-19T11:14:33,18 SPCS,STARLINK-34429,2025-130AC,EARTH,TEME,UTC,SGP4,2026-06-19 04:27:01.293696,15.34421968,0.00016014,53.1613,335.5941,89.2769,270.8417,0,U,64464,999,5626,0.00079254989000,0.00026515,0.0000000000000,6840.775,93.846,463.735,461.544,PAYLOAD,LARGE,US,2025-06-18,AFETR,,5255912,330701792,0 STARLINK-34429,1 64464U 25130AC  26170.18543164  .00026515  00000-0  79255-3 0  9993,2 64464  53.1613 335.5941 0001601  89.2769 270.8417 15.34421968 56265
3.0,GENERATED VIA SPACE-TRACK.ORG API,2026-06-19T11:14:33,18 SPCS,STARLINK-34221,2025-130R,EARTH,TEME,UTC,SGP4,2026-06-19 04:30:02.620512,15.34399372,0.00012784,53.1615,335.6198,75.2226,284.8918,0,U,64453,999,5626,0.00061886940000,0.00020590,0.0000000000000,6840.842,93.848,463.582,461.833,PAYLOAD,LARGE,US,2025-06-18,AFETR,,5255912,330701287,0 STARLINK-34221,1 64453U 25130R   26170.18753033  .00020590  00000-0  61887-3 0  9998,2 64453  53.1615 335.6198 0001278  75.2226 284.8918 15.34399372 56267
3.0,GENERATED VIA SPACE-TRACK.ORG API,2026-06-19T11:14:33,18 SPCS,STARLINK-34399,2025-130G,EARTH,TEME,UTC,SGP4,2026-06-19 04:33:04.184064,15.34405971,0.00010941,53.1608,335.6319,74.1395,285.9728,0,U,64444,999,5626,0.00049573537000,0.00016413,0.0000000000000,6840.822,93.847,463.436,461.939,PAYLOAD,LARGE,US,2025-06-18,AFETR,,5255912,330701782,0 STARLINK-34399,1 64444U 25130G   26170.18963176  .00016413  00000-0  49574-3 0  9997,2 64444  53.1608 335.6319 0001094  74.1395 285.9728 15.34405971 56269
3.0,GENERATED VIA SPACE-TRACK.ORG API,2026-06-19T11:14:33,18 SPCS,STARLINK-34456,2025-130B,EARTH,TEME,UTC,SGP4,2026-06-19 04:36:06.104448,15.34412069,0.00011169,53.1598,335.6483,76.6419,283.4709,0,U,64439,999,5626,0.00064744535000,0.00021570,0.0000000000000,6840.804,93.847,463.433,461.905,PAYLOAD,LARGE,US,2025-06-18,AFETR,,5255912,330701280,0 STARLINK-34456,1 64439U 25130B   26170.19173732  .00021570  00000-0  64745-3 0  9990,2 64439  53.1598 335.6483 0001117  76.6419 283.4709 15.34412069 56261
3.0,GENERATED VIA SPACE-TRACK.ORG API,2026-06-19T11:14:33,18 SPCS,STARLINK-32323,2024-193S,EARTH,TEME,UTC,SGP4,2026-06-19 04:36:53.297856,15.34388637,0.00013774,53.1620,337.6595,111.4649,248.6501,0,U,61677,999,9209,-0.00000232962000,-0.00000455,0.0000000000000,6840.874,93.848,463.681,461.797,PAYLOAD,LARGE,US,2024-10-26,AFETR,,5255912,330699035,0 STARLINK-32323,1 61677U 24193S   26170.19228354 -.00000455  00000-0 -23296-5 0  9999,2 61677  53.1620 337.6595 0001377 111.4649 248.6501 15.34388637 92092
3.0,GENERATED VIA SPACE-TRACK.ORG API,2026-06-19T11:14:33,18 SPCS,STARLINK-34445,2025-130V,EARTH,TEME,UTC,SGP4,2026-06-19 04:39:07.502112,15.34400694,0.00010060,53.1596,335.6533,58.6454,301.4647,0,U,64457,999,5626,0.00053078684000,0.00017600,0.0000000000000,6840.838,93.848,463.391,462.015,PAYLOAD,LARGE,US,2025-06-18,AFETR,,5255912,330701289,0 STARLINK-34445,1 64457U 25130V   26170.19383683  .00017600  00000-0  53079-3 0  9995,2 64457  53.1596 335.6533 0001006  58.6454 301.4647 15.34400694 56264
3.0,GENERATED VIA SPACE-TRACK.ORG API,2026-06-19T06:47:17,18 SPCS,STARLINK-35657,2025-257V,EARTH,TEME,UTC,SGP4,2026-06-19 04:40:34.294368,15.34405576,0.00012120,53.1594,104.1773,89.5716,270.5425,0,U,66399,999,3528,0.00060201000000,0.00020022,0.0000000000000,6840.824,93.847,463.518,461.860,PAYLOAD,LARGE,US,2025-11-08,AFETR,,5255064,330590145,0 STARLINK-35657,1 66399U 25257V   26170.19484137  .00020022  00000-0  60201-3 0  9995,2 66399  53.1594 104.1773 0001212  89.5716 270.5425 15.34405576 35280
3.0,GENERATED VIA SPACE-TRACK.ORG API,2026-06-19T11:14:33,18 SPCS,STARLINK-11619,2025-053H,EARTH,TEME,UTC,SGP4,2026-06-19 04:44:33.187776,15.70855017,0.00017797,42.9986,220.4060,257.9764,102.0905,0,U,63272,999,7363,0.00111901770000,0.00145775,0.0000000000000,6734.589,91.670,357.653,355.256,PAYLOAD,LARGE,US,2025-03-15,AFETR,,5255912,330700252,0 STARLINK-11619,1 63272U 25053H   26170.19760634  .00145775  00000-0  11190-2 0  9990,2 63272  42.9986 220.4060 0001780 257.9764 102.0905 15.70855017 73635
3.0,GENERATED VIA SPACE-TRACK.ORG API,2026-06-19T06:57:01,18 SPCS,STARLINK-11615,2025-053K,EARTH,TEME,UTC,SGP4,2026-06-19 04:52:12.045216,15.70851564,0.00021990,42.9976,220.4518,276.2653,83.7964,0,U,63274,999,7363,0.00100070000000,0.00130052,0.0000000000000,6734.599,91.670,357.945,354.983,PAYLOAD,LARGE,US,2025-03-15,AFETR,,5255791,330663277,0 STARLINK-11615,1 63274U 25053K   26170.20291719  .00130052  00000-0  10007-2 0  9995,2 63274  42.9976 220.4518 0002199 276.2653  83.7964 15.70851564 73633
3.0,GENERATED VIA SPACE-TRACK.ORG API,2026-06-19T11:14:33,18 SPCS,STARLINK-11078,2024-002F,EARTH,TEME,UTC,SGP4,2026-06-19 04:53:16.940256,15.69700793,0.00013251,53.1601,133.4219,92.5175,267.5994,0,U,58710,999,14238,0.00000282407100,-0.00000247,0.0000000000000,6737.890,91.737,360.648,358.862,PAYLOAD,LARGE,US,2024-01-03,AFWTR,,5255912,330696318,0 STARLINK-11078,1 58710U 24002F   26170.20366829 -.00000247  00000-0  28241-5 0  9997,2 58710  53.1601 133.4219 0001325  92.5175 267.5994 15.69700793142389
3.0,GENERATED VIA SPACE-TRACK.ORG API,2026-06-19T11:14:33,18 SPCS,STARLINK-11271,2024-154N,EARTH,TEME,UTC,SGP4,2026-06-19 05:17:01.283136,15.69706315,0.00010153,53.1592,350.5498,93.4979,266.6155,0,U,60915,999,10445,0.00000404210900,-0.00000099,0.0000000000000,6737.874,91.737,360.423,359.055,PAYLOAD,LARGE,US,2024-08-31,AFETR,,5255912,330698234,0 STARLINK-11271,1 60915U 24154N   26170.22015374 -.00000099  00000-0  40421-5 0  9992,2 60915  53.1592 350.5498 0001015  93.4979 266.6155 15.69706315104458
3.0,GENERATED VIA SPACE-TRACK.ORG API,2026-06-19T11:14:33,18 SPCS,STARLINK-33939,2025-087F,EARTH,TEME,UTC,SGP4,2026-06-19 05:45:07.221888,15.31719205,0.00012629,53.1584,107.4262,89.0059,271.1087,0,U,63702,999,6475,0.00067012084000,0.00020499,0.0000000000000,6848.820,94.012,471.550,469.820,PAYLOAD,LARGE,US,2025-04-28,AFWTR,,5255912,330700422,0 STARLINK-33939,1 63702U 25087F   26170.23966692  .00020499  00000-0  67012-3 0  9992,2 63702  53.1584 107.4262 0001263  89.0059 271.1087 15.31719205 64753
3.0,GENERATED VIA SPACE-TRACK.ORG API,2026-06-19T11:14:33,18 SPCS,STARLINK-4131,2022-086E,EARTH,TEME,UTC,SGP4,2026-06-19 05:50:55.865760,15.08833902,0.00015631,53.1607,108.1198,89.7792,270.3379,0,U,53246,999,21546,-0.00001172590200,-0.00000475,0.0000000000000,6917.899,95.438,540.845,538.683,PAYLOAD,LARGE,US,2022-07-24,AFETR,,5255912,330692316,0 STARLINK-4131,1 53246U 22086E   26170.24370215 -.00000475  00000-0 -11726-4 0  9997,2 53246  53.1607 108.1198 0001563  89.7792 270.3379 15.08833902215467
3.0,GENERATED VIA SPACE-TRACK.ORG API,2026-06-19T11:14:33,18 SPCS,STARLINK-33774,2025-087AA,EARTH,TEME,UTC,SGP4,2026-06-19 05:51:50.598432,15.31713110,0.00013824,53.1580,107.4521,99.9820,260.1337,0,U,63721,999,6475,0.00056593413000,0.00017244,0.0000000000000,6848.838,94.012,471.650,469.756,PAYLOAD,LARGE,US,2025-04-28,AFWTR,,5255912,330700931,0 STARLINK-33774,1 63721U 25087AA  26170.24433563  .00017244  00000-0  56593-3 0  9996,2 63721  53.1580 107.4521 0001382  99.9820 260.1337 15.31713110 64751
3.0,GENERATED VIA SPACE-TRACK.ORG API,2026-06-19T11:14:33,18 SPCS,STARLINK-11155,2024-112J,EARTH,TEME,UTC,SGP4,2026-06-19 05:57:35.534016,15.69704689,0.00013059,53.1579,125.4968,90.5378,269.5790,0,U,60046,999,11693,0.00000628437000,0.00000172,0.0000000000000,6737.879,91.737,360.624,358.864,PAYLOAD,LARGE,US,2024-06-08,AFWTR,,5255912,330697872,0 STARLINK-11155,1 60046U 24112J   26170.24832794  .00000172  00000-0  62844-5 0  9990,2 60046  53.1579 125.4968 0001306  90.5378 269.5790 15.69704689116938
3.0,GENERATED VIA SPACE-TRACK.ORG API,2026-06-19T17:59:21,18 SPCS,STARLINK-36159,2025-298E,EARTH,TEME,UTC,SGP4,2026-06-19 05:58:00.289344,14.98332585,0.00025860,70.0017,118.2529,268.6066,91.4797,0,U,67079,999,2843,0.00014136045000,0.00001594,0.0000000000000,6950.185,96.107,573.847,570.253,PAYLOAD,LARGE,US,2025-12-14,AFWTR,,5255921,330739119,0 STARLINK-36159,1 67079U 25298E   26170.24861446  .00001594  00000-0  14136-3 0  9993,2 67079  70.0017 118.2529 0002586 268.6066  91.4797 14.98332585 28431
3.0,GENERATED VIA SPACE-TRACK.ORG API,2026-06-19T17:59:21,18 SPCS,STARLINK-5266,2023-010X,EARTH,TEME,UTC,SGP4,2026-06-19 06:24:59.115168,14.98330725,0.00036926,69.9992,128.3767,260.9438,99.1304,0,U,55290,999,18848,-0.00001534310500,-0.00000276,0.0000000000000,6950.191,96.107,574.622,569.489,PAYLOAD,LARGE,US,2023-01-19,AFWTR,,5255921,330728585,0 STARLINK-5266,1 55290U 23010X   26170.26735087 -.00000276  00000-0 -15343-4 0  9998,2 55290  69.9992 128.3767 0003693 260.9438  99.1304 14.98330725188481
3.0,GENERATED VIA SPACE-TRACK.ORG API,2026-06-19T11:14:33,18 SPCS,STARLINK-6349,2023-094Z,EARTH,TEME,UTC,SGP4,2026-06-19 06:25:28.256160,15.27577285,0.00014073,43.0041,166.3550,271.5189,88.5502,0,U,57241,999,16277,0.00001205448500,0.00000070,0.0000000000000,6861.194,94.267,484.025,482.094,PAYLOAD,LARGE,US,2023-07-07,AFWTR,,5255912,330695241,0 STARLINK-6349,1 57241U 23094Z   26170.26768815  .00000070  00000-0  12054-4 0  9999,2 57241  43.0041 166.3550 0001407 271.5189  88.5502 15.27577285162774
3.0,GENERATED VIA SPACE-TRACK.ORG API,2026-06-19T11:14:33,18 SPCS,STARLINK-36136,2025-288J,EARTH,TEME,UTC,SGP4,2026-06-19 06:28:26.505408,15.27592151,0.00017849,42.9998,169.7050,277.5051,82.5598,0,U,66967,999,3082,0.00048747215000,0.00013181,0.0000000000000,6861.150,94.266,484.239,481.790,PAYLOAD,LARGE,US,2025-12-08,AFETR,,5255912,330703488,0 STARLINK-36136,1 66967U 25288J   26170.26975122  .00013181  00000-0  48747-3 0  9996,2 66967  42.9998 169.7050 0001785 277.5051  82.5598 15.27592151 30821
3.0,GENERATED VIA SPACE-TRACK.ORG API,2026-06-19T11:14:33,18 SPCS,STARLINK-6346,2023-094AB,EARTH,TEME,UTC,SGP4,2026-06-19 06:29:11.143104,15.27581692,0.00013718,43.0014,166.3698,262.3046,97.7650,0,U,57243,999,16277,0.00005548154800,0.00001265,0.0000000000000,6861.181,94.267,483.987,482.105,PAYLOAD,LARGE,US,2023-07-07,AFWTR,,5255912,330695242,0 STARLINK-6346,1 57243U 23094AB  26170.27026786  .00001265  00000-0  55482-4 0  9995,2 57243  43.0014 166.3698 0001372 262.3046  97.7650 15.27581692162773
3.0,GENERATED VIA SPACE-TRACK.ORG API,2026-06-19T17:59:21,18 SPCS,STARLINK-5338,2023-010T,EARTH,TEME,UTC,SGP4,2026-06-19 06:30:59.588928,14.98329226,0.00039813,69.9991,128.3931,267.5818,92.4885,0,U,55286,999,18848,0.00004456249600,0.00000439,0.0000000000000,6950.195,96.107,574.827,569.293,PAYLOAD,LARGE,US,2023-01-19,AFWTR,,5255921,330728583,0 STARLINK-5338,1 55286U 23010T   26170.27152302  .00000439  00000-0  44562-4 0  9991,2 55286  69.9991 128.3931 0003981 267.5818  92.4885 14.98329226188487
3.0,GENERATED VIA SPACE-TRACK.ORG API,2026-06-19T11:14:33,18 SPCS,STARLINK-30996,2024-038A,EARTH,TEME,UTC,SGP4,2026-06-19 06:33:17.993088,15.27602077,0.00018429,43.0024,173.3659,277.9522,82.1121,0,U,59023,999,13166,0.00006262321700,0.00001462,0.0000000000000,6861.120,94.265,484.249,481.721,PAYLOAD,LARGE,US,2024-02-25,AFETR,,5255912,330696946,0 STARLINK-30996,1 59023U 24038A   26170.27312492  .00001462  00000-0  62623-4 0  9998,2 59023  43.0024 173.3659 0001843 277.9522  82.1121 15.27602077131667
3.0,GENERATED VIA SPACE-TRACK.ORG API,2026-06-19T11:14:33,18 SPCS,STARLINK-35772,2025-288T,EARTH,TEME,UTC,SGP4,2026-06-19 06:34:00.374016,15.27592697,0.00022354,43.0011,169.7814,285.5579,74.5026,0,U,66976,999,3082,0.00036885569000,0.00009906,0.0000000000000,6861.148,94.266,484.547,481.479,PAYLOAD,LARGE,US,2025-12-08,AFETR,,5255912,330703992,0 STARLINK-35772,1 66976U 25288T   26170.27361544  .00009906  00000-0  36886-3 0  9995,2 66976  43.0011 169.7814 0002235 285.5579  74.5026 15.27592697 30824
3.0,GENERATED VIA SPACE-TRACK.ORG API,2026-06-19T11:14:33,18 SPCS,STARLINK-30571,2023-158R,EARTH,TEME,UTC,SGP4,2026-06-19 06:35:14.045568,15.27578519,0.00020655,43.0046,173.5570,280.2019,79.8600,0,U,58066,999,14910,0.00002098345700,0.00000315,0.0000000000000,6861.191,94.267,484.473,481.638,PAYLOAD,LARGE,US,2023-10-13,AFETR,,5255912,330696060,0 STARLINK-30571,1 58066U 23158R   26170.27446812  .00000315  00000-0  20983-4 0  9999,2 58066  43.0046 173.5570 0002065 280.2019  79.8600 15.27578519149102
3.0,GENERATED VIA SPACE-TRACK.ORG API,2026-06-19T11:14:33,18 SPCS,STARLINK-35678,2025-288N,EARTH,TEME,UTC,SGP4,2026-06-19 06:35:49.962048,15.27567716,0.00006342,42.9985,169.7400,220.8050,139.2754,0,U,66971,999,3082,0.00043159356000,0.00011629,0.0000000000000,6861.223,94.268,483.523,482.653,PAYLOAD,LARGE,US,2025-12-08,AFETR,,5255912,330703490,0 STARLINK-35678,1 66971U 25288N   26170.27488382  .00011629  00000-0  43159-3 0  9996,2 66971  42.9985 169.7400 0000634 220.8050 139.2754 15.27567716 30826
3.0,GENERATED VIA SPACE-TRACK.ORG API,2026-06-19T11:14:33,18 SPCS,STARLINK-31210,2024-038L,EARTH,TEME,UTC,SGP4,2026-06-19 06:37:44.353056,15.27578380,0.00016285,43.0020,169.9375,268.7479,91.3186,0,U,59033,999,13039,0.00005143978500,0.00001153,0.0000000000000,6861.191,94.267,484.173,481.939,PAYLOAD,LARGE,US,2024-02-25,AFETR,,5255912,330696451,0 STARLINK-31210,1 59033U 24038L   26170.27620779  .00001153  00000-0  51440-4 0  9991,2 59033  43.0020 169.9375 0001629 268.7479  91.3186 15.27578380130392
3.0,GENERATED VIA SPACE-TRACK.ORG API,2026-06-19T11:14:33,18 SPCS,STARLINK-30558,2023-158K,EARTH,TEME,UTC,SGP4,2026-06-19 06:40:47.112384,15.27567197,0.00014099,43.0028,173.5755,269.1108,90.9582,0,U,58060,999,14910,0.00005896205500,0.00001360,0.0000000000000,6861.224,94.268,484.057,482.122,PAYLOAD,LARGE,US,2023-10-13,AFETR,,5255912,330696057,0 STARLINK-30558,1 58060U 23158K   26170.27832306  .00001360  00000-0  58962-4 0  9999,2 58060  43.0028 173.5755 0001410 269.1108  90.9582 15.27567197149102
3.0,GENERATED VIA SPACE-TRACK.ORG API,2026-06-19T11:14:33,18 SPCS,STARLINK-31205,2024-038Z,EARTH,TEME,UTC,SGP4,2026-06-19 06:43:17.929632,15.27575057,0.00014470,43.0012,169.9641,265.1063,94.9623,0,U,59046,999,13033,0.00002268917400,0.00000362,0.0000000000000,6861.201,94.267,484.059,482.073,PAYLOAD,LARGE,US,2024-02-25,AFETR,,5255912,330696957,0 STARLINK-31205,1 59046U 24038Z   26170.28006863  .00000362  00000-0  22689-4 0  9992,2 59046  43.0012 169.9641 0001447 265.1063  94.9623 15.27575057130338
3.0,GENERATED VIA SPACE-TRACK.ORG API,2026-06-19T11:14:33,18 SPCS,STARLINK-35879,2025-288B,EARTH,TEME,UTC,SGP4,2026-06-19 06:45:05.746464,15.27592731,0.00016191,42.9998,169.7945,279.1209,80.9460,0,U,66960,999,3082,0.00051217279000,0.00013864,0.0000000000000,6861.148,94.266,484.124,481.902,PAYLOAD,LARGE,US,2025-12-08,AFETR,,5255912,330703984,0 STARLINK-35879,1 66960U 25288B   26170.28131651  .00013864  00000-0  51217-3 0  9996,2 66960  42.9998 169.7945 0001619 279.1209  80.9460 15.27592731 30820
3.0,GENERATED VIA SPACE-TRACK.ORG API,2026-06-19T11:14:33,18 SPCS,STARLINK-30567,2023-158S,EARTH,TEME,UTC,SGP4,2026-06-19 06:46:19.786944,15.27580942,0.00016912,43.0010,173.5971,278.3667,81.6993,0,U,58067,999,14910,0.00004025710100,0.00000846,0.0000000000000,6861.183,94.267,484.209,481.888,PAYLOAD,LARGE,US,2023-10-13,AFETR,,5255912,330695561,0 STARLINK-30567,1 58067U 23158S   26170.28217346  .00000846  00000-0  40257-4 0  9994,2 58067  43.0010 173.5971 0001691 278.3667  81.6993 15.27580942149109
3.0,GENERATED VIA SPACE-TRACK.ORG API,2026-06-19T11:14:33,18 SPCS,STARLINK-31178,2024-038C,EARTH,TEME,UTC,SGP4,2026-06-19 06:48:08.470368,15.27579265,0.00015063,43.0016,173.4400,276.2162,83.8518,0,U,59025,999,13018,0.00007624586500,0.00001836,0.0000000000000,6861.188,94.267,484.087,482.020,PAYLOAD,LARGE,US,2024-02-25,AFETR,,5255912,330696947,0 STARLINK-31178,1 59025U 24038C   26170.28343137  .00001836  00000-0  76246-4 0  9992,2 59025  43.0016 173.4400 0001506 276.2162  83.8518 15.27579265130189
3.0,GENERATED VIA SPACE-TRACK.ORG API,2026-06-19T11:14:33,18 SPCS,STARLINK-31631,2024-068E,EARTH,TEME,UTC,SGP4,2026-06-19 06:49:19.193952,15.27575961,0.00016440,43.0024,177.0210,270.2062,89.8601,0,U,59459,999,12410,0.00002533521100,0.00000435,0.0000000000000,6861.198,94.267,484.191,481.935,PAYLOAD,LARGE,US,2024-04-10,AFETR,,5255912,330697125,0 STARLINK-31631,1 59459U 24068E   26170.28424993  .00000435  00000-0  25335-4 0  9993,2 59459  43.0024 177.0210 0001644 270.2062  89.8601 15.27575961124107
3.0,GENERATED VIA SPACE-TRACK.ORG API,2026-06-19T11:14:33,18 SPCS,STARLINK-6360,2023-094T,EARTH,TEME,UTC,SGP4,2026-06-19 06:51:08.917632,15.27578717,0.00017144,43.0027,176.9270,273.9012,86.1644,0,U,57235,999,16265,0.00001286153200,0.00000092,0.0000000000000,6861.190,94.267,484.231,481.879,PAYLOAD,LARGE,US,2023-07-07,AFWTR,,5255912,330695238,0 STARLINK-6360,1 57235U 23094T   26170.28551988  .00000092  00000-0  12862-4 0  9996,2 57235  43.0027 176.9270 0001714 273.9012  86.1644 15.27578717162658
3.0,GENERATED VIA SPACE-TRACK.ORG API,2026-06-19T11:14:33,18 SPCS,STARLINK-33886,2025-085T,EARTH,TEME,UTC,SGP4,2026-06-19 06:52:55.713216,15.27585970,0.00012315,42.9986,176.6490,286.7941,73.2776,0,U,63681,999,6441,0.00037981891000,0.00010206,0.0000000000000,6861.168,94.266,483.878,482.188,PAYLOAD,LARGE,US,2025-04-28,AFETR,,5255912,330700412,0 STARLINK-33886,1 63681U 25085T   26170.28675594  .00010206  00000-0  37982-3 0  9997,2 63681  42.9986 176.6490 0001232 286.7941  73.2776 15.27585970 64418
3.0,GENERATED VIA SPACE-TRACK.ORG API,2026-06-19T11:14:33,18 SPCS,STARLINK-31186,2024-038H,EARTH,TEME,UTC,SGP4,2026-06-19 06:53:41.552736,15.27577978,0.00012434,43.0011,173.4661,266.9191,93.1518,0,U,59030,999,13029,0.00002493716800,0.00000424,0.0000000000000,6861.192,94.267,483.910,482.204,PAYLOAD,LARGE,US,2024-02-25,AFETR,,5255912,330696949,0 STARLINK-31186,1 59030U 24038H   26170.28728649  .00000424  00000-0  24937-4 0  9995,2 59030  43.0011 173.4661 0001243 266.9191  93.1518 15.27577978130290
3.0,GENERATED VIA SPACE-TRACK.ORG API,2026-06-19T11:14:33,18 SPCS,STARLINK-30105,2023-105D,EARTH,TEME,UTC,SGP4,2026-06-19 06:54:51.304320,15.27590777,0.00013107,43.0019,177.0598,267.0304,93.0398,0,U,57433,999,16386,0.00012210824000,0.00003101,0.0000000000000,6861.154,94.266,483.918,482.120,PAYLOAD,LARGE,US,2023-07-24,AFETR,,5255912,330695800,0 STARLINK-30105,1 57433U 23105D   26170.28809380  .00003101  00000-0  12211-3 0  9992,2 57433  43.0019 177.0598 0001311 267.0304  93.0398 15.27590777163862
3.0,GENERATED VIA SPACE-TRACK.ORG API,2026-06-19T11:14:33,18 SPCS,STARLINK-5866,2023-094R,EARTH,TEME,UTC,SGP4,2026-06-19 06:56:45.343680,15.27724846,0.00019069,43.0013,176.9556,245.5717,114.4936,0,U,57233,999,16265,-0.00102631140000,-0.00028522,0.0000000000000,6860.752,94.258,483.926,481.309,PAYLOAD,LARGE,US,2023-07-07,AFWTR,,5255912,330695237,0 STARLINK-5866,1 57233U 23094R   26170.28941370 -.00028522  00000-0 -10263-2 0  9993,2 57233  43.0013 176.9556 0001907 245.5717 114.4936 15.27724846162654
3.0,GENERATED VIA SPACE-TRACK.ORG API,2026-06-19T11:14:33,18 SPCS,STARLINK-33887,2025-085S,EARTH,TEME,UTC,SGP4,2026-06-19 06:58:28.628832,15.27591232,0.00024414,43.0014,176.6802,289.4209,70.6379,0,U,63680,999,6447,0.00049089791000,0.00013276,0.0000000000000,6861.152,94.266,484.693,481.342,PAYLOAD,LARGE,US,2025-04-28,AFETR,,5255912,330700911,0 STARLINK-33887,1 63680U 25085S   26170.29060913  .00013276  00000-0  49090-3 0  9993,2 63680  43.0014 176.6802 0002441 289.4209  70.6379 15.27591232 64472
3.0,GENERATED VIA SPACE-TRACK.ORG API,2026-06-19T11:14:33,18 SPCS,STARLINK-31364,2024-068J,EARTH,TEME,UTC,SGP4,2026-06-19 07:00:25.390656,15.27576089,0.00015007,43.0012,177.0753,270.6564,89.4116,0,U,59463,999,12410,0.00004769646800,0.00001050,0.0000000000000,6861.198,94.267,484.092,482.033,PAYLOAD,LARGE,US,2024-04-10,AFETR,,5255912,330696627,0 STARLINK-31364,1 59463U 24068J   26170.29196054  .00001050  00000-0  47696-4 0  9991,2 59463  43.0012 177.0753 0001501 270.6564  89.4116 15.27576089124103
3.0,GENERATED VIA SPACE-TRACK.ORG API,2026-06-19T11:14:33,18 SPCS,STARLINK-5872,2023-094Q,EARTH,TEME,UTC,SGP4,2026-06-19 07:05:56.931648,15.27579022,0.00008209,43.0017,176.9920,271.8176,88.2582,0,U,57232,999,16331,-0.00002244770200,-0.00000879,0.0000000000000,6861.189,94.267,483.617,482.491,PAYLOAD,LARGE,US,2023-07-07,AFWTR,,5255912,330695736,0 STARLINK-5872,1 57232U 23094Q   26170.29579782 -.00000879  00000-0 -22448-4 0  9992,2 57232  43.0017 176.9920 0000821 271.8176  88.2582 15.27579022163310
3.0,GENERATED VIA SPACE-TRACK.ORG API,2026-06-19T11:14:33,18 SPCS,STARLINK-33612,2025-057U,EARTH,TEME,UTC,SGP4,2026-06-19 07:07:52.364640,15.27588684,0.00016604,43.0004,177.3098,280.6807,79.3858,0,U,63325,999,7131,0.00040181673000,0.00010814,0.0000000000000,6861.160,94.266,484.164,481.886,PAYLOAD,LARGE,US,2025-03-18,AFETR,,5255912,330700775,0 STARLINK-33612,1 63325U 25057U   26170.29713385  .00010814  00000-0  40182-3 0  9994,2 63325  43.0004 177.3098 0001660 280.6807  79.3858 15.27588684 71317
3.0,GENERATED VIA SPACE-TRACK.ORG API,2026-06-19T11:14:33,18 SPCS,STARLINK-5800,2023-042BH,EARTH,TEME,UTC,SGP4,2026-06-19 07:08:53.656800,15.27580016,0.00015147,43.0022,180.1546,282.1231,77.9451,0,U,56041,999,17870,0.00004980920800,0.00001109,0.0000000000000,6861.186,94.267,484.090,482.012,PAYLOAD,LARGE,US,2023-03-24,AFETR,,5255912,330694298,0 STARLINK-5800,1 56041U 23042BH  26170.29784325  .00001109  00000-0  49809-4 0  9998,2 56041  43.0022 180.1546 0001515 282.1231  77.9451 15.27580016178706
3.0,GENERATED VIA SPACE-TRACK.ORG API,2026-06-19T11:14:33,18 SPCS,STARLINK-31765,2024-080D,EARTH,TEME,UTC,SGP4,2026-06-19 07:10:48.535968,15.27577687,0.00016110,43.0019,180.5149,271.7515,88.3152,0,U,59604,999,12011,0.00004035032900,0.00000848,0.0000000000000,6861.193,94.267,484.163,481.953,PAYLOAD,LARGE,US,2024-04-28,AFETR,,5255912,330697184,0 STARLINK-31765,1 59604U 24080D   26170.29917287  .00000848  00000-0  40350-4 0  9995,2 59604  43.0019 180.5149 0001611 271.7515  88.3152 15.27577687120115
3.0,GENERATED VIA SPACE-TRACK.ORG API,2026-06-19T11:14:33,18 SPCS,STARLINK-31462,2024-068M,EARTH,TEME,UTC,SGP4,2026-06-19 07:12:40.762656,15.27592874,0.00015463,43.0015,180.5819,280.0910,79.9767,0,U,59466,999,12406,0.00006601857100,0.00001556,0.0000000000000,6861.148,94.266,484.073,481.952,PAYLOAD,LARGE,US,2024-04-10,AFETR,,5255912,330697128,0 STARLINK-31462,1 59466U 24068M   26170.30047179  .00001556  00000-0  66019-4 0  9990,2 59466  43.0015 180.5819 0001546 280.0910  79.9767 15.27592874124061
3.0,GENERATED VIA SPACE-TRACK.ORG API,2026-06-19T11:14:33,18 SPCS,STARLINK-31515,2024-068X,EARTH,TEME,UTC,SGP4,2026-06-19 07:18:14.103360,15.27568367,0.00016072,43.0040,180.6240,270.8460,89.2208,0,U,59476,999,12406,-0.00003299337500,-0.00001170,0.0000000000000,6861.221,94.267,484.189,481.983,PAYLOAD,LARGE,US,2024-04-10,AFETR,,5255912,330696633,0 STARLINK-31515,1 59476U 24068X   26170.30432990 -.00001170  00000-0 -32993-4 0  9998,2 59476  43.0040 180.6240 0001607 270.8460  89.2208 15.27568367124068
3.0,GENERATED VIA SPACE-TRACK.ORG API,2026-06-19T17:59:21,18 SPCS,STARLINK-35763,2025-298Q,EARTH,TEME,UTC,SGP4,2026-06-19 07:22:09.102720,14.98333551,0.00029735,70.0016,118.4467,266.8056,93.2763,0,U,67089,999,2843,0.00012479809000,0.00001397,0.0000000000000,6950.182,96.107,574.114,569.980,PAYLOAD,LARGE,US,2025-12-14,AFWTR,,5255921,330739124,0 STARLINK-35763,1 67089U 25298Q   26170.30704980  .00001397  00000-0  12480-3 0  9991,2 67089  70.0016 118.4467 0002974 266.8056  93.2763 14.98333551 28431
3.0,GENERATED VIA SPACE-TRACK.ORG API,2026-06-19T17:59:21,18 SPCS,STARLINK-31842,2024-084U,EARTH,TEME,UTC,SGP4,2026-06-19 07:26:52.771200,15.27580414,0.00015470,43.0016,184.5254,277.1793,82.8883,0,U,59672,999,11995,0.00004832151600,0.00001068,0.0000000000000,6861.185,94.267,484.111,481.988,PAYLOAD,LARGE,US,2024-05-06,AFETR,,5255921,330732791,0 STARLINK-31842,1 59672U 24084U   26170.31033300  .00001068  00000-0  48322-4 0  9994,2 59672  43.0016 184.5254 0001547 277.1793  82.8883 15.27580414119956
3.0,GENERATED VIA SPACE-TRACK.ORG API,2026-06-19T17:59:21,18 SPCS,STARLINK-36078,2025-294W,EARTH,TEME,UTC,SGP4,2026-06-19 07:28:34.940064,15.27589859,0.00020854,43.0027,183.9321,284.3357,75.7263,0,U,67050,999,3034,0.00034598596000,0.00009273,0.0000000000000,6861.157,94.266,484.452,481.591,PAYLOAD,LARGE,US,2025-12-11,AFETR,,5255921,330739106,0 STARLINK-36078,1 67050U 25294W   26170.31151551  .00009273  00000-0  34599-3 0  9992,2 67050  43.0027 183.9321 0002085 284.3357  75.7263 15.27589859 30349
3.0,GENERATED VIA SPACE-TRACK.ORG API,2026-06-19T11:14:33,18 SPCS,STARLINK-31625,2024-068D,EARTH,TEME,UTC,SGP4,2026-06-19 07:29:19.942368,15.27580282,0.00014503,43.0030,180.6861,272.8632,87.2054,0,U,59458,999,12406,0.00001685652400,0.00000202,0.0000000000000,6861.185,94.267,484.045,482.055,PAYLOAD,LARGE,US,2024-04-10,AFETR,,5255912,330696625,0 STARLINK-31625,1 59458U 24068D   26170.31203637  .00000202  00000-0  16857-4 0  9997,2 59458  43.0030 180.6861 0001450 272.8632  87.2054 15.27580282124062
3.0,GENERATED VIA SPACE-TRACK.ORG API,2026-06-19T17:59:21,18 SPCS,STARLINK-35775,2025-294J,EARTH,TEME,UTC,SGP4,2026-06-19 07:30:26.262144,15.27586755,0.00022572,43.0057,183.9520,290.1918,69.8691,0,U,67038,999,3035,0.00043518035000,0.00011735,0.0000000000000,6861.166,94.266,484.580,481.482,PAYLOAD,LARGE,US,2025-12-11,AFETR,,5255921,330739100,0 STARLINK-35775,1 67038U 25294J   26170.31280396  .00011735  00000-0  43518-3 0  9995,2 67038  43.0057 183.9520 0002257 290.1918  69.8691 15.27586755 30350
3.0,GENERATED VIA SPACE-TRACK.ORG API,2026-06-19T17:59:21,18 SPCS,STARLINK-30977,2023-183Y,EARTH,TEME,UTC,SGP4,2026-06-19 07:40:58.199520,15.27573364,0.00016715,43.0019,187.9777,273.7407,86.3254,0,U,58459,999,14227,0.00007470306300,0.00001794,0.0000000000000,6861.206,94.267,484.218,481.924,PAYLOAD,LARGE,US,2023-11-28,AFETR,,5255921,330731303,0 STARLINK-30977,1 58459U 23183Y   26170.32011805  .00001794  00000-0  74703-4 0  9990,2 58459  43.0019 187.9777 0001672 273.7407  86.3254 15.27573364142279
3.0,GENERATED VIA SPACE-TRACK.ORG API,2026-06-19T17:59:21,18 SPCS,STARLINK-31767,2024-080E,EARTH,TEME,UTC,SGP4,2026-06-19 07:41:34.239552,15.27585869,0.00012971,43.0016,184.1346,274.1440,85.9263,0,U,59605,999,12007,0.00008000594700,0.00001940,0.0000000000000,6861.169,94.266,483.923,482.144,PAYLOAD,LARGE,US,2024-04-28,AFETR,,5255921,330732262,0 STARLINK-31767,1 59605U 24080E   26170.32053518  .00001940  00000-0  80006-4 0  9994,2 59605  43.0016 184.1346 0001297 274.1440  85.9263 15.27585869120078
3.0,GENERATED VIA SPACE-TRACK.ORG API,2026-06-19T11:14:33,18 SPCS,STARLINK-30971,2023-183G,EARTH,TEME,UTC,SGP4,2026-06-19 07:46:31.139328,15.27585670,0.00018422,43.0041,188.0109,279.6835,80.3809,0,U,58443,999,14227,0.00002372138200,0.00000391,0.0000000000000,6861.169,94.266,484.298,481.770,PAYLOAD,LARGE,US,2023-11-28,AFETR,,5255912,330696218,0 STARLINK-30971,1 58443U 23183G   26170.32397152  .00000391  00000-0  23721-4 0  9991,2 58443  43.0041 188.0109 0001842 279.6835  80.3809 15.27585670142270
3.0,GENERATED VIA SPACE-TRACK.ORG API,2026-06-19T11:14:33,18 SPCS,STARLINK-5783,2023-042AN,EARTH,TEME,UTC,SGP4,2026-06-19 07:47:31.594272,15.27578574,0.00020315,43.0036,190.8727,275.2767,84.7852,0,U,56022,999,17858,0.00002264470600,0.00000361,0.0000000000000,6861.190,94.267,484.449,481.662,PAYLOAD,LARGE,US,2023-03-24,AFETR,,5255912,330694289,0 STARLINK-5783,1 56022U 23042AN  26170.32467123  .00000361  00000-0  22645-4 0  9993,2 56022  43.0036 190.8727 0002031 275.2767  84.7852 15.27578574178583
3.0,GENERATED VIA SPACE-TRACK.ORG API,2026-06-19T11:14:33,18 SPCS,STARLINK-5940,2023-042AC,EARTH,TEME,UTC,SGP4,2026-06-19 07:49:22.481760,15.27579495,0.00012952,42.9998,190.8856,263.0791,96.9913,0,U,56012,999,17858,0.00003108714800,0.00000593,0.0000000000000,6861.188,94.267,483.941,482.164,PAYLOAD,LARGE,US,2023-03-24,AFETR,,5255912,330694284,0 STARLINK-5940,1 56012U 23042AC  26170.32595465  .00000593  00000-0  31087-4 0  9990,2 56012  42.9998 190.8856 0001295 263.0791  96.9913 15.27579495178589
3.0,GENERATED VIA SPACE-TRACK.ORG API,2026-06-19T17:59:21,18 SPCS,STARLINK-36199,2025-304X,EARTH,TEME,UTC,SGP4,2026-06-19 07:54:35.030304,14.98338102,0.00036096,70.0015,278.0112,268.6401,91.4344,0,U,67213,999,2911,0.00022317878000,0.00002572,0.0000000000000,6950.168,96.106,574.542,569.524,PAYLOAD,LARGE,US,2025-12-17,AFWTR,,5255921,330738685,0 STARLINK-36199,1 67213U 25304X   26170.32957211  .00002572  00000-0  22318-3 0  9994,2 67213  70.0015 278.0112 0003610 268.6401  91.4344 14.98338102 29119
3.0,GENERATED VIA SPACE-TRACK.ORG API,2026-06-19T11:14:33,18 SPCS,STARLINK-3734,2022-029AA,EARTH,TEME,UTC,SGP4,2026-06-19 08:00:01.999872,15.53307844,0.00011630,53.2177,329.5230,76.2204,86.9915,0,U,52112,999,579,0.00404427640000,0.00267990,0.0000000000000,6785.213,92.705,407.867,406.289,PAYLOAD,LARGE,US,2022-03-19,AFETR,,5255912,330691490,0 STARLINK-3734,1 52112U 22029AA  26170.33335648  .00267990  00000-0  40443-2 0  9997,2 52112  53.2177 329.5230 0001163  76.2204  86.9915 15.53307844  5793
3.0,GENERATED VIA SPACE-TRACK.ORG API,2026-06-19T17:59:21,18 SPCS,STARLINK-36197,2025-304P,EARTH,TEME,UTC,SGP4,2026-06-19 08:00:35.784000,14.98338587,0.00033161,70.0011,278.0269,270.3824,89.6955,0,U,67205,999,2908,0.00021249062000,0.00002444,0.0000000000000,6950.166,96.106,574.336,569.727,PAYLOAD,LARGE,US,2025-12-17,AFWTR,,5255921,330738681,0 STARLINK-36197,1 67205U 25304P   26170.33374750  .00002444  00000-0  21249-3 0  9997,2 67205  70.0011 278.0269 0003316 270.3824  89.6955 14.98338587 29081
3.0,GENERATED VIA SPACE-TRACK.ORG API,2026-06-19T17:59:21,18 SPCS,STARLINK-36283,2025-304F,EARTH,TEME,UTC,SGP4,2026-06-19 08:06:36.472896,14.98337124,0.00032604,70.0014,278.0406,270.2057,89.8729,0,U,67197,999,2911,0.00021353963000,0.00002456,0.0000000000000,6950.171,96.107,574.302,569.770,PAYLOAD,LARGE,US,2025-12-17,AFWTR,,5255921,330738677,0 STARLINK-36283,1 67197U 25304F   26170.33792214  .00002456  00000-0  21354-3 0  9996,2 67197  70.0014 278.0406 0003260 270.2057  89.8729 14.98337124 29113
3.0,GENERATED VIA SPACE-TRACK.ORG API,2026-06-19T17:59:21,18 SPCS,STARLINK-30066,2023-067S,EARTH,TEME,UTC,SGP4,2026-06-19 08:59:48.371424,15.27578140,0.00013383,43.0024,56.5956,273.0141,87.0557,0,U,56704,999,17125,0.00000187705400,-0.00000210,0.0000000000000,6861.192,94.267,483.975,482.138,PAYLOAD,LARGE,US,2023-05-19,AFETR,,5255921,330730136,0 STARLINK-30066,1 56704U 23067S   26170.37486541 -.00000210  00000-0  18771-5 0  9997,2 56704  43.0024  56.5956 0001338 273.0141  87.0557 15.27578140171254
3.0,GENERATED VIA SPACE-TRACK.ORG API,2026-06-19T17:59:21,18 SPCS,STARLINK-30160,2023-105M,EARTH,TEME,UTC,SGP4,2026-06-19 09:00:18.877536,15.27566061,0.00012314,43.0010,52.3732,266.1125,93.9586,0,U,57441,999,16089,0.00007934713800,0.00001921,0.0000000000000,6861.228,94.268,483.938,482.248,PAYLOAD,LARGE,US,2023-07-24,AFETR,,5255921,330730880,0 STARLINK-30160,1 57441U 23105M   26170.37521849  .00001921  00000-0  79347-4 0  9994,2 57441  43.0010  52.3732 0001231 266.1125  93.9586 15.27566061160896
3.0,GENERATED VIA SPACE-TRACK.ORG API,2026-06-19T17:59:21,18 SPCS,STARLINK-36650,2026-033R,EARTH,TEME,UTC,SGP4,2026-06-19 09:02:18.880224,15.27582184,0.00012764,43.0017,52.9596,268.5965,91.4740,0,U,67836,999,2022,0.00052320302000,0.00014164,0.0000000000000,6861.180,94.267,483.920,482.169,PAYLOAD,LARGE,US,2026-02-16,AFETR,,5255921,330739481,0 STARLINK-36650,1 67836U 26033R   26170.37660741  .00014164  00000-0  52320-3 0  9995,2 67836  43.0017  52.9596 0001276 268.5965  91.4740 15.27582184 20224
3.0,GENERATED VIA SPACE-TRACK.ORG API,2026-06-19T17:59:21,18 SPCS,STARLINK-32675,2024-229S,EARTH,TEME,UTC,SGP4,2026-06-19 09:03:27.603648,15.27601093,0.00007542,43.0009,56.3993,296.5482,63.5292,0,U,62208,999,8611,0.00111595770000,0.00030594,0.0000000000000,6861.123,94.265,483.505,482.470,PAYLOAD,LARGE,US,2024-12-04,AFETR,,5255921,330734353,0 STARLINK-32675,1 62208U 24229S   26170.37740282  .00030594  00000-0  11160-2 0  9998,2 62208  43.0009  56.3993 0000754 296.5482  63.5292 15.27601093 86110
3.0,GENERATED VIA SPACE-TRACK.ORG API,2026-06-19T17:59:21,18 SPCS,STARLINK-5780,2023-090BB,EARTH,TEME,UTC,SGP4,2026-06-19 09:07:00.770592,15.27606274,0.00011423,43.0048,56.0329,44.3030,315.7913,0,U,57150,999,16601,0.00108536760000,0.00029749,0.0000000000000,6861.107,94.265,483.756,482.189,PAYLOAD,LARGE,US,2023-06-23,AFETR,,5255921,330730782,0 STARLINK-5780,1 57150U 23090BB  26170.37987003  .00029749  00000-0  10854-2 0  9996,2 57150  43.0048  56.0329 0001142  44.3030 315.7913 15.27606274166019
3.0,GENERATED VIA SPACE-TRACK.ORG API,2026-06-19T17:59:21,18 SPCS,STARLINK-36144,2026-033J,EARTH,TEME,UTC,SGP4,2026-06-19 09:07:52.062816,15.27586282,0.00014079,43.0005,52.9907,267.2998,92.7693,0,U,67829,999,2022,0.00068947015000,0.00018763,0.0000000000000,6861.167,94.266,483.998,482.066,PAYLOAD,LARGE,US,2026-02-16,AFETR,,5255921,330739978,0 STARLINK-36144,1 67829U 26033J   26170.38046369  .00018763  00000-0  68947-3 0  9993,2 67829  43.0005  52.9907 0001408 267.2998  92.7693 15.27586282 20222
3.0,GENERATED VIA SPACE-TRACK.ORG API,2026-06-19T17:59:21,18 SPCS,STARLINK-4337,2022-077L,EARTH,TEME,UTC,SGP4,2026-06-19 09:08:57.580800,15.05619760,0.00017483,97.3401,349.2050,83.3250,276.8176,0,U,53053,999,21620,0.00061042658000,0.00008754,0.0000000000000,6927.741,95.642,550.817,548.395,PAYLOAD,LARGE,US,2022-07-11,AFWTR,,5255921,330727826,0 STARLINK-4337,1 53053U 22077L   26170.38122200  .00008754  00000-0  61043-3 0  9999,2 53053  97.3401 349.2050 0001748  83.3250 276.8176 15.05619760216204
3.0,GENERATED VIA SPACE-TRACK.ORG API,2026-06-19T17:59:21,18 SPCS,STARLINK-32665,2024-229M,EARTH,TEME,UTC,SGP4,2026-06-19 09:09:00.556416,15.27582793,0.00012265,43.0008,56.4288,271.4207,88.6504,0,U,62203,999,8611,0.00067131548000,0.00018258,0.0000000000000,6861.178,94.267,483.884,482.201,PAYLOAD,LARGE,US,2024-12-04,AFETR,,5255921,330734851,0 STARLINK-32665,1 62203U 24229M   26170.38125644  .00018258  00000-0  67132-3 0  9997,2 62203  43.0008  56.4288 0001226 271.4207  88.6504 15.27582793 86113
3.0,GENERATED VIA SPACE-TRACK.ORG API,2026-06-19T17:59:21,18 SPCS,STARLINK-36660,2026-033AD,EARTH,TEME,UTC,SGP4,2026-06-19 09:09:42.981408,15.27589094,0.00015021,42.9998,52.9988,271.5769,88.4911,0,U,67848,999,2022,0.00052669796000,0.00014264,0.0000000000000,6861.159,94.266,484.054,481.993,PAYLOAD,LARGE,US,2026-02-16,AFETR,,5255921,330739487,0 STARLINK-36660,1 67848U 26033AD  26170.38174747  .00014264  00000-0  52670-3 0  9994,2 67848  42.9998  52.9988 0001502 271.5769  88.4911 15.27589094 20229
3.0,GENERATED VIA SPACE-TRACK.ORG API,2026-06-19T17:59:21,18 SPCS,STARLINK-31857,2024-097J,EARTH,TEME,UTC,SGP4,2026-06-19 09:11:57.738624,15.27574117,0.00009576,43.0002,59.6879,266.2497,93.8245,0,U,59843,999,11747,0.00002709217900,0.00000484,0.0000000000000,6861.204,94.267,483.726,482.412,PAYLOAD,LARGE,US,2024-05-23,AFETR,,5255921,330732358,0 STARLINK-31857,1 59843U 24097J   26170.38330716  .00000484  00000-0  27092-4 0  9998,2 59843  43.0002  59.6879 0000958 266.2497  93.8245 15.27574117117473
3.0,GENERATED VIA SPACE-TRACK.ORG API,2026-06-19T17:59:21,18 SPCS,STARLINK-32950,2025-075U,EARTH,TEME,UTC,SGP4,2026-06-19 09:12:35.235360,15.27591459,0.00012743,43.0011,55.9606,270.8353,89.2353,0,U,63566,999,6748,0.00041954595000,0.00011305,0.0000000000000,6861.152,94.266,483.891,482.142,PAYLOAD,LARGE,US,2025-04-13,AFETR,,5255921,330735948,0 STARLINK-32950,1 63566U 25075U   26170.38374115  .00011305  00000-0  41955-3 0  9990,2 63566  43.0011  55.9606 0001274 270.8353  89.2353 15.27591459 67483
3.0,GENERATED VIA SPACE-TRACK.ORG API,2026-06-19T17:59:21,18 SPCS,STARLINK-35555,2025-259D,EARTH,TEME,UTC,SGP4,2026-06-19 09:13:53.753952,15.27604456,0.00008232,43.0002,60.0817,253.4826,106.5935,0,U,66425,999,3504,0.00065027251000,0.00017688,0.0000000000000,6861.113,94.265,483.543,482.413,PAYLOAD,LARGE,US,2025-11-11,AFETR,,5255921,330738806,0 STARLINK-35555,1 66425U 25259D   26170.38464993  .00017688  00000-0  65027-3 0  9991,2 66425  43.0002  60.0817 0000823 253.4826 106.5935 15.27604456 35040
3.0,GENERATED VIA SPACE-TRACK.ORG API,2026-06-19T17:59:21,18 SPCS,STARLINK-32688,2024-229B,EARTH,TEME,UTC,SGP4,2026-06-19 09:14:33.542016,15.27592245,0.00015868,42.9996,56.4619,265.6490,94.4181,0,U,62193,999,8611,0.00050567906000,0.00013684,0.0000000000000,6861.149,94.266,484.103,481.926,PAYLOAD,LARGE,US,2024-12-04,AFETR,,5255921,330734846,0 STARLINK-32688,1 62193U 24229B   26170.38511044  .00013684  00000-0  50568-3 0  9991,2 62193  42.9996  56.4619 0001587 265.6490  94.4181 15.27592245 86111
3.0,GENERATED VIA SPACE-TRACK.ORG API,2026-06-19T17:59:21,18 SPCS,STARLINK-36670,2026-033H,EARTH,TEME,UTC,SGP4,2026-06-19 09:15:17.232768,15.27578221,0.00017307,43.0024,53.0325,266.1399,93.9254,0,U,67828,999,2022,0.00096310529000,0.00026334,0.0000000000000,6861.191,94.267,484.244,481.869,PAYLOAD,LARGE,US,2026-02-16,AFETR,,5255921,330739477,0 STARLINK-36670,1 67828U 26033H   26170.38561612  .00026334  00000-0  96311-3 0  9994,2 67828  43.0024  53.0325 0001731 266.1399  93.9254 15.27578221 20220
3.0,GENERATED VIA SPACE-TRACK.ORG API,2026-06-19T17:59:21,18 SPCS,STARLINK-34681,2025-259S,EARTH,TEME,UTC,SGP4,2026-06-19 09:15:45.408672,15.27585291,0.00014006,43.0024,60.0839,273.7559,86.3133,0,U,66438,999,3493,0.00059067547000,0.00016030,0.0000000000000,6861.170,94.266,483.996,482.074,PAYLOAD,LARGE,US,2025-11-11,AFETR,,5255921,330738312,0 STARLINK-34681,1 66438U 25259S   26170.38594223  .00016030  00000-0  59068-3 0  9993,2 66438  43.0024  60.0839 0001401 273.7559  86.3133 15.27585291 34930
3.0,GENERATED VIA SPACE-TRACK.ORG API,2026-06-19T17:59:21,18 SPCS,STARLINK-36649,2026-033S,EARTH,TEME,UTC,SGP4,2026-06-19 09:17:06.864000,15.27568307,0.00015899,43.0036,53.0355,279.9615,80.1057,0,U,67837,999,2022,0.00096489988000,0.00026375,0.0000000000000,6861.221,94.267,484.177,481.995,PAYLOAD,LARGE,US,2026-02-16,AFETR,,5255921,330739982,0 STARLINK-36649,1 67837U 26033S   26170.38688500  .00026375  00000-0  96490-3 0  9993,2 67837  43.0036  53.0355 0001590 279.9615  80.1057 15.27568307 20225
3.0,GENERATED VIA SPACE-TRACK.ORG API,2026-06-19T17:59:21,18 SPCS,STARLINK-31922,2024-097M,EARTH,TEME,UTC,SGP4,2026-06-19 09:17:31.118208,15.27559881,0.00008905,43.0003,59.7189,268.0100,92.0650,0,U,59846,999,11747,0.00011443498000,0.00002886,0.0000000000000,6861.246,94.268,483.722,482.500,PAYLOAD,LARGE,US,2024-05-23,AFETR,,5255921,330732860,0 STARLINK-31922,1 59846U 24097M   26170.38716572  .00002886  00000-0  11443-3 0  9999,2 59846  43.0003  59.7189 0000890 268.0100  92.0650 15.27559881117470
3.0,GENERATED VIA SPACE-TRACK.ORG API,2026-06-19T17:59:21,18 SPCS,STARLINK-31902,2024-084N,EARTH,TEME,UTC,SGP4,2026-06-19 09:18:49.660992,15.27533367,0.00016469,43.0012,187.7129,286.6628,73.4043,0,U,59666,999,11992,0.00035277737000,0.00009444,0.0000000000000,6861.326,94.270,484.321,482.061,PAYLOAD,LARGE,US,2024-05-06,AFETR,,5255921,330732788,0 STARLINK-31902,1 59666U 24084N   26170.38807478  .00009444  00000-0  35278-3 0  9990,2 59666  43.0012 187.7129 0001647 286.6628  73.4043 15.27533367119920
3.0,GENERATED VIA SPACE-TRACK.ORG API,2026-06-19T17:59:21,18 SPCS,STARLINK-35588,2025-259C,EARTH,TEME,UTC,SGP4,2026-06-19 09:19:26.218560,15.27686565,0.00018734,43.0072,60.1161,286.4340,73.6305,0,U,66424,999,3504,0.00410084720000,0.00114726,0.0000000000000,6860.867,94.260,484.017,481.447,PAYLOAD,LARGE,US,2025-11-11,AFETR,,5255921,330738305,0 STARLINK-35588,1 66424U 25259C   26170.38849790  .00114726  00000-0  41008-2 0  9995,2 66424  43.0072  60.1161 0001873 286.4340  73.6305 15.27686565 35048
3.0,GENERATED VIA SPACE-TRACK.ORG API,2026-06-19T17:59:21,18 SPCS,STARLINK-32928,2025-075S,EARTH,TEME,UTC,SGP4,2026-06-19 09:20:00.335328,15.27600219,0.00018724,42.9966,56.0661,263.9461,96.1177,0,U,63564,999,6749,0.00079717132000,0.00021753,0.0000000000000,6861.126,94.266,484.275,481.706,PAYLOAD,LARGE,US,2025-04-13,AFETR,,5255921,330735947,0 STARLINK-32928,1 63564U 25075S   26170.38889277  .00021753  00000-0  79717-3 0  9993,2 63564  42.9966  56.0661 0001872 263.9461  96.1177 15.27600219 67495
3.0,GENERATED VIA SPACE-TRACK.ORG API,2026-06-19T17:59:21,18 SPCS,STARLINK-31855,2024-097D,EARTH,TEME,UTC,SGP4,2026-06-19 09:21:12.821472,15.27567215,0.00016115,43.0004,59.7365,276.6869,83.3799,0,U,59838,999,11747,0.00099468204000,0.00027200,0.0000000000000,6861.224,94.268,484.195,481.984,PAYLOAD,LARGE,US,2024-05-23,AFETR,,5255921,330732356,0 STARLINK-31855,1 59838U 24097D   26170.38973173  .00027200  00000-0  99468-3 0  9992,2 59838  43.0004  59.7365 0001611 276.6869  83.3799 15.27567215117474
3.0,GENERATED VIA SPACE-TRACK.ORG API,2026-06-19T17:59:21,18 SPCS,STARLINK-30125,2023-067P,EARTH,TEME,UTC,SGP4,2026-06-19 09:21:58.913280,15.27675136,0.00029591,43.0013,56.7332,271.4726,88.5787,0,U,56701,999,17125,-0.00053550887000,-0.00015014,0.0000000000000,6860.901,94.261,484.796,480.736,PAYLOAD,LARGE,US,2023-05-19,AFETR,,5255921,330729634,0 STARLINK-30125,1 56701U 23067P   26170.39026520 -.00015014  00000-0 -53551-3 0  9995,2 56701  43.0013  56.7332 0002959 271.4726  88.5787 15.27675136171254
3.0,GENERATED VIA SPACE-TRACK.ORG API,2026-06-20T02:24:28,18 SPCS,STARLINK-35618,2025-259B,EARTH,TEME,UTC,SGP4,2026-06-19 09:23:09.391488,15.27586943,0.00015286,43.0017,60.1349,261.9120,98.1558,0,U,66423,999,3504,0.00060028853000,0.00016297,0.0000000000000,6861.165,94.266,484.079,481.982,PAYLOAD,LARGE,US,2025-11-11,AFETR,,5256419,330817626,0 STARLINK-35618,1 66423U 25259B   26170.39108092  .00016297  00000-0  60029-3 0  9997,2 66423  43.0017  60.1349 0001529 261.9120  98.1558 15.27586943 35047
3.0,GENERATED VIA SPACE-TRACK.ORG API,2026-06-19T17:59:21,18 SPCS,STARLINK-35474,2025-259R,EARTH,TEME,UTC,SGP4,2026-06-19 09:25:00.600384,15.27605714,0.00029128,43.0023,60.1372,260.0302,100.0221,0,U,66437,999,3504,0.00062709976000,0.00017049,0.0000000000000,6861.109,94.265,484.973,480.976,PAYLOAD,LARGE,US,2025-11-11,AFETR,,5255921,330738812,0 STARLINK-35474,1 66437U 25259R   26170.39236806  .00017049  00000-0  62710-3 0  9992,2 66437  43.0023  60.1372 0002913 260.0302 100.0221 15.27605714 35043
3.0,GENERATED VIA SPACE-TRACK.ORG API,2026-06-19T17:59:21,18 SPCS,STARLINK-31947,2024-097A,EARTH,TEME,UTC,SGP4,2026-06-19 09:26:45.883968,15.27583675,0.00009505,43.0019,59.7778,279.0294,81.0450,0,U,59835,999,11747,0.00006334185600,0.00001482,0.0000000000000,6861.175,94.267,483.692,482.388,PAYLOAD,LARGE,US,2024-05-23,AFETR,,5255921,330732855,0 STARLINK-31947,1 59835U 24097A   26170.39358662  .00001482  00000-0  63342-4 0  9997,2 59835  43.0019  59.7778 0000951 279.0294  81.0450 15.27583675117477
3.0,GENERATED VIA SPACE-TRACK.ORG API,2026-06-19T17:59:21,18 SPCS,STARLINK-31934,2024-098V,EARTH,TEME,UTC,SGP4,2026-06-19 09:28:37.159392,15.27589220,0.00019172,43.0063,59.8980,278.1748,81.8887,0,U,59877,999,11744,0.00002685359600,0.00000477,0.0000000000000,6861.158,94.266,484.339,481.708,PAYLOAD,LARGE,US,2024-05-24,AFETR,,5255921,330732874,0 STARLINK-31934,1 59877U 24098V   26170.39487453  .00000477  00000-0  26854-4 0  9995,2 59877  43.0063  59.8980 0001917 278.1748  81.8887 15.27589220117446
3.0,GENERATED VIA SPACE-TRACK.ORG API,2026-06-19T17:59:21,18 SPCS,STARLINK-35617,2025-259A,EARTH,TEME,UTC,SGP4,2026-06-19 09:30:33.613632,15.27585769,0.00013341,43.0001,60.1751,269.3619,90.7080,0,U,66422,999,3504,0.00058009921000,0.00015738,0.0000000000000,6861.169,94.266,483.949,482.118,PAYLOAD,LARGE,US,2025-11-11,AFETR,,5255921,330738304,0 STARLINK-35617,1 66422U 25259A   26170.39622238  .00015738  00000-0  58010-3 0  9995,2 66422  43.0001  60.1751 0001334 269.3619  90.7080 15.27585769 35048
3.0,GENERATED VIA SPACE-TRACK.ORG API,2026-06-19T17:59:21,18 SPCS,STARLINK-32778,2025-008S,EARTH,TEME,UTC,SGP4,2026-06-19 09:31:48.418752,15.27584975,0.00014281,43.0007,64.0176,276.7795,83.2895,0,U,62603,999,8111,0.00051782787000,0.00014017,0.0000000000000,6861.171,94.266,484.016,482.056,PAYLOAD,LARGE,US,2025-01-13,AFETR,,5255921,330735014,0 STARLINK-32778,1 62603U 25008S   26170.39708818  .00014017  00000-0  51783-3 0  9992,2 62603  43.0007  64.0176 0001428 276.7795  83.2895 15.27584975 81114
3.0,GENERATED VIA SPACE-TRACK.ORG API,2026-06-19T17:59:21,18 SPCS,STARLINK-31851,2024-097K,EARTH,TEME,UTC,SGP4,2026-06-19 09:32:18.827232,15.27577577,0.00011332,43.0043,59.8057,274.0447,86.0275,0,U,59844,999,11747,0.00001904320700,0.00000262,0.0000000000000,6861.193,94.267,483.836,482.281,PAYLOAD,LARGE,US,2024-05-23,AFETR,,5255921,330732859,0 STARLINK-31851,1 59844U 24097K   26170.39744013  .00000262  00000-0  19043-4 0  9990,2 59844  43.0043  59.8057 0001133 274.0447  86.0275 15.27577577117477
3.0,GENERATED VIA SPACE-TRACK.ORG API,2026-06-19T17:59:21,18 SPCS,STARLINK-35334,2025-259AE,EARTH,TEME,UTC,SGP4,2026-06-19 09:34:15.186432,15.27567125,0.00016479,43.0017,60.1799,263.3093,96.7571,0,U,66450,999,3504,0.00060280596000,0.00016356,0.0000000000000,6861.225,94.268,484.220,481.959,PAYLOAD,LARGE,US,2025-11-11,AFETR,,5255921,330738318,0 STARLINK-35334,1 66450U 25259AE  26170.39878688  .00016356  00000-0  60281-3 0  9998,2 66450  43.0017  60.1799 0001648 263.3093  96.7571 15.27567125 35043
3.0,GENERATED VIA SPACE-TRACK.ORG API,2026-06-19T17:59:21,18 SPCS,STARLINK-34986,2025-259AA,EARTH,TEME,UTC,SGP4,2026-06-19 09:36:06.359040,15.27564890,0.00013798,43.0016,60.1919,264.5478,95.5216,0,U,66446,999,3504,0.00066834947000,0.00018166,0.0000000000000,6861.231,94.268,484.043,482.150,PAYLOAD,LARGE,US,2025-11-11,AFETR,,5255921,330738316,0 STARLINK-34986,1 66446U 25259AA  26170.40007360  .00018166  00000-0  66835-3 0  9998,2 66446  43.0016  60.1919 0001380 264.5478  95.5216 15.27564890 35043
3.0,GENERATED VIA SPACE-TRACK.ORG API,2026-06-19T17:59:21,18 SPCS,STARLINK-32710,2025-008T,EARTH,TEME,UTC,SGP4,2026-06-19 09:37:08.472000,15.27595143,0.00010720,42.9990,63.1772,269.3312,90.7417,0,U,62604,999,8112,0.00061202800000,0.00016625,0.0000000000000,6861.141,94.266,483.741,482.270,PAYLOAD,LARGE,US,2025-01-13,AFETR,,5255921,330734514,0 STARLINK-32710,1 62604U 25008T   26170.40079250  .00016625  00000-0  61203-3 0  9991,2 62604  42.9990  63.1772 0001072 269.3312  90.7417 15.27595143 81127
3.0,GENERATED VIA SPACE-TRACK.ORG API,2026-06-19T17:59:21,18 SPCS,STARLINK-31895,2024-097Q,EARTH,TEME,UTC,SGP4,2026-06-19 09:37:51.878496,15.27582504,0.00014729,43.0040,59.8306,268.0522,92.0161,0,U,59849,999,11747,0.00024077208000,0.00006370,0.0000000000000,6861.179,94.267,484.054,482.033,PAYLOAD,LARGE,US,2024-05-23,AFETR,,5255921,330732361,0 STARLINK-31895,1 59849U 24097Q   26170.40129489  .00006370  00000-0  24077-3 0  9999,2 59849  43.0040  59.8306 0001473 268.0522  92.0161 15.27582504117477
3.0,GENERATED VIA SPACE-TRACK.ORG API,2026-06-19T17:59:21,18 SPCS,STARLINK-35833,2025-265AC,EARTH,TEME,UTC,SGP4,2026-06-19 09:39:11.240352,15.27587318,0.00014464,43.0013,63.9855,266.0127,94.0559,0,U,66542,999,3266,0.00049774115000,0.00013463,0.0000000000000,6861.164,94.266,484.022,482.037,PAYLOAD,LARGE,US,2025-11-19,AFETR,,5255921,330738863,0 STARLINK-35833,1 66542U 25265AC  26170.40221343  .00013463  00000-0  49774-3 0  9999,2 66542  43.0013  63.9855 0001446 266.0127  94.0559 15.27587318 32667
3.0,GENERATED VIA SPACE-TRACK.ORG API,2026-06-19T17:59:21,18 SPCS,STARLINK-34720,2025-259AD,EARTH,TEME,UTC,SGP4,2026-06-19 09:39:48.501216,15.27595593,0.00008633,42.9994,60.2096,289.7928,70.2830,0,U,66449,999,3493,0.00072932971000,0.00019871,0.0000000000000,6861.139,94.266,483.597,482.412,PAYLOAD,LARGE,US,2025-11-11,AFETR,,5255921,330738818,0 STARLINK-34720,1 66449U 25259AD  26170.40264469  .00019871  00000-0  72933-3 0  9996,2 66449  42.9994  60.2096 0000863 289.7928  70.2830 15.27595593 34933
3.0,GENERATED VIA SPACE-TRACK.ORG API,2026-06-19T17:59:21,18 SPCS,STARLINK-30071,2023-067W,EARTH,TEME,UTC,SGP4,2026-06-19 09:41:39.489792,15.27576399,0.00016288,43.0044,60.2329,266.2939,93.7727,0,U,56708,999,17121,0.00003816797100,0.00000788,0.0000000000000,6861.197,94.267,484.179,481.944,PAYLOAD,LARGE,US,2023-05-19,AFETR,,5255921,330730138,0 STARLINK-30071,1 56708U 23067W   26170.40392928  .00000788  00000-0  38168-4 0  9990,2 56708  43.0044  60.2329 0001629 266.2939  93.7727 15.27576399171211
3.0,GENERATED VIA SPACE-TRACK.ORG API,2026-06-19T17:59:21,18 SPCS,STARLINK-32624,2024-207Q,EARTH,TEME,UTC,SGP4,2026-06-19 09:42:02.234592,15.27591610,0.00009708,43.0000,66.8248,264.9723,95.1017,0,U,61926,999,9028,0.00051299952000,0.00013886,0.0000000000000,6861.151,94.266,483.682,482.350,PAYLOAD,LARGE,US,2024-11-11,AFETR,,5255921,330734221,0 STARLINK-32624,1 61926U 24207Q   26170.40419253  .00013886  00000-0  51300-3 0  9991,2 61926  43.0000  66.8248 0000971 264.9723  95.1017 15.27591610 90286
3.0,GENERATED VIA SPACE-TRACK.ORG API,2026-06-19T17:59:21,18 SPCS,STARLINK-31899,2024-097R,EARTH,TEME,UTC,SGP4,2026-06-19 09:43:24.612672,15.27582018,0.00009160,43.0022,59.8592,274.9924,85.0824,0,U,59850,999,11747,0.00003985284400,0.00000835,0.0000000000000,6861.180,94.267,483.674,482.417,PAYLOAD,LARGE,US,2024-05-23,AFETR,,5255921,330732862,0 STARLINK-31899,1 59850U 24097R   26170.40514598  .00000835  00000-0  39853-4 0  9999,2 59850  43.0022  59.8592 0000916 274.9924  85.0824 15.27582018117477
3.0,GENERATED VIA SPACE-TRACK.ORG API,2026-06-19T17:59:21,18 SPCS,STARLINK-6167,2023-090AB,EARTH,TEME,UTC,SGP4,2026-06-19 09:44:03.477984,15.27576861,0.00010326,43.0026,67.5192,224.0870,135.9900,0,U,57126,999,16588,0.00002040996100,0.00000300,0.0000000000000,6861.195,94.267,483.769,482.352,PAYLOAD,LARGE,US,2023-06-23,AFETR,,5255921,330730270,0 STARLINK-6167,1 57126U 23090AB  26170.40559581  .00000300  00000-0  20410-4 0  9992,2 57126  43.0026  67.5192 0001033 224.0870 135.9900 15.27576861165881
3.0,GENERATED VIA SPACE-TRACK.ORG API,2026-06-19T17:59:21,18 SPCS,STARLINK-30122,2023-067A,EARTH,TEME,UTC,SGP4,2026-06-19 09:44:37.835808,15.27577496,0.00011885,43.0028,63.6193,285.3772,74.6948,0,U,56688,999,17124,0.00000404191600,-0.00000151,0.0000000000000,6861.194,94.267,483.874,482.243,PAYLOAD,LARGE,US,2023-05-19,AFETR,,5255921,330730129,0 STARLINK-30122,1 56688U 23067A   26170.40599347 -.00000151  00000-0  40419-5 0  9999,2 56688  43.0028  63.6193 0001188 285.3772  74.6948 15.27577496171248
3.0,GENERATED VIA SPACE-TRACK.ORG API,2026-06-19T17:59:21,18 SPCS,STARLINK-35960,2025-265R,EARTH,TEME,UTC,SGP4,2026-06-19 09:46:23.121120,15.27577082,0.00012037,43.0025,63.1631,269.5226,90.5487,0,U,66531,999,3267,0.00052457347000,0.00014199,0.0000000000000,6861.195,94.267,483.886,482.234,PAYLOAD,LARGE,US,2025-11-19,AFETR,,5255921,330738357,0 STARLINK-35960,1 66531U 25265R   26170.40721205  .00014199  00000-0  52457-3 0  9998,2 66531  43.0025  63.1631 0001204 269.5226  90.5487 15.27577082 32671
3.0,GENERATED VIA SPACE-TRACK.ORG API,2026-06-19T17:59:21,18 SPCS,STARLINK-30117,2023-067Q,EARTH,TEME,UTC,SGP4,2026-06-19 09:48:19.622880,15.27569021,0.00012665,43.0039,63.6086,272.3125,87.7582,0,U,56702,999,17117,0.00007443841000,0.00001786,0.0000000000000,6861.219,94.267,483.953,482.215,PAYLOAD,LARGE,US,2023-05-19,AFETR,,5255921,330730135,0 STARLINK-30117,1 56702U 23067Q   26170.40856045  .00001786  00000-0  74438-4 0  9998,2 56702  43.0039  63.6086 0001267 272.3125  87.7582 15.27569021171170
3.0,GENERATED VIA SPACE-TRACK.ORG API,2026-06-20T02:24:28,18 SPCS,STARLINK-32460,2024-207C,EARTH,TEME,UTC,SGP4,2026-06-19 09:49:25.098528,15.27555844,0.00014551,43.0010,66.8671,274.0351,86.0334,0,U,61914,999,9028,0.00068018613000,0.00018488,0.0000000000000,6861.258,94.268,484.122,482.125,PAYLOAD,LARGE,US,2024-11-11,AFETR,,5256419,330813036,0 STARLINK-32460,1 61914U 24207C   26170.40931827  .00018488  00000-0  68019-3 0  9992,2 61914  43.0010  66.8671 0001455 274.0351  86.0334 15.27555844 90281
3.0,GENERATED VIA SPACE-TRACK.ORG API,2026-06-20T02:24:28,18 SPCS,STARLINK-32547,2024-207H,EARTH,TEME,UTC,SGP4,2026-06-19 09:51:17.224992,15.27589370,0.00011278,43.0009,66.8760,274.2579,85.8143,0,U,61919,999,9027,0.00057849759000,0.00015695,0.0000000000000,6861.158,94.266,483.797,482.249,PAYLOAD,LARGE,US,2024-11-11,AFETR,,5256419,330812539,0 STARLINK-32547,1 61919U 24207H   26170.41061603  .00015695  00000-0  57850-3 0  9992,2 61919  43.0009  66.8760 0001128 274.2579  85.8143 15.27589370 90279
3.0,GENERATED VIA SPACE-TRACK.ORG API,2026-06-19T17:59:21,18 SPCS,STARLINK-32622,2024-207R,EARTH,TEME,UTC,SGP4,2026-06-19 09:53:08.002752,15.27592540,0.00016268,43.0006,66.8851,268.4348,91.6317,0,U,61927,999,9028,0.00044657428000,0.00012051,0.0000000000000,6861.149,94.266,484.130,481.897,PAYLOAD,LARGE,US,2024-11-11,AFETR,,5255921,330733721,0 STARLINK-32622,1 61927U 24207R   26170.41189818  .00012051  00000-0  44657-3 0  9994,2 61927  43.0006  66.8851 0001627 268.4348  91.6317 15.27592540 90281
3.0,GENERATED VIA SPACE-TRACK.ORG API,2026-06-19T17:59:21,18 SPCS,STARLINK-35924,2025-265A,EARTH,TEME,UTC,SGP4,2026-06-19 09:53:46.498272,15.27603822,0.00012805,43.0026,63.2052,262.1441,97.9266,0,U,66516,999,3267,0.00064321372000,0.00017493,0.0000000000000,6861.115,94.265,483.858,482.101,PAYLOAD,LARGE,US,2025-11-19,AFETR,,5255921,330738850,0 STARLINK-35924,1 66516U 25265A   26170.41234373  .00017493  00000-0  64321-3 0  9990,2 66516  43.0026  63.2052 0001280 262.1441  97.9266 15.27603822 32673
3.0,GENERATED VIA SPACE-TRACK.ORG API,2026-06-19T17:59:21,18 SPCS,STARLINK-6152,2023-090W,EARTH,TEME,UTC,SGP4,2026-06-19 09:54:57.008448,15.27576652,0.00008697,43.0018,66.7348,247.1781,112.8979,0,U,57121,999,16570,0.00001883702900,0.00000256,0.0000000000000,6861.196,94.267,483.658,482.464,PAYLOAD,LARGE,US,2023-06-23,AFETR,,5255921,330730768,0 STARLINK-6152,1 57121U 23090W   26170.41315982  .00000256  00000-0  18837-4 0  9993,2 57121  43.0018  66.7348 0000870 247.1781 112.8979 15.27576652165705
3.0,GENERATED VIA SPACE-TRACK.ORG API,2026-06-19T17:59:21,18 SPCS,STARLINK-31651,2024-098C,EARTH,TEME,UTC,SGP4,2026-06-19 09:55:41.282400,15.27584319,0.00009987,43.0056,63.5061,288.8048,71.2696,0,U,59860,999,11740,0.00001850000200,0.00000247,0.0000000000000,6861.173,94.266,483.723,482.353,PAYLOAD,LARGE,US,2024-05-24,AFETR,,5255921,330732366,0 STARLINK-31651,1 59860U 24098C   26170.41367225  .00000247  00000-0  18500-4 0  9998,2 59860  43.0056  63.5061 0000999 288.8048  71.2696 15.27584319117403
3.0,GENERATED VIA SPACE-TRACK.ORG API,2026-06-19T17:59:21,18 SPCS,STARLINK-30877,2023-171N,EARTH,TEME,UTC,SGP4,2026-06-19 09:58:03.055296,15.27579600,0.00013315,43.0011,70.5985,267.5557,92.5142,0,U,58242,999,14529,0.00000376575500,-0.00000158,0.0000000000000,6861.187,94.267,483.966,482.139,PAYLOAD,LARGE,US,2023-11-08,AFETR,,5255921,330730718,0 STARLINK-30877,1 58242U 23171N   26170.41531314 -.00000158  00000-0  37658-5 0  9992,2 58242  43.0011  70.5985 0001331 267.5557  92.5142 15.27579600145297
3.0,GENERATED VIA SPACE-TRACK.ORG API,2026-06-19T17:59:21,18 SPCS,STARLINK-6148,2023-090S,EARTH,TEME,UTC,SGP4,2026-06-19 09:58:38.347968,15.27567551,0.00017044,43.0026,66.7541,269.5273,90.5383,0,U,57117,999,16588,-0.00007882449700,-0.00002430,0.0000000000000,6861.223,94.268,484.258,481.919,PAYLOAD,LARGE,US,2023-06-23,AFETR,,5255921,330730266,0 STARLINK-6148,1 57117U 23090S   26170.41572162 -.00002430  00000-0 -78824-4 0  9993,2 57117  43.0026  66.7541 0001704 269.5273  90.5383 15.27567551165883
3.0,GENERATED VIA SPACE-TRACK.ORG API,2026-06-19T17:59:21,18 SPCS,STARLINK-30444,2023-144H,EARTH,TEME,UTC,SGP4,2026-06-19 09:59:58.113312,15.27596505,0.00011884,43.0017,70.8412,283.6255,76.4464,0,U,57871,999,15291,0.00076291043000,0.00020801,0.0000000000000,6861.137,94.266,483.817,482.186,PAYLOAD,LARGE,US,2023-09-16,AFETR,,5255921,330731055,0 STARLINK-30444,1 57871U 23144H   26170.41664483  .00020801  00000-0  76291-3 0  9993,2 57871  43.0017  70.8412 0001188 283.6255  76.4464 15.27596505152910
3.0,GENERATED VIA SPACE-TRACK.ORG API,2026-06-19T17:59:21,18 SPCS,STARLINK-6163,2023-090AD,EARTH,TEME,UTC,SGP4,2026-06-19 10:00:29.918880,15.27579043,0.00009826,43.0023,66.7550,260.0848,99.9893,0,U,57128,999,16570,0.00002944412200,0.00000548,0.0000000000000,6861.189,94.267,483.728,482.380,PAYLOAD,LARGE,US,2023-06-23,AFETR,,5255921,330730271,0 STARLINK-6163,1 57128U 23090AD  26170.41701295  .00000548  00000-0  29444-4 0  9996,2 57128  43.0023  66.7550 0000983 260.0848  99.9893 15.27579043165703
3.0,GENERATED VIA SPACE-TRACK.ORG API,2026-06-19T17:59:21,18 SPCS,STARLINK-6131,2023-090G,EARTH,TEME,UTC,SGP4,2026-06-19 10:02:21.192576,15.27575212,0.00011378,43.0045,66.7712,265.5170,94.5552,0,U,57107,999,16589,-0.00000620753400,-0.00000433,0.0000000000000,6861.200,94.267,483.846,482.285,PAYLOAD,LARGE,US,2023-06-23,AFETR,,5255921,330730261,0 STARLINK-6131,1 57107U 23090G   26170.41830084 -.00000433  00000-0 -62075-5 0  9995,2 57107  43.0045  66.7712 0001138 265.5170  94.5552 15.27575212165892
3.0,GENERATED VIA SPACE-TRACK.ORG API,2026-06-19T17:59:21,18 SPCS,STARLINK-30866,2023-171H,EARTH,TEME,UTC,SGP4,2026-06-19 10:03:36.024480,15.27579157,0.00008831,43.0050,70.6328,278.6072,81.4680,0,U,58237,999,14529,0.00004559751500,0.00000993,0.0000000000000,6861.189,94.267,483.660,482.448,PAYLOAD,LARGE,US,2023-11-08,AFETR,,5255921,330731216,0 STARLINK-30866,1 58237U 23171H   26170.41916695  .00000993  00000-0  45598-4 0  9992,2 58237  43.0050  70.6328 0000883 278.6072  81.4680 15.27579157145293
3.0,GENERATED VIA SPACE-TRACK.ORG API,2026-06-19T17:59:21,18 SPCS,STARLINK-30848,2023-171L,EARTH,TEME,UTC,SGP4,2026-06-19 10:05:24.483264,15.27669291,0.00009902,43.0011,70.6367,269.0727,91.0012,0,U,58240,999,14529,-0.00024719906000,-0.00007077,0.0000000000000,6860.919,94.261,483.463,482.104,PAYLOAD,LARGE,US,2023-11-08,AFETR,,5255921,330730717,0 STARLINK-30848,1 58240U 23171L   26170.42042226 -.00007077  00000-0 -24720-3 0  9992,2 58240  43.0011  70.6367 0000990 269.0727  91.0012 15.27669291145292
3.0,GENERATED VIA SPACE-TRACK.ORG API,2026-06-19T17:59:21,18 SPCS,STARLINK-6172,2023-090AF,EARTH,TEME,UTC,SGP4,2026-06-19 10:06:02.920032,15.27576017,0.00006201,43.0024,66.7898,265.5775,94.5006,0,U,57130,999,16570,0.00000880752400,-0.00000019,0.0000000000000,6861.198,94.267,483.488,482.638,PAYLOAD,LARGE,US,2023-06-23,AFETR,,5255921,330730272,0 STARLINK-6172,1 57130U 23090AF  26170.42086713 -.00000019  00000-0  88075-5 0  9991,2 57130  43.0024  66.7898 0000620 265.5775  94.5006 15.27576017165704
3.0,GENERATED VIA SPACE-TRACK.ORG API,2026-06-19T17:59:21,18 SPCS,STARLINK-30850,2023-171T,EARTH,TEME,UTC,SGP4,2026-06-19 10:07:17.494464,15.27550212,0.00009258,43.0045,70.6506,280.8316,79.2431,0,U,58247,999,14529,0.00018919473000,0.00004943,0.0000000000000,6861.275,94.269,483.776,482.505,PAYLOAD,LARGE,US,2023-11-08,AFETR,,5255921,330731221,0 STARLINK-30850,1 58247U 23171T   26170.42173026  .00004943  00000-0  18919-3 0  9992,2 58247  43.0045  70.6506 0000926 280.8316  79.2431 15.27550212145290
3.0,GENERATED VIA SPACE-TRACK.ORG API,2026-06-19T17:59:21,18 SPCS,STARLINK-6142,2023-090N,EARTH,TEME,UTC,SGP4,2026-06-19 10:07:54.005376,15.27576486,0.00014139,43.0061,66.7999,265.1300,94.9391,0,U,57113,999,16589,0.00000637642300,-0.00000087,0.0000000000000,6861.197,94.267,484.032,482.092,PAYLOAD,LARGE,US,2023-06-23,AFETR,,5255921,330730264,0 STARLINK-6142,1 57113U 23090N   26170.42215284 -.00000087  00000-0  63764-5 0  9992,2 57113  43.0061  66.7999 0001414 265.1300  94.9391 15.27576486165891
3.0,GENERATED VIA SPACE-TRACK.ORG API,2026-06-19T17:59:21,18 SPCS,STARLINK-30434,2023-144M,EARTH,TEME,UTC,SGP4,2026-06-19 10:11:03.146208,15.27588401,0.00006275,43.0018,70.8984,284.4775,75.6007,0,U,57875,999,15320,-0.00006065376900,-0.00001931,0.0000000000000,6861.161,94.266,483.456,482.595,PAYLOAD,LARGE,US,2023-09-16,AFETR,,5255921,330731057,0 STARLINK-30434,1 57875U 23144M   26170.42434197 -.00001931  00000-0 -60654-4 0  9997,2 57875  43.0018  70.8984 0000627 284.4775  75.6007 15.27588401153205
3.0,GENERATED VIA SPACE-TRACK.ORG API,2026-06-19T17:59:21,18 SPCS,STARLINK-5665,2023-013AG,EARTH,TEME,UTC,SGP4,2026-06-19 10:12:08.096544,15.27577672,0.00008925,43.0030,74.0468,243.9843,116.0917,0,U,55361,999,18740,0.00001780089000,0.00000228,0.0000000000000,6861.193,94.267,483.670,482.446,PAYLOAD,LARGE,US,2023-01-26,AFETR,,5255921,330729115,0 STARLINK-5665,1 55361U 23013AG  26170.42509371  .00000228  00000-0  17801-4 0  9999,2 55361  43.0030  74.0468 0000892 243.9843 116.0917 15.27577672187407
3.0,GENERATED VIA SPACE-TRACK.ORG API,2026-06-19T17:59:21,18 SPCS,STARLINK-31546,2024-068R,EARTH,TEME,UTC,SGP4,2026-06-19 10:12:26.468640,15.27590915,0.00012733,43.0028,176.3558,279.2501,80.8207,0,U,59470,999,12412,0.00004866974000,0.00001078,0.0000000000000,6861.153,94.266,483.892,482.145,PAYLOAD,LARGE,US,2024-04-10,AFETR,,5255921,330731708,0 STARLINK-31546,1 59470U 24068R   26170.42530635  .00001078  00000-0  48670-4 0  9994,2 59470  43.0028 176.3558 0001273 279.2501  80.8207 15.27590915124127
3.0,GENERATED VIA SPACE-TRACK.ORG API,2026-06-19T17:59:21,18 SPCS,STARLINK-30849,2023-171R,EARTH,TEME,UTC,SGP4,2026-06-19 10:12:51.359616,15.27579832,0.00011932,43.0044,70.6819,262.7479,97.3237,0,U,58245,999,14529,0.00004115107100,0.00000870,0.0000000000000,6861.187,94.267,483.870,482.233,PAYLOAD,LARGE,US,2023-11-08,AFETR,,5255921,330731220,0 STARLINK-30849,1 58245U 23171R   26170.42559444  .00000870  00000-0  41151-4 0  9992,2 58245  43.0044  70.6819 0001193 262.7479  97.3237 15.27579832145294
3.0,GENERATED VIA SPACE-TRACK.ORG API,2026-06-19T17:59:21,18 SPCS,STARLINK-30823,2023-171U,EARTH,TEME,UTC,SGP4,2026-06-19 10:14:42.784512,15.27580670,0.00017373,43.0026,70.6928,269.2876,90.7777,0,U,58248,999,14529,0.00005455235400,0.00001239,0.0000000000000,6861.184,94.267,484.241,481.857,PAYLOAD,LARGE,US,2023-11-08,AFETR,,5255921,330730721,0 STARLINK-30823,1 58248U 23171U   26170.42688408  .00001239  00000-0  54552-4 0  9997,2 58248  43.0026  70.6928 0001737 269.2876  90.7777 15.27580670145293
3.0,GENERATED VIA SPACE-TRACK.ORG API,2026-06-19T17:59:21,18 SPCS,STARLINK-32729,2025-003L,EARTH,TEME,UTC,SGP4,2026-06-19 10:15:53.546976,15.27579243,0.00014085,42.9993,74.1837,260.1269,99.9424,0,U,62497,999,8223,0.00154993550000,0.00042635,0.0000000000000,6861.188,94.267,484.020,482.087,PAYLOAD,LARGE,US,2025-01-06,AFETR,,5255921,330734973,0 STARLINK-32729,1 62497U 25003L   26170.42770309  .00042635  00000-0  15499-2 0  9996,2 62497  42.9993  74.1837 0001409 260.1269  99.9424 15.27579243 82233
3.0,GENERATED VIA SPACE-TRACK.ORG API,2026-06-19T17:59:21,18 SPCS,STARLINK-30429,2023-144N,EARTH,TEME,UTC,SGP4,2026-06-19 10:16:36.215616,15.27586330,0.00011036,43.0037,70.9333,272.3454,87.7271,0,U,57876,999,15319,0.00000333551700,-0.00000170,0.0000000000000,6861.167,94.266,483.789,482.275,PAYLOAD,LARGE,US,2023-09-16,AFETR,,5255921,330730557,0 STARLINK-30429,1 57876U 23144N   26170.42819694 -.00000170  00000-0  33355-5 0  9999,2 57876  43.0037  70.9333 0001104 272.3454  87.7271 15.27586330153191
3.0,GENERATED VIA SPACE-TRACK.ORG API,2026-06-19T17:59:21,18 SPCS,STARLINK-32749,2025-003X,EARTH,TEME,UTC,SGP4,2026-06-19 10:21:24.172128,15.27604333,0.00011940,43.0000,74.2128,270.1605,89.9109,0,U,62508,999,8211,0.00058014377000,0.00015748,0.0000000000000,6861.113,94.265,483.797,482.159,PAYLOAD,LARGE,US,2025-01-06,AFETR,,5255921,330734478,0 STARLINK-32749,1 62508U 25003X   26170.43152977  .00015748  00000-0  58014-3 0  9991,2 62508  43.0000  74.2128 0001194 270.1605  89.9109 15.27604333 82112
3.0,GENERATED VIA SPACE-TRACK.ORG API,2026-06-19T17:59:21,18 SPCS,STARLINK-30854,2023-171Q,EARTH,TEME,UTC,SGP4,2026-06-19 10:23:57.139008,15.27574111,0.00012770,43.0073,70.7434,263.5340,96.5366,0,U,58244,999,14529,0.00003004367000,0.00000564,0.0000000000000,6861.204,94.267,483.945,482.193,PAYLOAD,LARGE,US,2023-11-08,AFETR,,5255921,330730719,0 STARLINK-30854,1 58244U 23171Q   26170.43330022  .00000564  00000-0  30044-4 0  9990,2 58244  43.0073  70.7434 0001277 263.5340  96.5366 15.27574111145297
3.0,GENERATED VIA SPACE-TRACK.ORG API,2026-06-19T17:59:21,18 SPCS,STARLINK-5531,2023-013BE,EARTH,TEME,UTC,SGP4,2026-06-19 10:26:56.176224,15.27577160,0.00008955,43.0034,74.1141,229.2999,130.7775,0,U,55383,999,18740,0.00000045375400,-0.00000249,0.0000000000000,6861.195,94.267,483.674,482.445,PAYLOAD,LARGE,US,2023-01-26,AFETR,,5255921,330728625,0 STARLINK-5531,1 55383U 23013BE  26170.43537241 -.00000249  00000-0  45375-6 0  9994,2 55383  43.0034  74.1141 0000895 229.2999 130.7775 15.27577160187403
3.0,GENERATED VIA SPACE-TRACK.ORG API,2026-06-19T17:59:21,18 SPCS,STARLINK-32766,2025-006W,EARTH,TEME,UTC,SGP4,2026-06-19 10:28:10.824960,15.27584773,0.00012937,42.9984,77.9481,256.6323,103.4384,0,U,62574,999,8042,0.00057494614000,0.00015595,0.0000000000000,6861.172,94.266,483.924,482.149,PAYLOAD,LARGE,US,2025-01-10,AFETR,,5255921,330734500,0 STARLINK-32766,1 62574U 25006W   26170.43623640  .00015595  00000-0  57495-3 0  9999,2 62574  42.9984  77.9481 0001294 256.6323 103.4384 15.27584773 80427
3.0,GENERATED VIA SPACE-TRACK.ORG API,2026-06-19T17:59:21,18 SPCS,STARLINK-32788,2025-003R,EARTH,TEME,UTC,SGP4,2026-06-19 10:30:39.842496,15.27588890,0.00015967,43.0001,74.2661,269.5729,90.4940,0,U,62502,999,8211,0.00045787836000,0.00012362,0.0000000000000,6861.159,94.266,484.120,481.929,PAYLOAD,LARGE,US,2025-01-06,AFETR,,5255921,330734475,0 STARLINK-32788,1 62502U 25003R   26170.43796114  .00012362  00000-0  45788-3 0  9995,2 62502  43.0001  74.2661 0001597 269.5729  90.4940 15.27588890 82114
3.0,GENERATED VIA SPACE-TRACK.ORG API,2026-06-19T17:59:21,18 SPCS,STARLINK-5655,2023-013F,EARTH,TEME,UTC,SGP4,2026-06-19 10:32:28.119840,15.27563856,0.00010151,43.0039,74.0643,257.5692,102.5046,0,U,55336,999,18740,0.00010489755000,0.00002624,0.0000000000000,6861.234,94.268,483.796,482.403,PAYLOAD,LARGE,US,2023-01-26,AFETR,,5255921,330728603,0 STARLINK-5655,1 55336U 23013F   26170.43921435  .00002624  00000-0  10490-3 0  9999,2 55336  43.0039  74.0643 0001015 257.5692 102.5046 15.27563856187406
3.0,GENERATED VIA SPACE-TRACK.ORG API,2026-06-19T17:59:21,18 SPCS,STARLINK-31768,2024-080R,EARTH,TEME,UTC,SGP4,2026-06-19 10:40:37.667424,15.27577906,0.00016704,43.0022,183.3475,278.5741,81.4922,0,U,59616,999,12009,0.00005712094400,0.00001310,0.0000000000000,6861.192,94.267,484.203,481.911,PAYLOAD,LARGE,US,2024-04-28,AFETR,,5255921,330732267,0 STARLINK-31768,1 59616U 24080R   26170.44488041  .00001310  00000-0  57121-4 0  9995,2 59616  43.0022 183.3475 0001670 278.5741  81.4922 15.27577906120096
3.0,GENERATED VIA SPACE-TRACK.ORG API,2026-06-19T17:59:21,18 SPCS,STARLINK-31886,2024-084J,EARTH,TEME,UTC,SGP4,2026-06-19 10:41:53.637216,15.27577955,0.00016124,43.0027,187.2895,274.2687,85.7980,0,U,59662,999,11993,0.00004767810600,0.00001050,0.0000000000000,6861.192,94.267,484.163,481.951,PAYLOAD,LARGE,US,2024-05-06,AFETR,,5255921,330732286,0 STARLINK-31886,1 59662U 24084J   26170.44575969  .00001050  00000-0  47678-4 0  9993,2 59662  43.0027 187.2895 0001612 274.2687  85.7980 15.27577955119935
3.0,GENERATED VIA SPACE-TRACK.ORG API,2026-06-19T17:59:21,18 SPCS,STARLINK-36141,2025-294AD,EARTH,TEME,UTC,SGP4,2026-06-19 10:42:26.728416,15.27589744,0.00018205,43.0010,183.2233,276.9374,83.1270,0,U,67057,999,3036,0.00043446977000,0.00011716,0.0000000000000,6861.157,94.266,484.271,481.773,PAYLOAD,LARGE,US,2025-12-11,AFETR,,5255921,330738609,0 STARLINK-36141,1 67057U 25294AD  26170.44614269  .00011716  00000-0  43447-3 0  9990,2 67057  43.0010 183.2233 0001821 276.9374  83.1270 15.27589744 30362
3.0,GENERATED VIA SPACE-TRACK.ORG API,2026-06-19T17:59:21,18 SPCS,STARLINK-30935,2023-183U,EARTH,TEME,UTC,SGP4,2026-06-19 10:43:43.652928,15.27580466,0.00022939,43.0037,187.2146,282.2649,77.7946,0,U,58455,999,14229,0.00003151321100,0.00000605,0.0000000000000,6861.185,94.267,484.624,481.476,PAYLOAD,LARGE,US,2023-11-28,AFETR,,5255921,330731802,0 STARLINK-30935,1 58455U 23183U   26170.44703302  .00000605  00000-0  31513-4 0  9991,2 58455  43.0037 187.2146 0002294 282.2649  77.7946 15.27580466142297
3.0,GENERATED VIA SPACE-TRACK.ORG API,2026-06-19T17:59:21,18 SPCS,STARLINK-31762,2024-080P,EARTH,TEME,UTC,SGP4,2026-06-19 10:44:20.061888,15.27578981,0.00017349,43.0020,183.3659,275.6330,84.4324,0,U,59614,999,12009,0.00005990452700,0.00001386,0.0000000000000,6861.189,94.267,484.244,481.864,PAYLOAD,LARGE,US,2024-04-28,AFETR,,5255921,330732767,0 STARLINK-31762,1 59614U 24080P   26170.44745442  .00001386  00000-0  59905-4 0  9999,2 59614  43.0020 183.3659 0001735 275.6330  84.4324 15.27578981120093
3.0,GENERATED VIA SPACE-TRACK.ORG API,2026-06-19T17:59:21,18 SPCS,STARLINK-35705,2025-294K,EARTH,TEME,UTC,SGP4,2026-06-19 10:46:08.769504,15.27594082,0.00018201,43.0015,183.2417,275.9121,84.1523,0,U,67039,999,3036,0.00053005440000,0.00014359,0.0000000000000,6861.144,94.266,484.258,481.760,PAYLOAD,LARGE,US,2025-12-11,AFETR,,5255921,330738600,0 STARLINK-35705,1 67039U 25294K   26170.44871261  .00014359  00000-0  53005-3 0  9994,2 67039  43.0015 183.2417 0001820 275.9121  84.1523 15.27594082 30362
3.0,GENERATED VIA SPACE-TRACK.ORG API,2026-06-19T17:59:21,18 SPCS,STARLINK-34295,2025-130T,EARTH,TEME,UTC,SGP4,2026-06-19 10:57:21.298464,15.34414846,0.00012476,53.1620,334.4534,89.6170,270.4975,0,U,64455,999,5630,0.00076832909000,0.00025684,0.0000000000000,6840.796,93.847,463.515,461.808,PAYLOAD,LARGE,US,2025-06-18,AFETR,,5255921,330736866,0 STARLINK-34295,1 64455U 25130T   26170.45649651  .00025684  00000-0  76833-3 0  9996,2 64455  53.1620 334.4534 0001248  89.6170 270.4975 15.34414846 56303
3.0,GENERATED VIA SPACE-TRACK.ORG API,2026-06-19T17:59:21,18 SPCS,STARLINK-35887,2025-288A,EARTH,TEME,UTC,SGP4,2026-06-19 11:07:12.582048,15.27600344,0.00031963,43.0034,168.5892,295.2653,64.7868,0,U,66959,999,3085,0.00052456640000,0.00014210,0.0000000000000,6861.125,94.265,485.183,480.797,PAYLOAD,LARGE,US,2025-12-08,AFETR,,5255921,330739062,0 STARLINK-35887,1 66959U 25288A   26170.46334007  .00014210  00000-0  52457-3 0  9997,2 66959  43.0034 168.5892 0003196 295.2653  64.7868 15.27600344 30858
3.0,GENERATED VIA SPACE-TRACK.ORG API,2026-06-19T17:59:21,18 SPCS,STARLINK-31207,2024-038N,EARTH,TEME,UTC,SGP4,2026-06-19 11:09:06.129792,15.27579297,0.00014280,43.0017,168.7721,271.1184,88.9505,0,U,59035,999,13042,0.00008537319900,0.00002088,0.0000000000000,6861.188,94.267,484.033,482.073,PAYLOAD,LARGE,US,2024-02-25,AFETR,,5255921,330732030,0 STARLINK-31207,1 59035U 24038N   26170.46465428  .00002088  00000-0  85373-4 0  9992,2 59035  43.0017 168.7721 0001428 271.1184  88.9505 15.27579297130429
3.0,GENERATED VIA SPACE-TRACK.ORG API,2026-06-19T17:59:21,18 SPCS,STARLINK-31231,2024-038M,EARTH,TEME,UTC,SGP4,2026-06-19 11:14:39.180192,15.27579604,0.00014056,43.0018,168.8006,268.2945,91.7746,0,U,59034,999,13025,0.00005506482200,0.00001253,0.0000000000000,6861.187,94.267,484.017,482.088,PAYLOAD,LARGE,US,2024-02-25,AFETR,,5255921,330731529,0 STARLINK-31231,1 59034U 24038M   26170.46850903  .00001253  00000-0  55065-4 0  9995,2 59034  43.0018 168.8006 0001406 268.2945  91.7746 15.27579604130256
3.0,GENERATED VIA SPACE-TRACK.ORG API,2026-06-19T17:59:21,18 SPCS,STARLINK-3874,2022-045AL,EARTH,TEME,UTC,SGP4,2026-06-19 11:18:48.291264,15.08836636,0.00013490,53.1613,92.0963,88.8240,271.2906,0,U,52365,999,23128,0.00003378951900,0.00000250,0.0000000000000,6917.891,95.438,540.689,538.822,PAYLOAD,LARGE,US,2022-04-29,AFETR,,5255921,330727130,0 STARLINK-3874,1 52365U 22045AL  26170.47139226  .00000250  00000-0  33790-4 0  9997,2 52365  53.1613  92.0963 0001349  88.8240 271.2906 15.08836636231287
3.0,GENERATED VIA SPACE-TRACK.ORG API,2026-06-19T17:59:21,18 SPCS,STARLINK-4321,2022-077AR,EARTH,TEME,UTC,SGP4,2026-06-19 11:28:31.789344,15.05604498,0.00018204,97.3396,349.2940,101.2709,258.8723,0,U,53082,999,21622,0.00062683085000,0.00008987,0.0000000000000,6927.788,95.643,550.914,548.392,PAYLOAD,LARGE,US,2022-07-11,AFWTR,,5255921,330727339,0 STARLINK-4321,1 53082U 22077AR  26170.47814571  .00008987  00000-0  62683-3 0  9999,2 53082  97.3396 349.2940 0001820 101.2709 258.8723 15.05604498216229
3.0,GENERATED VIA SPACE-TRACK.ORG API,2026-06-19T17:59:21,18 SPCS,STARLINK-30575,2023-158B,EARTH,TEME,UTC,SGP4,2026-06-19 11:34:21.377568,15.27579293,0.00012986,43.0015,172.5363,273.7054,86.3649,0,U,58052,999,14913,0.00005890202400,0.00001359,0.0000000000000,6861.188,94.267,483.944,482.162,PAYLOAD,LARGE,US,2023-10-13,AFETR,,5255921,330730631,0 STARLINK-30575,1 58052U 23158B   26170.48219187  .00001359  00000-0  58902-4 0  9991,2 58052  43.0015 172.5363 0001299 273.7054  86.3649 15.27579293149135
3.0,GENERATED VIA SPACE-TRACK.ORG API,2026-06-19T17:59:21,18 SPCS,STARLINK-4338,2022-077N,EARTH,TEME,UTC,SGP4,2026-06-19 11:34:29.112096,15.05562038,0.00013210,97.3397,350.4359,99.7347,260.4029,0,U,53055,999,21629,0.00126443020000,0.00018190,0.0000000000000,6927.918,95.645,550.698,548.868,PAYLOAD,LARGE,US,2022-07-11,AFWTR,,5255921,330727827,0 STARLINK-4338,1 53055U 22077N   26170.48228139  .00018190  00000-0  12644-2 0  9997,2 53055  97.3397 350.4359 0001321  99.7347 260.4029 15.05562038216291
3.0,GENERATED VIA SPACE-TRACK.ORG API,2026-06-19T17:59:21,18 SPCS,STARLINK-3310,2022-001AJ,EARTH,TEME,UTC,SGP4,2026-06-19 11:35:26.479104,15.10660540,0.00017999,53.2154,81.9159,96.2196,263.9002,0,U,50835,999,24563,0.00090341869000,0.00014855,0.0000000000000,6912.321,95.323,535.430,532.942,PAYLOAD,LARGE,US,2022-01-06,AFETR,,5255921,330726401,0 STARLINK-3310,1 50835U 22001AJ  26170.48294536  .00014855  00000-0  90342-3 0  9997,2 50835  53.2154  81.9159 0001800  96.2196 263.9002 15.10660540245638
3.0,GENERATED VIA SPACE-TRACK.ORG API,2026-06-19T17:59:21,18 SPCS,STARLINK-3800,2022-045BA,EARTH,TEME,UTC,SGP4,2026-06-19 11:39:59.822784,15.08840077,0.00013704,53.1605,92.0308,96.5542,263.5606,0,U,52379,999,23129,0.00010481341000,0.00001381,0.0000000000000,6917.880,95.438,540.693,538.797,PAYLOAD,LARGE,US,2022-04-29,AFETR,,5255921,330726636,0 STARLINK-3800,1 52379U 22045BA  26170.48610906  .00001381  00000-0  10481-3 0  9999,2 52379  53.1605  92.0308 0001370  96.5542 263.5606 15.08840077231297
3.0,GENERATED VIA SPACE-TRACK.ORG API,2026-06-19T17:59:21,18 SPCS,STARLINK-4320,2022-077S,EARTH,TEME,UTC,SGP4,2026-06-19 11:40:30.252864,15.05590299,0.00021532,97.3398,349.3456,130.5576,229.5840,0,U,53059,999,21622,0.00085687071000,0.00012308,0.0000000000000,6927.831,95.644,551.188,548.205,PAYLOAD,LARGE,US,2022-07-11,AFWTR,,5255921,330727829,0 STARLINK-4320,1 53059U 22077S   26170.48646126  .00012308  00000-0  85687-3 0  9994,2 53059  97.3398 349.3456 0002153 130.5576 229.5840 15.05590299216223
3.0,GENERATED VIA SPACE-TRACK.ORG API,2026-06-19T17:59:21,18 SPCS,STARLINK-36608,2026-034E,EARTH,TEME,UTC,SGP4,2026-06-19 11:41:44.054880,15.30202169,0.00011239,53.1581,91.2386,92.8844,267.2285,0,U,67854,999,1961,0.00059328742000,0.00017254,0.0000000000000,6853.346,94.105,475.981,474.440,PAYLOAD,LARGE,US,2026-02-20,AFETR,,5255921,330739490,0 STARLINK-36608,1 67854U 26034E   26170.48731545  .00017254  00000-0  59329-3 0  9998,2 67854  53.1581  91.2386 0001124  92.8844 267.2285 15.30202169 19615
3.0,GENERATED VIA SPACE-TRACK.ORG API,2026-06-19T17:59:21,18 SPCS,STARLINK-36784,2026-034AD,EARTH,TEME,UTC,SGP4,2026-06-19 11:42:38.714976,15.29357916,0.00014428,53.1587,91.9718,108.1374,251.9784,0,U,67877,999,1961,0.00055763106000,0.00015770,0.0000000000000,6855.868,94.157,478.722,476.743,PAYLOAD,LARGE,US,2026-02-20,AFETR,,5255921,330740002,0 STARLINK-36784,1 67877U 26034AD  26170.48794809  .00015770  00000-0  55763-3 0  9994,2 67877  53.1587  91.9718 0001443 108.1374 251.9784 15.29357916 19618
3.0,GENERATED VIA SPACE-TRACK.ORG API,2026-06-19T17:59:21,18 SPCS,STARLINK-36769,2026-034X,EARTH,TEME,UTC,SGP4,2026-06-19 11:44:46.047840,15.30212045,0.00012821,53.1581,91.2490,75.2968,284.8175,0,U,67871,999,1962,0.00050205974000,0.00014545,0.0000000000000,6853.316,94.105,476.060,474.302,PAYLOAD,LARGE,US,2026-02-20,AFETR,,5255921,330739999,0 STARLINK-36769,1 67871U 26034X   26170.48942185  .00014545  00000-0  50206-3 0  9996,2 67871  53.1581  91.2490 0001282  75.2968 284.8175 15.30212045 19625
3.0,GENERATED VIA SPACE-TRACK.ORG API,2026-06-19T17:59:21,18 SPCS,STARLINK-5307,2023-021AG,EARTH,TEME,UTC,SGP4,2026-06-19 11:52:05.485152,14.98331247,0.00032243,69.9996,287.6514,269.9793,90.0997,0,U,55658,999,18404,0.00000073537900,-0.00000084,0.0000000000000,6950.189,96.107,574.295,569.813,PAYLOAD,LARGE,US,2023-02-17,AFWTR,,5255921,330729231,0 STARLINK-5307,1 55658U 23021AG  26170.49450793 -.00000084  00000-0  73538-6 0  9999,2 55658  69.9996 287.6514 0003224 269.9793  90.0997 14.98331247184041
3.0,GENERATED VIA SPACE-TRACK.ORG API,2026-06-19T17:59:21,18 SPCS,STARLINK-31716,2024-062D,EARTH,TEME,UTC,SGP4,2026-06-19 11:56:19.204800,15.30206446,0.00010611,53.1603,94.1282,88.1146,271.9976,0,U,59377,999,12589,-0.00009195652200,-0.00003082,0.0000000000000,6853.333,94.105,475.925,474.471,PAYLOAD,LARGE,US,2024-04-02,AFWTR,,5255921,330732166,0 STARLINK-31716,1 59377U 24062D   26170.49744450 -.00003082  00000-0 -91957-4 0  9998,2 59377  53.1603  94.1282 0001061  88.1146 271.9976 15.30206446125890
3.0,GENERATED VIA SPACE-TRACK.ORG API,2026-06-19T17:59:21,18 SPCS,STARLINK-5469,2023-021X,EARTH,TEME,UTC,SGP4,2026-06-19 11:58:06.222432,14.98330670,0.00031920,69.9994,287.6651,272.2976,87.7818,0,U,55649,999,18404,-0.00003109724200,-0.00000464,0.0000000000000,6950.191,96.107,574.274,569.837,PAYLOAD,LARGE,US,2023-02-17,AFWTR,,5255921,330729227,0 STARLINK-5469,1 55649U 23021X   26170.49868313 -.00000464  00000-0 -31097-4 0  9995,2 55649  69.9994 287.6651 0003192 272.2976  87.7818 14.98330670184049
3.0,GENERATED VIA SPACE-TRACK.ORG API,2026-06-19T17:59:21,18 SPCS,STARLINK-36761,2026-034T,EARTH,TEME,UTC,SGP4,2026-06-19 12:04:30.661824,15.30223181,0.00018822,53.1605,91.3341,84.4881,275.6335,0,U,67867,999,1962,0.00053812596000,0.00015623,0.0000000000000,6853.283,94.104,476.438,473.858,PAYLOAD,LARGE,US,2026-02-20,AFETR,,5255921,330739997,0 STARLINK-36761,1 67867U 26034T   26170.50313266  .00015623  00000-0  53813-3 0  9991,2 67867  53.1605  91.3341 0001882  84.4881 275.6335 15.30223181 19624
3.0,GENERATED VIA SPACE-TRACK.ORG API,2026-06-19T17:59:21,18 SPCS,STARLINK-2194,2021-017BB,EARTH,TEME,UTC,SGP4,2026-06-19 12:08:52.447776,15.31712234,0.00010061,53.1600,90.1813,78.8876,281.2239,0,U,47771,999,29347,0.00005584196900,0.00001369,0.0000000000000,6848.841,94.012,471.395,470.016,PAYLOAD,LARGE,US,2021-03-04,AFETR,,5255921,330725778,0 STARLINK-2194,1 47771U 21017BB  26170.50616259  .00001369  00000-0  55842-4 0  9994,2 47771  53.1600  90.1813 0001006  78.8876 281.2239 15.31712234293477
3.0,GENERATED VIA SPACE-TRACK.ORG API,2026-06-19T17:59:21,18 SPCS,STARLINK-35665,2025-257L,EARTH,TEME,UTC,SGP4,2026-06-19 12:09:50.441184,15.30208956,0.00012273,53.1581,103.9696,85.5717,274.5424,0,U,66390,999,3542,0.00054932050000,0.00015950,0.0000000000000,6853.325,94.105,476.031,474.349,PAYLOAD,LARGE,US,2025-11-08,AFETR,,5255921,330738789,0 STARLINK-35665,1 66390U 25257L   26170.50683381  .00015950  00000-0  54932-3 0  9991,2 66390  53.1581 103.9696 0001227  85.5717 274.5424 15.30208956 35429
3.0,GENERATED VIA SPACE-TRACK.ORG API,2026-06-19T17:59:21,18 SPCS,STARLINK-3829,2022-045T,EARTH,TEME,UTC,SGP4,2026-06-19 12:15:46.457568,15.08825257,0.00013134,53.1605,101.9177,94.6007,265.5135,0,U,52348,999,23115,-0.00002439867600,-0.00000676,0.0000000000000,6917.925,95.438,540.699,538.882,PAYLOAD,LARGE,US,2022-04-29,AFETR,,5255921,330727123,0 STARLINK-3829,1 52348U 22045T   26170.51095437 -.00000676  00000-0 -24399-4 0  9997,2 52348  53.1605 101.9177 0001313  94.6007 265.5135 15.08825257231156
3.0,GENERATED VIA SPACE-TRACK.ORG API,2026-06-19T17:59:21,18 SPCS,STARLINK-32252,2024-144T,EARTH,TEME,UTC,SGP4,2026-06-19 12:17:23.387136,15.34396386,0.00014670,53.1617,102.4022,85.5256,274.5914,0,U,60442,999,10496,0.00003192593600,0.00000702,0.0000000000000,6840.851,93.848,463.720,461.712,PAYLOAD,LARGE,US,2024-08-12,AFETR,,5255921,330732611,0 STARLINK-32252,1 60442U 24144T   26170.51207624  .00000702  00000-0  31926-4 0  9998,2 60442  53.1617 102.4022 0001467  85.5256 274.5914 15.34396386104961
3.0,GENERATED VIA SPACE-TRACK.ORG API,2026-06-19T17:59:21,18 SPCS,STARLINK-31912,2024-084C,EARTH,TEME,UTC,SGP4,2026-06-19 12:21:36.145152,15.27579736,0.00017898,43.0020,186.9492,276.0577,84.0071,0,U,59656,999,11994,0.00009361521900,0.00002315,0.0000000000000,6861.187,94.267,484.280,481.824,PAYLOAD,LARGE,US,2024-05-06,AFETR,,5255921,330732283,0 STARLINK-31912,1 59656U 24084C   26170.51500168  .00002315  00000-0  93615-4 0  9990,2 59656  43.0020 186.9492 0001790 276.0577  84.0071 15.27579736119948
3.0,GENERATED VIA SPACE-TRACK.ORG API,2026-06-19T17:59:21,18 SPCS,STARLINK-5477,2023-021AH,EARTH,TEME,UTC,SGP4,2026-06-19 12:21:49.767840,14.98342643,0.00029326,69.9980,267.8485,271.6749,88.4074,0,U,55659,999,18452,0.00011055269000,0.00001227,0.0000000000000,6950.154,96.106,574.057,569.981,PAYLOAD,LARGE,US,2023-02-17,AFWTR,,5255921,330729732,0 STARLINK-5477,1 55659U 23021AH  26170.51515935  .00001227  00000-0  11055-3 0  9995,2 55659  69.9980 267.8485 0002933 271.6749  88.4074 14.98342643184521
3.0,GENERATED VIA SPACE-TRACK.ORG API,2026-06-19T17:59:21,18 SPCS,STARLINK-32229,2024-144M,EARTH,TEME,UTC,SGP4,2026-06-19 12:23:28.920480,15.34375283,0.00014970,53.1600,102.4270,85.2463,274.8711,0,U,60436,999,10492,-0.00006467376400,-0.00002559,0.0000000000000,6840.914,93.849,463.803,461.755,PAYLOAD,LARGE,US,2024-08-12,AFETR,,5255921,330732608,0 STARLINK-32229,1 60436U 24144M   26170.51630695 -.00002559  00000-0 -64674-4 0  9999,2 60436  53.1600 102.4270 0001497  85.2463 274.8711 15.34375283104928
3.0,GENERATED VIA SPACE-TRACK.ORG API,2026-06-19T17:59:21,18 SPCS,STARLINK-3827,2022-045AR,EARTH,TEME,UTC,SGP4,2026-06-19 12:23:46.891680,15.08841054,0.00014399,53.1617,91.9057,91.6427,268.4730,0,U,52370,999,23129,0.00000728106100,-0.00000172,0.0000000000000,6917.877,95.437,540.738,538.746,PAYLOAD,LARGE,US,2022-04-29,AFETR,,5255921,330726632,0 STARLINK-3827,1 52370U 22045AR  26170.51651495 -.00000172  00000-0  72811-5 0  9997,2 52370  53.1617  91.9057 0001440  91.6427 268.4730 15.08841054231294
3.0,GENERATED VIA SPACE-TRACK.ORG API,2026-06-19T17:59:21,18 SPCS,STARLINK-35683,2025-257AB,EARTH,TEME,UTC,SGP4,2026-06-19 12:26:30.351840,15.34413051,0.00011888,53.1590,102.6386,114.9509,245.1617,0,U,66405,999,3527,0.00036342493000,0.00011927,0.0000000000000,6840.801,93.847,463.480,461.853,PAYLOAD,LARGE,US,2025-11-08,AFETR,,5255921,330738796,0 STARLINK-35683,1 66405U 25257AB  26170.51840685  .00011927  00000-0  36342-3 0  9996,2 66405  53.1590 102.6386 0001189 114.9509 245.1617 15.34413051 35270
3.0,GENERATED VIA SPACE-TRACK.ORG API,2026-06-19T17:59:21,18 SPCS,STARLINK-36835,2026-034P,EARTH,TEME,UTC,SGP4,2026-06-19 12:27:19.254240,15.30207091,0.00007722,53.1596,91.4383,78.3701,281.7386,0,U,67863,999,1962,0.00053508123000,0.00015525,0.0000000000000,6853.331,94.105,475.725,474.667,PAYLOAD,LARGE,US,2026-02-20,AFETR,,5255921,330739995,0 STARLINK-36835,1 67863U 26034P   26170.51897285  .00015525  00000-0  53508-3 0  9998,2 67863  53.1596  91.4383 0000772  78.3701 281.7386 15.30207091 19622
3.0,GENERATED VIA SPACE-TRACK.ORG API,2026-06-19T17:59:21,18 SPCS,STARLINK-3812,2022-045R,EARTH,TEME,UTC,SGP4,2026-06-19 12:27:45.613152,15.08832267,0.00017477,53.1624,101.8921,90.0873,270.0319,0,U,52346,999,23115,0.00002562425100,0.00000120,0.0000000000000,6917.904,95.438,540.978,538.560,PAYLOAD,LARGE,US,2022-04-29,AFETR,,5255921,330727122,0 STARLINK-3812,1 52346U 22045R   26170.51927793  .00000120  00000-0  25624-4 0  9998,2 52346  53.1624 101.8921 0001748  90.0873 270.0319 15.08832267231158
3.0,GENERATED VIA SPACE-TRACK.ORG API,2026-06-19T17:59:21,18 SPCS,STARLINK-5777,2023-042AT,EARTH,TEME,UTC,SGP4,2026-06-19 12:28:08.462496,15.27579589,0.00017825,43.0025,189.7540,270.9415,89.1232,0,U,56027,999,17861,0.00002040100700,0.00000299,0.0000000000000,6861.187,94.267,484.275,481.829,PAYLOAD,LARGE,US,2023-03-24,AFETR,,5255921,330729369,0 STARLINK-5777,1 56027U 23042AT  26170.51954239  .00000299  00000-0  20401-4 0  9996,2 56027  43.0025 189.7540 0001783 270.9415  89.1232 15.27579589178613
3.0,GENERATED VIA SPACE-TRACK.ORG API,2026-06-19T17:59:21,18 SPCS,STARLINK-35088,2025-189X,EARTH,TEME,UTC,SGP4,2026-06-19 12:28:11.222976,15.30205044,0.00011910,53.1592,94.0201,83.0240,277.0896,0,U,65344,999,4670,0.00053883296000,0.00015636,0.0000000000000,6853.337,94.105,476.018,474.386,PAYLOAD,LARGE,US,2025-08-27,AFETR,,5255921,330737287,0 STARLINK-35088,1 65344U 25189X   26170.51957434  .00015636  00000-0  53883-3 0  9992,2 65344  53.1592  94.0201 0001191  83.0240 277.0896 15.30205044 46704
3.0,GENERATED VIA SPACE-TRACK.ORG API,2026-06-19T17:59:21,18 SPCS,STARLINK-32222,2024-144L,EARTH,TEME,UTC,SGP4,2026-06-19 12:32:34.215936,15.34376194,0.00010745,53.1605,102.4703,108.0166,252.0954,0,U,60435,999,10492,-0.00006557667600,-0.00002589,0.0000000000000,6840.911,93.849,463.511,462.041,PAYLOAD,LARGE,US,2024-08-12,AFETR,,5255921,330733108,0 STARLINK-32222,1 60435U 24144L   26170.52261824 -.00002589  00000-0 -65577-4 0  9999,2 60435  53.1605 102.4703 0001074 108.0166 252.0954 15.34376194104927
3.0,GENERATED VIA SPACE-TRACK.ORG API,2026-06-19T17:59:21,18 SPCS,STARLINK-31776,2024-080C,EARTH,TEME,UTC,SGP4,2026-06-19 12:32:35.822112,15.27577859,0.00010698,43.0008,186.5309,260.7214,99.3516,0,U,59603,999,12006,0.00001776701100,0.00000227,0.0000000000000,6861.193,94.267,483.792,482.323,PAYLOAD,LARGE,US,2024-04-28,AFETR,,5255921,330732261,0 STARLINK-31776,1 59603U 24080C   26170.52263683  .00000227  00000-0  17767-4 0  9991,2 59603  43.0008 186.5309 0001070 260.7214  99.3516 15.27577859120060
3.0,GENERATED VIA SPACE-TRACK.ORG API,2026-06-19T17:59:21,18 SPCS,STARLINK-34874,2025-189N,EARTH,TEME,UTC,SGP4,2026-06-19 12:32:44.187360,15.30221564,0.00014141,53.1599,94.0342,76.1827,283.9331,0,U,65335,999,4669,0.00075633991000,0.00022123,0.0000000000000,6853.288,94.104,476.122,474.184,PAYLOAD,LARGE,US,2025-08-27,AFETR,,5255921,330737783,0 STARLINK-34874,1 65335U 25189N   26170.52273365  .00022123  00000-0  75634-3 0  9994,2 65335  53.1599  94.0342 0001414  76.1827 283.9331 15.30221564 46692
3.0,GENERATED VIA SPACE-TRACK.ORG API,2026-06-19T17:59:21,18 SPCS,STARLINK-35158,2025-257B,EARTH,TEME,UTC,SGP4,2026-06-19 12:39:19.350720,15.34402730,0.00018990,53.1619,104.1207,90.8938,269.2282,0,U,66381,999,3532,0.00086271714000,0.00028887,0.0000000000000,6840.832,93.848,463.996,461.398,PAYLOAD,LARGE,US,2025-11-08,AFETR,,5255921,330738284,0 STARLINK-35158,1 66381U 25257B   26170.52730730  .00028887  00000-0  86272-3 0  9999,2 66381  53.1619 104.1207 0001899  90.8938 269.2282 15.34402730 35323
3.0,GENERATED VIA SPACE-TRACK.ORG API,2026-06-19T17:59:21,18 SPCS,STARLINK-4061,2022-086F,EARTH,TEME,UTC,SGP4,2026-06-19 12:42:18.273888,15.08836682,0.00015226,53.1614,102.0191,94.9778,265.1387,0,U,53247,999,21668,0.00005409215500,0.00000573,0.0000000000000,6917.891,95.438,540.809,538.702,PAYLOAD,LARGE,US,2022-07-24,AFETR,,5255921,330727394,0 STARLINK-4061,1 53247U 22086F   26170.52937817  .00000573  00000-0  54092-4 0  9996,2 53247  53.1614 102.0191 0001523  94.9778 265.1387 15.08836682216684
3.0,GENERATED VIA SPACE-TRACK.ORG API,2026-06-19T17:59:21,18 SPCS,STARLINK-3826,2022-045S,EARTH,TEME,UTC,SGP4,2026-06-19 12:43:38.960256,15.08837710,0.00014197,53.1615,101.8425,88.7073,271.4081,0,U,52347,999,23115,0.00005314120700,0.00000558,0.0000000000000,6917.887,95.438,540.735,538.770,PAYLOAD,LARGE,US,2022-04-29,AFETR,,5255921,330726622,0 STARLINK-3826,1 52347U 22045S   26170.53031204  .00000558  00000-0  53141-4 0  9994,2 52347  53.1615 101.8425 0001420  88.7073 271.4081 15.08837710231150
3.0,GENERATED VIA SPACE-TRACK.ORG API,2026-06-19T17:59:21,18 SPCS,STARLINK-30771,2023-166V,EARTH,TEME,UTC,SGP4,2026-06-19 12:50:09.225600,15.30196020,0.00015176,53.1609,106.4556,92.4128,267.7046,0,U,58169,999,14877,-0.00001395589300,-0.00000773,0.0000000000000,6853.364,94.106,476.269,474.189,PAYLOAD,LARGE,US,2023-10-29,AFWTR,,5255921,330731187,0 STARLINK-30771,1 58169U 23166V   26170.53482900 -.00000773  00000-0 -13956-4 0  9991,2 58169  53.1609 106.4556 0001518  92.4128 267.7046 15.30196020148779
3.0,GENERATED VIA SPACE-TRACK.ORG API,2026-06-19T17:59:21,18 SPCS,STARLINK-1039,2019-074AH,EARTH,TEME,UTC,SGP4,2026-06-19 12:57:12.643488,15.29393464,0.00042378,53.0613,104.1020,82.6382,277.5098,0,U,44744,999,36390,0.00113115870000,0.00032472,0.0000000000000,6855.761,94.155,480.532,474.721,PAYLOAD,LARGE,US,2019-11-11,AFETR,,5255921,330723658,0 STARLINK-1039,1 44744U 19074AH  26170.53972967  .00032472  00000-0  11312-2 0  9996,2 44744  53.0613 104.1020 0004238  82.6382 277.5098 15.29393464363902
3.0,GENERATED VIA SPACE-TRACK.ORG API,2026-06-19T17:59:21,18 SPCS,STARLINK-36213,2025-304W,EARTH,TEME,UTC,SGP4,2026-06-19 13:01:03.309888,14.98336274,0.00036129,70.0006,277.5492,266.3389,93.7357,0,U,67212,999,2914,0.00098863771000,0.00011725,0.0000000000000,6950.173,96.107,574.550,569.527,PAYLOAD,LARGE,US,2025-12-17,AFWTR,,5255921,330739185,0 STARLINK-36213,1 67212U 25304W   26170.54239942  .00011725  00000-0  98864-3 0  9990,2 67212  70.0006 277.5492 0003613 266.3389  93.7357 14.98336274 29146
3.0,GENERATED VIA SPACE-TRACK.ORG API,2026-06-19T17:59:21,18 SPCS,STARLINK-5315,2023-010AS,EARTH,TEME,UTC,SGP4,2026-06-19 13:13:12.453312,14.98329999,0.00026906,70.0007,107.4868,276.4482,83.6371,0,U,55309,999,18903,-0.00001106082100,-0.00000225,0.0000000000000,6950.193,96.107,573.928,570.188,PAYLOAD,LARGE,US,2023-01-19,AFWTR,,5255921,330728593,0 STARLINK-5315,1 55309U 23010AS  26170.55083858 -.00000225  00000-0 -11061-4 0  9990,2 55309  70.0007 107.4868 0002691 276.4482  83.6371 14.98329999189035
3.0,GENERATED VIA SPACE-TRACK.ORG API,2026-06-19T17:59:21,18 SPCS,STARLINK-5202,2022-175D,EARTH,TEME,UTC,SGP4,2026-06-19 13:16:06.280608,15.08826797,0.00010771,53.1596,306.9542,75.4345,284.6765,0,U,54761,999,19529,-0.00000938038200,-0.00000437,0.0000000000000,6917.921,95.438,540.531,539.041,PAYLOAD,LARGE,US,2022-12-17,AFETR,,5255921,330728427,0 STARLINK-5202,1 54761U 22175D   26170.55285047 -.00000437  00000-0 -93804-5 0  9997,2 54761  53.1596 306.9542 0001077  75.4345 284.6765 15.08826797195293
3.0,GENERATED VIA SPACE-TRACK.ORG API,2026-06-19T17:59:21,18 SPCS,STARLINK-5257,2023-010AZ,EARTH,TEME,UTC,SGP4,2026-06-19 13:19:12.947808,14.98329903,0.00033696,69.9996,107.5149,265.5651,94.5123,0,U,55316,999,18990,0.00000776146900,0.00000000,0.0000000000000,6950.193,96.107,574.400,569.716,PAYLOAD,LARGE,US,2023-01-19,AFWTR,,5255921,330729097,0 STARLINK-5257,1 55316U 23010AZ  26170.55501097  .00000000  00000-0  77615-5 0  9995,2 55316  69.9996 107.5149 0003370 265.5651  94.5123 14.98329903189909
3.0,GENERATED VIA SPACE-TRACK.ORG API,2026-06-19T17:59:21,18 SPCS,STARLINK-3835,2022-049AB,EARTH,TEME,UTC,SGP4,2026-06-19 13:19:26.142816,15.08849039,0.00011922,53.1585,311.9547,41.7892,318.3190,0,U,52476,999,22900,0.00012210741000,0.00001656,0.0000000000000,6917.853,95.437,540.543,538.893,PAYLOAD,LARGE,US,2022-05-06,AFETR,,5255921,330726652,0 STARLINK-3835,1 52476U 22049AB  26170.55516369  .00001656  00000-0  12211-3 0  9995,2 52476  53.1585 311.9547 0001192  41.7892 318.3190 15.08849039229002
3.0,GENERATED VIA SPACE-TRACK.ORG API,2026-06-19T17:59:21,18 SPCS,STARLINK-31440,2024-036B,EARTH,TEME,UTC,SGP4,2026-06-19 13:25:08.283360,15.30224315,0.00010713,53.1610,324.6914,87.0237,273.0886,0,U,58999,999,13011,0.00049808858000,0.00014433,0.0000000000000,6853.279,94.104,475.879,474.410,PAYLOAD,LARGE,US,2024-02-23,AFWTR,,5255921,330731514,0 STARLINK-31440,1 58999U 24036B   26170.55912365  .00014433  00000-0  49809-3 0  9995,2 58999  53.1610 324.6914 0001071  87.0237 273.0886 15.30224315130119
3.0,GENERATED VIA SPACE-TRACK.ORG API,2026-06-19T17:59:21,18 SPCS,STARLINK-32082,2024-136T,EARTH,TEME,UTC,SGP4,2026-06-19 13:27:22.711392,15.30194262,0.00011410,53.1626,322.3317,85.1278,274.9853,0,U,60346,999,10526,0.00001356571500,0.00000043,0.0000000000000,6853.369,94.106,476.016,474.452,PAYLOAD,LARGE,US,2024-08-02,AFETR,,5255921,330732566,0 STARLINK-32082,1 60346U 24136T   26170.56067953  .00000043  00000-0  13566-4 0  9994,2 60346  53.1626 322.3317 0001141  85.1278 274.9853 15.30194262105268
3.0,GENERATED VIA SPACE-TRACK.ORG API,2026-06-19T17:59:21,18 SPCS,STARLINK-2742,2021-044BC,EARTH,TEME,UTC,SGP4,2026-06-19 13:27:23.436288,15.31733175,0.00010049,53.1603,311.2633,75.0913,285.0200,0,U,48688,999,28010,0.00030762973000,0.00009203,0.0000000000000,6848.778,94.011,471.331,469.955,PAYLOAD,LARGE,US,2021-05-26,AFETR,,5255921,330726042,0 STARLINK-2742,1 48688U 21044BC  26170.56068792  .00009203  00000-0  30763-3 0  9990,2 48688  53.1603 311.2633 0001005  75.0913 285.0200 15.31733175280108
3.0,GENERATED VIA SPACE-TRACK.ORG API,2026-06-19T17:59:21,18 SPCS,STARLINK-3884,2022-049AY,EARTH,TEME,UTC,SGP4,2026-06-19 13:28:38.660448,15.08829478,0.00011269,53.1597,311.6861,82.1118,278.0002,0,U,52497,999,22777,0.00003153826000,0.00000214,0.0000000000000,6917.913,95.438,540.557,538.998,PAYLOAD,LARGE,US,2022-05-06,AFETR,,5255921,330727162,0 STARLINK-3884,1 52497U 22049AY  26170.56155857  .00000214  00000-0  31538-4 0  9993,2 52497  53.1597 311.6861 0001127  82.1118 278.0002 15.08829478227773
3.0,GENERATED VIA SPACE-TRACK.ORG API,2026-06-19T17:59:21,18 SPCS,STARLINK-31918,2024-111X,EARTH,TEME,UTC,SGP4,2026-06-19 13:28:51.941856,15.30191067,0.00012578,53.1628,322.2219,58.3291,301.7832,0,U,60037,999,11456,0.00006707212400,0.00001627,0.0000000000000,6853.379,94.106,476.106,474.382,PAYLOAD,LARGE,US,2024-06-08,AFETR,,5255921,330732946,0 STARLINK-31918,1 60037U 24111X   26170.56171229  .00001627  00000-0  67072-4 0  9996,2 60037  53.1628 322.2219 0001258  58.3291 301.7832 15.30191067114562
3.0,GENERATED VIA SPACE-TRACK.ORG API,2026-06-19T17:59:21,18 SPCS,STARLINK-2039,2021-012AM,EARTH,TEME,UTC,SGP4,2026-06-19 13:34:03.071712,15.31720634,0.00010408,53.1606,311.0999,81.0138,279.0982,0,U,47655,999,29569,0.00012301633000,0.00003457,0.0000000000000,6848.815,94.012,471.393,469.968,PAYLOAD,LARGE,US,2021-02-16,AFETR,,5255921,330725759,0 STARLINK-2039,1 47655U 21012AM  26170.56531333  .00003457  00000-0  12302-3 0  9998,2 47655  53.1606 311.0999 0001041  81.0138 279.0982 15.31720634295699
3.0,GENERATED VIA SPACE-TRACK.ORG API,2026-06-19T17:59:21,18 SPCS,STARLINK-3887,2022-049AK,EARTH,TEME,UTC,SGP4,2026-06-19 13:37:54.627168,15.08836383,0.00013274,53.1605,321.6570,106.4412,253.6726,0,U,52484,999,22763,-0.00000424036200,-0.00000355,0.0000000000000,6917.891,95.438,540.675,538.838,PAYLOAD,LARGE,US,2022-05-06,AFETR,,5255921,330727156,0 STARLINK-3887,1 52484U 22049AK  26170.56799337 -.00000355  00000-0 -42404-5 0  9999,2 52484  53.1605 321.6570 0001327 106.4412 253.6726 15.08836383227636
3.0,GENERATED VIA SPACE-TRACK.ORG API,2026-06-19T17:59:21,18 SPCS,STARLINK-11116,2024-112H,EARTH,TEME,UTC,SGP4,2026-06-19 13:43:03.986688,15.69716233,0.00014790,53.1601,123.9600,94.9722,265.1465,0,U,60045,999,11698,0.00001502987600,0.00001232,0.0000000000000,6737.846,91.736,360.707,358.714,PAYLOAD,LARGE,US,2024-06-08,AFWTR,,5255921,330732950,0 STARLINK-11116,1 60045U 24112H   26170.57157392  .00001232  00000-0  15030-4 0  9991,2 60045  53.1601 123.9600 0001479  94.9722 265.1465 15.69716233116985
3.0,GENERATED VIA SPACE-TRACK.ORG API,2026-06-19T17:59:21,18 SPCS,STARLINK-3839,2022-049AF,EARTH,TEME,UTC,SGP4,2026-06-19 13:43:12.896256,15.08829689,0.00009162,53.1605,321.6412,91.0832,269.0264,0,U,52480,999,22763,-0.00001303025700,-0.00000495,0.0000000000000,6917.912,95.438,540.411,539.143,PAYLOAD,LARGE,US,2022-05-06,AFETR,,5255921,330726654,0 STARLINK-3839,1 52480U 22049AF  26170.57167704 -.00000495  00000-0 -13030-4 0  9990,2 52480  53.1605 321.6412 0000916  91.0832 269.0264 15.08829689227634
3.0,GENERATED VIA SPACE-TRACK.ORG API,2026-06-19T17:59:21,18 SPCS,STARLINK-32008,2024-111N,EARTH,TEME,UTC,SGP4,2026-06-19 13:44:04.166880,15.30192526,0.00013082,53.1600,322.2817,86.1909,273.9242,0,U,60028,999,11463,0.00003074515100,0.00000551,0.0000000000000,6853.374,94.106,476.136,474.343,PAYLOAD,LARGE,US,2024-06-08,AFETR,,5255921,330732942,0 STARLINK-32008,1 60028U 24111N   26170.57227045  .00000551  00000-0  30745-4 0  9997,2 60028  53.1600 322.2817 0001308  86.1909 273.9242 15.30192526114631
3.0,GENERATED VIA SPACE-TRACK.ORG API,2026-06-19T17:59:21,18 SPCS,STARLINK-3914,2022-049AR,EARTH,TEME,UTC,SGP4,2026-06-19 13:44:32.678016,15.08830010,0.00009535,53.1602,311.6381,87.7373,272.3728,0,U,52490,999,22777,0.00001200593300,-0.00000097,0.0000000000000,6917.911,95.438,540.436,539.116,PAYLOAD,LARGE,US,2022-05-06,AFETR,,5255921,330727159,0 STARLINK-3914,1 52490U 22049AR  26170.57260044 -.00000097  00000-0  12006-4 0  9991,2 52490  53.1602 311.6381 0000954  87.7373 272.3728 15.08830010227777
3.0,GENERATED VIA SPACE-TRACK.ORG API,2026-06-19T17:59:21,18 SPCS,STARLINK-5480,2023-021AN,EARTH,TEME,UTC,SGP4,2026-06-19 13:45:57.437280,14.98329704,0.00034476,69.9990,267.6520,270.9791,89.0973,0,U,55664,999,18454,0.00006572603600,0.00000691,0.0000000000000,6950.194,96.107,574.455,569.663,PAYLOAD,LARGE,US,2023-02-17,AFWTR,,5255921,330729234,0 STARLINK-5480,1 55664U 23021AN  26170.57358145  .00000691  00000-0  65726-4 0  9994,2 55664  69.9990 267.6520 0003448 270.9791  89.0973 14.98329704184547
3.0,GENERATED VIA SPACE-TRACK.ORG API,2026-06-19T17:59:21,18 SPCS,STARLINK-32516,2024-225P,EARTH,TEME,UTC,SGP4,2026-06-19 13:46:09.640416,14.98342059,0.00032867,70.0010,267.6727,269.8235,90.2547,0,U,62176,999,8513,-0.00007366065400,-0.00000972,0.0000000000000,6950.156,96.106,574.305,569.736,PAYLOAD,LARGE,US,2024-11-30,AFWTR,,5255921,330734338,0 STARLINK-32516,1 62176U 24225P   26170.57372269 -.00000972  00000-0 -73661-4 0  9991,2 62176  70.0010 267.6727 0003287 269.8235  90.2547 14.98342059 85133
3.0,GENERATED VIA SPACE-TRACK.ORG API,2026-06-19T17:59:21,18 SPCS,STARLINK-1451,2020-035M,EARTH,TEME,UTC,SGP4,2026-06-19 13:48:04.570560,15.14771633,0.00009307,53.0532,324.3343,139.5121,220.5941,0,U,45668,999,33416,0.00069574531000,0.00012778,0.0000000000000,6899.809,95.064,522.316,521.032,PAYLOAD,LARGE,US,2020-06-04,AFETR,,5255921,330724881,0 STARLINK-1451,1 45668U 20035M   26170.57505290  .00012778  00000-0  69575-3 0  9998,2 45668  53.0532 324.3343 0000931 139.5121 220.5941 15.14771633334164
3.0,GENERATED VIA SPACE-TRACK.ORG API,2026-06-19T17:59:21,18 SPCS,STARLINK-31529,2024-036C,EARTH,TEME,UTC,SGP4,2026-06-19 13:50:13.704000,15.30198862,0.00011544,53.1618,322.6790,98.7864,261.3268,0,U,59000,999,13087,0.00004544812300,0.00000987,0.0000000000000,6853.355,94.105,476.012,474.429,PAYLOAD,LARGE,US,2024-02-23,AFWTR,,5255921,330732015,0 STARLINK-31529,1 59000U 24036C   26170.57654750  .00000987  00000-0  45448-4 0  9997,2 59000  53.1618 322.6790 0001154  98.7864 261.3268 15.30198862130872
3.0,GENERATED VIA SPACE-TRACK.ORG API,2026-06-19T17:59:21,18 SPCS,STARLINK-31735,2024-112S,EARTH,TEME,UTC,SGP4,2026-06-19 13:51:01.052064,15.30192818,0.00012006,53.1623,324.9067,82.7278,277.3859,0,U,60054,999,11419,0.00002285384700,0.00000318,0.0000000000000,6853.374,94.106,476.061,474.416,PAYLOAD,LARGE,US,2024-06-08,AFWTR,,5255921,330732454,0 STARLINK-31735,1 60054U 24112S   26170.57709551  .00000318  00000-0  22854-4 0  9997,2 60054  53.1623 324.9067 0001201  82.7278 277.3859 15.30192818114191
3.0,GENERATED VIA SPACE-TRACK.ORG API,2026-06-19T17:59:21,18 SPCS,STARLINK-5267,2023-021AD,EARTH,TEME,UTC,SGP4,2026-06-19 13:51:57.091968,14.98332901,0.00032667,69.9994,267.6671,275.2760,84.8026,0,U,55655,999,18453,0.00001891911200,0.00000133,0.0000000000000,6950.184,96.107,574.319,569.778,PAYLOAD,LARGE,US,2023-02-17,AFWTR,,5255921,330729230,0 STARLINK-5267,1 55655U 23021AD  26170.57774412  .00000133  00000-0  18919-4 0  9996,2 55655  69.9994 267.6671 0003267 275.2760  84.8026 14.98332901184535
3.0,GENERATED VIA SPACE-TRACK.ORG API,2026-06-19T17:59:21,18 SPCS,STARLINK-32538,2024-225H,EARTH,TEME,UTC,SGP4,2026-06-19 13:52:11.066304,14.98336154,0.00032873,70.0009,267.6879,272.1920,87.8863,0,U,62170,999,8513,0.00003570244400,0.00000333,0.0000000000000,6950.174,96.107,574.324,569.754,PAYLOAD,LARGE,US,2024-11-30,AFWTR,,5255921,330734335,0 STARLINK-32538,1 62170U 24225H   26170.57790586  .00000333  00000-0  35702-4 0  9994,2 62170  70.0009 267.6879 0003287 272.1920  87.8863 14.98336154 85133
3.0,GENERATED VIA SPACE-TRACK.ORG API,2026-06-19T17:59:21,18 SPCS,STARLINK-36158,2025-298F,EARTH,TEME,UTC,SGP4,2026-06-19 13:52:25.466592,14.98337460,0.00028207,70.0015,117.3891,269.0057,91.0779,0,U,67080,999,2848,0.00027641616000,0.00003207,0.0000000000000,6950.170,96.107,573.995,570.074,PAYLOAD,LARGE,US,2025-12-14,AFWTR,,5255921,330738619,0 STARLINK-36158,1 67080U 25298F   26170.57807253  .00003207  00000-0  27642-3 0  9996,2 67080  70.0015 117.3891 0002821 269.0057  91.0779 14.98337460 28488
3.0,GENERATED VIA SPACE-TRACK.ORG API,2026-06-19T17:59:21,18 SPCS,STARLINK-32681,2025-003V,EARTH,TEME,UTC,SGP4,2026-06-19 13:53:13.735680,15.27584709,0.00009794,43.0007,55.0072,261.4431,98.6310,0,U,62506,999,8246,0.00026465067000,0.00007029,0.0000000000000,6861.172,94.266,483.709,482.365,PAYLOAD,LARGE,US,2025-01-06,AFETR,,5255921,330734477,0 STARLINK-32681,1 62506U 25003V   26170.57863120  .00007029  00000-0  26465-3 0  9991,2 62506  43.0007  55.0072 0000979 261.4431  98.6310 15.27584709 82465
3.0,GENERATED VIA SPACE-TRACK.ORG API,2026-06-19T17:59:21,18 SPCS,STARLINK-32076,2024-136X,EARTH,TEME,UTC,SGP4,2026-06-19 13:57:43.485984,15.31704571,0.00011110,53.1617,321.7511,109.8934,250.2187,0,U,60350,999,10527,0.00002685705200,0.00000469,0.0000000000000,6848.863,94.013,471.489,469.967,PAYLOAD,LARGE,US,2024-08-02,AFETR,,5255921,330732568,0 STARLINK-32076,1 60350U 24136X   26170.58175331  .00000469  00000-0  26857-4 0  9990,2 60350  53.1617 321.7511 0001111 109.8934 250.2187 15.31704571105271
3.0,GENERATED VIA SPACE-TRACK.ORG API,2026-06-19T17:59:21,18 SPCS,STARLINK-2516,2021-036H,EARTH,TEME,UTC,SGP4,2026-06-19 13:58:07.684896,15.31704178,0.00011545,53.1589,321.3522,93.8970,266.2163,0,U,48283,999,28402,0.00005806449700,0.00001437,0.0000000000000,6848.865,94.013,471.520,469.939,PAYLOAD,LARGE,US,2021-04-29,AFETR,,5255921,330725409,0 STARLINK-2516,1 48283U 21036H   26170.58203339  .00001437  00000-0  58064-4 0  9998,2 48283  53.1589 321.3522 0001154  93.8970 266.2163 15.31704178284022
3.0,GENERATED VIA SPACE-TRACK.ORG API,2026-06-19T17:59:21,18 SPCS,STARLINK-36202,2025-298V,EARTH,TEME,UTC,SGP4,2026-06-19 13:58:26.234976,14.98335592,0.00031422,70.0021,117.4030,266.5771,93.5028,0,U,67094,999,2848,0.00026145701000,0.00003028,0.0000000000000,6950.176,96.107,574.224,569.857,PAYLOAD,LARGE,US,2025-12-14,AFWTR,,5255921,330738626,0 STARLINK-36202,1 67094U 25298V   26170.58224809  .00003028  00000-0  26146-3 0  9991,2 67094  70.0021 117.4030 0003142 266.5771  93.5028 14.98335592 28486
3.0,GENERATED VIA SPACE-TRACK.ORG API,2026-06-19T17:59:21,18 SPCS,STARLINK-4477,2022-101V,EARTH,TEME,UTC,SGP4,2026-06-19 14:00:01.999872,15.12638760,0.00014125,53.1592,316.0788,64.8147,328.6249,0,U,53546,999,570,0.00017731315000,0.00002837,0.0000000000000,6906.293,95.198,529.134,527.183,PAYLOAD,LARGE,US,2022-08-19,AFETR,,5255921,330727480,0 STARLINK-4477,1 53546U 22101V   26170.58335648  .00002837  00000-0  17731-3 0  9999,2 53546  53.1592 316.0788 0001413  64.8147 328.6249 15.12638760  5707
3.0,GENERATED VIA SPACE-TRACK.ORG API,2026-06-19T17:59:21,18 SPCS,STARLINK-4130,2022-086X,EARTH,TEME,UTC,SGP4,2026-06-19 14:00:01.999872,15.14276508,0.00019441,53.1604,96.5324,121.3579,131.7621,0,U,53263,999,565,0.00278419710000,0.00051604,0.0000000000000,6901.313,95.095,524.520,521.836,PAYLOAD,LARGE,US,2022-07-24,AFETR,,5255921,330727902,0 STARLINK-4130,1 53263U 22086X   26170.58335648  .00051604  00000-0  27842-2 0  9996,2 53263  53.1604  96.5324 0001944 121.3579 131.7621 15.14276508  5651
3.0,GENERATED VIA SPACE-TRACK.ORG API,2026-06-19T17:59:21,18 SPCS,STARLINK-4297,2022-101S,EARTH,TEME,UTC,SGP4,2026-06-19 14:00:01.999872,15.15188426,0.00007013,53.1605,326.5576,95.6798,291.6989,0,U,53543,999,564,0.00038958680000,0.00007100,0.0000000000000,6898.544,95.038,520.892,519.925,PAYLOAD,LARGE,US,2022-08-19,AFETR,,5255921,330727979,0 STARLINK-4297,1 53543U 22101S   26170.58335648  .00007100  00000-0  38959-3 0  9999,2 53543  53.1605 326.5576 0000701  95.6798 291.6989 15.15188426  5648
3.0,GENERATED VIA SPACE-TRACK.ORG API,2026-06-19T17:59:21,18 SPCS,STARLINK-4551,2022-101BA,EARTH,TEME,UTC,SGP4,2026-06-19 14:00:01.999872,15.13937891,0.00013788,53.1592,316.3131,103.5882,182.8165,0,U,53575,999,579,0.00058570883000,0.00010451,0.0000000000000,6902.342,95.116,525.159,523.255,PAYLOAD,LARGE,US,2022-08-19,AFETR,,5255921,330727993,0 STARLINK-4551,1 53575U 22101BA  26170.58335648  .00010451  00000-0  58571-3 0  9999,2 53575  53.1592 316.3131 0001379 103.5882 182.8165 15.13937891  5796
3.0,GENERATED VIA SPACE-TRACK.ORG API,2026-06-19T17:59:21,18 SPCS,STARLINK-4553,2022-101BC,EARTH,TEME,UTC,SGP4,2026-06-19 14:00:01.999872,15.13021407,0.00013792,53.1592,316.2964,111.6387,182.6226,0,U,53577,999,584,0.00059241728000,0.00010301,0.0000000000000,6905.129,95.174,527.946,526.042,PAYLOAD,LARGE,US,2022-08-19,AFETR,,5255921,330727994,0 STARLINK-4553,1 53577U 22101BC  26170.58335648  .00010301  00000-0  59242-3 0  9991,2 53577  53.1592 316.2964 0001379 111.6387 182.6226 15.13021407  5840
3.0,GENERATED VIA SPACE-TRACK.ORG API,2026-06-19T17:59:21,18 SPCS,STARLINK-4109,2022-086AC,EARTH,TEME,UTC,SGP4,2026-06-19 14:00:01.999872,15.15266833,0.00004848,53.1595,96.5035,156.7204,171.4187,0,U,53268,999,574,0.00276464630000,0.00052706,0.0000000000000,6898.306,95.033,520.505,519.836,PAYLOAD,LARGE,US,2022-07-24,AFETR,,5255921,330727404,0 STARLINK-4109,1 53268U 22086AC  26170.58335648  .00052706  00000-0  27646-2 0  9997,2 53268  53.1595  96.5035 0000485 156.7204 171.4187 15.15266833  5749
3.0,GENERATED VIA SPACE-TRACK.ORG API,2026-06-19T17:59:21,18 SPCS,STARLINK-4051,2022-086AH,EARTH,TEME,UTC,SGP4,2026-06-19 14:00:01.999872,15.13157002,0.00011815,53.1600,86.5390,79.3823,5.1671,0,U,53273,999,570,0.00380123510000,0.00068537,0.0000000000000,6904.716,95.165,527.397,525.766,PAYLOAD,LARGE,US,2022-07-24,AFETR,,5255921,330727405,0 STARLINK-4051,1 53273U 22086AH  26170.58335648  .00068537  00000-0  38012-2 0  9991,2 53273  53.1600  86.5390 0001181  79.3823   5.1671 15.13157002  5708
3.0,GENERATED VIA SPACE-TRACK.ORG API,2026-06-19T17:59:21,18 SPCS,STARLINK-4165,2022-086AW,EARTH,TEME,UTC,SGP4,2026-06-19 14:00:01.999872,15.08819902,0.00016137,53.1599,86.2849,89.4038,286.8829,0,U,53286,999,575,0.00238881240000,0.00037915,0.0000000000000,6917.942,95.439,540.923,538.690,PAYLOAD,LARGE,US,2022-07-24,AFETR,,5255921,330727410,0 STARLINK-4165,1 53286U 22086AW  26170.58335648  .00037915  00000-0  23888-2 0  9996,2 53286  53.1599  86.2849 0001614  89.4038 286.8829 15.08819902  5752
3.0,GENERATED VIA SPACE-TRACK.ORG API,2026-06-19T17:59:21,18 SPCS,STARLINK-32017,2024-111S,EARTH,TEME,UTC,SGP4,2026-06-19 14:03:49.212000,15.30199978,0.00011091,53.1615,322.3923,88.1034,272.0094,0,U,60032,999,11463,0.00004009812100,0.00000829,0.0000000000000,6853.352,94.105,475.977,474.457,PAYLOAD,LARGE,US,2024-06-08,AFETR,,5255921,330732944,0 STARLINK-32017,1 60032U 24111S   26170.58598625  .00000829  00000-0  40098-4 0  9998,2 60032  53.1615 322.3923 0001109  88.1034 272.0094 15.30199978114634
3.0,GENERATED VIA SPACE-TRACK.ORG API,2026-06-19T17:59:21,18 SPCS,STARLINK-32081,2024-136V,EARTH,TEME,UTC,SGP4,2026-06-19 14:04:27.278976,15.31692189,0.00012300,53.1601,321.7831,94.3367,265.7775,0,U,60348,999,10527,0.00003311492000,0.00000662,0.0000000000000,6848.900,94.014,471.608,469.923,PAYLOAD,LARGE,US,2024-08-02,AFETR,,5255921,330732567,0 STARLINK-32081,1 60348U 24136V   26170.58642684  .00000662  00000-0  33115-4 0  9997,2 60348  53.1601 321.7831 0001230  94.3367 265.7775 15.31692189105271
3.0,GENERATED VIA SPACE-TRACK.ORG API,2026-06-20T02:24:28,18 SPCS,STARLINK-11076,2024-002E,EARTH,TEME,UTC,SGP4,2026-06-19 14:10:25.899456,15.69716949,0.00009368,53.1588,131.5704,104.6120,255.5002,0,U,58709,999,14244,0.00001482827600,0.00001209,0.0000000000000,6737.844,91.736,360.340,359.078,PAYLOAD,LARGE,US,2024-01-03,AFWTR,,5256419,330810217,0 STARLINK-11076,1 58709U 24002E   26170.59057754  .00001209  00000-0  14828-4 0  9994,2 58709  53.1588 131.5704 0000937 104.6120 255.5002 15.69716949142446
