OBJECT_NAME,OBJECT_ID,NORAD_CAT_ID,OBJECT_TYPE,OPS_STATUS_CODE,OWNER,LAUNCH_DATE,LAUNCH_SITE,DECAY_DATE,PERIOD,INCLINATION,APOGEE,PERIGEE,RCS,DATA_STATUS_CODE,ORBIT_CENTER,ORBIT_TYPE
STARLINK-1008,2019-074B,44714,PAY,P,US,2019-11-11,AFETR,,92.03,53.15,376,373,,,EA,ORB
STARLINK-1012,2019-074F,44718,PAY,P,US,2019-11-11,AFETR,,92.02,53.15,376,371,,,EA,ORB
STARLINK-1017,2019-074L,44723,PAY,P,US,2019-11-11,AFETR,,93.57,53.05,451,447,,,EA,ORB
STARLINK-1020,2019-074N,44725,PAY,P,US,2019-11-11,AFETR,,91.78,53.15,363,361,,,EA,ORB
STARLINK-1036,2019-074AE,44741,PAY,P,US,2019-11-11,AFETR,,90.59,53.04,307,300,,,EA,ORB
STARLINK-1039,2019-074AH,44744,PAY,P,US,2019-11-11,AFETR,,93.81,53.06,462,460,,,EA,ORB
STARLINK-1042,2019-074AL,44747,PAY,P,US,2019-11-11,AFETR,,92.26,53.04,389,381,,,EA,ORB
STARLINK-1043,2019-074AM,44748,PAY,P,US,2019-11-11,AFETR,,91.54,53.05,351,349,,,EA,ORB
STARLINK-1046,2019-074AQ,44751,PAY,P,US,2019-11-11,AFETR,,91.68,53.04,358,355,,,EA,ORB
STARLINK-1047,2019-074AR,44752,PAY,P,US,2019-11-11,AFETR,,93.62,53.07,453,450,,,EA,ORB
STARLINK-1048,2019-074AS,44753,PAY,P,US,2019-11-11,AFETR,,91.21,53.04,338,330,,,EA,ORB
STARLINK-1063,2019-074BH,44768,PAY,P,US,2019-11-11,AFETR,,92.23,53.15,384,383,,,EA,ORB
STARLINK-1067,2019-074BL,44771,PAY,P,US,2019-11-11,AFETR,,88.99,53.03,231,218,,,EA,ORB
STARLINK-1068,2019-074BM,44772,PAY,P,US,2019-11-11,AFETR,,89.69,53.03,262,257,,,EA,ORB
STARLINK-1114,2020-001P,44927,PAY,P,US,2020-01-07,AFETR,,90.99,53.03,326,320,,,EA,ORB
STARLINK-1123,2020-001S,44930,PAY,P,US,2020-01-07,AFETR,,91.64,53.14,356,354,,,EA,ORB
STARLINK-1094,2020-001AD,44941,PAY,P,US,2020-01-07,AFETR,,91.93,53.14,371,367,,,EA,ORB
STARLINK-1122,2020-001AM,44949,PAY,P,US,2020-01-07,AFETR,,91.95,53.15,372,368,,,EA,ORB
STARLINK-1080,2020-001AZ,44961,PAY,P,US,2020-01-07,AFETR,,91.15,53.04,333,330,,,EA,ORB
STARLINK-1090,2020-001BG,44968,PAY,P,US,2020-01-07,AFETR,,92.14,53.14,380,379,,,EA,ORB
STARLINK-1132,2020-006A,45044,PAY,P,US,2020-01-29,AFETR,,91.55,53.15,351,350,,,EA,ORB
STARLINK-1131,2020-006D,45047,PAY,P,US,2020-01-29,AFETR,,91.94,53.15,372,367,,,EA,ORB
STARLINK-1134,2020-006E,45048,PAY,P,US,2020-01-29,AFETR,,91.78,53.02,365,358,,,EA,ORB
STARLINK-1156,2020-006L,45054,PAY,P,US,2020-01-29,AFETR,,93.31,53.15,438,436,,,EA,ORB
STARLINK-1166,2020-006S,45060,PAY,P,US,2020-01-29,AFETR,,91.24,53.04,337,334,,,EA,ORB
STARLINK-1169,2020-006T,45061,PAY,P,US,2020-01-29,AFETR,,93.05,53.15,425,422,,,EA,ORB
STARLINK-1171,2020-006U,45062,PAY,P,US,2020-01-29,AFETR,,90.20,53.03,288,281,,,EA,ORB
STARLINK-1133,2020-006W,45064,PAY,P,US,2020-01-29,AFETR,,93.33,53.15,438,437,,,EA,ORB
STARLINK-1167,2020-006AD,45071,PAY,P,US,2020-01-29,AFETR,,93.16,53.15,431,427,,,EA,ORB
STARLINK-1168,2020-006AE,45072,PAY,P,US,2020-01-29,AFETR,,93.29,53.15,436,435,,,EA,ORB
STARLINK-1172,2020-006AG,45074,PAY,P,US,2020-01-29,AFETR,,93.10,53.15,428,425,,,EA,ORB
STARLINK-1153,2020-006AN,45080,PAY,P,US,2020-01-29,AFETR,,93.13,53.15,430,425,,,EA,ORB
STARLINK-1185,2020-006AV,45087,PAY,P,US,2020-01-29,AFETR,,92.50,53.15,397,397,,,EA,ORB
STARLINK-1183,2020-006AW,45088,PAY,P,US,2020-01-29,AFETR,,93.33,53.15,438,437,,,EA,ORB
STARLINK-1152,2020-006BE,45096,PAY,P,US,2020-01-29,AFETR,,92.29,53.03,388,386,,,EA,ORB
STARLINK-1184,2020-006BG,45098,PAY,P,US,2020-01-29,AFETR,,94.85,53.05,513,509,,,EA,ORB
STARLINK-1193,2020-006BJ,45100,PAY,P,US,2020-01-29,AFETR,,91.16,53.04,334,329,,,EA,ORB
STARLINK-1202,2020-012F,45183,PAY,P,US,2020-02-17,AFETR,,93.34,53.15,439,436,,,EA,ORB
STARLINK-1216,2020-012H,45185,PAY,P,US,2020-02-17,AFETR,,93.20,53.15,433,429,,,EA,ORB
STARLINK-1225,2020-012K,45187,PAY,P,US,2020-02-17,AFETR,,93.34,53.15,439,437,,,EA,ORB
STARLINK-1230,2020-012M,45189,PAY,P,US,2020-02-17,AFETR,,93.32,53.15,439,436,,,EA,ORB
STARLINK-1269,2020-012V,45197,PAY,P,US,2020-02-17,AFETR,,93.34,53.15,440,435,,,EA,ORB
STARLINK-1154,2020-012W,45198,PAY,P,US,2020-02-17,AFETR,,91.60,53.04,354,352,,,EA,ORB
STARLINK-1199,2020-012Z,45201,PAY,P,US,2020-02-17,AFETR,,93.32,53.15,438,436,,,EA,ORB
STARLINK-1209,2020-012AE,45206,PAY,P,US,2020-02-17,AFETR,,90.86,53.03,320,313,,,EA,ORB
STARLINK-1231,2020-012AL,45212,PAY,P,US,2020-02-17,AFETR,,93.88,53.04,467,462,,,EA,ORB
STARLINK-1271,2020-012AR,45217,PAY,P,US,2020-02-17,AFETR,,93.30,53.15,437,435,,,EA,ORB
STARLINK-1191,2020-012AW,45222,PAY,P,US,2020-02-17,AFETR,,92.76,53.15,411,409,,,EA,ORB
STARLINK-1212,2020-012AX,45223,PAY,P,US,2020-02-17,AFETR,,90.95,53.03,324,318,,,EA,ORB
STARLINK-1215,2020-012AZ,45225,PAY,P,US,2020-02-17,AFETR,,93.31,53.15,438,434,,,EA,ORB
STARLINK-1221,2020-012BB,45227,PAY,P,US,2020-02-17,AFETR,,92.86,53.06,416,413,,,EA,ORB
STARLINK-1222,2020-012BC,45228,PAY,P,US,2020-02-17,AFETR,,92.08,53.05,379,374,,,EA,ORB
STARLINK-1226,2020-012BD,45229,PAY,P,US,2020-02-17,AFETR,,92.61,53.15,404,400,,,EA,ORB
STARLINK-1227,2020-012BE,45230,PAY,P,US,2020-02-17,AFETR,,92.60,53.15,404,400,,,EA,ORB
STARLINK-1246,2020-012BK,45235,PAY,P,US,2020-02-17,AFETR,,93.31,53.15,439,434,,,EA,ORB
STARLINK-1270,2020-012BM,45237,PAY,P,US,2020-02-17,AFETR,,91.07,53.04,330,324,,,EA,ORB
STARLINK-1262,2020-019G,45366,PAY,P,US,2020-03-18,AFETR,,93.38,53.15,441,439,,,EA,ORB
STARLINK-1273,2020-019H,45367,PAY,P,US,2020-03-18,AFETR,,91.80,53.04,365,361,,,EA,ORB
STARLINK-1276,2020-019J,45368,PAY,P,US,2020-03-18,AFETR,,94.83,53.07,511,510,,,EA,ORB
STARLINK-1277,2020-019K,45369,PAY,P,US,2020-03-18,AFETR,,91.19,53.04,336,330,,,EA,ORB
STARLINK-1281,2020-019L,45370,PAY,P,US,2020-03-18,AFETR,,93.32,53.16,439,435,,,EA,ORB
STARLINK-1300,2020-019Q,45374,PAY,P,US,2020-03-18,AFETR,,93.25,53.16,435,432,,,EA,ORB
STARLINK-1302,2020-019R,45375,PAY,P,US,2020-03-18,AFETR,,91.23,53.04,339,331,,,EA,ORB
STARLINK-1304,2020-019S,45376,PAY,P,US,2020-03-18,AFETR,,91.50,53.04,351,345,,,EA,ORB
STARLINK-1305,2020-019T,45377,PAY,P,US,2020-03-18,AFETR,,90.44,53.03,300,292,,,EA,ORB
STARLINK-1319,2020-019V,45379,PAY,P,US,2020-03-18,AFETR,,88.97,53.02,228,220,,,EA,ORB
STARLINK-1266,2020-019Z,45383,PAY,P,US,2020-03-18,AFETR,,91.37,53.04,343,341,,,EA,ORB
STARLINK-1267,2020-019AA,45384,PAY,P,US,2020-03-18,AFETR,,90.90,53.04,323,315,,,EA,ORB
STARLINK-1272,2020-019AC,45386,PAY,P,US,2020-03-18,AFETR,,90.28,53.03,293,284,,,EA,ORB
STARLINK-1274,2020-019AD,45387,PAY,P,US,2020-03-18,AFETR,,90.85,53.01,321,311,,,EA,ORB
STARLINK-1283,2020-019AF,45389,PAY,P,US,2020-03-18,AFETR,,90.67,53.03,311,304,,,EA,ORB
STARLINK-1284,2020-019AG,45390,PAY,P,US,2020-03-18,AFETR,,90.89,53.04,322,314,,,EA,ORB
STARLINK-1297,2020-019AM,45395,PAY,P,US,2020-03-18,AFETR,,90.49,53.03,303,293,,,EA,ORB
STARLINK-1307,2020-019AP,45397,PAY,P,US,2020-03-18,AFETR,,92.10,53.05,379,376,,,EA,ORB
STARLINK-1255,2020-019AR,45399,PAY,P,US,2020-03-18,AFETR,,91.36,53.03,345,338,,,EA,ORB
STARLINK-1260,2020-019AW,45404,PAY,P,US,2020-03-18,AFETR,,93.13,53.15,431,425,,,EA,ORB
STARLINK-1263,2020-019AX,45405,PAY,P,US,2020-03-18,AFETR,,93.28,53.15,438,433,,,EA,ORB
STARLINK-1265,2020-019AY,45406,PAY,P,US,2020-03-18,AFETR,,93.02,53.15,425,420,,,EA,ORB
STARLINK-1278,2020-019BA,45408,PAY,P,US,2020-03-18,AFETR,,90.37,53.03,298,287,,,EA,ORB
STARLINK-1296,2020-019BE,45412,PAY,P,US,2020-03-18,AFETR,,93.09,53.15,428,424,,,EA,ORB
STARLINK-1309,2020-019BG,45414,PAY,P,US,2020-03-18,AFETR,,90.64,53.05,310,302,,,EA,ORB
STARLINK-1316,2020-019BH,45415,PAY,P,US,2020-03-18,AFETR,,93.02,53.15,425,419,,,EA,ORB
STARLINK-1286,2020-019BK,45417,PAY,P,US,2020-03-18,AFETR,,91.27,53.04,339,335,,,EA,ORB
STARLINK-1308,2020-019BM,45419,PAY,P,US,2020-03-18,AFETR,,91.36,53.04,346,337,,,EA,ORB
STARLINK-1329,2020-025A,45531,PAY,P,US,2020-04-22,AFETR,,90.37,53.03,296,290,,,EA,ORB
STARLINK-1338,2020-025B,45532,PAY,P,US,2020-04-22,AFETR,,90.79,53.04,317,310,,,EA,ORB
STARLINK-1350,2020-025E,45535,PAY,P,US,2020-04-22,AFETR,,93.32,53.07,439,435,,,EA,ORB
STARLINK-1362,2020-025H,45538,PAY,P,US,2020-04-22,AFETR,,93.17,53.15,431,428,,,EA,ORB
STARLINK-1368,2020-025K,45540,PAY,P,US,2020-04-22,AFETR,,93.13,53.15,430,425,,,EA,ORB
STARLINK-1371,2020-025M,45542,PAY,P,US,2020-04-22,AFETR,,91.12,53.04,333,326,,,EA,ORB
STARLINK-1372,2020-025N,45543,PAY,P,US,2020-04-22,AFETR,,93.11,53.15,429,424,,,EA,ORB
STARLINK-1373,2020-025P,45544,PAY,P,US,2020-04-22,AFETR,,90.96,53.04,326,318,,,EA,ORB
STARLINK-1327,2020-025AA,45555,PAY,P,US,2020-04-22,AFETR,,90.75,53.03,315,307,,,EA,ORB
STARLINK-1356,2020-025AK,45564,PAY,P,US,2020-04-22,AFETR,,91.47,53.04,349,344,,,EA,ORB
STARLINK-1357,2020-025AL,45565,PAY,P,US,2020-04-22,AFETR,,90.95,53.04,326,317,,,EA,ORB
STARLINK-1361,2020-025AN,45567,PAY,P,US,2020-04-22,AFETR,,91.11,53.04,333,325,,,EA,ORB
STARLINK-1376,2020-025AR,45570,PAY,P,US,2020-04-22,AFETR,,93.09,53.15,429,423,,,EA,ORB
STARLINK-1321,2020-025AU,45573,PAY,P,US,2020-04-22,AFETR,,91.06,53.03,331,323,,,EA,ORB
STARLINK-1331,2020-025AZ,45578,PAY,P,US,2020-04-22,AFETR,,91.09,53.04,331,325,,,EA,ORB
STARLINK-1333,2020-025BB,45580,PAY,P,US,2020-04-22,AFETR,,93.26,53.15,437,432,,,EA,ORB
STARLINK-1335,2020-025BC,45581,PAY,P,US,2020-04-22,AFETR,,93.14,53.15,432,425,,,EA,ORB
STARLINK-1337,2020-025BD,45582,PAY,P,US,2020-04-22,AFETR,,90.18,53.03,287,280,,,EA,ORB
STARLINK-1347,2020-025BH,45586,PAY,P,US,2020-04-22,AFETR,,91.03,53.03,329,322,,,EA,ORB
STARLINK-1364,2020-025BL,45589,PAY,P,US,2020-04-22,AFETR,,91.00,53.03,326,321,,,EA,ORB
STARLINK-1365,2020-025BM,45590,PAY,P,US,2020-04-22,AFETR,,91.44,53.04,348,342,,,EA,ORB
STARLINK-1443,2020-035D,45660,PAY,P,US,2020-06-04,AFETR,,93.51,53.13,449,443,,,EA,ORB
STARLINK-1446,2020-035G,45663,PAY,P,US,2020-06-04,AFETR,,92.70,53.02,410,404,,,EA,ORB
STARLINK-1448,2020-035J,45665,PAY,P,US,2020-06-04,AFETR,,90.45,53.03,300,293,,,EA,ORB
STARLINK-1451,2020-035M,45668,PAY,P,US,2020-06-04,AFETR,,94.84,53.05,512,509,,,EA,ORB
STARLINK-1452,2020-035N,45669,PAY,P,US,2020-06-04,AFETR,,91.67,53.02,357,356,,,EA,ORB
STARLINK-1453,2020-035P,45670,PAY,P,US,2020-06-04,AFETR,,89.88,53.03,270,267,,,EA,ORB
STARLINK-1454,2020-035Q,45671,PAY,P,US,2020-06-04,AFETR,,90.59,53.04,307,299,,,EA,ORB
STARLINK-1456,2020-035S,45673,PAY,P,US,2020-06-04,AFETR,,91.09,53.04,332,324,,,EA,ORB
STARLINK-1458,2020-035U,45675,PAY,P,US,2020-06-04,AFETR,,91.36,53.04,344,339,,,EA,ORB
STARLINK-1460,2020-035V,45676,PAY,P,US,2020-06-04,AFETR,,93.28,53.15,437,433,,,EA,ORB
STARLINK-1392,2020-035W,45677,PAY,P,US,2020-06-04,AFETR,,93.08,53.15,426,424,,,EA,ORB
STARLINK-1394,2020-035Y,45679,PAY,P,US,2020-06-04,AFETR,,91.24,53.03,339,332,,,EA,ORB
STARLINK-1402,2020-035AE,45685,PAY,P,US,2020-06-04,AFETR,,91.50,53.04,351,345,,,EA,ORB
STARLINK-1404,2020-035AF,45686,PAY,P,US,2020-06-04,AFETR,,92.60,53.15,405,399,,,EA,ORB
STARLINK-1413,2020-035AJ,45689,PAY,P,US,2020-06-04,AFETR,,93.32,53.15,439,435,,,EA,ORB
STARLINK-1417,2020-035AN,45693,PAY,P,US,2020-06-04,AFETR,,94.67,53.04,505,500,,,EA,ORB
STARLINK-1420,2020-035AQ,45695,PAY,P,US,2020-06-04,AFETR,,90.81,53.04,318,310,,,EA,ORB
STARLINK-1422,2020-035AR,45696,PAY,P,US,2020-06-04,AFETR,,93.18,53.15,434,426,,,EA,ORB
STARLINK-1351,2020-035AS,45697,PAY,P,US,2020-06-04,AFETR,,91.30,53.04,342,334,,,EA,ORB
STARLINK-1400,2020-035AV,45700,PAY,P,US,2020-06-04,AFETR,,90.83,53.04,318,312,,,EA,ORB
STARLINK-1403,2020-035AW,45701,PAY,P,US,2020-06-04,AFETR,,93.38,53.15,442,438,,,EA,ORB
STARLINK-1407,2020-035AY,45703,PAY,P,US,2020-06-04,AFETR,,90.09,53.02,280,277,,,EA,ORB
STARLINK-1423,2020-035BF,45710,PAY,P,US,2020-06-04,AFETR,,90.97,53.04,327,318,,,EA,ORB
STARLINK-1433,2020-035BG,45711,PAY,P,US,2020-06-04,AFETR,,90.34,53.03,294,288,,,EA,ORB
STARLINK-1434,2020-035BH,45712,PAY,P,US,2020-06-04,AFETR,,93.37,53.05,442,436,,,EA,ORB
STARLINK-1465,2020-038B,45731,PAY,P,US,2020-06-13,AFETR,,91.01,53.04,325,323,,,EA,ORB
STARLINK-1471,2020-038F,45735,PAY,P,US,2020-06-13,AFETR,,92.23,53.04,385,382,,,EA,ORB
STARLINK-1480,2020-038M,45741,PAY,P,US,2020-06-13,AFETR,,91.36,53.05,344,338,,,EA,ORB
STARLINK-1500,2020-038Q,45744,PAY,P,US,2020-06-13,AFETR,,93.28,53.04,437,433,,,EA,ORB
STARLINK-1504,2020-038S,45746,PAY,P,US,2020-06-13,AFETR,,91.94,53.02,372,367,,,EA,ORB
STARLINK-1506,2020-038T,45747,PAY,P,US,2020-06-13,AFETR,,94.02,53.08,474,468,,,EA,ORB
STARLINK-1464,2020-038X,45751,PAY,P,US,2020-06-13,AFETR,,91.61,53.04,355,353,,,EA,ORB
STARLINK-1477,2020-038AA,45754,PAY,P,US,2020-06-13,AFETR,,94.51,53.02,497,493,,,EA,ORB
STARLINK-1478,2020-038AB,45755,PAY,P,US,2020-06-13,AFETR,,90.72,53.04,312,307,,,EA,ORB
STARLINK-1493,2020-038AF,45759,PAY,P,US,2020-06-13,AFETR,,91.36,53.04,345,337,,,EA,ORB
STARLINK-1502,2020-038AL,45764,PAY,P,US,2020-06-13,AFETR,,91.40,53.04,345,342,,,EA,ORB
STARLINK-1470,2020-038AU,45772,PAY,P,US,2020-06-13,AFETR,,93.35,53.04,440,437,,,EA,ORB
STARLINK-1482,2020-038AV,45773,PAY,P,US,2020-06-13,AFETR,,93.15,53.15,430,428,,,EA,ORB
STARLINK-1496,2020-038BC,45780,PAY,P,US,2020-06-13,AFETR,,90.88,53.04,320,316,,,EA,ORB
STARLINK-1513,2020-038BJ,45786,PAY,+,US,2020-06-13,AFETR,,93.79,53.16,461,458,,,EA,ORB
STARLINK-1522,2020-055A,46027,PAY,P,US,2020-08-07,AFETR,,94.93,53.06,516,514,,,EA,ORB
STARLINK-1523,2020-055B,46028,PAY,+,US,2020-08-07,AFETR,,93.66,53.16,454,453,,,EA,ORB
STARLINK-1526,2020-055C,46029,PAY,+,US,2020-08-07,AFETR,,94.01,53.16,472,470,,,EA,ORB
STARLINK-1555,2020-055F,46032,PAY,+,US,2020-08-07,AFETR,,94.01,53.16,472,470,,,EA,ORB
STARLINK-1556,2020-055G,46033,PAY,+,US,2020-08-07,AFETR,,94.01,53.16,471,470,,,EA,ORB
STARLINK-1557,2020-055H,46034,PAY,+,US,2020-08-07,AFETR,,94.01,53.16,472,470,,,EA,ORB
STARLINK-1558,2020-055J,46035,PAY,+,US,2020-08-07,AFETR,,94.01,53.16,472,470,,,EA,ORB
STARLINK-1560,2020-055K,46036,PAY,+,US,2020-08-07,AFETR,,94.01,53.16,472,470,,,EA,ORB
STARLINK-1569,2020-055N,46039,PAY,+,US,2020-08-07,AFETR,,94.01,53.16,472,470,,,EA,ORB
STARLINK-1582,2020-055S,46043,PAY,+,US,2020-08-07,AFETR,,94.01,53.16,472,469,,,EA,ORB
STARLINK-1591,2020-055U,46045,PAY,+,US,2020-08-07,AFETR,,94.01,53.16,472,470,,,EA,ORB
STARLINK-1524,2020-055W,46047,PAY,+,US,2020-08-07,AFETR,,94.01,53.16,472,470,,,EA,ORB
STARLINK-1527,2020-055X,46048,PAY,+,US,2020-08-07,AFETR,,94.01,53.16,472,470,,,EA,ORB
STARLINK-1540,2020-055AA,46051,PAY,+,US,2020-08-07,AFETR,,94.01,53.16,472,470,,,EA,ORB
STARLINK-1543,2020-055AC,46053,PAY,+,US,2020-08-07,AFETR,,94.01,53.16,472,470,,,EA,ORB
STARLINK-1548,2020-055AD,46054,PAY,+,US,2020-08-07,AFETR,,94.01,53.16,472,470,,,EA,ORB
STARLINK-1554,2020-055AE,46055,PAY,+,US,2020-08-07,AFETR,,94.01,53.16,472,470,,,EA,ORB
STARLINK-1564,2020-055AH,46058,PAY,+,US,2020-08-07,AFETR,,94.01,53.16,471,470,,,EA,ORB
STARLINK-1570,2020-055AJ,46059,PAY,+,US,2020-08-07,AFETR,,94.01,53.16,471,470,,,EA,ORB
STARLINK-1572,2020-055AK,46060,PAY,+,US,2020-08-07,AFETR,,94.01,53.16,472,470,,,EA,ORB
STARLINK-1573,2020-055AL,46061,PAY,+,US,2020-08-07,AFETR,,94.01,53.16,472,470,,,EA,ORB
STARLINK-1577,2020-055AN,46063,PAY,+,US,2020-08-07,AFETR,,94.01,53.16,472,470,,,EA,ORB
STARLINK-1583,2020-055AP,46064,PAY,+,US,2020-08-07,AFETR,,94.01,53.16,472,470,,,EA,ORB
STARLINK-1525,2020-055AR,46066,PAY,P,US,2020-08-07,AFETR,,92.18,53.04,389,374,,,EA,ORB
STARLINK-1536,2020-055AV,46070,PAY,+,US,2020-08-07,AFETR,,94.01,53.16,472,470,,,EA,ORB
STARLINK-1542,2020-055AY,46073,PAY,+,US,2020-08-07,AFETR,,94.01,53.16,471,470,,,EA,ORB
STARLINK-1549,2020-055AZ,46074,PAY,P,US,2020-08-07,AFETR,,93.55,53.05,451,446,,,EA,ORB
STARLINK-1551,2020-055BA,46075,PAY,+,US,2020-08-07,AFETR,,94.01,53.16,472,470,,,EA,ORB
STARLINK-1552,2020-055BB,46076,PAY,+,US,2020-08-07,AFETR,,94.01,53.16,472,470,,,EA,ORB
STARLINK-1559,2020-055BC,46077,PAY,P,US,2020-08-07,AFETR,,93.06,53.02,427,422,,,EA,ORB
STARLINK-1566,2020-055BE,46079,PAY,+,US,2020-08-07,AFETR,,94.01,53.16,472,470,,,EA,ORB
STARLINK-1568,2020-055BF,46080,PAY,P,US,2020-08-07,AFETR,,92.13,53.05,382,376,,,EA,ORB
STARLINK-1578,2020-055BH,46082,PAY,+,US,2020-08-07,AFETR,,94.01,53.16,472,470,,,EA,ORB
STARLINK-1579,2020-055BJ,46083,PAY,+,US,2020-08-07,AFETR,,94.01,53.16,472,470,,,EA,ORB
STARLINK-1596,2020-057AA,46141,PAY,P,US,2020-08-18,AFETR,,91.36,53.03,343,340,,,EA,ORB
STARLINK-1608,2020-057AF,46146,PAY,P,US,2020-08-18,AFETR,,93.17,53.15,430,429,,,EA,ORB
STARLINK-1641,2020-057BK,46174,PAY,P,US,2020-08-18,AFETR,,90.85,53.04,318,314,,,EA,ORB
STARLINK-1762,2020-062T,46342,PAY,P,US,2020-09-03,AFETR,,93.03,53.15,426,420,,,EA,ORB
STARLINK-1553,2020-062Z,46348,PAY,P,US,2020-09-03,AFETR,,93.12,53.03,430,425,,,EA,ORB
STARLINK-1661,2020-062AG,46355,PAY,P,US,2020-09-03,AFETR,,93.05,53.15,426,421,,,EA,ORB
STARLINK-1724,2020-062BC,46375,PAY,P,US,2020-09-03,AFETR,,89.44,53.01,253,241,,,EA,ORB
STARLINK-1771,2020-062BM,46384,PAY,P,US,2020-09-03,AFETR,,91.51,53.03,352,346,,,EA,ORB
STARLINK-1672,2020-070F,46537,PAY,P,US,2020-10-06,AFETR,,90.46,53.03,303,291,,,EA,ORB
STARLINK-1664,2020-070X,46553,PAY,P,US,2020-10-06,AFETR,,91.81,53.04,369,358,,,EA,ORB
STARLINK-1730,2020-070AH,46563,PAY,P,US,2020-10-06,AFETR,,91.17,53.02,335,329,,,EA,ORB
STARLINK-1797,2020-073AE,46698,PAY,P,US,2020-10-18,AFETR,,90.29,53.03,295,282,,,EA,ORB
STARLINK-1802,2020-073AJ,46702,PAY,P,US,2020-10-18,AFETR,,93.03,53.15,423,422,,,EA,ORB
STARLINK-1807,2020-073AN,46706,PAY,P,US,2020-10-18,AFETR,,93.61,53.05,452,451,,,EA,ORB
STARLINK-1810,2020-073AR,46709,PAY,P,US,2020-10-18,AFETR,,90.59,53.03,308,299,,,EA,ORB
STARLINK-1821,2020-073BA,46718,PAY,P,US,2020-10-18,AFETR,,91.77,53.04,362,360,,,EA,ORB
STARLINK-1828,2020-073BH,46725,PAY,P,US,2020-10-18,AFETR,,90.48,53.04,303,293,,,EA,ORB
STARLINK-1893,2020-074AZ,46786,PAY,P,US,2020-10-24,AFETR,,89.14,53.03,238,226,,,EA,ORB
STARLINK-1942,2020-074BH,46794,PAY,P,US,2020-10-24,AFETR,,89.24,53.02,242,231,,,EA,ORB
STARLINK-1777,2020-088A,47122,PAY,P,US,2020-11-25,AFETR,,89.88,53.04,270,267,,,EA,ORB
STARLINK-1812,2020-088E,47126,PAY,P,US,2020-11-25,AFETR,,94.36,53.10,490,485,,,EA,ORB
STARLINK-1845,2020-088P,47135,PAY,P,US,2020-11-25,AFETR,,89.24,53.03,243,230,,,EA,ORB
STARLINK-1856,2020-088X,47143,PAY,P,US,2020-11-25,AFETR,,90.24,53.04,290,283,,,EA,ORB
STARLINK-1871,2020-088AM,47157,PAY,P,US,2020-11-25,AFETR,,93.20,53.15,432,430,,,EA,ORB
STARLINK-1888,2020-088BB,47171,PAY,P,US,2020-11-25,AFETR,,89.42,53.03,246,246,,,EA,ORB
STARLINK-1913,2020-088BK,47179,PAY,P,US,2020-11-25,AFETR,,93.33,53.15,439,436,,,EA,ORB
STARLINK-2017,2021-005C,47351,PAY,+,US,2021-01-20,AFETR,,93.88,53.16,466,462,,,EA,ORB
STARLINK-2034,2021-005D,47352,PAY,+,US,2021-01-20,AFETR,,94.01,53.16,472,470,,,EA,ORB
STARLINK-2045,2021-005E,47353,PAY,+,US,2021-01-20,AFETR,,94.01,53.16,472,470,,,EA,ORB
STARLINK-2046,2021-005F,47354,PAY,+,US,2021-01-20,AFETR,,93.89,53.16,467,463,,,EA,ORB
STARLINK-2047,2021-005G,47355,PAY,+,US,2021-01-20,AFETR,,94.01,53.16,472,470,,,EA,ORB
STARLINK-2049,2021-005H,47356,PAY,+,US,2021-01-20,AFETR,,94.01,53.16,472,470,,,EA,ORB
STARLINK-2050,2021-005J,47357,PAY,+,US,2021-01-20,AFETR,,94.01,53.16,472,470,,,EA,ORB
STARLINK-2055,2021-005K,47358,PAY,+,US,2021-01-20,AFETR,,93.69,53.15,457,453,,,EA,ORB
STARLINK-2071,2021-005N,47361,PAY,+,US,2021-01-20,AFETR,,94.01,53.16,472,470,,,EA,ORB
STARLINK-2076,2021-005P,47362,PAY,P,US,2021-01-20,AFETR,,93.28,53.15,436,434,,,EA,ORB
STARLINK-2081,2021-005T,47366,PAY,+,US,2021-01-20,AFETR,,94.01,53.16,472,469,,,EA,ORB
STARLINK-2082,2021-005U,47367,PAY,+,US,2021-01-20,AFETR,,94.01,53.16,472,470,,,EA,ORB
STARLINK-2084,2021-005V,47368,PAY,+,US,2021-01-20,AFETR,,94.01,53.16,472,470,,,EA,ORB
STARLINK-2088,2021-005Y,47371,PAY,+,US,2021-01-20,AFETR,,94.01,53.16,472,470,,,EA,ORB
STARLINK-2092,2021-005AA,47373,PAY,+,US,2021-01-20,AFETR,,94.01,53.16,472,470,,,EA,ORB
STARLINK-2094,2021-005AC,47375,PAY,+,US,2021-01-20,AFETR,,94.01,53.16,472,470,,,EA,ORB
STARLINK-2096,2021-005AD,47376,PAY,+,US,2021-01-20,AFETR,,94.01,53.16,472,470,,,EA,ORB
STARLINK-2097,2021-005AE,47377,PAY,+,US,2021-01-20,AFETR,,94.01,53.16,472,470,,,EA,ORB
STARLINK-2098,2021-005AF,47378,PAY,+,US,2021-01-20,AFETR,,94.01,53.16,472,470,,,EA,ORB
STARLINK-2099,2021-005AG,47379,PAY,+,US,2021-01-20,AFETR,,94.01,53.16,472,470,,,EA,ORB
STARLINK-2101,2021-005AJ,47381,PAY,+,US,2021-01-20,AFETR,,93.88,53.16,465,464,,,EA,ORB
STARLINK-2102,2021-005AK,47382,PAY,+,US,2021-01-20,AFETR,,94.01,53.16,472,470,,,EA,ORB
STARLINK-2103,2021-005AL,47383,PAY,P,US,2021-01-20,AFETR,,93.35,53.15,440,437,,,EA,ORB
STARLINK-2104,2021-005AM,47384,PAY,+,US,2021-01-20,AFETR,,94.01,53.16,472,470,,,EA,ORB
STARLINK-2105,2021-005AN,47385,PAY,+,US,2021-01-20,AFETR,,94.01,53.16,472,470,,,EA,ORB
STARLINK-2106,2021-005AP,47386,PAY,+,US,2021-01-20,AFETR,,94.01,53.16,471,470,,,EA,ORB
STARLINK-2109,2021-005AR,47388,PAY,+,US,2021-01-20,AFETR,,93.84,53.16,465,459,,,EA,ORB
STARLINK-2110,2021-005AS,47389,PAY,+,US,2021-01-20,AFETR,,93.63,53.15,455,449,,,EA,ORB
STARLINK-2111,2021-005AT,47390,PAY,+,US,2021-01-20,AFETR,,94.01,53.16,472,470,,,EA,ORB
STARLINK-2112,2021-005AU,47391,PAY,+,US,2021-01-20,AFETR,,95.02,53.07,521,518,,,EA,ORB
STARLINK-2119,2021-005BA,47397,PAY,P,US,2021-01-20,AFETR,,93.41,53.15,442,440,,,EA,ORB
STARLINK-2121,2021-005BC,47399,PAY,+,US,2021-01-20,AFETR,,94.01,53.16,471,470,,,EA,ORB
STARLINK-2122,2021-005BD,47400,PAY,+,US,2021-01-20,AFETR,,94.01,53.16,472,470,,,EA,ORB
STARLINK-2123,2021-005BE,47401,PAY,+,US,2021-01-20,AFETR,,94.01,53.16,472,470,,,EA,ORB
STARLINK-2130,2021-005BJ,47405,PAY,+,US,2021-01-20,AFETR,,94.01,53.16,471,470,,,EA,ORB
STARLINK-2134,2021-005BL,47407,PAY,+,US,2021-01-20,AFETR,,93.85,53.16,466,460,,,EA,ORB
STARLINK-2135,2021-005BM,47408,PAY,+,US,2021-01-20,AFETR,,93.86,53.16,466,461,,,EA,ORB
STARLINK-1954,2021-009H,47555,PAY,P,US,2021-02-04,AFETR,,92.91,53.05,420,415,,,EA,ORB
STARLINK-2001,2021-009BA,47596,PAY,P,US,2021-02-04,AFETR,,89.37,53.02,246,240,,,EA,ORB
STARLINK-1609,2021-012B,47621,PAY,P,US,2021-02-16,AFETR,,92.43,53.15,396,391,,,EA,ORB
STARLINK-1704,2021-012F,47625,PAY,P,US,2021-02-16,AFETR,,90.88,53.04,322,313,,,EA,ORB
STARLINK-1972,2021-012H,47627,PAY,P,US,2021-02-16,AFETR,,90.67,53.04,310,305,,,EA,ORB
STARLINK-1973,2021-012J,47628,PAY,+,US,2021-02-16,AFETR,,94.01,53.16,472,470,,,EA,ORB
STARLINK-1983,2021-012L,47630,PAY,+,US,2021-02-16,AFETR,,93.88,53.16,467,462,,,EA,ORB
STARLINK-1992,2021-012N,47632,PAY,+,US,2021-02-16,AFETR,,94.01,53.16,471,470,,,EA,ORB
STARLINK-2015,2021-012U,47638,PAY,P,US,2021-02-16,AFETR,,93.26,53.15,435,433,,,EA,ORB
STARLINK-2031,2021-012AE,47648,PAY,+,US,2021-02-16,AFETR,,94.01,53.16,472,470,,,EA,ORB
STARLINK-2033,2021-012AG,47650,PAY,P,US,2021-02-16,AFETR,,92.28,53.16,391,381,,,EA,ORB
STARLINK-2039,2021-012AM,47655,PAY,+,US,2021-02-16,AFETR,,93.79,53.16,465,455,,,EA,ORB
STARLINK-2040,2021-012AN,47656,PAY,+,US,2021-02-16,AFETR,,94.01,53.16,472,470,,,EA,ORB
STARLINK-2068,2021-017A,47722,PAY,+,US,2021-03-04,AFETR,,94.01,53.16,472,470,,,EA,ORB
STARLINK-2107,2021-017B,47723,PAY,+,US,2021-03-04,AFETR,,93.64,53.16,455,450,,,EA,ORB
STARLINK-2131,2021-017G,47728,PAY,P,US,2021-03-04,AFETR,,90.78,53.06,317,308,,,EA,ORB
STARLINK-2140,2021-017J,47730,PAY,+,US,2021-03-04,AFETR,,94.01,53.16,472,470,,,EA,ORB
STARLINK-2143,2021-017M,47733,PAY,+,US,2021-03-04,AFETR,,94.01,53.16,472,470,,,EA,ORB
STARLINK-2144,2021-017N,47734,PAY,+,US,2021-03-04,AFETR,,94.01,53.16,471,470,,,EA,ORB
STARLINK-2147,2021-017Q,47736,PAY,P,US,2021-03-04,AFETR,,91.44,53.07,348,342,,,EA,ORB
STARLINK-2150,2021-017T,47739,PAY,+,US,2021-03-04,AFETR,,94.01,53.16,472,470,,,EA,ORB
STARLINK-2156,2021-017W,47742,PAY,+,US,2021-03-04,AFETR,,94.01,53.16,472,470,,,EA,ORB
STARLINK-2160,2021-017AA,47746,PAY,P,US,2021-03-04,AFETR,,91.30,53.15,342,335,,,EA,ORB
STARLINK-2161,2021-017AB,47747,PAY,+,US,2021-03-04,AFETR,,94.01,53.16,472,470,,,EA,ORB
STARLINK-2164,2021-017AE,47750,PAY,+,US,2021-03-04,AFETR,,93.94,53.16,468,466,,,EA,ORB
STARLINK-2170,2021-017AH,47753,PAY,+,US,2021-03-04,AFETR,,93.87,53.16,465,463,,,EA,ORB
STARLINK-2178,2021-017AQ,47760,PAY,+,US,2021-03-04,AFETR,,94.01,53.16,472,470,,,EA,ORB
STARLINK-2185,2021-017AX,47767,PAY,P,US,2021-03-04,AFETR,,90.17,53.14,289,276,,,EA,ORB
STARLINK-2193,2021-017BA,47770,PAY,+,US,2021-03-04,AFETR,,94.01,53.16,472,470,,,EA,ORB
STARLINK-2194,2021-017BB,47771,PAY,+,US,2021-03-04,AFETR,,93.78,53.16,461,459,,,EA,ORB
STARLINK-2195,2021-017BC,47772,PAY,+,US,2021-03-04,AFETR,,94.01,53.16,472,470,,,EA,ORB
STARLINK-2196,2021-017BD,47773,PAY,+,US,2021-03-04,AFETR,,93.42,53.16,442,441,,,EA,ORB
STARLINK-2211,2021-017BJ,47778,PAY,P,US,2021-03-04,AFETR,,91.59,53.16,355,350,,,EA,ORB
STARLINK-2213,2021-017BL,47780,PAY,+,US,2021-03-04,AFETR,,94.01,53.16,472,470,,,EA,ORB
STARLINK-2257,2021-018A,47787,PAY,+,US,2021-03-11,AFETR,,94.01,53.16,472,470,,,EA,ORB
STARLINK-2314,2021-018B,47788,PAY,P,US,2021-03-11,AFETR,,93.00,53.15,422,421,,,EA,ORB
STARLINK-2315,2021-018C,47789,PAY,+,US,2021-03-11,AFETR,,94.01,53.16,472,470,,,EA,ORB
STARLINK-2319,2021-018D,47790,PAY,+,US,2021-03-11,AFETR,,94.01,53.16,472,470,,,EA,ORB
STARLINK-2322,2021-018E,47791,PAY,+,US,2021-03-11,AFETR,,93.40,53.16,442,440,,,EA,ORB
STARLINK-2334,2021-018F,47792,PAY,+,US,2021-03-11,AFETR,,94.01,53.16,472,470,,,EA,ORB
STARLINK-2338,2021-018G,47793,PAY,+,US,2021-03-11,AFETR,,94.01,53.16,472,470,,,EA,ORB
STARLINK-2373,2021-018K,47796,PAY,P,US,2021-03-11,AFETR,,93.39,53.15,442,438,,,EA,ORB
STARLINK-2377,2021-018L,47797,PAY,+,US,2021-03-11,AFETR,,94.01,53.16,472,470,,,EA,ORB
STARLINK-2379,2021-018M,47798,PAY,+,US,2021-03-11,AFETR,,94.01,53.16,472,470,,,EA,ORB
STARLINK-2380,2021-018N,47799,PAY,+,US,2021-03-11,AFETR,,94.01,53.16,471,470,,,EA,ORB
STARLINK-2381,2021-018P,47800,PAY,+,US,2021-03-11,AFETR,,94.01,53.16,472,470,,,EA,ORB
STARLINK-2383,2021-018R,47802,PAY,+,US,2021-03-11,AFETR,,94.01,53.16,472,470,,,EA,ORB
STARLINK-2385,2021-018T,47804,PAY,+,US,2021-03-11,AFETR,,93.95,53.16,468,467,,,EA,ORB
STARLINK-2386,2021-018U,47805,PAY,+,US,2021-03-11,AFETR,,94.22,53.09,483,479,,,EA,ORB
STARLINK-2387,2021-018V,47806,PAY,+,US,2021-03-11,AFETR,,94.01,53.16,472,470,,,EA,ORB
STARLINK-2388,2021-018W,47807,PAY,+,US,2021-03-11,AFETR,,94.01,53.16,472,469,,,EA,ORB
STARLINK-2389,2021-018X,47808,PAY,+,US,2021-03-11,AFETR,,94.01,53.16,472,470,,,EA,ORB
STARLINK-2391,2021-018Z,47810,PAY,+,US,2021-03-11,AFETR,,94.01,53.16,472,470,,,EA,ORB
STARLINK-2395,2021-018AD,47814,PAY,+,US,2021-03-11,AFETR,,93.83,53.16,463,461,,,EA,ORB
STARLINK-2396,2021-018AE,47815,PAY,+,US,2021-03-11,AFETR,,94.01,53.16,472,470,,,EA,ORB
STARLINK-2399,2021-018AF,47816,PAY,+,US,2021-03-11,AFETR,,94.01,53.16,472,470,,,EA,ORB
STARLINK-2400,2021-018AG,47817,PAY,+,US,2021-03-11,AFETR,,94.01,53.16,472,470,,,EA,ORB
STARLINK-2402,2021-018AJ,47819,PAY,+,US,2021-03-11,AFETR,,94.01,53.16,472,470,,,EA,ORB
STARLINK-2406,2021-018AL,47821,PAY,+,US,2021-03-11,AFETR,,94.01,53.16,472,470,,,EA,ORB
STARLINK-2407,2021-018AM,47822,PAY,+,US,2021-03-11,AFETR,,94.01,53.16,472,470,,,EA,ORB
STARLINK-2408,2021-018AN,47823,PAY,+,US,2021-03-11,AFETR,,94.01,53.16,471,470,,,EA,ORB
STARLINK-2409,2021-018AP,47824,PAY,+,US,2021-03-11,AFETR,,94.01,53.16,472,470,,,EA,ORB
STARLINK-2410,2021-018AQ,47825,PAY,+,US,2021-03-11,AFETR,,94.01,53.16,472,470,,,EA,ORB
STARLINK-2411,2021-018AR,47826,PAY,+,US,2021-03-11,AFETR,,94.01,53.16,472,470,,,EA,ORB
STARLINK-2413,2021-018AS,47827,PAY,+,US,2021-03-11,AFETR,,94.01,53.16,471,470,,,EA,ORB
STARLINK-2415,2021-018AT,47828,PAY,+,US,2021-03-11,AFETR,,94.01,53.16,472,470,,,EA,ORB
STARLINK-2419,2021-018AV,47830,PAY,+,US,2021-03-11,AFETR,,94.01,53.16,471,470,,,EA,ORB
STARLINK-2420,2021-018AW,47831,PAY,+,US,2021-03-11,AFETR,,94.01,53.16,472,470,,,EA,ORB
STARLINK-2422,2021-018AX,47832,PAY,+,US,2021-03-11,AFETR,,94.01,53.16,472,470,,,EA,ORB
STARLINK-2423,2021-018AY,47833,PAY,+,US,2021-03-11,AFETR,,94.01,53.16,471,470,,,EA,ORB
STARLINK-2424,2021-018AZ,47834,PAY,+,US,2021-03-11,AFETR,,94.01,53.16,471,470,,,EA,ORB
STARLINK-2426,2021-018BB,47836,PAY,+,US,2021-03-11,AFETR,,94.01,53.16,472,470,,,EA,ORB
STARLINK-2427,2021-018BC,47837,PAY,+,US,2021-03-11,AFETR,,93.94,53.16,467,467,,,EA,ORB
STARLINK-2429,2021-018BD,47838,PAY,+,US,2021-03-11,AFETR,,94.01,53.16,472,470,,,EA,ORB
STARLINK-2431,2021-018BE,47839,PAY,+,US,2021-03-11,AFETR,,94.01,53.16,471,470,,,EA,ORB
STARLINK-2432,2021-018BF,47840,PAY,+,US,2021-03-11,AFETR,,94.01,53.16,471,470,,,EA,ORB
STARLINK-2433,2021-018BG,47841,PAY,+,US,2021-03-11,AFETR,,94.01,53.16,472,469,,,EA,ORB
STARLINK-2435,2021-018BJ,47843,PAY,+,US,2021-03-11,AFETR,,94.01,53.16,472,470,,,EA,ORB
STARLINK-2446,2021-018BK,47844,PAY,P,US,2021-03-11,AFETR,,93.58,53.15,452,446,,,EA,ORB
STARLINK-2453,2021-018BL,47845,PAY,+,US,2021-03-11,AFETR,,94.01,53.16,471,470,,,EA,ORB
STARLINK-2280,2021-021B,47861,PAY,+,US,2021-03-14,AFETR,,94.01,53.16,472,470,,,EA,ORB
STARLINK-2326,2021-021L,47870,PAY,+,US,2021-03-14,AFETR,,94.01,53.16,472,470,,,EA,ORB
STARLINK-2329,2021-021P,47873,PAY,+,US,2021-03-14,AFETR,,94.01,53.16,472,469,,,EA,ORB
STARLINK-2330,2021-021Q,47874,PAY,P,US,2021-03-14,AFETR,,93.16,53.14,430,428,,,EA,ORB
STARLINK-2343,2021-021AA,47884,PAY,+,US,2021-03-14,AFETR,,94.01,53.16,472,470,,,EA,ORB
STARLINK-2346,2021-021AD,47887,PAY,+,US,2021-03-14,AFETR,,94.01,53.16,472,470,,,EA,ORB
STARLINK-2354,2021-021AL,47894,PAY,P,US,2021-03-14,AFETR,,93.44,53.15,447,439,,,EA,ORB
STARLINK-2355,2021-021AM,47895,PAY,+,US,2021-03-14,AFETR,,94.01,53.16,472,470,,,EA,ORB
STARLINK-2356,2021-021AN,47896,PAY,+,US,2021-03-14,AFETR,,94.01,53.16,472,470,,,EA,ORB
STARLINK-2358,2021-021AQ,47898,PAY,+,US,2021-03-14,AFETR,,94.01,53.16,472,470,,,EA,ORB
STARLINK-2361,2021-021AT,47901,PAY,P,US,2021-03-14,AFETR,,93.11,53.15,427,426,,,EA,ORB
STARLINK-2364,2021-021AW,47904,PAY,+,US,2021-03-14,AFETR,,94.01,53.16,472,470,,,EA,ORB
STARLINK-2367,2021-021AZ,47907,PAY,+,US,2021-03-14,AFETR,,94.01,53.16,472,470,,,EA,ORB
STARLINK-2370,2021-021BC,47910,PAY,+,US,2021-03-14,AFETR,,94.01,53.16,472,470,,,EA,ORB
STARLINK-2371,2021-021BD,47911,PAY,+,US,2021-03-14,AFETR,,93.98,53.16,470,468,,,EA,ORB
STARLINK-2378,2021-021BJ,47916,PAY,+,US,2021-03-14,AFETR,,93.94,53.16,468,467,,,EA,ORB
STARLINK-2405,2021-021BM,47919,PAY,+,US,2021-03-14,AFETR,,94.01,53.16,472,470,,,EA,ORB
STARLINK-1647,2021-024B,47978,PAY,+,US,2021-03-24,AFETR,,94.01,53.16,472,470,,,EA,ORB
STARLINK-2303,2021-024E,47981,PAY,+,US,2021-03-24,AFETR,,94.01,53.16,472,470,,,EA,ORB
STARLINK-2273,2021-024S,47993,PAY,P,US,2021-03-24,AFETR,,90.41,53.14,298,291,,,EA,ORB
STARLINK-2266,2021-024W,47997,PAY,+,US,2021-03-24,AFETR,,94.01,53.16,472,470,,,EA,ORB
STARLINK-2270,2021-024Z,48000,PAY,P,US,2021-03-24,AFETR,,92.89,53.12,418,414,,,EA,ORB
STARLINK-2153,2021-024AJ,48009,PAY,+,US,2021-03-24,AFETR,,93.41,53.16,443,440,,,EA,ORB
STARLINK-2226,2021-024AK,48010,PAY,+,US,2021-03-24,AFETR,,94.01,53.16,472,470,,,EA,ORB
STARLINK-2285,2021-024AU,48019,PAY,+,US,2021-03-24,AFETR,,94.01,53.16,472,470,,,EA,ORB
STARLINK-2298,2021-024AX,48022,PAY,P,US,2021-03-24,AFETR,,91.05,53.11,329,323,,,EA,ORB
STARLINK-2292,2021-024AY,48023,PAY,P,US,2021-03-24,AFETR,,92.76,53.11,411,409,,,EA,ORB
STARLINK-2404,2021-027B,48093,PAY,+,US,2021-04-07,AFETR,,94.01,53.16,472,469,,,EA,ORB
STARLINK-2412,2021-027C,48094,PAY,+,US,2021-04-07,AFETR,,94.01,53.16,472,470,,,EA,ORB
STARLINK-2414,2021-027D,48095,PAY,+,US,2021-04-07,AFETR,,94.01,53.16,472,470,,,EA,ORB
STARLINK-2417,2021-027E,48096,PAY,+,US,2021-04-07,AFETR,,94.01,53.16,472,469,,,EA,ORB
STARLINK-2418,2021-027F,48097,PAY,+,US,2021-04-07,AFETR,,93.97,53.16,470,467,,,EA,ORB
STARLINK-2421,2021-027G,48098,PAY,+,US,2021-04-07,AFETR,,93.31,53.16,438,435,,,EA,ORB
STARLINK-2428,2021-027H,48099,PAY,+,US,2021-04-07,AFETR,,94.01,53.16,472,470,,,EA,ORB
STARLINK-2430,2021-027J,48100,PAY,+,US,2021-04-07,AFETR,,94.01,53.16,472,470,,,EA,ORB
STARLINK-2436,2021-027K,48101,PAY,+,US,2021-04-07,AFETR,,94.01,53.16,471,470,,,EA,ORB
STARLINK-2439,2021-027N,48104,PAY,+,US,2021-04-07,AFETR,,94.01,53.16,472,469,,,EA,ORB
STARLINK-2440,2021-027P,48105,PAY,+,US,2021-04-07,AFETR,,94.01,53.16,473,469,,,EA,ORB
STARLINK-2442,2021-027Q,48106,PAY,+,US,2021-04-07,AFETR,,94.01,53.16,472,470,,,EA,ORB
STARLINK-2443,2021-027R,48107,PAY,+,US,2021-04-07,AFETR,,94.01,53.16,472,470,,,EA,ORB
STARLINK-2448,2021-027V,48111,PAY,P,US,2021-04-07,AFETR,,92.69,53.15,409,404,,,EA,ORB
STARLINK-2449,2021-027W,48112,PAY,+,US,2021-04-07,AFETR,,94.01,53.16,472,470,,,EA,ORB
STARLINK-2450,2021-027X,48113,PAY,+,US,2021-04-07,AFETR,,94.01,53.16,472,470,,,EA,ORB
STARLINK-2452,2021-027Z,48115,PAY,+,US,2021-04-07,AFETR,,94.01,53.16,472,470,,,EA,ORB
STARLINK-2454,2021-027AA,48116,PAY,+,US,2021-04-07,AFETR,,94.01,53.16,472,470,,,EA,ORB
STARLINK-2455,2021-027AB,48117,PAY,+,US,2021-04-07,AFETR,,94.01,53.16,472,470,,,EA,ORB
STARLINK-2459,2021-027AD,48119,PAY,+,US,2021-04-07,AFETR,,94.01,53.16,471,470,,,EA,ORB
STARLINK-2460,2021-027AE,48120,PAY,P,US,2021-04-07,AFETR,,92.75,53.16,410,408,,,EA,ORB
STARLINK-2462,2021-027AF,48121,PAY,+,US,2021-04-07,AFETR,,94.01,53.16,471,470,,,EA,ORB
STARLINK-2464,2021-027AH,48123,PAY,+,US,2021-04-07,AFETR,,94.01,53.16,471,471,,,EA,ORB
STARLINK-2465,2021-027AJ,48124,PAY,+,US,2021-04-07,AFETR,,94.01,53.16,471,470,,,EA,ORB
STARLINK-2466,2021-027AK,48125,PAY,+,US,2021-04-07,AFETR,,94.01,53.16,472,470,,,EA,ORB
STARLINK-2467,2021-027AL,48126,PAY,+,US,2021-04-07,AFETR,,94.01,53.16,472,470,,,EA,ORB
STARLINK-2468,2021-027AM,48127,PAY,+,US,2021-04-07,AFETR,,94.01,53.16,471,470,,,EA,ORB
STARLINK-2469,2021-027AN,48128,PAY,+,US,2021-04-07,AFETR,,93.19,53.10,434,427,,,EA,ORB
STARLINK-2471,2021-027AP,48129,PAY,+,US,2021-04-07,AFETR,,94.01,53.16,472,470,,,EA,ORB
STARLINK-2472,2021-027AQ,48130,PAY,+,US,2021-04-07,AFETR,,94.01,53.16,472,470,,,EA,ORB
STARLINK-2473,2021-027AR,48131,PAY,+,US,2021-04-07,AFETR,,94.01,53.16,472,470,,,EA,ORB
STARLINK-2474,2021-027AS,48132,PAY,+,US,2021-04-07,AFETR,,94.01,53.16,472,470,,,EA,ORB
STARLINK-2475,2021-027AT,48133,PAY,+,US,2021-04-07,AFETR,,94.01,53.16,472,470,,,EA,ORB
STARLINK-2476,2021-027AU,48134,PAY,+,US,2021-04-07,AFETR,,94.01,53.16,472,470,,,EA,ORB
STARLINK-2478,2021-027AV,48135,PAY,+,US,2021-04-07,AFETR,,94.01,53.16,471,470,,,EA,ORB
STARLINK-2479,2021-027AW,48136,PAY,+,US,2021-04-07,AFETR,,94.01,53.16,471,470,,,EA,ORB
STARLINK-2480,2021-027AX,48137,PAY,+,US,2021-04-07,AFETR,,94.01,53.16,472,470,,,EA,ORB
STARLINK-2481,2021-027AY,48138,PAY,+,US,2021-04-07,AFETR,,94.01,53.16,472,470,,,EA,ORB
STARLINK-2482,2021-027AZ,48139,PAY,+,US,2021-04-07,AFETR,,94.01,53.16,472,470,,,EA,ORB
STARLINK-2483,2021-027BA,48140,PAY,+,US,2021-04-07,AFETR,,94.01,53.16,471,470,,,EA,ORB
STARLINK-2485,2021-027BC,48142,PAY,+,US,2021-04-07,AFETR,,94.01,53.16,472,470,,,EA,ORB
STARLINK-2486,2021-027BD,48143,PAY,P,US,2021-04-07,AFETR,,93.02,53.15,426,419,,,EA,ORB
STARLINK-2487,2021-027BE,48144,PAY,+,US,2021-04-07,AFETR,,94.01,53.16,472,470,,,EA,ORB
STARLINK-2491,2021-027BJ,48148,PAY,+,US,2021-04-07,AFETR,,94.01,53.16,472,470,,,EA,ORB
STARLINK-2492,2021-027BK,48149,PAY,+,US,2021-04-07,AFETR,,94.01,53.16,471,470,,,EA,ORB
STARLINK-2493,2021-027BL,48150,PAY,+,US,2021-04-07,AFETR,,94.01,53.16,472,470,,,EA,ORB
STARLINK-2503,2021-027BM,48151,PAY,+,US,2021-04-07,AFETR,,94.01,53.16,472,470,,,EA,ORB
STARLINK-2567,2021-036A,48276,PAY,+,US,2021-04-29,AFETR,,94.01,53.16,472,470,,,EA,ORB
STARLINK-2569,2021-036B,48277,PAY,+,US,2021-04-29,AFETR,,93.58,53.12,453,447,,,EA,ORB
STARLINK-2543,2021-036C,48278,PAY,+,US,2021-04-29,AFETR,,94.01,53.16,472,470,,,EA,ORB
STARLINK-2565,2021-036E,48280,PAY,+,US,2021-04-29,AFETR,,94.01,53.16,471,470,,,EA,ORB
STARLINK-2558,2021-036G,48282,PAY,+,US,2021-04-29,AFETR,,94.01,53.16,472,470,,,EA,ORB
STARLINK-2516,2021-036H,48283,PAY,+,US,2021-04-29,AFETR,,94.01,53.16,472,470,,,EA,ORB
STARLINK-2564,2021-036J,48284,PAY,+,US,2021-04-29,AFETR,,94.01,53.16,472,470,,,EA,ORB
STARLINK-2547,2021-036L,48286,PAY,+,US,2021-04-29,AFETR,,94.01,53.16,472,470,,,EA,ORB
STARLINK-2566,2021-036M,48287,PAY,+,US,2021-04-29,AFETR,,94.01,53.16,472,470,,,EA,ORB
STARLINK-2545,2021-036P,48289,PAY,+,US,2021-04-29,AFETR,,94.01,53.16,472,470,,,EA,ORB
STARLINK-2555,2021-036R,48291,PAY,+,US,2021-04-29,AFETR,,94.01,53.16,472,470,,,EA,ORB
STARLINK-2542,2021-036S,48292,PAY,+,US,2021-04-29,AFETR,,94.01,53.16,472,470,,,EA,ORB
STARLINK-2550,2021-036T,48293,PAY,+,US,2021-04-29,AFETR,,94.01,53.16,472,470,,,EA,ORB
STARLINK-2533,2021-036U,48294,PAY,+,US,2021-04-29,AFETR,,94.01,53.16,472,470,,,EA,ORB
STARLINK-2535,2021-036V,48295,PAY,+,US,2021-04-29,AFETR,,94.01,53.16,471,470,,,EA,ORB
STARLINK-2559,2021-036Y,48298,PAY,P,US,2021-04-29,AFETR,,93.32,53.15,438,436,,,EA,ORB
STARLINK-2557,2021-036Z,48299,PAY,+,US,2021-04-29,AFETR,,94.01,53.16,472,470,,,EA,ORB
STARLINK-2538,2021-036AA,48300,PAY,+,US,2021-04-29,AFETR,,94.01,53.16,472,470,,,EA,ORB
STARLINK-2537,2021-036AB,48301,PAY,+,US,2021-04-29,AFETR,,94.01,53.16,472,470,,,EA,ORB
STARLINK-2530,2021-036AD,48303,PAY,+,US,2021-04-29,AFETR,,94.01,53.16,472,470,,,EA,ORB
STARLINK-2524,2021-036AE,48304,PAY,+,US,2021-04-29,AFETR,,94.01,53.16,472,470,,,EA,ORB
STARLINK-2519,2021-036AF,48305,PAY,+,US,2021-04-29,AFETR,,94.01,53.16,472,470,,,EA,ORB
STARLINK-2523,2021-036AG,48306,PAY,+,US,2021-04-29,AFETR,,94.01,53.16,471,470,,,EA,ORB
STARLINK-2517,2021-036AK,48309,PAY,+,US,2021-04-29,AFETR,,94.01,53.16,472,470,,,EA,ORB
STARLINK-2536,2021-036AL,48310,PAY,+,US,2021-04-29,AFETR,,94.01,53.16,472,470,,,EA,ORB
STARLINK-2534,2021-036AM,48311,PAY,+,US,2021-04-29,AFETR,,94.01,53.16,472,470,,,EA,ORB
STARLINK-2061,2021-036AN,48312,PAY,+,US,2021-04-29,AFETR,,94.01,53.16,472,470,,,EA,ORB
STARLINK-2549,2021-036AQ,48314,PAY,+,US,2021-04-29,AFETR,,94.01,53.16,472,470,,,EA,ORB
STARLINK-2506,2021-036AR,48315,PAY,+,US,2021-04-29,AFETR,,94.01,53.16,472,470,,,EA,ORB
STARLINK-2507,2021-036AS,48316,PAY,+,US,2021-04-29,AFETR,,94.01,53.16,472,470,,,EA,ORB
STARLINK-2513,2021-036AT,48317,PAY,+,US,2021-04-29,AFETR,,94.01,53.16,472,470,,,EA,ORB
STARLINK-2509,2021-036AU,48318,PAY,+,US,2021-04-29,AFETR,,94.01,53.16,472,470,,,EA,ORB
STARLINK-2512,2021-036AV,48319,PAY,+,US,2021-04-29,AFETR,,94.01,53.16,471,470,,,EA,ORB
STARLINK-2029,2021-036AW,48320,PAY,+,US,2021-04-29,AFETR,,94.01,53.16,472,470,,,EA,ORB
STARLINK-2457,2021-036AX,48321,PAY,+,US,2021-04-29,AFETR,,94.01,53.16,472,470,,,EA,ORB
STARLINK-2515,2021-036AZ,48323,PAY,+,US,2021-04-29,AFETR,,94.01,53.16,472,470,,,EA,ORB
STARLINK-2495,2021-036BB,48325,PAY,+,US,2021-04-29,AFETR,,94.01,53.16,472,470,,,EA,ORB
STARLINK-2498,2021-036BC,48326,PAY,+,US,2021-04-29,AFETR,,94.01,53.16,471,470,,,EA,ORB
STARLINK-2502,2021-036BD,48327,PAY,+,US,2021-04-29,AFETR,,94.01,53.16,472,470,,,EA,ORB
STARLINK-2504,2021-036BE,48328,PAY,+,US,2021-04-29,AFETR,,94.01,53.16,471,470,,,EA,ORB
STARLINK-2510,2021-036BF,48329,PAY,+,US,2021-04-29,AFETR,,94.01,53.16,472,470,,,EA,ORB
STARLINK-2501,2021-036BG,48330,PAY,+,US,2021-04-29,AFETR,,94.01,53.16,472,470,,,EA,ORB
STARLINK-2514,2021-036BH,48331,PAY,P,US,2021-04-29,AFETR,,93.48,53.15,445,444,,,EA,ORB
STARLINK-2518,2021-036BK,48333,PAY,+,US,2021-04-29,AFETR,,94.01,53.16,471,470,,,EA,ORB
STARLINK-2470,2021-036BL,48334,PAY,+,US,2021-04-29,AFETR,,94.01,53.16,471,470,,,EA,ORB
STARLINK-2613,2021-038A,48353,PAY,+,US,2021-05-04,AFETR,,94.01,53.16,472,470,,,EA,ORB
STARLINK-2674,2021-038B,48354,PAY,+,US,2021-05-04,AFETR,,94.01,53.16,471,470,,,EA,ORB
STARLINK-2635,2021-038C,48355,PAY,+,US,2021-05-04,AFETR,,94.01,53.16,472,470,,,EA,ORB
STARLINK-2637,2021-038D,48356,PAY,+,US,2021-05-04,AFETR,,94.01,53.16,471,470,,,EA,ORB
STARLINK-2636,2021-038E,48357,PAY,+,US,2021-05-04,AFETR,,94.01,53.16,472,470,,,EA,ORB
STARLINK-2624,2021-038F,48358,PAY,+,US,2021-05-04,AFETR,,94.01,53.16,472,470,,,EA,ORB
STARLINK-2628,2021-038G,48359,PAY,+,US,2021-05-04,AFETR,,93.95,53.16,469,466,,,EA,ORB
STARLINK-2622,2021-038H,48360,PAY,+,US,2021-05-04,AFETR,,94.01,53.16,472,470,,,EA,ORB
STARLINK-2591,2021-038J,48361,PAY,+,US,2021-05-04,AFETR,,94.01,53.16,472,470,,,EA,ORB
STARLINK-2578,2021-038K,48362,PAY,+,US,2021-05-04,AFETR,,94.01,53.16,472,470,,,EA,ORB
STARLINK-2611,2021-038M,48364,PAY,+,US,2021-05-04,AFETR,,94.01,53.16,472,470,,,EA,ORB
STARLINK-2608,2021-038N,48365,PAY,+,US,2021-05-04,AFETR,,94.01,53.16,472,470,,,EA,ORB
STARLINK-2643,2021-038Q,48367,PAY,+,US,2021-05-04,AFETR,,94.01,53.16,472,470,,,EA,ORB
STARLINK-2623,2021-038R,48368,PAY,+,US,2021-05-04,AFETR,,94.01,53.16,472,470,,,EA,ORB
STARLINK-2621,2021-038T,48370,PAY,+,US,2021-05-04,AFETR,,94.01,53.16,472,470,,,EA,ORB
STARLINK-2589,2021-038U,48371,PAY,+,US,2021-05-04,AFETR,,94.01,53.16,472,470,,,EA,ORB
STARLINK-2609,2021-038W,48373,PAY,+,US,2021-05-04,AFETR,,94.01,53.16,472,470,,,EA,ORB
STARLINK-2604,2021-038X,48374,PAY,+,US,2021-05-04,AFETR,,94.01,53.16,472,470,,,EA,ORB
STARLINK-2603,2021-038Y,48375,PAY,+,US,2021-05-04,AFETR,,94.01,53.16,472,470,,,EA,ORB
STARLINK-2610,2021-038Z,48376,PAY,P,US,2021-05-04,AFETR,,90.66,53.15,310,303,,,EA,ORB
STARLINK-2499,2021-038AA,48377,PAY,+,US,2021-05-04,AFETR,,94.01,53.16,472,470,,,EA,ORB
STARLINK-2526,2021-038AB,48378,PAY,+,US,2021-05-04,AFETR,,94.01,53.16,472,470,,,EA,ORB
STARLINK-2612,2021-038AC,48379,PAY,+,US,2021-05-04,AFETR,,94.01,53.16,472,470,,,EA,ORB
STARLINK-2614,2021-038AD,48380,PAY,+,US,2021-05-04,AFETR,,94.01,53.16,472,470,,,EA,ORB
STARLINK-2630,2021-038AE,48381,PAY,+,US,2021-05-04,AFETR,,94.01,53.16,471,470,,,EA,ORB
STARLINK-2585,2021-038AF,48382,PAY,+,US,2021-05-04,AFETR,,94.01,53.16,472,470,,,EA,ORB
STARLINK-2598,2021-038AJ,48385,PAY,+,US,2021-05-04,AFETR,,94.01,53.16,472,470,,,EA,ORB
STARLINK-2606,2021-038AK,48386,PAY,+,US,2021-05-04,AFETR,,94.01,53.16,472,470,,,EA,ORB
STARLINK-2594,2021-038AM,48388,PAY,+,US,2021-05-04,AFETR,,94.01,53.16,472,470,,,EA,ORB
STARLINK-2586,2021-038AP,48390,PAY,+,US,2021-05-04,AFETR,,94.01,53.16,472,470,,,EA,ORB
STARLINK-2607,2021-038AQ,48391,PAY,+,US,2021-05-04,AFETR,,94.01,53.16,472,470,,,EA,ORB
STARLINK-2605,2021-038AR,48392,PAY,+,US,2021-05-04,AFETR,,94.01,53.16,472,470,,,EA,ORB
STARLINK-2574,2021-038AU,48395,PAY,+,US,2021-05-04,AFETR,,94.01,53.16,472,470,,,EA,ORB
STARLINK-2575,2021-038AV,48396,PAY,+,US,2021-05-04,AFETR,,94.01,53.16,472,470,,,EA,ORB
STARLINK-2590,2021-038AW,48397,PAY,+,US,2021-05-04,AFETR,,94.01,53.16,472,470,,,EA,ORB
STARLINK-2588,2021-038AX,48398,PAY,+,US,2021-05-04,AFETR,,94.41,53.05,493,486,,,EA,ORB
STARLINK-2587,2021-038AY,48399,PAY,+,US,2021-05-04,AFETR,,94.01,53.16,472,470,,,EA,ORB
STARLINK-2576,2021-038AZ,48400,PAY,+,US,2021-05-04,AFETR,,94.01,53.16,472,470,,,EA,ORB
STARLINK-2571,2021-038BA,48401,PAY,+,US,2021-05-04,AFETR,,94.01,53.16,472,470,,,EA,ORB
STARLINK-2593,2021-038BD,48404,PAY,+,US,2021-05-04,AFETR,,94.01,53.16,472,470,,,EA,ORB
STARLINK-2570,2021-038BE,48405,PAY,+,US,2021-05-04,AFETR,,94.01,53.16,472,470,,,EA,ORB
STARLINK-2568,2021-038BF,48406,PAY,+,US,2021-05-04,AFETR,,93.89,53.16,467,463,,,EA,ORB
STARLINK-2592,2021-038BH,48408,PAY,+,US,2021-05-04,AFETR,,94.01,53.16,472,470,,,EA,ORB
STARLINK-2563,2021-038BK,48410,PAY,+,US,2021-05-04,AFETR,,94.01,53.16,472,470,,,EA,ORB
STARLINK-2505,2021-038BL,48411,PAY,+,US,2021-05-04,AFETR,,94.01,53.16,472,470,,,EA,ORB
STARLINK-2581,2021-038BM,48412,PAY,+,US,2021-05-04,AFETR,,94.01,53.16,471,470,,,EA,ORB
STARLINK-2461,2021-040A,48428,PAY,+,US,2021-05-09,AFETR,,94.01,53.16,472,469,,,EA,ORB
STARLINK-2700,2021-040D,48431,PAY,+,US,2021-05-09,AFETR,,94.01,53.16,472,469,,,EA,ORB
STARLINK-2680,2021-040E,48432,PAY,+,US,2021-05-09,AFETR,,94.01,53.16,472,470,,,EA,ORB
STARLINK-2699,2021-040F,48433,PAY,+,US,2021-05-09,AFETR,,94.01,53.16,472,470,,,EA,ORB
STARLINK-2692,2021-040G,48434,PAY,+,US,2021-05-09,AFETR,,94.02,53.16,472,470,,,EA,ORB
STARLINK-2633,2021-040H,48435,PAY,+,US,2021-05-09,AFETR,,94.01,53.16,472,470,,,EA,ORB
STARLINK-2639,2021-040J,48436,PAY,+,US,2021-05-09,AFETR,,94.01,53.16,472,470,,,EA,ORB
STARLINK-2642,2021-040K,48437,PAY,+,US,2021-05-09,AFETR,,94.01,53.16,472,470,,,EA,ORB
STARLINK-2640,2021-040L,48438,PAY,+,US,2021-05-09,AFETR,,94.01,53.16,472,470,,,EA,ORB
STARLINK-2583,2021-040M,48439,PAY,+,US,2021-05-09,AFETR,,94.01,53.16,472,470,,,EA,ORB
STARLINK-2682,2021-040N,48440,PAY,+,US,2021-05-09,AFETR,,94.01,53.16,472,470,,,EA,ORB
STARLINK-2702,2021-040P,48441,PAY,+,US,2021-05-09,AFETR,,94.01,53.16,472,470,,,EA,ORB
STARLINK-2644,2021-040Q,48442,PAY,P,US,2021-05-09,AFETR,,91.36,53.16,346,337,,,EA,ORB
STARLINK-2663,2021-040R,48443,PAY,+,US,2021-05-09,AFETR,,94.01,53.16,472,470,,,EA,ORB
STARLINK-2645,2021-040S,48444,PAY,+,US,2021-05-09,AFETR,,94.01,53.16,472,470,,,EA,ORB
STARLINK-2634,2021-040T,48445,PAY,+,US,2021-05-09,AFETR,,94.01,53.16,472,470,,,EA,ORB
STARLINK-2655,2021-040X,48449,PAY,+,US,2021-05-09,AFETR,,93.98,53.16,470,468,,,EA,ORB
STARLINK-2703,2021-040AA,48452,PAY,+,US,2021-05-09,AFETR,,94.01,53.16,471,470,,,EA,ORB
STARLINK-2620,2021-040AB,48453,PAY,+,US,2021-05-09,AFETR,,94.01,53.16,472,470,,,EA,ORB
STARLINK-2654,2021-040AC,48454,PAY,+,US,2021-05-09,AFETR,,94.01,53.16,472,470,,,EA,ORB
STARLINK-2497,2021-040AD,48455,PAY,+,US,2021-05-09,AFETR,,94.01,53.16,472,470,,,EA,ORB
STARLINK-2698,2021-040AG,48458,PAY,+,US,2021-05-09,AFETR,,94.01,53.16,471,470,,,EA,ORB
STARLINK-2579,2021-040AH,48459,PAY,+,US,2021-05-09,AFETR,,94.01,53.16,472,470,,,EA,ORB
STARLINK-2683,2021-040AL,48462,PAY,+,US,2021-05-09,AFETR,,94.01,53.16,472,469,,,EA,ORB
STARLINK-2686,2021-040AN,48464,PAY,+,US,2021-05-09,AFETR,,94.01,53.16,471,470,,,EA,ORB
STARLINK-2681,2021-040AP,48465,PAY,P,US,2021-05-09,AFETR,,89.16,53.13,238,228,,,EA,ORB
STARLINK-2687,2021-040AQ,48466,PAY,+,US,2021-05-09,AFETR,,94.01,53.16,471,470,,,EA,ORB
STARLINK-2659,2021-040AR,48467,PAY,+,US,2021-05-09,AFETR,,94.01,53.16,472,470,,,EA,ORB
STARLINK-2685,2021-040AS,48468,PAY,+,US,2021-05-09,AFETR,,93.83,53.16,463,461,,,EA,ORB
STARLINK-2661,2021-040AT,48469,PAY,+,US,2021-05-09,AFETR,,94.01,53.16,472,470,,,EA,ORB
STARLINK-2675,2021-040AU,48470,PAY,+,US,2021-05-09,AFETR,,94.01,53.16,472,470,,,EA,ORB
STARLINK-2684,2021-040AV,48471,PAY,+,US,2021-05-09,AFETR,,94.01,53.16,472,470,,,EA,ORB
STARLINK-2722,2021-040AW,48472,PAY,+,US,2021-05-09,AFETR,,95.01,53.06,520,518,,,EA,ORB
STARLINK-2658,2021-040AX,48473,PAY,+,US,2021-05-09,AFETR,,94.01,53.16,471,470,,,EA,ORB
STARLINK-2697,2021-040AY,48474,PAY,+,US,2021-05-09,AFETR,,94.01,53.16,472,470,,,EA,ORB
STARLINK-2728,2021-040BC,48478,PAY,+,US,2021-05-09,AFETR,,94.01,53.16,472,470,,,EA,ORB
STARLINK-2755,2021-040BD,48479,PAY,+,US,2021-05-09,AFETR,,94.01,53.16,472,470,,,EA,ORB
STARLINK-2706,2021-040BF,48481,PAY,+,US,2021-05-09,AFETR,,94.01,53.16,472,470,,,EA,ORB
STARLINK-2525,2021-040BG,48482,PAY,+,US,2021-05-09,AFETR,,94.01,53.16,472,470,,,EA,ORB
STARLINK-2531,2021-040BH,48483,PAY,+,US,2021-05-09,AFETR,,94.01,53.16,472,470,,,EA,ORB
STARLINK-2500,2021-040BK,48485,PAY,+,US,2021-05-09,AFETR,,94.01,53.16,472,470,,,EA,ORB
STARLINK-2494,2021-040BM,48487,PAY,+,US,2021-05-09,AFETR,,94.01,53.16,472,470,,,EA,ORB
STARLINK-2063,2021-041A,48553,PAY,+,US,2021-05-15,AFETR,,94.01,53.16,472,470,,,EA,ORB
STARLINK-2139,2021-041B,48554,PAY,+,US,2021-05-15,AFETR,,94.01,53.16,471,470,,,EA,ORB
STARLINK-2145,2021-041C,48555,PAY,+,US,2021-05-15,AFETR,,94.01,53.16,472,470,,,EA,ORB
STARLINK-2151,2021-041D,48556,PAY,+,US,2021-05-15,AFETR,,94.01,53.16,471,470,,,EA,ORB
STARLINK-2155,2021-041E,48557,PAY,+,US,2021-05-15,AFETR,,94.01,53.16,471,470,,,EA,ORB
STARLINK-2166,2021-041F,48558,PAY,+,US,2021-05-15,AFETR,,94.01,53.16,471,470,,,EA,ORB
STARLINK-2187,2021-041K,48562,PAY,P,US,2021-05-15,AFETR,,90.84,53.15,321,311,,,EA,ORB
STARLINK-2188,2021-041L,48563,PAY,+,US,2021-05-15,AFETR,,94.01,53.16,472,470,,,EA,ORB
STARLINK-2190,2021-041M,48564,PAY,+,US,2021-05-15,AFETR,,94.01,53.16,471,470,,,EA,ORB
STARLINK-2214,2021-041P,48566,PAY,+,US,2021-05-15,AFETR,,94.01,53.16,472,470,,,EA,ORB
STARLINK-2217,2021-041R,48568,PAY,+,US,2021-05-15,AFETR,,94.01,53.16,471,470,,,EA,ORB
STARLINK-2219,2021-041S,48569,PAY,+,US,2021-05-15,AFETR,,94.01,53.16,472,470,,,EA,ORB
STARLINK-2221,2021-041U,48571,PAY,+,US,2021-05-15,AFETR,,94.01,53.16,472,470,,,EA,ORB
STARLINK-2222,2021-041V,48572,PAY,+,US,2021-05-15,AFETR,,94.01,53.16,472,470,,,EA,ORB
STARLINK-2224,2021-041W,48573,PAY,+,US,2021-05-15,AFETR,,94.01,53.16,472,470,,,EA,ORB
STARLINK-2225,2021-041X,48574,PAY,+,US,2021-05-15,AFETR,,94.01,53.16,472,470,,,EA,ORB
STARLINK-2227,2021-041Y,48575,PAY,+,US,2021-05-15,AFETR,,93.89,53.16,468,462,,,EA,ORB
STARLINK-2228,2021-041Z,48576,PAY,+,US,2021-05-15,AFETR,,94.01,53.16,472,470,,,EA,ORB
STARLINK-2231,2021-041AA,48577,PAY,+,US,2021-05-15,AFETR,,94.01,53.16,471,470,,,EA,ORB
STARLINK-2232,2021-041AB,48578,PAY,+,US,2021-05-15,AFETR,,94.01,53.16,471,470,,,EA,ORB
STARLINK-2234,2021-041AD,48580,PAY,+,US,2021-05-15,AFETR,,94.01,53.16,472,470,,,EA,ORB
STARLINK-2235,2021-041AE,48581,PAY,+,US,2021-05-15,AFETR,,94.01,53.16,471,470,,,EA,ORB
STARLINK-2236,2021-041AF,48582,PAY,P,US,2021-05-15,AFETR,,91.15,53.05,338,324,,,EA,ORB
STARLINK-2237,2021-041AG,48583,PAY,+,US,2021-05-15,AFETR,,94.01,53.16,472,470,,,EA,ORB
STARLINK-2241,2021-041AK,48586,PAY,+,US,2021-05-15,AFETR,,94.01,53.16,471,470,,,EA,ORB
STARLINK-2245,2021-041AN,48589,PAY,+,US,2021-05-15,AFETR,,94.01,53.16,472,470,,,EA,ORB
STARLINK-2250,2021-041AS,48593,PAY,+,US,2021-05-15,AFETR,,94.01,53.16,472,470,,,EA,ORB
STARLINK-2251,2021-041AT,48594,PAY,+,US,2021-05-15,AFETR,,94.01,53.16,472,470,,,EA,ORB
STARLINK-2252,2021-041AU,48595,PAY,+,US,2021-05-15,AFETR,,94.01,53.16,472,470,,,EA,ORB
STARLINK-2253,2021-041AV,48596,PAY,+,US,2021-05-15,AFETR,,94.02,53.16,472,470,,,EA,ORB
STARLINK-2255,2021-041AW,48597,PAY,+,US,2021-05-15,AFETR,,94.01,53.16,472,470,,,EA,ORB
STARLINK-2713,2021-041BB,48602,PAY,+,US,2021-05-15,AFETR,,94.01,53.16,471,470,,,EA,ORB
STARLINK-2714,2021-041BC,48603,PAY,+,US,2021-05-15,AFETR,,94.01,53.16,471,470,,,EA,ORB
STARLINK-2757,2021-041BD,48604,PAY,+,US,2021-05-15,AFETR,,94.01,53.16,471,470,,,EA,ORB
STARLINK-2739,2021-044B,48639,PAY,+,US,2021-05-26,AFETR,,94.01,53.16,472,470,,,EA,ORB
STARLINK-2736,2021-044C,48640,PAY,+,US,2021-05-26,AFETR,,94.01,53.16,472,470,,,EA,ORB
STARLINK-2754,2021-044D,48641,PAY,+,US,2021-05-26,AFETR,,94.01,53.16,472,470,,,EA,ORB
STARLINK-2646,2021-044E,48642,PAY,+,US,2021-05-26,AFETR,,94.01,53.16,471,470,,,EA,ORB
STARLINK-2704,2021-044F,48643,PAY,+,US,2021-05-26,AFETR,,94.01,53.16,472,470,,,EA,ORB
STARLINK-2695,2021-044G,48644,PAY,+,US,2021-05-26,AFETR,,94.01,53.16,472,470,,,EA,ORB
STARLINK-2732,2021-044J,48646,PAY,+,US,2021-05-26,AFETR,,94.01,53.16,471,470,,,EA,ORB
STARLINK-2521,2021-044L,48648,PAY,+,US,2021-05-26,AFETR,,94.01,53.16,472,470,,,EA,ORB
STARLINK-2673,2021-044M,48649,PAY,+,US,2021-05-26,AFETR,,94.01,53.16,472,470,,,EA,ORB
STARLINK-2672,2021-044N,48650,PAY,+,US,2021-05-26,AFETR,,94.01,53.16,472,470,,,EA,ORB
STARLINK-2731,2021-044P,48651,PAY,+,US,2021-05-26,AFETR,,94.01,53.16,472,470,,,EA,ORB
STARLINK-2720,2021-044R,48653,PAY,+,US,2021-05-26,AFETR,,94.01,53.16,471,470,,,EA,ORB
STARLINK-2657,2021-044T,48655,PAY,+,US,2021-05-26,AFETR,,94.01,53.16,472,470,,,EA,ORB
STARLINK-2701,2021-044U,48656,PAY,+,US,2021-05-26,AFETR,,94.01,53.16,472,470,,,EA,ORB
STARLINK-2734,2021-044V,48657,PAY,+,US,2021-05-26,AFETR,,94.01,53.16,472,470,,,EA,ORB
STARLINK-2647,2021-044W,48658,PAY,+,US,2021-05-26,AFETR,,94.01,53.16,472,470,,,EA,ORB
STARLINK-2717,2021-044X,48659,PAY,+,US,2021-05-26,AFETR,,94.01,53.16,472,470,,,EA,ORB
STARLINK-2726,2021-044AA,48662,PAY,P,US,2021-05-26,AFETR,,94.01,53.16,472,470,,,EA,ORB
STARLINK-2667,2021-044AB,48663,PAY,+,US,2021-05-26,AFETR,,94.01,53.16,472,470,,,EA,ORB
STARLINK-2666,2021-044AE,48666,PAY,P,US,2021-05-26,AFETR,,94.01,53.16,472,470,,,EA,ORB
STARLINK-2735,2021-044AF,48667,PAY,P,US,2021-05-26,AFETR,,94.01,53.16,472,470,,,EA,ORB
STARLINK-2738,2021-044AG,48668,PAY,+,US,2021-05-26,AFETR,,94.01,53.16,472,470,,,EA,ORB
STARLINK-2707,2021-044AH,48669,PAY,+,US,2021-05-26,AFETR,,94.01,53.16,472,470,,,EA,ORB
STARLINK-2763,2021-044AJ,48670,PAY,+,US,2021-05-26,AFETR,,94.01,53.16,471,470,,,EA,ORB
STARLINK-2745,2021-044AK,48671,PAY,P,US,2021-05-26,AFETR,,94.01,53.16,472,470,,,EA,ORB
STARLINK-2705,2021-044AL,48672,PAY,+,US,2021-05-26,AFETR,,94.01,53.16,472,470,,,EA,ORB
STARLINK-2711,2021-044AM,48673,PAY,+,US,2021-05-26,AFETR,,94.01,53.16,472,470,,,EA,ORB
STARLINK-2712,2021-044AN,48674,PAY,+,US,2021-05-26,AFETR,,94.01,53.16,471,470,,,EA,ORB
STARLINK-2746,2021-044AQ,48676,PAY,+,US,2021-05-26,AFETR,,94.01,53.16,472,470,,,EA,ORB
STARLINK-2615,2021-044AS,48678,PAY,+,US,2021-05-26,AFETR,,94.01,53.16,472,470,,,EA,ORB
STARLINK-2648,2021-044AT,48679,PAY,+,US,2021-05-26,AFETR,,94.01,53.16,471,470,,,EA,ORB
STARLINK-2725,2021-044AV,48681,PAY,+,US,2021-05-26,AFETR,,94.01,53.16,472,470,,,EA,ORB
STARLINK-2743,2021-044AW,48682,PAY,+,US,2021-05-26,AFETR,,94.01,53.16,472,470,,,EA,ORB
STARLINK-2756,2021-044AX,48683,PAY,+,US,2021-05-26,AFETR,,94.01,53.16,472,470,,,EA,ORB
STARLINK-2741,2021-044AY,48684,PAY,+,US,2021-05-26,AFETR,,94.01,53.16,472,470,,,EA,ORB
STARLINK-2751,2021-044AZ,48685,PAY,+,US,2021-05-26,AFETR,,94.01,53.16,472,470,,,EA,ORB
STARLINK-2629,2021-044BA,48686,PAY,+,US,2021-05-26,AFETR,,94.01,53.16,472,470,,,EA,ORB
STARLINK-2627,2021-044BB,48687,PAY,+,US,2021-05-26,AFETR,,94.01,53.16,472,470,,,EA,ORB
STARLINK-2742,2021-044BC,48688,PAY,+,US,2021-05-26,AFETR,,94.01,53.16,472,470,,,EA,ORB
STARLINK-2740,2021-044BE,48690,PAY,+,US,2021-05-26,AFETR,,94.01,53.16,472,470,,,EA,ORB
STARLINK-2750,2021-044BF,48691,PAY,+,US,2021-05-26,AFETR,,94.01,53.16,471,470,,,EA,ORB
STARLINK-2752,2021-044BG,48692,PAY,+,US,2021-05-26,AFETR,,94.01,53.16,472,470,,,EA,ORB
STARLINK-2618,2021-044BH,48693,PAY,+,US,2021-05-26,AFETR,,94.01,53.16,472,470,,,EA,ORB
STARLINK-2748,2021-044BJ,48694,PAY,+,US,2021-05-26,AFETR,,94.01,53.16,472,470,,,EA,ORB
STARLINK-2616,2021-044BK,48695,PAY,+,US,2021-05-26,AFETR,,94.01,53.16,472,470,,,EA,ORB
STARLINK-2753,2021-044BL,48696,PAY,+,US,2021-05-26,AFETR,,93.87,53.16,467,461,,,EA,ORB
STARLINK-3005,2021-059C,48881,PAY,+,US,2021-06-30,AFETR,,95.92,97.28,563,563,,,EA,ORB
STARLINK-3090,2021-082C,49132,PAY,+,US,2021-09-14,AFWTR,,96.11,70.00,574,570,,,EA,ORB
STARLINK-3077,2021-082D,49133,PAY,+,US,2021-09-14,AFWTR,,96.11,70.00,574,570,,,EA,ORB
STARLINK-3078,2021-082E,49134,PAY,+,US,2021-09-14,AFWTR,,96.11,70.00,574,570,,,EA,ORB
STARLINK-3073,2021-082F,49135,PAY,+,US,2021-09-14,AFWTR,,96.11,70.00,574,570,,,EA,ORB
STARLINK-3055,2021-082H,49137,PAY,+,US,2021-09-14,AFWTR,,96.16,70.00,576,573,,,EA,ORB
STARLINK-3058,2021-082J,49138,PAY,+,US,2021-09-14,AFWTR,,96.11,70.00,574,570,,,EA,ORB
STARLINK-3057,2021-082K,49139,PAY,+,US,2021-09-14,AFWTR,,92.68,70.00,408,404,,,EA,ORB
STARLINK-3093,2021-082M,49141,PAY,+,US,2021-09-14,AFWTR,,96.11,70.00,574,570,,,EA,ORB
STARLINK-3109,2021-082P,49143,PAY,+,US,2021-09-14,AFWTR,,96.16,70.00,576,573,,,EA,ORB
STARLINK-3100,2021-082Q,49144,PAY,+,US,2021-09-14,AFWTR,,96.11,70.00,574,570,,,EA,ORB
STARLINK-3119,2021-082R,49145,PAY,+,US,2021-09-14,AFWTR,,96.11,70.00,574,570,,,EA,ORB
STARLINK-3116,2021-082S,49146,PAY,+,US,2021-09-14,AFWTR,,96.16,70.00,576,573,,,EA,ORB
STARLINK-3071,2021-082T,49147,PAY,+,US,2021-09-14,AFWTR,,96.11,70.00,574,570,,,EA,ORB
STARLINK-3048,2021-082U,49148,PAY,+,US,2021-09-14,AFWTR,,96.16,70.00,576,573,,,EA,ORB
STARLINK-3102,2021-082X,49151,PAY,+,US,2021-09-14,AFWTR,,96.11,70.00,574,570,,,EA,ORB
STARLINK-3072,2021-082Z,49153,PAY,+,US,2021-09-14,AFWTR,,96.11,70.00,574,570,,,EA,ORB
STARLINK-3068,2021-082AA,49154,PAY,+,US,2021-09-14,AFWTR,,96.16,70.00,577,572,,,EA,ORB
STARLINK-3060,2021-082AB,49155,PAY,+,US,2021-09-14,AFWTR,,96.11,70.00,574,570,,,EA,ORB
STARLINK-3085,2021-082AC,49156,PAY,+,US,2021-09-14,AFWTR,,96.11,70.00,574,570,,,EA,ORB
STARLINK-3051,2021-082AD,49157,PAY,+,US,2021-09-14,AFWTR,,95.56,70.00,549,542,,,EA,ORB
STARLINK-3083,2021-082AE,49158,PAY,P,US,2021-09-14,AFWTR,,89.80,69.95,269,260,,,EA,ORB
STARLINK-3056,2021-082AF,49159,PAY,+,US,2021-09-14,AFWTR,,96.11,70.00,574,570,,,EA,ORB
STARLINK-3095,2021-082AG,49160,PAY,+,US,2021-09-14,AFWTR,,96.11,70.00,574,570,,,EA,ORB
STARLINK-3080,2021-082AH,49161,PAY,+,US,2021-09-14,AFWTR,,96.11,70.00,574,570,,,EA,ORB
STARLINK-3088,2021-082AK,49163,PAY,+,US,2021-09-14,AFWTR,,96.16,70.00,577,573,,,EA,ORB
STARLINK-3106,2021-082AL,49164,PAY,+,US,2021-09-14,AFWTR,,96.11,70.00,574,570,,,EA,ORB
STARLINK-3052,2021-082AM,49165,PAY,+,US,2021-09-14,AFWTR,,95.91,70.00,566,560,,,EA,ORB
STARLINK-3089,2021-082AN,49166,PAY,+,US,2021-09-14,AFWTR,,96.16,70.00,577,573,,,EA,ORB
STARLINK-3054,2021-082AP,49167,PAY,+,US,2021-09-14,AFWTR,,96.11,70.00,574,570,,,EA,ORB
STARLINK-3046,2021-082AR,49169,PAY,+,US,2021-09-14,AFWTR,,96.11,70.00,574,570,,,EA,ORB
STARLINK-3107,2021-082AT,49171,PAY,P,US,2021-09-14,AFWTR,,94.92,69.99,519,510,,,EA,ORB
STARLINK-3045,2021-082AV,49173,PAY,+,US,2021-09-14,AFWTR,,94.19,70.00,481,477,,,EA,ORB
STARLINK-3087,2021-082AX,49175,PAY,+,US,2021-09-14,AFWTR,,96.16,70.00,577,572,,,EA,ORB
STARLINK-3069,2021-082AY,49176,PAY,+,US,2021-09-14,AFWTR,,89.37,69.99,247,240,,,EA,ORB
STARLINK-3103,2021-082AZ,49177,PAY,+,US,2021-09-14,AFWTR,,96.11,70.00,574,570,,,EA,ORB
STARLINK-3086,2021-082BA,49178,PAY,+,US,2021-09-14,AFWTR,,96.11,70.00,574,570,,,EA,ORB
STARLINK-3043,2021-082BB,49179,PAY,+,US,2021-09-14,AFWTR,,96.11,70.00,574,570,,,EA,ORB
STARLINK-3059,2021-082BD,49181,PAY,+,US,2021-09-14,AFWTR,,96.11,70.00,574,570,,,EA,ORB
STARLINK-3075,2021-104B,49409,PAY,+,US,2021-11-13,AFETR,,93.90,53.16,466,465,,,EA,ORB
STARLINK-3147,2021-104C,49410,PAY,+,US,2021-11-13,AFETR,,94.01,53.16,471,470,,,EA,ORB
STARLINK-3162,2021-104D,49411,PAY,+,US,2021-11-13,AFETR,,93.85,53.16,464,462,,,EA,ORB
STARLINK-3157,2021-104F,49413,PAY,+,US,2021-11-13,AFETR,,93.90,53.16,466,464,,,EA,ORB
STARLINK-3146,2021-104G,49414,PAY,+,US,2021-11-13,AFETR,,93.90,53.16,466,464,,,EA,ORB
STARLINK-3159,2021-104H,49415,PAY,+,US,2021-11-13,AFETR,,93.85,53.16,464,462,,,EA,ORB
STARLINK-3133,2021-104J,49416,PAY,+,US,2021-11-13,AFETR,,93.85,53.16,464,462,,,EA,ORB
STARLINK-3154,2021-104K,49417,PAY,+,US,2021-11-13,AFETR,,93.85,53.16,464,462,,,EA,ORB
STARLINK-3111,2021-104L,49418,PAY,+,US,2021-11-13,AFETR,,93.90,53.16,466,464,,,EA,ORB
STARLINK-3120,2021-104M,49419,PAY,+,US,2021-11-13,AFETR,,93.79,53.16,461,459,,,EA,ORB
STARLINK-3110,2021-104N,49420,PAY,+,US,2021-11-13,AFETR,,93.85,53.16,464,462,,,EA,ORB
STARLINK-3112,2021-104P,49421,PAY,+,US,2021-11-13,AFETR,,94.01,53.16,472,470,,,EA,ORB
STARLINK-3161,2021-104Q,49422,PAY,+,US,2021-11-13,AFETR,,93.79,53.16,460,459,,,EA,ORB
STARLINK-3135,2021-104S,49424,PAY,+,US,2021-11-13,AFETR,,93.79,53.16,461,459,,,EA,ORB
STARLINK-3139,2021-104T,49425,PAY,+,US,2021-11-13,AFETR,,94.01,53.16,472,470,,,EA,ORB
STARLINK-3114,2021-104U,49426,PAY,+,US,2021-11-13,AFETR,,93.85,53.16,464,462,,,EA,ORB
STARLINK-3131,2021-104V,49427,PAY,+,US,2021-11-13,AFETR,,94.01,53.16,472,470,,,EA,ORB
STARLINK-3121,2021-104W,49428,PAY,+,US,2021-11-13,AFETR,,94.99,53.16,519,517,,,EA,ORB
STARLINK-3138,2021-104Y,49430,PAY,+,US,2021-11-13,AFETR,,93.85,53.16,464,462,,,EA,ORB
STARLINK-3153,2021-104Z,49431,PAY,+,US,2021-11-13,AFETR,,93.85,53.16,464,462,,,EA,ORB
STARLINK-3158,2021-104AA,49432,PAY,+,US,2021-11-13,AFETR,,94.01,53.16,472,470,,,EA,ORB
STARLINK-3079,2021-104AB,49433,PAY,+,US,2021-11-13,AFETR,,93.90,53.16,466,464,,,EA,ORB
STARLINK-3134,2021-104AC,49434,PAY,+,US,2021-11-13,AFETR,,95.24,53.21,532,529,,,EA,ORB
STARLINK-3117,2021-104AD,49435,PAY,+,US,2021-11-13,AFETR,,94.23,53.16,482,480,,,EA,ORB
STARLINK-3049,2021-104AE,49436,PAY,+,US,2021-11-13,AFETR,,93.79,53.16,460,459,,,EA,ORB
STARLINK-3130,2021-104AF,49437,PAY,+,US,2021-11-13,AFETR,,93.85,53.16,464,462,,,EA,ORB
STARLINK-3044,2021-104AG,49438,PAY,+,US,2021-11-13,AFETR,,93.79,53.16,461,459,,,EA,ORB
STARLINK-3105,2021-104AJ,49440,PAY,+,US,2021-11-13,AFETR,,94.06,53.16,473,472,,,EA,ORB
STARLINK-3128,2021-104AK,49441,PAY,+,US,2021-11-13,AFETR,,93.85,53.16,464,462,,,EA,ORB
STARLINK-3098,2021-104AL,49442,PAY,+,US,2021-11-13,AFETR,,93.04,53.16,424,423,,,EA,ORB
STARLINK-3136,2021-104AM,49443,PAY,+,US,2021-11-13,AFETR,,95.15,53.21,527,525,,,EA,ORB
STARLINK-3126,2021-104AN,49444,PAY,+,US,2021-11-13,AFETR,,94.01,53.16,471,470,,,EA,ORB
STARLINK-3122,2021-104AP,49445,PAY,+,US,2021-11-13,AFETR,,93.90,53.16,466,464,,,EA,ORB
STARLINK-3099,2021-104AQ,49446,PAY,+,US,2021-11-13,AFETR,,94.01,53.16,472,470,,,EA,ORB
STARLINK-3115,2021-104AR,49447,PAY,+,US,2021-11-13,AFETR,,94.01,53.16,472,470,,,EA,ORB
STARLINK-3137,2021-104AT,49449,PAY,P,US,2021-11-13,AFETR,,92.32,53.21,389,388,,,EA,ORB
STARLINK-3127,2021-104AU,49450,PAY,+,US,2021-11-13,AFETR,,93.85,53.16,464,462,,,EA,ORB
STARLINK-3125,2021-104AV,49451,PAY,+,US,2021-11-13,AFETR,,93.90,53.16,466,465,,,EA,ORB
STARLINK-3150,2021-104AW,49452,PAY,+,US,2021-11-13,AFETR,,94.01,53.16,472,470,,,EA,ORB
STARLINK-3129,2021-104AX,49453,PAY,+,US,2021-11-13,AFETR,,94.01,53.16,471,470,,,EA,ORB
STARLINK-3160,2021-104AY,49454,PAY,+,US,2021-11-13,AFETR,,93.85,53.16,464,462,,,EA,ORB
STARLINK-3145,2021-104AZ,49455,PAY,+,US,2021-11-13,AFETR,,93.85,53.16,464,462,,,EA,ORB
STARLINK-3124,2021-104BA,49456,PAY,+,US,2021-11-13,AFETR,,93.90,53.16,466,464,,,EA,ORB
STARLINK-3132,2021-104BB,49457,PAY,+,US,2021-11-13,AFETR,,94.01,53.16,472,470,,,EA,ORB
STARLINK-3156,2021-104BC,49458,PAY,+,US,2021-11-13,AFETR,,93.90,53.16,466,465,,,EA,ORB
STARLINK-3141,2021-104BD,49459,PAY,+,US,2021-11-13,AFETR,,93.79,53.16,460,459,,,EA,ORB
STARLINK-3140,2021-104BE,49460,PAY,+,US,2021-11-13,AFETR,,93.85,53.16,464,462,,,EA,ORB
STARLINK-3219,2021-115A,49724,PAY,+,US,2021-12-02,AFETR,,94.01,53.16,472,470,,,EA,ORB
STARLINK-3218,2021-115B,49725,PAY,+,US,2021-12-02,AFETR,,93.85,53.16,463,462,,,EA,ORB
STARLINK-3242,2021-115D,49727,PAY,+,US,2021-12-02,AFETR,,93.85,53.16,463,462,,,EA,ORB
STARLINK-3240,2021-115E,49728,PAY,+,US,2021-12-02,AFETR,,93.85,53.16,463,462,,,EA,ORB
STARLINK-3251,2021-115F,49729,PAY,+,US,2021-12-02,AFETR,,94.01,53.16,472,470,,,EA,ORB
STARLINK-3249,2021-115G,49730,PAY,+,US,2021-12-02,AFETR,,93.85,53.16,464,462,,,EA,ORB
STARLINK-3246,2021-115J,49732,PAY,+,US,2021-12-02,AFETR,,94.01,53.16,472,470,,,EA,ORB
STARLINK-3252,2021-115K,49733,PAY,+,US,2021-12-02,AFETR,,94.01,53.16,472,470,,,EA,ORB
STARLINK-3238,2021-115L,49734,PAY,+,US,2021-12-02,AFETR,,94.01,53.16,471,470,,,EA,ORB
STARLINK-3113,2021-115M,49735,PAY,+,US,2021-12-02,AFETR,,93.85,53.16,463,462,,,EA,ORB
STARLINK-3148,2021-115N,49736,PAY,+,US,2021-12-02,AFETR,,93.85,53.16,464,462,,,EA,ORB
STARLINK-3225,2021-115P,49737,PAY,+,US,2021-12-02,AFETR,,94.16,53.16,479,477,,,EA,ORB
STARLINK-3143,2021-115Q,49738,PAY,+,US,2021-12-02,AFETR,,95.13,53.22,526,524,,,EA,ORB
STARLINK-3155,2021-115R,49739,PAY,+,US,2021-12-02,AFETR,,93.65,53.16,455,451,,,EA,ORB
STARLINK-3226,2021-115S,49740,PAY,+,US,2021-12-02,AFETR,,94.01,53.16,472,470,,,EA,ORB
STARLINK-3244,2021-115T,49741,PAY,+,US,2021-12-02,AFETR,,94.01,53.16,472,470,,,EA,ORB
STARLINK-3202,2021-115U,49742,PAY,+,US,2021-12-02,AFETR,,93.79,53.16,460,459,,,EA,ORB
STARLINK-3239,2021-115V,49743,PAY,+,US,2021-12-02,AFETR,,94.01,53.16,471,470,,,EA,ORB
STARLINK-3231,2021-115W,49744,PAY,+,US,2021-12-02,AFETR,,94.01,53.16,472,470,,,EA,ORB
STARLINK-3241,2021-115X,49745,PAY,+,US,2021-12-02,AFETR,,94.01,53.16,471,470,,,EA,ORB
STARLINK-3233,2021-115Y,49746,PAY,+,US,2021-12-02,AFETR,,93.79,53.16,461,459,,,EA,ORB
STARLINK-3247,2021-115Z,49747,PAY,+,US,2021-12-02,AFETR,,95.13,53.16,526,524,,,EA,ORB
STARLINK-3248,2021-115AA,49748,PAY,+,US,2021-12-02,AFETR,,93.79,53.16,460,459,,,EA,ORB
STARLINK-3250,2021-115AB,49749,PAY,+,US,2021-12-02,AFETR,,94.01,53.16,472,470,,,EA,ORB
STARLINK-3236,2021-115AC,49750,PAY,+,US,2021-12-02,AFETR,,94.01,53.16,471,470,,,EA,ORB
STARLINK-3229,2021-115AD,49751,PAY,+,US,2021-12-02,AFETR,,93.85,53.16,464,462,,,EA,ORB
STARLINK-3209,2021-115AE,49752,PAY,+,US,2021-12-02,AFETR,,93.85,53.16,464,462,,,EA,ORB
STARLINK-3200,2021-115AF,49753,PAY,+,US,2021-12-02,AFETR,,93.85,53.16,464,462,,,EA,ORB
STARLINK-3193,2021-115AG,49754,PAY,+,US,2021-12-02,AFETR,,93.79,53.16,460,459,,,EA,ORB
STARLINK-3210,2021-115AH,49755,PAY,+,US,2021-12-02,AFETR,,93.85,53.16,464,462,,,EA,ORB
STARLINK-3207,2021-115AJ,49756,PAY,+,US,2021-12-02,AFETR,,93.85,53.16,463,462,,,EA,ORB
STARLINK-3197,2021-115AK,49757,PAY,+,US,2021-12-02,AFETR,,93.90,53.16,466,465,,,EA,ORB
STARLINK-3194,2021-115AL,49758,PAY,+,US,2021-12-02,AFETR,,93.85,53.16,463,462,,,EA,ORB
STARLINK-3204,2021-115AM,49759,PAY,+,US,2021-12-02,AFETR,,93.79,53.16,460,459,,,EA,ORB
STARLINK-3199,2021-115AN,49760,PAY,+,US,2021-12-02,AFETR,,93.85,53.16,463,462,,,EA,ORB
STARLINK-3203,2021-115AP,49761,PAY,+,US,2021-12-02,AFETR,,93.85,53.16,464,462,,,EA,ORB
STARLINK-3195,2021-115AQ,49762,PAY,+,US,2021-12-02,AFETR,,93.85,53.16,464,462,,,EA,ORB
STARLINK-3198,2021-115AR,49763,PAY,+,US,2021-12-02,AFETR,,94.01,53.16,471,470,,,EA,ORB
STARLINK-3227,2021-115AT,49765,PAY,+,US,2021-12-02,AFETR,,94.02,53.16,472,470,,,EA,ORB
STARLINK-3190,2021-115AU,49766,PAY,+,US,2021-12-02,AFETR,,93.79,53.16,461,459,,,EA,ORB
STARLINK-3192,2021-115AV,49767,PAY,+,US,2021-12-02,AFETR,,93.85,53.16,464,462,,,EA,ORB
STARLINK-3196,2021-115AW,49768,PAY,+,US,2021-12-02,AFETR,,93.85,53.16,464,462,,,EA,ORB
STARLINK-3208,2021-115AX,49769,PAY,+,US,2021-12-02,AFETR,,94.01,53.16,471,470,,,EA,ORB
STARLINK-3191,2021-115AY,49770,PAY,+,US,2021-12-02,AFETR,,94.00,53.16,472,468,,,EA,ORB
STARLINK-3201,2021-115AZ,49771,PAY,+,US,2021-12-02,AFETR,,93.82,53.16,462,461,,,EA,ORB
STARLINK-3297,2021-125D,50159,PAY,+,US,2021-12-18,AFWTR,,93.90,53.16,466,464,,,EA,ORB
STARLINK-3304,2021-125F,50161,PAY,+,US,2021-12-18,AFWTR,,93.79,53.16,461,459,,,EA,ORB
STARLINK-3306,2021-125H,50163,PAY,P,US,2021-12-18,AFWTR,,90.86,53.21,319,315,,,EA,ORB
STARLINK-3298,2021-125K,50165,PAY,+,US,2021-12-18,AFWTR,,93.85,53.16,463,462,,,EA,ORB
STARLINK-3305,2021-125L,50166,PAY,+,US,2021-12-18,AFWTR,,94.01,53.16,472,470,,,EA,ORB
STARLINK-3271,2021-125M,50167,PAY,+,US,2021-12-18,AFWTR,,93.79,53.16,461,459,,,EA,ORB
STARLINK-3301,2021-125P,50169,PAY,+,US,2021-12-18,AFWTR,,93.85,53.16,463,462,,,EA,ORB
STARLINK-3245,2021-125Q,50170,PAY,+,US,2021-12-18,AFWTR,,94.01,53.16,472,470,,,EA,ORB
STARLINK-3286,2021-125R,50171,PAY,+,US,2021-12-18,AFWTR,,94.01,53.16,472,470,,,EA,ORB
STARLINK-3287,2021-125S,50172,PAY,+,US,2021-12-18,AFWTR,,93.85,53.16,464,462,,,EA,ORB
STARLINK-3289,2021-125T,50173,PAY,+,US,2021-12-18,AFWTR,,94.93,53.21,517,513,,,EA,ORB
STARLINK-3292,2021-125U,50174,PAY,+,US,2021-12-18,AFWTR,,93.85,53.16,464,462,,,EA,ORB
STARLINK-3291,2021-125V,50175,PAY,+,US,2021-12-18,AFWTR,,93.79,53.16,461,459,,,EA,ORB
STARLINK-3293,2021-125W,50176,PAY,+,US,2021-12-18,AFWTR,,94.01,53.16,472,470,,,EA,ORB
STARLINK-3282,2021-125X,50177,PAY,+,US,2021-12-18,AFWTR,,93.85,53.16,464,462,,,EA,ORB
STARLINK-3283,2021-125Z,50179,PAY,+,US,2021-12-18,AFWTR,,94.01,53.16,472,470,,,EA,ORB
STARLINK-3265,2021-125AA,50180,PAY,+,US,2021-12-18,AFWTR,,94.01,53.16,472,470,,,EA,ORB
STARLINK-3285,2021-125AB,50181,PAY,+,US,2021-12-18,AFWTR,,94.01,53.16,472,470,,,EA,ORB
STARLINK-3277,2021-125AC,50182,PAY,+,US,2021-12-18,AFWTR,,94.01,53.16,472,470,,,EA,ORB
STARLINK-3281,2021-125AD,50183,PAY,+,US,2021-12-18,AFWTR,,95.30,53.16,535,531,,,EA,ORB
STARLINK-3279,2021-125AF,50185,PAY,+,US,2021-12-18,AFWTR,,94.01,53.16,472,470,,,EA,ORB
STARLINK-3274,2021-125AG,50186,PAY,+,US,2021-12-18,AFWTR,,94.01,53.16,472,470,,,EA,ORB
STARLINK-3272,2021-125AH,50187,PAY,+,US,2021-12-18,AFWTR,,95.07,53.21,524,520,,,EA,ORB
STARLINK-3276,2021-125AK,50189,PAY,+,US,2021-12-18,AFWTR,,94.76,53.21,509,505,,,EA,ORB
STARLINK-3268,2021-125AL,50190,PAY,+,US,2021-12-18,AFWTR,,93.85,53.16,464,462,,,EA,ORB
STARLINK-3273,2021-125AM,50191,PAY,+,US,2021-12-18,AFWTR,,93.85,53.16,464,462,,,EA,ORB
STARLINK-3259,2021-125AN,50192,PAY,+,US,2021-12-18,AFWTR,,93.90,53.16,466,464,,,EA,ORB
STARLINK-3261,2021-125AP,50193,PAY,+,US,2021-12-18,AFWTR,,94.01,53.16,472,470,,,EA,ORB
STARLINK-3266,2021-125AR,50195,PAY,+,US,2021-12-18,AFWTR,,94.01,53.16,472,470,,,EA,ORB
STARLINK-3267,2021-125AT,50197,PAY,+,US,2021-12-18,AFWTR,,93.85,53.16,463,462,,,EA,ORB
STARLINK-3264,2021-125AU,50198,PAY,+,US,2021-12-18,AFWTR,,94.89,53.16,515,511,,,EA,ORB
STARLINK-3270,2021-125AV,50199,PAY,+,US,2021-12-18,AFWTR,,93.79,53.16,461,459,,,EA,ORB
STARLINK-3235,2021-125AW,50200,PAY,+,US,2021-12-18,AFWTR,,93.90,53.16,466,464,,,EA,ORB
STARLINK-3256,2021-125AY,50202,PAY,+,US,2021-12-18,AFWTR,,94.01,53.16,472,470,,,EA,ORB
STARLINK-3257,2021-125AZ,50203,PAY,+,US,2021-12-18,AFWTR,,94.01,53.16,472,470,,,EA,ORB
STARLINK-3254,2021-125BA,50204,PAY,+,US,2021-12-18,AFWTR,,94.01,53.16,471,470,,,EA,ORB
STARLINK-3260,2021-125BB,50205,PAY,+,US,2021-12-18,AFWTR,,94.01,53.16,471,470,,,EA,ORB
STARLINK-3323,2022-001B,50804,PAY,+,US,2022-01-06,AFETR,,93.85,53.16,464,462,,,EA,ORB
STARLINK-3333,2022-001C,50805,PAY,+,US,2022-01-06,AFETR,,94.54,53.14,498,495,,,EA,ORB
STARLINK-3335,2022-001D,50806,PAY,+,US,2022-01-06,AFETR,,93.85,53.16,463,462,,,EA,ORB
STARLINK-3355,2022-001F,50808,PAY,+,US,2022-01-06,AFETR,,94.01,53.16,471,470,,,EA,ORB
STARLINK-3232,2022-001G,50809,PAY,+,US,2022-01-06,AFETR,,94.01,53.16,472,470,,,EA,ORB
STARLINK-3338,2022-001K,50812,PAY,+,US,2022-01-06,AFETR,,93.85,53.16,464,462,,,EA,ORB
STARLINK-3349,2022-001L,50813,PAY,P,US,2022-01-06,AFETR,,92.62,53.20,404,401,,,EA,ORB
STARLINK-3324,2022-001M,50814,PAY,+,US,2022-01-06,AFETR,,94.01,53.16,472,470,,,EA,ORB
STARLINK-3234,2022-001N,50815,PAY,+,US,2022-01-06,AFETR,,94.01,53.16,471,470,,,EA,ORB
STARLINK-3342,2022-001P,50816,PAY,+,US,2022-01-06,AFETR,,94.69,53.22,505,502,,,EA,ORB
STARLINK-3341,2022-001Q,50817,PAY,+,US,2022-01-06,AFETR,,93.79,53.16,461,459,,,EA,ORB
STARLINK-3336,2022-001R,50818,PAY,+,US,2022-01-06,AFETR,,93.85,53.16,463,462,,,EA,ORB
STARLINK-3327,2022-001S,50819,PAY,+,US,2022-01-06,AFETR,,93.85,53.16,463,462,,,EA,ORB
STARLINK-3339,2022-001T,50820,PAY,+,US,2022-01-06,AFETR,,94.01,53.16,471,470,,,EA,ORB
STARLINK-3346,2022-001U,50821,PAY,+,US,2022-01-06,AFETR,,94.01,53.16,471,470,,,EA,ORB
STARLINK-3343,2022-001V,50822,PAY,+,US,2022-01-06,AFETR,,94.01,53.16,471,470,,,EA,ORB
STARLINK-3334,2022-001W,50823,PAY,+,US,2022-01-06,AFETR,,93.90,53.16,466,465,,,EA,ORB
STARLINK-3332,2022-001Y,50825,PAY,+,US,2022-01-06,AFETR,,94.01,53.16,471,470,,,EA,ORB
STARLINK-3329,2022-001AA,50827,PAY,+,US,2022-01-06,AFETR,,93.85,53.16,463,462,,,EA,ORB
STARLINK-3290,2022-001AB,50828,PAY,+,US,2022-01-06,AFETR,,94.01,53.16,471,470,,,EA,ORB
STARLINK-3294,2022-001AC,50829,PAY,+,US,2022-01-06,AFETR,,93.90,53.16,466,464,,,EA,ORB
STARLINK-3278,2022-001AD,50830,PAY,+,US,2022-01-06,AFETR,,93.85,53.16,463,462,,,EA,ORB
STARLINK-3299,2022-001AE,50831,PAY,+,US,2022-01-06,AFETR,,93.90,53.16,466,464,,,EA,ORB
STARLINK-3328,2022-001AF,50832,PAY,+,US,2022-01-06,AFETR,,95.28,53.17,534,531,,,EA,ORB
STARLINK-3331,2022-001AH,50834,PAY,+,US,2022-01-06,AFETR,,93.90,53.16,466,464,,,EA,ORB
STARLINK-3310,2022-001AJ,50835,PAY,+,US,2022-01-06,AFETR,,95.17,53.21,528,525,,,EA,ORB
STARLINK-3330,2022-001AK,50836,PAY,+,US,2022-01-06,AFETR,,94.01,53.16,472,470,,,EA,ORB
STARLINK-3318,2022-001AL,50837,PAY,+,US,2022-01-06,AFETR,,93.85,53.16,463,462,,,EA,ORB
STARLINK-3320,2022-001AN,50839,PAY,+,US,2022-01-06,AFETR,,94.01,53.16,471,470,,,EA,ORB
STARLINK-3295,2022-001AP,50840,PAY,+,US,2022-01-06,AFETR,,93.90,53.16,466,465,,,EA,ORB
STARLINK-3300,2022-001AQ,50841,PAY,+,US,2022-01-06,AFETR,,93.90,53.16,466,464,,,EA,ORB
STARLINK-3302,2022-001AR,50842,PAY,+,US,2022-01-06,AFETR,,94.01,53.16,471,470,,,EA,ORB
STARLINK-3326,2022-001AT,50844,PAY,+,US,2022-01-06,AFETR,,93.75,53.16,458,458,,,EA,ORB
STARLINK-3230,2022-001AU,50845,PAY,+,US,2022-01-06,AFETR,,94.01,53.16,471,470,,,EA,ORB
STARLINK-3308,2022-001AV,50846,PAY,+,US,2022-01-06,AFETR,,94.01,53.16,471,470,,,EA,ORB
STARLINK-3315,2022-001AX,50848,PAY,+,US,2022-01-06,AFETR,,93.85,53.16,464,462,,,EA,ORB
STARLINK-3311,2022-001AY,50849,PAY,+,US,2022-01-06,AFETR,,93.85,53.16,464,462,,,EA,ORB
STARLINK-3312,2022-001AZ,50850,PAY,+,US,2022-01-06,AFETR,,94.40,53.16,491,489,,,EA,ORB
STARLINK-3314,2022-001BA,50851,PAY,+,US,2022-01-06,AFETR,,93.90,53.16,466,464,,,EA,ORB
STARLINK-3366,2022-005A,51104,PAY,+,US,2022-01-19,AFETR,,94.65,53.20,503,501,,,EA,ORB
STARLINK-3350,2022-005B,51105,PAY,+,US,2022-01-19,AFETR,,93.79,53.16,461,459,,,EA,ORB
STARLINK-3176,2022-005C,51106,PAY,+,US,2022-01-19,AFETR,,93.79,53.16,461,459,,,EA,ORB
STARLINK-3362,2022-005E,51108,PAY,+,US,2022-01-19,AFETR,,93.79,53.16,460,459,,,EA,ORB
STARLINK-3358,2022-005F,51109,PAY,+,US,2022-01-19,AFETR,,94.01,53.16,472,470,,,EA,ORB
STARLINK-3344,2022-005G,51110,PAY,+,US,2022-01-19,AFETR,,93.85,53.16,463,462,,,EA,ORB
STARLINK-3173,2022-005H,51111,PAY,+,US,2022-01-19,AFETR,,93.79,53.16,461,459,,,EA,ORB
STARLINK-3374,2022-005J,51112,PAY,+,US,2022-01-19,AFETR,,93.85,53.16,464,462,,,EA,ORB
STARLINK-3372,2022-005K,51113,PAY,+,US,2022-01-19,AFETR,,93.79,53.16,461,459,,,EA,ORB
STARLINK-3375,2022-005L,51114,PAY,+,US,2022-01-19,AFETR,,94.01,53.16,472,470,,,EA,ORB
STARLINK-3397,2022-005M,51115,PAY,+,US,2022-01-19,AFETR,,93.90,53.16,466,464,,,EA,ORB
STARLINK-3243,2022-005N,51116,PAY,+,US,2022-01-19,AFETR,,94.01,53.16,472,470,,,EA,ORB
STARLINK-3391,2022-005P,51117,PAY,+,US,2022-01-19,AFETR,,93.79,53.16,460,459,,,EA,ORB
STARLINK-3394,2022-005Q,51118,PAY,+,US,2022-01-19,AFETR,,93.85,53.16,464,462,,,EA,ORB
STARLINK-3398,2022-005S,51120,PAY,+,US,2022-01-19,AFETR,,93.85,53.16,463,462,,,EA,ORB
STARLINK-3399,2022-005T,51121,PAY,+,US,2022-01-19,AFETR,,95.44,53.16,541,539,,,EA,ORB
STARLINK-3392,2022-005V,51123,PAY,+,US,2022-01-19,AFETR,,93.85,53.16,463,462,,,EA,ORB
STARLINK-3389,2022-005W,51124,PAY,+,US,2022-01-19,AFETR,,93.86,53.16,464,462,,,EA,ORB
STARLINK-3387,2022-005X,51125,PAY,+,US,2022-01-19,AFETR,,93.79,53.16,460,459,,,EA,ORB
STARLINK-3386,2022-005Y,51126,PAY,+,US,2022-01-19,AFETR,,94.01,53.16,472,470,,,EA,ORB
STARLINK-3370,2022-005Z,51127,PAY,+,US,2022-01-19,AFETR,,94.01,53.16,472,470,,,EA,ORB
STARLINK-3400,2022-005AA,51128,PAY,+,US,2022-01-19,AFETR,,93.79,53.16,461,459,,,EA,ORB
STARLINK-3396,2022-005AB,51129,PAY,+,US,2022-01-19,AFETR,,93.79,53.16,461,459,,,EA,ORB
STARLINK-3395,2022-005AC,51130,PAY,+,US,2022-01-19,AFETR,,93.85,53.16,464,462,,,EA,ORB
STARLINK-3388,2022-005AD,51131,PAY,+,US,2022-01-19,AFETR,,94.01,53.16,472,470,,,EA,ORB
STARLINK-3393,2022-005AE,51132,PAY,+,US,2022-01-19,AFETR,,93.85,53.16,464,462,,,EA,ORB
STARLINK-3356,2022-005AF,51133,PAY,+,US,2022-01-19,AFETR,,92.79,53.16,412,410,,,EA,ORB
STARLINK-3363,2022-005AH,51135,PAY,+,US,2022-01-19,AFETR,,93.79,53.16,460,459,,,EA,ORB
STARLINK-3253,2022-005AJ,51136,PAY,+,US,2022-01-19,AFETR,,93.85,53.16,464,462,,,EA,ORB
STARLINK-3180,2022-005AK,51137,PAY,+,US,2022-01-19,AFETR,,93.85,53.16,464,462,,,EA,ORB
STARLINK-3177,2022-005AL,51138,PAY,+,US,2022-01-19,AFETR,,95.27,53.17,534,530,,,EA,ORB
STARLINK-3172,2022-005AM,51139,PAY,+,US,2022-01-19,AFETR,,93.90,53.16,466,464,,,EA,ORB
STARLINK-3175,2022-005AN,51140,PAY,+,US,2022-01-19,AFETR,,94.01,53.16,472,470,,,EA,ORB
STARLINK-3179,2022-005AP,51141,PAY,+,US,2022-01-19,AFETR,,93.85,53.16,464,462,,,EA,ORB
STARLINK-3369,2022-005AQ,51142,PAY,P,US,2022-01-19,AFETR,,94.14,53.22,482,473,,,EA,ORB
STARLINK-3184,2022-005AR,51143,PAY,+,US,2022-01-19,AFETR,,93.85,53.16,464,462,,,EA,ORB
STARLINK-3185,2022-005AS,51144,PAY,+,US,2022-01-19,AFETR,,94.01,53.16,472,470,,,EA,ORB
STARLINK-3354,2022-005AU,51146,PAY,+,US,2022-01-19,AFETR,,93.85,53.16,463,462,,,EA,ORB
STARLINK-3352,2022-005AV,51147,PAY,P,US,2022-01-19,AFETR,,93.68,53.19,457,452,,,EA,ORB
STARLINK-3359,2022-005AW,51148,PAY,P,US,2022-01-19,AFETR,,94.92,53.22,517,513,,,EA,ORB
STARLINK-3360,2022-005AX,51149,PAY,+,US,2022-01-19,AFETR,,93.85,53.16,464,462,,,EA,ORB
STARLINK-3357,2022-005AY,51150,PAY,+,US,2022-01-19,AFETR,,93.79,53.16,460,459,,,EA,ORB
STARLINK-3364,2022-005BA,51152,PAY,+,US,2022-01-19,AFETR,,93.90,53.16,466,464,,,EA,ORB
STARLINK-3181,2022-010F,51461,PAY,+,US,2022-02-03,AFETR,,93.79,53.16,461,459,,,EA,ORB
STARLINK-3166,2022-010G,51462,PAY,+,US,2022-02-03,AFETR,,94.01,53.16,472,470,,,EA,ORB
STARLINK-3419,2022-010H,51463,PAY,+,US,2022-02-03,AFETR,,94.01,53.16,471,470,,,EA,ORB
STARLINK-3189,2022-010J,51464,PAY,+,US,2022-02-03,AFETR,,93.85,53.16,464,462,,,EA,ORB
STARLINK-3401,2022-010K,51465,PAY,+,US,2022-02-03,AFETR,,93.60,53.16,452,450,,,EA,ORB
STARLINK-3178,2022-010M,51467,PAY,+,US,2022-02-03,AFETR,,93.90,53.16,466,464,,,EA,ORB
STARLINK-3174,2022-010N,51468,PAY,+,US,2022-02-03,AFETR,,93.85,53.16,464,462,,,EA,ORB
STARLINK-3182,2022-010P,51469,PAY,+,US,2022-02-03,AFETR,,93.79,53.16,461,459,,,EA,ORB
STARLINK-3415,2022-010S,51472,PAY,+,US,2022-02-03,AFETR,,93.85,53.16,464,462,,,EA,ORB
STARLINK-3528,2022-016A,51714,PAY,+,US,2022-02-21,AFETR,,93.79,53.16,460,459,,,EA,ORB
STARLINK-3533,2022-016B,51715,PAY,+,US,2022-02-21,AFETR,,94.01,53.16,472,470,,,EA,ORB
STARLINK-3543,2022-016C,51716,PAY,+,US,2022-02-21,AFETR,,93.90,53.16,466,465,,,EA,ORB
STARLINK-3445,2022-016D,51717,PAY,+,US,2022-02-21,AFETR,,94.01,53.16,472,470,,,EA,ORB
STARLINK-3546,2022-016E,51718,PAY,+,US,2022-02-21,AFETR,,94.51,53.18,498,492,,,EA,ORB
STARLINK-3540,2022-016F,51719,PAY,+,US,2022-02-21,AFETR,,93.84,53.16,463,461,,,EA,ORB
STARLINK-3526,2022-016G,51720,PAY,+,US,2022-02-21,AFETR,,94.01,53.16,472,470,,,EA,ORB
STARLINK-3524,2022-016H,51721,PAY,+,US,2022-02-21,AFETR,,94.01,53.16,472,470,,,EA,ORB
STARLINK-3535,2022-016J,51722,PAY,+,US,2022-02-21,AFETR,,93.79,53.16,461,459,,,EA,ORB
STARLINK-3529,2022-016L,51724,PAY,+,US,2022-02-21,AFETR,,93.90,53.16,466,464,,,EA,ORB
STARLINK-3522,2022-016M,51725,PAY,+,US,2022-02-21,AFETR,,93.90,53.16,466,464,,,EA,ORB
STARLINK-3527,2022-016N,51726,PAY,P,US,2022-02-21,AFETR,,95.09,53.21,524,522,,,EA,ORB
STARLINK-3532,2022-016P,51727,PAY,+,US,2022-02-21,AFETR,,93.85,53.16,464,462,,,EA,ORB
STARLINK-3523,2022-016R,51729,PAY,+,US,2022-02-21,AFETR,,93.85,53.16,464,462,,,EA,ORB
STARLINK-3514,2022-016T,51731,PAY,+,US,2022-02-21,AFETR,,93.79,53.16,461,459,,,EA,ORB
STARLINK-3518,2022-016U,51732,PAY,+,US,2022-02-21,AFETR,,93.85,53.16,464,462,,,EA,ORB
STARLINK-3525,2022-016V,51733,PAY,+,US,2022-02-21,AFETR,,93.85,53.16,463,462,,,EA,ORB
STARLINK-3450,2022-016W,51734,PAY,+,US,2022-02-21,AFETR,,93.85,53.16,464,462,,,EA,ORB
STARLINK-3517,2022-016X,51735,PAY,+,US,2022-02-21,AFETR,,93.85,53.16,464,462,,,EA,ORB
STARLINK-3447,2022-016Y,51736,PAY,+,US,2022-02-21,AFETR,,94.01,53.16,472,470,,,EA,ORB
STARLINK-3509,2022-016Z,51737,PAY,+,US,2022-02-21,AFETR,,93.65,53.16,455,451,,,EA,ORB
STARLINK-3515,2022-016AA,51738,PAY,+,US,2022-02-21,AFETR,,94.01,53.16,471,470,,,EA,ORB
STARLINK-3516,2022-016AB,51739,PAY,+,US,2022-02-21,AFETR,,93.79,53.16,461,459,,,EA,ORB
STARLINK-3500,2022-016AC,51740,PAY,+,US,2022-02-21,AFETR,,93.85,53.16,464,462,,,EA,ORB
STARLINK-3520,2022-016AD,51741,PAY,+,US,2022-02-21,AFETR,,94.01,53.16,472,470,,,EA,ORB
STARLINK-3521,2022-016AE,51742,PAY,+,US,2022-02-21,AFETR,,93.85,53.16,463,462,,,EA,ORB
STARLINK-3512,2022-016AF,51743,PAY,+,US,2022-02-21,AFETR,,93.85,53.16,463,462,,,EA,ORB
STARLINK-3452,2022-016AG,51744,PAY,+,US,2022-02-21,AFETR,,93.90,53.16,466,464,,,EA,ORB
STARLINK-3449,2022-016AH,51745,PAY,+,US,2022-02-21,AFETR,,93.85,53.16,464,462,,,EA,ORB
STARLINK-3502,2022-016AJ,51746,PAY,+,US,2022-02-21,AFETR,,94.01,53.16,472,470,,,EA,ORB
STARLINK-3446,2022-016AK,51747,PAY,+,US,2022-02-21,AFETR,,94.01,53.16,472,470,,,EA,ORB
STARLINK-3501,2022-016AL,51748,PAY,+,US,2022-02-21,AFETR,,93.85,53.16,464,462,,,EA,ORB
STARLINK-3451,2022-016AM,51749,PAY,+,US,2022-02-21,AFETR,,94.01,53.16,472,470,,,EA,ORB
STARLINK-3505,2022-016AN,51750,PAY,+,US,2022-02-21,AFETR,,94.01,53.16,471,470,,,EA,ORB
STARLINK-3506,2022-016AP,51751,PAY,+,US,2022-02-21,AFETR,,93.85,53.16,464,462,,,EA,ORB
STARLINK-3511,2022-016AQ,51752,PAY,+,US,2022-02-21,AFETR,,94.01,53.16,472,470,,,EA,ORB
STARLINK-3507,2022-016AR,51753,PAY,+,US,2022-02-21,AFETR,,93.90,53.16,466,464,,,EA,ORB
STARLINK-3457,2022-016AS,51754,PAY,+,US,2022-02-21,AFETR,,93.85,53.16,464,462,,,EA,ORB
STARLINK-3460,2022-016AT,51755,PAY,+,US,2022-02-21,AFETR,,93.85,53.16,464,462,,,EA,ORB
STARLINK-3513,2022-016AU,51756,PAY,+,US,2022-02-21,AFETR,,93.90,53.16,466,464,,,EA,ORB
STARLINK-3459,2022-016AV,51757,PAY,+,US,2022-02-21,AFETR,,93.85,53.16,464,462,,,EA,ORB
STARLINK-3458,2022-016AW,51758,PAY,+,US,2022-02-21,AFETR,,93.79,53.16,461,459,,,EA,ORB
STARLINK-3456,2022-016AX,51759,PAY,+,US,2022-02-21,AFETR,,93.85,53.16,463,462,,,EA,ORB
STARLINK-3622,2022-017A,51768,PAY,+,US,2022-02-25,AFWTR,,93.85,53.16,463,462,,,EA,ORB
STARLINK-3621,2022-017B,51769,PAY,+,US,2022-02-25,AFWTR,,95.31,53.22,535,533,,,EA,ORB
STARLINK-3612,2022-017C,51770,PAY,+,US,2022-02-25,AFWTR,,93.90,53.16,466,464,,,EA,ORB
STARLINK-3614,2022-017D,51771,PAY,+,US,2022-02-25,AFWTR,,93.79,53.16,461,459,,,EA,ORB
STARLINK-3623,2022-017E,51772,PAY,+,US,2022-02-25,AFWTR,,93.85,53.16,464,462,,,EA,ORB
STARLINK-3624,2022-017F,51773,PAY,+,US,2022-02-25,AFWTR,,95.31,53.18,535,532,,,EA,ORB
STARLINK-3629,2022-017G,51774,PAY,+,US,2022-02-25,AFWTR,,93.85,53.16,464,462,,,EA,ORB
STARLINK-3620,2022-017H,51775,PAY,P,US,2022-02-25,AFWTR,,90.80,53.21,317,310,,,EA,ORB
STARLINK-3608,2022-017J,51776,PAY,+,US,2022-02-25,AFWTR,,93.79,53.16,461,459,,,EA,ORB
STARLINK-3625,2022-017K,51777,PAY,+,US,2022-02-25,AFWTR,,93.79,53.16,461,459,,,EA,ORB
STARLINK-3615,2022-017L,51778,PAY,+,US,2022-02-25,AFWTR,,93.85,53.16,464,462,,,EA,ORB
STARLINK-3611,2022-017M,51779,PAY,+,US,2022-02-25,AFWTR,,93.79,53.16,461,459,,,EA,ORB
STARLINK-3617,2022-017N,51780,PAY,+,US,2022-02-25,AFWTR,,93.85,53.16,464,462,,,EA,ORB
STARLINK-3580,2022-017P,51781,PAY,+,US,2022-02-25,AFWTR,,93.79,53.16,460,459,,,EA,ORB
STARLINK-3616,2022-017Q,51782,PAY,+,US,2022-02-25,AFWTR,,93.85,53.16,464,462,,,EA,ORB
STARLINK-3628,2022-017R,51783,PAY,+,US,2022-02-25,AFWTR,,94.01,53.16,472,470,,,EA,ORB
STARLINK-3632,2022-017S,51784,PAY,+,US,2022-02-25,AFWTR,,93.85,53.16,464,462,,,EA,ORB
STARLINK-3646,2022-017T,51785,PAY,+,US,2022-02-25,AFWTR,,94.01,53.16,472,470,,,EA,ORB
STARLINK-3638,2022-017U,51786,PAY,+,US,2022-02-25,AFWTR,,93.85,53.16,463,462,,,EA,ORB
STARLINK-3619,2022-017V,51787,PAY,+,US,2022-02-25,AFWTR,,93.85,53.16,464,462,,,EA,ORB
STARLINK-3641,2022-017W,51788,PAY,+,US,2022-02-25,AFWTR,,93.85,53.16,464,462,,,EA,ORB
STARLINK-3639,2022-017X,51789,PAY,+,US,2022-02-25,AFWTR,,93.85,53.16,464,462,,,EA,ORB
STARLINK-3631,2022-017Y,51790,PAY,+,US,2022-02-25,AFWTR,,95.30,53.21,535,531,,,EA,ORB
STARLINK-3602,2022-017Z,51791,PAY,+,US,2022-02-25,AFWTR,,93.90,53.16,466,464,,,EA,ORB
STARLINK-3626,2022-017AA,51792,PAY,+,US,2022-02-25,AFWTR,,93.90,53.16,466,464,,,EA,ORB
STARLINK-3586,2022-017AD,51795,PAY,+,US,2022-02-25,AFWTR,,93.85,53.16,464,462,,,EA,ORB
STARLINK-3634,2022-017AG,51798,PAY,+,US,2022-02-25,AFWTR,,93.85,53.16,464,462,,,EA,ORB
STARLINK-3637,2022-017AH,51799,PAY,+,US,2022-02-25,AFWTR,,93.85,53.16,464,462,,,EA,ORB
STARLINK-3592,2022-017AK,51801,PAY,+,US,2022-02-25,AFWTR,,93.85,53.16,464,462,,,EA,ORB
STARLINK-3544,2022-017AM,51803,PAY,+,US,2022-02-25,AFWTR,,93.85,53.16,464,462,,,EA,ORB
STARLINK-3601,2022-017AN,51804,PAY,+,US,2022-02-25,AFWTR,,93.85,53.16,464,462,,,EA,ORB
STARLINK-3605,2022-017AP,51805,PAY,+,US,2022-02-25,AFWTR,,93.90,53.16,466,464,,,EA,ORB
STARLINK-3606,2022-017AR,51807,PAY,+,US,2022-02-25,AFWTR,,93.85,53.16,464,462,,,EA,ORB
STARLINK-3609,2022-017AS,51808,PAY,+,US,2022-02-25,AFWTR,,93.79,53.16,461,459,,,EA,ORB
STARLINK-3607,2022-017AT,51809,PAY,+,US,2022-02-25,AFWTR,,93.90,53.16,466,465,,,EA,ORB
STARLINK-3613,2022-017AU,51810,PAY,+,US,2022-02-25,AFWTR,,93.85,53.16,463,462,,,EA,ORB
STARLINK-3569,2022-017AV,51811,PAY,+,US,2022-02-25,AFWTR,,93.85,53.16,463,462,,,EA,ORB
STARLINK-3610,2022-017AW,51812,PAY,+,US,2022-02-25,AFWTR,,93.85,53.16,463,462,,,EA,ORB
STARLINK-3552,2022-017AX,51813,PAY,+,US,2022-02-25,AFWTR,,93.79,53.16,461,459,,,EA,ORB
STARLINK-3599,2022-017AY,51814,PAY,+,US,2022-02-25,AFWTR,,93.79,53.16,461,458,,,EA,ORB
STARLINK-3604,2022-017AZ,51815,PAY,+,US,2022-02-25,AFWTR,,94.01,53.16,472,470,,,EA,ORB
STARLINK-3542,2022-022A,51852,PAY,+,US,2022-03-03,AFETR,,93.85,53.16,464,462,,,EA,ORB
STARLINK-3541,2022-022C,51854,PAY,P,US,2022-03-03,AFETR,,94.60,53.22,502,496,,,EA,ORB
STARLINK-3545,2022-022D,51855,PAY,+,US,2022-03-03,AFETR,,93.85,53.16,464,462,,,EA,ORB
STARLINK-3568,2022-022E,51856,PAY,+,US,2022-03-03,AFETR,,94.01,53.16,472,470,,,EA,ORB
STARLINK-3571,2022-022F,51857,PAY,+,US,2022-03-03,AFETR,,94.01,53.16,472,470,,,EA,ORB
STARLINK-3563,2022-022G,51858,PAY,+,US,2022-03-03,AFETR,,93.85,53.16,464,462,,,EA,ORB
STARLINK-3560,2022-022H,51859,PAY,+,US,2022-03-03,AFETR,,94.01,53.16,472,470,,,EA,ORB
STARLINK-3559,2022-022J,51860,PAY,+,US,2022-03-03,AFETR,,93.85,53.16,464,462,,,EA,ORB
STARLINK-3562,2022-022K,51861,PAY,+,US,2022-03-03,AFETR,,93.85,53.16,464,462,,,EA,ORB
STARLINK-3508,2022-022L,51862,PAY,+,US,2022-03-03,AFETR,,93.85,53.16,464,462,,,EA,ORB
STARLINK-3555,2022-022M,51863,PAY,+,US,2022-03-03,AFETR,,93.79,53.16,461,459,,,EA,ORB
STARLINK-3548,2022-022N,51864,PAY,+,US,2022-03-03,AFETR,,93.85,53.16,464,462,,,EA,ORB
STARLINK-3503,2022-022P,51865,PAY,+,US,2022-03-03,AFETR,,93.79,53.16,461,459,,,EA,ORB
STARLINK-3553,2022-022Q,51866,PAY,+,US,2022-03-03,AFETR,,93.90,53.16,466,464,,,EA,ORB
STARLINK-3590,2022-022R,51867,PAY,+,US,2022-03-03,AFETR,,93.79,53.16,461,459,,,EA,ORB
STARLINK-3578,2022-022S,51868,PAY,+,US,2022-03-03,AFETR,,93.79,53.16,461,459,,,EA,ORB
STARLINK-3588,2022-022T,51869,PAY,+,US,2022-03-03,AFETR,,93.79,53.16,461,459,,,EA,ORB
STARLINK-3591,2022-022U,51870,PAY,+,US,2022-03-03,AFETR,,93.79,53.16,461,459,,,EA,ORB
STARLINK-3567,2022-022V,51871,PAY,+,US,2022-03-03,AFETR,,93.85,53.16,464,462,,,EA,ORB
STARLINK-3554,2022-022W,51872,PAY,+,US,2022-03-03,AFETR,,93.79,53.16,460,459,,,EA,ORB
STARLINK-3582,2022-022X,51873,PAY,P,US,2022-03-03,AFETR,,94.32,53.20,490,481,,,EA,ORB
STARLINK-3574,2022-022Y,51874,PAY,+,US,2022-03-03,AFETR,,93.79,53.16,461,459,,,EA,ORB
STARLINK-3585,2022-022Z,51875,PAY,+,US,2022-03-03,AFETR,,93.79,53.16,461,459,,,EA,ORB
STARLINK-3583,2022-022AA,51876,PAY,+,US,2022-03-03,AFETR,,93.79,53.16,461,459,,,EA,ORB
STARLINK-3556,2022-022AB,51877,PAY,+,US,2022-03-03,AFETR,,93.85,53.16,464,462,,,EA,ORB
STARLINK-3575,2022-022AC,51878,PAY,+,US,2022-03-03,AFETR,,93.79,53.16,461,459,,,EA,ORB
STARLINK-3572,2022-022AD,51879,PAY,+,US,2022-03-03,AFETR,,93.85,53.16,464,462,,,EA,ORB
STARLINK-3566,2022-022AE,51880,PAY,+,US,2022-03-03,AFETR,,94.43,53.16,493,488,,,EA,ORB
STARLINK-3504,2022-022AF,51881,PAY,+,US,2022-03-03,AFETR,,93.85,53.16,464,462,,,EA,ORB
STARLINK-3570,2022-022AG,51882,PAY,+,US,2022-03-03,AFETR,,94.01,53.16,472,470,,,EA,ORB
STARLINK-3576,2022-022AH,51883,PAY,+,US,2022-03-03,AFETR,,93.85,53.16,464,462,,,EA,ORB
STARLINK-3577,2022-022AJ,51884,PAY,+,US,2022-03-03,AFETR,,93.85,53.16,463,462,,,EA,ORB
STARLINK-3584,2022-022AK,51885,PAY,+,US,2022-03-03,AFETR,,93.90,53.16,466,464,,,EA,ORB
STARLINK-3565,2022-022AL,51886,PAY,+,US,2022-03-03,AFETR,,95.28,53.18,533,531,,,EA,ORB
STARLINK-3551,2022-022AM,51887,PAY,+,US,2022-03-03,AFETR,,93.85,53.16,464,462,,,EA,ORB
STARLINK-3536,2022-022AN,51888,PAY,+,US,2022-03-03,AFETR,,93.90,53.16,466,464,,,EA,ORB
STARLINK-3547,2022-022AP,51889,PAY,+,US,2022-03-03,AFETR,,93.85,53.16,464,462,,,EA,ORB
STARLINK-3549,2022-022AR,51891,PAY,+,US,2022-03-03,AFETR,,93.85,53.16,464,462,,,EA,ORB
STARLINK-3587,2022-022AS,51892,PAY,+,US,2022-03-03,AFETR,,93.85,53.16,464,462,,,EA,ORB
STARLINK-3579,2022-022AT,51893,PAY,+,US,2022-03-03,AFETR,,95.25,53.21,532,529,,,EA,ORB
STARLINK-3595,2022-022AU,51894,PAY,+,US,2022-03-03,AFETR,,93.85,53.16,464,462,,,EA,ORB
STARLINK-3594,2022-022AV,51895,PAY,+,US,2022-03-03,AFETR,,93.85,53.16,464,462,,,EA,ORB
STARLINK-3593,2022-022AW,51896,PAY,+,US,2022-03-03,AFETR,,93.90,53.16,466,464,,,EA,ORB
STARLINK-3598,2022-022AX,51897,PAY,+,US,2022-03-03,AFETR,,93.85,53.16,464,462,,,EA,ORB
STARLINK-3597,2022-022AY,51898,PAY,+,US,2022-03-03,AFETR,,93.85,53.16,464,462,,,EA,ORB
STARLINK-3700,2022-025A,51956,PAY,+,US,2022-03-09,AFETR,,94.01,53.16,472,470,,,EA,ORB
STARLINK-3694,2022-025B,51957,PAY,+,US,2022-03-09,AFETR,,94.01,53.16,472,469,,,EA,ORB
STARLINK-3692,2022-025C,51958,PAY,+,US,2022-03-09,AFETR,,94.01,53.16,472,470,,,EA,ORB
STARLINK-3704,2022-025D,51959,PAY,+,US,2022-03-09,AFETR,,94.01,53.16,472,470,,,EA,ORB
STARLINK-3691,2022-025E,51960,PAY,+,US,2022-03-09,AFETR,,94.01,53.16,472,470,,,EA,ORB
STARLINK-3697,2022-025G,51962,PAY,+,US,2022-03-09,AFETR,,94.01,53.16,472,470,,,EA,ORB
STARLINK-3675,2022-025H,51963,PAY,+,US,2022-03-09,AFETR,,94.01,53.16,472,470,,,EA,ORB
STARLINK-3690,2022-025J,51964,PAY,+,US,2022-03-09,AFETR,,94.01,53.16,471,470,,,EA,ORB
STARLINK-3696,2022-025K,51965,PAY,+,US,2022-03-09,AFETR,,94.01,53.16,472,470,,,EA,ORB
STARLINK-3699,2022-025L,51966,PAY,+,US,2022-03-09,AFETR,,94.01,53.16,472,470,,,EA,ORB
STARLINK-3681,2022-025N,51968,PAY,+,US,2022-03-09,AFETR,,94.01,53.16,472,470,,,EA,ORB
STARLINK-3680,2022-025P,51969,PAY,+,US,2022-03-09,AFETR,,94.01,53.16,472,470,,,EA,ORB
STARLINK-3677,2022-025Q,51970,PAY,+,US,2022-03-09,AFETR,,94.01,53.16,472,470,,,EA,ORB
STARLINK-3669,2022-025R,51971,PAY,+,US,2022-03-09,AFETR,,94.02,53.16,472,470,,,EA,ORB
STARLINK-3671,2022-025S,51972,PAY,+,US,2022-03-09,AFETR,,94.01,53.16,472,470,,,EA,ORB
STARLINK-3679,2022-025T,51973,PAY,+,US,2022-03-09,AFETR,,94.01,53.16,472,470,,,EA,ORB
STARLINK-3672,2022-025U,51974,PAY,+,US,2022-03-09,AFETR,,94.01,53.16,472,470,,,EA,ORB
STARLINK-3674,2022-025V,51975,PAY,+,US,2022-03-09,AFETR,,94.01,53.16,472,470,,,EA,ORB
STARLINK-3660,2022-025X,51977,PAY,+,US,2022-03-09,AFETR,,94.01,53.16,472,470,,,EA,ORB
STARLINK-3649,2022-025AA,51980,PAY,+,US,2022-03-09,AFETR,,93.79,53.16,461,459,,,EA,ORB
STARLINK-3635,2022-025AB,51981,PAY,+,US,2022-03-09,AFETR,,93.79,53.16,460,459,,,EA,ORB
STARLINK-3655,2022-025AD,51983,PAY,+,US,2022-03-09,AFETR,,93.77,53.16,460,458,,,EA,ORB
STARLINK-3664,2022-025AE,51984,PAY,+,US,2022-03-09,AFETR,,93.79,53.16,461,459,,,EA,ORB
STARLINK-3651,2022-025AF,51985,PAY,+,US,2022-03-09,AFETR,,94.01,53.16,471,470,,,EA,ORB
STARLINK-3645,2022-025AG,51986,PAY,+,US,2022-03-09,AFETR,,93.79,53.16,461,459,,,EA,ORB
STARLINK-3644,2022-025AH,51987,PAY,+,US,2022-03-09,AFETR,,93.85,53.16,464,462,,,EA,ORB
STARLINK-3640,2022-025AJ,51988,PAY,+,US,2022-03-09,AFETR,,94.01,53.16,472,470,,,EA,ORB
STARLINK-3642,2022-025AK,51989,PAY,+,US,2022-03-09,AFETR,,93.85,53.16,464,462,,,EA,ORB
STARLINK-3657,2022-025AL,51990,PAY,+,US,2022-03-09,AFETR,,93.79,53.16,461,459,,,EA,ORB
STARLINK-3652,2022-025AM,51991,PAY,+,US,2022-03-09,AFETR,,93.85,53.16,464,462,,,EA,ORB
STARLINK-3643,2022-025AN,51992,PAY,+,US,2022-03-09,AFETR,,93.85,53.16,464,462,,,EA,ORB
STARLINK-3648,2022-025AP,51993,PAY,+,US,2022-03-09,AFETR,,93.79,53.16,461,459,,,EA,ORB
STARLINK-3647,2022-025AQ,51994,PAY,+,US,2022-03-09,AFETR,,93.82,53.16,463,460,,,EA,ORB
STARLINK-3636,2022-025AR,51995,PAY,+,US,2022-03-09,AFETR,,94.01,53.16,472,470,,,EA,ORB
STARLINK-3538,2022-025AS,51996,PAY,+,US,2022-03-09,AFETR,,93.90,53.16,466,464,,,EA,ORB
STARLINK-3589,2022-025AT,51997,PAY,+,US,2022-03-09,AFETR,,93.85,53.16,464,462,,,EA,ORB
STARLINK-3618,2022-025AU,51998,PAY,+,US,2022-03-09,AFETR,,93.85,53.16,464,462,,,EA,ORB
STARLINK-3653,2022-025AW,52000,PAY,+,US,2022-03-09,AFETR,,93.79,53.16,460,459,,,EA,ORB
STARLINK-3659,2022-025AX,52001,PAY,+,US,2022-03-09,AFETR,,93.79,53.16,462,458,,,EA,ORB
STARLINK-3668,2022-025AY,52002,PAY,+,US,2022-03-09,AFETR,,93.85,53.16,464,462,,,EA,ORB
STARLINK-3712,2022-029C,52090,PAY,+,US,2022-03-19,AFETR,,93.90,53.16,466,464,,,EA,ORB
STARLINK-3716,2022-029E,52092,PAY,+,US,2022-03-19,AFETR,,93.51,53.16,448,445,,,EA,ORB
STARLINK-3673,2022-029F,52093,PAY,+,US,2022-03-19,AFETR,,93.85,53.16,464,462,,,EA,ORB
STARLINK-3714,2022-029G,52094,PAY,+,US,2022-03-19,AFETR,,93.85,53.16,464,462,,,EA,ORB
STARLINK-3701,2022-029H,52095,PAY,+,US,2022-03-19,AFETR,,93.85,53.16,464,462,,,EA,ORB
STARLINK-3717,2022-029J,52096,PAY,+,US,2022-03-19,AFETR,,93.79,53.16,460,459,,,EA,ORB
STARLINK-3665,2022-029L,52098,PAY,+,US,2022-03-19,AFETR,,93.85,53.16,464,462,,,EA,ORB
STARLINK-3702,2022-029N,52100,PAY,+,US,2022-03-19,AFETR,,93.85,53.16,463,462,,,EA,ORB
STARLINK-3703,2022-029P,52101,PAY,+,US,2022-03-19,AFETR,,93.85,53.16,463,462,,,EA,ORB
STARLINK-3709,2022-029Q,52102,PAY,+,US,2022-03-19,AFETR,,93.90,53.16,466,465,,,EA,ORB
STARLINK-3705,2022-029R,52103,PAY,+,US,2022-03-19,AFETR,,93.85,53.16,464,462,,,EA,ORB
STARLINK-3706,2022-029T,52105,PAY,+,US,2022-03-19,AFETR,,93.85,53.16,463,462,,,EA,ORB
STARLINK-3670,2022-029U,52106,PAY,+,US,2022-03-19,AFETR,,93.85,53.16,464,462,,,EA,ORB
STARLINK-3658,2022-029V,52107,PAY,+,US,2022-03-19,AFETR,,93.85,53.16,464,462,,,EA,ORB
STARLINK-3698,2022-029W,52108,PAY,+,US,2022-03-19,AFETR,,93.90,53.16,466,464,,,EA,ORB
STARLINK-3687,2022-029Y,52110,PAY,+,US,2022-03-19,AFETR,,93.90,53.16,466,465,,,EA,ORB
STARLINK-3708,2022-029Z,52111,PAY,+,US,2022-03-19,AFETR,,93.85,53.16,464,461,,,EA,ORB
STARLINK-3734,2022-029AA,52112,PAY,P,US,2022-03-19,AFETR,,94.15,53.16,478,476,,,EA,ORB
STARLINK-3736,2022-029AB,52113,PAY,+,US,2022-03-19,AFETR,,93.90,53.16,466,465,,,EA,ORB
STARLINK-3737,2022-029AC,52114,PAY,+,US,2022-03-19,AFETR,,93.85,53.16,464,462,,,EA,ORB
STARLINK-3685,2022-029AD,52115,PAY,+,US,2022-03-19,AFETR,,93.85,53.16,464,462,,,EA,ORB
STARLINK-3735,2022-029AE,52116,PAY,+,US,2022-03-19,AFETR,,93.85,53.16,464,462,,,EA,ORB
STARLINK-3738,2022-029AF,52117,PAY,+,US,2022-03-19,AFETR,,93.85,53.16,464,462,,,EA,ORB
STARLINK-3743,2022-029AG,52118,PAY,+,US,2022-03-19,AFETR,,93.85,53.16,464,462,,,EA,ORB
STARLINK-3558,2022-029AH,52119,PAY,+,US,2022-03-19,AFETR,,93.85,53.16,464,462,,,EA,ORB
STARLINK-3534,2022-029AJ,52120,PAY,+,US,2022-03-19,AFETR,,93.85,53.16,464,462,,,EA,ORB
STARLINK-3678,2022-029AK,52121,PAY,+,US,2022-03-19,AFETR,,93.79,53.16,461,459,,,EA,ORB
STARLINK-3726,2022-029AL,52122,PAY,+,US,2022-03-19,AFETR,,93.90,53.16,466,465,,,EA,ORB
STARLINK-3725,2022-029AM,52123,PAY,+,US,2022-03-19,AFETR,,93.79,53.16,461,459,,,EA,ORB
STARLINK-3727,2022-029AP,52125,PAY,+,US,2022-03-19,AFETR,,93.90,53.16,466,465,,,EA,ORB
STARLINK-3732,2022-029AQ,52126,PAY,+,US,2022-03-19,AFETR,,93.79,53.16,461,459,,,EA,ORB
STARLINK-3715,2022-029AR,52127,PAY,+,US,2022-03-19,AFETR,,93.79,53.16,461,459,,,EA,ORB
STARLINK-3661,2022-029AT,52129,PAY,+,US,2022-03-19,AFETR,,95.14,53.16,526,524,,,EA,ORB
STARLINK-3711,2022-029AV,52131,PAY,P,US,2022-03-19,AFETR,,94.59,53.22,501,496,,,EA,ORB
STARLINK-3718,2022-029AW,52132,PAY,+,US,2022-03-19,AFETR,,93.85,53.16,464,462,,,EA,ORB
STARLINK-3707,2022-029AX,52133,PAY,+,US,2022-03-19,AFETR,,93.85,53.16,463,462,,,EA,ORB
STARLINK-3721,2022-029AY,52134,PAY,+,US,2022-03-19,AFETR,,93.85,53.16,463,462,,,EA,ORB
STARLINK-3720,2022-029BA,52136,PAY,+,US,2022-03-19,AFETR,,93.79,53.16,460,459,,,EA,ORB
STARLINK-3733,2022-029BB,52137,PAY,+,US,2022-03-19,AFETR,,93.85,53.16,464,462,,,EA,ORB
STARLINK-3723,2022-029BC,52138,PAY,+,US,2022-03-19,AFETR,,93.90,53.16,466,464,,,EA,ORB
STARLINK-3730,2022-029BD,52139,PAY,+,US,2022-03-19,AFETR,,93.85,53.16,463,462,,,EA,ORB
STARLINK-3682,2022-029BE,52140,PAY,+,US,2022-03-19,AFETR,,93.85,53.16,463,462,,,EA,ORB
STARLINK-3761,2022-041B,52262,PAY,+,US,2022-04-21,AFETR,,93.85,53.16,464,462,,,EA,ORB
STARLINK-3786,2022-041C,52263,PAY,+,US,2022-04-21,AFETR,,93.90,53.16,466,464,,,EA,ORB
STARLINK-3795,2022-041D,52264,PAY,+,US,2022-04-21,AFETR,,93.85,53.16,463,462,,,EA,ORB
STARLINK-3740,2022-041E,52265,PAY,+,US,2022-04-21,AFETR,,93.85,53.16,463,462,,,EA,ORB
STARLINK-3739,2022-041F,52266,PAY,+,US,2022-04-21,AFETR,,95.26,53.21,532,530,,,EA,ORB
STARLINK-3748,2022-041G,52267,PAY,+,US,2022-04-21,AFETR,,93.79,53.16,461,459,,,EA,ORB
STARLINK-3746,2022-041H,52268,PAY,+,US,2022-04-21,AFETR,,93.85,53.16,464,462,,,EA,ORB
STARLINK-3791,2022-041J,52269,PAY,+,US,2022-04-21,AFETR,,93.79,53.16,460,459,,,EA,ORB
STARLINK-3804,2022-041K,52270,PAY,+,US,2022-04-21,AFETR,,93.85,53.16,463,462,,,EA,ORB
STARLINK-3788,2022-041L,52271,PAY,+,US,2022-04-21,AFETR,,93.85,53.16,464,462,,,EA,ORB
STARLINK-3781,2022-041M,52272,PAY,+,US,2022-04-21,AFETR,,94.01,53.16,471,470,,,EA,ORB
STARLINK-3782,2022-041N,52273,PAY,+,US,2022-04-21,AFETR,,94.01,53.16,471,470,,,EA,ORB
STARLINK-3790,2022-041P,52274,PAY,+,US,2022-04-21,AFETR,,94.01,53.16,472,470,,,EA,ORB
STARLINK-3784,2022-041Q,52275,PAY,+,US,2022-04-21,AFETR,,93.85,53.16,464,462,,,EA,ORB
STARLINK-3778,2022-041R,52276,PAY,+,US,2022-04-21,AFETR,,93.90,53.16,466,464,,,EA,ORB
STARLINK-3780,2022-041T,52278,PAY,+,US,2022-04-21,AFETR,,93.79,53.16,461,459,,,EA,ORB
STARLINK-3764,2022-041V,52280,PAY,+,US,2022-04-21,AFETR,,94.01,53.16,471,470,,,EA,ORB
STARLINK-3779,2022-041W,52281,PAY,+,US,2022-04-21,AFETR,,93.90,53.16,466,464,,,EA,ORB
STARLINK-3783,2022-041X,52282,PAY,+,US,2022-04-21,AFETR,,93.90,53.16,466,464,,,EA,ORB
STARLINK-3789,2022-041Y,52283,PAY,+,US,2022-04-21,AFETR,,93.90,53.16,466,465,,,EA,ORB
STARLINK-3561,2022-041Z,52284,PAY,+,US,2022-04-21,AFETR,,93.85,53.16,463,462,,,EA,ORB
STARLINK-3802,2022-041AB,52286,PAY,+,US,2022-04-21,AFETR,,93.85,53.16,464,462,,,EA,ORB
STARLINK-3822,2022-041AC,52287,PAY,+,US,2022-04-21,AFETR,,94.01,53.16,471,470,,,EA,ORB
STARLINK-3776,2022-041AD,52288,PAY,+,US,2022-04-21,AFETR,,93.85,53.16,464,462,,,EA,ORB
STARLINK-3751,2022-041AE,52289,PAY,+,US,2022-04-21,AFETR,,94.01,53.16,472,470,,,EA,ORB
STARLINK-3772,2022-041AF,52290,PAY,+,US,2022-04-21,AFETR,,93.85,53.16,464,462,,,EA,ORB
STARLINK-3753,2022-041AH,52292,PAY,+,US,2022-04-21,AFETR,,93.85,53.16,463,462,,,EA,ORB
STARLINK-3771,2022-041AJ,52293,PAY,+,US,2022-04-21,AFETR,,93.85,53.16,464,462,,,EA,ORB
STARLINK-3777,2022-041AK,52294,PAY,+,US,2022-04-21,AFETR,,93.90,53.16,466,464,,,EA,ORB
STARLINK-3765,2022-041AL,52295,PAY,+,US,2022-04-21,AFETR,,90.48,53.16,299,298,,,EA,ORB
STARLINK-3766,2022-041AM,52296,PAY,+,US,2022-04-21,AFETR,,93.85,53.16,464,462,,,EA,ORB
STARLINK-3758,2022-041AN,52297,PAY,+,US,2022-04-21,AFETR,,93.90,53.16,466,464,,,EA,ORB
STARLINK-3760,2022-041AP,52298,PAY,+,US,2022-04-21,AFETR,,93.85,53.16,464,462,,,EA,ORB
STARLINK-3769,2022-041AR,52300,PAY,+,US,2022-04-21,AFETR,,93.85,53.16,464,462,,,EA,ORB
STARLINK-3768,2022-041AS,52301,PAY,+,US,2022-04-21,AFETR,,93.90,53.16,466,464,,,EA,ORB
STARLINK-3564,2022-041AT,52302,PAY,+,US,2022-04-21,AFETR,,94.01,53.16,472,470,,,EA,ORB
STARLINK-3742,2022-041AU,52303,PAY,+,US,2022-04-21,AFETR,,93.90,53.16,466,464,,,EA,ORB
STARLINK-3744,2022-041AV,52304,PAY,+,US,2022-04-21,AFETR,,93.85,53.16,464,462,,,EA,ORB
STARLINK-3724,2022-041AW,52305,PAY,+,US,2022-04-21,AFETR,,93.90,53.16,466,464,,,EA,ORB
STARLINK-3747,2022-041AX,52306,PAY,+,US,2022-04-21,AFETR,,93.85,53.16,464,462,,,EA,ORB
STARLINK-3755,2022-041AY,52307,PAY,+,US,2022-04-21,AFETR,,93.85,53.16,463,462,,,EA,ORB
STARLINK-3756,2022-041BA,52309,PAY,+,US,2022-04-21,AFETR,,94.01,53.16,471,470,,,EA,ORB
STARLINK-3688,2022-041BB,52310,PAY,+,US,2022-04-21,AFETR,,94.01,53.16,472,470,,,EA,ORB
STARLINK-3750,2022-041BC,52311,PAY,+,US,2022-04-21,AFETR,,93.90,53.16,466,464,,,EA,ORB
STARLINK-3752,2022-041BD,52312,PAY,+,US,2022-04-21,AFETR,,93.85,53.16,463,462,,,EA,ORB
STARLINK-3749,2022-041BE,52313,PAY,+,US,2022-04-21,AFETR,,93.90,53.16,466,465,,,EA,ORB
STARLINK-3889,2022-045A,52331,PAY,+,US,2022-04-29,AFETR,,94.15,53.16,478,477,,,EA,ORB
STARLINK-3831,2022-045B,52332,PAY,+,US,2022-04-29,AFETR,,94.04,53.16,473,471,,,EA,ORB
STARLINK-3847,2022-045C,52333,PAY,+,US,2022-04-29,AFETR,,94.01,53.16,472,470,,,EA,ORB
STARLINK-3880,2022-045D,52334,PAY,+,US,2022-04-29,AFETR,,94.02,53.16,472,470,,,EA,ORB
STARLINK-3814,2022-045E,52335,PAY,+,US,2022-04-29,AFETR,,94.02,53.16,472,470,,,EA,ORB
STARLINK-3823,2022-045F,52336,PAY,+,US,2022-04-29,AFETR,,93.90,53.16,466,464,,,EA,ORB
STARLINK-3797,2022-045G,52337,PAY,+,US,2022-04-29,AFETR,,94.01,53.16,472,469,,,EA,ORB
STARLINK-3792,2022-045J,52339,PAY,+,US,2022-04-29,AFETR,,94.19,53.16,480,478,,,EA,ORB
STARLINK-3818,2022-045K,52340,PAY,+,US,2022-04-29,AFETR,,93.85,53.16,463,462,,,EA,ORB
STARLINK-3843,2022-045L,52341,PAY,+,US,2022-04-29,AFETR,,94.07,53.16,474,472,,,EA,ORB
STARLINK-3850,2022-045M,52342,PAY,+,US,2022-04-29,AFETR,,93.85,53.16,464,462,,,EA,ORB
STARLINK-3849,2022-045N,52343,PAY,+,US,2022-04-29,AFETR,,94.06,53.16,473,472,,,EA,ORB
STARLINK-3851,2022-045P,52344,PAY,+,US,2022-04-29,AFETR,,93.85,53.16,464,462,,,EA,ORB
STARLINK-3852,2022-045Q,52345,PAY,+,US,2022-04-29,AFETR,,94.01,53.16,471,470,,,EA,ORB
STARLINK-3812,2022-045R,52346,PAY,+,US,2022-04-29,AFETR,,94.01,53.16,472,470,,,EA,ORB
STARLINK-3826,2022-045S,52347,PAY,+,US,2022-04-29,AFETR,,93.90,53.16,466,464,,,EA,ORB
STARLINK-3829,2022-045T,52348,PAY,+,US,2022-04-29,AFETR,,93.79,53.16,461,459,,,EA,ORB
STARLINK-3819,2022-045U,52349,PAY,+,US,2022-04-29,AFETR,,93.79,53.16,461,459,,,EA,ORB
STARLINK-3754,2022-045V,52350,PAY,+,US,2022-04-29,AFETR,,93.85,53.16,464,462,,,EA,ORB
STARLINK-3838,2022-045X,52352,PAY,+,US,2022-04-29,AFETR,,93.85,53.16,463,462,,,EA,ORB
STARLINK-3807,2022-045Y,52353,PAY,+,US,2022-04-29,AFETR,,93.90,53.16,466,464,,,EA,ORB
STARLINK-3877,2022-045AA,52355,PAY,+,US,2022-04-29,AFETR,,93.85,53.16,464,462,,,EA,ORB
STARLINK-3801,2022-045AB,52356,PAY,+,US,2022-04-29,AFETR,,93.85,53.16,464,462,,,EA,ORB
STARLINK-3821,2022-045AC,52357,PAY,+,US,2022-04-29,AFETR,,93.85,53.16,463,462,,,EA,ORB
STARLINK-3837,2022-045AD,52358,PAY,+,US,2022-04-29,AFETR,,93.85,53.16,464,462,,,EA,ORB
STARLINK-3853,2022-045AE,52359,PAY,+,US,2022-04-29,AFETR,,94.01,53.16,472,470,,,EA,ORB
STARLINK-3728,2022-045AG,52361,PAY,+,US,2022-04-29,AFETR,,93.79,53.16,460,459,,,EA,ORB
STARLINK-3848,2022-045AH,52362,PAY,+,US,2022-04-29,AFETR,,94.01,53.16,472,470,,,EA,ORB
STARLINK-3830,2022-045AJ,52363,PAY,+,US,2022-04-29,AFETR,,93.85,53.16,464,462,,,EA,ORB
STARLINK-3820,2022-045AK,52364,PAY,+,US,2022-04-29,AFETR,,93.90,53.16,466,464,,,EA,ORB
STARLINK-3874,2022-045AL,52365,PAY,+,US,2022-04-29,AFETR,,93.85,53.16,463,462,,,EA,ORB
STARLINK-3808,2022-045AM,52366,PAY,+,US,2022-04-29,AFETR,,93.85,53.16,463,462,,,EA,ORB
STARLINK-3817,2022-045AN,52367,PAY,+,US,2022-04-29,AFETR,,93.90,53.16,466,464,,,EA,ORB
STARLINK-3834,2022-045AP,52368,PAY,+,US,2022-04-29,AFETR,,93.85,53.16,464,462,,,EA,ORB
STARLINK-3841,2022-045AQ,52369,PAY,+,US,2022-04-29,AFETR,,93.79,53.16,460,459,,,EA,ORB
STARLINK-3827,2022-045AR,52370,PAY,+,US,2022-04-29,AFETR,,93.90,53.16,466,464,,,EA,ORB
STARLINK-3798,2022-045AS,52371,PAY,+,US,2022-04-29,AFETR,,94.01,53.16,472,470,,,EA,ORB
STARLINK-3796,2022-045AT,52372,PAY,+,US,2022-04-29,AFETR,,93.85,53.16,463,462,,,EA,ORB
STARLINK-3550,2022-045AU,52373,PAY,+,US,2022-04-29,AFETR,,93.85,53.16,464,462,,,EA,ORB
STARLINK-3762,2022-045AV,52374,PAY,+,US,2022-04-29,AFETR,,93.85,53.16,464,462,,,EA,ORB
STARLINK-3785,2022-045AW,52375,PAY,+,US,2022-04-29,AFETR,,93.85,53.16,463,462,,,EA,ORB
STARLINK-3805,2022-045AY,52377,PAY,+,US,2022-04-29,AFETR,,93.85,53.16,464,462,,,EA,ORB
STARLINK-3806,2022-045AZ,52378,PAY,+,US,2022-04-29,AFETR,,93.85,53.16,464,462,,,EA,ORB
STARLINK-3800,2022-045BA,52379,PAY,+,US,2022-04-29,AFETR,,93.91,53.16,467,465,,,EA,ORB
STARLINK-3793,2022-045BB,52380,PAY,+,US,2022-04-29,AFETR,,93.85,53.16,463,462,,,EA,ORB
STARLINK-3799,2022-045BD,52382,PAY,P,US,2022-04-29,AFETR,,92.70,53.21,408,406,,,EA,ORB
STARLINK-3811,2022-045BE,52383,PAY,+,US,2022-04-29,AFETR,,93.90,53.16,466,465,,,EA,ORB
STARLINK-3909,2022-049B,52452,PAY,+,US,2022-05-06,AFETR,,94.34,53.16,487,486,,,EA,ORB
STARLINK-3872,2022-049C,52453,PAY,+,US,2022-05-06,AFETR,,93.79,53.16,461,459,,,EA,ORB
STARLINK-3888,2022-049D,52454,PAY,+,US,2022-05-06,AFETR,,93.79,53.16,461,459,,,EA,ORB
STARLINK-3890,2022-049E,52455,PAY,+,US,2022-05-06,AFETR,,93.79,53.16,460,459,,,EA,ORB
STARLINK-3896,2022-049F,52456,PAY,+,US,2022-05-06,AFETR,,94.01,53.16,472,470,,,EA,ORB
STARLINK-3899,2022-049G,52457,PAY,+,US,2022-05-06,AFETR,,94.02,53.17,472,471,,,EA,ORB
STARLINK-3898,2022-049H,52458,PAY,+,US,2022-05-06,AFETR,,93.90,53.16,466,464,,,EA,ORB
STARLINK-3856,2022-049J,52459,PAY,+,US,2022-05-06,AFETR,,93.90,53.16,466,464,,,EA,ORB
STARLINK-3900,2022-049L,52461,PAY,+,US,2022-05-06,AFETR,,93.90,53.16,466,464,,,EA,ORB
STARLINK-3903,2022-049M,52462,PAY,+,US,2022-05-06,AFETR,,93.79,53.16,461,459,,,EA,ORB
STARLINK-3885,2022-049N,52463,PAY,+,US,2022-05-06,AFETR,,93.79,53.16,461,459,,,EA,ORB
STARLINK-3904,2022-049P,52464,PAY,+,US,2022-05-06,AFETR,,93.79,53.16,461,459,,,EA,ORB
STARLINK-3863,2022-049Q,52465,PAY,+,US,2022-05-06,AFETR,,93.79,53.16,460,459,,,EA,ORB
STARLINK-3873,2022-049S,52467,PAY,+,US,2022-05-06,AFETR,,93.85,53.16,464,462,,,EA,ORB
STARLINK-3864,2022-049T,52468,PAY,+,US,2022-05-06,AFETR,,93.85,53.16,464,462,,,EA,ORB
STARLINK-3828,2022-049U,52469,PAY,+,US,2022-05-06,AFETR,,93.90,53.16,466,464,,,EA,ORB
STARLINK-3859,2022-049V,52470,PAY,+,US,2022-05-06,AFETR,,93.85,53.16,464,462,,,EA,ORB
STARLINK-3862,2022-049W,52471,PAY,+,US,2022-05-06,AFETR,,94.01,53.16,472,470,,,EA,ORB
STARLINK-3881,2022-049X,52472,PAY,+,US,2022-05-06,AFETR,,93.90,53.16,466,464,,,EA,ORB
STARLINK-3879,2022-049Y,52473,PAY,+,US,2022-05-06,AFETR,,93.90,53.16,466,464,,,EA,ORB
STARLINK-3882,2022-049AA,52475,PAY,+,US,2022-05-06,AFETR,,93.85,53.16,464,462,,,EA,ORB
STARLINK-3835,2022-049AB,52476,PAY,+,US,2022-05-06,AFETR,,93.79,53.16,461,459,,,EA,ORB
STARLINK-3860,2022-049AC,52477,PAY,+,US,2022-05-06,AFETR,,93.85,53.16,464,462,,,EA,ORB
STARLINK-3825,2022-049AD,52478,PAY,+,US,2022-05-06,AFETR,,93.79,53.16,460,459,,,EA,ORB
STARLINK-3878,2022-049AE,52479,PAY,+,US,2022-05-06,AFETR,,94.01,53.16,472,470,,,EA,ORB
STARLINK-3839,2022-049AF,52480,PAY,+,US,2022-05-06,AFETR,,93.85,53.16,464,462,,,EA,ORB
STARLINK-3813,2022-049AH,52482,PAY,+,US,2022-05-06,AFETR,,93.90,53.16,466,464,,,EA,ORB
STARLINK-3875,2022-049AJ,52483,PAY,+,US,2022-05-06,AFETR,,93.79,53.16,461,459,,,EA,ORB
STARLINK-3887,2022-049AK,52484,PAY,+,US,2022-05-06,AFETR,,93.79,53.16,460,460,,,EA,ORB
STARLINK-3913,2022-049AL,52485,PAY,+,US,2022-05-06,AFETR,,93.90,53.16,466,464,,,EA,ORB
STARLINK-3918,2022-049AM,52486,PAY,+,US,2022-05-06,AFETR,,93.85,53.16,464,462,,,EA,ORB
STARLINK-3902,2022-049AN,52487,PAY,+,US,2022-05-06,AFETR,,93.85,53.16,463,462,,,EA,ORB
STARLINK-3892,2022-049AP,52488,PAY,+,US,2022-05-06,AFETR,,93.90,53.16,466,464,,,EA,ORB
STARLINK-3923,2022-049AQ,52489,PAY,+,US,2022-05-06,AFETR,,93.90,53.16,466,464,,,EA,ORB
STARLINK-3914,2022-049AR,52490,PAY,+,US,2022-05-06,AFETR,,94.01,53.16,472,470,,,EA,ORB
STARLINK-3908,2022-049AS,52491,PAY,+,US,2022-05-06,AFETR,,93.89,53.16,466,464,,,EA,ORB
STARLINK-3916,2022-049AT,52492,PAY,+,US,2022-05-06,AFETR,,93.85,53.16,464,462,,,EA,ORB
STARLINK-3883,2022-049AU,52493,PAY,+,US,2022-05-06,AFETR,,93.79,53.16,461,459,,,EA,ORB
STARLINK-3857,2022-049AV,52494,PAY,+,US,2022-05-06,AFETR,,93.85,53.16,464,462,,,EA,ORB
STARLINK-3871,2022-049AX,52496,PAY,+,US,2022-05-06,AFETR,,93.85,53.16,464,462,,,EA,ORB
STARLINK-3884,2022-049AY,52497,PAY,+,US,2022-05-06,AFETR,,93.90,53.16,466,464,,,EA,ORB
STARLINK-3925,2022-049AZ,52498,PAY,+,US,2022-05-06,AFETR,,93.85,53.16,463,462,,,EA,ORB
STARLINK-3866,2022-049BB,52500,PAY,+,US,2022-05-06,AFETR,,95.02,53.16,522,518,,,EA,ORB
STARLINK-3907,2022-049BC,52501,PAY,+,US,2022-05-06,AFETR,,93.90,53.16,466,464,,,EA,ORB
STARLINK-3912,2022-049BD,52502,PAY,+,US,2022-05-06,AFETR,,93.79,53.16,461,458,,,EA,ORB
STARLINK-3861,2022-049BE,52503,PAY,+,US,2022-05-06,AFETR,,93.79,53.16,461,459,,,EA,ORB
STARLINK-3958,2022-051C,52535,PAY,+,US,2022-05-13,AFWTR,,93.90,53.16,466,464,,,EA,ORB
STARLINK-3964,2022-051D,52536,PAY,+,US,2022-05-13,AFWTR,,93.85,53.16,464,462,,,EA,ORB
STARLINK-3897,2022-051E,52537,PAY,+,US,2022-05-13,AFWTR,,93.85,53.16,464,462,,,EA,ORB
STARLINK-3933,2022-051F,52538,PAY,+,US,2022-05-13,AFWTR,,93.85,53.16,463,462,,,EA,ORB
STARLINK-3757,2022-051G,52539,PAY,+,US,2022-05-13,AFWTR,,93.90,53.16,466,464,,,EA,ORB
STARLINK-3940,2022-051H,52540,PAY,+,US,2022-05-13,AFWTR,,93.85,53.16,463,462,,,EA,ORB
STARLINK-3845,2022-051J,52541,PAY,+,US,2022-05-13,AFWTR,,93.79,53.16,461,459,,,EA,ORB
STARLINK-3937,2022-051K,52542,PAY,+,US,2022-05-13,AFWTR,,93.85,53.16,464,462,,,EA,ORB
STARLINK-3926,2022-051L,52543,PAY,+,US,2022-05-13,AFWTR,,93.85,53.16,463,462,,,EA,ORB
STARLINK-3944,2022-051M,52544,PAY,+,US,2022-05-13,AFWTR,,94.01,53.16,472,470,,,EA,ORB
STARLINK-3948,2022-051P,52546,PAY,+,US,2022-05-13,AFWTR,,93.85,53.16,464,462,,,EA,ORB
STARLINK-3931,2022-051R,52548,PAY,+,US,2022-05-13,AFWTR,,93.90,53.16,466,464,,,EA,ORB
STARLINK-3935,2022-051S,52549,PAY,+,US,2022-05-13,AFWTR,,93.79,53.16,461,459,,,EA,ORB
STARLINK-3965,2022-051T,52550,PAY,+,US,2022-05-13,AFWTR,,93.85,53.16,463,462,,,EA,ORB
STARLINK-3969,2022-051U,52551,PAY,+,US,2022-05-13,AFWTR,,93.90,53.16,466,465,,,EA,ORB
STARLINK-3966,2022-051V,52552,PAY,+,US,2022-05-13,AFWTR,,94.01,53.16,471,470,,,EA,ORB
STARLINK-3770,2022-051X,52554,PAY,+,US,2022-05-13,AFWTR,,94.01,53.16,471,470,,,EA,ORB
STARLINK-3943,2022-051AA,52557,PAY,+,US,2022-05-13,AFWTR,,93.85,53.16,463,462,,,EA,ORB
STARLINK-3953,2022-051AC,52559,PAY,+,US,2022-05-13,AFWTR,,93.79,53.16,460,459,,,EA,ORB
STARLINK-3956,2022-051AD,52560,PAY,+,US,2022-05-13,AFWTR,,93.79,53.16,461,459,,,EA,ORB
STARLINK-3955,2022-051AE,52561,PAY,+,US,2022-05-13,AFWTR,,93.85,53.16,463,462,,,EA,ORB
STARLINK-3957,2022-051AF,52562,PAY,+,US,2022-05-13,AFWTR,,93.85,53.16,463,462,,,EA,ORB
STARLINK-3942,2022-051AG,52563,PAY,+,US,2022-05-13,AFWTR,,93.79,53.16,460,459,,,EA,ORB
STARLINK-3959,2022-051AH,52564,PAY,+,US,2022-05-13,AFWTR,,94.01,53.16,472,470,,,EA,ORB
STARLINK-3911,2022-051AJ,52565,PAY,+,US,2022-05-13,AFWTR,,93.90,53.16,466,464,,,EA,ORB
STARLINK-3938,2022-051AK,52566,PAY,+,US,2022-05-13,AFWTR,,93.79,53.16,461,459,,,EA,ORB
STARLINK-3929,2022-051AL,52567,PAY,+,US,2022-05-13,AFWTR,,93.85,53.16,464,462,,,EA,ORB
STARLINK-3930,2022-051AM,52568,PAY,+,US,2022-05-13,AFWTR,,93.85,53.16,464,462,,,EA,ORB
STARLINK-3927,2022-051AN,52569,PAY,+,US,2022-05-13,AFWTR,,94.01,53.16,471,470,,,EA,ORB
STARLINK-3901,2022-051AQ,52574,PAY,+,US,2022-05-13,AFWTR,,92.08,53.16,377,375,,,EA,ORB
STARLINK-3932,2022-051AS,52576,PAY,+,US,2022-05-13,AFWTR,,93.85,53.16,464,462,,,EA,ORB
STARLINK-3836,2022-051AT,52577,PAY,+,US,2022-05-13,AFWTR,,93.85,53.16,463,462,,,EA,ORB
STARLINK-3833,2022-051AU,52578,PAY,+,US,2022-05-13,AFWTR,,93.85,53.16,463,462,,,EA,ORB
STARLINK-3893,2022-051AV,52579,PAY,P,US,2022-05-13,AFWTR,,88.93,53.21,224,219,,,EA,ORB
STARLINK-3919,2022-051AW,52580,PAY,+,US,2022-05-13,AFWTR,,94.01,53.16,471,470,,,EA,ORB
STARLINK-3915,2022-051AX,52581,PAY,+,US,2022-05-13,AFWTR,,93.79,53.16,461,459,,,EA,ORB
STARLINK-3895,2022-051AZ,52583,PAY,+,US,2022-05-13,AFWTR,,93.79,53.16,460,459,,,EA,ORB
STARLINK-3922,2022-051BA,52584,PAY,+,US,2022-05-13,AFWTR,,93.79,53.16,461,459,,,EA,ORB
STARLINK-3906,2022-051BB,52585,PAY,+,US,2022-05-13,AFWTR,,95.44,53.16,541,539,,,EA,ORB
STARLINK-3910,2022-051BC,52586,PAY,+,US,2022-05-13,AFWTR,,93.79,53.16,460,459,,,EA,ORB
STARLINK-3867,2022-051BD,52587,PAY,+,US,2022-05-13,AFWTR,,94.01,53.16,471,470,,,EA,ORB
STARLINK-3917,2022-051BE,52588,PAY,+,US,2022-05-13,AFWTR,,93.79,53.16,460,459,,,EA,ORB
STARLINK-4019,2022-052A,52598,PAY,+,US,2022-05-14,AFETR,,93.79,53.16,461,459,,,EA,ORB
STARLINK-4024,2022-052B,52599,PAY,+,US,2022-05-14,AFETR,,94.01,53.16,472,470,,,EA,ORB
STARLINK-4026,2022-052C,52600,PAY,+,US,2022-05-14,AFETR,,94.01,53.16,472,470,,,EA,ORB
STARLINK-4027,2022-052D,52601,PAY,+,US,2022-05-14,AFETR,,93.79,53.16,461,459,,,EA,ORB
STARLINK-4012,2022-052E,52602,PAY,+,US,2022-05-14,AFETR,,93.79,53.16,461,459,,,EA,ORB
STARLINK-4016,2022-052F,52603,PAY,+,US,2022-05-14,AFETR,,94.01,53.16,471,470,,,EA,ORB
STARLINK-4013,2022-052G,52604,PAY,+,US,2022-05-14,AFETR,,93.79,53.16,461,459,,,EA,ORB
STARLINK-4000,2022-052H,52605,PAY,+,US,2022-05-14,AFETR,,93.85,53.16,464,462,,,EA,ORB
STARLINK-3928,2022-052J,52606,PAY,+,US,2022-05-14,AFETR,,94.89,53.16,514,512,,,EA,ORB
STARLINK-3947,2022-052K,52607,PAY,+,US,2022-05-14,AFETR,,94.01,53.16,472,470,,,EA,ORB
STARLINK-3979,2022-052L,52608,PAY,+,US,2022-05-14,AFETR,,93.78,53.16,460,459,,,EA,ORB
STARLINK-3997,2022-052M,52609,PAY,+,US,2022-05-14,AFETR,,93.85,53.16,464,462,,,EA,ORB
STARLINK-3998,2022-052N,52610,PAY,+,US,2022-05-14,AFETR,,93.79,53.16,461,459,,,EA,ORB
STARLINK-3980,2022-052P,52611,PAY,+,US,2022-05-14,AFETR,,93.79,53.16,461,459,,,EA,ORB
STARLINK-4002,2022-052Q,52612,PAY,+,US,2022-05-14,AFETR,,93.85,53.16,463,462,,,EA,ORB
STARLINK-3982,2022-052S,52614,PAY,P,US,2022-05-14,AFETR,,92.37,53.21,392,389,,,EA,ORB
STARLINK-4011,2022-052T,52615,PAY,+,US,2022-05-14,AFETR,,93.79,53.16,461,459,,,EA,ORB
STARLINK-3996,2022-052V,52617,PAY,+,US,2022-05-14,AFETR,,95.44,53.16,541,539,,,EA,ORB
STARLINK-3983,2022-052W,52618,PAY,+,US,2022-05-14,AFETR,,93.79,53.16,461,459,,,EA,ORB
STARLINK-3741,2022-052X,52619,PAY,+,US,2022-05-14,AFETR,,93.83,53.16,463,461,,,EA,ORB
STARLINK-3975,2022-052Y,52620,PAY,+,US,2022-05-14,AFETR,,93.90,53.16,466,464,,,EA,ORB
STARLINK-3984,2022-052Z,52621,PAY,+,US,2022-05-14,AFETR,,93.79,53.16,461,459,,,EA,ORB
STARLINK-4008,2022-052AA,52622,PAY,+,US,2022-05-14,AFETR,,93.79,53.16,460,459,,,EA,ORB
STARLINK-3986,2022-052AB,52623,PAY,+,US,2022-05-14,AFETR,,93.79,53.16,460,459,,,EA,ORB
STARLINK-3988,2022-052AD,52625,PAY,+,US,2022-05-14,AFETR,,93.79,53.16,461,459,,,EA,ORB
STARLINK-3990,2022-052AE,52626,PAY,+,US,2022-05-14,AFETR,,93.82,53.16,462,461,,,EA,ORB
STARLINK-3992,2022-052AF,52627,PAY,+,US,2022-05-14,AFETR,,93.79,53.16,460,459,,,EA,ORB
STARLINK-4001,2022-052AG,52628,PAY,+,US,2022-05-14,AFETR,,93.79,53.16,461,459,,,EA,ORB
STARLINK-4022,2022-052AH,52629,PAY,+,US,2022-05-14,AFETR,,95.44,53.16,541,539,,,EA,ORB
STARLINK-3989,2022-052AJ,52630,PAY,+,US,2022-05-14,AFETR,,94.01,53.16,472,470,,,EA,ORB
STARLINK-3794,2022-052AK,52631,PAY,+,US,2022-05-14,AFETR,,93.85,53.16,464,462,,,EA,ORB
STARLINK-3995,2022-052AL,52632,PAY,+,US,2022-05-14,AFETR,,95.44,53.16,541,539,,,EA,ORB
STARLINK-3994,2022-052AM,52633,PAY,+,US,2022-05-14,AFETR,,95.44,53.16,541,539,,,EA,ORB
STARLINK-3974,2022-052AN,52634,PAY,+,US,2022-05-14,AFETR,,93.79,53.16,460,459,,,EA,ORB
STARLINK-3978,2022-052AP,52635,PAY,+,US,2022-05-14,AFETR,,94.01,53.16,472,470,,,EA,ORB
STARLINK-3967,2022-052AQ,52636,PAY,+,US,2022-05-14,AFETR,,93.79,53.16,461,459,,,EA,ORB
STARLINK-3961,2022-052AR,52637,PAY,+,US,2022-05-14,AFETR,,94.01,53.16,472,470,,,EA,ORB
STARLINK-3941,2022-052AS,52638,PAY,+,US,2022-05-14,AFETR,,93.85,53.16,464,462,,,EA,ORB
STARLINK-3968,2022-052AT,52639,PAY,+,US,2022-05-14,AFETR,,93.85,53.16,463,462,,,EA,ORB
STARLINK-3977,2022-052AU,52640,PAY,+,US,2022-05-14,AFETR,,93.79,53.16,460,459,,,EA,ORB
STARLINK-3991,2022-052AV,52641,PAY,+,US,2022-05-14,AFETR,,94.01,53.16,472,470,,,EA,ORB
STARLINK-3971,2022-052AW,52642,PAY,+,US,2022-05-14,AFETR,,93.79,53.16,461,459,,,EA,ORB
STARLINK-3963,2022-052AX,52643,PAY,+,US,2022-05-14,AFETR,,94.01,53.16,472,470,,,EA,ORB
STARLINK-3985,2022-052AY,52644,PAY,+,US,2022-05-14,AFETR,,93.79,53.16,461,459,,,EA,ORB
STARLINK-3973,2022-052AZ,52645,PAY,+,US,2022-05-14,AFETR,,94.01,53.16,472,470,,,EA,ORB
STARLINK-3832,2022-052BA,52646,PAY,+,US,2022-05-14,AFETR,,93.90,53.16,467,464,,,EA,ORB
STARLINK-3854,2022-052BC,52648,PAY,+,US,2022-05-14,AFETR,,93.90,53.16,466,464,,,EA,ORB
STARLINK-3868,2022-052BD,52649,PAY,+,US,2022-05-14,AFETR,,94.01,53.16,472,470,,,EA,ORB
STARLINK-3891,2022-052BE,52650,PAY,+,US,2022-05-14,AFETR,,93.83,53.16,463,461,,,EA,ORB
STARLINK-4004,2022-053A,52656,PAY,+,US,2022-05-18,AFETR,,93.79,53.16,460,459,,,EA,ORB
STARLINK-4084,2022-053B,52657,PAY,+,US,2022-05-18,AFETR,,94.01,53.16,471,470,,,EA,ORB
STARLINK-4082,2022-053C,52658,PAY,+,US,2022-05-18,AFETR,,95.44,53.16,541,539,,,EA,ORB
STARLINK-3960,2022-053D,52659,PAY,+,US,2022-05-18,AFETR,,93.90,53.16,466,464,,,EA,ORB
STARLINK-4081,2022-053E,52660,PAY,+,US,2022-05-18,AFETR,,94.01,53.16,472,470,,,EA,ORB
STARLINK-4044,2022-053G,52662,PAY,+,US,2022-05-18,AFETR,,93.79,53.16,461,459,,,EA,ORB
STARLINK-4037,2022-053H,52663,PAY,+,US,2022-05-18,AFETR,,93.84,53.16,463,462,,,EA,ORB
STARLINK-4070,2022-053J,52664,PAY,+,US,2022-05-18,AFETR,,95.44,53.16,541,539,,,EA,ORB
STARLINK-4064,2022-053K,52665,PAY,+,US,2022-05-18,AFETR,,95.44,53.16,541,539,,,EA,ORB
STARLINK-4079,2022-053L,52666,PAY,+,US,2022-05-18,AFETR,,95.44,53.16,540,539,,,EA,ORB
STARLINK-4076,2022-053M,52667,PAY,+,US,2022-05-18,AFETR,,95.44,53.16,541,539,,,EA,ORB
STARLINK-4067,2022-053N,52668,PAY,+,US,2022-05-18,AFETR,,94.01,53.16,471,470,,,EA,ORB
STARLINK-3972,2022-053P,52669,PAY,+,US,2022-05-18,AFETR,,93.85,53.16,463,462,,,EA,ORB
STARLINK-4075,2022-053Q,52670,PAY,+,US,2022-05-18,AFETR,,95.44,53.16,541,539,,,EA,ORB
STARLINK-4071,2022-053R,52671,PAY,+,US,2022-05-18,AFETR,,95.44,53.16,541,539,,,EA,ORB
STARLINK-4073,2022-053S,52672,PAY,+,US,2022-05-18,AFETR,,95.44,53.16,541,539,,,EA,ORB
STARLINK-3976,2022-053T,52673,PAY,+,US,2022-05-18,AFETR,,93.79,53.16,461,459,,,EA,ORB
STARLINK-3936,2022-053U,52674,PAY,P,US,2022-05-18,AFETR,,94.33,53.16,487,485,,,EA,ORB
STARLINK-3934,2022-053V,52675,PAY,+,US,2022-05-18,AFETR,,94.01,53.16,471,470,,,EA,ORB
STARLINK-4006,2022-053W,52676,PAY,+,US,2022-05-18,AFETR,,93.79,53.16,460,459,,,EA,ORB
STARLINK-4074,2022-053Y,52678,PAY,+,US,2022-05-18,AFETR,,94.01,53.16,471,470,,,EA,ORB
STARLINK-4031,2022-053Z,52679,PAY,+,US,2022-05-18,AFETR,,94.39,53.16,490,488,,,EA,ORB
STARLINK-3774,2022-053AA,52680,PAY,+,US,2022-05-18,AFETR,,94.51,53.16,496,494,,,EA,ORB
STARLINK-4068,2022-053AB,52681,PAY,+,US,2022-05-18,AFETR,,94.01,53.16,472,470,,,EA,ORB
STARLINK-4017,2022-053AC,52682,PAY,+,US,2022-05-18,AFETR,,94.61,53.16,501,499,,,EA,ORB
STARLINK-4014,2022-053AE,52684,PAY,+,US,2022-05-18,AFETR,,94.55,53.16,498,496,,,EA,ORB
STARLINK-4029,2022-053AF,52685,PAY,+,US,2022-05-18,AFETR,,94.44,53.16,492,491,,,EA,ORB
STARLINK-4005,2022-053AG,52686,PAY,+,US,2022-05-18,AFETR,,94.32,53.16,487,484,,,EA,ORB
STARLINK-3981,2022-053AH,52687,PAY,+,US,2022-05-18,AFETR,,94.34,53.16,488,486,,,EA,ORB
STARLINK-4032,2022-053AJ,52688,PAY,+,US,2022-05-18,AFETR,,94.54,53.16,498,495,,,EA,ORB
STARLINK-4035,2022-053AL,52690,PAY,+,US,2022-05-18,AFETR,,94.33,53.16,487,485,,,EA,ORB
STARLINK-3993,2022-053AN,52692,PAY,+,US,2022-05-18,AFETR,,94.47,53.16,495,492,,,EA,ORB
STARLINK-3946,2022-053AP,52693,PAY,+,US,2022-05-18,AFETR,,94.49,53.16,494,493,,,EA,ORB
STARLINK-4072,2022-053AQ,52694,PAY,+,US,2022-05-18,AFETR,,93.79,53.16,461,459,,,EA,ORB
STARLINK-4041,2022-053AR,52695,PAY,+,US,2022-05-18,AFETR,,95.44,53.16,540,539,,,EA,ORB
STARLINK-4018,2022-053AT,52697,PAY,+,US,2022-05-18,AFETR,,93.79,53.16,460,459,,,EA,ORB
STARLINK-4030,2022-053AU,52698,PAY,+,US,2022-05-18,AFETR,,93.79,53.16,461,459,,,EA,ORB
STARLINK-3987,2022-053AV,52699,PAY,+,US,2022-05-18,AFETR,,93.79,53.16,460,459,,,EA,ORB
STARLINK-4034,2022-053AW,52700,PAY,+,US,2022-05-18,AFETR,,93.85,53.16,463,462,,,EA,ORB
STARLINK-4033,2022-053AY,52702,PAY,+,US,2022-05-18,AFETR,,93.79,53.16,460,459,,,EA,ORB
STARLINK-4020,2022-053AZ,52703,PAY,+,US,2022-05-18,AFETR,,93.79,53.16,460,459,,,EA,ORB
STARLINK-3999,2022-053BA,52704,PAY,+,US,2022-05-18,AFETR,,93.79,53.16,461,459,,,EA,ORB
STARLINK-3844,2022-053BB,52705,PAY,+,US,2022-05-18,AFETR,,93.79,53.16,460,459,,,EA,ORB
STARLINK-3970,2022-053BC,52706,PAY,+,US,2022-05-18,AFETR,,93.79,53.16,460,459,,,EA,ORB
STARLINK-4007,2022-053BD,52707,PAY,+,US,2022-05-18,AFETR,,95.15,53.22,527,525,,,EA,ORB
STARLINK-3962,2022-053BE,52708,PAY,+,US,2022-05-18,AFETR,,93.79,53.16,461,459,,,EA,ORB
STARLINK-4091,2022-062A,52830,PAY,+,US,2022-06-17,AFETR,,94.01,53.16,472,470,,,EA,ORB
STARLINK-4089,2022-062B,52831,PAY,+,US,2022-06-17,AFETR,,94.01,53.16,471,470,,,EA,ORB
STARLINK-4083,2022-062C,52832,PAY,+,US,2022-06-17,AFETR,,94.01,53.16,472,470,,,EA,ORB
STARLINK-4086,2022-062D,52833,PAY,+,US,2022-06-17,AFETR,,94.39,53.16,491,487,,,EA,ORB
STARLINK-4108,2022-062E,52834,PAY,+,US,2022-06-17,AFETR,,94.01,53.16,472,470,,,EA,ORB
STARLINK-4080,2022-062F,52835,PAY,+,US,2022-06-17,AFETR,,94.01,53.16,472,470,,,EA,ORB
STARLINK-4043,2022-062G,52836,PAY,P,US,2022-06-17,AFETR,,94.33,53.16,487,485,,,EA,ORB
STARLINK-4036,2022-062H,52837,PAY,+,US,2022-06-17,AFETR,,93.85,53.16,464,462,,,EA,ORB
STARLINK-4092,2022-062J,52838,PAY,+,US,2022-06-17,AFETR,,94.01,53.16,472,470,,,EA,ORB
STARLINK-4048,2022-062K,52839,PAY,+,US,2022-06-17,AFETR,,94.01,53.16,472,470,,,EA,ORB
STARLINK-4049,2022-062L,52840,PAY,P,US,2022-06-17,AFETR,,94.01,53.16,472,470,,,EA,ORB
STARLINK-4065,2022-062M,52841,PAY,+,US,2022-06-17,AFETR,,93.85,53.16,464,462,,,EA,ORB
STARLINK-4046,2022-062N,52842,PAY,+,US,2022-06-17,AFETR,,93.85,53.16,463,462,,,EA,ORB
STARLINK-4188,2022-062P,52843,PAY,+,US,2022-06-17,AFETR,,94.01,53.16,471,470,,,EA,ORB
STARLINK-4208,2022-062Q,52844,PAY,+,US,2022-06-17,AFETR,,93.90,53.16,466,464,,,EA,ORB
STARLINK-4168,2022-062R,52845,PAY,+,US,2022-06-17,AFETR,,94.01,53.16,472,470,,,EA,ORB
STARLINK-4212,2022-062S,52846,PAY,+,US,2022-06-17,AFETR,,94.01,53.16,472,470,,,EA,ORB
STARLINK-4206,2022-062T,52847,PAY,+,US,2022-06-17,AFETR,,93.85,53.16,463,462,,,EA,ORB
STARLINK-4202,2022-062U,52848,PAY,+,US,2022-06-17,AFETR,,93.79,53.16,461,459,,,EA,ORB
STARLINK-4197,2022-062V,52849,PAY,+,US,2022-06-17,AFETR,,93.79,53.16,461,459,,,EA,ORB
STARLINK-4187,2022-062W,52850,PAY,+,US,2022-06-17,AFETR,,94.01,53.16,472,470,,,EA,ORB
STARLINK-3809,2022-062X,52851,PAY,+,US,2022-06-17,AFETR,,93.85,53.16,464,462,,,EA,ORB
STARLINK-4184,2022-062Y,52852,PAY,+,US,2022-06-17,AFETR,,93.85,53.16,464,462,,,EA,ORB
STARLINK-4204,2022-062AA,52854,PAY,+,US,2022-06-17,AFETR,,93.79,53.16,461,459,,,EA,ORB
STARLINK-4209,2022-062AB,52855,PAY,+,US,2022-06-17,AFETR,,94.01,53.16,472,470,,,EA,ORB
STARLINK-4201,2022-062AC,52856,PAY,+,US,2022-06-17,AFETR,,93.90,53.16,466,464,,,EA,ORB
STARLINK-4199,2022-062AD,52857,PAY,+,US,2022-06-17,AFETR,,93.85,53.16,464,462,,,EA,ORB
STARLINK-4198,2022-062AE,52858,PAY,+,US,2022-06-17,AFETR,,93.90,53.16,466,464,,,EA,ORB
STARLINK-4196,2022-062AF,52859,PAY,+,US,2022-06-17,AFETR,,93.90,53.16,466,464,,,EA,ORB
STARLINK-4191,2022-062AG,52860,PAY,+,US,2022-06-17,AFETR,,93.79,53.16,461,459,,,EA,ORB
STARLINK-4112,2022-062AH,52861,PAY,+,US,2022-06-17,AFETR,,94.01,53.16,472,470,,,EA,ORB
STARLINK-4010,2022-062AJ,52862,PAY,+,US,2022-06-17,AFETR,,93.85,53.16,464,462,,,EA,ORB
STARLINK-4270,2022-062AK,52863,PAY,+,US,2022-06-17,AFETR,,93.85,53.16,464,462,,,EA,ORB
STARLINK-4267,2022-062AL,52864,PAY,+,US,2022-06-17,AFETR,,93.85,53.16,464,462,,,EA,ORB
STARLINK-4274,2022-062AM,52865,PAY,+,US,2022-06-17,AFETR,,93.85,53.16,463,462,,,EA,ORB
STARLINK-4272,2022-062AN,52866,PAY,+,US,2022-06-17,AFETR,,93.90,53.16,466,464,,,EA,ORB
STARLINK-4126,2022-062AP,52867,PAY,+,US,2022-06-17,AFETR,,93.85,53.16,464,462,,,EA,ORB
STARLINK-4261,2022-062AQ,52868,PAY,+,US,2022-06-17,AFETR,,93.79,53.16,461,459,,,EA,ORB
STARLINK-4266,2022-062AR,52869,PAY,+,US,2022-06-17,AFETR,,93.85,53.16,463,462,,,EA,ORB
STARLINK-4207,2022-062AT,52871,PAY,+,US,2022-06-17,AFETR,,93.85,53.16,464,462,,,EA,ORB
STARLINK-4213,2022-062AU,52872,PAY,+,US,2022-06-17,AFETR,,94.01,53.16,472,470,,,EA,ORB
STARLINK-4211,2022-062AV,52873,PAY,+,US,2022-06-17,AFETR,,93.85,53.16,464,462,,,EA,ORB
STARLINK-4193,2022-062AX,52875,PAY,+,US,2022-06-17,AFETR,,93.85,53.16,464,462,,,EA,ORB
STARLINK-4200,2022-062AY,52876,PAY,+,US,2022-06-17,AFETR,,94.01,53.16,471,470,,,EA,ORB
STARLINK-4214,2022-062AZ,52877,PAY,+,US,2022-06-17,AFETR,,93.85,53.16,463,462,,,EA,ORB
STARLINK-4171,2022-062BA,52878,PAY,+,US,2022-06-17,AFETR,,93.85,53.16,464,462,,,EA,ORB
STARLINK-4139,2022-062BB,52879,PAY,+,US,2022-06-17,AFETR,,93.85,53.16,464,462,,,EA,ORB
STARLINK-4186,2022-062BC,52880,PAY,+,US,2022-06-17,AFETR,,93.85,53.16,464,462,,,EA,ORB
STARLINK-4181,2022-062BE,52882,PAY,+,US,2022-06-17,AFETR,,94.31,53.15,486,484,,,EA,ORB
STARLINK-4260,2022-076A,52986,PAY,+,US,2022-07-07,AFETR,,93.79,53.16,461,459,,,EA,ORB
STARLINK-4259,2022-076B,52987,PAY,+,US,2022-07-07,AFETR,,94.01,53.16,472,470,,,EA,ORB
STARLINK-4291,2022-076C,52988,PAY,+,US,2022-07-07,AFETR,,93.90,53.16,466,464,,,EA,ORB
STARLINK-4293,2022-076D,52989,PAY,P,US,2022-07-07,AFETR,,90.23,53.21,287,284,,,EA,ORB
STARLINK-4286,2022-076E,52990,PAY,+,US,2022-07-07,AFETR,,93.86,53.16,464,463,,,EA,ORB
STARLINK-4285,2022-076F,52991,PAY,+,US,2022-07-07,AFETR,,93.85,53.16,464,462,,,EA,ORB
STARLINK-4269,2022-076G,52992,PAY,+,US,2022-07-07,AFETR,,94.01,53.16,471,470,,,EA,ORB
STARLINK-4256,2022-076J,52994,PAY,+,US,2022-07-07,AFETR,,93.85,53.16,463,462,,,EA,ORB
STARLINK-4296,2022-076K,52995,PAY,+,US,2022-07-07,AFETR,,93.79,53.16,461,459,,,EA,ORB
STARLINK-4295,2022-076L,52996,PAY,+,US,2022-07-07,AFETR,,93.85,53.16,464,462,,,EA,ORB
STARLINK-4254,2022-076N,52998,PAY,+,US,2022-07-07,AFETR,,93.85,53.16,464,462,,,EA,ORB
STARLINK-4217,2022-076P,52999,PAY,+,US,2022-07-07,AFETR,,93.85,53.16,464,462,,,EA,ORB
STARLINK-4194,2022-076Q,53000,PAY,+,US,2022-07-07,AFETR,,93.85,53.16,464,462,,,EA,ORB
STARLINK-4190,2022-076R,53001,PAY,+,US,2022-07-07,AFETR,,93.79,53.16,461,459,,,EA,ORB
STARLINK-4121,2022-076S,53002,PAY,+,US,2022-07-07,AFETR,,93.79,53.16,461,459,,,EA,ORB
STARLINK-4255,2022-076T,53003,PAY,+,US,2022-07-07,AFETR,,93.85,53.16,464,462,,,EA,ORB
STARLINK-4253,2022-076U,53004,PAY,+,US,2022-07-07,AFETR,,94.01,53.16,472,470,,,EA,ORB
STARLINK-4288,2022-076V,53005,PAY,+,US,2022-07-07,AFETR,,93.85,53.16,463,462,,,EA,ORB
STARLINK-4290,2022-076W,53006,PAY,+,US,2022-07-07,AFETR,,93.79,53.16,460,459,,,EA,ORB
STARLINK-4215,2022-076X,53007,PAY,+,US,2022-07-07,AFETR,,93.79,53.16,460,459,,,EA,ORB
STARLINK-4275,2022-076Y,53008,PAY,+,US,2022-07-07,AFETR,,93.79,53.16,461,459,,,EA,ORB
STARLINK-4277,2022-076Z,53009,PAY,+,US,2022-07-07,AFETR,,93.79,53.16,461,459,,,EA,ORB
STARLINK-4263,2022-076AA,53010,PAY,+,US,2022-07-07,AFETR,,93.85,53.16,464,462,,,EA,ORB
STARLINK-4265,2022-076AB,53011,PAY,+,US,2022-07-07,AFETR,,93.85,53.16,464,462,,,EA,ORB
STARLINK-4271,2022-076AC,53012,PAY,+,US,2022-07-07,AFETR,,94.01,53.16,472,470,,,EA,ORB
STARLINK-4177,2022-076AD,53013,PAY,+,US,2022-07-07,AFETR,,93.79,53.16,461,459,,,EA,ORB
STARLINK-4183,2022-076AE,53014,PAY,+,US,2022-07-07,AFETR,,93.79,53.16,461,459,,,EA,ORB
STARLINK-4262,2022-076AF,53015,PAY,+,US,2022-07-07,AFETR,,93.79,53.16,461,459,,,EA,ORB
STARLINK-4283,2022-076AG,53016,PAY,+,US,2022-07-07,AFETR,,94.01,53.16,471,470,,,EA,ORB
STARLINK-4281,2022-076AH,53017,PAY,P,US,2022-07-07,AFETR,,94.33,53.20,487,485,,,EA,ORB
STARLINK-4279,2022-076AJ,53018,PAY,P,US,2022-07-07,AFETR,,94.11,53.16,475,475,,,EA,ORB
STARLINK-4282,2022-076AK,53019,PAY,+,US,2022-07-07,AFETR,,93.90,53.16,466,464,,,EA,ORB
STARLINK-4287,2022-076AL,53020,PAY,+,US,2022-07-07,AFETR,,93.79,53.16,460,459,,,EA,ORB
STARLINK-4216,2022-076AN,53022,PAY,+,US,2022-07-07,AFETR,,93.85,53.16,464,462,,,EA,ORB
STARLINK-4284,2022-076AP,53023,PAY,+,US,2022-07-07,AFETR,,93.79,53.16,461,459,,,EA,ORB
STARLINK-4289,2022-076AQ,53024,PAY,+,US,2022-07-07,AFETR,,93.79,53.16,461,459,,,EA,ORB
STARLINK-4218,2022-076AR,53025,PAY,+,US,2022-07-07,AFETR,,93.90,53.16,466,464,,,EA,ORB
STARLINK-4119,2022-076AS,53026,PAY,+,US,2022-07-07,AFETR,,94.01,53.16,472,470,,,EA,ORB
STARLINK-4158,2022-076AT,53027,PAY,+,US,2022-07-07,AFETR,,93.78,53.16,461,459,,,EA,ORB
STARLINK-4143,2022-076AV,53029,PAY,+,US,2022-07-07,AFETR,,93.85,53.16,463,462,,,EA,ORB
STARLINK-4160,2022-076AW,53030,PAY,+,US,2022-07-07,AFETR,,93.85,53.16,464,462,,,EA,ORB
STARLINK-4137,2022-076AX,53031,PAY,+,US,2022-07-07,AFETR,,93.79,53.16,460,459,,,EA,ORB
STARLINK-4115,2022-076AY,53032,PAY,+,US,2022-07-07,AFETR,,93.85,53.16,464,462,,,EA,ORB
STARLINK-4167,2022-076AZ,53033,PAY,+,US,2022-07-07,AFETR,,93.85,53.16,464,462,,,EA,ORB
STARLINK-4151,2022-076BA,53034,PAY,+,US,2022-07-07,AFETR,,94.01,53.16,472,470,,,EA,ORB
STARLINK-4157,2022-076BB,53035,PAY,+,US,2022-07-07,AFETR,,93.95,53.16,468,467,,,EA,ORB
STARLINK-4155,2022-076BC,53036,PAY,+,US,2022-07-07,AFETR,,94.04,53.16,473,471,,,EA,ORB
STARLINK-4153,2022-076BD,53037,PAY,+,US,2022-07-07,AFETR,,93.94,53.16,468,467,,,EA,ORB
STARLINK-4156,2022-076BE,53038,PAY,+,US,2022-07-07,AFETR,,93.85,53.16,464,462,,,EA,ORB
STARLINK-4362,2022-077A,53043,PAY,+,US,2022-07-11,AFWTR,,93.91,97.29,467,465,,,EA,ORB
STARLINK-4350,2022-077C,53045,PAY,+,US,2022-07-11,AFWTR,,93.91,97.29,467,464,,,EA,ORB
STARLINK-4331,2022-077D,53046,PAY,+,US,2022-07-11,AFWTR,,93.91,97.29,467,464,,,EA,ORB
STARLINK-4352,2022-077E,53047,PAY,+,US,2022-07-11,AFWTR,,93.91,97.28,466,465,,,EA,ORB
STARLINK-4355,2022-077F,53048,PAY,+,US,2022-07-11,AFWTR,,93.91,97.29,466,465,,,EA,ORB
STARLINK-4345,2022-077G,53049,PAY,+,US,2022-07-11,AFWTR,,93.91,97.29,466,465,,,EA,ORB
STARLINK-4343,2022-077H,53050,PAY,+,US,2022-07-11,AFWTR,,93.91,97.29,467,464,,,EA,ORB
STARLINK-4336,2022-077J,53051,PAY,+,US,2022-07-11,AFWTR,,93.91,97.29,467,465,,,EA,ORB
STARLINK-4341,2022-077K,53052,PAY,+,US,2022-07-11,AFWTR,,93.91,97.29,467,464,,,EA,ORB
STARLINK-4337,2022-077L,53053,PAY,+,US,2022-07-11,AFWTR,,93.91,97.28,467,464,,,EA,ORB
STARLINK-4339,2022-077M,53054,PAY,+,US,2022-07-11,AFWTR,,93.90,97.29,466,465,,,EA,ORB
STARLINK-4338,2022-077N,53055,PAY,+,US,2022-07-11,AFWTR,,93.90,97.29,467,464,,,EA,ORB
STARLINK-4314,2022-077P,53056,PAY,+,US,2022-07-11,AFWTR,,93.91,97.28,467,464,,,EA,ORB
STARLINK-4252,2022-077Q,53057,PAY,+,US,2022-07-11,AFWTR,,93.90,97.29,467,464,,,EA,ORB
STARLINK-4317,2022-077R,53058,PAY,+,US,2022-07-11,AFWTR,,93.91,97.28,467,464,,,EA,ORB
STARLINK-4320,2022-077S,53059,PAY,+,US,2022-07-11,AFWTR,,93.91,97.29,466,465,,,EA,ORB
STARLINK-4305,2022-077T,53060,PAY,+,US,2022-07-11,AFWTR,,93.91,97.29,466,465,,,EA,ORB
STARLINK-4308,2022-077U,53061,PAY,+,US,2022-07-11,AFWTR,,93.91,97.29,467,464,,,EA,ORB
STARLINK-4311,2022-077V,53062,PAY,+,US,2022-07-11,AFWTR,,93.91,97.29,467,465,,,EA,ORB
STARLINK-4307,2022-077W,53063,PAY,+,US,2022-07-11,AFWTR,,93.91,97.28,467,464,,,EA,ORB
STARLINK-4313,2022-077X,53064,PAY,+,US,2022-07-11,AFWTR,,93.91,97.29,467,465,,,EA,ORB
STARLINK-4312,2022-077Y,53065,PAY,+,US,2022-07-11,AFWTR,,93.91,97.29,467,464,,,EA,ORB
STARLINK-4309,2022-077Z,53066,PAY,+,US,2022-07-11,AFWTR,,93.91,97.28,468,463,,,EA,ORB
STARLINK-4325,2022-077AB,53068,PAY,+,US,2022-07-11,AFWTR,,93.91,97.29,467,464,,,EA,ORB
STARLINK-4323,2022-077AC,53069,PAY,+,US,2022-07-11,AFWTR,,93.91,97.29,467,464,,,EA,ORB
STARLINK-4342,2022-077AD,53070,PAY,+,US,2022-07-11,AFWTR,,93.94,97.28,468,466,,,EA,ORB
STARLINK-4328,2022-077AE,53071,PAY,+,US,2022-07-11,AFWTR,,93.91,97.29,467,464,,,EA,ORB
STARLINK-4344,2022-077AF,53072,PAY,+,US,2022-07-11,AFWTR,,93.91,97.29,467,465,,,EA,ORB
STARLINK-4346,2022-077AG,53073,PAY,P,US,2022-07-11,AFWTR,,94.44,97.63,495,488,,,EA,ORB
STARLINK-4348,2022-077AJ,53075,PAY,+,US,2022-07-11,AFWTR,,93.91,97.28,467,464,,,EA,ORB
STARLINK-4347,2022-077AK,53076,PAY,+,US,2022-07-11,AFWTR,,93.91,97.28,467,464,,,EA,ORB
STARLINK-4322,2022-077AM,53078,PAY,+,US,2022-07-11,AFWTR,,93.91,97.29,467,465,,,EA,ORB
STARLINK-4327,2022-077AN,53079,PAY,+,US,2022-07-11,AFWTR,,93.91,97.29,466,465,,,EA,ORB
STARLINK-4330,2022-077AP,53080,PAY,+,US,2022-07-11,AFWTR,,93.90,97.29,466,464,,,EA,ORB
STARLINK-4326,2022-077AQ,53081,PAY,+,US,2022-07-11,AFWTR,,93.91,97.29,467,464,,,EA,ORB
STARLINK-4321,2022-077AR,53082,PAY,+,US,2022-07-11,AFWTR,,93.91,97.29,467,464,,,EA,ORB
STARLINK-4251,2022-077AS,53083,PAY,+,US,2022-07-11,AFWTR,,93.91,97.29,467,464,,,EA,ORB
STARLINK-4319,2022-077AT,53084,PAY,+,US,2022-07-11,AFWTR,,93.91,97.29,467,464,,,EA,ORB
STARLINK-4324,2022-077AU,53085,PAY,+,US,2022-07-11,AFWTR,,93.90,97.29,467,464,,,EA,ORB
STARLINK-4318,2022-077AV,53086,PAY,+,US,2022-07-11,AFWTR,,93.91,97.29,467,465,,,EA,ORB
STARLINK-4333,2022-077AX,53088,PAY,+,US,2022-07-11,AFWTR,,93.91,97.28,467,464,,,EA,ORB
STARLINK-4150,2022-083C,53134,PAY,+,US,2022-07-17,AFETR,,93.85,53.16,463,462,,,EA,ORB
STARLINK-4023,2022-083D,53135,PAY,+,US,2022-07-17,AFETR,,93.85,53.16,463,462,,,EA,ORB
STARLINK-4152,2022-083E,53136,PAY,+,US,2022-07-17,AFETR,,93.79,53.16,460,459,,,EA,ORB
STARLINK-4145,2022-083F,53137,PAY,+,US,2022-07-17,AFETR,,93.79,53.16,460,459,,,EA,ORB
STARLINK-4141,2022-083G,53138,PAY,+,US,2022-07-17,AFETR,,94.01,53.16,471,470,,,EA,ORB
STARLINK-4185,2022-083H,53139,PAY,+,US,2022-07-17,AFETR,,93.85,53.16,464,462,,,EA,ORB
STARLINK-4170,2022-083J,53140,PAY,+,US,2022-07-17,AFETR,,93.79,53.16,461,459,,,EA,ORB
STARLINK-4103,2022-083K,53141,PAY,+,US,2022-07-17,AFETR,,93.85,53.16,463,462,,,EA,ORB
STARLINK-4101,2022-083L,53142,PAY,+,US,2022-07-17,AFETR,,93.85,53.16,463,462,,,EA,ORB
STARLINK-4102,2022-083M,53143,PAY,+,US,2022-07-17,AFETR,,93.55,53.16,449,448,,,EA,ORB
STARLINK-4100,2022-083N,53144,PAY,+,US,2022-07-17,AFETR,,93.90,53.16,466,464,,,EA,ORB
STARLINK-4106,2022-083P,53145,PAY,+,US,2022-07-17,AFETR,,94.01,53.16,471,470,,,EA,ORB
STARLINK-4094,2022-083R,53147,PAY,+,US,2022-07-17,AFETR,,93.85,53.16,463,462,,,EA,ORB
STARLINK-4021,2022-083T,53149,PAY,+,US,2022-07-17,AFETR,,93.85,53.16,464,462,,,EA,ORB
STARLINK-4040,2022-083V,53151,PAY,+,US,2022-07-17,AFETR,,93.79,53.16,460,459,,,EA,ORB
STARLINK-4045,2022-083W,53152,PAY,P,US,2022-07-17,AFETR,,89.60,53.21,255,254,,,EA,ORB
STARLINK-4098,2022-083X,53153,PAY,+,US,2022-07-17,AFETR,,93.85,53.16,464,462,,,EA,ORB
STARLINK-4077,2022-083Y,53154,PAY,+,US,2022-07-17,AFETR,,93.79,53.16,461,459,,,EA,ORB
STARLINK-4088,2022-083Z,53155,PAY,+,US,2022-07-17,AFETR,,93.85,53.16,464,462,,,EA,ORB
STARLINK-4087,2022-083AA,53156,PAY,+,US,2022-07-17,AFETR,,93.79,53.16,461,459,,,EA,ORB
STARLINK-4054,2022-083AC,53158,PAY,+,US,2022-07-17,AFETR,,93.79,53.16,460,459,,,EA,ORB
STARLINK-4111,2022-083AD,53159,PAY,+,US,2022-07-17,AFETR,,93.79,53.16,461,459,,,EA,ORB
STARLINK-4096,2022-083AE,53160,PAY,+,US,2022-07-17,AFETR,,93.79,53.16,461,459,,,EA,ORB
STARLINK-4055,2022-083AF,53161,PAY,+,US,2022-07-17,AFETR,,93.79,53.16,461,459,,,EA,ORB
STARLINK-4114,2022-083AG,53162,PAY,+,US,2022-07-17,AFETR,,94.01,53.16,472,470,,,EA,ORB
STARLINK-4104,2022-083AH,53163,PAY,+,US,2022-07-17,AFETR,,93.85,53.16,464,462,,,EA,ORB
STARLINK-4116,2022-083AJ,53164,PAY,+,US,2022-07-17,AFETR,,93.85,53.16,464,462,,,EA,ORB
STARLINK-4090,2022-083AK,53165,PAY,+,US,2022-07-17,AFETR,,93.79,53.16,461,459,,,EA,ORB
STARLINK-4110,2022-083AL,53166,PAY,P,US,2022-07-17,AFETR,,93.95,53.16,469,467,,,EA,ORB
STARLINK-3683,2022-083AM,53167,PAY,+,US,2022-07-17,AFETR,,93.79,53.16,460,459,,,EA,ORB
STARLINK-4105,2022-083AN,53168,PAY,+,US,2022-07-17,AFETR,,93.90,53.16,466,464,,,EA,ORB
STARLINK-4117,2022-083AP,53169,PAY,+,US,2022-07-17,AFETR,,94.01,53.16,471,470,,,EA,ORB
STARLINK-4095,2022-083AQ,53170,PAY,+,US,2022-07-17,AFETR,,94.84,53.16,512,509,,,EA,ORB
STARLINK-4052,2022-083AR,53171,PAY,+,US,2022-07-17,AFETR,,93.79,53.16,461,458,,,EA,ORB
STARLINK-4299,2022-083AS,53172,PAY,+,US,2022-07-17,AFETR,,94.01,53.16,471,470,,,EA,ORB
STARLINK-4300,2022-083AT,53173,PAY,+,US,2022-07-17,AFETR,,93.79,53.16,460,459,,,EA,ORB
STARLINK-4205,2022-083AU,53174,PAY,+,US,2022-07-17,AFETR,,94.01,53.16,472,470,,,EA,ORB
STARLINK-4292,2022-083AV,53175,PAY,+,US,2022-07-17,AFETR,,93.79,53.16,460,459,,,EA,ORB
STARLINK-4294,2022-083AW,53176,PAY,+,US,2022-07-17,AFETR,,94.01,53.16,472,470,,,EA,ORB
STARLINK-4298,2022-083AX,53177,PAY,+,US,2022-07-17,AFETR,,93.79,53.16,461,459,,,EA,ORB
STARLINK-4280,2022-083AY,53178,PAY,+,US,2022-07-17,AFETR,,95.13,53.16,526,524,,,EA,ORB
STARLINK-4276,2022-083AZ,53179,PAY,+,US,2022-07-17,AFETR,,93.85,53.16,464,462,,,EA,ORB
STARLINK-4258,2022-083BA,53180,PAY,+,US,2022-07-17,AFETR,,93.90,53.16,466,464,,,EA,ORB
STARLINK-4278,2022-083BC,53182,PAY,+,US,2022-07-17,AFETR,,93.79,53.16,460,459,,,EA,ORB
STARLINK-4268,2022-083BD,53183,PAY,+,US,2022-07-17,AFETR,,93.79,53.16,461,459,,,EA,ORB
STARLINK-4257,2022-083BE,53184,PAY,+,US,2022-07-17,AFETR,,94.01,53.16,472,470,,,EA,ORB
STARLINK-4391,2022-084A,53189,PAY,+,US,2022-07-22,AFWTR,,93.91,97.28,467,465,,,EA,ORB
STARLINK-4332,2022-084B,53190,PAY,+,US,2022-07-22,AFWTR,,93.91,97.28,466,465,,,EA,ORB
STARLINK-4369,2022-084C,53191,PAY,P,US,2022-07-22,AFWTR,,93.69,97.49,456,455,,,EA,ORB
STARLINK-4375,2022-084D,53192,PAY,+,US,2022-07-22,AFWTR,,93.91,97.29,467,465,,,EA,ORB
STARLINK-4351,2022-084E,53193,PAY,+,US,2022-07-22,AFWTR,,93.91,97.28,466,465,,,EA,ORB
STARLINK-4382,2022-084F,53194,PAY,+,US,2022-07-22,AFWTR,,93.91,97.28,467,464,,,EA,ORB
STARLINK-4403,2022-084J,53197,PAY,+,US,2022-07-22,AFWTR,,93.91,97.28,466,465,,,EA,ORB
STARLINK-4385,2022-084K,53198,PAY,+,US,2022-07-22,AFWTR,,93.91,97.28,466,465,,,EA,ORB
STARLINK-4395,2022-084L,53199,PAY,+,US,2022-07-22,AFWTR,,93.92,97.28,467,465,,,EA,ORB
STARLINK-4417,2022-084M,53200,PAY,+,US,2022-07-22,AFWTR,,93.91,97.28,467,465,,,EA,ORB
STARLINK-4405,2022-084N,53201,PAY,P,US,2022-07-22,AFWTR,,93.58,97.50,450,449,,,EA,ORB
STARLINK-4411,2022-084P,53202,PAY,+,US,2022-07-22,AFWTR,,94.08,97.28,475,473,,,EA,ORB
STARLINK-4409,2022-084Q,53203,PAY,+,US,2022-07-22,AFWTR,,93.91,97.28,467,465,,,EA,ORB
STARLINK-4410,2022-084R,53204,PAY,P,US,2022-07-22,AFWTR,,93.69,97.49,456,455,,,EA,ORB
STARLINK-4397,2022-084S,53205,PAY,+,US,2022-07-22,AFWTR,,93.91,97.29,467,465,,,EA,ORB
STARLINK-4408,2022-084T,53206,PAY,+,US,2022-07-22,AFWTR,,90.36,97.28,293,291,,,EA,ORB
STARLINK-4413,2022-084U,53207,PAY,+,US,2022-07-22,AFWTR,,93.91,97.28,467,465,,,EA,ORB
STARLINK-4425,2022-084V,53208,PAY,+,US,2022-07-22,AFWTR,,93.58,97.28,451,448,,,EA,ORB
STARLINK-4423,2022-084W,53209,PAY,+,US,2022-07-22,AFWTR,,93.91,97.28,466,465,,,EA,ORB
STARLINK-4427,2022-084X,53210,PAY,+,US,2022-07-22,AFWTR,,93.91,97.28,466,465,,,EA,ORB
STARLINK-4416,2022-084Z,53212,PAY,+,US,2022-07-22,AFWTR,,93.91,97.28,467,464,,,EA,ORB
STARLINK-4414,2022-084AA,53213,PAY,+,US,2022-07-22,AFWTR,,93.91,97.28,467,464,,,EA,ORB
STARLINK-4353,2022-084AB,53214,PAY,+,US,2022-07-22,AFWTR,,93.90,97.28,467,464,,,EA,ORB
STARLINK-4335,2022-084AC,53215,PAY,+,US,2022-07-22,AFWTR,,93.91,97.28,467,465,,,EA,ORB
STARLINK-4376,2022-084AD,53216,PAY,+,US,2022-07-22,AFWTR,,93.91,97.28,466,465,,,EA,ORB
STARLINK-4384,2022-084AF,53218,PAY,+,US,2022-07-22,AFWTR,,94.17,97.29,480,477,,,EA,ORB
STARLINK-4373,2022-084AG,53219,PAY,+,US,2022-07-22,AFWTR,,93.91,97.28,467,465,,,EA,ORB
STARLINK-4363,2022-084AH,53220,PAY,+,US,2022-07-22,AFWTR,,93.91,97.28,466,465,,,EA,ORB
STARLINK-4377,2022-084AJ,53221,PAY,+,US,2022-07-22,AFWTR,,93.91,97.28,466,465,,,EA,ORB
STARLINK-4356,2022-084AM,53224,PAY,+,US,2022-07-22,AFWTR,,93.91,97.28,466,465,,,EA,ORB
STARLINK-4358,2022-084AN,53225,PAY,+,US,2022-07-22,AFWTR,,93.91,97.28,467,464,,,EA,ORB
STARLINK-4359,2022-084AP,53226,PAY,+,US,2022-07-22,AFWTR,,93.91,97.28,467,464,,,EA,ORB
STARLINK-4366,2022-084AQ,53227,PAY,+,US,2022-07-22,AFWTR,,93.91,97.28,467,464,,,EA,ORB
STARLINK-4365,2022-084AR,53228,PAY,+,US,2022-07-22,AFWTR,,93.91,97.28,466,465,,,EA,ORB
STARLINK-4367,2022-084AS,53229,PAY,+,US,2022-07-22,AFWTR,,94.26,97.28,484,482,,,EA,ORB
STARLINK-4364,2022-084AT,53230,PAY,+,US,2022-07-22,AFWTR,,93.91,97.28,466,465,,,EA,ORB
STARLINK-4370,2022-084AU,53231,PAY,+,US,2022-07-22,AFWTR,,93.91,97.28,467,465,,,EA,ORB
STARLINK-4371,2022-084AV,53232,PAY,+,US,2022-07-22,AFWTR,,93.91,97.28,467,465,,,EA,ORB
STARLINK-4372,2022-084AW,53233,PAY,+,US,2022-07-22,AFWTR,,93.91,97.28,467,464,,,EA,ORB
STARLINK-4368,2022-084AX,53234,PAY,P,US,2022-07-22,AFWTR,,93.69,97.49,456,454,,,EA,ORB
STARLINK-4056,2022-086A,53242,PAY,+,US,2022-07-24,AFETR,,93.85,53.16,463,462,,,EA,ORB
STARLINK-4047,2022-086B,53243,PAY,+,US,2022-07-24,AFETR,,93.79,53.16,461,459,,,EA,ORB
STARLINK-4125,2022-086C,53244,PAY,+,US,2022-07-24,AFETR,,94.01,53.16,471,470,,,EA,ORB
STARLINK-4131,2022-086E,53246,PAY,+,US,2022-07-24,AFETR,,94.01,53.16,471,470,,,EA,ORB
STARLINK-4061,2022-086F,53247,PAY,+,US,2022-07-24,AFETR,,93.79,53.16,460,459,,,EA,ORB
STARLINK-4135,2022-086G,53248,PAY,+,US,2022-07-24,AFETR,,94.01,53.16,471,470,,,EA,ORB
STARLINK-4128,2022-086H,53249,PAY,+,US,2022-07-24,AFETR,,94.01,53.16,472,470,,,EA,ORB
STARLINK-4059,2022-086J,53250,PAY,+,US,2022-07-24,AFETR,,93.85,53.16,463,462,,,EA,ORB
STARLINK-4129,2022-086K,53251,PAY,+,US,2022-07-24,AFETR,,93.85,53.16,463,462,,,EA,ORB
STARLINK-4132,2022-086L,53252,PAY,+,US,2022-07-24,AFETR,,94.01,53.16,472,470,,,EA,ORB
STARLINK-4133,2022-086M,53253,PAY,+,US,2022-07-24,AFETR,,93.97,53.16,469,468,,,EA,ORB
STARLINK-4134,2022-086N,53254,PAY,+,US,2022-07-24,AFETR,,94.01,53.16,472,470,,,EA,ORB
STARLINK-4142,2022-086P,53255,PAY,+,US,2022-07-24,AFETR,,94.33,53.16,487,485,,,EA,ORB
STARLINK-4147,2022-086Q,53256,PAY,+,US,2022-07-24,AFETR,,94.31,53.16,486,484,,,EA,ORB
STARLINK-4144,2022-086R,53257,PAY,+,US,2022-07-24,AFETR,,94.01,53.16,471,470,,,EA,ORB
STARLINK-4127,2022-086S,53258,PAY,+,US,2022-07-24,AFETR,,94.01,53.16,471,470,,,EA,ORB
STARLINK-4140,2022-086T,53259,PAY,+,US,2022-07-24,AFETR,,94.01,53.16,472,470,,,EA,ORB
STARLINK-4062,2022-086V,53261,PAY,+,US,2022-07-24,AFETR,,93.85,53.16,463,462,,,EA,ORB
STARLINK-4085,2022-086W,53262,PAY,+,US,2022-07-24,AFETR,,93.90,53.16,466,464,,,EA,ORB
STARLINK-4130,2022-086X,53263,PAY,+,US,2022-07-24,AFETR,,93.85,53.16,464,462,,,EA,ORB
STARLINK-3950,2022-086Y,53264,PAY,+,US,2022-07-24,AFETR,,93.85,53.16,463,462,,,EA,ORB
STARLINK-4097,2022-086Z,53265,PAY,+,US,2022-07-24,AFETR,,93.79,53.16,460,459,,,EA,ORB
STARLINK-4058,2022-086AA,53266,PAY,+,US,2022-07-24,AFETR,,93.90,53.16,466,464,,,EA,ORB
STARLINK-4060,2022-086AB,53267,PAY,+,US,2022-07-24,AFETR,,93.85,53.16,463,462,,,EA,ORB
STARLINK-4109,2022-086AC,53268,PAY,+,US,2022-07-24,AFETR,,93.85,53.16,464,462,,,EA,ORB
STARLINK-4122,2022-086AG,53272,PAY,+,US,2022-07-24,AFETR,,93.85,53.16,464,462,,,EA,ORB
STARLINK-4051,2022-086AH,53273,PAY,+,US,2022-07-24,AFETR,,93.85,53.16,463,462,,,EA,ORB
STARLINK-4050,2022-086AJ,53274,PAY,+,US,2022-07-24,AFETR,,93.90,53.16,466,465,,,EA,ORB
STARLINK-4179,2022-086AK,53275,PAY,+,US,2022-07-24,AFETR,,93.79,53.16,460,459,,,EA,ORB
STARLINK-4174,2022-086AL,53276,PAY,+,US,2022-07-24,AFETR,,93.85,53.16,464,462,,,EA,ORB
STARLINK-4178,2022-086AM,53277,PAY,+,US,2022-07-24,AFETR,,94.01,53.16,471,470,,,EA,ORB
STARLINK-4180,2022-086AN,53278,PAY,+,US,2022-07-24,AFETR,,94.01,53.16,472,470,,,EA,ORB
STARLINK-4169,2022-086AQ,53280,PAY,+,US,2022-07-24,AFETR,,93.11,53.16,428,426,,,EA,ORB
STARLINK-4164,2022-086AS,53282,PAY,+,US,2022-07-24,AFETR,,93.90,53.16,466,464,,,EA,ORB
STARLINK-4175,2022-086AT,53283,PAY,+,US,2022-07-24,AFETR,,93.79,53.16,460,459,,,EA,ORB
STARLINK-4173,2022-086AV,53285,PAY,+,US,2022-07-24,AFETR,,93.79,53.16,461,459,,,EA,ORB
STARLINK-4165,2022-086AW,53286,PAY,+,US,2022-07-24,AFETR,,94.01,53.16,471,470,,,EA,ORB
STARLINK-4107,2022-086AX,53287,PAY,+,US,2022-07-24,AFETR,,93.90,53.16,466,464,,,EA,ORB
STARLINK-4162,2022-086AY,53288,PAY,+,US,2022-07-24,AFETR,,93.79,53.16,461,459,,,EA,ORB
STARLINK-4176,2022-086AZ,53289,PAY,+,US,2022-07-24,AFETR,,93.85,53.16,464,462,,,EA,ORB
STARLINK-4149,2022-086BA,53290,PAY,+,US,2022-07-24,AFETR,,95.27,53.22,533,530,,,EA,ORB
STARLINK-4166,2022-086BB,53291,PAY,+,US,2022-07-24,AFETR,,93.79,53.16,460,459,,,EA,ORB
STARLINK-4159,2022-086BC,53292,PAY,+,US,2022-07-24,AFETR,,93.85,53.16,463,462,,,EA,ORB
STARLINK-4148,2022-086BD,53293,PAY,+,US,2022-07-24,AFETR,,93.85,53.16,464,462,,,EA,ORB
STARLINK-4146,2022-086BE,53294,PAY,+,US,2022-07-24,AFETR,,93.79,53.16,461,459,,,EA,ORB
STARLINK-4522,2022-097A,53388,PAY,+,US,2022-08-10,AFETR,,93.79,53.16,460,459,,,EA,ORB
STARLINK-4523,2022-097B,53389,PAY,+,US,2022-08-10,AFETR,,93.79,53.16,460,459,,,EA,ORB
STARLINK-4517,2022-097C,53390,PAY,+,US,2022-08-10,AFETR,,93.79,53.16,461,459,,,EA,ORB
STARLINK-4521,2022-097D,53391,PAY,+,US,2022-08-10,AFETR,,94.01,53.16,472,470,,,EA,ORB
STARLINK-4535,2022-097E,53392,PAY,+,US,2022-08-10,AFETR,,94.01,53.16,472,470,,,EA,ORB
STARLINK-4530,2022-097F,53393,PAY,+,US,2022-08-10,AFETR,,93.79,53.16,460,459,,,EA,ORB
STARLINK-4544,2022-097G,53394,PAY,+,US,2022-08-10,AFETR,,94.01,53.16,472,470,,,EA,ORB
STARLINK-4534,2022-097H,53395,PAY,+,US,2022-08-10,AFETR,,94.01,53.16,472,470,,,EA,ORB
STARLINK-4524,2022-097J,53396,PAY,+,US,2022-08-10,AFETR,,93.79,53.16,461,459,,,EA,ORB
STARLINK-4515,2022-097K,53397,PAY,+,US,2022-08-10,AFETR,,93.79,53.16,460,459,,,EA,ORB
STARLINK-4512,2022-097L,53398,PAY,+,US,2022-08-10,AFETR,,93.79,53.16,460,459,,,EA,ORB
STARLINK-4528,2022-097M,53399,PAY,+,US,2022-08-10,AFETR,,93.79,53.16,460,459,,,EA,ORB
STARLINK-4520,2022-097N,53400,PAY,+,US,2022-08-10,AFETR,,93.79,53.16,461,459,,,EA,ORB
STARLINK-4525,2022-097P,53401,PAY,+,US,2022-08-10,AFETR,,93.90,53.16,466,464,,,EA,ORB
STARLINK-4499,2022-097Q,53402,PAY,+,US,2022-08-10,AFETR,,93.85,53.16,464,462,,,EA,ORB
STARLINK-4507,2022-097R,53403,PAY,+,US,2022-08-10,AFETR,,94.01,53.16,471,470,,,EA,ORB
STARLINK-4509,2022-097S,53404,PAY,+,US,2022-08-10,AFETR,,94.01,53.16,471,470,,,EA,ORB
STARLINK-4510,2022-097T,53405,PAY,+,US,2022-08-10,AFETR,,93.79,53.16,461,459,,,EA,ORB
STARLINK-4533,2022-097U,53406,PAY,+,US,2022-08-10,AFETR,,94.01,53.16,472,470,,,EA,ORB
STARLINK-4491,2022-097W,53408,PAY,+,US,2022-08-10,AFETR,,94.86,53.16,513,511,,,EA,ORB
STARLINK-4490,2022-097X,53409,PAY,+,US,2022-08-10,AFETR,,93.85,53.16,464,462,,,EA,ORB
STARLINK-4492,2022-097Y,53410,PAY,+,US,2022-08-10,AFETR,,94.77,53.16,508,507,,,EA,ORB
STARLINK-4497,2022-097Z,53411,PAY,+,US,2022-08-10,AFETR,,95.00,53.16,519,518,,,EA,ORB
STARLINK-4496,2022-097AA,53412,PAY,+,US,2022-08-10,AFETR,,94.47,53.16,494,492,,,EA,ORB
STARLINK-4500,2022-097AB,53413,PAY,+,US,2022-08-10,AFETR,,95.44,53.16,541,539,,,EA,ORB
STARLINK-4304,2022-097AC,53414,PAY,+,US,2022-08-10,AFETR,,93.85,53.16,463,462,,,EA,ORB
STARLINK-4479,2022-097AD,53415,PAY,+,US,2022-08-10,AFETR,,94.01,53.16,472,470,,,EA,ORB
STARLINK-4480,2022-097AE,53416,PAY,+,US,2022-08-10,AFETR,,94.72,53.16,506,505,,,EA,ORB
STARLINK-4484,2022-097AF,53417,PAY,+,US,2022-08-10,AFETR,,94.60,53.16,501,498,,,EA,ORB
STARLINK-4481,2022-097AG,53418,PAY,+,US,2022-08-10,AFETR,,93.85,53.16,464,462,,,EA,ORB
STARLINK-4476,2022-097AH,53419,PAY,+,US,2022-08-10,AFETR,,93.85,53.16,463,462,,,EA,ORB
STARLINK-4552,2022-097AJ,53420,PAY,+,US,2022-08-10,AFETR,,93.85,53.16,463,462,,,EA,ORB
STARLINK-4545,2022-097AK,53421,PAY,+,US,2022-08-10,AFETR,,94.01,53.16,471,470,,,EA,ORB
STARLINK-4546,2022-097AL,53422,PAY,+,US,2022-08-10,AFETR,,93.85,53.16,464,462,,,EA,ORB
STARLINK-4539,2022-097AM,53423,PAY,+,US,2022-08-10,AFETR,,94.01,53.16,472,470,,,EA,ORB
STARLINK-4532,2022-097AN,53424,PAY,+,US,2022-08-10,AFETR,,94.01,53.16,471,470,,,EA,ORB
STARLINK-4531,2022-097AP,53425,PAY,+,US,2022-08-10,AFETR,,94.01,53.16,472,470,,,EA,ORB
STARLINK-4558,2022-097AQ,53426,PAY,+,US,2022-08-10,AFETR,,93.85,53.16,463,462,,,EA,ORB
STARLINK-4543,2022-097AT,53429,PAY,+,US,2022-08-10,AFETR,,93.79,53.16,461,459,,,EA,ORB
STARLINK-4538,2022-097AU,53430,PAY,+,US,2022-08-10,AFETR,,93.79,53.16,460,459,,,EA,ORB
STARLINK-4548,2022-097AV,53431,PAY,+,US,2022-08-10,AFETR,,93.79,53.16,461,459,,,EA,ORB
STARLINK-4557,2022-097AW,53432,PAY,+,US,2022-08-10,AFETR,,93.85,53.16,464,462,,,EA,ORB
STARLINK-4549,2022-097AX,53433,PAY,+,US,2022-08-10,AFETR,,93.79,53.16,460,459,,,EA,ORB
STARLINK-4542,2022-097AZ,53435,PAY,+,US,2022-08-10,AFETR,,93.85,53.16,464,462,,,EA,ORB
STARLINK-4527,2022-097BA,53436,PAY,+,US,2022-08-10,AFETR,,93.79,53.16,461,459,,,EA,ORB
STARLINK-4526,2022-097BC,53438,PAY,+,US,2022-08-10,AFETR,,93.85,53.16,464,462,,,EA,ORB
STARLINK-4519,2022-097BD,53439,PAY,+,US,2022-08-10,AFETR,,93.85,53.16,464,462,,,EA,ORB
STARLINK-4415,2022-099A,53465,PAY,+,US,2022-08-12,AFWTR,,93.91,97.29,466,465,,,EA,ORB
STARLINK-4398,2022-099B,53466,PAY,P,US,2022-08-12,AFWTR,,93.69,97.48,456,454,,,EA,ORB
STARLINK-4394,2022-099C,53467,PAY,P,US,2022-08-12,AFWTR,,93.69,97.54,456,454,,,EA,ORB
STARLINK-4400,2022-099D,53468,PAY,+,US,2022-08-12,AFWTR,,95.33,97.28,535,534,,,EA,ORB
STARLINK-4399,2022-099E,53469,PAY,+,US,2022-08-12,AFWTR,,93.91,97.29,466,465,,,EA,ORB
STARLINK-4393,2022-099F,53470,PAY,+,US,2022-08-12,AFWTR,,95.30,97.28,535,531,,,EA,ORB
STARLINK-4316,2022-099G,53471,PAY,+,US,2022-08-12,AFWTR,,93.91,97.29,466,465,,,EA,ORB
STARLINK-4447,2022-099H,53472,PAY,+,US,2022-08-12,AFWTR,,95.33,97.29,536,533,,,EA,ORB
STARLINK-4383,2022-099J,53473,PAY,P,US,2022-08-12,AFWTR,,93.69,97.50,456,454,,,EA,ORB
STARLINK-4445,2022-099K,53474,PAY,+,US,2022-08-12,AFWTR,,95.24,97.29,531,529,,,EA,ORB
STARLINK-4389,2022-099L,53475,PAY,P,US,2022-08-12,AFWTR,,93.54,97.50,449,447,,,EA,ORB
STARLINK-4378,2022-099M,53476,PAY,+,US,2022-08-12,AFWTR,,95.33,97.29,536,534,,,EA,ORB
STARLINK-4433,2022-099P,53478,PAY,+,US,2022-08-12,AFWTR,,95.31,97.28,535,532,,,EA,ORB
STARLINK-4436,2022-099Q,53479,PAY,+,US,2022-08-12,AFWTR,,93.91,97.29,466,465,,,EA,ORB
STARLINK-4442,2022-099R,53480,PAY,P,US,2022-08-12,AFWTR,,89.57,97.61,254,252,,,EA,ORB
STARLINK-4302,2022-099S,53481,PAY,P,US,2022-08-12,AFWTR,,93.57,97.51,450,448,,,EA,ORB
STARLINK-4360,2022-099T,53482,PAY,+,US,2022-08-12,AFWTR,,95.33,97.29,536,533,,,EA,ORB
STARLINK-4426,2022-099V,53484,PAY,+,US,2022-08-12,AFWTR,,93.91,97.29,466,465,,,EA,ORB
STARLINK-4430,2022-099W,53485,PAY,+,US,2022-08-12,AFWTR,,95.33,97.29,536,534,,,EA,ORB
STARLINK-4431,2022-099X,53486,PAY,P,US,2022-08-12,AFWTR,,93.69,97.51,456,455,,,EA,ORB
STARLINK-4432,2022-099Y,53487,PAY,+,US,2022-08-12,AFWTR,,93.91,97.29,466,465,,,EA,ORB
STARLINK-4421,2022-099Z,53488,PAY,+,US,2022-08-12,AFWTR,,93.91,97.29,466,465,,,EA,ORB
STARLINK-4392,2022-099AA,53489,PAY,+,US,2022-08-12,AFWTR,,95.25,97.29,532,529,,,EA,ORB
STARLINK-4387,2022-099AB,53490,PAY,+,US,2022-08-12,AFWTR,,90.82,97.60,315,314,,,EA,ORB
STARLINK-4450,2022-099AC,53491,PAY,P,US,2022-08-12,AFWTR,,93.69,97.51,456,455,,,EA,ORB
STARLINK-4451,2022-099AD,53492,PAY,P,US,2022-08-12,AFWTR,,89.12,97.60,235,228,,,EA,ORB
STARLINK-4340,2022-099AF,53494,PAY,+,US,2022-08-12,AFWTR,,93.91,97.29,466,465,,,EA,ORB
STARLINK-4429,2022-099AG,53495,PAY,+,US,2022-08-12,AFWTR,,95.31,97.29,537,530,,,EA,ORB
STARLINK-4453,2022-099AJ,53497,PAY,+,US,2022-08-12,AFWTR,,95.08,97.28,524,521,,,EA,ORB
STARLINK-4439,2022-099AK,53498,PAY,+,US,2022-08-12,AFWTR,,93.91,97.29,467,465,,,EA,ORB
STARLINK-4454,2022-099AL,53499,PAY,P,US,2022-08-12,AFWTR,,90.76,97.60,312,311,,,EA,ORB
STARLINK-4434,2022-099AN,53501,PAY,+,US,2022-08-12,AFWTR,,93.69,97.50,455,455,,,EA,ORB
STARLINK-4435,2022-099AP,53502,PAY,P,US,2022-08-12,AFWTR,,93.69,97.50,456,455,,,EA,ORB
STARLINK-4448,2022-099AR,53504,PAY,P,US,2022-08-12,AFWTR,,93.69,97.52,456,454,,,EA,ORB
STARLINK-4446,2022-099AS,53505,PAY,P,US,2022-08-12,AFWTR,,89.75,97.60,266,258,,,EA,ORB
STARLINK-4443,2022-099AV,53508,PAY,+,US,2022-08-12,AFWTR,,93.91,97.29,466,465,,,EA,ORB
STARLINK-4402,2022-099AW,53509,PAY,P,US,2022-08-12,AFWTR,,91.59,97.61,353,351,,,EA,ORB
STARLINK-4503,2022-101B,53528,PAY,+,US,2022-08-19,AFETR,,95.44,53.16,541,539,,,EA,ORB
STARLINK-4478,2022-101C,53529,PAY,P,US,2022-08-19,AFETR,,94.89,53.21,514,512,,,EA,ORB
STARLINK-4482,2022-101D,53530,PAY,+,US,2022-08-19,AFETR,,95.44,53.16,541,539,,,EA,ORB
STARLINK-4487,2022-101E,53531,PAY,+,US,2022-08-19,AFETR,,94.01,53.16,472,470,,,EA,ORB
STARLINK-4483,2022-101F,53532,PAY,+,US,2022-08-19,AFETR,,95.44,53.16,541,539,,,EA,ORB
STARLINK-4493,2022-101G,53533,PAY,+,US,2022-08-19,AFETR,,94.01,53.16,472,470,,,EA,ORB
STARLINK-4138,2022-101J,53535,PAY,+,US,2022-08-19,AFETR,,93.79,53.16,461,459,,,EA,ORB
STARLINK-4053,2022-101K,53536,PAY,+,US,2022-08-19,AFETR,,94.01,53.16,472,470,,,EA,ORB
STARLINK-4120,2022-101L,53537,PAY,+,US,2022-08-19,AFETR,,93.83,53.16,463,461,,,EA,ORB
STARLINK-4123,2022-101N,53539,PAY,+,US,2022-08-19,AFETR,,93.79,53.16,461,459,,,EA,ORB
STARLINK-4486,2022-101P,53540,PAY,+,US,2022-08-19,AFETR,,95.44,53.16,541,539,,,EA,ORB
STARLINK-4485,2022-101Q,53541,PAY,+,US,2022-08-19,AFETR,,95.44,53.16,540,539,,,EA,ORB
STARLINK-4489,2022-101R,53542,PAY,+,US,2022-08-19,AFETR,,93.85,53.16,464,462,,,EA,ORB
STARLINK-4297,2022-101S,53543,PAY,+,US,2022-08-19,AFETR,,93.85,53.16,464,462,,,EA,ORB
STARLINK-4303,2022-101T,53544,PAY,+,US,2022-08-19,AFETR,,93.85,53.16,464,462,,,EA,ORB
STARLINK-4475,2022-101U,53545,PAY,+,US,2022-08-19,AFETR,,93.85,53.16,464,462,,,EA,ORB
STARLINK-4477,2022-101V,53546,PAY,+,US,2022-08-19,AFETR,,93.85,53.16,464,462,,,EA,ORB
STARLINK-4474,2022-101W,53547,PAY,+,US,2022-08-19,AFETR,,93.85,53.16,464,462,,,EA,ORB
STARLINK-4513,2022-101X,53548,PAY,+,US,2022-08-19,AFETR,,95.44,53.16,541,539,,,EA,ORB
STARLINK-4514,2022-101AA,53551,PAY,+,US,2022-08-19,AFETR,,93.85,53.16,464,462,,,EA,ORB
STARLINK-4495,2022-101AB,53552,PAY,+,US,2022-08-19,AFETR,,95.44,53.16,541,539,,,EA,ORB
STARLINK-4501,2022-101AC,53553,PAY,+,US,2022-08-19,AFETR,,95.44,53.16,541,539,,,EA,ORB
STARLINK-4506,2022-101AD,53554,PAY,+,US,2022-08-19,AFETR,,95.44,53.16,541,539,,,EA,ORB
STARLINK-4504,2022-101AE,53555,PAY,+,US,2022-08-19,AFETR,,95.44,53.16,541,539,,,EA,ORB
STARLINK-4505,2022-101AF,53556,PAY,+,US,2022-08-19,AFETR,,95.44,53.16,541,539,,,EA,ORB
STARLINK-4502,2022-101AG,53557,PAY,+,US,2022-08-19,AFETR,,95.44,53.16,540,539,,,EA,ORB
STARLINK-4494,2022-101AH,53558,PAY,+,US,2022-08-19,AFETR,,93.85,53.16,464,462,,,EA,ORB
STARLINK-4564,2022-101AK,53560,PAY,+,US,2022-08-19,AFETR,,94.01,53.16,472,470,,,EA,ORB
STARLINK-4563,2022-101AL,53561,PAY,+,US,2022-08-19,AFETR,,93.85,53.16,463,462,,,EA,ORB
STARLINK-4565,2022-101AM,53562,PAY,+,US,2022-08-19,AFETR,,93.85,53.16,464,462,,,EA,ORB
STARLINK-4561,2022-101AN,53563,PAY,+,US,2022-08-19,AFETR,,93.85,53.16,464,462,,,EA,ORB
STARLINK-4577,2022-101AP,53564,PAY,+,US,2022-08-19,AFETR,,93.85,53.16,464,462,,,EA,ORB
STARLINK-4575,2022-101AQ,53565,PAY,+,US,2022-08-19,AFETR,,93.85,53.16,464,462,,,EA,ORB
STARLINK-4576,2022-101AR,53566,PAY,+,US,2022-08-19,AFETR,,93.85,53.16,463,462,,,EA,ORB
STARLINK-4585,2022-101AS,53567,PAY,+,US,2022-08-19,AFETR,,94.01,53.16,472,470,,,EA,ORB
STARLINK-4583,2022-101AT,53568,PAY,+,US,2022-08-19,AFETR,,93.85,53.16,464,462,,,EA,ORB
STARLINK-4582,2022-101AU,53569,PAY,+,US,2022-08-19,AFETR,,93.85,53.16,464,462,,,EA,ORB
STARLINK-4550,2022-101AV,53570,PAY,+,US,2022-08-19,AFETR,,93.90,53.16,466,464,,,EA,ORB
STARLINK-4584,2022-101AW,53571,PAY,+,US,2022-08-19,AFETR,,93.85,53.16,464,462,,,EA,ORB
STARLINK-4555,2022-101AX,53572,PAY,+,US,2022-08-19,AFETR,,93.85,53.16,464,462,,,EA,ORB
STARLINK-4559,2022-101AZ,53574,PAY,+,US,2022-08-19,AFETR,,93.85,53.16,464,462,,,EA,ORB
STARLINK-4551,2022-101BA,53575,PAY,+,US,2022-08-19,AFETR,,93.85,53.16,464,462,,,EA,ORB
STARLINK-4581,2022-101BB,53576,PAY,+,US,2022-08-19,AFETR,,94.01,53.16,472,470,,,EA,ORB
STARLINK-4553,2022-101BC,53577,PAY,+,US,2022-08-19,AFETR,,93.85,53.16,464,462,,,EA,ORB
STARLINK-4556,2022-101BD,53578,PAY,+,US,2022-08-19,AFETR,,93.85,53.16,464,462,,,EA,ORB
STARLINK-4580,2022-101BE,53579,PAY,+,US,2022-08-19,AFETR,,93.85,53.16,464,462,,,EA,ORB
STARLINK-4691,2022-104A,53588,PAY,+,US,2022-08-28,AFETR,,93.79,53.16,461,459,,,EA,ORB
STARLINK-4673,2022-104B,53589,PAY,+,US,2022-08-28,AFETR,,93.85,53.16,463,462,,,EA,ORB
STARLINK-4689,2022-104C,53590,PAY,P,US,2022-08-28,AFETR,,94.01,53.16,472,470,,,EA,ORB
STARLINK-4674,2022-104D,53591,PAY,+,US,2022-08-28,AFETR,,93.79,53.16,461,459,,,EA,ORB
STARLINK-4672,2022-104E,53592,PAY,+,US,2022-08-28,AFETR,,93.79,53.16,461,459,,,EA,ORB
STARLINK-4684,2022-104H,53595,PAY,+,US,2022-08-28,AFETR,,94.01,53.16,472,470,,,EA,ORB
STARLINK-4676,2022-104L,53598,PAY,+,US,2022-08-28,AFETR,,94.79,53.16,510,507,,,EA,ORB
STARLINK-4677,2022-104N,53600,PAY,+,US,2022-08-28,AFETR,,93.85,53.16,464,462,,,EA,ORB
STARLINK-4675,2022-104P,53601,PAY,+,US,2022-08-28,AFETR,,93.79,53.16,460,459,,,EA,ORB
STARLINK-4648,2022-104Q,53602,PAY,+,US,2022-08-28,AFETR,,93.85,53.16,464,462,,,EA,ORB
STARLINK-4692,2022-104R,53603,PAY,+,US,2022-08-28,AFETR,,95.44,53.16,541,539,,,EA,ORB
STARLINK-4690,2022-104S,53604,PAY,+,US,2022-08-28,AFETR,,93.85,53.16,464,462,,,EA,ORB
STARLINK-4590,2022-104U,53606,PAY,+,US,2022-08-28,AFETR,,93.85,53.16,463,463,,,EA,ORB
STARLINK-4591,2022-104V,53607,PAY,+,US,2022-08-28,AFETR,,93.84,53.16,463,462,,,EA,ORB
STARLINK-4647,2022-104W,53608,PAY,+,US,2022-08-28,AFETR,,93.85,53.16,463,462,,,EA,ORB
STARLINK-4660,2022-104X,53609,PAY,+,US,2022-08-28,AFETR,,93.85,53.16,464,462,,,EA,ORB
STARLINK-4610,2022-104Y,53610,PAY,+,US,2022-08-28,AFETR,,94.01,53.16,471,470,,,EA,ORB
STARLINK-4658,2022-104AA,53612,PAY,+,US,2022-08-28,AFETR,,93.79,53.16,460,459,,,EA,ORB
STARLINK-4655,2022-104AB,53613,PAY,+,US,2022-08-28,AFETR,,93.79,53.16,461,459,,,EA,ORB
STARLINK-4605,2022-104AE,53616,PAY,+,US,2022-08-28,AFETR,,93.85,53.16,464,462,,,EA,ORB
STARLINK-4609,2022-104AH,53619,PAY,+,US,2022-08-28,AFETR,,93.85,53.16,463,462,,,EA,ORB
STARLINK-4615,2022-104AJ,53620,PAY,+,US,2022-08-28,AFETR,,93.85,53.16,464,462,,,EA,ORB
STARLINK-4608,2022-104AK,53621,PAY,+,US,2022-08-28,AFETR,,93.85,53.16,463,462,,,EA,ORB
STARLINK-4568,2022-104AL,53622,PAY,+,US,2022-08-28,AFETR,,93.85,53.16,464,462,,,EA,ORB
STARLINK-4573,2022-104AM,53623,PAY,+,US,2022-08-28,AFETR,,94.01,53.16,472,470,,,EA,ORB
STARLINK-4596,2022-104AN,53624,PAY,+,US,2022-08-28,AFETR,,94.01,53.16,472,470,,,EA,ORB
STARLINK-4554,2022-104AQ,53626,PAY,+,US,2022-08-28,AFETR,,93.90,53.16,466,464,,,EA,ORB
STARLINK-4595,2022-104AR,53627,PAY,+,US,2022-08-28,AFETR,,93.85,53.16,463,462,,,EA,ORB
STARLINK-4600,2022-104AS,53628,PAY,+,US,2022-08-28,AFETR,,93.79,53.16,461,459,,,EA,ORB
STARLINK-4602,2022-104AT,53629,PAY,+,US,2022-08-28,AFETR,,93.85,53.16,463,462,,,EA,ORB
STARLINK-4598,2022-104AU,53630,PAY,+,US,2022-08-28,AFETR,,93.43,53.16,443,442,,,EA,ORB
STARLINK-4599,2022-104AV,53631,PAY,+,US,2022-08-28,AFETR,,93.79,53.16,461,459,,,EA,ORB
STARLINK-4606,2022-104AW,53632,PAY,+,US,2022-08-28,AFETR,,93.79,53.16,460,459,,,EA,ORB
STARLINK-4593,2022-104AX,53633,PAY,+,US,2022-08-28,AFETR,,93.85,53.16,464,462,,,EA,ORB
STARLINK-4592,2022-104AY,53634,PAY,+,US,2022-08-28,AFETR,,93.79,53.16,460,459,,,EA,ORB
STARLINK-4586,2022-104BA,53636,PAY,+,US,2022-08-28,AFETR,,93.85,53.16,464,462,,,EA,ORB
STARLINK-4396,2022-104BB,53637,PAY,+,US,2022-08-28,AFETR,,93.79,53.16,461,459,,,EA,ORB
STARLINK-4594,2022-104BC,53638,PAY,+,US,2022-08-28,AFETR,,93.79,53.16,461,459,,,EA,ORB
STARLINK-4422,2022-104BD,53639,PAY,P,US,2022-08-28,AFETR,,94.32,53.19,487,485,,,EA,ORB
STARLINK-4597,2022-104BE,53640,PAY,+,US,2022-08-28,AFETR,,93.85,53.16,464,462,,,EA,ORB
STARLINK-4588,2022-104BF,53641,PAY,+,US,2022-08-28,AFETR,,94.01,53.16,472,470,,,EA,ORB
STARLINK-4622,2022-105A,53648,PAY,+,US,2022-08-31,AFWTR,,95.64,97.28,551,548,,,EA,ORB
STARLINK-4386,2022-105B,53649,PAY,P,US,2022-08-31,AFWTR,,89.90,97.59,271,268,,,EA,ORB
STARLINK-4380,2022-105C,53650,PAY,+,US,2022-08-31,AFWTR,,95.64,97.29,551,548,,,EA,ORB
STARLINK-4388,2022-105D,53651,PAY,P,US,2022-08-31,AFWTR,,93.69,97.53,456,454,,,EA,ORB
STARLINK-4374,2022-105E,53652,PAY,+,US,2022-08-31,AFWTR,,95.32,97.28,536,532,,,EA,ORB
STARLINK-4390,2022-105F,53653,PAY,P,US,2022-08-31,AFWTR,,89.87,97.59,271,266,,,EA,ORB
STARLINK-4420,2022-105G,53654,PAY,+,US,2022-08-31,AFWTR,,93.91,97.28,467,465,,,EA,ORB
STARLINK-4470,2022-105H,53655,PAY,P,US,2022-08-31,AFWTR,,93.69,97.51,456,454,,,EA,ORB
STARLINK-4466,2022-105J,53656,PAY,+,US,2022-08-31,AFWTR,,95.64,97.28,551,548,,,EA,ORB
STARLINK-4452,2022-105L,53658,PAY,+,US,2022-08-31,AFWTR,,93.91,97.28,467,464,,,EA,ORB
STARLINK-4473,2022-105N,53660,PAY,+,US,2022-08-31,AFWTR,,95.64,97.28,551,548,,,EA,ORB
STARLINK-4472,2022-105P,53661,PAY,+,US,2022-08-31,AFWTR,,95.64,97.28,551,548,,,EA,ORB
STARLINK-4357,2022-105Q,53662,PAY,P,US,2022-08-31,AFWTR,,93.68,97.49,456,453,,,EA,ORB
STARLINK-4457,2022-105R,53663,PAY,+,US,2022-08-31,AFWTR,,93.91,97.28,467,464,,,EA,ORB
STARLINK-4471,2022-105S,53664,PAY,+,US,2022-08-31,AFWTR,,93.91,97.28,468,463,,,EA,ORB
STARLINK-4334,2022-105T,53665,PAY,P,US,2022-08-31,AFWTR,,93.49,97.52,446,444,,,EA,ORB
STARLINK-4406,2022-105V,53667,PAY,P,US,2022-08-31,AFWTR,,92.05,97.60,376,374,,,EA,ORB
STARLINK-4458,2022-105W,53668,PAY,P,US,2022-08-31,AFWTR,,93.51,97.50,447,445,,,EA,ORB
STARLINK-4464,2022-105X,53669,PAY,P,US,2022-08-31,AFWTR,,90.16,97.59,284,281,,,EA,ORB
STARLINK-4459,2022-105Y,53670,PAY,+,US,2022-08-31,AFWTR,,93.91,97.28,467,465,,,EA,ORB
STARLINK-4440,2022-105Z,53671,PAY,+,US,2022-08-31,AFWTR,,95.64,97.28,551,548,,,EA,ORB
STARLINK-4428,2022-105AA,53672,PAY,+,US,2022-08-31,AFWTR,,95.64,97.28,551,548,,,EA,ORB
STARLINK-4620,2022-105AC,53674,PAY,+,US,2022-08-31,AFWTR,,95.64,97.28,551,548,,,EA,ORB
STARLINK-4617,2022-105AD,53675,PAY,+,US,2022-08-31,AFWTR,,93.91,97.28,467,464,,,EA,ORB
STARLINK-4621,2022-105AE,53676,PAY,+,US,2022-08-31,AFWTR,,95.64,97.28,551,548,,,EA,ORB
STARLINK-4579,2022-105AF,53677,PAY,+,US,2022-08-31,AFWTR,,93.91,97.28,467,465,,,EA,ORB
STARLINK-4632,2022-105AH,53679,PAY,+,US,2022-08-31,AFWTR,,93.91,97.28,467,464,,,EA,ORB
STARLINK-4630,2022-105AJ,53680,PAY,+,US,2022-08-31,AFWTR,,93.91,97.28,467,464,,,EA,ORB
STARLINK-4438,2022-105AL,53682,PAY,+,US,2022-08-31,AFWTR,,93.91,97.28,467,464,,,EA,ORB
STARLINK-4625,2022-105AM,53683,PAY,+,US,2022-08-31,AFWTR,,95.64,97.28,551,548,,,EA,ORB
STARLINK-4624,2022-105AN,53684,PAY,+,US,2022-08-31,AFWTR,,95.64,97.28,551,548,,,EA,ORB
STARLINK-4626,2022-105AP,53685,PAY,+,US,2022-08-31,AFWTR,,95.64,97.29,551,548,,,EA,ORB
STARLINK-4467,2022-105AQ,53686,PAY,+,US,2022-08-31,AFWTR,,95.64,97.28,551,548,,,EA,ORB
STARLINK-4569,2022-105AR,53687,PAY,+,US,2022-08-31,AFWTR,,93.91,97.28,467,464,,,EA,ORB
STARLINK-4571,2022-105AS,53688,PAY,+,US,2022-08-31,AFWTR,,95.64,97.28,551,548,,,EA,ORB
STARLINK-4570,2022-105AU,53690,PAY,+,US,2022-08-31,AFWTR,,95.64,97.28,551,548,,,EA,ORB
STARLINK-4560,2022-105AV,53691,PAY,+,US,2022-08-31,AFWTR,,93.91,97.28,467,464,,,EA,ORB
STARLINK-4572,2022-105AW,53692,PAY,P,US,2022-08-31,AFWTR,,94.02,97.59,472,469,,,EA,ORB
STARLINK-4566,2022-105AX,53693,PAY,+,US,2022-08-31,AFWTR,,93.91,97.28,467,464,,,EA,ORB
STARLINK-4725,2022-107A,53700,PAY,+,US,2022-09-05,AFETR,,93.98,53.16,470,469,,,EA,ORB
STARLINK-4711,2022-107B,53701,PAY,+,US,2022-09-05,AFETR,,93.89,53.16,466,464,,,EA,ORB
STARLINK-4724,2022-107C,53702,PAY,+,US,2022-09-05,AFETR,,93.79,53.16,461,459,,,EA,ORB
STARLINK-4731,2022-107D,53703,PAY,+,US,2022-09-05,AFETR,,93.91,53.16,467,465,,,EA,ORB
STARLINK-4714,2022-107E,53704,PAY,+,US,2022-09-05,AFETR,,94.01,53.16,472,470,,,EA,ORB
STARLINK-4717,2022-107F,53705,PAY,+,US,2022-09-05,AFETR,,93.79,53.18,461,459,,,EA,ORB
STARLINK-4716,2022-107G,53706,PAY,+,US,2022-09-05,AFETR,,94.25,53.16,483,482,,,EA,ORB
STARLINK-4667,2022-107H,53707,PAY,+,US,2022-09-05,AFETR,,93.85,53.16,463,462,,,EA,ORB
STARLINK-4694,2022-107J,53708,PAY,+,US,2022-09-05,AFETR,,93.79,53.16,461,459,,,EA,ORB
STARLINK-4685,2022-107K,53709,PAY,+,US,2022-09-05,AFETR,,93.79,53.16,461,459,,,EA,ORB
STARLINK-4627,2022-107M,53711,PAY,+,US,2022-09-05,AFETR,,93.85,53.16,463,462,,,EA,ORB
STARLINK-4683,2022-107N,53712,PAY,+,US,2022-09-05,AFETR,,93.85,53.16,464,462,,,EA,ORB
STARLINK-4686,2022-107R,53715,PAY,+,US,2022-09-05,AFETR,,93.85,53.16,464,462,,,EA,ORB
STARLINK-4699,2022-107S,53716,PAY,+,US,2022-09-05,AFETR,,93.85,53.16,464,462,,,EA,ORB
STARLINK-4695,2022-107U,53718,PAY,+,US,2022-09-05,AFETR,,94.01,53.16,472,470,,,EA,ORB
STARLINK-4644,2022-107V,53719,PAY,+,US,2022-09-05,AFETR,,93.85,53.16,463,462,,,EA,ORB
STARLINK-4642,2022-107W,53720,PAY,+,US,2022-09-05,AFETR,,93.85,53.16,464,462,,,EA,ORB
STARLINK-4707,2022-107X,53721,PAY,+,US,2022-09-05,AFETR,,93.85,53.16,463,462,,,EA,ORB
STARLINK-4700,2022-107Y,53722,PAY,+,US,2022-09-05,AFETR,,93.85,53.16,464,462,,,EA,ORB
STARLINK-4705,2022-107Z,53723,PAY,+,US,2022-09-05,AFETR,,93.79,53.16,461,459,,,EA,ORB
STARLINK-4663,2022-107AA,53724,PAY,+,US,2022-09-05,AFETR,,93.79,53.16,460,459,,,EA,ORB
STARLINK-4697,2022-107AC,53726,PAY,+,US,2022-09-05,AFETR,,93.85,53.16,463,462,,,EA,ORB
STARLINK-4701,2022-107AD,53727,PAY,+,US,2022-09-05,AFETR,,93.85,53.16,464,462,,,EA,ORB
STARLINK-4640,2022-107AE,53728,PAY,+,US,2022-09-05,AFETR,,93.85,53.16,463,462,,,EA,ORB
STARLINK-4651,2022-107AF,53729,PAY,+,US,2022-09-05,AFETR,,93.79,53.16,461,459,,,EA,ORB
STARLINK-4641,2022-107AG,53730,PAY,+,US,2022-09-05,AFETR,,93.85,53.16,464,462,,,EA,ORB
STARLINK-4636,2022-107AH,53731,PAY,+,US,2022-09-05,AFETR,,94.71,53.21,507,502,,,EA,ORB
STARLINK-4661,2022-107AJ,53732,PAY,+,US,2022-09-05,AFETR,,93.85,53.16,463,462,,,EA,ORB
STARLINK-4574,2022-107AK,53733,PAY,+,US,2022-09-05,AFETR,,93.90,53.16,466,464,,,EA,ORB
STARLINK-4616,2022-107AL,53734,PAY,+,US,2022-09-05,AFETR,,93.85,53.16,464,462,,,EA,ORB
STARLINK-4618,2022-107AM,53735,PAY,+,US,2022-09-05,AFETR,,93.85,53.16,464,462,,,EA,ORB
STARLINK-4652,2022-107AN,53736,PAY,+,US,2022-09-05,AFETR,,93.79,53.16,461,459,,,EA,ORB
STARLINK-4662,2022-107AQ,53738,PAY,+,US,2022-09-05,AFETR,,93.85,53.16,464,462,,,EA,ORB
STARLINK-4607,2022-107AS,53740,PAY,+,US,2022-09-05,AFETR,,91.84,53.16,366,364,,,EA,ORB
STARLINK-4637,2022-107AU,53742,PAY,+,US,2022-09-05,AFETR,,93.85,53.16,464,462,,,EA,ORB
STARLINK-4645,2022-107AV,53743,PAY,+,US,2022-09-05,AFETR,,93.85,53.16,464,462,,,EA,ORB
STARLINK-4670,2022-107AW,53744,PAY,+,US,2022-09-05,AFETR,,94.01,53.16,472,470,,,EA,ORB
STARLINK-4656,2022-107AX,53745,PAY,+,US,2022-09-05,AFETR,,93.85,53.16,464,462,,,EA,ORB
STARLINK-4589,2022-107AY,53746,PAY,+,US,2022-09-05,AFETR,,93.85,53.16,464,462,,,EA,ORB
STARLINK-4612,2022-107BC,53750,PAY,+,US,2022-09-05,AFETR,,93.85,53.16,464,462,,,EA,ORB
STARLINK-4718,2022-111A,53773,PAY,+,US,2022-09-11,AFETR,,94.01,53.16,472,470,,,EA,ORB
STARLINK-4719,2022-111B,53774,PAY,+,US,2022-09-11,AFETR,,94.01,53.16,472,470,,,EA,ORB
STARLINK-4722,2022-111C,53775,PAY,+,US,2022-09-11,AFETR,,94.01,53.16,472,470,,,EA,ORB
STARLINK-4664,2022-111E,53777,PAY,+,US,2022-09-11,AFETR,,94.38,53.16,490,488,,,EA,ORB
STARLINK-4709,2022-111F,53778,PAY,+,US,2022-09-11,AFETR,,94.01,53.16,472,470,,,EA,ORB
STARLINK-4706,2022-111G,53779,PAY,+,US,2022-09-11,AFETR,,94.01,53.16,472,470,,,EA,ORB
STARLINK-4678,2022-111H,53780,PAY,+,US,2022-09-11,AFETR,,93.85,53.16,464,462,,,EA,ORB
STARLINK-4462,2022-111J,53781,PAY,+,US,2022-09-11,AFETR,,94.16,53.16,479,477,,,EA,ORB
STARLINK-4536,2022-111L,53783,PAY,+,US,2022-09-11,AFETR,,93.95,53.17,468,467,,,EA,ORB
STARLINK-4687,2022-111M,53784,PAY,+,US,2022-09-11,AFETR,,94.01,53.16,471,470,,,EA,ORB
STARLINK-4743,2022-111Q,53787,PAY,+,US,2022-09-11,AFETR,,94.01,53.16,472,470,,,EA,ORB
STARLINK-4666,2022-111S,53789,PAY,+,US,2022-09-11,AFETR,,93.85,53.16,463,462,,,EA,ORB
STARLINK-4734,2022-111T,53790,PAY,+,US,2022-09-11,AFETR,,92.04,53.16,375,374,,,EA,ORB
STARLINK-4739,2022-111V,53792,PAY,+,US,2022-09-11,AFETR,,94.01,53.16,472,470,,,EA,ORB
STARLINK-4728,2022-111W,53793,PAY,+,US,2022-09-11,AFETR,,94.01,53.16,472,470,,,EA,ORB
STARLINK-4730,2022-111X,53794,PAY,+,US,2022-09-11,AFETR,,94.01,53.16,472,470,,,EA,ORB
STARLINK-4742,2022-111Y,53795,PAY,+,US,2022-09-11,AFETR,,94.01,53.16,472,470,,,EA,ORB
STARLINK-4723,2022-111AA,53797,PAY,+,US,2022-09-11,AFETR,,94.01,53.16,472,470,,,EA,ORB
STARLINK-4712,2022-111AB,53798,PAY,+,US,2022-09-11,AFETR,,94.01,53.16,472,470,,,EA,ORB
STARLINK-4710,2022-111AC,53799,PAY,+,US,2022-09-11,AFETR,,93.90,53.16,466,464,,,EA,ORB
STARLINK-4720,2022-111AD,53800,PAY,P,US,2022-09-11,AFETR,,91.82,53.21,365,362,,,EA,ORB
STARLINK-4715,2022-111AE,53801,PAY,+,US,2022-09-11,AFETR,,93.85,53.16,464,462,,,EA,ORB
STARLINK-4726,2022-111AF,53802,PAY,+,US,2022-09-11,AFETR,,93.85,53.16,464,462,,,EA,ORB
STARLINK-4727,2022-111AG,53803,PAY,+,US,2022-09-11,AFETR,,93.81,53.16,462,460,,,EA,ORB
STARLINK-4729,2022-111AH,53804,PAY,+,US,2022-09-11,AFETR,,93.85,53.16,464,461,,,EA,ORB
STARLINK-4763,2022-111AJ,53805,PAY,+,US,2022-09-11,AFETR,,94.01,53.16,471,470,,,EA,ORB
STARLINK-4768,2022-111AK,53806,PAY,+,US,2022-09-11,AFETR,,93.79,53.16,461,459,,,EA,ORB
STARLINK-4738,2022-114B,53819,PAY,+,US,2022-09-19,AFETR,,94.01,53.16,472,470,,,EA,ORB
STARLINK-4758,2022-114C,53820,PAY,+,US,2022-09-19,AFETR,,93.79,53.16,461,459,,,EA,ORB
STARLINK-4748,2022-114F,53823,PAY,+,US,2022-09-19,AFETR,,93.85,53.16,464,462,,,EA,ORB
STARLINK-4757,2022-114G,53824,PAY,+,US,2022-09-19,AFETR,,93.79,53.16,460,459,,,EA,ORB
STARLINK-4751,2022-114H,53825,PAY,+,US,2022-09-19,AFETR,,93.79,53.16,460,459,,,EA,ORB
STARLINK-4756,2022-114J,53826,PAY,+,US,2022-09-19,AFETR,,93.82,53.16,462,461,,,EA,ORB
STARLINK-4764,2022-114K,53827,PAY,+,US,2022-09-19,AFETR,,93.79,53.16,461,459,,,EA,ORB
STARLINK-4760,2022-114L,53828,PAY,+,US,2022-09-19,AFETR,,93.79,53.16,462,458,,,EA,ORB
STARLINK-4759,2022-114M,53829,PAY,+,US,2022-09-19,AFETR,,93.79,53.16,461,459,,,EA,ORB
STARLINK-4761,2022-114N,53830,PAY,+,US,2022-09-19,AFETR,,93.85,53.16,464,462,,,EA,ORB
STARLINK-4649,2022-114P,53831,PAY,+,US,2022-09-19,AFETR,,93.85,53.16,464,462,,,EA,ORB
STARLINK-4747,2022-114Q,53832,PAY,+,US,2022-09-19,AFETR,,93.82,53.16,462,461,,,EA,ORB
STARLINK-4771,2022-114R,53833,PAY,+,US,2022-09-19,AFETR,,95.44,53.16,541,539,,,EA,ORB
STARLINK-4737,2022-114S,53834,PAY,+,US,2022-09-19,AFETR,,93.79,53.16,461,459,,,EA,ORB
STARLINK-4783,2022-114T,53835,PAY,+,US,2022-09-19,AFETR,,95.44,53.16,541,539,,,EA,ORB
STARLINK-4778,2022-114U,53836,PAY,P,US,2022-09-19,AFETR,,94.32,53.16,487,484,,,EA,ORB
STARLINK-4776,2022-114V,53837,PAY,+,US,2022-09-19,AFETR,,95.44,53.16,541,539,,,EA,ORB
STARLINK-4773,2022-114W,53838,PAY,+,US,2022-09-19,AFETR,,95.44,53.16,541,539,,,EA,ORB
STARLINK-4784,2022-114X,53839,PAY,+,US,2022-09-19,AFETR,,95.44,53.16,541,539,,,EA,ORB
STARLINK-4766,2022-114Y,53840,PAY,+,US,2022-09-19,AFETR,,94.01,53.16,472,470,,,EA,ORB
STARLINK-4750,2022-114Z,53841,PAY,+,US,2022-09-19,AFETR,,95.16,53.16,527,525,,,EA,ORB
STARLINK-4754,2022-114AA,53842,PAY,+,US,2022-09-19,AFETR,,95.22,53.16,531,528,,,EA,ORB
STARLINK-4769,2022-114AB,53843,PAY,+,US,2022-09-19,AFETR,,95.44,53.16,541,539,,,EA,ORB
STARLINK-4745,2022-114AC,53844,PAY,+,US,2022-09-19,AFETR,,95.10,53.16,524,523,,,EA,ORB
STARLINK-4753,2022-114AD,53845,PAY,+,US,2022-09-19,AFETR,,95.21,53.16,531,527,,,EA,ORB
STARLINK-4746,2022-114AE,53846,PAY,+,US,2022-09-19,AFETR,,95.39,53.16,538,536,,,EA,ORB
STARLINK-4777,2022-114AF,53847,PAY,+,US,2022-09-19,AFETR,,95.44,53.16,541,539,,,EA,ORB
STARLINK-4780,2022-114AG,53848,PAY,+,US,2022-09-19,AFETR,,95.44,53.16,541,539,,,EA,ORB
STARLINK-4770,2022-114AH,53849,PAY,+,US,2022-09-19,AFETR,,94.01,53.16,472,470,,,EA,ORB
STARLINK-4767,2022-114AJ,53850,PAY,+,US,2022-09-19,AFETR,,95.44,53.16,541,539,,,EA,ORB
STARLINK-4755,2022-114AK,53851,PAY,+,US,2022-09-19,AFETR,,95.44,53.16,541,539,,,EA,ORB
STARLINK-4797,2022-114AL,53852,PAY,+,US,2022-09-19,AFETR,,94.01,53.16,472,470,,,EA,ORB
STARLINK-4794,2022-114AM,53853,PAY,+,US,2022-09-19,AFETR,,95.44,53.16,541,539,,,EA,ORB
STARLINK-4800,2022-114AN,53854,PAY,+,US,2022-09-19,AFETR,,94.01,53.16,472,470,,,EA,ORB
STARLINK-4703,2022-114AP,53855,PAY,+,US,2022-09-19,AFETR,,94.01,53.16,472,470,,,EA,ORB
STARLINK-4795,2022-114AQ,53856,PAY,P,US,2022-09-19,AFETR,,94.33,53.20,487,485,,,EA,ORB
STARLINK-4809,2022-114AR,53857,PAY,+,US,2022-09-19,AFETR,,94.01,53.16,471,470,,,EA,ORB
STARLINK-4790,2022-114AT,53859,PAY,+,US,2022-09-19,AFETR,,94.01,53.16,471,470,,,EA,ORB
STARLINK-4799,2022-114AU,53860,PAY,+,US,2022-09-19,AFETR,,94.01,53.16,472,470,,,EA,ORB
STARLINK-4781,2022-114AV,53861,PAY,+,US,2022-09-19,AFETR,,94.01,53.16,472,470,,,EA,ORB
STARLINK-4788,2022-114AX,53863,PAY,+,US,2022-09-19,AFETR,,94.01,53.16,472,470,,,EA,ORB
STARLINK-4779,2022-114AY,53864,PAY,+,US,2022-09-19,AFETR,,94.01,53.16,471,470,,,EA,ORB
STARLINK-4762,2022-114BA,53866,PAY,+,US,2022-09-19,AFETR,,93.85,53.16,464,462,,,EA,ORB
STARLINK-4793,2022-114BB,53867,PAY,+,US,2022-09-19,AFETR,,93.82,53.19,463,460,,,EA,ORB
STARLINK-4789,2022-114BC,53868,PAY,+,US,2022-09-19,AFETR,,93.79,53.16,461,459,,,EA,ORB
STARLINK-4810,2022-114BD,53869,PAY,+,US,2022-09-19,AFETR,,94.01,53.16,471,470,,,EA,ORB
STARLINK-4732,2022-114BE,53870,PAY,+,US,2022-09-19,AFETR,,93.85,53.16,463,462,,,EA,ORB
STARLINK-4740,2022-114BF,53871,PAY,+,US,2022-09-19,AFETR,,93.85,53.16,464,462,,,EA,ORB
STARLINK-5028,2022-119A,53886,PAY,+,US,2022-09-24,AFETR,,93.90,53.16,466,464,,,EA,ORB
STARLINK-5029,2022-119B,53887,PAY,+,US,2022-09-24,AFETR,,94.01,53.16,472,470,,,EA,ORB
STARLINK-5031,2022-119D,53889,PAY,+,US,2022-09-24,AFETR,,94.01,53.16,472,470,,,EA,ORB
STARLINK-5050,2022-119E,53890,PAY,+,US,2022-09-24,AFETR,,94.01,53.16,471,470,,,EA,ORB
STARLINK-5041,2022-119F,53891,PAY,P,US,2022-09-24,AFETR,,90.72,53.21,311,309,,,EA,ORB
STARLINK-5046,2022-119G,53892,PAY,+,US,2022-09-24,AFETR,,93.85,53.16,464,462,,,EA,ORB
STARLINK-5052,2022-119H,53893,PAY,+,US,2022-09-24,AFETR,,93.79,53.16,461,459,,,EA,ORB
STARLINK-5043,2022-119J,53894,PAY,P,US,2022-09-24,AFETR,,94.01,53.16,472,470,,,EA,ORB
STARLINK-5037,2022-119L,53896,PAY,+,US,2022-09-24,AFETR,,93.79,53.16,461,459,,,EA,ORB
STARLINK-5035,2022-119M,53897,PAY,P,US,2022-09-24,AFETR,,93.37,53.22,440,439,,,EA,ORB
STARLINK-5044,2022-119N,53898,PAY,+,US,2022-09-24,AFETR,,93.90,53.16,466,464,,,EA,ORB
STARLINK-5045,2022-119Q,53900,PAY,+,US,2022-09-24,AFETR,,93.90,53.16,466,464,,,EA,ORB
STARLINK-5021,2022-119S,53902,PAY,+,US,2022-09-24,AFETR,,94.01,53.16,472,470,,,EA,ORB
STARLINK-5022,2022-119T,53903,PAY,+,US,2022-09-24,AFETR,,94.01,53.16,472,470,,,EA,ORB
STARLINK-4787,2022-119U,53904,PAY,+,US,2022-09-24,AFETR,,93.85,53.16,464,462,,,EA,ORB
STARLINK-5003,2022-119V,53905,PAY,+,US,2022-09-24,AFETR,,95.44,53.16,541,539,,,EA,ORB
STARLINK-5054,2022-119W,53906,PAY,+,US,2022-09-24,AFETR,,95.44,53.16,541,539,,,EA,ORB
STARLINK-5057,2022-119Y,53908,PAY,+,US,2022-09-24,AFETR,,94.01,53.16,472,470,,,EA,ORB
STARLINK-4796,2022-119Z,53909,PAY,+,US,2022-09-24,AFETR,,93.86,53.16,464,463,,,EA,ORB
STARLINK-5048,2022-119AB,53911,PAY,+,US,2022-09-24,AFETR,,95.44,53.16,541,539,,,EA,ORB
STARLINK-5059,2022-119AC,53912,PAY,+,US,2022-09-24,AFETR,,95.44,53.16,541,539,,,EA,ORB
STARLINK-5053,2022-119AD,53913,PAY,+,US,2022-09-24,AFETR,,95.44,53.16,541,539,,,EA,ORB
STARLINK-5040,2022-119AE,53914,PAY,+,US,2022-09-24,AFETR,,94.95,53.16,518,515,,,EA,ORB
STARLINK-5051,2022-119AG,53916,PAY,+,US,2022-09-24,AFETR,,94.01,53.16,472,470,,,EA,ORB
STARLINK-5036,2022-119AH,53917,PAY,P,US,2022-09-24,AFETR,,94.34,53.16,488,485,,,EA,ORB
STARLINK-5012,2022-119AJ,53918,PAY,+,US,2022-09-24,AFETR,,95.44,53.16,541,539,,,EA,ORB
STARLINK-5023,2022-119AK,53919,PAY,+,US,2022-09-24,AFETR,,94.01,53.16,472,470,,,EA,ORB
STARLINK-5025,2022-119AL,53920,PAY,+,US,2022-09-24,AFETR,,94.01,53.16,472,470,,,EA,ORB
STARLINK-5002,2022-119AN,53922,PAY,+,US,2022-09-24,AFETR,,95.44,53.16,541,539,,,EA,ORB
STARLINK-5004,2022-119AP,53923,PAY,+,US,2022-09-24,AFETR,,95.44,53.16,541,539,,,EA,ORB
STARLINK-5001,2022-119AQ,53924,PAY,P,US,2022-09-24,AFETR,,94.33,53.16,487,486,,,EA,ORB
STARLINK-5011,2022-119AR,53925,PAY,+,US,2022-09-24,AFETR,,95.44,53.16,541,539,,,EA,ORB
STARLINK-5014,2022-119AS,53926,PAY,P,US,2022-09-24,AFETR,,94.01,53.16,472,470,,,EA,ORB
STARLINK-5009,2022-119AU,53928,PAY,+,US,2022-09-24,AFETR,,95.44,53.16,541,539,,,EA,ORB
STARLINK-5018,2022-119AV,53929,PAY,+,US,2022-09-24,AFETR,,94.01,53.16,472,470,,,EA,ORB
STARLINK-5010,2022-119AW,53930,PAY,P,US,2022-09-24,AFETR,,94.33,53.19,487,485,,,EA,ORB
STARLINK-4772,2022-119AY,53932,PAY,+,US,2022-09-24,AFETR,,95.44,53.16,541,539,,,EA,ORB
STARLINK-4782,2022-119AZ,53933,PAY,+,US,2022-09-24,AFETR,,95.44,53.16,541,539,,,EA,ORB
STARLINK-4775,2022-119BA,53934,PAY,+,US,2022-09-24,AFETR,,95.44,53.16,541,539,,,EA,ORB
STARLINK-4791,2022-119BC,53936,PAY,+,US,2022-09-24,AFETR,,94.01,53.16,472,469,,,EA,ORB
STARLINK-4633,2022-125A,53964,PAY,+,US,2022-10-05,AFWTR,,93.85,53.16,463,462,,,EA,ORB
STARLINK-4635,2022-125C,53966,PAY,+,US,2022-10-05,AFWTR,,93.79,53.16,461,459,,,EA,ORB
STARLINK-4634,2022-125D,53967,PAY,+,US,2022-10-05,AFWTR,,93.85,53.16,463,462,,,EA,ORB
STARLINK-4629,2022-125E,53968,PAY,+,US,2022-10-05,AFWTR,,93.85,53.16,464,462,,,EA,ORB
STARLINK-4468,2022-125F,53969,PAY,+,US,2022-10-05,AFWTR,,93.90,53.16,466,465,,,EA,ORB
STARLINK-4567,2022-125G,53970,PAY,+,US,2022-10-05,AFWTR,,93.79,53.16,461,459,,,EA,ORB
STARLINK-5156,2022-125K,53973,PAY,+,US,2022-10-05,AFWTR,,94.01,53.16,471,470,,,EA,ORB
STARLINK-5159,2022-125L,53974,PAY,+,US,2022-10-05,AFWTR,,93.85,53.16,464,462,,,EA,ORB
STARLINK-5137,2022-125M,53975,PAY,+,US,2022-10-05,AFWTR,,95.44,53.16,541,539,,,EA,ORB
STARLINK-5134,2022-125N,53976,PAY,+,US,2022-10-05,AFWTR,,93.85,53.16,463,462,,,EA,ORB
STARLINK-5094,2022-125P,53977,PAY,+,US,2022-10-05,AFWTR,,93.79,53.16,461,459,,,EA,ORB
STARLINK-5148,2022-125Q,53978,PAY,+,US,2022-10-05,AFWTR,,94.33,53.16,487,485,,,EA,ORB
STARLINK-5123,2022-125R,53979,PAY,+,US,2022-10-05,AFWTR,,94.01,53.16,472,470,,,EA,ORB
STARLINK-5133,2022-125S,53980,PAY,+,US,2022-10-05,AFWTR,,94.21,53.16,481,479,,,EA,ORB
STARLINK-5149,2022-125T,53981,PAY,+,US,2022-10-05,AFWTR,,94.01,53.16,472,470,,,EA,ORB
STARLINK-5120,2022-125U,53982,PAY,+,US,2022-10-05,AFWTR,,94.72,53.16,505,505,,,EA,ORB
STARLINK-5142,2022-125W,53984,PAY,+,US,2022-10-05,AFWTR,,95.44,53.16,541,539,,,EA,ORB
STARLINK-5147,2022-125X,53985,PAY,+,US,2022-10-05,AFWTR,,95.44,53.16,541,539,,,EA,ORB
STARLINK-5119,2022-125Y,53986,PAY,+,US,2022-10-05,AFWTR,,94.01,53.16,472,470,,,EA,ORB
STARLINK-5113,2022-125AA,53988,PAY,+,US,2022-10-05,AFWTR,,93.85,53.16,464,462,,,EA,ORB
STARLINK-5118,2022-125AD,53991,PAY,+,US,2022-10-05,AFWTR,,93.79,53.16,461,459,,,EA,ORB
STARLINK-5108,2022-125AE,53992,PAY,+,US,2022-10-05,AFWTR,,93.85,53.16,464,462,,,EA,ORB
STARLINK-5121,2022-125AF,53993,PAY,+,US,2022-10-05,AFWTR,,95.44,53.16,541,539,,,EA,ORB
STARLINK-5125,2022-125AG,53994,PAY,+,US,2022-10-05,AFWTR,,94.78,53.16,508,508,,,EA,ORB
STARLINK-5097,2022-125AH,53995,PAY,+,US,2022-10-05,AFWTR,,93.85,53.16,464,462,,,EA,ORB
STARLINK-5131,2022-125AJ,53996,PAY,+,US,2022-10-05,AFWTR,,95.44,53.16,541,538,,,EA,ORB
STARLINK-5130,2022-125AK,53997,PAY,+,US,2022-10-05,AFWTR,,93.85,53.16,464,462,,,EA,ORB
STARLINK-5128,2022-125AL,53998,PAY,+,US,2022-10-05,AFWTR,,95.00,53.16,520,517,,,EA,ORB
STARLINK-5079,2022-125AM,53999,PAY,+,US,2022-10-05,AFWTR,,93.85,53.16,464,462,,,EA,ORB
STARLINK-5088,2022-125AN,54000,PAY,+,US,2022-10-05,AFWTR,,93.85,53.16,464,462,,,EA,ORB
STARLINK-5109,2022-125AQ,54002,PAY,+,US,2022-10-05,AFWTR,,94.01,53.16,472,470,,,EA,ORB
STARLINK-5114,2022-125AR,54003,PAY,+,US,2022-10-05,AFWTR,,95.44,53.16,541,539,,,EA,ORB
STARLINK-5129,2022-125AS,54004,PAY,+,US,2022-10-05,AFWTR,,94.95,53.16,517,515,,,EA,ORB
STARLINK-5135,2022-125AT,54005,PAY,+,US,2022-10-05,AFWTR,,95.44,53.16,541,539,,,EA,ORB
STARLINK-5096,2022-125AU,54006,PAY,+,US,2022-10-05,AFWTR,,94.01,53.16,472,470,,,EA,ORB
STARLINK-5132,2022-125AV,54007,PAY,+,US,2022-10-05,AFWTR,,95.44,53.16,541,539,,,EA,ORB
STARLINK-5145,2022-125AW,54008,PAY,+,US,2022-10-05,AFWTR,,93.85,53.16,463,462,,,EA,ORB
STARLINK-5099,2022-125AX,54009,PAY,+,US,2022-10-05,AFWTR,,93.85,53.16,463,462,,,EA,ORB
STARLINK-5127,2022-125AY,54010,PAY,+,US,2022-10-05,AFWTR,,93.85,53.16,463,462,,,EA,ORB
STARLINK-5124,2022-125AZ,54011,PAY,+,US,2022-10-05,AFWTR,,93.85,53.16,463,462,,,EA,ORB
STARLINK-5126,2022-125BA,54012,PAY,+,US,2022-10-05,AFWTR,,94.01,53.16,471,470,,,EA,ORB
STARLINK-5098,2022-125BB,54013,PAY,+,US,2022-10-05,AFWTR,,93.90,53.16,466,464,,,EA,ORB
STARLINK-5055,2022-125BD,54015,PAY,+,US,2022-10-05,AFWTR,,89.13,53.21,235,229,,,EA,ORB
STARLINK-5195,2022-136A,54051,PAY,+,US,2022-10-20,AFETR,,94.75,53.16,507,505,,,EA,ORB
STARLINK-5189,2022-136B,54052,PAY,+,US,2022-10-20,AFETR,,95.44,53.16,541,539,,,EA,ORB
STARLINK-5176,2022-136C,54053,PAY,+,US,2022-10-20,AFETR,,94.01,53.16,472,470,,,EA,ORB
STARLINK-5163,2022-136D,54054,PAY,+,US,2022-10-20,AFETR,,94.01,53.16,472,470,,,EA,ORB
STARLINK-5158,2022-136E,54055,PAY,+,US,2022-10-20,AFETR,,93.90,53.16,466,464,,,EA,ORB
STARLINK-5226,2022-136F,54056,PAY,+,US,2022-10-20,AFETR,,93.79,53.16,460,459,,,EA,ORB
STARLINK-5167,2022-136H,54058,PAY,+,US,2022-10-20,AFETR,,93.79,53.16,461,459,,,EA,ORB
STARLINK-5173,2022-136J,54059,PAY,+,US,2022-10-20,AFETR,,93.85,53.16,464,462,,,EA,ORB
STARLINK-5169,2022-136K,54060,PAY,+,US,2022-10-20,AFETR,,95.44,53.16,541,539,,,EA,ORB
STARLINK-5209,2022-136L,54061,PAY,+,US,2022-10-20,AFETR,,93.85,53.16,463,462,,,EA,ORB
STARLINK-5170,2022-136M,54062,PAY,+,US,2022-10-20,AFETR,,93.79,53.16,461,459,,,EA,ORB
STARLINK-5172,2022-136P,54064,PAY,+,US,2022-10-20,AFETR,,94.01,53.16,471,470,,,EA,ORB
STARLINK-5187,2022-136Q,54065,PAY,+,US,2022-10-20,AFETR,,93.79,53.16,461,459,,,EA,ORB
STARLINK-5151,2022-136R,54066,PAY,+,US,2022-10-20,AFETR,,94.82,53.16,510,509,,,EA,ORB
STARLINK-5174,2022-136S,54067,PAY,+,US,2022-10-20,AFETR,,93.79,53.16,461,459,,,EA,ORB
STARLINK-5222,2022-136T,54068,PAY,+,US,2022-10-20,AFETR,,93.79,53.16,461,459,,,EA,ORB
STARLINK-5181,2022-136V,54070,PAY,+,US,2022-10-20,AFETR,,93.79,53.16,461,459,,,EA,ORB
STARLINK-5168,2022-136W,54071,PAY,+,US,2022-10-20,AFETR,,93.80,53.16,461,460,,,EA,ORB
STARLINK-5146,2022-136Y,54073,PAY,+,US,2022-10-20,AFETR,,93.85,53.16,464,462,,,EA,ORB
STARLINK-5192,2022-136Z,54074,PAY,+,US,2022-10-20,AFETR,,93.79,53.16,461,459,,,EA,ORB
STARLINK-5212,2022-136AA,54075,PAY,+,US,2022-10-20,AFETR,,94.01,53.16,472,470,,,EA,ORB
STARLINK-5201,2022-136AB,54076,PAY,+,US,2022-10-20,AFETR,,93.79,53.16,461,459,,,EA,ORB
STARLINK-5171,2022-136AC,54077,PAY,+,US,2022-10-20,AFETR,,95.44,53.16,541,539,,,EA,ORB
STARLINK-5175,2022-136AE,54079,PAY,+,US,2022-10-20,AFETR,,94.58,53.16,499,497,,,EA,ORB
STARLINK-5210,2022-136AH,54082,PAY,+,US,2022-10-20,AFETR,,95.10,53.16,524,522,,,EA,ORB
STARLINK-5178,2022-136AJ,54083,PAY,+,US,2022-10-20,AFETR,,94.52,53.16,496,495,,,EA,ORB
STARLINK-5183,2022-136AK,54084,PAY,+,US,2022-10-20,AFETR,,94.62,53.16,501,499,,,EA,ORB
STARLINK-5166,2022-136AL,54085,PAY,+,US,2022-10-20,AFETR,,94.32,53.16,486,485,,,EA,ORB
STARLINK-5211,2022-136AM,54086,PAY,+,US,2022-10-20,AFETR,,93.85,53.16,464,462,,,EA,ORB
STARLINK-5184,2022-136AN,54087,PAY,+,US,2022-10-20,AFETR,,94.81,53.16,511,508,,,EA,ORB
STARLINK-5153,2022-136AP,54088,PAY,+,US,2022-10-20,AFETR,,94.31,53.16,486,484,,,EA,ORB
STARLINK-5143,2022-136AQ,54089,PAY,+,US,2022-10-20,AFETR,,94.55,53.16,498,496,,,EA,ORB
STARLINK-5177,2022-136AR,54090,PAY,+,US,2022-10-20,AFETR,,94.62,53.16,501,499,,,EA,ORB
STARLINK-5221,2022-136AS,54091,PAY,+,US,2022-10-20,AFETR,,95.44,53.16,542,538,,,EA,ORB
STARLINK-5213,2022-136AU,54093,PAY,+,US,2022-10-20,AFETR,,95.02,53.16,521,518,,,EA,ORB
STARLINK-5193,2022-136AW,54095,PAY,+,US,2022-10-20,AFETR,,95.14,53.16,526,525,,,EA,ORB
STARLINK-5188,2022-136AX,54096,PAY,+,US,2022-10-20,AFETR,,94.79,53.16,510,507,,,EA,ORB
STARLINK-5197,2022-136AY,54097,PAY,+,US,2022-10-20,AFETR,,95.44,53.16,541,539,,,EA,ORB
STARLINK-5217,2022-136AZ,54098,PAY,+,US,2022-10-20,AFETR,,95.00,53.16,519,517,,,EA,ORB
STARLINK-5198,2022-136BA,54099,PAY,+,US,2022-10-20,AFETR,,95.44,53.16,541,539,,,EA,ORB
STARLINK-5185,2022-136BB,54100,PAY,+,US,2022-10-20,AFETR,,94.72,53.16,506,504,,,EA,ORB
STARLINK-5204,2022-136BC,54101,PAY,+,US,2022-10-20,AFETR,,94.01,53.16,472,470,,,EA,ORB
STARLINK-5179,2022-136BD,54102,PAY,+,US,2022-10-20,AFETR,,94.32,53.16,487,485,,,EA,ORB
STARLINK-5200,2022-136BE,54103,PAY,+,US,2022-10-20,AFETR,,94.01,53.16,472,470,,,EA,ORB
STARLINK-5203,2022-136BF,54104,PAY,+,US,2022-10-20,AFETR,,94.01,53.16,472,470,,,EA,ORB
STARLINK-5290,2022-141A,54157,PAY,+,US,2022-10-28,AFWTR,,94.43,53.16,491,491,,,EA,ORB
STARLINK-5297,2022-141B,54158,PAY,+,US,2022-10-28,AFWTR,,94.35,53.16,487,487,,,EA,ORB
STARLINK-5294,2022-141C,54159,PAY,+,US,2022-10-28,AFWTR,,94.38,53.16,489,488,,,EA,ORB
STARLINK-5233,2022-141D,54160,PAY,+,US,2022-10-28,AFWTR,,94.01,53.16,472,470,,,EA,ORB
STARLINK-5269,2022-141E,54161,PAY,+,US,2022-10-28,AFWTR,,94.01,53.16,472,470,,,EA,ORB
STARLINK-5273,2022-141F,54162,PAY,+,US,2022-10-28,AFWTR,,94.37,53.16,488,488,,,EA,ORB
STARLINK-5161,2022-141G,54163,PAY,+,US,2022-10-28,AFWTR,,93.85,53.16,464,462,,,EA,ORB
STARLINK-5278,2022-141H,54164,PAY,+,US,2022-10-28,AFWTR,,93.85,53.16,463,462,,,EA,ORB
STARLINK-5279,2022-141J,54165,PAY,+,US,2022-10-28,AFWTR,,94.42,53.16,491,490,,,EA,ORB
STARLINK-5280,2022-141K,54166,PAY,+,US,2022-10-28,AFWTR,,93.85,53.16,464,462,,,EA,ORB
STARLINK-5243,2022-141L,54167,PAY,+,US,2022-10-28,AFWTR,,94.62,53.16,500,500,,,EA,ORB
STARLINK-5245,2022-141M,54168,PAY,+,US,2022-10-28,AFWTR,,93.85,53.16,463,462,,,EA,ORB
STARLINK-5282,2022-141N,54169,PAY,+,US,2022-10-28,AFWTR,,93.85,53.16,464,462,,,EA,ORB
STARLINK-5155,2022-141P,54170,PAY,+,US,2022-10-28,AFWTR,,93.85,53.16,464,462,,,EA,ORB
STARLINK-5117,2022-141R,54172,PAY,+,US,2022-10-28,AFWTR,,93.90,53.16,466,464,,,EA,ORB
STARLINK-5242,2022-141S,54173,PAY,+,US,2022-10-28,AFWTR,,93.85,53.16,463,462,,,EA,ORB
STARLINK-5248,2022-141T,54174,PAY,+,US,2022-10-28,AFWTR,,93.79,53.16,461,459,,,EA,ORB
STARLINK-5256,2022-141U,54175,PAY,+,US,2022-10-28,AFWTR,,93.85,53.16,464,462,,,EA,ORB
STARLINK-5154,2022-141V,54176,PAY,+,US,2022-10-28,AFWTR,,93.85,53.16,464,462,,,EA,ORB
STARLINK-5186,2022-141W,54177,PAY,+,US,2022-10-28,AFWTR,,93.85,53.16,464,462,,,EA,ORB
STARLINK-5164,2022-141X,54178,PAY,+,US,2022-10-28,AFWTR,,93.85,53.16,464,462,,,EA,ORB
STARLINK-5122,2022-141Y,54179,PAY,+,US,2022-10-28,AFWTR,,93.85,53.16,464,462,,,EA,ORB
STARLINK-5227,2022-141AA,54181,PAY,+,US,2022-10-28,AFWTR,,93.85,53.16,464,462,,,EA,ORB
STARLINK-5231,2022-141AB,54182,PAY,+,US,2022-10-28,AFWTR,,95.26,53.16,533,529,,,EA,ORB
STARLINK-5239,2022-141AC,54183,PAY,+,US,2022-10-28,AFWTR,,93.85,53.16,464,462,,,EA,ORB
STARLINK-5162,2022-141AD,54184,PAY,+,US,2022-10-28,AFWTR,,94.01,53.16,472,470,,,EA,ORB
STARLINK-5235,2022-141AE,54185,PAY,+,US,2022-10-28,AFWTR,,93.85,53.16,464,462,,,EA,ORB
STARLINK-5240,2022-141AG,54187,PAY,+,US,2022-10-28,AFWTR,,93.85,53.16,464,462,,,EA,ORB
STARLINK-5238,2022-141AH,54188,PAY,+,US,2022-10-28,AFWTR,,93.79,53.16,461,459,,,EA,ORB
STARLINK-5281,2022-141AK,54190,PAY,+,US,2022-10-28,AFWTR,,93.85,53.16,464,462,,,EA,ORB
STARLINK-4619,2022-141AL,54191,PAY,+,US,2022-10-28,AFWTR,,93.79,53.16,461,459,,,EA,ORB
STARLINK-5268,2022-141AM,54192,PAY,+,US,2022-10-28,AFWTR,,93.85,53.16,464,462,,,EA,ORB
STARLINK-5263,2022-141AN,54193,PAY,+,US,2022-10-28,AFWTR,,93.85,53.16,463,462,,,EA,ORB
STARLINK-5271,2022-141AP,54194,PAY,+,US,2022-10-28,AFWTR,,93.79,53.16,461,459,,,EA,ORB
STARLINK-5258,2022-141AQ,54195,PAY,+,US,2022-10-28,AFWTR,,93.85,53.16,463,462,,,EA,ORB
STARLINK-5237,2022-141AR,54196,PAY,+,US,2022-10-28,AFWTR,,93.79,53.16,461,459,,,EA,ORB
STARLINK-5246,2022-141AT,54198,PAY,+,US,2022-10-28,AFWTR,,93.79,53.16,461,459,,,EA,ORB
STARLINK-5244,2022-141AU,54199,PAY,+,US,2022-10-28,AFWTR,,93.79,53.16,461,459,,,EA,ORB
STARLINK-5250,2022-141AV,54200,PAY,+,US,2022-10-28,AFWTR,,93.79,53.16,460,459,,,EA,ORB
STARLINK-5199,2022-141AW,54201,PAY,+,US,2022-10-28,AFWTR,,93.85,53.16,464,462,,,EA,ORB
STARLINK-5205,2022-141AX,54202,PAY,+,US,2022-10-28,AFWTR,,93.79,53.16,460,459,,,EA,ORB
STARLINK-5247,2022-141AY,54203,PAY,+,US,2022-10-28,AFWTR,,93.79,53.16,461,459,,,EA,ORB
STARLINK-5241,2022-141AZ,54204,PAY,+,US,2022-10-28,AFWTR,,93.79,53.16,460,459,,,EA,ORB
STARLINK-5249,2022-141BA,54205,PAY,+,US,2022-10-28,AFWTR,,94.01,53.16,471,470,,,EA,ORB
STARLINK-5264,2022-141BB,54206,PAY,+,US,2022-10-28,AFWTR,,93.79,53.16,461,459,,,EA,ORB
STARLINK-5262,2022-141BC,54207,PAY,+,US,2022-10-28,AFWTR,,93.90,53.16,466,464,,,EA,ORB
STARLINK-5255,2022-141BD,54208,PAY,+,US,2022-10-28,AFWTR,,94.01,53.16,472,470,,,EA,ORB
STARLINK-5259,2022-141BE,54209,PAY,+,US,2022-10-28,AFWTR,,93.79,53.16,461,459,,,EA,ORB
STARLINK-5464,2022-175A,54758,PAY,+,US,2022-12-17,AFETR,,94.01,53.16,472,470,,,EA,ORB
STARLINK-5215,2022-175B,54759,PAY,+,US,2022-12-17,AFETR,,94.01,53.16,472,470,,,EA,ORB
STARLINK-5220,2022-175C,54760,PAY,+,US,2022-12-17,AFETR,,93.79,53.16,461,459,,,EA,ORB
STARLINK-5202,2022-175D,54761,PAY,+,US,2022-12-17,AFETR,,94.01,53.16,472,470,,,EA,ORB
STARLINK-5214,2022-175E,54762,PAY,+,US,2022-12-17,AFETR,,94.01,53.16,472,470,,,EA,ORB
STARLINK-5191,2022-175F,54763,PAY,+,US,2022-12-17,AFETR,,93.92,53.16,467,466,,,EA,ORB
STARLINK-5458,2022-175G,54764,PAY,+,US,2022-12-17,AFETR,,93.85,53.16,464,462,,,EA,ORB
STARLINK-5471,2022-175J,54766,PAY,+,US,2022-12-17,AFETR,,95.44,53.16,541,539,,,EA,ORB
STARLINK-5472,2022-175K,54767,PAY,+,US,2022-12-17,AFETR,,95.44,53.16,541,539,,,EA,ORB
STARLINK-5444,2022-175L,54768,PAY,+,US,2022-12-17,AFETR,,94.01,53.16,472,470,,,EA,ORB
STARLINK-5448,2022-175N,54770,PAY,+,US,2022-12-17,AFETR,,93.85,53.16,464,462,,,EA,ORB
STARLINK-5451,2022-175P,54771,PAY,+,US,2022-12-17,AFETR,,94.33,53.16,487,485,,,EA,ORB
STARLINK-5452,2022-175Q,54772,PAY,+,US,2022-12-17,AFETR,,93.85,53.16,464,462,,,EA,ORB
STARLINK-5453,2022-175R,54773,PAY,+,US,2022-12-17,AFETR,,93.85,53.16,464,462,,,EA,ORB
STARLINK-5454,2022-175S,54774,PAY,+,US,2022-12-17,AFETR,,93.85,53.16,464,462,,,EA,ORB
STARLINK-5465,2022-175T,54775,PAY,+,US,2022-12-17,AFETR,,93.85,53.16,464,462,,,EA,ORB
STARLINK-5470,2022-175U,54776,PAY,+,US,2022-12-17,AFETR,,91.54,53.16,351,350,,,EA,ORB
STARLINK-5468,2022-175V,54777,PAY,+,US,2022-12-17,AFETR,,93.85,53.16,464,462,,,EA,ORB
STARLINK-5450,2022-175W,54778,PAY,+,US,2022-12-17,AFETR,,93.85,53.16,464,462,,,EA,ORB
STARLINK-5447,2022-175X,54779,PAY,+,US,2022-12-17,AFETR,,93.85,53.16,463,462,,,EA,ORB
STARLINK-5449,2022-175Y,54780,PAY,+,US,2022-12-17,AFETR,,93.85,53.16,464,462,,,EA,ORB
STARLINK-5443,2022-175Z,54781,PAY,+,US,2022-12-17,AFETR,,93.85,53.16,464,462,,,EA,ORB
STARLINK-5439,2022-175AB,54783,PAY,+,US,2022-12-17,AFETR,,94.01,53.16,472,470,,,EA,ORB
STARLINK-5442,2022-175AC,54784,PAY,+,US,2022-12-17,AFETR,,93.85,53.16,463,462,,,EA,ORB
STARLINK-5440,2022-175AD,54785,PAY,+,US,2022-12-17,AFETR,,93.85,53.16,464,462,,,EA,ORB
STARLINK-5441,2022-175AF,54787,PAY,+,US,2022-12-17,AFETR,,93.87,53.16,465,463,,,EA,ORB
STARLINK-5399,2022-175AG,54788,PAY,+,US,2022-12-17,AFETR,,93.85,53.16,464,462,,,EA,ORB
STARLINK-5446,2022-175AH,54789,PAY,+,US,2022-12-17,AFETR,,94.49,53.16,495,493,,,EA,ORB
STARLINK-5445,2022-175AJ,54790,PAY,+,US,2022-12-17,AFETR,,93.85,53.16,463,462,,,EA,ORB
STARLINK-5425,2022-175AK,54791,PAY,+,US,2022-12-17,AFETR,,93.85,53.16,464,462,,,EA,ORB
STARLINK-5431,2022-175AL,54792,PAY,+,US,2022-12-17,AFETR,,94.01,53.16,472,470,,,EA,ORB
STARLINK-5433,2022-175AM,54793,PAY,+,US,2022-12-17,AFETR,,93.79,53.16,461,459,,,EA,ORB
STARLINK-5436,2022-175AP,54795,PAY,+,US,2022-12-17,AFETR,,93.85,53.16,463,462,,,EA,ORB
STARLINK-5415,2022-175AQ,54796,PAY,+,US,2022-12-17,AFETR,,93.85,53.16,463,462,,,EA,ORB
STARLINK-5435,2022-175AR,54797,PAY,+,US,2022-12-17,AFETR,,93.85,53.16,464,462,,,EA,ORB
STARLINK-5420,2022-175AS,54798,PAY,+,US,2022-12-17,AFETR,,93.79,53.16,461,459,,,EA,ORB
STARLINK-5421,2022-175AT,54799,PAY,+,US,2022-12-17,AFETR,,93.79,53.16,461,459,,,EA,ORB
STARLINK-5428,2022-175AU,54800,PAY,+,US,2022-12-17,AFETR,,94.01,53.16,472,470,,,EA,ORB
STARLINK-5429,2022-175AV,54801,PAY,+,US,2022-12-17,AFETR,,94.01,53.16,472,470,,,EA,ORB
STARLINK-5426,2022-175AW,54802,PAY,+,US,2022-12-17,AFETR,,94.71,53.16,505,504,,,EA,ORB
STARLINK-5430,2022-175AX,54803,PAY,+,US,2022-12-17,AFETR,,93.85,53.16,463,462,,,EA,ORB
STARLINK-5422,2022-175AY,54804,PAY,+,US,2022-12-17,AFETR,,93.85,53.16,464,462,,,EA,ORB
STARLINK-5417,2022-175AZ,54805,PAY,+,US,2022-12-17,AFETR,,95.49,53.16,543,541,,,EA,ORB
STARLINK-5412,2022-175BA,54806,PAY,+,US,2022-12-17,AFETR,,93.90,53.16,466,464,,,EA,ORB
STARLINK-5410,2022-175BB,54807,PAY,+,US,2022-12-17,AFETR,,93.85,53.16,464,462,,,EA,ORB
STARLINK-5413,2022-175BC,54808,PAY,+,US,2022-12-17,AFETR,,94.28,53.16,485,482,,,EA,ORB
STARLINK-5414,2022-175BD,54809,PAY,+,US,2022-12-17,AFETR,,93.85,53.16,464,462,,,EA,ORB
STARLINK-5408,2022-175BE,54810,PAY,+,US,2022-12-17,AFETR,,93.90,53.16,466,464,,,EA,ORB
STARLINK-5424,2022-175BF,54811,PAY,+,US,2022-12-17,AFETR,,93.85,53.16,464,462,,,EA,ORB
STARLINK-5382,2022-177A,54820,PAY,+,US,2022-12-28,AFETR,,94.27,43.00,484,482,,,EA,ORB
STARLINK-5385,2022-177B,54821,PAY,+,US,2022-12-28,AFETR,,94.27,43.00,484,482,,,EA,ORB
STARLINK-5101,2022-177C,54822,PAY,+,US,2022-12-28,AFETR,,94.27,43.00,484,483,,,EA,ORB
STARLINK-5106,2022-177D,54823,PAY,P,US,2022-12-28,AFETR,,94.27,43.00,484,482,,,EA,ORB
STARLINK-4643,2022-177E,54824,PAY,+,US,2022-12-28,AFETR,,94.27,43.00,484,482,,,EA,ORB
STARLINK-5107,2022-177G,54826,PAY,+,US,2022-12-28,AFETR,,94.27,43.00,484,482,,,EA,ORB
STARLINK-5383,2022-177H,54827,PAY,+,US,2022-12-28,AFETR,,94.27,43.00,484,482,,,EA,ORB
STARLINK-5381,2022-177J,54828,PAY,+,US,2022-12-28,AFETR,,94.27,43.00,484,482,,,EA,ORB
STARLINK-5394,2022-177L,54830,PAY,+,US,2022-12-28,AFETR,,94.27,43.00,484,482,,,EA,ORB
STARLINK-5395,2022-177M,54831,PAY,+,US,2022-12-28,AFETR,,94.27,43.00,484,482,,,EA,ORB
STARLINK-5386,2022-177Q,54834,PAY,+,US,2022-12-28,AFETR,,94.27,43.00,484,482,,,EA,ORB
STARLINK-5389,2022-177R,54835,PAY,+,US,2022-12-28,AFETR,,94.27,43.00,484,482,,,EA,ORB
STARLINK-5372,2022-177U,54838,PAY,+,US,2022-12-28,AFETR,,94.27,43.00,484,482,,,EA,ORB
STARLINK-5368,2022-177W,54840,PAY,+,US,2022-12-28,AFETR,,94.27,43.00,484,482,,,EA,ORB
STARLINK-4659,2022-177X,54841,PAY,+,US,2022-12-28,AFETR,,94.27,43.00,484,482,,,EA,ORB
STARLINK-5387,2022-177Y,54842,PAY,+,US,2022-12-28,AFETR,,94.27,43.00,484,483,,,EA,ORB
STARLINK-5304,2022-177Z,54843,PAY,+,US,2022-12-28,AFETR,,94.27,43.00,484,482,,,EA,ORB
STARLINK-5388,2022-177AA,54844,PAY,+,US,2022-12-28,AFETR,,94.27,43.00,484,482,,,EA,ORB
STARLINK-5082,2022-177AB,54845,PAY,+,US,2022-12-28,AFETR,,94.27,43.00,484,482,,,EA,ORB
STARLINK-5360,2022-177AC,54846,PAY,+,US,2022-12-28,AFETR,,94.27,43.00,484,482,,,EA,ORB
STARLINK-5061,2022-177AD,54847,PAY,+,US,2022-12-28,AFETR,,94.27,43.00,484,482,,,EA,ORB
STARLINK-5432,2022-177AE,54848,PAY,+,US,2022-12-28,AFETR,,94.27,43.00,484,482,,,EA,ORB
STARLINK-5087,2022-177AG,54850,PAY,+,US,2022-12-28,AFETR,,94.27,43.00,484,482,,,EA,ORB
STARLINK-5084,2022-177AH,54851,PAY,+,US,2022-12-28,AFETR,,94.27,43.00,484,482,,,EA,ORB
STARLINK-5418,2022-177AJ,54852,PAY,+,US,2022-12-28,AFETR,,94.27,43.00,484,482,,,EA,ORB
STARLINK-5427,2022-177AK,54853,PAY,+,US,2022-12-28,AFETR,,94.27,43.00,484,482,,,EA,ORB
STARLINK-5416,2022-177AM,54855,PAY,+,US,2022-12-28,AFETR,,94.27,43.00,484,482,,,EA,ORB
STARLINK-5086,2022-177AN,54856,PAY,+,US,2022-12-28,AFETR,,94.27,43.00,484,482,,,EA,ORB
STARLINK-5078,2022-177AP,54857,PAY,+,US,2022-12-28,AFETR,,94.27,43.00,484,482,,,EA,ORB
STARLINK-5407,2022-177AQ,54858,PAY,+,US,2022-12-28,AFETR,,94.27,43.00,484,482,,,EA,ORB
STARLINK-5409,2022-177AR,54859,PAY,+,US,2022-12-28,AFETR,,94.27,43.00,484,482,,,EA,ORB
STARLINK-5406,2022-177AS,54860,PAY,+,US,2022-12-28,AFETR,,94.27,43.00,484,482,,,EA,ORB
STARLINK-5400,2022-177AT,54861,PAY,+,US,2022-12-28,AFETR,,94.27,43.00,484,482,,,EA,ORB
STARLINK-5403,2022-177AU,54862,PAY,+,US,2022-12-28,AFETR,,94.27,43.00,484,482,,,EA,ORB
STARLINK-5405,2022-177AV,54863,PAY,+,US,2022-12-28,AFETR,,94.27,43.00,484,482,,,EA,ORB
STARLINK-5359,2022-177AW,54864,PAY,+,US,2022-12-28,AFETR,,94.27,43.00,484,482,,,EA,ORB
STARLINK-5411,2022-177AX,54865,PAY,+,US,2022-12-28,AFETR,,94.27,43.00,484,482,,,EA,ORB
STARLINK-5398,2022-177AY,54866,PAY,+,US,2022-12-28,AFETR,,94.27,43.00,484,482,,,EA,ORB
STARLINK-5396,2022-177AZ,54867,PAY,+,US,2022-12-28,AFETR,,94.27,43.00,484,482,,,EA,ORB
STARLINK-5379,2022-177BA,54868,PAY,+,US,2022-12-28,AFETR,,94.27,43.00,484,482,,,EA,ORB
STARLINK-5402,2022-177BB,54869,PAY,+,US,2022-12-28,AFETR,,94.27,43.00,484,482,,,EA,ORB
STARLINK-5401,2022-177BC,54870,PAY,+,US,2022-12-28,AFETR,,94.27,43.00,484,482,,,EA,ORB
STARLINK-5397,2022-177BD,54871,PAY,+,US,2022-12-28,AFETR,,94.27,43.00,484,482,,,EA,ORB
STARLINK-5091,2022-177BF,54873,PAY,+,US,2022-12-28,AFETR,,94.27,43.00,484,482,,,EA,ORB
STARLINK-5277,2023-010A,55269,PAY,+,US,2023-01-19,AFWTR,,96.11,70.00,575,570,,,EA,ORB
STARLINK-5306,2023-010C,55271,PAY,+,US,2023-01-19,AFWTR,,96.11,70.00,575,569,,,EA,ORB
STARLINK-5310,2023-010D,55272,PAY,+,US,2023-01-19,AFWTR,,96.11,70.00,574,570,,,EA,ORB
STARLINK-5291,2023-010E,55273,PAY,+,US,2023-01-19,AFWTR,,96.11,70.00,574,570,,,EA,ORB
STARLINK-5236,2023-010F,55274,PAY,+,US,2023-01-19,AFWTR,,96.11,70.00,575,569,,,EA,ORB
STARLINK-5260,2023-010G,55275,PAY,+,US,2023-01-19,AFWTR,,96.11,70.00,575,570,,,EA,ORB
STARLINK-5261,2023-010H,55276,PAY,+,US,2023-01-19,AFWTR,,96.11,70.00,575,569,,,EA,ORB
STARLINK-5299,2023-010J,55277,PAY,+,US,2023-01-19,AFWTR,,96.11,70.00,574,570,,,EA,ORB
STARLINK-5289,2023-010K,55278,PAY,+,US,2023-01-19,AFWTR,,96.11,70.00,575,569,,,EA,ORB
STARLINK-5331,2023-010M,55280,PAY,+,US,2023-01-19,AFWTR,,96.11,70.00,575,569,,,EA,ORB
STARLINK-5298,2023-010N,55281,PAY,+,US,2023-01-19,AFWTR,,96.11,70.00,575,569,,,EA,ORB
STARLINK-5330,2023-010P,55282,PAY,+,US,2023-01-19,AFWTR,,96.11,70.00,575,569,,,EA,ORB
STARLINK-5317,2023-010Q,55283,PAY,+,US,2023-01-19,AFWTR,,96.11,70.00,575,569,,,EA,ORB
STARLINK-5337,2023-010R,55284,PAY,+,US,2023-01-19,AFWTR,,96.11,70.00,575,570,,,EA,ORB
STARLINK-5332,2023-010S,55285,PAY,+,US,2023-01-19,AFWTR,,96.11,70.00,574,570,,,EA,ORB
STARLINK-5338,2023-010T,55286,PAY,+,US,2023-01-19,AFWTR,,96.11,70.00,575,569,,,EA,ORB
STARLINK-5341,2023-010U,55287,PAY,+,US,2023-01-19,AFWTR,,96.10,70.00,574,570,,,EA,ORB
STARLINK-5311,2023-010V,55288,PAY,+,US,2023-01-19,AFWTR,,96.11,70.00,575,569,,,EA,ORB
STARLINK-5320,2023-010W,55289,PAY,+,US,2023-01-19,AFWTR,,96.11,70.00,575,570,,,EA,ORB
STARLINK-5266,2023-010X,55290,PAY,+,US,2023-01-19,AFWTR,,96.11,70.00,575,569,,,EA,ORB
STARLINK-5327,2023-010Y,55291,PAY,+,US,2023-01-19,AFWTR,,96.11,70.00,574,570,,,EA,ORB
STARLINK-5325,2023-010Z,55292,PAY,+,US,2023-01-19,AFWTR,,96.11,70.00,574,570,,,EA,ORB
STARLINK-5287,2023-010AA,55293,PAY,+,US,2023-01-19,AFWTR,,96.11,70.00,574,570,,,EA,ORB
STARLINK-5286,2023-010AB,55294,PAY,+,US,2023-01-19,AFWTR,,96.11,70.00,575,569,,,EA,ORB
STARLINK-5293,2023-010AC,55295,PAY,+,US,2023-01-19,AFWTR,,96.11,70.00,574,570,,,EA,ORB
STARLINK-5285,2023-010AD,55296,PAY,+,US,2023-01-19,AFWTR,,96.11,70.00,575,569,,,EA,ORB
STARLINK-5284,2023-010AE,55297,PAY,+,US,2023-01-19,AFWTR,,96.11,70.00,574,570,,,EA,ORB
STARLINK-5270,2023-010AG,55299,PAY,+,US,2023-01-19,AFWTR,,96.11,70.00,575,570,,,EA,ORB
STARLINK-5308,2023-010AH,55300,PAY,+,US,2023-01-19,AFWTR,,96.11,70.00,575,570,,,EA,ORB
STARLINK-5321,2023-010AK,55302,PAY,+,US,2023-01-19,AFWTR,,96.11,70.00,575,570,,,EA,ORB
STARLINK-5322,2023-010AL,55303,PAY,+,US,2023-01-19,AFWTR,,96.11,70.00,574,570,,,EA,ORB
STARLINK-5318,2023-010AM,55304,PAY,+,US,2023-01-19,AFWTR,,96.11,70.00,575,570,,,EA,ORB
STARLINK-5316,2023-010AN,55305,PAY,+,US,2023-01-19,AFWTR,,96.11,70.00,575,570,,,EA,ORB
STARLINK-5295,2023-010AP,55306,PAY,+,US,2023-01-19,AFWTR,,96.11,70.00,575,569,,,EA,ORB
STARLINK-5288,2023-010AQ,55307,PAY,+,US,2023-01-19,AFWTR,,96.11,70.00,575,569,,,EA,ORB
STARLINK-5315,2023-010AS,55309,PAY,+,US,2023-01-19,AFWTR,,96.11,70.00,575,570,,,EA,ORB
STARLINK-5309,2023-010AT,55310,PAY,+,US,2023-01-19,AFWTR,,96.11,70.00,575,570,,,EA,ORB
STARLINK-5312,2023-010AU,55311,PAY,+,US,2023-01-19,AFWTR,,96.11,70.00,574,570,,,EA,ORB
STARLINK-5296,2023-010AV,55312,PAY,+,US,2023-01-19,AFWTR,,96.11,70.00,575,570,,,EA,ORB
STARLINK-5313,2023-010AW,55313,PAY,+,US,2023-01-19,AFWTR,,96.11,70.00,575,569,,,EA,ORB
STARLINK-5305,2023-010AX,55314,PAY,+,US,2023-01-19,AFWTR,,95.83,70.00,560,558,,,EA,ORB
STARLINK-4623,2023-010AY,55315,PAY,+,US,2023-01-19,AFWTR,,96.11,70.00,575,569,,,EA,ORB
STARLINK-5257,2023-010AZ,55316,PAY,+,US,2023-01-19,AFWTR,,96.11,70.00,575,569,,,EA,ORB
STARLINK-5265,2023-010BA,55317,PAY,+,US,2023-01-19,AFWTR,,95.77,70.00,558,554,,,EA,ORB
STARLINK-5180,2023-010BB,55318,PAY,+,US,2023-01-19,AFWTR,,96.11,70.00,575,570,,,EA,ORB
STARLINK-5196,2023-010BC,55319,PAY,+,US,2023-01-19,AFWTR,,96.11,70.00,575,569,,,EA,ORB
STARLINK-5492,2023-013A,55331,PAY,+,US,2023-01-26,AFETR,,94.27,43.00,484,482,,,EA,ORB
STARLINK-5491,2023-013B,55332,PAY,+,US,2023-01-26,AFETR,,94.27,43.00,484,482,,,EA,ORB
STARLINK-5493,2023-013C,55333,PAY,+,US,2023-01-26,AFETR,,94.27,43.00,484,482,,,EA,ORB
STARLINK-5652,2023-013D,55334,PAY,+,US,2023-01-26,AFETR,,94.27,43.00,484,482,,,EA,ORB
STARLINK-5660,2023-013E,55335,PAY,+,US,2023-01-26,AFETR,,94.27,43.00,484,482,,,EA,ORB
STARLINK-5655,2023-013F,55336,PAY,+,US,2023-01-26,AFETR,,94.27,43.00,484,482,,,EA,ORB
STARLINK-5667,2023-013G,55337,PAY,+,US,2023-01-26,AFETR,,94.27,43.00,484,482,,,EA,ORB
STARLINK-5658,2023-013H,55338,PAY,+,US,2023-01-26,AFETR,,94.27,43.00,484,482,,,EA,ORB
STARLINK-5671,2023-013J,55339,PAY,+,US,2023-01-26,AFETR,,94.27,43.00,484,482,,,EA,ORB
STARLINK-5675,2023-013K,55340,PAY,+,US,2023-01-26,AFETR,,94.27,43.00,484,482,,,EA,ORB
STARLINK-5670,2023-013L,55341,PAY,+,US,2023-01-26,AFETR,,94.27,43.00,484,482,,,EA,ORB
STARLINK-5657,2023-013M,55342,PAY,+,US,2023-01-26,AFETR,,94.27,43.00,484,482,,,EA,ORB
STARLINK-5661,2023-013N,55343,PAY,+,US,2023-01-26,AFETR,,94.27,43.01,484,482,,,EA,ORB
STARLINK-5653,2023-013Q,55345,PAY,+,US,2023-01-26,AFETR,,94.27,43.00,484,482,,,EA,ORB
STARLINK-5631,2023-013R,55346,PAY,+,US,2023-01-26,AFETR,,94.27,43.01,484,482,,,EA,ORB
STARLINK-5663,2023-013S,55347,PAY,+,US,2023-01-26,AFETR,,94.27,43.01,485,481,,,EA,ORB
STARLINK-5609,2023-013T,55348,PAY,+,US,2023-01-26,AFETR,,94.27,43.00,484,482,,,EA,ORB
STARLINK-5666,2023-013U,55349,PAY,+,US,2023-01-26,AFETR,,94.27,43.00,484,482,,,EA,ORB
STARLINK-5668,2023-013V,55350,PAY,+,US,2023-01-26,AFETR,,94.27,43.00,484,482,,,EA,ORB
STARLINK-5659,2023-013W,55351,PAY,+,US,2023-01-26,AFETR,,94.27,43.00,484,482,,,EA,ORB
STARLINK-5547,2023-013X,55352,PAY,+,US,2023-01-26,AFETR,,94.27,43.00,484,482,,,EA,ORB
STARLINK-5608,2023-013Y,55353,PAY,+,US,2023-01-26,AFETR,,94.27,43.00,484,482,,,EA,ORB
STARLINK-5649,2023-013Z,55354,PAY,+,US,2023-01-26,AFETR,,94.27,43.00,484,482,,,EA,ORB
STARLINK-5647,2023-013AA,55355,PAY,+,US,2023-01-26,AFETR,,94.27,43.00,484,482,,,EA,ORB
STARLINK-5651,2023-013AC,55357,PAY,+,US,2023-01-26,AFETR,,94.27,43.00,484,482,,,EA,ORB
STARLINK-5622,2023-013AD,55358,PAY,+,US,2023-01-26,AFETR,,94.27,43.00,484,482,,,EA,ORB
STARLINK-5641,2023-013AE,55359,PAY,+,US,2023-01-26,AFETR,,94.27,43.00,484,482,,,EA,ORB
STARLINK-5664,2023-013AF,55360,PAY,+,US,2023-01-26,AFETR,,94.27,43.00,484,482,,,EA,ORB
STARLINK-5665,2023-013AG,55361,PAY,+,US,2023-01-26,AFETR,,94.27,43.00,484,482,,,EA,ORB
STARLINK-5574,2023-013AH,55362,PAY,+,US,2023-01-26,AFETR,,94.27,43.00,484,482,,,EA,ORB
STARLINK-5627,2023-013AK,55364,PAY,+,US,2023-01-26,AFETR,,94.27,43.00,484,482,,,EA,ORB
STARLINK-5639,2023-013AL,55365,PAY,+,US,2023-01-26,AFETR,,94.27,43.00,484,482,,,EA,ORB
STARLINK-5654,2023-013AM,55366,PAY,+,US,2023-01-26,AFETR,,94.27,43.00,484,482,,,EA,ORB
STARLINK-5635,2023-013AN,55367,PAY,+,US,2023-01-26,AFETR,,94.27,43.00,484,482,,,EA,ORB
STARLINK-5625,2023-013AP,55368,PAY,+,US,2023-01-26,AFETR,,94.27,43.00,484,482,,,EA,ORB
STARLINK-5644,2023-013AQ,55369,PAY,+,US,2023-01-26,AFETR,,94.27,43.00,484,482,,,EA,ORB
STARLINK-5027,2023-013AR,55370,PAY,+,US,2023-01-26,AFETR,,94.27,43.00,484,482,,,EA,ORB
STARLINK-5590,2023-013AS,55371,PAY,+,US,2023-01-26,AFETR,,94.27,43.00,484,482,,,EA,ORB
STARLINK-5568,2023-013AT,55372,PAY,+,US,2023-01-26,AFETR,,94.27,43.00,484,482,,,EA,ORB
STARLINK-5581,2023-013AU,55373,PAY,+,US,2023-01-26,AFETR,,94.27,43.01,484,482,,,EA,ORB
STARLINK-5578,2023-013AV,55374,PAY,+,US,2023-01-26,AFETR,,94.27,43.01,484,482,,,EA,ORB
STARLINK-5588,2023-013AW,55375,PAY,+,US,2023-01-26,AFETR,,94.27,43.00,484,482,,,EA,ORB
STARLINK-5586,2023-013AX,55376,PAY,+,US,2023-01-26,AFETR,,94.27,43.00,484,482,,,EA,ORB
STARLINK-5567,2023-013AY,55377,PAY,+,US,2023-01-26,AFETR,,94.27,43.00,484,482,,,EA,ORB
STARLINK-5572,2023-013AZ,55378,PAY,+,US,2023-01-26,AFETR,,94.27,43.00,484,482,,,EA,ORB
STARLINK-5569,2023-013BA,55379,PAY,+,US,2023-01-26,AFETR,,94.27,43.01,485,481,,,EA,ORB
STARLINK-5571,2023-013BB,55380,PAY,+,US,2023-01-26,AFETR,,94.27,43.00,484,482,,,EA,ORB
STARLINK-5575,2023-013BC,55381,PAY,+,US,2023-01-26,AFETR,,94.27,43.00,484,482,,,EA,ORB
STARLINK-5576,2023-013BD,55382,PAY,+,US,2023-01-26,AFETR,,94.27,43.01,484,482,,,EA,ORB
STARLINK-5531,2023-013BE,55383,PAY,+,US,2023-01-26,AFETR,,94.27,43.00,484,482,,,EA,ORB
STARLINK-5537,2023-013BF,55384,PAY,+,US,2023-01-26,AFETR,,94.27,43.01,484,482,,,EA,ORB
STARLINK-5556,2023-013BG,55385,PAY,+,US,2023-01-26,AFETR,,94.27,43.01,484,482,,,EA,ORB
STARLINK-5555,2023-013BH,55386,PAY,+,US,2023-01-26,AFETR,,94.27,43.00,484,482,,,EA,ORB
STARLINK-5085,2023-014B,55392,PAY,+,US,2023-01-31,AFWTR,,96.11,70.00,575,570,,,EA,ORB
STARLINK-4786,2023-014C,55393,PAY,+,US,2023-01-31,AFWTR,,96.11,70.00,574,570,,,EA,ORB
STARLINK-5274,2023-014E,55395,PAY,+,US,2023-01-31,AFWTR,,96.11,70.00,575,570,,,EA,ORB
STARLINK-5283,2023-014F,55396,PAY,+,US,2023-01-31,AFWTR,,96.11,70.00,574,570,,,EA,ORB
STARLINK-5224,2023-014G,55397,PAY,+,US,2023-01-31,AFWTR,,96.09,70.00,573,569,,,EA,ORB
STARLINK-5275,2023-014H,55398,PAY,+,US,2023-01-31,AFWTR,,96.11,70.00,575,570,,,EA,ORB
STARLINK-5276,2023-014J,55399,PAY,+,US,2023-01-31,AFWTR,,96.11,70.00,575,570,,,EA,ORB
STARLINK-5632,2023-014K,55400,PAY,+,US,2023-01-31,AFWTR,,96.11,70.00,575,569,,,EA,ORB
STARLINK-5076,2023-014L,55401,PAY,+,US,2023-01-31,AFWTR,,96.11,70.00,575,570,,,EA,ORB
STARLINK-5071,2023-014M,55402,PAY,+,US,2023-01-31,AFWTR,,96.11,70.00,575,570,,,EA,ORB
STARLINK-5597,2023-014N,55403,PAY,+,US,2023-01-31,AFWTR,,96.11,70.00,574,570,,,EA,ORB
STARLINK-5607,2023-014P,55404,PAY,+,US,2023-01-31,AFWTR,,96.11,70.00,575,570,,,EA,ORB
STARLINK-5623,2023-014Q,55405,PAY,+,US,2023-01-31,AFWTR,,96.11,70.00,574,570,,,EA,ORB
STARLINK-5630,2023-014R,55406,PAY,+,US,2023-01-31,AFWTR,,96.11,70.00,575,569,,,EA,ORB
STARLINK-5019,2023-014S,55407,PAY,+,US,2023-01-31,AFWTR,,96.11,70.00,575,570,,,EA,ORB
STARLINK-5633,2023-014V,55410,PAY,+,US,2023-01-31,AFWTR,,96.11,70.00,574,570,,,EA,ORB
STARLINK-5605,2023-014W,55411,PAY,+,US,2023-01-31,AFWTR,,96.11,70.00,574,570,,,EA,ORB
STARLINK-5060,2023-014Y,55413,PAY,+,US,2023-01-31,AFWTR,,96.11,70.00,574,570,,,EA,ORB
STARLINK-5620,2023-014Z,55414,PAY,+,US,2023-01-31,AFWTR,,96.11,70.00,574,570,,,EA,ORB
STARLINK-5624,2023-014AB,55416,PAY,+,US,2023-01-31,AFWTR,,96.11,70.00,574,570,,,EA,ORB
STARLINK-5030,2023-014AD,55418,PAY,+,US,2023-01-31,AFWTR,,96.11,70.00,574,570,,,EA,ORB
STARLINK-5629,2023-014AE,55419,PAY,+,US,2023-01-31,AFWTR,,96.11,70.00,574,570,,,EA,ORB
STARLINK-5604,2023-014AF,55420,PAY,+,US,2023-01-31,AFWTR,,96.11,70.00,575,569,,,EA,ORB
STARLINK-5598,2023-014AG,55421,PAY,+,US,2023-01-31,AFWTR,,96.11,70.00,574,570,,,EA,ORB
STARLINK-5006,2023-014AH,55422,PAY,+,US,2023-01-31,AFWTR,,96.11,70.00,574,570,,,EA,ORB
STARLINK-5068,2023-014AJ,55423,PAY,+,US,2023-01-31,AFWTR,,96.11,70.00,574,570,,,EA,ORB
STARLINK-5615,2023-014AL,55425,PAY,+,US,2023-01-31,AFWTR,,96.11,70.00,574,570,,,EA,ORB
STARLINK-5638,2023-014AM,55426,PAY,+,US,2023-01-31,AFWTR,,96.11,70.00,574,570,,,EA,ORB
STARLINK-5064,2023-014AP,55428,PAY,+,US,2023-01-31,AFWTR,,96.11,70.00,574,570,,,EA,ORB
STARLINK-5645,2023-014AQ,55429,PAY,+,US,2023-01-31,AFWTR,,96.11,70.00,575,569,,,EA,ORB
STARLINK-5642,2023-014AR,55430,PAY,+,US,2023-01-31,AFWTR,,96.11,70.00,575,570,,,EA,ORB
STARLINK-5643,2023-014AS,55431,PAY,+,US,2023-01-31,AFWTR,,96.10,70.00,575,569,,,EA,ORB
STARLINK-5637,2023-014AT,55432,PAY,+,US,2023-01-31,AFWTR,,96.11,70.00,574,570,,,EA,ORB
STARLINK-5570,2023-014AU,55433,PAY,+,US,2023-01-31,AFWTR,,96.11,70.00,574,570,,,EA,ORB
STARLINK-5621,2023-014AV,55434,PAY,+,US,2023-01-31,AFWTR,,96.11,70.00,574,570,,,EA,ORB
STARLINK-5626,2023-014AW,55435,PAY,+,US,2023-01-31,AFWTR,,96.11,70.00,574,570,,,EA,ORB
STARLINK-5640,2023-014AX,55436,PAY,+,US,2023-01-31,AFWTR,,96.11,70.00,574,570,,,EA,ORB
STARLINK-5074,2023-014AZ,55438,PAY,+,US,2023-01-31,AFWTR,,96.11,70.00,575,569,,,EA,ORB
STARLINK-5634,2023-014BA,55439,PAY,+,US,2023-01-31,AFWTR,,96.11,70.00,574,570,,,EA,ORB
STARLINK-5699,2023-015A,55449,PAY,+,US,2023-02-02,AFETR,,94.27,43.01,484,482,,,EA,ORB
STARLINK-5686,2023-015B,55450,PAY,+,US,2023-02-02,AFETR,,94.27,43.01,484,482,,,EA,ORB
STARLINK-5656,2023-015C,55451,PAY,+,US,2023-02-02,AFETR,,94.27,43.01,484,482,,,EA,ORB
STARLINK-5683,2023-015D,55452,PAY,+,US,2023-02-02,AFETR,,94.27,43.01,484,482,,,EA,ORB
STARLINK-5684,2023-015E,55453,PAY,+,US,2023-02-02,AFETR,,94.27,43.00,484,482,,,EA,ORB
STARLINK-5636,2023-015F,55454,PAY,+,US,2023-02-02,AFETR,,94.27,43.00,484,482,,,EA,ORB
STARLINK-5680,2023-015G,55455,PAY,+,US,2023-02-02,AFETR,,94.27,43.00,484,482,,,EA,ORB
STARLINK-5058,2023-015H,55456,PAY,+,US,2023-02-02,AFETR,,94.27,43.00,484,482,,,EA,ORB
STARLINK-5682,2023-015J,55457,PAY,+,US,2023-02-02,AFETR,,94.27,43.00,484,482,,,EA,ORB
STARLINK-5020,2023-015K,55458,PAY,+,US,2023-02-02,AFETR,,94.27,43.00,484,482,,,EA,ORB
STARLINK-5669,2023-015L,55459,PAY,+,US,2023-02-02,AFETR,,94.27,43.00,484,482,,,EA,ORB
STARLINK-5678,2023-015M,55460,PAY,+,US,2023-02-02,AFETR,,94.27,43.00,484,482,,,EA,ORB
STARLINK-5646,2023-015N,55461,PAY,+,US,2023-02-02,AFETR,,94.27,43.00,484,482,,,EA,ORB
STARLINK-5673,2023-015P,55462,PAY,+,US,2023-02-02,AFETR,,94.27,43.00,484,482,,,EA,ORB
STARLINK-5677,2023-015Q,55463,PAY,+,US,2023-02-02,AFETR,,94.66,43.00,508,496,,,EA,ORB
STARLINK-5676,2023-015R,55464,PAY,+,US,2023-02-02,AFETR,,94.27,43.00,484,482,,,EA,ORB
STARLINK-5674,2023-015S,55465,PAY,+,US,2023-02-02,AFETR,,94.27,43.00,484,482,,,EA,ORB
STARLINK-5628,2023-015T,55466,PAY,+,US,2023-02-02,AFETR,,94.27,43.01,484,482,,,EA,ORB
STARLINK-5679,2023-015U,55467,PAY,+,US,2023-02-02,AFETR,,94.27,43.00,484,482,,,EA,ORB
STARLINK-5672,2023-015V,55468,PAY,+,US,2023-02-02,AFETR,,94.27,43.01,484,482,,,EA,ORB
STARLINK-5681,2023-015W,55469,PAY,+,US,2023-02-02,AFETR,,94.27,43.00,484,482,,,EA,ORB
STARLINK-5708,2023-015X,55470,PAY,+,US,2023-02-02,AFETR,,94.27,43.01,484,482,,,EA,ORB
STARLINK-5711,2023-015Y,55471,PAY,+,US,2023-02-02,AFETR,,94.27,43.00,484,482,,,EA,ORB
STARLINK-5705,2023-015Z,55472,PAY,+,US,2023-02-02,AFETR,,94.27,43.01,484,482,,,EA,ORB
STARLINK-5689,2023-015AB,55474,PAY,+,US,2023-02-02,AFETR,,94.27,43.01,484,482,,,EA,ORB
STARLINK-5650,2023-015AC,55475,PAY,+,US,2023-02-02,AFETR,,94.27,43.00,484,482,,,EA,ORB
STARLINK-5685,2023-015AE,55477,PAY,+,US,2023-02-02,AFETR,,94.27,43.00,484,482,,,EA,ORB
STARLINK-5691,2023-015AF,55478,PAY,+,US,2023-02-02,AFETR,,94.27,43.00,484,482,,,EA,ORB
STARLINK-5688,2023-015AG,55479,PAY,+,US,2023-02-02,AFETR,,94.27,43.00,484,482,,,EA,ORB
STARLINK-5690,2023-015AH,55480,PAY,+,US,2023-02-02,AFETR,,94.27,43.00,484,482,,,EA,ORB
STARLINK-5694,2023-015AJ,55481,PAY,+,US,2023-02-02,AFETR,,94.27,43.01,484,482,,,EA,ORB
STARLINK-5692,2023-015AL,55483,PAY,+,US,2023-02-02,AFETR,,94.27,43.00,484,482,,,EA,ORB
STARLINK-5696,2023-015AM,55484,PAY,+,US,2023-02-02,AFETR,,94.27,43.00,484,482,,,EA,ORB
STARLINK-5695,2023-015AN,55485,PAY,+,US,2023-02-02,AFETR,,94.27,43.01,484,482,,,EA,ORB
STARLINK-5704,2023-015AP,55486,PAY,+,US,2023-02-02,AFETR,,93.13,43.00,429,427,,,EA,ORB
STARLINK-5701,2023-015AQ,55487,PAY,+,US,2023-02-02,AFETR,,93.45,43.01,445,442,,,EA,ORB
STARLINK-5706,2023-015AR,55488,PAY,+,US,2023-02-02,AFETR,,94.27,43.00,484,482,,,EA,ORB
STARLINK-5371,2023-015AS,55489,PAY,+,US,2023-02-02,AFETR,,94.27,43.01,484,482,,,EA,ORB
STARLINK-5373,2023-015AT,55490,PAY,+,US,2023-02-02,AFETR,,94.27,43.00,484,482,,,EA,ORB
STARLINK-5364,2023-015AU,55491,PAY,+,US,2023-02-02,AFETR,,94.27,43.00,484,482,,,EA,ORB
STARLINK-5013,2023-015AV,55492,PAY,+,US,2023-02-02,AFETR,,94.27,43.00,484,482,,,EA,ORB
STARLINK-5362,2023-015AW,55493,PAY,+,US,2023-02-02,AFETR,,94.27,43.00,484,482,,,EA,ORB
STARLINK-5344,2023-015AX,55494,PAY,+,US,2023-02-02,AFETR,,94.27,43.00,484,482,,,EA,ORB
STARLINK-5100,2023-015AY,55495,PAY,+,US,2023-02-02,AFETR,,94.27,43.00,484,482,,,EA,ORB
STARLINK-5363,2023-015BA,55497,PAY,+,US,2023-02-02,AFETR,,94.27,43.01,484,482,,,EA,ORB
STARLINK-5365,2023-015BB,55498,PAY,+,US,2023-02-02,AFETR,,94.27,43.01,485,482,,,EA,ORB
STARLINK-5366,2023-015BC,55499,PAY,+,US,2023-02-02,AFETR,,94.27,43.00,484,482,,,EA,ORB
STARLINK-5141,2023-015BD,55500,PAY,+,US,2023-02-02,AFETR,,94.27,43.01,484,482,,,EA,ORB
STARLINK-5367,2023-015BE,55501,PAY,+,US,2023-02-02,AFETR,,94.27,43.00,484,482,,,EA,ORB
STARLINK-5749,2023-020A,55569,PAY,+,US,2023-02-12,AFETR,,94.27,43.00,485,481,,,EA,ORB
STARLINK-5737,2023-020B,55570,PAY,+,US,2023-02-12,AFETR,,94.27,43.00,484,482,,,EA,ORB
STARLINK-5739,2023-020C,55571,PAY,+,US,2023-02-12,AFETR,,94.27,43.01,484,482,,,EA,ORB
STARLINK-5732,2023-020D,55572,PAY,+,US,2023-02-12,AFETR,,94.27,43.00,484,482,,,EA,ORB
STARLINK-5738,2023-020E,55573,PAY,+,US,2023-02-12,AFETR,,94.27,43.00,484,482,,,EA,ORB
STARLINK-5747,2023-020F,55574,PAY,+,US,2023-02-12,AFETR,,94.27,43.00,484,482,,,EA,ORB
STARLINK-5745,2023-020G,55575,PAY,+,US,2023-02-12,AFETR,,94.27,43.01,484,482,,,EA,ORB
STARLINK-5751,2023-020H,55576,PAY,+,US,2023-02-12,AFETR,,94.27,43.00,484,482,,,EA,ORB
STARLINK-5752,2023-020J,55577,PAY,+,US,2023-02-12,AFETR,,94.27,43.00,484,482,,,EA,ORB
STARLINK-5754,2023-020L,55579,PAY,+,US,2023-02-12,AFETR,,94.27,43.01,484,482,,,EA,ORB
STARLINK-5757,2023-020M,55580,PAY,+,US,2023-02-12,AFETR,,94.27,43.00,484,482,,,EA,ORB
STARLINK-5753,2023-020N,55581,PAY,+,US,2023-02-12,AFETR,,94.27,43.00,484,482,,,EA,ORB
STARLINK-5741,2023-020P,55582,PAY,P,US,2023-02-12,AFETR,,94.27,43.00,484,482,,,EA,ORB
STARLINK-5742,2023-020Q,55583,PAY,+,US,2023-02-12,AFETR,,94.27,43.00,484,482,,,EA,ORB
STARLINK-5736,2023-020R,55584,PAY,+,US,2023-02-12,AFETR,,94.27,43.00,484,482,,,EA,ORB
STARLINK-5769,2023-020S,55585,PAY,+,US,2023-02-12,AFETR,,94.27,43.00,485,482,,,EA,ORB
STARLINK-5767,2023-020T,55586,PAY,+,US,2023-02-12,AFETR,,94.27,43.00,485,482,,,EA,ORB
STARLINK-5727,2023-020U,55587,PAY,+,US,2023-02-12,AFETR,,94.27,43.00,484,482,,,EA,ORB
STARLINK-5728,2023-020V,55588,PAY,+,US,2023-02-12,AFETR,,94.27,43.00,484,482,,,EA,ORB
STARLINK-5697,2023-020W,55589,PAY,+,US,2023-02-12,AFETR,,94.27,43.01,484,482,,,EA,ORB
STARLINK-5762,2023-020X,55590,PAY,+,US,2023-02-12,AFETR,,94.27,43.01,484,482,,,EA,ORB
STARLINK-5760,2023-020Y,55591,PAY,+,US,2023-02-12,AFETR,,94.27,43.00,484,482,,,EA,ORB
STARLINK-5759,2023-020Z,55592,PAY,+,US,2023-02-12,AFETR,,94.27,43.00,484,482,,,EA,ORB
STARLINK-5703,2023-020AA,55593,PAY,+,US,2023-02-12,AFETR,,94.27,43.00,484,482,,,EA,ORB
STARLINK-5750,2023-020AB,55594,PAY,+,US,2023-02-12,AFETR,,94.27,43.01,484,482,,,EA,ORB
STARLINK-5729,2023-020AD,55596,PAY,+,US,2023-02-12,AFETR,,94.27,43.00,484,482,,,EA,ORB
STARLINK-5743,2023-020AE,55597,PAY,+,US,2023-02-12,AFETR,,94.27,43.00,484,482,,,EA,ORB
STARLINK-5756,2023-020AF,55598,PAY,P,US,2023-02-12,AFETR,,94.27,43.01,484,482,,,EA,ORB
STARLINK-5761,2023-020AG,55599,PAY,+,US,2023-02-12,AFETR,,94.27,43.01,484,482,,,EA,ORB
STARLINK-5755,2023-020AH,55600,PAY,+,US,2023-02-12,AFETR,,94.27,43.00,484,482,,,EA,ORB
STARLINK-5744,2023-020AJ,55601,PAY,+,US,2023-02-12,AFETR,,94.27,43.00,484,482,,,EA,ORB
STARLINK-5764,2023-020AK,55602,PAY,+,US,2023-02-12,AFETR,,94.27,43.01,484,482,,,EA,ORB
STARLINK-5735,2023-020AL,55603,PAY,+,US,2023-02-12,AFETR,,94.27,43.00,484,482,,,EA,ORB
STARLINK-5748,2023-020AM,55604,PAY,+,US,2023-02-12,AFETR,,94.27,43.00,484,482,,,EA,ORB
STARLINK-5725,2023-020AN,55605,PAY,+,US,2023-02-12,AFETR,,94.27,43.01,484,482,,,EA,ORB
STARLINK-5700,2023-020AQ,55607,PAY,+,US,2023-02-12,AFETR,,94.27,43.01,484,482,,,EA,ORB
STARLINK-5726,2023-020AR,55608,PAY,+,US,2023-02-12,AFETR,,94.27,43.01,485,482,,,EA,ORB
STARLINK-5719,2023-020AS,55609,PAY,+,US,2023-02-12,AFETR,,94.27,43.01,484,482,,,EA,ORB
STARLINK-5722,2023-020AT,55610,PAY,+,US,2023-02-12,AFETR,,94.27,43.00,484,482,,,EA,ORB
STARLINK-5730,2023-020AU,55611,PAY,+,US,2023-02-12,AFETR,,94.27,43.00,484,482,,,EA,ORB
STARLINK-5734,2023-020AV,55612,PAY,+,US,2023-02-12,AFETR,,94.27,43.00,484,482,,,EA,ORB
STARLINK-5714,2023-020AX,55614,PAY,+,US,2023-02-12,AFETR,,94.27,43.00,484,482,,,EA,ORB
STARLINK-5712,2023-020AY,55615,PAY,+,US,2023-02-12,AFETR,,94.27,43.00,485,481,,,EA,ORB
STARLINK-5710,2023-020AZ,55616,PAY,+,US,2023-02-12,AFETR,,94.27,43.00,484,482,,,EA,ORB
STARLINK-5721,2023-020BA,55617,PAY,+,US,2023-02-12,AFETR,,94.27,43.00,484,482,,,EA,ORB
STARLINK-5717,2023-020BB,55618,PAY,+,US,2023-02-12,AFETR,,94.27,43.00,484,482,,,EA,ORB
STARLINK-5720,2023-020BC,55619,PAY,+,US,2023-02-12,AFETR,,94.27,43.00,484,482,,,EA,ORB
STARLINK-5718,2023-020BD,55620,PAY,+,US,2023-02-12,AFETR,,94.27,43.01,484,482,,,EA,ORB
STARLINK-5709,2023-020BE,55621,PAY,+,US,2023-02-12,AFETR,,94.27,43.00,484,482,,,EA,ORB
STARLINK-5702,2023-020BF,55622,PAY,+,US,2023-02-12,AFETR,,94.27,43.01,484,482,,,EA,ORB
STARLINK-5698,2023-020BG,55623,PAY,+,US,2023-02-12,AFETR,,94.27,43.01,484,482,,,EA,ORB
STARLINK-5484,2023-021A,55628,PAY,+,US,2023-02-17,AFWTR,,96.11,70.00,574,570,,,EA,ORB
STARLINK-5497,2023-021B,55629,PAY,+,US,2023-02-17,AFWTR,,96.11,70.00,574,570,,,EA,ORB
STARLINK-5303,2023-021C,55630,PAY,+,US,2023-02-17,AFWTR,,96.11,70.00,574,570,,,EA,ORB
STARLINK-5558,2023-021D,55631,PAY,+,US,2023-02-17,AFWTR,,96.11,70.00,574,570,,,EA,ORB
STARLINK-5546,2023-021E,55632,PAY,+,US,2023-02-17,AFWTR,,96.11,70.00,574,570,,,EA,ORB
STARLINK-5498,2023-021F,55633,PAY,+,US,2023-02-17,AFWTR,,96.11,70.00,574,570,,,EA,ORB
STARLINK-5500,2023-021G,55634,PAY,+,US,2023-02-17,AFWTR,,96.11,70.00,574,570,,,EA,ORB
STARLINK-5495,2023-021H,55635,PAY,+,US,2023-02-17,AFWTR,,96.11,70.00,574,570,,,EA,ORB
STARLINK-5218,2023-021J,55636,PAY,+,US,2023-02-17,AFWTR,,96.11,70.00,574,570,,,EA,ORB
STARLINK-5062,2023-021K,55637,PAY,+,US,2023-02-17,AFWTR,,96.11,70.00,574,570,,,EA,ORB
STARLINK-5507,2023-021L,55638,PAY,+,US,2023-02-17,AFWTR,,96.11,70.00,574,570,,,EA,ORB
STARLINK-5508,2023-021M,55639,PAY,+,US,2023-02-17,AFWTR,,96.11,70.00,574,570,,,EA,ORB
STARLINK-5069,2023-021N,55640,PAY,+,US,2023-02-17,AFWTR,,96.11,70.00,574,570,,,EA,ORB
STARLINK-5065,2023-021P,55641,PAY,+,US,2023-02-17,AFWTR,,96.11,70.00,574,570,,,EA,ORB
STARLINK-5483,2023-021R,55643,PAY,+,US,2023-02-17,AFWTR,,96.11,70.00,574,570,,,EA,ORB
STARLINK-5502,2023-021S,55644,PAY,+,US,2023-02-17,AFWTR,,96.11,70.00,574,570,,,EA,ORB
STARLINK-5510,2023-021V,55647,PAY,+,US,2023-02-17,AFWTR,,96.11,70.00,574,570,,,EA,ORB
STARLINK-5501,2023-021W,55648,PAY,+,US,2023-02-17,AFWTR,,96.11,70.00,574,570,,,EA,ORB
STARLINK-5469,2023-021X,55649,PAY,+,US,2023-02-17,AFWTR,,96.11,70.00,574,570,,,EA,ORB
STARLINK-5494,2023-021Y,55650,PAY,+,US,2023-02-17,AFWTR,,96.11,70.00,574,570,,,EA,ORB
STARLINK-5506,2023-021Z,55651,PAY,+,US,2023-02-17,AFWTR,,96.11,70.00,574,570,,,EA,ORB
STARLINK-5487,2023-021AA,55652,PAY,+,US,2023-02-17,AFWTR,,96.11,70.00,574,570,,,EA,ORB
STARLINK-5067,2023-021AB,55653,PAY,+,US,2023-02-17,AFWTR,,96.11,70.00,574,570,,,EA,ORB
STARLINK-5070,2023-021AC,55654,PAY,+,US,2023-02-17,AFWTR,,96.11,70.00,574,570,,,EA,ORB
STARLINK-5267,2023-021AD,55655,PAY,+,US,2023-02-17,AFWTR,,96.11,70.00,574,570,,,EA,ORB
STARLINK-5328,2023-021AF,55657,PAY,+,US,2023-02-17,AFWTR,,96.11,70.00,574,570,,,EA,ORB
STARLINK-5307,2023-021AG,55658,PAY,+,US,2023-02-17,AFWTR,,96.11,70.00,574,570,,,EA,ORB
STARLINK-5477,2023-021AH,55659,PAY,+,US,2023-02-17,AFWTR,,96.11,70.00,574,570,,,EA,ORB
STARLINK-5467,2023-021AJ,55660,PAY,+,US,2023-02-17,AFWTR,,96.11,70.00,574,570,,,EA,ORB
STARLINK-5475,2023-021AK,55661,PAY,+,US,2023-02-17,AFWTR,,96.11,70.00,574,570,,,EA,ORB
STARLINK-5479,2023-021AL,55662,PAY,+,US,2023-02-17,AFWTR,,96.16,70.00,576,572,,,EA,ORB
STARLINK-5473,2023-021AM,55663,PAY,+,US,2023-02-17,AFWTR,,96.11,70.00,574,570,,,EA,ORB
STARLINK-5480,2023-021AN,55664,PAY,+,US,2023-02-17,AFWTR,,96.11,70.00,574,570,,,EA,ORB
STARLINK-5474,2023-021AP,55665,PAY,+,US,2023-02-17,AFWTR,,96.11,70.00,574,570,,,EA,ORB
STARLINK-5456,2023-021AR,55667,PAY,+,US,2023-02-17,AFWTR,,96.11,70.00,574,570,,,EA,ORB
STARLINK-5455,2023-021AS,55668,PAY,+,US,2023-02-17,AFWTR,,96.11,70.00,574,570,,,EA,ORB
STARLINK-5459,2023-021AT,55669,PAY,+,US,2023-02-17,AFWTR,,96.11,70.00,574,570,,,EA,ORB
STARLINK-5423,2023-021AU,55670,PAY,+,US,2023-02-17,AFWTR,,96.11,70.00,574,570,,,EA,ORB
STARLINK-5460,2023-021AV,55671,PAY,+,US,2023-02-17,AFWTR,,96.11,70.00,574,570,,,EA,ORB
STARLINK-5463,2023-021AX,55673,PAY,+,US,2023-02-17,AFWTR,,96.11,70.00,574,570,,,EA,ORB
STARLINK-5462,2023-021AY,55674,PAY,+,US,2023-02-17,AFWTR,,96.11,70.00,574,571,,,EA,ORB
STARLINK-5232,2023-021AZ,55675,PAY,+,US,2023-02-17,AFWTR,,96.11,70.00,574,570,,,EA,ORB
STARLINK-5300,2023-021BA,55676,PAY,+,US,2023-02-17,AFWTR,,96.11,70.00,574,570,,,EA,ORB
STARLINK-5324,2023-021BB,55677,PAY,+,US,2023-02-17,AFWTR,,96.11,70.00,574,570,,,EA,ORB
STARLINK-5592,2023-028A,55741,PAY,+,US,2023-03-03,AFWTR,,96.11,70.00,574,570,,,EA,ORB
STARLINK-5594,2023-028B,55742,PAY,+,US,2023-03-03,AFWTR,,96.11,70.00,574,570,,,EA,ORB
STARLINK-5602,2023-028C,55743,PAY,+,US,2023-03-03,AFWTR,,96.11,70.00,574,570,,,EA,ORB
STARLINK-5601,2023-028D,55744,PAY,+,US,2023-03-03,AFWTR,,96.11,70.00,574,570,,,EA,ORB
STARLINK-5579,2023-028F,55746,PAY,+,US,2023-03-03,AFWTR,,96.11,70.00,574,570,,,EA,ORB
STARLINK-5539,2023-028G,55747,PAY,+,US,2023-03-03,AFWTR,,96.11,70.00,574,570,,,EA,ORB
STARLINK-5580,2023-028H,55748,PAY,+,US,2023-03-03,AFWTR,,96.11,70.00,574,570,,,EA,ORB
STARLINK-5573,2023-028K,55750,PAY,+,US,2023-03-03,AFWTR,,96.11,70.00,574,570,,,EA,ORB
STARLINK-5577,2023-028L,55751,PAY,+,US,2023-03-03,AFWTR,,96.11,70.00,574,570,,,EA,ORB
STARLINK-5613,2023-028M,55752,PAY,+,US,2023-03-03,AFWTR,,96.11,70.00,574,570,,,EA,ORB
STARLINK-5617,2023-028N,55753,PAY,+,US,2023-03-03,AFWTR,,96.11,70.00,574,570,,,EA,ORB
STARLINK-5612,2023-028P,55754,PAY,+,US,2023-03-03,AFWTR,,96.11,70.00,574,570,,,EA,ORB
STARLINK-5614,2023-028R,55756,PAY,+,US,2023-03-03,AFWTR,,96.11,70.00,574,570,,,EA,ORB
STARLINK-5544,2023-028S,55757,PAY,+,US,2023-03-03,AFWTR,,96.11,70.00,574,570,,,EA,ORB
STARLINK-5072,2023-028T,55758,PAY,+,US,2023-03-03,AFWTR,,96.11,70.00,574,570,,,EA,ORB
STARLINK-5532,2023-028V,55760,PAY,+,US,2023-03-03,AFWTR,,96.11,70.00,574,570,,,EA,ORB
STARLINK-5611,2023-028W,55761,PAY,+,US,2023-03-03,AFWTR,,96.11,70.00,574,570,,,EA,ORB
STARLINK-5603,2023-028X,55762,PAY,+,US,2023-03-03,AFWTR,,96.11,70.00,574,570,,,EA,ORB
STARLINK-5593,2023-028Y,55763,PAY,+,US,2023-03-03,AFWTR,,96.11,70.00,573,571,,,EA,ORB
STARLINK-5499,2023-028Z,55764,PAY,+,US,2023-03-03,AFWTR,,96.11,70.00,574,570,,,EA,ORB
STARLINK-5595,2023-028AA,55765,PAY,+,US,2023-03-03,AFWTR,,96.11,70.00,574,570,,,EA,ORB
STARLINK-5599,2023-028AB,55766,PAY,+,US,2023-03-03,AFWTR,,96.11,70.00,574,570,,,EA,ORB
STARLINK-5606,2023-028AC,55767,PAY,+,US,2023-03-03,AFWTR,,96.11,70.00,574,570,,,EA,ORB
STARLINK-5584,2023-028AE,55769,PAY,+,US,2023-03-03,AFWTR,,96.11,70.00,574,570,,,EA,ORB
STARLINK-5557,2023-028AF,55770,PAY,+,US,2023-03-03,AFWTR,,96.11,70.00,574,571,,,EA,ORB
STARLINK-5591,2023-028AG,55771,PAY,+,US,2023-03-03,AFWTR,,96.11,70.00,574,570,,,EA,ORB
STARLINK-5835,2023-028AH,55772,PAY,+,US,2023-03-03,AFWTR,,96.11,70.00,574,570,,,EA,ORB
STARLINK-5833,2023-028AJ,55773,PAY,+,US,2023-03-03,AFWTR,,96.11,70.00,574,570,,,EA,ORB
STARLINK-5812,2023-028AK,55774,PAY,+,US,2023-03-03,AFWTR,,96.11,70.00,574,570,,,EA,ORB
STARLINK-5809,2023-028AL,55775,PAY,+,US,2023-03-03,AFWTR,,96.11,70.00,574,570,,,EA,ORB
STARLINK-5814,2023-028AN,55777,PAY,+,US,2023-03-03,AFWTR,,96.11,70.00,574,570,,,EA,ORB
STARLINK-5816,2023-028AP,55778,PAY,+,US,2023-03-03,AFWTR,,96.11,70.00,574,570,,,EA,ORB
STARLINK-5817,2023-028AQ,55779,PAY,+,US,2023-03-03,AFWTR,,96.11,70.00,574,570,,,EA,ORB
STARLINK-5819,2023-028AR,55780,PAY,+,US,2023-03-03,AFWTR,,96.11,70.00,574,570,,,EA,ORB
STARLINK-5820,2023-028AS,55781,PAY,+,US,2023-03-03,AFWTR,,96.11,70.00,574,570,,,EA,ORB
STARLINK-5826,2023-028AT,55782,PAY,+,US,2023-03-03,AFWTR,,96.11,70.00,574,570,,,EA,ORB
STARLINK-5825,2023-028AU,55783,PAY,+,US,2023-03-03,AFWTR,,96.11,70.00,574,570,,,EA,ORB
STARLINK-5797,2023-028AV,55784,PAY,+,US,2023-03-03,AFWTR,,96.11,70.00,574,570,,,EA,ORB
STARLINK-5818,2023-028AW,55785,PAY,+,US,2023-03-03,AFWTR,,96.11,70.00,574,570,,,EA,ORB
STARLINK-5823,2023-028AX,55786,PAY,+,US,2023-03-03,AFWTR,,95.31,70.00,536,531,,,EA,ORB
STARLINK-5811,2023-028AY,55787,PAY,+,US,2023-03-03,AFWTR,,96.11,70.00,574,570,,,EA,ORB
STARLINK-5804,2023-028AZ,55788,PAY,+,US,2023-03-03,AFWTR,,96.11,70.00,574,570,,,EA,ORB
STARLINK-5815,2023-028BA,55789,PAY,+,US,2023-03-03,AFWTR,,96.11,70.00,574,570,,,EA,ORB
STARLINK-5813,2023-028BB,55790,PAY,+,US,2023-03-03,AFWTR,,96.11,70.00,574,570,,,EA,ORB
STARLINK-5807,2023-028BC,55791,PAY,+,US,2023-03-03,AFWTR,,96.11,70.00,574,570,,,EA,ORB
STARLINK-5856,2023-037A,55914,PAY,+,US,2023-03-17,AFWTR,,96.11,70.00,574,570,,,EA,ORB
STARLINK-5859,2023-037B,55915,PAY,+,US,2023-03-17,AFWTR,,96.11,70.00,574,570,,,EA,ORB
STARLINK-5796,2023-037C,55916,PAY,+,US,2023-03-17,AFWTR,,96.11,70.00,574,570,,,EA,ORB
STARLINK-5867,2023-037E,55918,PAY,+,US,2023-03-17,AFWTR,,96.11,70.00,574,570,,,EA,ORB
STARLINK-5871,2023-037F,55919,PAY,+,US,2023-03-17,AFWTR,,96.11,70.00,574,570,,,EA,ORB
STARLINK-5862,2023-037G,55920,PAY,+,US,2023-03-17,AFWTR,,96.09,70.00,573,570,,,EA,ORB
STARLINK-5861,2023-037H,55921,PAY,+,US,2023-03-17,AFWTR,,96.11,70.00,574,570,,,EA,ORB
STARLINK-5863,2023-037J,55922,PAY,+,US,2023-03-17,AFWTR,,96.11,70.00,574,570,,,EA,ORB
STARLINK-5854,2023-037K,55923,PAY,+,US,2023-03-17,AFWTR,,96.11,70.00,574,570,,,EA,ORB
STARLINK-5849,2023-037L,55924,PAY,+,US,2023-03-17,AFWTR,,96.10,70.00,574,570,,,EA,ORB
STARLINK-5922,2023-037M,55925,PAY,+,US,2023-03-17,AFWTR,,96.11,70.00,574,570,,,EA,ORB
STARLINK-5921,2023-037N,55926,PAY,+,US,2023-03-17,AFWTR,,96.09,70.00,573,570,,,EA,ORB
STARLINK-5919,2023-037P,55927,PAY,+,US,2023-03-17,AFWTR,,96.11,70.00,574,570,,,EA,ORB
STARLINK-5930,2023-037Q,55928,PAY,+,US,2023-03-17,AFWTR,,96.11,70.00,574,570,,,EA,ORB
STARLINK-5896,2023-037S,55930,PAY,+,US,2023-03-17,AFWTR,,96.11,70.01,574,570,,,EA,ORB
STARLINK-5897,2023-037T,55931,PAY,+,US,2023-03-17,AFWTR,,96.11,70.00,574,570,,,EA,ORB
STARLINK-5848,2023-037U,55932,PAY,+,US,2023-03-17,AFWTR,,96.11,70.00,574,570,,,EA,ORB
STARLINK-5852,2023-037V,55933,PAY,+,US,2023-03-17,AFWTR,,96.08,70.00,573,568,,,EA,ORB
STARLINK-5927,2023-037W,55934,PAY,+,US,2023-03-17,AFWTR,,96.11,70.00,574,570,,,EA,ORB
STARLINK-5920,2023-037X,55935,PAY,+,US,2023-03-17,AFWTR,,96.06,70.00,572,568,,,EA,ORB
STARLINK-5882,2023-037Y,55936,PAY,+,US,2023-03-17,AFWTR,,96.11,70.00,574,570,,,EA,ORB
STARLINK-5913,2023-037Z,55937,PAY,+,US,2023-03-17,AFWTR,,96.09,70.00,573,569,,,EA,ORB
STARLINK-5909,2023-037AA,55938,PAY,+,US,2023-03-17,AFWTR,,96.11,70.00,574,570,,,EA,ORB
STARLINK-5918,2023-037AB,55939,PAY,+,US,2023-03-17,AFWTR,,96.11,70.00,574,570,,,EA,ORB
STARLINK-5864,2023-037AC,55940,PAY,+,US,2023-03-17,AFWTR,,95.99,70.00,569,564,,,EA,ORB
STARLINK-5914,2023-037AD,55941,PAY,+,US,2023-03-17,AFWTR,,96.11,70.00,574,570,,,EA,ORB
STARLINK-5917,2023-037AE,55942,PAY,+,US,2023-03-17,AFWTR,,96.11,70.00,574,570,,,EA,ORB
STARLINK-5932,2023-037AF,55943,PAY,+,US,2023-03-17,AFWTR,,96.06,70.00,572,568,,,EA,ORB
STARLINK-5926,2023-037AG,55944,PAY,+,US,2023-03-17,AFWTR,,96.11,70.00,574,570,,,EA,ORB
STARLINK-5925,2023-037AH,55945,PAY,+,US,2023-03-17,AFWTR,,96.11,70.00,574,570,,,EA,ORB
STARLINK-5857,2023-037AJ,55946,PAY,+,US,2023-03-17,AFWTR,,96.11,70.00,574,570,,,EA,ORB
STARLINK-5900,2023-037AL,55948,PAY,+,US,2023-03-17,AFWTR,,96.11,70.00,574,570,,,EA,ORB
STARLINK-5899,2023-037AM,55949,PAY,+,US,2023-03-17,AFWTR,,96.11,70.00,574,570,,,EA,ORB
STARLINK-5911,2023-037AN,55950,PAY,+,US,2023-03-17,AFWTR,,96.11,70.00,574,570,,,EA,ORB
STARLINK-5908,2023-037AP,55951,PAY,+,US,2023-03-17,AFWTR,,96.11,70.00,574,570,,,EA,ORB
STARLINK-5893,2023-037AQ,55952,PAY,+,US,2023-03-17,AFWTR,,96.11,70.00,574,570,,,EA,ORB
STARLINK-5892,2023-037AS,55954,PAY,+,US,2023-03-17,AFWTR,,96.11,70.00,574,570,,,EA,ORB
STARLINK-5878,2023-037AT,55955,PAY,+,US,2023-03-17,AFWTR,,96.11,70.00,574,570,,,EA,ORB
STARLINK-5883,2023-037AU,55956,PAY,+,US,2023-03-17,AFWTR,,96.11,70.00,574,570,,,EA,ORB
STARLINK-5884,2023-037AV,55957,PAY,+,US,2023-03-17,AFWTR,,96.11,70.00,574,570,,,EA,ORB
STARLINK-5928,2023-037AW,55958,PAY,+,US,2023-03-17,AFWTR,,96.11,70.00,574,570,,,EA,ORB
STARLINK-5929,2023-037AX,55959,PAY,+,US,2023-03-17,AFWTR,,96.11,70.00,574,570,,,EA,ORB
STARLINK-5938,2023-037AY,55960,PAY,+,US,2023-03-17,AFWTR,,96.11,70.00,574,570,,,EA,ORB
STARLINK-5933,2023-037AZ,55961,PAY,+,US,2023-03-17,AFWTR,,96.11,70.00,574,570,,,EA,ORB
STARLINK-5906,2023-037BA,55962,PAY,+,US,2023-03-17,AFWTR,,96.11,70.00,574,570,,,EA,ORB
STARLINK-5924,2023-037BB,55963,PAY,+,US,2023-03-17,AFWTR,,96.11,70.00,574,570,,,EA,ORB
STARLINK-5895,2023-037BC,55964,PAY,P,US,2023-03-17,AFWTR,,95.18,69.99,529,526,,,EA,ORB
STARLINK-5894,2023-037BD,55965,PAY,+,US,2023-03-17,AFWTR,,96.11,70.00,574,570,,,EA,ORB
STARLINK-5905,2023-042A,55986,PAY,+,US,2023-03-24,AFETR,,94.26,43.00,484,482,,,EA,ORB
STARLINK-5915,2023-042B,55987,PAY,+,US,2023-03-24,AFETR,,94.27,43.01,484,482,,,EA,ORB
STARLINK-5916,2023-042C,55988,PAY,+,US,2023-03-24,AFETR,,94.27,43.00,484,482,,,EA,ORB
STARLINK-5947,2023-042D,55989,PAY,+,US,2023-03-24,AFETR,,94.27,43.00,484,482,,,EA,ORB
STARLINK-5946,2023-042E,55990,PAY,+,US,2023-03-24,AFETR,,94.27,43.00,484,482,,,EA,ORB
STARLINK-5948,2023-042F,55991,PAY,+,US,2023-03-24,AFETR,,94.27,43.00,484,482,,,EA,ORB
STARLINK-5969,2023-042H,55993,PAY,+,US,2023-03-24,AFETR,,94.27,43.01,484,482,,,EA,ORB
STARLINK-5956,2023-042J,55994,PAY,+,US,2023-03-24,AFETR,,94.27,43.00,484,482,,,EA,ORB
STARLINK-5903,2023-042L,55996,PAY,+,US,2023-03-24,AFETR,,94.27,43.00,484,482,,,EA,ORB
STARLINK-5902,2023-042N,55998,PAY,+,US,2023-03-24,AFETR,,94.27,43.01,484,482,,,EA,ORB
STARLINK-5901,2023-042P,55999,PAY,+,US,2023-03-24,AFETR,,94.27,43.00,484,482,,,EA,ORB
STARLINK-5910,2023-042Q,56000,PAY,+,US,2023-03-24,AFETR,,94.27,43.00,484,482,,,EA,ORB
STARLINK-5944,2023-042R,56001,PAY,+,US,2023-03-24,AFETR,,94.27,43.01,484,482,,,EA,ORB
STARLINK-5799,2023-042S,56002,PAY,+,US,2023-03-24,AFETR,,94.27,43.00,484,482,,,EA,ORB
STARLINK-5789,2023-042T,56003,PAY,+,US,2023-03-24,AFETR,,94.27,43.00,485,481,,,EA,ORB
STARLINK-5787,2023-042U,56004,PAY,+,US,2023-03-24,AFETR,,94.27,43.00,484,482,,,EA,ORB
STARLINK-5801,2023-042V,56005,PAY,+,US,2023-03-24,AFETR,,94.27,43.00,484,482,,,EA,ORB
STARLINK-5794,2023-042W,56006,PAY,+,US,2023-03-24,AFETR,,94.27,43.00,484,482,,,EA,ORB
STARLINK-5806,2023-042X,56007,PAY,+,US,2023-03-24,AFETR,,94.27,43.01,484,482,,,EA,ORB
STARLINK-5803,2023-042Y,56008,PAY,+,US,2023-03-24,AFETR,,94.27,43.01,484,482,,,EA,ORB
STARLINK-5964,2023-042Z,56009,PAY,+,US,2023-03-24,AFETR,,94.27,43.01,484,482,,,EA,ORB
STARLINK-5968,2023-042AA,56010,PAY,+,US,2023-03-24,AFETR,,94.27,43.00,484,482,,,EA,ORB
STARLINK-5936,2023-042AB,56011,PAY,+,US,2023-03-24,AFETR,,94.27,43.00,484,482,,,EA,ORB
STARLINK-5940,2023-042AC,56012,PAY,+,US,2023-03-24,AFETR,,94.27,43.00,484,482,,,EA,ORB
STARLINK-5941,2023-042AD,56013,PAY,+,US,2023-03-24,AFETR,,94.27,43.00,484,482,,,EA,ORB
STARLINK-5942,2023-042AE,56014,PAY,+,US,2023-03-24,AFETR,,94.27,43.01,484,482,,,EA,ORB
STARLINK-5939,2023-042AF,56015,PAY,+,US,2023-03-24,AFETR,,94.27,43.00,484,482,,,EA,ORB
STARLINK-5943,2023-042AG,56016,PAY,+,US,2023-03-24,AFETR,,94.27,43.00,484,482,,,EA,ORB
STARLINK-5934,2023-042AH,56017,PAY,+,US,2023-03-24,AFETR,,94.27,43.00,484,482,,,EA,ORB
STARLINK-5945,2023-042AJ,56018,PAY,+,US,2023-03-24,AFETR,,94.27,43.00,484,482,,,EA,ORB
STARLINK-5949,2023-042AK,56019,PAY,+,US,2023-03-24,AFETR,,94.27,43.00,484,482,,,EA,ORB
STARLINK-5912,2023-042AL,56020,PAY,+,US,2023-03-24,AFETR,,94.27,43.00,484,482,,,EA,ORB
STARLINK-5907,2023-042AM,56021,PAY,+,US,2023-03-24,AFETR,,94.27,43.00,485,481,,,EA,ORB
STARLINK-5783,2023-042AN,56022,PAY,+,US,2023-03-24,AFETR,,94.27,43.00,484,482,,,EA,ORB
STARLINK-5771,2023-042AP,56023,PAY,+,US,2023-03-24,AFETR,,94.27,43.00,485,482,,,EA,ORB
STARLINK-5772,2023-042AQ,56024,PAY,+,US,2023-03-24,AFETR,,94.27,43.00,484,482,,,EA,ORB
STARLINK-5766,2023-042AR,56025,PAY,+,US,2023-03-24,AFETR,,94.27,43.00,484,482,,,EA,ORB
STARLINK-5770,2023-042AS,56026,PAY,+,US,2023-03-24,AFETR,,94.27,43.00,484,482,,,EA,ORB
STARLINK-5777,2023-042AT,56027,PAY,+,US,2023-03-24,AFETR,,94.27,43.00,484,482,,,EA,ORB
STARLINK-5779,2023-042AU,56028,PAY,+,US,2023-03-24,AFETR,,94.27,43.01,484,482,,,EA,ORB
STARLINK-5774,2023-042AV,56029,PAY,+,US,2023-03-24,AFETR,,94.27,43.00,484,482,,,EA,ORB
STARLINK-5781,2023-042AW,56030,PAY,P,US,2023-03-24,AFETR,,94.27,43.01,484,482,,,EA,ORB
STARLINK-5785,2023-042AX,56031,PAY,+,US,2023-03-24,AFETR,,94.27,43.01,484,482,,,EA,ORB
STARLINK-5786,2023-042AY,56032,PAY,+,US,2023-03-24,AFETR,,94.27,43.00,484,482,,,EA,ORB
STARLINK-5782,2023-042BA,56034,PAY,+,US,2023-03-24,AFETR,,94.27,43.00,484,482,,,EA,ORB
STARLINK-5792,2023-042BB,56035,PAY,+,US,2023-03-24,AFETR,,94.27,43.00,484,482,,,EA,ORB
STARLINK-5790,2023-042BC,56036,PAY,+,US,2023-03-24,AFETR,,94.27,43.00,484,482,,,EA,ORB
STARLINK-5758,2023-042BD,56037,PAY,+,US,2023-03-24,AFETR,,94.27,43.00,484,482,,,EA,ORB
STARLINK-5793,2023-042BE,56038,PAY,+,US,2023-03-24,AFETR,,94.27,43.00,484,482,,,EA,ORB
STARLINK-5795,2023-042BF,56039,PAY,+,US,2023-03-24,AFETR,,94.27,43.00,484,482,,,EA,ORB
STARLINK-5798,2023-042BG,56040,PAY,+,US,2023-03-24,AFETR,,94.27,43.00,484,482,,,EA,ORB
STARLINK-5800,2023-042BH,56041,PAY,+,US,2023-03-24,AFETR,,94.27,43.00,484,482,,,EA,ORB
STARLINK-6109,2023-046B,56094,PAY,+,US,2023-03-29,AFETR,,94.27,43.00,484,482,,,EA,ORB
STARLINK-6090,2023-046C,56095,PAY,+,US,2023-03-29,AFETR,,94.27,43.00,484,482,,,EA,ORB
STARLINK-6089,2023-046D,56096,PAY,+,US,2023-03-29,AFETR,,94.27,43.00,484,482,,,EA,ORB
STARLINK-6077,2023-046E,56097,PAY,+,US,2023-03-29,AFETR,,94.27,43.00,484,482,,,EA,ORB
STARLINK-6088,2023-046F,56098,PAY,+,US,2023-03-29,AFETR,,94.27,43.00,484,482,,,EA,ORB
STARLINK-6076,2023-046H,56100,PAY,+,US,2023-03-29,AFETR,,94.27,43.00,484,482,,,EA,ORB
STARLINK-6095,2023-046J,56101,PAY,+,US,2023-03-29,AFETR,,94.27,43.00,484,482,,,EA,ORB
STARLINK-6075,2023-046K,56102,PAY,+,US,2023-03-29,AFETR,,94.27,43.00,484,482,,,EA,ORB
STARLINK-6096,2023-046L,56103,PAY,+,US,2023-03-29,AFETR,,94.27,43.00,484,482,,,EA,ORB
STARLINK-6062,2023-046M,56104,PAY,+,US,2023-03-29,AFETR,,94.27,43.00,484,482,,,EA,ORB
STARLINK-6066,2023-046N,56105,PAY,+,US,2023-03-29,AFETR,,94.27,43.00,484,482,,,EA,ORB
STARLINK-6030,2023-046Q,56107,PAY,+,US,2023-03-29,AFETR,,94.27,43.00,484,482,,,EA,ORB
STARLINK-6081,2023-046R,56108,PAY,+,US,2023-03-29,AFETR,,94.27,43.00,484,483,,,EA,ORB
STARLINK-6083,2023-046S,56109,PAY,+,US,2023-03-29,AFETR,,94.27,43.00,484,482,,,EA,ORB
STARLINK-6082,2023-046T,56110,PAY,+,US,2023-03-29,AFETR,,94.27,43.00,484,482,,,EA,ORB
STARLINK-6084,2023-046U,56111,PAY,+,US,2023-03-29,AFETR,,94.27,43.00,484,482,,,EA,ORB
STARLINK-6080,2023-046V,56112,PAY,+,US,2023-03-29,AFETR,,94.27,43.00,484,482,,,EA,ORB
STARLINK-6113,2023-046W,56113,PAY,+,US,2023-03-29,AFETR,,94.27,43.00,484,482,,,EA,ORB
STARLINK-6101,2023-046Y,56115,PAY,+,US,2023-03-29,AFETR,,94.27,43.00,484,482,,,EA,ORB
STARLINK-6114,2023-046Z,56116,PAY,+,US,2023-03-29,AFETR,,94.27,43.00,484,482,,,EA,ORB
STARLINK-6107,2023-046AA,56117,PAY,+,US,2023-03-29,AFETR,,94.27,43.00,484,482,,,EA,ORB
STARLINK-6091,2023-046AC,56119,PAY,+,US,2023-03-29,AFETR,,94.27,43.00,484,483,,,EA,ORB
STARLINK-6079,2023-046AD,56120,PAY,+,US,2023-03-29,AFETR,,94.27,43.00,483,483,,,EA,ORB
STARLINK-6092,2023-046AE,56121,PAY,+,US,2023-03-29,AFETR,,94.26,43.00,483,482,,,EA,ORB
STARLINK-6094,2023-046AF,56122,PAY,+,US,2023-03-29,AFETR,,94.27,43.00,484,482,,,EA,ORB
STARLINK-6115,2023-046AH,56123,PAY,+,US,2023-03-29,AFETR,,94.27,43.00,484,482,,,EA,ORB
STARLINK-6126,2023-046AJ,56124,PAY,+,US,2023-03-29,AFETR,,94.27,43.00,484,482,,,EA,ORB
STARLINK-6119,2023-046AK,56125,PAY,+,US,2023-03-29,AFETR,,94.27,43.00,484,482,,,EA,ORB
STARLINK-6124,2023-046AL,56126,PAY,+,US,2023-03-29,AFETR,,94.27,43.00,484,482,,,EA,ORB
STARLINK-6104,2023-046AM,56127,PAY,+,US,2023-03-29,AFETR,,94.27,43.00,484,482,,,EA,ORB
STARLINK-6122,2023-046AN,56128,PAY,+,US,2023-03-29,AFETR,,94.27,43.00,484,482,,,EA,ORB
STARLINK-6121,2023-046AP,56129,PAY,+,US,2023-03-29,AFETR,,94.27,43.00,484,482,,,EA,ORB
STARLINK-6117,2023-046AQ,56130,PAY,+,US,2023-03-29,AFETR,,94.27,43.00,484,482,,,EA,ORB
STARLINK-6120,2023-046AR,56131,PAY,+,US,2023-03-29,AFETR,,94.27,43.00,484,482,,,EA,ORB
STARLINK-6071,2023-046AS,56132,PAY,+,US,2023-03-29,AFETR,,94.27,43.00,484,482,,,EA,ORB
STARLINK-5566,2023-046AT,56133,PAY,+,US,2023-03-29,AFETR,,94.27,43.00,484,482,,,EA,ORB
STARLINK-5564,2023-046AU,56134,PAY,+,US,2023-03-29,AFETR,,94.27,43.00,484,482,,,EA,ORB
STARLINK-5489,2023-046AW,56136,PAY,+,US,2023-03-29,AFETR,,94.27,43.00,484,482,,,EA,ORB
STARLINK-5090,2023-046AX,56137,PAY,+,US,2023-03-29,AFETR,,94.27,43.00,484,482,,,EA,ORB
STARLINK-4774,2023-046AY,56138,PAY,+,US,2023-03-29,AFETR,,94.27,43.00,484,482,,,EA,ORB
STARLINK-5375,2023-046BA,56140,PAY,+,US,2023-03-29,AFETR,,94.27,43.00,484,482,,,EA,ORB
STARLINK-5377,2023-046BB,56141,PAY,+,US,2023-03-29,AFETR,,94.27,43.00,484,482,,,EA,ORB
STARLINK-5376,2023-046BC,56142,PAY,+,US,2023-03-29,AFETR,,94.27,43.00,484,482,,,EA,ORB
STARLINK-5016,2023-046BD,56143,PAY,+,US,2023-03-29,AFETR,,94.70,43.00,508,500,,,EA,ORB
STARLINK-5374,2023-046BE,56144,PAY,+,US,2023-03-29,AFETR,,94.27,43.00,484,482,,,EA,ORB
STARLINK-5111,2023-046BG,56146,PAY,+,US,2023-03-29,AFETR,,94.27,43.00,484,482,,,EA,ORB
STARLINK-5089,2023-046BJ,56148,PAY,+,US,2023-03-29,AFETR,,94.27,43.00,484,482,,,EA,ORB
STARLINK-30107,2023-056B,56287,PAY,+,US,2023-04-19,AFETR,,94.27,43.00,484,482,,,EA,ORB
STARLINK-30106,2023-056C,56288,PAY,+,US,2023-04-19,AFETR,,94.27,43.00,484,482,,,EA,ORB
STARLINK-30095,2023-056D,56289,PAY,+,US,2023-04-19,AFETR,,94.27,43.00,484,482,,,EA,ORB
STARLINK-30103,2023-056E,56290,PAY,+,US,2023-04-19,AFETR,,94.27,43.00,484,482,,,EA,ORB
STARLINK-30113,2023-056F,56291,PAY,+,US,2023-04-19,AFETR,,94.27,43.00,484,482,,,EA,ORB
STARLINK-30098,2023-056G,56292,PAY,+,US,2023-04-19,AFETR,,94.27,43.00,484,482,,,EA,ORB
STARLINK-30049,2023-056J,56294,PAY,+,US,2023-04-19,AFETR,,94.27,43.00,484,482,,,EA,ORB
STARLINK-30083,2023-056K,56295,PAY,+,US,2023-04-19,AFETR,,94.27,43.00,484,482,,,EA,ORB
STARLINK-30089,2023-056L,56296,PAY,+,US,2023-04-19,AFETR,,94.27,43.01,485,481,,,EA,ORB
STARLINK-30086,2023-056M,56297,PAY,+,US,2023-04-19,AFETR,,94.27,43.00,484,482,,,EA,ORB
STARLINK-30109,2023-056N,56298,PAY,+,US,2023-04-19,AFETR,,94.27,43.00,484,483,,,EA,ORB
STARLINK-30108,2023-056P,56299,PAY,+,US,2023-04-19,AFETR,,94.27,43.00,484,482,,,EA,ORB
STARLINK-30104,2023-056Q,56300,PAY,+,US,2023-04-19,AFETR,,94.27,43.00,484,482,,,EA,ORB
STARLINK-30101,2023-056R,56301,PAY,+,US,2023-04-19,AFETR,,94.47,43.00,494,492,,,EA,ORB
STARLINK-30111,2023-056S,56302,PAY,+,US,2023-04-19,AFETR,,94.27,43.00,484,482,,,EA,ORB
STARLINK-30099,2023-056U,56304,PAY,+,US,2023-04-19,AFETR,,94.27,43.00,483,483,,,EA,ORB
STARLINK-30094,2023-056V,56305,PAY,+,US,2023-04-19,AFETR,,94.27,43.00,484,483,,,EA,ORB
STARLINK-30112,2023-056W,56306,PAY,+,US,2023-04-19,AFETR,,94.27,43.00,484,482,,,EA,ORB
STARLINK-6038,2023-058A,56317,PAY,+,US,2023-04-27,AFWTR,,93.91,97.28,467,464,,,EA,ORB
STARLINK-5954,2023-058B,56318,PAY,+,US,2023-04-27,AFWTR,,93.91,97.28,467,464,,,EA,ORB
STARLINK-6039,2023-058C,56319,PAY,+,US,2023-04-27,AFWTR,,95.33,97.29,536,533,,,EA,ORB
STARLINK-5988,2023-058D,56320,PAY,+,US,2023-04-27,AFWTR,,95.31,97.28,534,533,,,EA,ORB
STARLINK-5876,2023-058E,56321,PAY,+,US,2023-04-27,AFWTR,,93.91,97.29,467,465,,,EA,ORB
STARLINK-6033,2023-058F,56322,PAY,+,US,2023-04-27,AFWTR,,95.15,97.29,528,523,,,EA,ORB
STARLINK-6035,2023-058G,56323,PAY,+,US,2023-04-27,AFWTR,,95.33,97.29,535,533,,,EA,ORB
STARLINK-6034,2023-058H,56324,PAY,+,US,2023-04-27,AFWTR,,93.91,97.28,467,464,,,EA,ORB
STARLINK-5981,2023-058J,56325,PAY,+,US,2023-04-27,AFWTR,,95.37,97.29,538,535,,,EA,ORB
STARLINK-5980,2023-058K,56326,PAY,+,US,2023-04-27,AFWTR,,95.18,97.29,528,527,,,EA,ORB
STARLINK-5997,2023-058L,56327,PAY,+,US,2023-04-27,AFWTR,,95.33,97.28,536,533,,,EA,ORB
STARLINK-5992,2023-058M,56328,PAY,+,US,2023-04-27,AFWTR,,93.91,97.28,467,464,,,EA,ORB
STARLINK-5984,2023-058N,56329,PAY,+,US,2023-04-27,AFWTR,,93.91,97.28,467,464,,,EA,ORB
STARLINK-5991,2023-058Q,56331,PAY,+,US,2023-04-27,AFWTR,,95.10,97.29,525,522,,,EA,ORB
STARLINK-5093,2023-058R,56332,PAY,+,US,2023-04-27,AFWTR,,95.16,97.28,529,524,,,EA,ORB
STARLINK-5553,2023-058S,56333,PAY,+,US,2023-04-27,AFWTR,,93.91,97.28,467,464,,,EA,ORB
STARLINK-5548,2023-058T,56334,PAY,+,US,2023-04-27,AFWTR,,93.90,97.28,467,464,,,EA,ORB
STARLINK-5559,2023-058U,56335,PAY,+,US,2023-04-27,AFWTR,,93.91,97.28,466,465,,,EA,ORB
STARLINK-5562,2023-058V,56336,PAY,+,US,2023-04-27,AFWTR,,95.33,97.28,536,533,,,EA,ORB
STARLINK-5561,2023-058W,56337,PAY,+,US,2023-04-27,AFWTR,,95.22,97.29,531,528,,,EA,ORB
STARLINK-5554,2023-058X,56338,PAY,+,US,2023-04-27,AFWTR,,95.33,97.29,536,533,,,EA,ORB
STARLINK-5552,2023-058Y,56339,PAY,+,US,2023-04-27,AFWTR,,95.33,97.29,536,533,,,EA,ORB
STARLINK-5540,2023-058Z,56340,PAY,+,US,2023-04-27,AFWTR,,93.91,97.28,467,464,,,EA,ORB
STARLINK-5543,2023-058AA,56341,PAY,+,US,2023-04-27,AFWTR,,95.19,97.29,530,526,,,EA,ORB
STARLINK-5955,2023-058AB,56342,PAY,+,US,2023-04-27,AFWTR,,93.91,97.28,467,465,,,EA,ORB
STARLINK-5976,2023-058AC,56343,PAY,+,US,2023-04-27,AFWTR,,93.91,97.28,467,464,,,EA,ORB
STARLINK-5974,2023-058AD,56344,PAY,+,US,2023-04-27,AFWTR,,93.91,97.28,466,465,,,EA,ORB
STARLINK-5979,2023-058AE,56345,PAY,+,US,2023-04-27,AFWTR,,95.24,97.28,531,530,,,EA,ORB
STARLINK-5837,2023-058AF,56346,PAY,+,US,2023-04-27,AFWTR,,95.33,97.29,536,533,,,EA,ORB
STARLINK-5829,2023-058AG,56347,PAY,+,US,2023-04-27,AFWTR,,93.91,97.28,467,465,,,EA,ORB
STARLINK-5888,2023-058AH,56348,PAY,+,US,2023-04-27,AFWTR,,95.00,97.28,520,518,,,EA,ORB
STARLINK-5887,2023-058AJ,56349,PAY,+,US,2023-04-27,AFWTR,,95.31,97.29,535,533,,,EA,ORB
STARLINK-5886,2023-058AK,56350,PAY,+,US,2023-04-27,AFWTR,,93.91,97.29,467,465,,,EA,ORB
STARLINK-5891,2023-058AL,56351,PAY,+,US,2023-04-27,AFWTR,,93.91,97.29,467,464,,,EA,ORB
STARLINK-5885,2023-058AM,56352,PAY,+,US,2023-04-27,AFWTR,,95.21,97.29,530,528,,,EA,ORB
STARLINK-5874,2023-058AN,56353,PAY,+,US,2023-04-27,AFWTR,,95.29,97.29,534,531,,,EA,ORB
STARLINK-5877,2023-058AP,56354,PAY,+,US,2023-04-27,AFWTR,,93.91,97.28,467,464,,,EA,ORB
STARLINK-5535,2023-058AR,56356,PAY,+,US,2023-04-27,AFWTR,,93.91,97.29,467,465,,,EA,ORB
STARLINK-5538,2023-058AS,56357,PAY,+,US,2023-04-27,AFWTR,,93.91,97.28,467,465,,,EA,ORB
STARLINK-5482,2023-058AT,56358,PAY,+,US,2023-04-27,AFWTR,,95.33,97.29,536,533,,,EA,ORB
STARLINK-5551,2023-058AU,56359,PAY,+,US,2023-04-27,AFWTR,,95.21,97.29,530,527,,,EA,ORB
STARLINK-5549,2023-058AV,56360,PAY,+,US,2023-04-27,AFWTR,,93.91,97.28,467,464,,,EA,ORB
STARLINK-5550,2023-058AW,56361,PAY,+,US,2023-04-27,AFWTR,,95.33,97.29,535,534,,,EA,ORB
STARLINK-5972,2023-058AX,56362,PAY,+,US,2023-04-27,AFWTR,,93.91,97.28,467,464,,,EA,ORB
STARLINK-6156,2023-061A,56374,PAY,+,US,2023-05-04,AFETR,,94.27,43.00,483,483,,,EA,ORB
STARLINK-6158,2023-061B,56375,PAY,+,US,2023-05-04,AFETR,,94.27,43.00,484,482,,,EA,ORB
STARLINK-6188,2023-061C,56376,PAY,+,US,2023-05-04,AFETR,,94.27,43.00,484,482,,,EA,ORB
STARLINK-6189,2023-061D,56377,PAY,+,US,2023-05-04,AFETR,,94.27,43.00,484,482,,,EA,ORB
STARLINK-6191,2023-061E,56378,PAY,+,US,2023-05-04,AFETR,,94.27,43.00,484,482,,,EA,ORB
STARLINK-6157,2023-061F,56379,PAY,+,US,2023-05-04,AFETR,,94.27,43.00,484,482,,,EA,ORB
STARLINK-6159,2023-061H,56381,PAY,+,US,2023-05-04,AFETR,,94.27,43.00,484,483,,,EA,ORB
STARLINK-6160,2023-061J,56382,PAY,+,US,2023-05-04,AFETR,,94.27,43.00,484,483,,,EA,ORB
STARLINK-6166,2023-061K,56383,PAY,+,US,2023-05-04,AFETR,,94.27,43.00,484,482,,,EA,ORB
STARLINK-6153,2023-061L,56384,PAY,+,US,2023-05-04,AFETR,,94.27,43.00,484,482,,,EA,ORB
STARLINK-6173,2023-061M,56385,PAY,+,US,2023-05-04,AFETR,,94.27,43.00,484,482,,,EA,ORB
STARLINK-5836,2023-061N,56386,PAY,+,US,2023-05-04,AFETR,,94.27,43.00,483,483,,,EA,ORB
STARLINK-6178,2023-061P,56387,PAY,+,US,2023-05-04,AFETR,,94.26,43.00,484,482,,,EA,ORB
STARLINK-6176,2023-061Q,56388,PAY,+,US,2023-05-04,AFETR,,94.27,43.00,484,482,,,EA,ORB
STARLINK-6145,2023-061R,56389,PAY,+,US,2023-05-04,AFETR,,94.27,43.00,484,482,,,EA,ORB
STARLINK-6298,2023-061T,56391,PAY,+,US,2023-05-04,AFETR,,94.27,43.00,484,482,,,EA,ORB
STARLINK-6301,2023-061U,56392,PAY,+,US,2023-05-04,AFETR,,94.27,43.00,484,482,,,EA,ORB
STARLINK-6303,2023-061V,56393,PAY,+,US,2023-05-04,AFETR,,94.27,43.00,484,482,,,EA,ORB
STARLINK-6305,2023-061W,56394,PAY,+,US,2023-05-04,AFETR,,94.27,43.00,484,482,,,EA,ORB
STARLINK-6273,2023-061X,56395,PAY,+,US,2023-05-04,AFETR,,94.27,43.00,483,483,,,EA,ORB
STARLINK-6302,2023-061Y,56396,PAY,+,US,2023-05-04,AFETR,,94.27,43.00,484,482,,,EA,ORB
STARLINK-6271,2023-061Z,56397,PAY,P,US,2023-05-04,AFETR,,94.27,43.00,483,483,,,EA,ORB
STARLINK-6288,2023-061AA,56398,PAY,+,US,2023-05-04,AFETR,,94.27,43.00,484,482,,,EA,ORB
STARLINK-6277,2023-061AB,56399,PAY,+,US,2023-05-04,AFETR,,94.27,43.00,484,482,,,EA,ORB
STARLINK-6267,2023-061AC,56400,PAY,+,US,2023-05-04,AFETR,,94.27,43.00,484,482,,,EA,ORB
STARLINK-6287,2023-061AG,56404,PAY,+,US,2023-05-04,AFETR,,94.27,43.00,484,482,,,EA,ORB
STARLINK-6285,2023-061AH,56405,PAY,+,US,2023-05-04,AFETR,,94.27,43.00,484,482,,,EA,ORB
STARLINK-6283,2023-061AJ,56406,PAY,+,US,2023-05-04,AFETR,,94.27,43.00,483,483,,,EA,ORB
STARLINK-6282,2023-061AK,56407,PAY,+,US,2023-05-04,AFETR,,94.27,43.00,484,482,,,EA,ORB
STARLINK-6289,2023-061AL,56408,PAY,+,US,2023-05-04,AFETR,,94.27,43.00,484,482,,,EA,ORB
STARLINK-6241,2023-061AM,56409,PAY,+,US,2023-05-04,AFETR,,94.27,43.00,483,483,,,EA,ORB
STARLINK-6281,2023-061AN,56410,PAY,P,US,2023-05-04,AFETR,,94.27,43.00,484,482,,,EA,ORB
STARLINK-6279,2023-061AP,56411,PAY,+,US,2023-05-04,AFETR,,94.27,43.00,484,483,,,EA,ORB
STARLINK-6278,2023-061AQ,56412,PAY,+,US,2023-05-04,AFETR,,94.27,43.00,484,482,,,EA,ORB
STARLINK-6258,2023-061AR,56413,PAY,+,US,2023-05-04,AFETR,,94.27,43.00,483,483,,,EA,ORB
STARLINK-5136,2023-061AS,56414,PAY,+,US,2023-05-04,AFETR,,94.27,43.00,484,482,,,EA,ORB
STARLINK-6260,2023-061AU,56416,PAY,+,US,2023-05-04,AFETR,,94.27,43.00,484,482,,,EA,ORB
STARLINK-6261,2023-061AV,56417,PAY,+,US,2023-05-04,AFETR,,94.27,43.00,484,482,,,EA,ORB
STARLINK-5356,2023-061AW,56418,PAY,+,US,2023-05-04,AFETR,,94.27,43.00,484,482,,,EA,ORB
STARLINK-5350,2023-061AX,56419,PAY,+,US,2023-05-04,AFETR,,94.27,43.00,484,482,,,EA,ORB
STARLINK-6272,2023-061AY,56420,PAY,+,US,2023-05-04,AFETR,,94.27,43.00,484,482,,,EA,ORB
STARLINK-6270,2023-061AZ,56421,PAY,+,US,2023-05-04,AFETR,,94.27,43.00,484,482,,,EA,ORB
STARLINK-6236,2023-061BA,56422,PAY,+,US,2023-05-04,AFETR,,94.27,43.00,484,482,,,EA,ORB
STARLINK-6239,2023-061BB,56423,PAY,+,US,2023-05-04,AFETR,,94.27,43.00,484,482,,,EA,ORB
STARLINK-6242,2023-061BC,56424,PAY,+,US,2023-05-04,AFETR,,94.27,43.00,484,482,,,EA,ORB
STARLINK-6224,2023-061BD,56425,PAY,+,US,2023-05-04,AFETR,,94.27,43.00,484,482,,,EA,ORB
STARLINK-5352,2023-061BE,56426,PAY,+,US,2023-05-04,AFETR,,94.27,43.00,484,482,,,EA,ORB
STARLINK-5724,2023-061BF,56427,PAY,+,US,2023-05-04,AFETR,,94.27,43.00,484,482,,,EA,ORB
STARLINK-6238,2023-061BG,56428,PAY,+,US,2023-05-04,AFETR,,94.27,43.00,484,482,,,EA,ORB
STARLINK-6264,2023-061BH,56429,PAY,+,US,2023-05-04,AFETR,,94.27,43.00,484,482,,,EA,ORB
STARLINK-5990,2023-064A,56448,PAY,+,US,2023-05-10,AFWTR,,96.11,70.00,574,570,,,EA,ORB
STARLINK-5993,2023-064B,56449,PAY,+,US,2023-05-10,AFWTR,,96.11,70.00,574,570,,,EA,ORB
STARLINK-5970,2023-064C,56450,PAY,+,US,2023-05-10,AFWTR,,96.11,70.00,574,570,,,EA,ORB
STARLINK-5985,2023-064D,56451,PAY,+,US,2023-05-10,AFWTR,,96.11,70.00,574,570,,,EA,ORB
STARLINK-5986,2023-064E,56452,PAY,+,US,2023-05-10,AFWTR,,96.11,70.00,574,570,,,EA,ORB
STARLINK-5935,2023-064F,56453,PAY,+,US,2023-05-10,AFWTR,,96.11,70.00,574,570,,,EA,ORB
STARLINK-5959,2023-064G,56454,PAY,+,US,2023-05-10,AFWTR,,96.11,70.00,574,570,,,EA,ORB
STARLINK-5987,2023-064H,56455,PAY,+,US,2023-05-10,AFWTR,,96.11,70.00,574,570,,,EA,ORB
STARLINK-5995,2023-064J,56456,PAY,+,US,2023-05-10,AFWTR,,96.11,70.00,574,570,,,EA,ORB
STARLINK-5994,2023-064K,56457,PAY,+,US,2023-05-10,AFWTR,,96.11,70.00,574,570,,,EA,ORB
STARLINK-6050,2023-064L,56458,PAY,+,US,2023-05-10,AFWTR,,96.11,70.00,574,570,,,EA,ORB
STARLINK-6048,2023-064M,56459,PAY,+,US,2023-05-10,AFWTR,,96.11,70.00,574,570,,,EA,ORB
STARLINK-6047,2023-064N,56460,PAY,+,US,2023-05-10,AFWTR,,96.11,70.00,574,570,,,EA,ORB
STARLINK-6037,2023-064P,56461,PAY,+,US,2023-05-10,AFWTR,,96.11,70.00,574,570,,,EA,ORB
STARLINK-6045,2023-064Q,56462,PAY,+,US,2023-05-10,AFWTR,,96.11,70.00,574,570,,,EA,ORB
STARLINK-6051,2023-064R,56463,PAY,+,US,2023-05-10,AFWTR,,96.11,70.00,574,570,,,EA,ORB
STARLINK-6043,2023-064S,56464,PAY,+,US,2023-05-10,AFWTR,,96.11,70.00,574,570,,,EA,ORB
STARLINK-6054,2023-064T,56465,PAY,+,US,2023-05-10,AFWTR,,96.11,70.00,574,570,,,EA,ORB
STARLINK-6053,2023-064U,56466,PAY,+,US,2023-05-10,AFWTR,,96.11,70.00,574,570,,,EA,ORB
STARLINK-6055,2023-064V,56467,PAY,+,US,2023-05-10,AFWTR,,95.86,70.00,564,557,,,EA,ORB
STARLINK-5998,2023-064W,56468,PAY,+,US,2023-05-10,AFWTR,,96.11,70.00,574,570,,,EA,ORB
STARLINK-5518,2023-064X,56469,PAY,+,US,2023-05-10,AFWTR,,95.84,70.00,563,556,,,EA,ORB
STARLINK-5523,2023-064Y,56470,PAY,+,US,2023-05-10,AFWTR,,96.11,70.00,574,570,,,EA,ORB
STARLINK-5521,2023-064Z,56471,PAY,+,US,2023-05-10,AFWTR,,95.88,70.00,564,557,,,EA,ORB
STARLINK-5038,2023-064AA,56472,PAY,+,US,2023-05-10,AFWTR,,95.91,70.00,565,560,,,EA,ORB
STARLINK-5524,2023-064AC,56474,PAY,+,US,2023-05-10,AFWTR,,96.11,70.00,574,570,,,EA,ORB
STARLINK-5541,2023-064AD,56475,PAY,+,US,2023-05-10,AFWTR,,95.97,70.00,568,563,,,EA,ORB
STARLINK-5545,2023-064AE,56476,PAY,+,US,2023-05-10,AFWTR,,96.07,70.00,573,568,,,EA,ORB
STARLINK-5534,2023-064AF,56477,PAY,+,US,2023-05-10,AFWTR,,96.11,70.00,574,570,,,EA,ORB
STARLINK-6041,2023-064AG,56478,PAY,+,US,2023-05-10,AFWTR,,96.04,70.00,571,567,,,EA,ORB
STARLINK-6044,2023-064AH,56479,PAY,+,US,2023-05-10,AFWTR,,95.98,70.00,567,564,,,EA,ORB
STARLINK-6214,2023-064AJ,56480,PAY,P,US,2023-05-10,AFWTR,,92.84,69.99,417,411,,,EA,ORB
STARLINK-6222,2023-064AK,56481,PAY,+,US,2023-05-10,AFWTR,,96.11,70.00,574,570,,,EA,ORB
STARLINK-6220,2023-064AL,56482,PAY,+,US,2023-05-10,AFWTR,,96.06,70.00,571,568,,,EA,ORB
STARLINK-5868,2023-064AM,56483,PAY,+,US,2023-05-10,AFWTR,,96.07,70.00,572,568,,,EA,ORB
STARLINK-6221,2023-064AN,56484,PAY,+,US,2023-05-10,AFWTR,,96.11,70.00,574,570,,,EA,ORB
STARLINK-6210,2023-064AP,56485,PAY,+,US,2023-05-10,AFWTR,,96.11,70.00,574,570,,,EA,ORB
STARLINK-6196,2023-064AR,56487,PAY,+,US,2023-05-10,AFWTR,,96.11,70.00,574,570,,,EA,ORB
STARLINK-6204,2023-064AS,56488,PAY,+,US,2023-05-10,AFWTR,,96.11,70.00,574,570,,,EA,ORB
STARLINK-5923,2023-064AT,56489,PAY,+,US,2023-05-10,AFWTR,,96.11,70.00,574,570,,,EA,ORB
STARLINK-5873,2023-064AU,56490,PAY,+,US,2023-05-10,AFWTR,,96.11,70.00,574,570,,,EA,ORB
STARLINK-5842,2023-064AV,56491,PAY,+,US,2023-05-10,AFWTR,,96.10,70.00,574,570,,,EA,ORB
STARLINK-5846,2023-064AW,56492,PAY,+,US,2023-05-10,AFWTR,,96.11,70.00,574,570,,,EA,ORB
STARLINK-5841,2023-064AX,56493,PAY,+,US,2023-05-10,AFWTR,,96.11,70.00,574,570,,,EA,ORB
STARLINK-5530,2023-064AY,56494,PAY,+,US,2023-05-10,AFWTR,,96.11,70.00,574,570,,,EA,ORB
STARLINK-5529,2023-064AZ,56495,PAY,+,US,2023-05-10,AFWTR,,96.11,70.00,574,569,,,EA,ORB
STARLINK-5526,2023-064BA,56496,PAY,+,US,2023-05-10,AFWTR,,96.11,70.00,574,570,,,EA,ORB
STARLINK-5527,2023-064BB,56497,PAY,+,US,2023-05-10,AFWTR,,96.11,70.00,574,570,,,EA,ORB
STARLINK-5522,2023-064BC,56498,PAY,+,US,2023-05-10,AFWTR,,96.11,70.00,574,570,,,EA,ORB
STARLINK-5775,2023-065A,56503,PAY,+,US,2023-05-14,AFETR,,94.27,43.00,484,482,,,EA,ORB
STARLINK-5716,2023-065B,56504,PAY,+,US,2023-05-14,AFETR,,94.27,43.00,484,482,,,EA,ORB
STARLINK-5763,2023-065C,56505,PAY,+,US,2023-05-14,AFETR,,94.27,43.00,484,482,,,EA,ORB
STARLINK-5340,2023-065D,56506,PAY,+,US,2023-05-14,AFETR,,94.27,43.00,484,482,,,EA,ORB
STARLINK-5333,2023-065E,56507,PAY,+,US,2023-05-14,AFETR,,94.27,43.00,484,482,,,EA,ORB
STARLINK-5335,2023-065F,56508,PAY,+,US,2023-05-14,AFETR,,94.27,43.00,484,482,,,EA,ORB
STARLINK-5334,2023-065G,56509,PAY,+,US,2023-05-14,AFETR,,94.27,43.00,484,482,,,EA,ORB
STARLINK-5339,2023-065H,56510,PAY,+,US,2023-05-14,AFETR,,94.27,43.00,484,482,,,EA,ORB
STARLINK-5351,2023-065J,56511,PAY,+,US,2023-05-14,AFETR,,94.27,43.00,484,482,,,EA,ORB
STARLINK-5349,2023-065K,56512,PAY,+,US,2023-05-14,AFETR,,94.27,43.00,484,482,,,EA,ORB
STARLINK-5329,2023-065L,56513,PAY,+,US,2023-05-14,AFETR,,94.27,43.00,484,482,,,EA,ORB
STARLINK-5348,2023-065N,56515,PAY,+,US,2023-05-14,AFETR,,94.27,43.00,484,482,,,EA,ORB
STARLINK-5342,2023-065P,56516,PAY,+,US,2023-05-14,AFETR,,94.27,43.00,484,482,,,EA,ORB
STARLINK-5345,2023-065Q,56517,PAY,+,US,2023-05-14,AFETR,,94.27,43.00,483,483,,,EA,ORB
STARLINK-5346,2023-065R,56518,PAY,+,US,2023-05-14,AFETR,,94.27,43.00,484,482,,,EA,ORB
STARLINK-6313,2023-065S,56519,PAY,+,US,2023-05-14,AFETR,,94.27,43.01,484,482,,,EA,ORB
STARLINK-6344,2023-065T,56520,PAY,+,US,2023-05-14,AFETR,,94.27,43.00,484,483,,,EA,ORB
STARLINK-6333,2023-065U,56521,PAY,+,US,2023-05-14,AFETR,,94.27,43.00,483,483,,,EA,ORB
STARLINK-6327,2023-065V,56522,PAY,+,US,2023-05-14,AFETR,,94.27,43.00,484,482,,,EA,ORB
STARLINK-6328,2023-065W,56523,PAY,+,US,2023-05-14,AFETR,,94.27,43.00,484,482,,,EA,ORB
STARLINK-6323,2023-065X,56524,PAY,+,US,2023-05-14,AFETR,,94.27,43.00,484,482,,,EA,ORB
STARLINK-6329,2023-065Y,56525,PAY,+,US,2023-05-14,AFETR,,94.27,43.00,484,482,,,EA,ORB
STARLINK-6317,2023-065Z,56526,PAY,+,US,2023-05-14,AFETR,,94.27,43.00,484,482,,,EA,ORB
STARLINK-6335,2023-065AA,56527,PAY,+,US,2023-05-14,AFETR,,94.27,43.00,484,482,,,EA,ORB
STARLINK-6337,2023-065AB,56528,PAY,+,US,2023-05-14,AFETR,,94.27,43.00,484,483,,,EA,ORB
STARLINK-6307,2023-065AC,56529,PAY,+,US,2023-05-14,AFETR,,94.27,43.00,484,482,,,EA,ORB
STARLINK-6318,2023-065AD,56530,PAY,+,US,2023-05-14,AFETR,,94.27,43.00,484,482,,,EA,ORB
STARLINK-6280,2023-065AE,56531,PAY,+,US,2023-05-14,AFETR,,94.27,43.00,484,482,,,EA,ORB
STARLINK-6319,2023-065AF,56532,PAY,+,US,2023-05-14,AFETR,,94.27,43.00,484,483,,,EA,ORB
STARLINK-6310,2023-065AG,56533,PAY,+,US,2023-05-14,AFETR,,94.27,43.00,483,483,,,EA,ORB
STARLINK-6308,2023-065AH,56534,PAY,+,US,2023-05-14,AFETR,,94.27,43.00,484,482,,,EA,ORB
STARLINK-6309,2023-065AJ,56535,PAY,+,US,2023-05-14,AFETR,,94.27,43.00,483,483,,,EA,ORB
STARLINK-6312,2023-065AK,56536,PAY,+,US,2023-05-14,AFETR,,94.27,43.00,484,483,,,EA,ORB
STARLINK-6311,2023-065AL,56537,PAY,+,US,2023-05-14,AFETR,,94.27,43.00,484,482,,,EA,ORB
STARLINK-6314,2023-065AM,56538,PAY,+,US,2023-05-14,AFETR,,94.27,43.00,483,483,,,EA,ORB
STARLINK-6135,2023-065AN,56539,PAY,+,US,2023-05-14,AFETR,,94.27,43.00,483,483,,,EA,ORB
STARLINK-6136,2023-065AP,56540,PAY,+,US,2023-05-14,AFETR,,94.27,43.00,484,482,,,EA,ORB
STARLINK-6249,2023-065AQ,56541,PAY,+,US,2023-05-14,AFETR,,94.27,43.00,484,482,,,EA,ORB
STARLINK-6266,2023-065AR,56542,PAY,+,US,2023-05-14,AFETR,,94.27,43.00,483,483,,,EA,ORB
STARLINK-6226,2023-065AT,56544,PAY,+,US,2023-05-14,AFETR,,94.27,43.00,483,483,,,EA,ORB
STARLINK-6086,2023-065AU,56545,PAY,+,US,2023-05-14,AFETR,,94.27,43.00,484,482,,,EA,ORB
STARLINK-6187,2023-065AV,56546,PAY,+,US,2023-05-14,AFETR,,94.27,43.00,484,482,,,EA,ORB
STARLINK-6291,2023-065AW,56547,PAY,+,US,2023-05-14,AFETR,,94.27,43.00,484,483,,,EA,ORB
STARLINK-6244,2023-065AX,56548,PAY,+,US,2023-05-14,AFETR,,94.27,43.00,484,482,,,EA,ORB
STARLINK-6263,2023-065AY,56549,PAY,+,US,2023-05-14,AFETR,,94.27,43.00,484,482,,,EA,ORB
STARLINK-6255,2023-065AZ,56550,PAY,+,US,2023-05-14,AFETR,,94.27,43.00,484,482,,,EA,ORB
STARLINK-6199,2023-065BA,56551,PAY,+,US,2023-05-14,AFETR,,94.27,43.00,484,482,,,EA,ORB
STARLINK-5802,2023-065BB,56552,PAY,+,US,2023-05-14,AFETR,,94.27,43.00,484,482,,,EA,ORB
STARLINK-6074,2023-065BC,56553,PAY,+,US,2023-05-14,AFETR,,94.27,43.00,484,482,,,EA,ORB
STARLINK-6295,2023-065BD,56554,PAY,+,US,2023-05-14,AFETR,,94.27,43.00,484,482,,,EA,ORB
STARLINK-6252,2023-065BE,56555,PAY,+,US,2023-05-14,AFETR,,94.27,43.00,484,483,,,EA,ORB
STARLINK-5302,2023-065BF,56556,PAY,+,US,2023-05-14,AFETR,,94.27,43.00,484,483,,,EA,ORB
STARLINK-6265,2023-065BG,56557,PAY,+,US,2023-05-14,AFETR,,94.27,43.00,484,482,,,EA,ORB
STARLINK-6286,2023-065BH,56558,PAY,+,US,2023-05-14,AFETR,,94.27,43.00,484,482,,,EA,ORB
STARLINK-30122,2023-067A,56688,PAY,+,US,2023-05-19,AFETR,,94.27,43.00,484,482,,,EA,ORB
STARLINK-30129,2023-067B,56689,PAY,+,US,2023-05-19,AFETR,,94.27,43.00,484,482,,,EA,ORB
STARLINK-30124,2023-067C,56690,PAY,+,US,2023-05-19,AFETR,,94.27,43.00,484,482,,,EA,ORB
STARLINK-30036,2023-067E,56692,PAY,+,US,2023-05-19,AFETR,,94.27,43.00,484,482,,,EA,ORB
STARLINK-30067,2023-067F,56693,PAY,+,US,2023-05-19,AFETR,,94.27,43.00,485,481,,,EA,ORB
STARLINK-30126,2023-067G,56694,PAY,+,US,2023-05-19,AFETR,,94.27,43.00,484,482,,,EA,ORB
STARLINK-30121,2023-067H,56695,PAY,+,US,2023-05-19,AFETR,,94.27,43.00,484,482,,,EA,ORB
STARLINK-30130,2023-067K,56697,PAY,+,US,2023-05-19,AFETR,,94.27,43.00,484,482,,,EA,ORB
STARLINK-30068,2023-067L,56698,PAY,+,US,2023-05-19,AFETR,,94.27,43.00,484,482,,,EA,ORB
STARLINK-30127,2023-067M,56699,PAY,+,US,2023-05-19,AFETR,,94.27,43.01,484,482,,,EA,ORB
STARLINK-30053,2023-067N,56700,PAY,+,US,2023-05-19,AFETR,,94.27,43.00,484,482,,,EA,ORB
STARLINK-30125,2023-067P,56701,PAY,+,US,2023-05-19,AFETR,,94.27,43.00,484,482,,,EA,ORB
STARLINK-30117,2023-067Q,56702,PAY,+,US,2023-05-19,AFETR,,94.27,43.00,484,482,,,EA,ORB
STARLINK-30132,2023-067R,56703,PAY,+,US,2023-05-19,AFETR,,94.27,43.00,484,482,,,EA,ORB
STARLINK-30066,2023-067S,56704,PAY,+,US,2023-05-19,AFETR,,94.27,43.00,484,482,,,EA,ORB
STARLINK-30080,2023-067T,56705,PAY,+,US,2023-05-19,AFETR,,94.27,43.00,484,482,,,EA,ORB
STARLINK-30079,2023-067U,56706,PAY,+,US,2023-05-19,AFETR,,94.27,43.00,484,482,,,EA,ORB
STARLINK-30070,2023-067V,56707,PAY,+,US,2023-05-19,AFETR,,94.27,43.00,484,482,,,EA,ORB
STARLINK-30071,2023-067W,56708,PAY,+,US,2023-05-19,AFETR,,94.27,43.00,484,482,,,EA,ORB
STARLINK-30085,2023-067X,56709,PAY,+,US,2023-05-19,AFETR,,94.27,43.00,484,482,,,EA,ORB
STARLINK-6197,2023-078A,56767,PAY,P,US,2023-05-31,AFWTR,,94.47,69.99,497,488,,,EA,ORB
STARLINK-6198,2023-078B,56768,PAY,+,US,2023-05-31,AFWTR,,95.92,70.00,566,560,,,EA,ORB
STARLINK-6342,2023-078D,56770,PAY,+,US,2023-05-31,AFWTR,,96.11,70.00,575,569,,,EA,ORB
STARLINK-6275,2023-078F,56772,PAY,+,US,2023-05-31,AFWTR,,96.11,70.00,575,569,,,EA,ORB
STARLINK-6296,2023-078G,56773,PAY,+,US,2023-05-31,AFWTR,,96.11,70.00,574,570,,,EA,ORB
STARLINK-6190,2023-078H,56774,PAY,+,US,2023-05-31,AFWTR,,96.11,70.00,575,569,,,EA,ORB
STARLINK-6292,2023-078J,56775,PAY,+,US,2023-05-31,AFWTR,,96.11,70.00,574,570,,,EA,ORB
STARLINK-6274,2023-078K,56776,PAY,+,US,2023-05-31,AFWTR,,96.07,70.00,573,568,,,EA,ORB
STARLINK-5582,2023-078L,56777,PAY,+,US,2023-05-31,AFWTR,,96.11,70.00,574,570,,,EA,ORB
STARLINK-6304,2023-078M,56778,PAY,+,US,2023-05-31,AFWTR,,95.89,70.00,563,560,,,EA,ORB
STARLINK-6231,2023-078N,56779,PAY,+,US,2023-05-31,AFWTR,,96.11,70.00,574,570,,,EA,ORB
STARLINK-5963,2023-078P,56780,PAY,+,US,2023-05-31,AFWTR,,96.11,70.00,574,570,,,EA,ORB
STARLINK-5989,2023-078Q,56781,PAY,+,US,2023-05-31,AFWTR,,96.11,70.00,575,570,,,EA,ORB
STARLINK-6352,2023-078R,56782,PAY,+,US,2023-05-31,AFWTR,,95.61,70.00,551,545,,,EA,ORB
STARLINK-6357,2023-078S,56783,PAY,+,US,2023-05-31,AFWTR,,95.94,70.00,565,563,,,EA,ORB
STARLINK-6354,2023-078T,56784,PAY,+,US,2023-05-31,AFWTR,,95.90,70.00,563,561,,,EA,ORB
STARLINK-5931,2023-078U,56785,PAY,+,US,2023-05-31,AFWTR,,96.11,70.00,575,570,,,EA,ORB
STARLINK-6341,2023-078V,56786,PAY,+,US,2023-05-31,AFWTR,,96.11,70.00,574,570,,,EA,ORB
STARLINK-6326,2023-078W,56787,PAY,+,US,2023-05-31,AFWTR,,96.11,70.00,574,570,,,EA,ORB
STARLINK-6336,2023-078X,56788,PAY,+,US,2023-05-31,AFWTR,,96.10,70.00,573,570,,,EA,ORB
STARLINK-6345,2023-078Z,56790,PAY,+,US,2023-05-31,AFWTR,,96.11,70.00,574,570,,,EA,ORB
STARLINK-5977,2023-078AA,56791,PAY,+,US,2023-05-31,AFWTR,,96.11,70.00,574,570,,,EA,ORB
STARLINK-6046,2023-078AB,56792,PAY,+,US,2023-05-31,AFWTR,,96.11,70.00,574,570,,,EA,ORB
STARLINK-6052,2023-078AC,56793,PAY,+,US,2023-05-31,AFWTR,,96.11,70.00,574,570,,,EA,ORB
STARLINK-6060,2023-078AD,56794,PAY,+,US,2023-05-31,AFWTR,,96.11,70.00,574,570,,,EA,ORB
STARLINK-6061,2023-078AE,56795,PAY,+,US,2023-05-31,AFWTR,,96.11,70.00,574,570,,,EA,ORB
STARLINK-6049,2023-078AF,56796,PAY,+,US,2023-05-31,AFWTR,,96.11,70.00,575,570,,,EA,ORB
STARLINK-6058,2023-078AG,56797,PAY,+,US,2023-05-31,AFWTR,,96.11,70.00,575,570,,,EA,ORB
STARLINK-5953,2023-078AJ,56799,PAY,+,US,2023-05-31,AFWTR,,96.11,70.00,573,571,,,EA,ORB
STARLINK-6036,2023-078AK,56800,PAY,+,US,2023-05-31,AFWTR,,96.11,70.00,575,570,,,EA,ORB
STARLINK-6087,2023-078AL,56801,PAY,+,US,2023-05-31,AFWTR,,96.11,70.00,575,570,,,EA,ORB
STARLINK-6029,2023-078AN,56803,PAY,+,US,2023-05-31,AFWTR,,96.11,70.00,574,570,,,EA,ORB
STARLINK-6069,2023-078AP,56804,PAY,+,US,2023-05-31,AFWTR,,96.11,70.00,574,570,,,EA,ORB
STARLINK-6064,2023-078AQ,56805,PAY,+,US,2023-05-31,AFWTR,,96.11,70.00,574,570,,,EA,ORB
STARLINK-6072,2023-078AR,56806,PAY,+,US,2023-05-31,AFWTR,,96.11,70.00,574,570,,,EA,ORB
STARLINK-6073,2023-078AS,56807,PAY,+,US,2023-05-31,AFWTR,,96.11,70.00,574,570,,,EA,ORB
STARLINK-6042,2023-078AT,56808,PAY,+,US,2023-05-31,AFWTR,,96.11,70.00,574,570,,,EA,ORB
STARLINK-6040,2023-078AU,56809,PAY,+,US,2023-05-31,AFWTR,,96.11,70.00,574,570,,,EA,ORB
STARLINK-6031,2023-078AV,56810,PAY,+,US,2023-05-31,AFWTR,,96.11,70.00,574,570,,,EA,ORB
STARLINK-6065,2023-078AX,56812,PAY,+,US,2023-05-31,AFWTR,,96.11,70.00,574,570,,,EA,ORB
STARLINK-6056,2023-078AY,56813,PAY,+,US,2023-05-31,AFWTR,,96.11,70.00,575,570,,,EA,ORB
STARLINK-6059,2023-078AZ,56814,PAY,+,US,2023-05-31,AFWTR,,96.11,70.00,574,570,,,EA,ORB
STARLINK-6067,2023-078BB,56816,PAY,+,US,2023-05-31,AFWTR,,96.06,70.00,572,568,,,EA,ORB
STARLINK-6028,2023-078BD,56818,PAY,+,US,2023-05-31,AFWTR,,96.11,70.00,575,569,,,EA,ORB
STARLINK-30119,2023-079A,56823,PAY,+,US,2023-06-04,AFETR,,94.27,43.00,484,482,,,EA,ORB
STARLINK-30120,2023-079B,56824,PAY,+,US,2023-06-04,AFETR,,94.27,43.00,484,482,,,EA,ORB
STARLINK-30084,2023-079C,56825,PAY,+,US,2023-06-04,AFETR,,94.27,43.00,483,483,,,EA,ORB
STARLINK-30114,2023-079D,56826,PAY,+,US,2023-06-04,AFETR,,94.27,43.00,484,482,,,EA,ORB
STARLINK-30151,2023-079E,56827,PAY,+,US,2023-06-04,AFETR,,94.27,43.00,484,482,,,EA,ORB
STARLINK-30152,2023-079F,56828,PAY,+,US,2023-06-04,AFETR,,94.27,43.00,484,482,,,EA,ORB
STARLINK-30128,2023-079K,56832,PAY,+,US,2023-06-04,AFETR,,94.27,43.00,484,482,,,EA,ORB
STARLINK-30131,2023-079L,56833,PAY,+,US,2023-06-04,AFETR,,94.35,43.01,490,485,,,EA,ORB
STARLINK-30069,2023-079M,56834,PAY,P,US,2023-06-04,AFETR,,94.27,43.00,484,482,,,EA,ORB
STARLINK-30144,2023-079N,56835,PAY,P,US,2023-06-04,AFETR,,92.65,42.99,421,388,,,EA,ORB
STARLINK-30142,2023-079P,56836,PAY,+,US,2023-06-04,AFETR,,94.27,43.00,484,482,,,EA,ORB
STARLINK-30133,2023-079Q,56837,PAY,+,US,2023-06-04,AFETR,,94.27,43.00,484,482,,,EA,ORB
STARLINK-30123,2023-079R,56838,PAY,+,US,2023-06-04,AFETR,,94.27,43.00,484,482,,,EA,ORB
STARLINK-30076,2023-079S,56839,PAY,+,US,2023-06-04,AFETR,,94.27,43.00,484,482,,,EA,ORB
STARLINK-30073,2023-079T,56840,PAY,+,US,2023-06-04,AFETR,,94.27,43.00,484,482,,,EA,ORB
STARLINK-30078,2023-079U,56841,PAY,+,US,2023-06-04,AFETR,,94.27,43.00,484,482,,,EA,ORB
STARLINK-30135,2023-079V,56842,PAY,+,US,2023-06-04,AFETR,,94.27,43.00,484,482,,,EA,ORB
STARLINK-30137,2023-079W,56843,PAY,+,US,2023-06-04,AFETR,,94.27,43.00,484,482,,,EA,ORB
STARLINK-30136,2023-079X,56844,PAY,+,US,2023-06-04,AFETR,,94.27,43.00,484,482,,,EA,ORB
STARLINK-6206,2023-083A,56876,PAY,+,US,2023-06-12,AFETR,,94.27,43.00,484,482,,,EA,ORB
STARLINK-6209,2023-083B,56877,PAY,+,US,2023-06-12,AFETR,,94.27,43.00,484,482,,,EA,ORB
STARLINK-6182,2023-083C,56878,PAY,+,US,2023-06-12,AFETR,,94.27,43.00,484,482,,,EA,ORB
STARLINK-5707,2023-083D,56879,PAY,+,US,2023-06-12,AFETR,,94.27,43.00,484,482,,,EA,ORB
STARLINK-6177,2023-083E,56880,PAY,+,US,2023-06-12,AFETR,,94.27,43.00,484,482,,,EA,ORB
STARLINK-5853,2023-083F,56881,PAY,+,US,2023-06-12,AFETR,,94.27,43.00,484,482,,,EA,ORB
STARLINK-6175,2023-083G,56882,PAY,+,US,2023-06-12,AFETR,,94.27,43.00,484,482,,,EA,ORB
STARLINK-6171,2023-083H,56883,PAY,+,US,2023-06-12,AFETR,,94.27,43.00,484,482,,,EA,ORB
STARLINK-5515,2023-083J,56884,PAY,+,US,2023-06-12,AFETR,,94.27,43.00,484,482,,,EA,ORB
STARLINK-5095,2023-083K,56885,PAY,+,US,2023-06-12,AFETR,,94.27,43.01,484,482,,,EA,ORB
STARLINK-5496,2023-083L,56886,PAY,+,US,2023-06-12,AFETR,,94.27,43.00,484,482,,,EA,ORB
STARLINK-6180,2023-083M,56887,PAY,+,US,2023-06-12,AFETR,,94.27,43.00,484,482,,,EA,ORB
STARLINK-6181,2023-083N,56888,PAY,+,US,2023-06-12,AFETR,,94.27,43.00,484,482,,,EA,ORB
STARLINK-6169,2023-083P,56889,PAY,+,US,2023-06-12,AFETR,,94.27,43.00,484,482,,,EA,ORB
STARLINK-5528,2023-083Q,56890,PAY,+,US,2023-06-12,AFETR,,94.27,43.00,484,482,,,EA,ORB
STARLINK-6213,2023-083R,56891,PAY,+,US,2023-06-12,AFETR,,94.27,43.00,484,482,,,EA,ORB
STARLINK-6219,2023-083S,56892,PAY,+,US,2023-06-12,AFETR,,94.27,43.00,484,482,,,EA,ORB
STARLINK-6216,2023-083T,56893,PAY,+,US,2023-06-12,AFETR,,94.27,43.00,484,482,,,EA,ORB
STARLINK-6144,2023-083U,56894,PAY,+,US,2023-06-12,AFETR,,94.27,43.00,484,482,,,EA,ORB
STARLINK-6208,2023-083V,56895,PAY,+,US,2023-06-12,AFETR,,94.27,43.00,484,482,,,EA,ORB
STARLINK-6202,2023-083W,56896,PAY,+,US,2023-06-12,AFETR,,94.27,43.00,484,482,,,EA,ORB
STARLINK-6200,2023-083X,56897,PAY,+,US,2023-06-12,AFETR,,94.27,43.00,484,482,,,EA,ORB
STARLINK-6205,2023-083Y,56898,PAY,+,US,2023-06-12,AFETR,,94.27,43.00,484,482,,,EA,ORB
STARLINK-6203,2023-083Z,56899,PAY,+,US,2023-06-12,AFETR,,94.27,43.00,484,482,,,EA,ORB
STARLINK-6207,2023-083AA,56900,PAY,+,US,2023-06-12,AFETR,,94.27,43.00,484,482,,,EA,ORB
STARLINK-6185,2023-083AB,56901,PAY,+,US,2023-06-12,AFETR,,94.27,43.00,484,482,,,EA,ORB
STARLINK-6195,2023-083AC,56902,PAY,+,US,2023-06-12,AFETR,,94.27,43.00,484,482,,,EA,ORB
STARLINK-6192,2023-083AD,56903,PAY,+,US,2023-06-12,AFETR,,94.27,43.00,484,482,,,EA,ORB
STARLINK-6193,2023-083AE,56904,PAY,+,US,2023-06-12,AFETR,,94.27,43.00,484,482,,,EA,ORB
STARLINK-6183,2023-083AF,56905,PAY,+,US,2023-06-12,AFETR,,94.27,43.00,485,481,,,EA,ORB
STARLINK-6098,2023-083AG,56906,PAY,+,US,2023-06-12,AFETR,,94.27,43.00,484,482,,,EA,ORB
STARLINK-6110,2023-083AH,56907,PAY,+,US,2023-06-12,AFETR,,94.27,43.00,484,482,,,EA,ORB
STARLINK-6186,2023-083AJ,56908,PAY,+,US,2023-06-12,AFETR,,94.27,43.00,484,482,,,EA,ORB
STARLINK-5999,2023-083AK,56909,PAY,+,US,2023-06-12,AFETR,,94.27,43.00,484,482,,,EA,ORB
STARLINK-6179,2023-083AL,56910,PAY,+,US,2023-06-12,AFETR,,94.27,43.00,484,482,,,EA,ORB
STARLINK-6116,2023-083AM,56911,PAY,+,US,2023-06-12,AFETR,,94.27,43.00,484,482,,,EA,ORB
STARLINK-5805,2023-083AN,56912,PAY,+,US,2023-06-12,AFETR,,94.27,43.00,484,482,,,EA,ORB
STARLINK-5950,2023-083AP,56913,PAY,+,US,2023-06-12,AFETR,,94.27,43.00,484,482,,,EA,ORB
STARLINK-5961,2023-083AQ,56914,PAY,+,US,2023-06-12,AFETR,,94.27,43.00,484,482,,,EA,ORB
STARLINK-5965,2023-083AR,56915,PAY,+,US,2023-06-12,AFETR,,94.27,43.00,484,482,,,EA,ORB
STARLINK-5973,2023-083AS,56916,PAY,+,US,2023-06-12,AFETR,,94.27,43.00,484,482,,,EA,ORB
STARLINK-5971,2023-083AT,56917,PAY,+,US,2023-06-12,AFETR,,94.27,43.00,484,482,,,EA,ORB
STARLINK-5951,2023-083AU,56918,PAY,+,US,2023-06-12,AFETR,,94.27,43.00,484,482,,,EA,ORB
STARLINK-5966,2023-083AV,56919,PAY,+,US,2023-06-12,AFETR,,94.27,43.00,484,482,,,EA,ORB
STARLINK-5960,2023-083AW,56920,PAY,+,US,2023-06-12,AFETR,,94.27,43.00,484,482,,,EA,ORB
STARLINK-5958,2023-083AX,56921,PAY,+,US,2023-06-12,AFETR,,94.27,43.00,484,482,,,EA,ORB
STARLINK-5937,2023-083AY,56922,PAY,+,US,2023-06-12,AFETR,,94.27,43.00,484,482,,,EA,ORB
STARLINK-5952,2023-083AZ,56923,PAY,+,US,2023-06-12,AFETR,,94.27,43.00,484,482,,,EA,ORB
STARLINK-5731,2023-083BA,56924,PAY,+,US,2023-06-12,AFETR,,94.27,43.01,484,482,,,EA,ORB
STARLINK-5733,2023-083BB,56925,PAY,+,US,2023-06-12,AFETR,,94.27,43.00,484,482,,,EA,ORB
STARLINK-5746,2023-083BC,56926,PAY,+,US,2023-06-12,AFETR,,94.27,43.00,484,482,,,EA,ORB
STARLINK-5808,2023-083BD,56927,PAY,+,US,2023-06-12,AFETR,,94.27,43.00,484,482,,,EA,ORB
STARLINK-5850,2023-088B,57049,PAY,+,US,2023-06-22,AFWTR,,94.27,43.00,484,482,,,EA,ORB
STARLINK-5845,2023-088C,57050,PAY,+,US,2023-06-22,AFWTR,,94.27,43.00,484,482,,,EA,ORB
STARLINK-5839,2023-088D,57051,PAY,+,US,2023-06-22,AFWTR,,94.27,43.00,484,482,,,EA,ORB
STARLINK-5860,2023-088E,57052,PAY,+,US,2023-06-22,AFWTR,,94.27,43.00,485,482,,,EA,ORB
STARLINK-5865,2023-088F,57053,PAY,+,US,2023-06-22,AFWTR,,94.27,43.00,484,482,,,EA,ORB
STARLINK-5881,2023-088G,57054,PAY,+,US,2023-06-22,AFWTR,,94.27,43.00,484,482,,,EA,ORB
STARLINK-6237,2023-088H,57055,PAY,+,US,2023-06-22,AFWTR,,94.27,43.00,484,482,,,EA,ORB
STARLINK-6353,2023-088J,57056,PAY,+,US,2023-06-22,AFWTR,,94.27,43.00,484,482,,,EA,ORB
STARLINK-6223,2023-088K,57057,PAY,+,US,2023-06-22,AFWTR,,94.27,43.00,484,482,,,EA,ORB
STARLINK-6217,2023-088L,57058,PAY,+,US,2023-06-22,AFWTR,,94.27,43.00,484,482,,,EA,ORB
STARLINK-6211,2023-088M,57059,PAY,P,US,2023-06-22,AFWTR,,94.27,43.00,484,482,,,EA,ORB
STARLINK-6227,2023-088N,57060,PAY,+,US,2023-06-22,AFWTR,,94.27,43.00,484,482,,,EA,ORB
STARLINK-5869,2023-088P,57061,PAY,+,US,2023-06-22,AFWTR,,94.29,43.00,485,483,,,EA,ORB
STARLINK-5536,2023-088Q,57062,PAY,+,US,2023-06-22,AFWTR,,94.27,43.00,484,482,,,EA,ORB
STARLINK-5832,2023-088R,57063,PAY,+,US,2023-06-22,AFWTR,,94.27,43.00,484,482,,,EA,ORB
STARLINK-5822,2023-088S,57064,PAY,+,US,2023-06-22,AFWTR,,94.27,43.00,484,482,,,EA,ORB
STARLINK-5830,2023-088T,57065,PAY,+,US,2023-06-22,AFWTR,,94.27,43.00,484,482,,,EA,ORB
STARLINK-5827,2023-088U,57066,PAY,+,US,2023-06-22,AFWTR,,94.27,43.00,484,482,,,EA,ORB
STARLINK-5824,2023-088V,57067,PAY,+,US,2023-06-22,AFWTR,,94.27,43.00,484,482,,,EA,ORB
STARLINK-5844,2023-088W,57068,PAY,+,US,2023-06-22,AFWTR,,94.27,43.00,484,482,,,EA,ORB
STARLINK-5821,2023-088X,57069,PAY,+,US,2023-06-22,AFWTR,,94.27,43.00,484,482,,,EA,ORB
STARLINK-5828,2023-088Y,57070,PAY,+,US,2023-06-22,AFWTR,,94.27,43.00,484,482,,,EA,ORB
STARLINK-5834,2023-088Z,57071,PAY,+,US,2023-06-22,AFWTR,,94.27,43.00,484,482,,,EA,ORB
STARLINK-5843,2023-088AA,57072,PAY,+,US,2023-06-22,AFWTR,,94.27,43.00,484,482,,,EA,ORB
STARLINK-5838,2023-088AB,57073,PAY,+,US,2023-06-22,AFWTR,,94.27,43.00,484,482,,,EA,ORB
STARLINK-5773,2023-088AC,57074,PAY,+,US,2023-06-22,AFWTR,,94.27,43.00,484,482,,,EA,ORB
STARLINK-5542,2023-088AD,57075,PAY,+,US,2023-06-22,AFWTR,,94.27,43.01,484,482,,,EA,ORB
STARLINK-6155,2023-088AE,57076,PAY,+,US,2023-06-22,AFWTR,,94.27,43.00,485,482,,,EA,ORB
STARLINK-6194,2023-088AF,57077,PAY,+,US,2023-06-22,AFWTR,,94.27,43.00,484,482,,,EA,ORB
STARLINK-6245,2023-088AH,57079,PAY,+,US,2023-06-22,AFWTR,,94.27,43.00,484,482,,,EA,ORB
STARLINK-6243,2023-088AJ,57080,PAY,+,US,2023-06-22,AFWTR,,94.27,43.00,484,482,,,EA,ORB
STARLINK-6184,2023-088AK,57081,PAY,+,US,2023-06-22,AFWTR,,94.27,43.00,483,483,,,EA,ORB
STARLINK-6248,2023-088AL,57082,PAY,+,US,2023-06-22,AFWTR,,94.27,43.00,484,482,,,EA,ORB
STARLINK-6253,2023-088AM,57083,PAY,+,US,2023-06-22,AFWTR,,94.27,43.00,484,482,,,EA,ORB
STARLINK-6240,2023-088AN,57084,PAY,+,US,2023-06-22,AFWTR,,94.27,43.00,484,482,,,EA,ORB
STARLINK-6232,2023-088AP,57085,PAY,+,US,2023-06-22,AFWTR,,94.27,43.00,484,482,,,EA,ORB
STARLINK-6247,2023-088AQ,57086,PAY,+,US,2023-06-22,AFWTR,,94.27,43.00,484,482,,,EA,ORB
STARLINK-6251,2023-088AR,57087,PAY,+,US,2023-06-22,AFWTR,,94.27,43.00,484,482,,,EA,ORB
STARLINK-6257,2023-088AS,57088,PAY,+,US,2023-06-22,AFWTR,,94.27,43.00,484,482,,,EA,ORB
STARLINK-6259,2023-088AT,57089,PAY,+,US,2023-06-22,AFWTR,,94.27,43.00,484,482,,,EA,ORB
STARLINK-6254,2023-088AU,57090,PAY,+,US,2023-06-22,AFWTR,,94.27,43.00,484,482,,,EA,ORB
STARLINK-6262,2023-088AV,57091,PAY,+,US,2023-06-22,AFWTR,,94.27,43.00,484,482,,,EA,ORB
STARLINK-6225,2023-088AW,57092,PAY,+,US,2023-06-22,AFWTR,,94.27,43.00,484,482,,,EA,ORB
STARLINK-6229,2023-088AX,57093,PAY,+,US,2023-06-22,AFWTR,,94.27,43.00,484,482,,,EA,ORB
STARLINK-6235,2023-088AY,57094,PAY,+,US,2023-06-22,AFWTR,,94.27,43.00,484,482,,,EA,ORB
STARLINK-6132,2023-090A,57101,PAY,+,US,2023-06-23,AFETR,,94.27,43.01,486,480,,,EA,ORB
STARLINK-6111,2023-090B,57102,PAY,+,US,2023-06-23,AFETR,,94.27,43.00,484,483,,,EA,ORB
STARLINK-6130,2023-090D,57104,PAY,+,US,2023-06-23,AFETR,,94.27,43.00,484,482,,,EA,ORB
STARLINK-6097,2023-090E,57105,PAY,+,US,2023-06-23,AFETR,,94.27,43.00,484,482,,,EA,ORB
STARLINK-6118,2023-090F,57106,PAY,+,US,2023-06-23,AFETR,,94.27,43.00,484,482,,,EA,ORB
STARLINK-6131,2023-090G,57107,PAY,+,US,2023-06-23,AFETR,,94.27,43.00,484,482,,,EA,ORB
STARLINK-6099,2023-090H,57108,PAY,+,US,2023-06-23,AFETR,,94.27,43.00,484,482,,,EA,ORB
STARLINK-6139,2023-090J,57109,PAY,+,US,2023-06-23,AFETR,,94.27,43.01,484,482,,,EA,ORB
STARLINK-6134,2023-090K,57110,PAY,+,US,2023-06-23,AFETR,,94.27,43.01,484,482,,,EA,ORB
STARLINK-6140,2023-090L,57111,PAY,+,US,2023-06-23,AFETR,,94.27,43.00,484,482,,,EA,ORB
STARLINK-6141,2023-090M,57112,PAY,+,US,2023-06-23,AFETR,,94.27,43.00,484,482,,,EA,ORB
STARLINK-6142,2023-090N,57113,PAY,+,US,2023-06-23,AFETR,,94.27,43.00,484,482,,,EA,ORB
STARLINK-6125,2023-090P,57114,PAY,+,US,2023-06-23,AFETR,,94.27,43.00,484,482,,,EA,ORB
STARLINK-6085,2023-090Q,57115,PAY,P,US,2023-06-23,AFETR,,94.69,43.00,517,490,,,EA,ORB
STARLINK-6129,2023-090R,57116,PAY,+,US,2023-06-23,AFETR,,94.27,43.00,484,482,,,EA,ORB
STARLINK-6148,2023-090S,57117,PAY,+,US,2023-06-23,AFETR,,94.27,43.00,484,482,,,EA,ORB
STARLINK-6150,2023-090U,57119,PAY,+,US,2023-06-23,AFETR,,94.27,43.00,484,482,,,EA,ORB
STARLINK-6147,2023-090V,57120,PAY,+,US,2023-06-23,AFETR,,94.27,43.00,484,482,,,EA,ORB
STARLINK-6152,2023-090W,57121,PAY,+,US,2023-06-23,AFETR,,94.27,43.00,485,481,,,EA,ORB
STARLINK-6149,2023-090X,57122,PAY,+,US,2023-06-23,AFETR,,94.27,43.00,484,482,,,EA,ORB
STARLINK-6154,2023-090Y,57123,PAY,+,US,2023-06-23,AFETR,,94.27,43.00,484,482,,,EA,ORB
STARLINK-6146,2023-090Z,57124,PAY,+,US,2023-06-23,AFETR,,94.27,43.00,484,482,,,EA,ORB
STARLINK-6100,2023-090AA,57125,PAY,+,US,2023-06-23,AFETR,,94.27,43.00,484,482,,,EA,ORB
STARLINK-6167,2023-090AB,57126,PAY,+,US,2023-06-23,AFETR,,94.27,43.00,484,482,,,EA,ORB
STARLINK-6165,2023-090AC,57127,PAY,+,US,2023-06-23,AFETR,,94.27,43.00,484,482,,,EA,ORB
STARLINK-6163,2023-090AD,57128,PAY,+,US,2023-06-23,AFETR,,94.27,43.00,484,482,,,EA,ORB
STARLINK-6170,2023-090AE,57129,PAY,+,US,2023-06-23,AFETR,,94.27,43.00,484,482,,,EA,ORB
STARLINK-6172,2023-090AF,57130,PAY,+,US,2023-06-23,AFETR,,94.27,43.00,484,482,,,EA,ORB
STARLINK-6162,2023-090AG,57131,PAY,+,US,2023-06-23,AFETR,,94.27,43.00,484,482,,,EA,ORB
STARLINK-6128,2023-090AH,57132,PAY,+,US,2023-06-23,AFETR,,94.27,43.00,484,482,,,EA,ORB
STARLINK-6143,2023-090AJ,57133,PAY,+,US,2023-06-23,AFETR,,94.27,43.00,484,482,,,EA,ORB
STARLINK-6133,2023-090AK,57134,PAY,+,US,2023-06-23,AFETR,,94.27,43.00,484,482,,,EA,ORB
STARLINK-6127,2023-090AL,57135,PAY,+,US,2023-06-23,AFETR,,94.27,43.01,484,482,,,EA,ORB
STARLINK-6112,2023-090AM,57136,PAY,+,US,2023-06-23,AFETR,,94.27,43.00,484,482,,,EA,ORB
STARLINK-5347,2023-090AN,57137,PAY,+,US,2023-06-23,AFETR,,94.27,43.00,484,482,,,EA,ORB
STARLINK-5336,2023-090AP,57138,PAY,+,US,2023-06-23,AFETR,,94.27,43.00,484,482,,,EA,ORB
STARLINK-5355,2023-090AQ,57139,PAY,+,US,2023-06-23,AFETR,,94.27,43.00,484,483,,,EA,ORB
STARLINK-5357,2023-090AS,57141,PAY,+,US,2023-06-23,AFETR,,94.27,43.00,484,482,,,EA,ORB
STARLINK-5361,2023-090AT,57142,PAY,+,US,2023-06-23,AFETR,,94.27,43.00,484,482,,,EA,ORB
STARLINK-5358,2023-090AU,57143,PAY,+,US,2023-06-23,AFETR,,94.27,43.00,484,482,,,EA,ORB
STARLINK-5150,2023-090AV,57144,PAY,+,US,2023-06-23,AFETR,,94.27,43.01,484,482,,,EA,ORB
STARLINK-5768,2023-090AW,57145,PAY,+,US,2023-06-23,AFETR,,94.27,43.00,484,482,,,EA,ORB
STARLINK-5791,2023-090AX,57146,PAY,+,US,2023-06-23,AFETR,,94.27,43.01,484,482,,,EA,ORB
STARLINK-5765,2023-090AY,57147,PAY,+,US,2023-06-23,AFETR,,94.27,43.00,484,482,,,EA,ORB
STARLINK-5788,2023-090AZ,57148,PAY,+,US,2023-06-23,AFETR,,94.27,43.00,484,482,,,EA,ORB
STARLINK-5778,2023-090BA,57149,PAY,+,US,2023-06-23,AFETR,,94.27,43.00,484,482,,,EA,ORB
STARLINK-5780,2023-090BB,57150,PAY,+,US,2023-06-23,AFETR,,94.27,43.00,484,482,,,EA,ORB
STARLINK-5776,2023-090BC,57151,PAY,+,US,2023-06-23,AFETR,,94.27,43.00,484,482,,,EA,ORB
STARLINK-6164,2023-090BD,57152,PAY,+,US,2023-06-23,AFETR,,94.27,43.00,484,482,,,EA,ORB
STARLINK-5879,2023-090BE,57153,PAY,+,US,2023-06-23,AFETR,,94.27,43.00,484,482,,,EA,ORB
STARLINK-6106,2023-090BF,57154,PAY,+,US,2023-06-23,AFETR,,94.27,43.00,484,482,,,EA,ORB
STARLINK-6108,2023-090BG,57155,PAY,+,US,2023-06-23,AFETR,,94.27,43.00,484,482,,,EA,ORB
STARLINK-5525,2023-094A,57218,PAY,+,US,2023-07-07,AFWTR,,94.27,43.00,484,482,,,EA,ORB
STARLINK-5520,2023-094B,57219,PAY,+,US,2023-07-07,AFWTR,,94.27,43.00,484,482,,,EA,ORB
STARLINK-5880,2023-094C,57220,PAY,+,US,2023-07-07,AFWTR,,94.27,43.00,484,482,,,EA,ORB
STARLINK-5870,2023-094E,57222,PAY,+,US,2023-07-07,AFWTR,,94.27,43.00,484,482,,,EA,ORB
STARLINK-5519,2023-094F,57223,PAY,+,US,2023-07-07,AFWTR,,94.27,43.00,484,482,,,EA,ORB
STARLINK-5983,2023-094G,57224,PAY,+,US,2023-07-07,AFWTR,,94.27,43.00,484,482,,,EA,ORB
STARLINK-6294,2023-094H,57225,PAY,+,US,2023-07-07,AFWTR,,94.27,43.00,484,482,,,EA,ORB
STARLINK-6350,2023-094J,57226,PAY,+,US,2023-07-07,AFWTR,,94.27,43.01,484,482,,,EA,ORB
STARLINK-5996,2023-094K,57227,PAY,+,US,2023-07-07,AFWTR,,94.27,43.00,484,482,,,EA,ORB
STARLINK-6230,2023-094L,57228,PAY,+,US,2023-07-07,AFWTR,,94.27,43.00,484,482,,,EA,ORB
STARLINK-6233,2023-094M,57229,PAY,+,US,2023-07-07,AFWTR,,94.27,43.01,484,482,,,EA,ORB
STARLINK-6250,2023-094N,57230,PAY,+,US,2023-07-07,AFWTR,,94.27,43.01,484,482,,,EA,ORB
STARLINK-5840,2023-094P,57231,PAY,+,US,2023-07-07,AFWTR,,94.27,43.00,484,483,,,EA,ORB
STARLINK-5872,2023-094Q,57232,PAY,+,US,2023-07-07,AFWTR,,94.27,43.01,484,482,,,EA,ORB
STARLINK-5866,2023-094R,57233,PAY,+,US,2023-07-07,AFWTR,,94.27,43.00,484,482,,,EA,ORB
STARLINK-6368,2023-094S,57234,PAY,+,US,2023-07-07,AFWTR,,94.27,43.00,484,482,,,EA,ORB
STARLINK-6360,2023-094T,57235,PAY,+,US,2023-07-07,AFWTR,,94.27,43.00,484,482,,,EA,ORB
STARLINK-6315,2023-094U,57236,PAY,+,US,2023-07-07,AFWTR,,94.27,43.00,484,482,,,EA,ORB
STARLINK-6365,2023-094V,57237,PAY,+,US,2023-07-07,AFWTR,,94.27,43.00,484,482,,,EA,ORB
STARLINK-6334,2023-094W,57238,PAY,+,US,2023-07-07,AFWTR,,94.27,43.01,484,482,,,EA,ORB
STARLINK-6330,2023-094X,57239,PAY,+,US,2023-07-07,AFWTR,,94.27,43.00,484,482,,,EA,ORB
STARLINK-6351,2023-094Y,57240,PAY,+,US,2023-07-07,AFWTR,,94.27,43.00,484,482,,,EA,ORB
STARLINK-6349,2023-094Z,57241,PAY,+,US,2023-07-07,AFWTR,,94.27,43.01,484,482,,,EA,ORB
STARLINK-6306,2023-094AA,57242,PAY,+,US,2023-07-07,AFWTR,,94.27,43.01,485,481,,,EA,ORB
STARLINK-6346,2023-094AB,57243,PAY,+,US,2023-07-07,AFWTR,,94.27,43.01,484,482,,,EA,ORB
STARLINK-5610,2023-094AC,57244,PAY,+,US,2023-07-07,AFWTR,,94.27,43.00,484,482,,,EA,ORB
STARLINK-5587,2023-094AD,57245,PAY,+,US,2023-07-07,AFWTR,,94.27,43.01,484,482,,,EA,ORB
STARLINK-5049,2023-094AE,57246,PAY,+,US,2023-07-07,AFWTR,,94.27,43.00,484,482,,,EA,ORB
STARLINK-5039,2023-094AF,57247,PAY,+,US,2023-07-07,AFWTR,,94.27,43.00,484,482,,,EA,ORB
STARLINK-5514,2023-094AG,57248,PAY,+,US,2023-07-07,AFWTR,,94.27,43.00,484,482,,,EA,ORB
STARLINK-5517,2023-094AH,57249,PAY,+,US,2023-07-07,AFWTR,,94.27,43.00,484,482,,,EA,ORB
STARLINK-5488,2023-094AJ,57250,PAY,+,US,2023-07-07,AFWTR,,94.27,43.00,484,482,,,EA,ORB
STARLINK-5513,2023-094AK,57251,PAY,+,US,2023-07-07,AFWTR,,94.27,43.00,484,482,,,EA,ORB
STARLINK-5511,2023-094AL,57252,PAY,+,US,2023-07-07,AFWTR,,94.27,43.00,485,482,,,EA,ORB
STARLINK-5516,2023-094AM,57253,PAY,+,US,2023-07-07,AFWTR,,94.27,43.00,484,482,,,EA,ORB
STARLINK-5490,2023-094AN,57254,PAY,+,US,2023-07-07,AFWTR,,94.27,43.00,484,482,,,EA,ORB
STARLINK-5481,2023-094AP,57255,PAY,+,US,2023-07-07,AFWTR,,94.27,43.00,484,482,,,EA,ORB
STARLINK-5512,2023-094AQ,57256,PAY,+,US,2023-07-07,AFWTR,,94.26,43.01,484,482,,,EA,ORB
STARLINK-5503,2023-094AR,57257,PAY,+,US,2023-07-07,AFWTR,,94.27,43.00,484,482,,,EA,ORB
STARLINK-5476,2023-094AS,57258,PAY,+,US,2023-07-07,AFWTR,,94.27,43.00,484,482,,,EA,ORB
STARLINK-5026,2023-094AU,57260,PAY,+,US,2023-07-07,AFWTR,,94.27,43.00,484,482,,,EA,ORB
STARLINK-5485,2023-094AV,57261,PAY,+,US,2023-07-07,AFWTR,,94.27,43.00,484,482,,,EA,ORB
STARLINK-5504,2023-094AW,57262,PAY,+,US,2023-07-07,AFWTR,,94.27,43.00,484,482,,,EA,ORB
STARLINK-5509,2023-094AX,57263,PAY,+,US,2023-07-07,AFWTR,,94.27,43.00,484,482,,,EA,ORB
STARLINK-5858,2023-094AY,57264,PAY,+,US,2023-07-07,AFWTR,,94.27,43.00,484,482,,,EA,ORB
STARLINK-30198,2023-096A,57290,PAY,+,US,2023-07-10,AFETR,,94.00,42.98,479,462,,,EA,ORB
STARLINK-30239,2023-096B,57291,PAY,+,US,2023-07-10,AFETR,,92.27,43.00,387,384,,,EA,ORB
STARLINK-30235,2023-096E,57294,PAY,+,US,2023-07-10,AFETR,,93.05,43.00,425,423,,,EA,ORB
STARLINK-30236,2023-096L,57300,PAY,+,US,2023-07-10,AFETR,,92.10,43.00,379,377,,,EA,ORB
STARLINK-30201,2023-096M,57301,PAY,+,US,2023-07-10,AFETR,,94.27,43.00,484,482,,,EA,ORB
STARLINK-30233,2023-096N,57302,PAY,+,US,2023-07-10,AFETR,,92.36,43.00,392,389,,,EA,ORB
STARLINK-30184,2023-096W,57310,PAY,+,US,2023-07-10,AFETR,,94.27,43.00,484,482,,,EA,ORB
STARLINK-6290,2023-099A,57328,PAY,+,US,2023-07-16,AFETR,,94.27,43.00,484,482,,,EA,ORB
STARLINK-6138,2023-099B,57329,PAY,+,US,2023-07-16,AFETR,,94.27,43.00,484,482,,,EA,ORB
STARLINK-6212,2023-099C,57330,PAY,+,US,2023-07-16,AFETR,,94.27,43.00,484,482,,,EA,ORB
STARLINK-6234,2023-099D,57331,PAY,+,US,2023-07-16,AFETR,,94.27,43.00,484,482,,,EA,ORB
STARLINK-5831,2023-099E,57332,PAY,+,US,2023-07-16,AFETR,,94.27,43.00,484,482,,,EA,ORB
STARLINK-5585,2023-099F,57333,PAY,+,US,2023-07-16,AFETR,,94.27,43.00,484,482,,,EA,ORB
STARLINK-5589,2023-099G,57334,PAY,+,US,2023-07-16,AFETR,,94.27,43.00,484,482,,,EA,ORB
STARLINK-6316,2023-099H,57335,PAY,+,US,2023-07-16,AFETR,,94.27,43.00,484,482,,,EA,ORB
STARLINK-6320,2023-099J,57336,PAY,+,US,2023-07-16,AFETR,,94.27,43.00,484,482,,,EA,ORB
STARLINK-6322,2023-099K,57337,PAY,+,US,2023-07-16,AFETR,,94.27,43.00,484,482,,,EA,ORB
STARLINK-6374,2023-099L,57338,PAY,+,US,2023-07-16,AFETR,,94.27,43.00,484,482,,,EA,ORB
STARLINK-6332,2023-099M,57339,PAY,+,US,2023-07-16,AFETR,,94.27,43.00,484,482,,,EA,ORB
STARLINK-6321,2023-099N,57340,PAY,+,US,2023-07-16,AFETR,,94.27,43.00,484,482,,,EA,ORB
STARLINK-6377,2023-099P,57341,PAY,+,US,2023-07-16,AFETR,,94.27,43.00,484,482,,,EA,ORB
STARLINK-6375,2023-099Q,57342,PAY,+,US,2023-07-16,AFETR,,94.27,43.00,484,482,,,EA,ORB
STARLINK-6379,2023-099R,57343,PAY,+,US,2023-07-16,AFETR,,94.27,43.00,484,482,,,EA,ORB
STARLINK-6380,2023-099S,57344,PAY,+,US,2023-07-16,AFETR,,94.27,43.00,484,482,,,EA,ORB
STARLINK-6373,2023-099T,57345,PAY,+,US,2023-07-16,AFETR,,94.27,43.00,484,482,,,EA,ORB
STARLINK-6359,2023-099U,57346,PAY,+,US,2023-07-16,AFETR,,94.27,43.00,484,482,,,EA,ORB
STARLINK-6378,2023-099V,57347,PAY,+,US,2023-07-16,AFETR,,94.27,43.00,484,482,,,EA,ORB
STARLINK-6372,2023-099W,57348,PAY,+,US,2023-07-16,AFETR,,94.27,43.00,484,483,,,EA,ORB
STARLINK-6376,2023-099X,57349,PAY,+,US,2023-07-16,AFETR,,94.27,43.00,484,482,,,EA,ORB
STARLINK-6362,2023-099Y,57350,PAY,+,US,2023-07-16,AFETR,,94.27,43.00,484,483,,,EA,ORB
STARLINK-6331,2023-099Z,57351,PAY,+,US,2023-07-16,AFETR,,94.27,43.00,484,482,,,EA,ORB
STARLINK-6297,2023-099AA,57352,PAY,+,US,2023-07-16,AFETR,,94.27,43.00,484,482,,,EA,ORB
STARLINK-6324,2023-099AB,57353,PAY,+,US,2023-07-16,AFETR,,94.27,43.00,484,482,,,EA,ORB
STARLINK-6293,2023-099AC,57354,PAY,+,US,2023-07-16,AFETR,,94.27,43.00,484,482,,,EA,ORB
STARLINK-6276,2023-099AD,57355,PAY,+,US,2023-07-16,AFETR,,94.27,43.01,484,482,,,EA,ORB
STARLINK-6355,2023-099AE,57356,PAY,+,US,2023-07-16,AFETR,,94.27,43.00,484,482,,,EA,ORB
STARLINK-5600,2023-099AF,57357,PAY,+,US,2023-07-16,AFETR,,94.27,43.00,484,482,,,EA,ORB
STARLINK-6299,2023-099AG,57358,PAY,+,US,2023-07-16,AFETR,,94.27,43.00,484,482,,,EA,ORB
STARLINK-6347,2023-099AH,57359,PAY,+,US,2023-07-16,AFETR,,94.27,43.00,484,482,,,EA,ORB
STARLINK-6348,2023-099AJ,57360,PAY,+,US,2023-07-16,AFETR,,94.27,43.00,484,482,,,EA,ORB
STARLINK-6340,2023-099AK,57361,PAY,+,US,2023-07-16,AFETR,,94.27,43.00,484,482,,,EA,ORB
STARLINK-6343,2023-099AL,57362,PAY,+,US,2023-07-16,AFETR,,94.27,43.00,484,482,,,EA,ORB
STARLINK-6356,2023-099AM,57363,PAY,+,US,2023-07-16,AFETR,,94.27,43.00,484,482,,,EA,ORB
STARLINK-6338,2023-099AN,57364,PAY,+,US,2023-07-16,AFETR,,94.27,43.00,484,482,,,EA,ORB
STARLINK-5007,2023-099AP,57365,PAY,+,US,2023-07-16,AFETR,,94.27,43.00,484,482,,,EA,ORB
STARLINK-6174,2023-099AQ,57366,PAY,+,US,2023-07-16,AFETR,,94.27,43.00,484,482,,,EA,ORB
STARLINK-6215,2023-099AR,57367,PAY,+,US,2023-07-16,AFETR,,94.27,43.00,484,482,,,EA,ORB
STARLINK-6218,2023-099AS,57368,PAY,+,US,2023-07-16,AFETR,,94.27,43.00,484,482,,,EA,ORB
STARLINK-6168,2023-099AT,57369,PAY,+,US,2023-07-16,AFETR,,93.90,43.00,469,462,,,EA,ORB
STARLINK-5353,2023-099AU,57370,PAY,+,US,2023-07-16,AFETR,,94.27,43.00,484,483,,,EA,ORB
STARLINK-6032,2023-099AV,57371,PAY,+,US,2023-07-16,AFETR,,94.27,43.00,484,482,,,EA,ORB
STARLINK-5975,2023-099AW,57372,PAY,+,US,2023-07-16,AFETR,,94.27,43.00,484,482,,,EA,ORB
STARLINK-6370,2023-099AX,57373,PAY,+,US,2023-07-16,AFETR,,94.27,43.00,484,483,,,EA,ORB
STARLINK-6369,2023-099AY,57374,PAY,+,US,2023-07-16,AFETR,,94.27,43.00,484,483,,,EA,ORB
STARLINK-6363,2023-099AZ,57375,PAY,+,US,2023-07-16,AFETR,,94.27,43.00,484,482,,,EA,ORB
STARLINK-6367,2023-099BA,57376,PAY,+,US,2023-07-16,AFETR,,94.27,43.00,483,483,,,EA,ORB
STARLINK-6358,2023-099BB,57377,PAY,+,US,2023-07-16,AFETR,,94.27,43.00,484,483,,,EA,ORB
STARLINK-6364,2023-099BC,57378,PAY,+,US,2023-07-16,AFETR,,94.27,43.00,484,482,,,EA,ORB
STARLINK-6361,2023-099BD,57379,PAY,+,US,2023-07-16,AFETR,,94.27,43.00,484,482,,,EA,ORB
STARLINK-6366,2023-099BE,57380,PAY,+,US,2023-07-16,AFETR,,94.27,43.00,484,482,,,EA,ORB
STARLINK-6371,2023-099BF,57381,PAY,+,US,2023-07-16,AFETR,,94.27,43.00,484,482,,,EA,ORB
STARLINK-30240,2023-102A,57404,PAY,+,US,2023-07-20,AFWTR,,94.27,43.00,484,482,,,EA,ORB
STARLINK-30207,2023-102D,57407,PAY,+,US,2023-07-20,AFWTR,,94.27,43.00,484,482,,,EA,ORB
STARLINK-30205,2023-102E,57408,PAY,+,US,2023-07-20,AFWTR,,94.00,43.00,473,467,,,EA,ORB
STARLINK-30222,2023-102F,57409,PAY,+,US,2023-07-20,AFWTR,,94.27,43.00,484,482,,,EA,ORB
STARLINK-30172,2023-102G,57410,PAY,+,US,2023-07-20,AFWTR,,93.30,43.00,437,434,,,EA,ORB
STARLINK-30214,2023-102H,57411,PAY,+,US,2023-07-20,AFWTR,,94.27,43.00,484,482,,,EA,ORB
STARLINK-30182,2023-102J,57412,PAY,+,US,2023-07-20,AFWTR,,91.35,43.00,342,340,,,EA,ORB
STARLINK-30191,2023-102K,57413,PAY,+,US,2023-07-20,AFWTR,,93.35,43.00,440,437,,,EA,ORB
STARLINK-30193,2023-102L,57414,PAY,P,US,2023-07-20,AFWTR,,91.87,43.00,371,362,,,EA,ORB
STARLINK-30208,2023-102M,57415,PAY,+,US,2023-07-20,AFWTR,,94.27,43.00,484,482,,,EA,ORB
STARLINK-30224,2023-102N,57416,PAY,+,US,2023-07-20,AFWTR,,92.16,43.00,381,379,,,EA,ORB
STARLINK-30043,2023-102P,57417,PAY,+,US,2023-07-20,AFWTR,,94.27,43.00,484,482,,,EA,ORB
STARLINK-30221,2023-102Q,57418,PAY,+,US,2023-07-20,AFWTR,,92.45,43.00,396,393,,,EA,ORB
STARLINK-30105,2023-105D,57433,PAY,+,US,2023-07-24,AFETR,,94.27,43.00,484,482,,,EA,ORB
STARLINK-30102,2023-105E,57434,PAY,+,US,2023-07-24,AFETR,,94.27,43.00,484,482,,,EA,ORB
STARLINK-30158,2023-105J,57438,PAY,+,US,2023-07-24,AFETR,,94.27,43.00,484,482,,,EA,ORB
STARLINK-30160,2023-105M,57441,PAY,+,US,2023-07-24,AFETR,,94.27,43.00,484,482,,,EA,ORB
STARLINK-30146,2023-105N,57442,PAY,+,US,2023-07-24,AFETR,,94.27,43.00,484,482,,,EA,ORB
STARLINK-30197,2023-105P,57443,PAY,+,US,2023-07-24,AFETR,,94.27,43.00,484,482,,,EA,ORB
STARLINK-30181,2023-105Q,57444,PAY,+,US,2023-07-24,AFETR,,94.27,43.00,484,482,,,EA,ORB
STARLINK-30215,2023-105R,57445,PAY,+,US,2023-07-24,AFETR,,94.27,43.00,484,482,,,EA,ORB
STARLINK-30162,2023-105S,57446,PAY,+,US,2023-07-24,AFETR,,94.27,43.00,484,482,,,EA,ORB
STARLINK-30178,2023-105T,57447,PAY,+,US,2023-07-24,AFETR,,94.27,43.00,484,482,,,EA,ORB
STARLINK-30196,2023-105U,57448,PAY,+,US,2023-07-24,AFETR,,94.27,43.00,484,482,,,EA,ORB
STARLINK-30225,2023-105V,57449,PAY,+,US,2023-07-24,AFETR,,94.27,43.00,484,482,,,EA,ORB
STARLINK-30217,2023-105W,57450,PAY,+,US,2023-07-24,AFETR,,94.27,43.00,484,482,,,EA,ORB
STARLINK-30216,2023-105X,57451,PAY,+,US,2023-07-24,AFETR,,94.27,43.00,484,482,,,EA,ORB
STARLINK-30165,2023-107A,57457,PAY,+,US,2023-07-28,AFETR,,94.27,43.01,484,482,,,EA,ORB
STARLINK-30140,2023-107B,57458,PAY,+,US,2023-07-28,AFETR,,94.27,43.00,484,482,,,EA,ORB
STARLINK-30077,2023-107D,57460,PAY,+,US,2023-07-28,AFETR,,94.27,43.00,484,482,,,EA,ORB
STARLINK-30229,2023-107E,57461,PAY,+,US,2023-07-28,AFETR,,94.27,43.00,484,482,,,EA,ORB
STARLINK-30088,2023-107F,57462,PAY,+,US,2023-07-28,AFETR,,94.27,43.01,485,481,,,EA,ORB
STARLINK-30116,2023-107J,57465,PAY,+,US,2023-07-28,AFETR,,94.27,43.01,485,482,,,EA,ORB
STARLINK-30092,2023-107L,57467,PAY,+,US,2023-07-28,AFETR,,94.27,43.01,484,482,,,EA,ORB
STARLINK-30039,2023-107M,57468,PAY,+,US,2023-07-28,AFETR,,94.27,43.01,485,481,,,EA,ORB
STARLINK-30171,2023-107N,57469,PAY,+,US,2023-07-28,AFETR,,94.27,43.01,484,482,,,EA,ORB
STARLINK-30186,2023-107P,57470,PAY,P,US,2023-07-28,AFETR,,91.82,43.00,366,361,,,EA,ORB
STARLINK-30204,2023-107R,57472,PAY,+,US,2023-07-28,AFETR,,94.27,43.01,485,482,,,EA,ORB
STARLINK-30155,2023-107U,57475,PAY,+,US,2023-07-28,AFETR,,94.27,43.00,484,482,,,EA,ORB
STARLINK-30161,2023-107V,57476,PAY,+,US,2023-07-28,AFETR,,94.27,43.01,485,481,,,EA,ORB
STARLINK-30176,2023-107W,57477,PAY,+,US,2023-07-28,AFETR,,94.27,43.00,484,482,,,EA,ORB
STARLINK-30154,2023-113A,57495,PAY,+,US,2023-08-07,AFETR,,94.27,43.00,484,482,,,EA,ORB
STARLINK-30145,2023-113B,57496,PAY,+,US,2023-08-07,AFETR,,94.36,42.99,489,485,,,EA,ORB
STARLINK-30226,2023-113C,57497,PAY,+,US,2023-08-07,AFETR,,94.27,43.00,484,482,,,EA,ORB
STARLINK-30203,2023-113D,57498,PAY,+,US,2023-08-07,AFETR,,94.27,43.01,485,482,,,EA,ORB
STARLINK-30169,2023-113E,57499,PAY,+,US,2023-08-07,AFETR,,94.27,43.00,484,482,,,EA,ORB
STARLINK-30164,2023-113F,57500,PAY,+,US,2023-08-07,AFETR,,94.27,43.00,484,482,,,EA,ORB
STARLINK-30072,2023-113G,57501,PAY,+,US,2023-08-07,AFETR,,94.27,43.00,484,482,,,EA,ORB
STARLINK-30230,2023-113J,57503,PAY,+,US,2023-08-07,AFETR,,94.27,43.00,484,482,,,EA,ORB
STARLINK-30213,2023-113K,57504,PAY,+,US,2023-08-07,AFETR,,94.27,43.01,485,481,,,EA,ORB
STARLINK-30227,2023-113L,57505,PAY,+,US,2023-08-07,AFETR,,93.97,43.00,481,456,,,EA,ORB
STARLINK-30212,2023-113M,57506,PAY,+,US,2023-08-07,AFETR,,94.27,43.00,484,482,,,EA,ORB
STARLINK-30219,2023-113N,57507,PAY,P,US,2023-08-07,AFETR,,94.27,43.00,484,482,,,EA,ORB
STARLINK-30074,2023-113P,57508,PAY,+,US,2023-08-07,AFETR,,94.27,43.00,484,482,,,EA,ORB
STARLINK-30082,2023-113Q,57509,PAY,+,US,2023-08-07,AFETR,,94.27,43.00,484,482,,,EA,ORB
STARLINK-30153,2023-113R,57510,PAY,+,US,2023-08-07,AFETR,,94.27,43.01,485,481,,,EA,ORB
STARLINK-30147,2023-113S,57511,PAY,+,US,2023-08-07,AFETR,,94.27,43.01,484,482,,,EA,ORB
STARLINK-30157,2023-113T,57512,PAY,+,US,2023-08-07,AFETR,,94.27,43.00,484,482,,,EA,ORB
STARLINK-30168,2023-113U,57513,PAY,+,US,2023-08-07,AFETR,,94.27,43.00,484,482,,,EA,ORB
STARLINK-30231,2023-113V,57514,PAY,+,US,2023-08-07,AFETR,,94.27,43.00,484,482,,,EA,ORB
STARLINK-30081,2023-113W,57515,PAY,+,US,2023-08-07,AFETR,,94.27,43.00,484,482,,,EA,ORB
STARLINK-30149,2023-113X,57516,PAY,+,US,2023-08-07,AFETR,,94.27,43.00,485,482,,,EA,ORB
STARLINK-30259,2023-115A,57521,PAY,+,US,2023-08-08,AFWTR,,94.27,43.00,485,481,,,EA,ORB
STARLINK-30256,2023-115B,57522,PAY,+,US,2023-08-08,AFWTR,,94.27,43.00,484,482,,,EA,ORB
STARLINK-30261,2023-115C,57523,PAY,+,US,2023-08-08,AFWTR,,94.27,43.00,484,482,,,EA,ORB
STARLINK-30260,2023-115D,57524,PAY,+,US,2023-08-08,AFWTR,,94.27,43.00,484,482,,,EA,ORB
STARLINK-30253,2023-115E,57525,PAY,+,US,2023-08-08,AFWTR,,94.27,43.00,484,482,,,EA,ORB
STARLINK-30257,2023-115F,57526,PAY,+,US,2023-08-08,AFWTR,,94.27,43.00,484,482,,,EA,ORB
STARLINK-30250,2023-115G,57527,PAY,+,US,2023-08-08,AFWTR,,94.25,43.00,484,481,,,EA,ORB
STARLINK-30269,2023-115H,57528,PAY,+,US,2023-08-08,AFWTR,,94.27,43.01,485,481,,,EA,ORB
STARLINK-30266,2023-115J,57529,PAY,+,US,2023-08-08,AFWTR,,94.27,43.01,484,482,,,EA,ORB
STARLINK-30270,2023-115K,57530,PAY,+,US,2023-08-08,AFWTR,,94.27,43.00,484,482,,,EA,ORB
STARLINK-30268,2023-115L,57531,PAY,+,US,2023-08-08,AFWTR,,94.27,43.00,484,482,,,EA,ORB
STARLINK-30251,2023-115M,57532,PAY,+,US,2023-08-08,AFWTR,,94.27,43.01,484,482,,,EA,ORB
STARLINK-30254,2023-115N,57533,PAY,+,US,2023-08-08,AFWTR,,94.27,43.00,484,482,,,EA,ORB
STARLINK-30264,2023-115P,57534,PAY,+,US,2023-08-08,AFWTR,,94.27,43.00,484,482,,,EA,ORB
STARLINK-30166,2023-119A,57602,PAY,+,US,2023-08-11,AFETR,,94.27,43.00,484,482,,,EA,ORB
STARLINK-30223,2023-119B,57603,PAY,+,US,2023-08-11,AFETR,,95.11,43.00,531,516,,,EA,ORB
STARLINK-30218,2023-119C,57604,PAY,+,US,2023-08-11,AFETR,,94.27,43.00,484,482,,,EA,ORB
STARLINK-30138,2023-119D,57605,PAY,+,US,2023-08-11,AFETR,,94.27,43.00,484,482,,,EA,ORB
STARLINK-30255,2023-119E,57606,PAY,+,US,2023-08-11,AFETR,,94.27,43.00,484,482,,,EA,ORB
STARLINK-30252,2023-119F,57607,PAY,+,US,2023-08-11,AFETR,,94.27,43.00,484,482,,,EA,ORB
STARLINK-30258,2023-119G,57608,PAY,+,US,2023-08-11,AFETR,,94.27,43.00,484,482,,,EA,ORB
STARLINK-30174,2023-119H,57609,PAY,+,US,2023-08-11,AFETR,,94.27,43.00,484,482,,,EA,ORB
STARLINK-30248,2023-119J,57610,PAY,+,US,2023-08-11,AFETR,,94.27,43.00,484,482,,,EA,ORB
STARLINK-30052,2023-119K,57611,PAY,+,US,2023-08-11,AFETR,,94.27,43.00,484,482,,,EA,ORB
STARLINK-30245,2023-119L,57612,PAY,+,US,2023-08-11,AFETR,,94.27,43.00,484,482,,,EA,ORB
STARLINK-30041,2023-119M,57613,PAY,+,US,2023-08-11,AFETR,,94.27,43.00,484,482,,,EA,ORB
STARLINK-30244,2023-119N,57614,PAY,+,US,2023-08-11,AFETR,,94.27,43.00,484,482,,,EA,ORB
STARLINK-30246,2023-119P,57615,PAY,+,US,2023-08-11,AFETR,,93.97,43.00,474,463,,,EA,ORB
STARLINK-30075,2023-119Q,57616,PAY,+,US,2023-08-11,AFETR,,94.27,43.00,485,481,,,EA,ORB
STARLINK-30148,2023-119R,57617,PAY,+,US,2023-08-11,AFETR,,94.27,43.00,484,482,,,EA,ORB
STARLINK-30249,2023-119S,57618,PAY,+,US,2023-08-11,AFETR,,94.27,43.00,484,482,,,EA,ORB
STARLINK-30141,2023-119U,57620,PAY,+,US,2023-08-11,AFETR,,94.27,43.00,484,482,,,EA,ORB
STARLINK-30150,2023-119V,57621,PAY,+,US,2023-08-11,AFETR,,94.27,43.00,484,482,,,EA,ORB
STARLINK-30056,2023-119W,57622,PAY,+,US,2023-08-11,AFETR,,94.27,43.00,484,482,,,EA,ORB
STARLINK-30100,2023-119X,57623,PAY,+,US,2023-08-11,AFETR,,94.27,43.00,484,482,,,EA,ORB
STARLINK-30309,2023-122A,57632,PAY,+,US,2023-08-17,AFETR,,94.27,43.00,484,482,,,EA,ORB
STARLINK-30306,2023-122B,57633,PAY,+,US,2023-08-17,AFETR,,94.27,43.00,484,482,,,EA,ORB
STARLINK-30323,2023-122C,57634,PAY,+,US,2023-08-17,AFETR,,94.27,43.00,484,482,,,EA,ORB
STARLINK-30329,2023-122D,57635,PAY,+,US,2023-08-17,AFETR,,94.27,43.00,484,482,,,EA,ORB
STARLINK-30330,2023-122E,57636,PAY,+,US,2023-08-17,AFETR,,94.27,43.00,484,482,,,EA,ORB
STARLINK-30311,2023-122F,57637,PAY,+,US,2023-08-17,AFETR,,94.27,43.00,484,482,,,EA,ORB
STARLINK-30328,2023-122G,57638,PAY,+,US,2023-08-17,AFETR,,94.27,43.00,484,483,,,EA,ORB
STARLINK-30326,2023-122H,57639,PAY,+,US,2023-08-17,AFETR,,94.27,43.00,484,482,,,EA,ORB
STARLINK-30324,2023-122J,57640,PAY,+,US,2023-08-17,AFETR,,94.27,43.00,484,482,,,EA,ORB
STARLINK-30312,2023-122K,57641,PAY,+,US,2023-08-17,AFETR,,94.27,43.00,484,482,,,EA,ORB
STARLINK-30263,2023-122L,57642,PAY,+,US,2023-08-17,AFETR,,94.27,43.00,484,482,,,EA,ORB
STARLINK-30280,2023-122M,57643,PAY,+,US,2023-08-17,AFETR,,94.27,43.00,484,482,,,EA,ORB
STARLINK-30247,2023-122N,57644,PAY,+,US,2023-08-17,AFETR,,94.27,43.00,484,482,,,EA,ORB
STARLINK-30277,2023-122P,57645,PAY,+,US,2023-08-17,AFETR,,94.27,43.01,485,481,,,EA,ORB
STARLINK-30265,2023-122Q,57646,PAY,+,US,2023-08-17,AFETR,,94.27,43.00,484,482,,,EA,ORB
STARLINK-30286,2023-122R,57647,PAY,+,US,2023-08-17,AFETR,,94.27,43.00,484,482,,,EA,ORB
STARLINK-30243,2023-122S,57648,PAY,+,US,2023-08-17,AFETR,,94.27,43.00,485,481,,,EA,ORB
STARLINK-30299,2023-122U,57650,PAY,+,US,2023-08-17,AFETR,,94.27,43.00,484,482,,,EA,ORB
STARLINK-30294,2023-122V,57651,PAY,+,US,2023-08-17,AFETR,,94.27,43.01,485,481,,,EA,ORB
STARLINK-30276,2023-122W,57652,PAY,+,US,2023-08-17,AFETR,,94.27,43.00,484,482,,,EA,ORB
STARLINK-30289,2023-122X,57653,PAY,+,US,2023-08-17,AFETR,,94.27,43.01,484,482,,,EA,ORB
STARLINK-30267,2023-124A,57663,PAY,+,US,2023-08-22,AFWTR,,93.85,53.16,464,462,,,EA,ORB
STARLINK-30298,2023-124C,57665,PAY,+,US,2023-08-22,AFWTR,,93.85,53.16,464,462,,,EA,ORB
STARLINK-30301,2023-124D,57666,PAY,P,US,2023-08-22,AFWTR,,93.87,53.16,465,463,,,EA,ORB
STARLINK-30275,2023-124E,57667,PAY,+,US,2023-08-22,AFWTR,,93.85,53.16,463,462,,,EA,ORB
STARLINK-30278,2023-124F,57668,PAY,+,US,2023-08-22,AFWTR,,93.85,53.16,463,462,,,EA,ORB
STARLINK-30271,2023-124G,57669,PAY,+,US,2023-08-22,AFWTR,,94.01,53.16,471,470,,,EA,ORB
STARLINK-30322,2023-124H,57670,PAY,+,US,2023-08-22,AFWTR,,93.85,53.16,463,462,,,EA,ORB
STARLINK-30296,2023-124J,57671,PAY,+,US,2023-08-22,AFWTR,,93.85,53.16,464,462,,,EA,ORB
STARLINK-30274,2023-124K,57672,PAY,+,US,2023-08-22,AFWTR,,93.85,53.16,464,462,,,EA,ORB
STARLINK-30316,2023-124L,57673,PAY,+,US,2023-08-22,AFWTR,,93.85,53.16,464,462,,,EA,ORB
STARLINK-30313,2023-124P,57676,PAY,+,US,2023-08-22,AFWTR,,93.85,53.16,463,462,,,EA,ORB
STARLINK-30303,2023-124Q,57677,PAY,+,US,2023-08-22,AFWTR,,93.85,53.16,464,462,,,EA,ORB
STARLINK-30320,2023-124R,57678,PAY,+,US,2023-08-22,AFWTR,,93.85,53.16,464,462,,,EA,ORB
STARLINK-30321,2023-124S,57679,PAY,+,US,2023-08-22,AFWTR,,93.85,53.16,464,462,,,EA,ORB
STARLINK-30283,2023-124T,57680,PAY,+,US,2023-08-22,AFWTR,,92.40,53.16,393,391,,,EA,ORB
STARLINK-30273,2023-124U,57681,PAY,+,US,2023-08-22,AFWTR,,93.65,53.16,455,452,,,EA,ORB
STARLINK-30297,2023-124V,57682,PAY,+,US,2023-08-22,AFWTR,,93.84,53.16,463,462,,,EA,ORB
STARLINK-30295,2023-124W,57683,PAY,+,US,2023-08-22,AFWTR,,93.85,53.16,463,462,,,EA,ORB
STARLINK-30288,2023-129A,57698,PAY,+,US,2023-08-27,AFETR,,94.27,43.00,484,482,,,EA,ORB
STARLINK-30347,2023-129B,57699,PAY,+,US,2023-08-27,AFETR,,94.27,43.00,484,482,,,EA,ORB
STARLINK-30332,2023-129C,57700,PAY,+,US,2023-08-27,AFETR,,94.27,43.01,484,482,,,EA,ORB
STARLINK-30345,2023-129D,57701,PAY,+,US,2023-08-27,AFETR,,94.27,43.00,484,482,,,EA,ORB
STARLINK-30333,2023-129E,57702,PAY,+,US,2023-08-27,AFETR,,94.27,43.00,484,482,,,EA,ORB
STARLINK-30336,2023-129F,57703,PAY,+,US,2023-08-27,AFETR,,94.27,43.00,484,482,,,EA,ORB
STARLINK-30346,2023-129G,57704,PAY,+,US,2023-08-27,AFETR,,94.27,43.00,484,482,,,EA,ORB
STARLINK-30327,2023-129K,57707,PAY,P,US,2023-08-27,AFETR,,92.18,42.99,405,358,,,EA,ORB
STARLINK-30315,2023-129L,57708,PAY,+,US,2023-08-27,AFETR,,94.27,43.00,484,482,,,EA,ORB
STARLINK-30287,2023-129M,57709,PAY,+,US,2023-08-27,AFETR,,94.27,43.00,484,482,,,EA,ORB
STARLINK-30335,2023-129N,57710,PAY,+,US,2023-08-27,AFETR,,94.27,43.00,484,482,,,EA,ORB
STARLINK-30318,2023-129P,57711,PAY,+,US,2023-08-27,AFETR,,94.27,43.01,484,482,,,EA,ORB
STARLINK-30348,2023-129Q,57712,PAY,+,US,2023-08-27,AFETR,,94.27,43.00,483,483,,,EA,ORB
STARLINK-30349,2023-129R,57713,PAY,+,US,2023-08-27,AFETR,,94.27,43.00,484,483,,,EA,ORB
STARLINK-30341,2023-129S,57714,PAY,+,US,2023-08-27,AFETR,,94.27,43.00,484,482,,,EA,ORB
STARLINK-30300,2023-129T,57715,PAY,+,US,2023-08-27,AFETR,,94.27,43.00,484,482,,,EA,ORB
STARLINK-30281,2023-129U,57716,PAY,+,US,2023-08-27,AFETR,,94.27,43.00,484,482,,,EA,ORB
STARLINK-30325,2023-129V,57717,PAY,+,US,2023-08-27,AFETR,,94.27,43.00,484,482,,,EA,ORB
STARLINK-30338,2023-129W,57718,PAY,+,US,2023-08-27,AFETR,,94.27,43.00,484,482,,,EA,ORB
STARLINK-30334,2023-129X,57719,PAY,+,US,2023-08-27,AFETR,,94.27,43.01,484,482,,,EA,ORB
STARLINK-30375,2023-131A,57732,PAY,+,US,2023-09-01,AFETR,,94.27,43.00,484,482,,,EA,ORB
STARLINK-30310,2023-131B,57733,PAY,+,US,2023-09-01,AFETR,,94.27,43.00,484,482,,,EA,ORB
STARLINK-30365,2023-131C,57734,PAY,+,US,2023-09-01,AFETR,,94.27,43.00,484,482,,,EA,ORB
STARLINK-30371,2023-131D,57735,PAY,+,US,2023-09-01,AFETR,,94.27,43.00,484,482,,,EA,ORB
STARLINK-30352,2023-131E,57736,PAY,+,US,2023-09-01,AFETR,,94.27,43.00,484,482,,,EA,ORB
STARLINK-30344,2023-131F,57737,PAY,+,US,2023-09-01,AFETR,,94.27,43.00,484,482,,,EA,ORB
STARLINK-30351,2023-131G,57738,PAY,+,US,2023-09-01,AFETR,,94.27,43.00,484,482,,,EA,ORB
STARLINK-30242,2023-131H,57739,PAY,+,US,2023-09-01,AFETR,,94.27,43.00,484,482,,,EA,ORB
STARLINK-30331,2023-131J,57740,PAY,+,US,2023-09-01,AFETR,,94.27,43.01,484,482,,,EA,ORB
STARLINK-30364,2023-131K,57741,PAY,+,US,2023-09-01,AFETR,,94.27,43.00,484,482,,,EA,ORB
STARLINK-30308,2023-131L,57742,PAY,+,US,2023-09-01,AFETR,,94.27,43.00,484,483,,,EA,ORB
STARLINK-30361,2023-131M,57743,PAY,+,US,2023-09-01,AFETR,,94.27,43.00,484,482,,,EA,ORB
STARLINK-30363,2023-131N,57744,PAY,+,US,2023-09-01,AFETR,,94.27,43.00,484,482,,,EA,ORB
STARLINK-30362,2023-131P,57745,PAY,+,US,2023-09-01,AFETR,,94.27,43.00,484,482,,,EA,ORB
STARLINK-30350,2023-131Q,57746,PAY,+,US,2023-09-01,AFETR,,94.27,43.01,484,482,,,EA,ORB
STARLINK-30307,2023-131R,57747,PAY,+,US,2023-09-01,AFETR,,94.27,43.00,484,482,,,EA,ORB
STARLINK-30356,2023-131S,57748,PAY,+,US,2023-09-01,AFETR,,94.27,43.00,484,482,,,EA,ORB
STARLINK-30366,2023-131T,57749,PAY,+,US,2023-09-01,AFETR,,94.27,43.00,484,482,,,EA,ORB
STARLINK-30357,2023-131U,57750,PAY,+,US,2023-09-01,AFETR,,94.27,43.00,484,482,,,EA,ORB
STARLINK-30370,2023-131V,57751,PAY,P,US,2023-09-01,AFETR,,93.89,43.00,465,464,,,EA,ORB
STARLINK-30368,2023-131W,57752,PAY,+,US,2023-09-01,AFETR,,94.27,43.00,484,482,,,EA,ORB
STARLINK-30343,2023-131X,57753,PAY,+,US,2023-09-01,AFETR,,94.27,43.00,484,482,,,EA,ORB
STARLINK-30397,2023-134A,57771,PAY,+,US,2023-09-04,AFETR,,94.27,43.00,484,482,,,EA,ORB
STARLINK-30354,2023-134B,57772,PAY,+,US,2023-09-04,AFETR,,94.27,43.00,484,482,,,EA,ORB
STARLINK-30383,2023-134C,57773,PAY,+,US,2023-09-04,AFETR,,94.27,43.00,484,482,,,EA,ORB
STARLINK-30384,2023-134D,57774,PAY,+,US,2023-09-04,AFETR,,94.27,43.00,484,482,,,EA,ORB
STARLINK-30305,2023-134E,57775,PAY,+,US,2023-09-04,AFETR,,94.27,43.00,484,482,,,EA,ORB
STARLINK-30360,2023-134F,57776,PAY,+,US,2023-09-04,AFETR,,94.27,43.00,484,482,,,EA,ORB
STARLINK-30355,2023-134G,57777,PAY,+,US,2023-09-04,AFETR,,94.27,43.00,484,482,,,EA,ORB
STARLINK-30385,2023-134H,57778,PAY,+,US,2023-09-04,AFETR,,94.27,43.00,484,482,,,EA,ORB
STARLINK-30359,2023-134J,57779,PAY,+,US,2023-09-04,AFETR,,94.27,43.00,484,482,,,EA,ORB
STARLINK-30380,2023-134K,57780,PAY,+,US,2023-09-04,AFETR,,94.27,43.00,484,482,,,EA,ORB
STARLINK-30369,2023-134L,57781,PAY,+,US,2023-09-04,AFETR,,94.27,43.00,484,483,,,EA,ORB
STARLINK-30376,2023-134M,57782,PAY,+,US,2023-09-04,AFETR,,94.27,43.00,484,482,,,EA,ORB
STARLINK-30389,2023-134N,57783,PAY,+,US,2023-09-04,AFETR,,94.27,43.00,484,482,,,EA,ORB
STARLINK-30388,2023-134P,57784,PAY,+,US,2023-09-04,AFETR,,94.27,43.00,484,482,,,EA,ORB
STARLINK-30381,2023-134Q,57785,PAY,+,US,2023-09-04,AFETR,,94.27,43.00,484,482,,,EA,ORB
STARLINK-30382,2023-134R,57786,PAY,+,US,2023-09-04,AFETR,,94.27,43.00,484,482,,,EA,ORB
STARLINK-30378,2023-134S,57787,PAY,+,US,2023-09-04,AFETR,,94.27,43.00,484,482,,,EA,ORB
STARLINK-30387,2023-134T,57788,PAY,+,US,2023-09-04,AFETR,,94.27,43.00,484,482,,,EA,ORB
STARLINK-30372,2023-134U,57789,PAY,+,US,2023-09-04,AFETR,,94.27,43.00,484,482,,,EA,ORB
STARLINK-30367,2023-134W,57791,PAY,+,US,2023-09-04,AFETR,,94.27,43.00,484,482,,,EA,ORB
STARLINK-30374,2023-138B,57809,PAY,+,US,2023-09-09,AFETR,,94.27,43.00,484,482,,,EA,ORB
STARLINK-30394,2023-138C,57810,PAY,+,US,2023-09-09,AFETR,,94.27,43.00,484,482,,,EA,ORB
STARLINK-30379,2023-138D,57811,PAY,+,US,2023-09-09,AFETR,,94.27,43.00,484,482,,,EA,ORB
STARLINK-30395,2023-138E,57812,PAY,+,US,2023-09-09,AFETR,,94.27,43.00,484,482,,,EA,ORB
STARLINK-30403,2023-138F,57813,PAY,+,US,2023-09-09,AFETR,,94.27,43.00,484,482,,,EA,ORB
STARLINK-30413,2023-138G,57814,PAY,+,US,2023-09-09,AFETR,,94.27,43.00,484,482,,,EA,ORB
STARLINK-30398,2023-138H,57815,PAY,+,US,2023-09-09,AFETR,,94.27,43.00,484,482,,,EA,ORB
STARLINK-30386,2023-138J,57816,PAY,+,US,2023-09-09,AFETR,,94.27,43.00,484,482,,,EA,ORB
STARLINK-30391,2023-138K,57817,PAY,+,US,2023-09-09,AFETR,,94.27,43.00,484,482,,,EA,ORB
STARLINK-30401,2023-138L,57818,PAY,+,US,2023-09-09,AFETR,,94.27,43.00,484,482,,,EA,ORB
STARLINK-30390,2023-138M,57819,PAY,+,US,2023-09-09,AFETR,,94.27,43.00,484,482,,,EA,ORB
STARLINK-30409,2023-138N,57820,PAY,+,US,2023-09-09,AFETR,,94.27,43.00,484,482,,,EA,ORB
STARLINK-30415,2023-138P,57821,PAY,+,US,2023-09-09,AFETR,,94.27,43.00,484,482,,,EA,ORB
STARLINK-30407,2023-138R,57823,PAY,+,US,2023-09-09,AFETR,,94.27,43.00,484,482,,,EA,ORB
STARLINK-30408,2023-138S,57824,PAY,+,US,2023-09-09,AFETR,,94.27,43.00,484,482,,,EA,ORB
STARLINK-30377,2023-138T,57825,PAY,+,US,2023-09-09,AFETR,,94.27,43.00,484,482,,,EA,ORB
STARLINK-30422,2023-138U,57826,PAY,+,US,2023-09-09,AFETR,,94.27,43.00,484,482,,,EA,ORB
STARLINK-30402,2023-138V,57827,PAY,+,US,2023-09-09,AFETR,,94.27,43.01,484,482,,,EA,ORB
STARLINK-30411,2023-138W,57828,PAY,+,US,2023-09-09,AFETR,,94.27,43.00,484,482,,,EA,ORB
STARLINK-30418,2023-138X,57829,PAY,+,US,2023-09-09,AFETR,,94.27,43.00,484,482,,,EA,ORB
STARLINK-30285,2023-141A,57840,PAY,+,US,2023-09-12,AFWTR,,94.01,53.16,472,470,,,EA,ORB
STARLINK-30410,2023-141B,57841,PAY,+,US,2023-09-12,AFWTR,,94.01,53.16,472,470,,,EA,ORB
STARLINK-30435,2023-141C,57842,PAY,+,US,2023-09-12,AFWTR,,94.01,53.16,472,470,,,EA,ORB
STARLINK-30423,2023-141D,57843,PAY,+,US,2023-09-12,AFWTR,,94.01,53.16,472,470,,,EA,ORB
STARLINK-30292,2023-141E,57844,PAY,+,US,2023-09-12,AFWTR,,93.85,53.16,464,462,,,EA,ORB
STARLINK-30416,2023-141H,57847,PAY,+,US,2023-09-12,AFWTR,,94.01,53.16,472,470,,,EA,ORB
STARLINK-30426,2023-141J,57848,PAY,+,US,2023-09-12,AFWTR,,93.85,53.16,464,462,,,EA,ORB
STARLINK-30430,2023-141K,57849,PAY,+,US,2023-09-12,AFWTR,,94.01,53.16,472,470,,,EA,ORB
STARLINK-30425,2023-141L,57850,PAY,+,US,2023-09-12,AFWTR,,93.85,53.16,464,462,,,EA,ORB
STARLINK-30405,2023-141M,57851,PAY,+,US,2023-09-12,AFWTR,,94.01,53.16,472,470,,,EA,ORB
STARLINK-30431,2023-141N,57852,PAY,+,US,2023-09-12,AFWTR,,93.85,53.16,464,462,,,EA,ORB
STARLINK-30404,2023-141P,57853,PAY,+,US,2023-09-12,AFWTR,,93.85,53.16,464,462,,,EA,ORB
STARLINK-30412,2023-141Q,57854,PAY,+,US,2023-09-12,AFWTR,,93.85,53.16,464,462,,,EA,ORB
STARLINK-30392,2023-141R,57855,PAY,+,US,2023-09-12,AFWTR,,93.85,53.16,464,462,,,EA,ORB
STARLINK-30291,2023-141S,57856,PAY,+,US,2023-09-12,AFWTR,,94.01,53.16,472,469,,,EA,ORB
STARLINK-30424,2023-141T,57857,PAY,+,US,2023-09-12,AFWTR,,94.01,53.16,472,470,,,EA,ORB
STARLINK-30290,2023-141U,57858,PAY,+,US,2023-09-12,AFWTR,,93.85,53.16,464,462,,,EA,ORB
STARLINK-30414,2023-141V,57859,PAY,+,US,2023-09-12,AFWTR,,93.85,53.16,464,462,,,EA,ORB
STARLINK-30272,2023-141W,57860,PAY,+,US,2023-09-12,AFWTR,,94.01,53.16,471,470,,,EA,ORB
STARLINK-30432,2023-144A,57864,PAY,+,US,2023-09-16,AFETR,,94.27,43.00,484,482,,,EA,ORB
STARLINK-30427,2023-144B,57865,PAY,+,US,2023-09-16,AFETR,,94.27,43.01,484,482,,,EA,ORB
STARLINK-30393,2023-144C,57866,PAY,+,US,2023-09-16,AFETR,,94.27,43.00,484,482,,,EA,ORB
STARLINK-30439,2023-144D,57867,PAY,+,US,2023-09-16,AFETR,,94.27,43.00,483,483,,,EA,ORB
STARLINK-30442,2023-144E,57868,PAY,+,US,2023-09-16,AFETR,,94.27,43.00,483,483,,,EA,ORB
STARLINK-30441,2023-144F,57869,PAY,+,US,2023-09-16,AFETR,,94.27,43.00,484,482,,,EA,ORB
STARLINK-30460,2023-144G,57870,PAY,+,US,2023-09-16,AFETR,,94.27,43.00,484,483,,,EA,ORB
STARLINK-30444,2023-144H,57871,PAY,+,US,2023-09-16,AFETR,,94.27,43.00,484,482,,,EA,ORB
STARLINK-30446,2023-144J,57872,PAY,+,US,2023-09-16,AFETR,,94.27,43.01,484,482,,,EA,ORB
STARLINK-30445,2023-144K,57873,PAY,+,US,2023-09-16,AFETR,,94.27,43.01,484,482,,,EA,ORB
STARLINK-30447,2023-144L,57874,PAY,+,US,2023-09-16,AFETR,,94.27,43.00,484,482,,,EA,ORB
STARLINK-30434,2023-144M,57875,PAY,+,US,2023-09-16,AFETR,,94.27,43.00,484,482,,,EA,ORB
STARLINK-30429,2023-144N,57876,PAY,+,US,2023-09-16,AFETR,,94.27,43.00,484,482,,,EA,ORB
STARLINK-30284,2023-144P,57877,PAY,+,US,2023-09-16,AFETR,,94.27,43.00,484,482,,,EA,ORB
STARLINK-30433,2023-144Q,57878,PAY,+,US,2023-09-16,AFETR,,94.27,43.00,484,482,,,EA,ORB
STARLINK-30358,2023-144R,57879,PAY,+,US,2023-09-16,AFETR,,94.27,43.00,484,482,,,EA,ORB
STARLINK-30436,2023-144S,57880,PAY,+,US,2023-09-16,AFETR,,94.27,43.00,484,482,,,EA,ORB
STARLINK-30339,2023-144U,57882,PAY,+,US,2023-09-16,AFETR,,94.27,43.00,484,482,,,EA,ORB
STARLINK-30282,2023-144V,57883,PAY,+,US,2023-09-16,AFETR,,94.27,43.00,484,482,,,EA,ORB
STARLINK-30340,2023-144W,57884,PAY,+,US,2023-09-16,AFETR,,94.27,43.00,484,482,,,EA,ORB
STARLINK-30279,2023-144X,57885,PAY,+,US,2023-09-16,AFETR,,94.27,43.00,484,482,,,EA,ORB
STARLINK-30465,2023-146A,57891,PAY,+,US,2023-09-20,AFETR,,94.27,43.01,484,482,,,EA,ORB
STARLINK-30470,2023-146B,57892,PAY,+,US,2023-09-20,AFETR,,94.27,43.00,484,482,,,EA,ORB
STARLINK-30473,2023-146C,57893,PAY,+,US,2023-09-20,AFETR,,94.27,43.00,484,482,,,EA,ORB
STARLINK-30443,2023-146D,57894,PAY,+,US,2023-09-20,AFETR,,94.27,43.00,484,482,,,EA,ORB
STARLINK-30467,2023-146E,57895,PAY,+,US,2023-09-20,AFETR,,94.27,43.00,484,482,,,EA,ORB
STARLINK-30469,2023-146F,57896,PAY,+,US,2023-09-20,AFETR,,94.27,43.01,484,482,,,EA,ORB
STARLINK-30474,2023-146G,57897,PAY,+,US,2023-09-20,AFETR,,94.27,43.00,484,482,,,EA,ORB
STARLINK-30479,2023-146H,57898,PAY,+,US,2023-09-20,AFETR,,94.27,43.00,484,482,,,EA,ORB
STARLINK-30481,2023-146J,57899,PAY,+,US,2023-09-20,AFETR,,94.27,43.01,485,482,,,EA,ORB
STARLINK-30457,2023-146K,57900,PAY,+,US,2023-09-20,AFETR,,94.27,43.01,484,482,,,EA,ORB
STARLINK-30472,2023-146L,57901,PAY,+,US,2023-09-20,AFETR,,94.27,43.00,484,483,,,EA,ORB
STARLINK-30462,2023-146M,57902,PAY,+,US,2023-09-20,AFETR,,94.27,43.00,484,482,,,EA,ORB
STARLINK-30449,2023-146N,57903,PAY,+,US,2023-09-20,AFETR,,94.27,43.00,484,482,,,EA,ORB
STARLINK-30466,2023-146P,57904,PAY,+,US,2023-09-20,AFETR,,94.26,43.00,484,482,,,EA,ORB
STARLINK-30428,2023-146R,57906,PAY,+,US,2023-09-20,AFETR,,94.27,43.00,484,482,,,EA,ORB
STARLINK-30482,2023-146S,57907,PAY,+,US,2023-09-20,AFETR,,94.27,43.00,484,482,,,EA,ORB
STARLINK-30464,2023-146T,57908,PAY,P,US,2023-09-20,AFETR,,94.27,43.01,485,482,,,EA,ORB
STARLINK-30463,2023-146U,57909,PAY,+,US,2023-09-20,AFETR,,94.27,43.00,484,482,,,EA,ORB
STARLINK-30453,2023-146V,57910,PAY,+,US,2023-09-20,AFETR,,94.27,43.00,484,482,,,EA,ORB
STARLINK-30478,2023-146W,57911,PAY,+,US,2023-09-20,AFETR,,94.27,43.00,484,482,,,EA,ORB
STARLINK-30477,2023-146X,57912,PAY,+,US,2023-09-20,AFETR,,94.27,43.01,484,482,,,EA,ORB
STARLINK-30450,2023-147A,57913,PAY,+,US,2023-09-24,AFETR,,94.27,43.01,484,482,,,EA,ORB
STARLINK-30483,2023-147B,57914,PAY,+,US,2023-09-24,AFETR,,94.27,43.00,484,482,,,EA,ORB
STARLINK-30454,2023-147C,57915,PAY,+,US,2023-09-24,AFETR,,94.27,43.00,484,482,,,EA,ORB
STARLINK-30501,2023-147E,57917,PAY,+,US,2023-09-24,AFETR,,94.27,43.00,484,482,,,EA,ORB
STARLINK-30499,2023-147F,57918,PAY,+,US,2023-09-24,AFETR,,94.27,43.01,484,482,,,EA,ORB
STARLINK-30496,2023-147G,57919,PAY,+,US,2023-09-24,AFETR,,94.27,43.00,484,482,,,EA,ORB
STARLINK-30485,2023-147H,57920,PAY,+,US,2023-09-24,AFETR,,94.27,43.00,484,482,,,EA,ORB
STARLINK-30492,2023-147J,57921,PAY,+,US,2023-09-24,AFETR,,94.27,43.01,484,482,,,EA,ORB
STARLINK-30440,2023-147L,57923,PAY,+,US,2023-09-24,AFETR,,94.27,43.00,484,482,,,EA,ORB
STARLINK-30487,2023-147M,57924,PAY,P,US,2023-09-24,AFETR,,94.27,43.00,484,482,,,EA,ORB
STARLINK-30452,2023-147N,57925,PAY,+,US,2023-09-24,AFETR,,94.27,43.00,484,482,,,EA,ORB
STARLINK-30468,2023-147P,57926,PAY,P,US,2023-09-24,AFETR,,94.27,43.00,484,483,,,EA,ORB
STARLINK-30448,2023-147R,57928,PAY,+,US,2023-09-24,AFETR,,94.27,43.01,484,482,,,EA,ORB
STARLINK-30488,2023-147U,57931,PAY,P,US,2023-09-24,AFETR,,94.27,43.01,484,482,,,EA,ORB
STARLINK-30471,2023-147V,57932,PAY,+,US,2023-09-24,AFETR,,94.27,43.00,484,482,,,EA,ORB
STARLINK-30461,2023-147W,57933,PAY,+,US,2023-09-24,AFETR,,94.27,43.00,484,482,,,EA,ORB
STARLINK-30712,2023-148A,57935,PAY,+,US,2023-09-25,AFWTR,,93.85,53.16,464,462,,,EA,ORB
STARLINK-30716,2023-148B,57936,PAY,+,US,2023-09-25,AFWTR,,93.85,53.16,464,462,,,EA,ORB
STARLINK-30400,2023-148C,57937,PAY,+,US,2023-09-25,AFWTR,,93.85,53.16,464,462,,,EA,ORB
STARLINK-30710,2023-148D,57938,PAY,+,US,2023-09-25,AFWTR,,93.85,53.16,464,462,,,EA,ORB
STARLINK-30714,2023-148E,57939,PAY,+,US,2023-09-25,AFWTR,,93.63,53.16,456,448,,,EA,ORB
STARLINK-30711,2023-148F,57940,PAY,+,US,2023-09-25,AFWTR,,93.85,53.16,464,462,,,EA,ORB
STARLINK-30715,2023-148G,57941,PAY,+,US,2023-09-25,AFWTR,,93.85,53.16,464,462,,,EA,ORB
STARLINK-30455,2023-148H,57942,PAY,+,US,2023-09-25,AFWTR,,93.90,53.16,466,464,,,EA,ORB
STARLINK-30456,2023-148J,57943,PAY,+,US,2023-09-25,AFWTR,,93.85,53.16,464,462,,,EA,ORB
STARLINK-30708,2023-148K,57944,PAY,+,US,2023-09-25,AFWTR,,93.85,53.16,464,462,,,EA,ORB
STARLINK-30705,2023-148L,57945,PAY,+,US,2023-09-25,AFWTR,,93.85,53.16,464,462,,,EA,ORB
STARLINK-30704,2023-148M,57946,PAY,+,US,2023-09-25,AFWTR,,93.85,53.16,464,462,,,EA,ORB
STARLINK-30706,2023-148N,57947,PAY,+,US,2023-09-25,AFWTR,,93.85,53.16,464,462,,,EA,ORB
STARLINK-30707,2023-148Q,57949,PAY,+,US,2023-09-25,AFWTR,,93.85,53.16,464,462,,,EA,ORB
STARLINK-30701,2023-148R,57950,PAY,+,US,2023-09-25,AFWTR,,93.85,53.16,464,462,,,EA,ORB
STARLINK-30399,2023-148S,57951,PAY,+,US,2023-09-25,AFWTR,,93.85,53.16,464,462,,,EA,ORB
STARLINK-30713,2023-148T,57952,PAY,+,US,2023-09-25,AFWTR,,93.85,53.16,464,462,,,EA,ORB
STARLINK-30700,2023-148U,57953,PAY,+,US,2023-09-25,AFWTR,,93.85,53.16,464,462,,,EA,ORB
STARLINK-30703,2023-148V,57954,PAY,+,US,2023-09-25,AFWTR,,93.85,53.16,464,462,,,EA,ORB
STARLINK-30702,2023-148W,57955,PAY,+,US,2023-09-25,AFWTR,,93.85,53.16,464,462,,,EA,ORB
STARLINK-30396,2023-151A,57964,PAY,+,US,2023-09-30,AFETR,,94.27,43.00,484,482,,,EA,ORB
STARLINK-30524,2023-151B,57965,PAY,+,US,2023-09-30,AFETR,,94.27,43.01,485,482,,,EA,ORB
STARLINK-30521,2023-151C,57966,PAY,+,US,2023-09-30,AFETR,,94.27,43.01,484,482,,,EA,ORB
STARLINK-30528,2023-151D,57967,PAY,+,US,2023-09-30,AFETR,,94.27,43.00,484,482,,,EA,ORB
STARLINK-30495,2023-151E,57968,PAY,+,US,2023-09-30,AFETR,,94.27,43.00,484,482,,,EA,ORB
STARLINK-30494,2023-151G,57970,PAY,+,US,2023-09-30,AFETR,,94.27,43.00,484,482,,,EA,ORB
STARLINK-30498,2023-151H,57971,PAY,+,US,2023-09-30,AFETR,,94.27,43.01,484,482,,,EA,ORB
STARLINK-30505,2023-151J,57972,PAY,+,US,2023-09-30,AFETR,,94.27,43.00,484,482,,,EA,ORB
STARLINK-30502,2023-151K,57973,PAY,+,US,2023-09-30,AFETR,,94.27,43.00,484,482,,,EA,ORB
STARLINK-30489,2023-151L,57974,PAY,+,US,2023-09-30,AFETR,,94.27,43.01,484,482,,,EA,ORB
STARLINK-30503,2023-151M,57975,PAY,+,US,2023-09-30,AFETR,,94.27,43.00,484,482,,,EA,ORB
STARLINK-30512,2023-151N,57976,PAY,+,US,2023-09-30,AFETR,,94.27,43.00,484,482,,,EA,ORB
STARLINK-30509,2023-151P,57977,PAY,+,US,2023-09-30,AFETR,,94.27,43.01,484,482,,,EA,ORB
STARLINK-30511,2023-151Q,57978,PAY,+,US,2023-09-30,AFETR,,94.27,43.00,484,482,,,EA,ORB
STARLINK-30508,2023-151R,57979,PAY,+,US,2023-09-30,AFETR,,94.27,43.00,484,482,,,EA,ORB
STARLINK-30510,2023-151T,57981,PAY,+,US,2023-09-30,AFETR,,94.27,43.01,484,482,,,EA,ORB
STARLINK-30507,2023-151U,57982,PAY,+,US,2023-09-30,AFETR,,94.27,43.00,484,482,,,EA,ORB
STARLINK-30515,2023-151V,57983,PAY,+,US,2023-09-30,AFETR,,94.27,43.00,484,482,,,EA,ORB
STARLINK-30516,2023-151W,57984,PAY,+,US,2023-09-30,AFETR,,94.27,43.00,484,482,,,EA,ORB
STARLINK-30519,2023-151X,57985,PAY,+,US,2023-09-30,AFETR,,94.27,43.01,484,482,,,EA,ORB
STARLINK-30537,2023-153A,57991,PAY,+,US,2023-10-05,AFETR,,94.27,43.01,484,482,,,EA,ORB
STARLINK-30534,2023-153B,57992,PAY,+,US,2023-10-05,AFETR,,94.27,43.00,484,482,,,EA,ORB
STARLINK-30536,2023-153C,57993,PAY,+,US,2023-10-05,AFETR,,94.27,43.01,484,482,,,EA,ORB
STARLINK-30538,2023-153D,57994,PAY,+,US,2023-10-05,AFETR,,94.27,43.00,484,482,,,EA,ORB
STARLINK-30517,2023-153E,57995,PAY,+,US,2023-10-05,AFETR,,94.27,43.00,484,482,,,EA,ORB
STARLINK-30523,2023-153G,57997,PAY,+,US,2023-10-05,AFETR,,94.27,43.00,485,482,,,EA,ORB
STARLINK-30531,2023-153H,57998,PAY,+,US,2023-10-05,AFETR,,94.27,43.01,484,482,,,EA,ORB
STARLINK-30552,2023-153J,57999,PAY,+,US,2023-10-05,AFETR,,94.27,43.00,484,483,,,EA,ORB
STARLINK-30545,2023-153K,58000,PAY,+,US,2023-10-05,AFETR,,94.27,43.00,484,482,,,EA,ORB
STARLINK-30535,2023-153L,58001,PAY,+,US,2023-10-05,AFETR,,94.27,43.00,484,482,,,EA,ORB
STARLINK-30540,2023-153M,58002,PAY,+,US,2023-10-05,AFETR,,94.27,43.01,484,482,,,EA,ORB
STARLINK-30539,2023-153P,58004,PAY,+,US,2023-10-05,AFETR,,94.27,43.01,484,482,,,EA,ORB
STARLINK-30530,2023-153Q,58005,PAY,+,US,2023-10-05,AFETR,,94.27,43.00,484,482,,,EA,ORB
STARLINK-30526,2023-153R,58006,PAY,P,US,2023-10-05,AFETR,,93.68,43.00,455,454,,,EA,ORB
STARLINK-30527,2023-153S,58007,PAY,+,US,2023-10-05,AFETR,,94.27,43.00,484,482,,,EA,ORB
STARLINK-30522,2023-153T,58008,PAY,+,US,2023-10-05,AFETR,,94.27,43.00,484,482,,,EA,ORB
STARLINK-30486,2023-153U,58009,PAY,+,US,2023-10-05,AFETR,,94.27,43.01,484,482,,,EA,ORB
STARLINK-30520,2023-153V,58010,PAY,+,US,2023-10-05,AFETR,,94.27,43.01,484,482,,,EA,ORB
STARLINK-30497,2023-153W,58011,PAY,+,US,2023-10-05,AFETR,,94.27,43.00,484,482,,,EA,ORB
STARLINK-30525,2023-153X,58012,PAY,+,US,2023-10-05,AFETR,,94.27,43.00,484,482,,,EA,ORB
STARLINK-30514,2023-156A,58028,PAY,+,US,2023-10-09,AFWTR,,93.85,53.16,464,462,,,EA,ORB
STARLINK-30518,2023-156B,58029,PAY,+,US,2023-10-09,AFWTR,,93.85,53.16,464,462,,,EA,ORB
STARLINK-30549,2023-156C,58030,PAY,+,US,2023-10-09,AFWTR,,93.85,53.16,464,462,,,EA,ORB
STARLINK-30556,2023-156D,58031,PAY,+,US,2023-10-09,AFWTR,,93.85,53.16,464,462,,,EA,ORB
STARLINK-30561,2023-156E,58032,PAY,+,US,2023-10-09,AFWTR,,93.85,53.16,464,462,,,EA,ORB
STARLINK-30562,2023-156F,58033,PAY,+,US,2023-10-09,AFWTR,,93.85,53.16,464,462,,,EA,ORB
STARLINK-30565,2023-156G,58034,PAY,+,US,2023-10-09,AFWTR,,93.85,53.16,464,462,,,EA,ORB
STARLINK-30438,2023-156H,58035,PAY,+,US,2023-10-09,AFWTR,,94.01,53.16,472,470,,,EA,ORB
STARLINK-30437,2023-156J,58036,PAY,+,US,2023-10-09,AFWTR,,94.01,53.16,472,470,,,EA,ORB
STARLINK-30533,2023-156K,58037,PAY,+,US,2023-10-09,AFWTR,,93.85,53.16,463,462,,,EA,ORB
STARLINK-30560,2023-156L,58038,PAY,+,US,2023-10-09,AFWTR,,93.85,53.16,464,462,,,EA,ORB
STARLINK-30555,2023-156N,58040,PAY,+,US,2023-10-09,AFWTR,,93.85,53.16,464,461,,,EA,ORB
STARLINK-30542,2023-156P,58041,PAY,+,US,2023-10-09,AFWTR,,93.85,53.16,464,462,,,EA,ORB
STARLINK-30563,2023-156Q,58042,PAY,+,US,2023-10-09,AFWTR,,93.85,53.16,464,462,,,EA,ORB
STARLINK-30564,2023-156R,58043,PAY,+,US,2023-10-09,AFWTR,,93.88,53.16,465,463,,,EA,ORB
STARLINK-30547,2023-156S,58044,PAY,+,US,2023-10-09,AFWTR,,93.85,53.16,463,462,,,EA,ORB
STARLINK-30550,2023-156T,58045,PAY,+,US,2023-10-09,AFWTR,,93.85,53.16,464,462,,,EA,ORB
STARLINK-30548,2023-156U,58046,PAY,+,US,2023-10-09,AFWTR,,93.85,53.16,464,462,,,EA,ORB
STARLINK-30529,2023-156V,58047,PAY,+,US,2023-10-09,AFWTR,,93.85,53.16,464,462,,,EA,ORB
STARLINK-30554,2023-156W,58048,PAY,+,US,2023-10-09,AFWTR,,93.85,53.16,464,462,,,EA,ORB
STARLINK-30568,2023-158A,58051,PAY,+,US,2023-10-13,AFETR,,94.27,43.01,484,482,,,EA,ORB
STARLINK-30575,2023-158B,58052,PAY,+,US,2023-10-13,AFETR,,94.27,43.01,484,482,,,EA,ORB
STARLINK-30577,2023-158C,58053,PAY,+,US,2023-10-13,AFETR,,94.27,43.00,484,482,,,EA,ORB
STARLINK-30566,2023-158D,58054,PAY,+,US,2023-10-13,AFETR,,94.27,43.00,484,482,,,EA,ORB
STARLINK-30544,2023-158E,58055,PAY,+,US,2023-10-13,AFETR,,94.27,43.01,484,482,,,EA,ORB
STARLINK-30553,2023-158F,58056,PAY,+,US,2023-10-13,AFETR,,94.27,43.00,484,482,,,EA,ORB
STARLINK-30541,2023-158G,58057,PAY,+,US,2023-10-13,AFETR,,94.27,43.00,484,482,,,EA,ORB
STARLINK-30573,2023-158H,58058,PAY,+,US,2023-10-13,AFETR,,94.27,43.00,484,482,,,EA,ORB
STARLINK-30582,2023-158J,58059,PAY,+,US,2023-10-13,AFETR,,94.27,43.01,484,482,,,EA,ORB
STARLINK-30558,2023-158K,58060,PAY,+,US,2023-10-13,AFETR,,94.27,43.00,485,481,,,EA,ORB
STARLINK-30579,2023-158L,58061,PAY,+,US,2023-10-13,AFETR,,94.27,43.01,484,482,,,EA,ORB
STARLINK-30588,2023-158M,58062,PAY,+,US,2023-10-13,AFETR,,94.27,43.00,484,482,,,EA,ORB
STARLINK-30585,2023-158N,58063,PAY,+,US,2023-10-13,AFETR,,94.27,43.00,484,482,,,EA,ORB
STARLINK-30587,2023-158P,58064,PAY,+,US,2023-10-13,AFETR,,94.27,43.00,484,482,,,EA,ORB
STARLINK-30576,2023-158Q,58065,PAY,+,US,2023-10-13,AFETR,,94.27,43.00,485,482,,,EA,ORB
STARLINK-30571,2023-158R,58066,PAY,+,US,2023-10-13,AFETR,,94.27,43.00,484,482,,,EA,ORB
STARLINK-30567,2023-158S,58067,PAY,+,US,2023-10-13,AFETR,,94.27,43.00,484,482,,,EA,ORB
STARLINK-30569,2023-158T,58068,PAY,+,US,2023-10-13,AFETR,,94.27,43.00,484,482,,,EA,ORB
STARLINK-30480,2023-158U,58069,PAY,+,US,2023-10-13,AFETR,,94.27,43.00,484,482,,,EA,ORB
STARLINK-30532,2023-158V,58070,PAY,+,US,2023-10-13,AFETR,,94.27,43.00,484,482,,,EA,ORB
STARLINK-30506,2023-158X,58072,PAY,+,US,2023-10-13,AFETR,,94.27,43.00,484,482,,,EA,ORB
STARLINK-30604,2023-160A,58075,PAY,+,US,2023-10-18,AFETR,,94.27,43.00,484,482,,,EA,ORB
STARLINK-30500,2023-160B,58076,PAY,+,US,2023-10-18,AFETR,,94.27,43.00,484,482,,,EA,ORB
STARLINK-30613,2023-160C,58077,PAY,+,US,2023-10-18,AFETR,,94.27,43.00,484,482,,,EA,ORB
STARLINK-30597,2023-160D,58078,PAY,+,US,2023-10-18,AFETR,,94.27,43.00,484,482,,,EA,ORB
STARLINK-30598,2023-160E,58079,PAY,+,US,2023-10-18,AFETR,,94.27,43.00,484,482,,,EA,ORB
STARLINK-30603,2023-160F,58080,PAY,+,US,2023-10-18,AFETR,,94.27,43.00,484,482,,,EA,ORB
STARLINK-30602,2023-160G,58081,PAY,+,US,2023-10-18,AFETR,,94.27,43.00,484,483,,,EA,ORB
STARLINK-30610,2023-160H,58082,PAY,+,US,2023-10-18,AFETR,,94.27,43.00,484,482,,,EA,ORB
STARLINK-30551,2023-160J,58083,PAY,+,US,2023-10-18,AFETR,,94.27,43.00,484,482,,,EA,ORB
STARLINK-30586,2023-160K,58084,PAY,+,US,2023-10-18,AFETR,,94.27,43.00,484,482,,,EA,ORB
STARLINK-30609,2023-160L,58085,PAY,+,US,2023-10-18,AFETR,,94.27,43.00,484,482,,,EA,ORB
STARLINK-30583,2023-160M,58086,PAY,+,US,2023-10-18,AFETR,,94.27,43.00,484,482,,,EA,ORB
STARLINK-30557,2023-160N,58087,PAY,+,US,2023-10-18,AFETR,,94.27,43.00,484,482,,,EA,ORB
STARLINK-30591,2023-160P,58088,PAY,+,US,2023-10-18,AFETR,,94.27,43.00,484,482,,,EA,ORB
STARLINK-30584,2023-160Q,58089,PAY,+,US,2023-10-18,AFETR,,94.27,43.00,484,482,,,EA,ORB
STARLINK-30590,2023-160R,58090,PAY,+,US,2023-10-18,AFETR,,94.27,43.01,484,482,,,EA,ORB
STARLINK-30608,2023-160S,58091,PAY,+,US,2023-10-18,AFETR,,94.27,43.00,484,482,,,EA,ORB
STARLINK-30615,2023-160T,58092,PAY,+,US,2023-10-18,AFETR,,94.27,43.00,484,482,,,EA,ORB
STARLINK-30578,2023-160U,58093,PAY,+,US,2023-10-18,AFETR,,94.27,43.00,484,482,,,EA,ORB
STARLINK-30574,2023-160V,58094,PAY,+,US,2023-10-18,AFETR,,94.27,43.00,484,482,,,EA,ORB
STARLINK-30570,2023-160W,58095,PAY,+,US,2023-10-18,AFETR,,94.27,43.00,484,482,,,EA,ORB
STARLINK-30581,2023-160X,58096,PAY,+,US,2023-10-18,AFETR,,94.27,43.00,484,482,,,EA,ORB
STARLINK-30594,2023-161A,58097,PAY,+,US,2023-10-21,AFWTR,,93.85,53.16,464,462,,,EA,ORB
STARLINK-30614,2023-161B,58098,PAY,+,US,2023-10-21,AFWTR,,93.85,53.16,464,462,,,EA,ORB
STARLINK-30607,2023-161C,58099,PAY,+,US,2023-10-21,AFWTR,,93.85,53.16,463,462,,,EA,ORB
STARLINK-30600,2023-161D,58100,PAY,+,US,2023-10-21,AFWTR,,93.85,53.16,464,462,,,EA,ORB
STARLINK-30605,2023-161E,58101,PAY,+,US,2023-10-21,AFWTR,,93.85,53.16,464,462,,,EA,ORB
STARLINK-30592,2023-161F,58102,PAY,+,US,2023-10-21,AFWTR,,93.85,53.16,464,462,,,EA,ORB
STARLINK-30589,2023-161G,58103,PAY,+,US,2023-10-21,AFWTR,,93.85,53.16,464,462,,,EA,ORB
STARLINK-30617,2023-161H,58104,PAY,+,US,2023-10-21,AFWTR,,93.85,53.16,464,462,,,EA,ORB
STARLINK-30616,2023-161J,58105,PAY,+,US,2023-10-21,AFWTR,,93.85,53.16,464,462,,,EA,ORB
STARLINK-30612,2023-161K,58106,PAY,+,US,2023-10-21,AFWTR,,93.85,53.16,464,462,,,EA,ORB
STARLINK-30421,2023-161L,58107,PAY,+,US,2023-10-21,AFWTR,,93.85,53.16,463,462,,,EA,ORB
STARLINK-30611,2023-161M,58108,PAY,+,US,2023-10-21,AFWTR,,93.85,53.16,464,462,,,EA,ORB
STARLINK-30606,2023-161N,58109,PAY,+,US,2023-10-21,AFWTR,,93.85,53.16,463,462,,,EA,ORB
STARLINK-30596,2023-161P,58110,PAY,+,US,2023-10-21,AFWTR,,93.85,53.16,464,462,,,EA,ORB
STARLINK-30595,2023-161Q,58111,PAY,+,US,2023-10-21,AFWTR,,93.85,53.16,464,461,,,EA,ORB
STARLINK-30593,2023-161R,58112,PAY,+,US,2023-10-21,AFWTR,,93.85,53.16,464,462,,,EA,ORB
STARLINK-30353,2023-161S,58113,PAY,+,US,2023-10-21,AFWTR,,93.85,53.16,464,462,,,EA,ORB
STARLINK-30572,2023-161T,58114,PAY,+,US,2023-10-21,AFWTR,,93.85,53.16,464,462,,,EA,ORB
STARLINK-30580,2023-161U,58115,PAY,+,US,2023-10-21,AFWTR,,93.85,53.16,464,462,,,EA,ORB
STARLINK-30493,2023-161V,58116,PAY,+,US,2023-10-21,AFWTR,,93.85,53.16,464,462,,,EA,ORB
STARLINK-30601,2023-161W,58117,PAY,+,US,2023-10-21,AFWTR,,93.85,53.16,464,462,,,EA,ORB
STARLINK-30795,2023-162A,58118,PAY,+,US,2023-10-22,AFETR,,94.27,43.00,484,482,,,EA,ORB
STARLINK-30765,2023-162B,58119,PAY,+,US,2023-10-22,AFETR,,94.27,43.00,484,482,,,EA,ORB
STARLINK-30768,2023-162C,58120,PAY,+,US,2023-10-22,AFETR,,94.27,43.00,484,482,,,EA,ORB
STARLINK-30799,2023-162D,58121,PAY,+,US,2023-10-22,AFETR,,94.27,43.00,484,483,,,EA,ORB
STARLINK-30759,2023-162E,58122,PAY,+,US,2023-10-22,AFETR,,94.27,43.01,484,482,,,EA,ORB
STARLINK-30781,2023-162F,58123,PAY,+,US,2023-10-22,AFETR,,94.27,43.00,484,482,,,EA,ORB
STARLINK-30754,2023-162G,58124,PAY,+,US,2023-10-22,AFETR,,94.27,43.00,484,482,,,EA,ORB
STARLINK-30766,2023-162H,58125,PAY,+,US,2023-10-22,AFETR,,94.27,43.00,484,482,,,EA,ORB
STARLINK-30767,2023-162J,58126,PAY,+,US,2023-10-22,AFETR,,94.27,43.00,484,482,,,EA,ORB
STARLINK-30790,2023-162K,58127,PAY,+,US,2023-10-22,AFETR,,94.46,43.00,508,477,,,EA,ORB
STARLINK-30787,2023-162L,58128,PAY,+,US,2023-10-22,AFETR,,94.27,43.00,484,482,,,EA,ORB
STARLINK-30756,2023-162M,58129,PAY,+,US,2023-10-22,AFETR,,94.27,43.00,484,482,,,EA,ORB
STARLINK-30783,2023-162N,58130,PAY,+,US,2023-10-22,AFETR,,94.27,43.00,484,482,,,EA,ORB
STARLINK-30757,2023-162P,58131,PAY,+,US,2023-10-22,AFETR,,94.27,43.00,484,482,,,EA,ORB
STARLINK-30770,2023-162Q,58132,PAY,+,US,2023-10-22,AFETR,,94.27,43.00,484,482,,,EA,ORB
STARLINK-30758,2023-162R,58133,PAY,+,US,2023-10-22,AFETR,,94.27,43.00,484,482,,,EA,ORB
STARLINK-30761,2023-162S,58134,PAY,+,US,2023-10-22,AFETR,,94.27,43.01,484,482,,,EA,ORB
STARLINK-30772,2023-162T,58135,PAY,+,US,2023-10-22,AFETR,,94.27,43.00,484,482,,,EA,ORB
STARLINK-30776,2023-162U,58136,PAY,P,US,2023-10-22,AFETR,,92.04,42.98,394,355,,,EA,ORB
STARLINK-30782,2023-162V,58137,PAY,+,US,2023-10-22,AFETR,,94.27,43.00,484,482,,,EA,ORB
STARLINK-30769,2023-162W,58138,PAY,+,US,2023-10-22,AFETR,,94.27,43.00,484,482,,,EA,ORB
STARLINK-30775,2023-162X,58139,PAY,+,US,2023-10-22,AFETR,,94.27,43.00,484,482,,,EA,ORB
STARLINK-30780,2023-162Y,58140,PAY,+,US,2023-10-22,AFETR,,94.27,43.00,484,482,,,EA,ORB
STARLINK-30802,2023-166A,58150,PAY,+,US,2023-10-29,AFWTR,,94.01,53.16,472,470,,,EA,ORB
STARLINK-30834,2023-166B,58151,PAY,+,US,2023-10-29,AFWTR,,93.85,53.16,463,462,,,EA,ORB
STARLINK-30833,2023-166C,58152,PAY,+,US,2023-10-29,AFWTR,,94.01,53.16,472,470,,,EA,ORB
STARLINK-30831,2023-166D,58153,PAY,+,US,2023-10-29,AFWTR,,94.01,53.16,472,470,,,EA,ORB
STARLINK-30797,2023-166E,58154,PAY,+,US,2023-10-29,AFWTR,,93.85,53.16,463,462,,,EA,ORB
STARLINK-30804,2023-166F,58155,PAY,+,US,2023-10-29,AFWTR,,94.01,53.16,472,470,,,EA,ORB
STARLINK-30784,2023-166G,58156,PAY,+,US,2023-10-29,AFWTR,,93.85,53.16,464,462,,,EA,ORB
STARLINK-30803,2023-166H,58157,PAY,+,US,2023-10-29,AFWTR,,94.01,53.16,472,470,,,EA,ORB
STARLINK-30829,2023-166J,58158,PAY,+,US,2023-10-29,AFWTR,,94.01,53.16,472,470,,,EA,ORB
STARLINK-30788,2023-166K,58159,PAY,+,US,2023-10-29,AFWTR,,94.01,53.16,472,470,,,EA,ORB
STARLINK-30779,2023-166L,58160,PAY,+,US,2023-10-29,AFWTR,,94.01,53.16,472,470,,,EA,ORB
STARLINK-30773,2023-166M,58161,PAY,+,US,2023-10-29,AFWTR,,93.85,53.16,464,462,,,EA,ORB
STARLINK-30816,2023-166N,58162,PAY,+,US,2023-10-29,AFWTR,,93.85,53.16,464,462,,,EA,ORB
STARLINK-30763,2023-166P,58163,PAY,+,US,2023-10-29,AFWTR,,93.85,53.16,464,462,,,EA,ORB
STARLINK-30815,2023-166Q,58164,PAY,+,US,2023-10-29,AFWTR,,94.01,53.16,471,470,,,EA,ORB
STARLINK-30814,2023-166R,58165,PAY,+,US,2023-10-29,AFWTR,,93.85,53.16,464,462,,,EA,ORB
STARLINK-30789,2023-166S,58166,PAY,+,US,2023-10-29,AFWTR,,93.85,53.16,464,462,,,EA,ORB
STARLINK-30811,2023-166T,58167,PAY,+,US,2023-10-29,AFWTR,,94.01,53.16,472,470,,,EA,ORB
STARLINK-30812,2023-166U,58168,PAY,+,US,2023-10-29,AFWTR,,93.85,53.16,463,462,,,EA,ORB
STARLINK-30771,2023-166V,58169,PAY,+,US,2023-10-29,AFWTR,,93.85,53.16,464,462,,,EA,ORB
STARLINK-30764,2023-166W,58170,PAY,+,US,2023-10-29,AFWTR,,93.85,53.16,463,462,,,EA,ORB
STARLINK-30752,2023-166X,58171,PAY,+,US,2023-10-29,AFWTR,,93.85,53.16,463,462,,,EA,ORB
STARLINK-30753,2023-167A,58175,PAY,+,US,2023-10-30,AFETR,,94.27,43.00,484,482,,,EA,ORB
STARLINK-30824,2023-167B,58176,PAY,+,US,2023-10-30,AFETR,,94.27,43.00,484,482,,,EA,ORB
STARLINK-30791,2023-167C,58177,PAY,+,US,2023-10-30,AFETR,,94.27,43.00,484,483,,,EA,ORB
STARLINK-30810,2023-167D,58178,PAY,+,US,2023-10-30,AFETR,,94.27,43.00,484,482,,,EA,ORB
STARLINK-30819,2023-167E,58179,PAY,+,US,2023-10-30,AFETR,,94.27,43.00,484,482,,,EA,ORB
STARLINK-30806,2023-167F,58180,PAY,P,US,2023-10-30,AFETR,,93.29,42.99,447,424,,,EA,ORB
STARLINK-30821,2023-167G,58181,PAY,+,US,2023-10-30,AFETR,,94.27,43.00,484,482,,,EA,ORB
STARLINK-30778,2023-167H,58182,PAY,+,US,2023-10-30,AFETR,,94.27,43.00,484,482,,,EA,ORB
STARLINK-30809,2023-167J,58183,PAY,+,US,2023-10-30,AFETR,,94.27,43.00,484,482,,,EA,ORB
STARLINK-30801,2023-167K,58184,PAY,+,US,2023-10-30,AFETR,,94.27,43.00,484,482,,,EA,ORB
STARLINK-30793,2023-167L,58185,PAY,+,US,2023-10-30,AFETR,,94.27,43.01,484,482,,,EA,ORB
STARLINK-30755,2023-167M,58186,PAY,+,US,2023-10-30,AFETR,,94.27,43.00,484,482,,,EA,ORB
STARLINK-30760,2023-167N,58187,PAY,+,US,2023-10-30,AFETR,,94.27,43.00,484,482,,,EA,ORB
STARLINK-30826,2023-167P,58188,PAY,+,US,2023-10-30,AFETR,,94.27,43.01,484,482,,,EA,ORB
STARLINK-30796,2023-167Q,58189,PAY,+,US,2023-10-30,AFETR,,94.27,43.00,484,482,,,EA,ORB
STARLINK-30820,2023-167R,58190,PAY,+,US,2023-10-30,AFETR,,94.27,43.00,483,483,,,EA,ORB
STARLINK-30785,2023-167S,58191,PAY,+,US,2023-10-30,AFETR,,94.27,43.00,484,482,,,EA,ORB
STARLINK-30807,2023-167T,58192,PAY,+,US,2023-10-30,AFETR,,94.26,43.00,485,480,,,EA,ORB
STARLINK-30822,2023-167U,58193,PAY,+,US,2023-10-30,AFETR,,94.13,43.00,478,475,,,EA,ORB
STARLINK-30830,2023-167V,58194,PAY,+,US,2023-10-30,AFETR,,94.27,43.00,484,482,,,EA,ORB
STARLINK-30827,2023-167W,58195,PAY,+,US,2023-10-30,AFETR,,94.27,43.00,484,483,,,EA,ORB
STARLINK-30798,2023-167X,58196,PAY,+,US,2023-10-30,AFETR,,94.26,43.00,484,482,,,EA,ORB
STARLINK-30762,2023-167Y,58197,PAY,+,US,2023-10-30,AFETR,,94.27,43.00,483,483,,,EA,ORB
STARLINK-30800,2023-170A,58206,PAY,+,US,2023-11-03,AFETR,,94.27,43.01,484,482,,,EA,ORB
STARLINK-30845,2023-170B,58207,PAY,+,US,2023-11-03,AFETR,,95.39,43.00,540,535,,,EA,ORB
STARLINK-30841,2023-170C,58208,PAY,+,US,2023-11-03,AFETR,,94.27,43.00,484,482,,,EA,ORB
STARLINK-30839,2023-170D,58209,PAY,+,US,2023-11-03,AFETR,,94.27,43.00,484,482,,,EA,ORB
STARLINK-30846,2023-170E,58210,PAY,+,US,2023-11-03,AFETR,,94.27,43.00,484,482,,,EA,ORB
STARLINK-30838,2023-170F,58211,PAY,+,US,2023-11-03,AFETR,,94.27,43.00,484,482,,,EA,ORB
STARLINK-30837,2023-170G,58212,PAY,+,US,2023-11-03,AFETR,,94.27,43.00,484,482,,,EA,ORB
STARLINK-30813,2023-170H,58213,PAY,+,US,2023-11-03,AFETR,,94.27,43.00,484,482,,,EA,ORB
STARLINK-30805,2023-170J,58214,PAY,+,US,2023-11-03,AFETR,,94.27,43.00,484,482,,,EA,ORB
STARLINK-30851,2023-170K,58215,PAY,+,US,2023-11-03,AFETR,,94.27,43.00,484,482,,,EA,ORB
STARLINK-30818,2023-170M,58217,PAY,+,US,2023-11-03,AFETR,,94.27,43.00,484,482,,,EA,ORB
STARLINK-30794,2023-170N,58218,PAY,+,US,2023-11-03,AFETR,,94.27,43.00,484,482,,,EA,ORB
STARLINK-30835,2023-170P,58219,PAY,+,US,2023-11-03,AFETR,,94.27,43.00,484,482,,,EA,ORB
STARLINK-30792,2023-170Q,58220,PAY,+,US,2023-11-03,AFETR,,95.31,43.00,540,527,,,EA,ORB
STARLINK-30836,2023-170R,58221,PAY,+,US,2023-11-03,AFETR,,94.27,43.00,483,483,,,EA,ORB
STARLINK-30855,2023-170S,58222,PAY,+,US,2023-11-03,AFETR,,94.27,43.01,484,482,,,EA,ORB
STARLINK-30840,2023-170T,58223,PAY,+,US,2023-11-03,AFETR,,94.27,43.00,484,482,,,EA,ORB
STARLINK-30875,2023-170U,58224,PAY,+,US,2023-11-03,AFETR,,94.27,43.00,484,482,,,EA,ORB
STARLINK-30872,2023-170V,58225,PAY,+,US,2023-11-03,AFETR,,94.27,43.00,484,482,,,EA,ORB
STARLINK-30865,2023-170W,58226,PAY,+,US,2023-11-03,AFETR,,94.27,43.00,483,483,,,EA,ORB
STARLINK-30874,2023-170X,58227,PAY,+,US,2023-11-03,AFETR,,94.27,43.00,484,482,,,EA,ORB
STARLINK-30871,2023-170Y,58228,PAY,+,US,2023-11-03,AFETR,,94.27,43.00,484,482,,,EA,ORB
STARLINK-30861,2023-171A,58230,PAY,+,US,2023-11-08,AFETR,,93.54,42.99,457,438,,,EA,ORB
STARLINK-30867,2023-171B,58231,PAY,+,US,2023-11-08,AFETR,,94.26,43.00,484,482,,,EA,ORB
STARLINK-30880,2023-171C,58232,PAY,+,US,2023-11-08,AFETR,,94.27,43.00,484,482,,,EA,ORB
STARLINK-30777,2023-171D,58233,PAY,+,US,2023-11-08,AFETR,,94.27,43.00,484,482,,,EA,ORB
STARLINK-30860,2023-171E,58234,PAY,+,US,2023-11-08,AFETR,,94.27,43.00,484,482,,,EA,ORB
STARLINK-30853,2023-171G,58236,PAY,+,US,2023-11-08,AFETR,,94.27,43.00,484,482,,,EA,ORB
STARLINK-30866,2023-171H,58237,PAY,+,US,2023-11-08,AFETR,,94.27,43.00,484,483,,,EA,ORB
STARLINK-30817,2023-171J,58238,PAY,+,US,2023-11-08,AFETR,,94.27,43.00,484,482,,,EA,ORB
STARLINK-30847,2023-171K,58239,PAY,+,US,2023-11-08,AFETR,,94.27,43.00,484,482,,,EA,ORB
STARLINK-30848,2023-171L,58240,PAY,+,US,2023-11-08,AFETR,,94.26,43.01,485,481,,,EA,ORB
STARLINK-30843,2023-171M,58241,PAY,+,US,2023-11-08,AFETR,,94.27,43.00,484,482,,,EA,ORB
STARLINK-30877,2023-171N,58242,PAY,+,US,2023-11-08,AFETR,,94.27,43.00,484,482,,,EA,ORB
STARLINK-30864,2023-171P,58243,PAY,+,US,2023-11-08,AFETR,,94.27,43.00,484,482,,,EA,ORB
STARLINK-30854,2023-171Q,58244,PAY,+,US,2023-11-08,AFETR,,94.27,43.00,484,482,,,EA,ORB
STARLINK-30849,2023-171R,58245,PAY,+,US,2023-11-08,AFETR,,94.27,43.00,484,482,,,EA,ORB
STARLINK-30886,2023-171S,58246,PAY,+,US,2023-11-08,AFETR,,94.27,43.01,485,481,,,EA,ORB
STARLINK-30850,2023-171T,58247,PAY,+,US,2023-11-08,AFETR,,94.27,43.00,484,482,,,EA,ORB
STARLINK-30823,2023-171U,58248,PAY,+,US,2023-11-08,AFETR,,94.27,43.00,484,482,,,EA,ORB
STARLINK-30873,2023-171V,58249,PAY,+,US,2023-11-08,AFETR,,94.27,43.00,484,482,,,EA,ORB
STARLINK-30808,2023-171W,58250,PAY,+,US,2023-11-08,AFETR,,93.71,43.00,462,450,,,EA,ORB
STARLINK-30881,2023-171X,58251,PAY,+,US,2023-11-08,AFETR,,94.27,43.00,484,482,,,EA,ORB
STARLINK-30883,2023-171Y,58252,PAY,+,US,2023-11-08,AFETR,,94.27,43.01,484,482,,,EA,ORB
STARLINK-30907,2023-177B,58352,PAY,+,US,2023-11-18,AFETR,,94.27,43.00,484,483,,,EA,ORB
STARLINK-30896,2023-177C,58353,PAY,+,US,2023-11-18,AFETR,,94.27,43.00,484,482,,,EA,ORB
STARLINK-30832,2023-177D,58354,PAY,+,US,2023-11-18,AFETR,,94.27,43.01,484,482,,,EA,ORB
STARLINK-30903,2023-177E,58355,PAY,+,US,2023-11-18,AFETR,,94.27,43.01,484,482,,,EA,ORB
STARLINK-30905,2023-177F,58356,PAY,+,US,2023-11-18,AFETR,,94.27,43.01,484,482,,,EA,ORB
STARLINK-30842,2023-177G,58357,PAY,+,US,2023-11-18,AFETR,,93.96,43.01,469,467,,,EA,ORB
STARLINK-30858,2023-177H,58358,PAY,+,US,2023-11-18,AFETR,,94.27,43.00,484,482,,,EA,ORB
STARLINK-30878,2023-177J,58359,PAY,P,US,2023-11-18,AFETR,,94.27,43.01,485,481,,,EA,ORB
STARLINK-30897,2023-177K,58360,PAY,+,US,2023-11-18,AFETR,,94.27,43.01,484,482,,,EA,ORB
STARLINK-30885,2023-177L,58361,PAY,+,US,2023-11-18,AFETR,,94.27,43.01,484,482,,,EA,ORB
STARLINK-30890,2023-177M,58362,PAY,+,US,2023-11-18,AFETR,,94.27,43.01,484,482,,,EA,ORB
STARLINK-30909,2023-177N,58363,PAY,+,US,2023-11-18,AFETR,,94.27,43.00,484,482,,,EA,ORB
STARLINK-30904,2023-177P,58364,PAY,+,US,2023-11-18,AFETR,,95.23,43.00,539,520,,,EA,ORB
STARLINK-30918,2023-177Q,58365,PAY,+,US,2023-11-18,AFETR,,94.27,43.00,484,482,,,EA,ORB
STARLINK-30892,2023-177R,58366,PAY,+,US,2023-11-18,AFETR,,94.27,43.01,485,481,,,EA,ORB
STARLINK-30891,2023-177S,58367,PAY,+,US,2023-11-18,AFETR,,94.27,43.00,484,482,,,EA,ORB
STARLINK-30889,2023-177T,58368,PAY,+,US,2023-11-18,AFETR,,94.27,43.00,484,482,,,EA,ORB
STARLINK-30870,2023-177U,58369,PAY,+,US,2023-11-18,AFETR,,94.27,43.00,484,482,,,EA,ORB
STARLINK-30888,2023-177V,58370,PAY,+,US,2023-11-18,AFETR,,94.27,43.01,484,482,,,EA,ORB
STARLINK-30859,2023-177W,58371,PAY,+,US,2023-11-18,AFETR,,94.27,43.00,484,482,,,EA,ORB
STARLINK-30884,2023-177X,58372,PAY,+,US,2023-11-18,AFETR,,94.27,43.00,483,483,,,EA,ORB
STARLINK-30852,2023-177Y,58373,PAY,+,US,2023-11-18,AFETR,,94.27,43.00,484,482,,,EA,ORB
STARLINK-30911,2023-178A,58374,PAY,+,US,2023-11-20,AFWTR,,93.85,53.16,464,462,,,EA,ORB
STARLINK-30894,2023-178B,58375,PAY,+,US,2023-11-20,AFWTR,,93.85,53.16,464,462,,,EA,ORB
STARLINK-30910,2023-178C,58376,PAY,+,US,2023-11-20,AFWTR,,93.85,53.16,464,462,,,EA,ORB
STARLINK-30914,2023-178D,58377,PAY,+,US,2023-11-20,AFWTR,,93.85,53.16,464,462,,,EA,ORB
STARLINK-30920,2023-178E,58378,PAY,+,US,2023-11-20,AFWTR,,93.85,53.16,464,462,,,EA,ORB
STARLINK-30882,2023-178F,58379,PAY,+,US,2023-11-20,AFWTR,,93.85,53.16,464,462,,,EA,ORB
STARLINK-30915,2023-178G,58380,PAY,+,US,2023-11-20,AFWTR,,93.85,53.16,464,462,,,EA,ORB
STARLINK-30923,2023-178H,58381,PAY,+,US,2023-11-20,AFWTR,,93.50,53.16,448,444,,,EA,ORB
STARLINK-30927,2023-178J,58382,PAY,+,US,2023-11-20,AFWTR,,93.85,53.16,464,462,,,EA,ORB
STARLINK-30921,2023-178K,58383,PAY,+,US,2023-11-20,AFWTR,,93.85,53.16,464,462,,,EA,ORB
STARLINK-30825,2023-178L,58384,PAY,+,US,2023-11-20,AFWTR,,93.85,53.16,464,462,,,EA,ORB
STARLINK-30930,2023-178M,58385,PAY,+,US,2023-11-20,AFWTR,,93.85,53.16,464,462,,,EA,ORB
STARLINK-30929,2023-178N,58386,PAY,+,US,2023-11-20,AFWTR,,93.85,53.16,464,462,,,EA,ORB
STARLINK-30898,2023-178P,58387,PAY,+,US,2023-11-20,AFWTR,,93.85,53.16,464,462,,,EA,ORB
STARLINK-30913,2023-178Q,58388,PAY,+,US,2023-11-20,AFWTR,,93.85,53.16,464,462,,,EA,ORB
STARLINK-30938,2023-178R,58389,PAY,+,US,2023-11-20,AFWTR,,93.85,53.16,464,462,,,EA,ORB
STARLINK-30868,2023-178S,58390,PAY,+,US,2023-11-20,AFWTR,,93.85,53.16,464,462,,,EA,ORB
STARLINK-30916,2023-178T,58391,PAY,+,US,2023-11-20,AFWTR,,93.85,53.16,464,462,,,EA,ORB
STARLINK-30939,2023-178V,58393,PAY,+,US,2023-11-20,AFWTR,,93.85,53.16,464,462,,,EA,ORB
STARLINK-30887,2023-178W,58394,PAY,+,US,2023-11-20,AFWTR,,93.85,53.16,464,462,,,EA,ORB
STARLINK-30934,2023-178X,58395,PAY,+,US,2023-11-20,AFWTR,,93.85,53.16,464,462,,,EA,ORB
STARLINK-30964,2023-180A,58402,PAY,+,US,2023-11-22,AFETR,,94.27,43.00,484,482,,,EA,ORB
STARLINK-30844,2023-180B,58403,PAY,+,US,2023-11-22,AFETR,,94.27,43.01,485,481,,,EA,ORB
STARLINK-30876,2023-180C,58404,PAY,+,US,2023-11-22,AFETR,,94.27,43.00,484,482,,,EA,ORB
STARLINK-30952,2023-180D,58405,PAY,+,US,2023-11-22,AFETR,,94.27,43.00,484,483,,,EA,ORB
STARLINK-30925,2023-180E,58406,PAY,+,US,2023-11-22,AFETR,,94.27,43.00,484,483,,,EA,ORB
STARLINK-30954,2023-180F,58407,PAY,+,US,2023-11-22,AFETR,,94.27,43.00,484,482,,,EA,ORB
STARLINK-30906,2023-180G,58408,PAY,+,US,2023-11-22,AFETR,,94.27,43.00,484,482,,,EA,ORB
STARLINK-30940,2023-180H,58409,PAY,+,US,2023-11-22,AFETR,,94.27,43.00,484,482,,,EA,ORB
STARLINK-30933,2023-180J,58410,PAY,+,US,2023-11-22,AFETR,,94.27,43.00,484,482,,,EA,ORB
STARLINK-30919,2023-180K,58411,PAY,+,US,2023-11-22,AFETR,,94.27,43.00,484,482,,,EA,ORB
STARLINK-30924,2023-180L,58412,PAY,P,US,2023-11-22,AFETR,,90.88,42.98,336,300,,,EA,ORB
STARLINK-30931,2023-180M,58413,PAY,+,US,2023-11-22,AFETR,,94.27,43.00,484,482,,,EA,ORB
STARLINK-30922,2023-180N,58414,PAY,+,US,2023-11-22,AFETR,,94.27,43.00,484,482,,,EA,ORB
STARLINK-30949,2023-180P,58415,PAY,+,US,2023-11-22,AFETR,,94.27,43.01,485,482,,,EA,ORB
STARLINK-30967,2023-180Q,58416,PAY,+,US,2023-11-22,AFETR,,94.27,43.01,485,482,,,EA,ORB
STARLINK-30955,2023-180R,58417,PAY,+,US,2023-11-22,AFETR,,94.27,43.00,484,482,,,EA,ORB
STARLINK-30895,2023-180S,58418,PAY,+,US,2023-11-22,AFETR,,94.11,43.00,478,473,,,EA,ORB
STARLINK-30917,2023-180T,58419,PAY,+,US,2023-11-22,AFETR,,94.27,43.00,484,482,,,EA,ORB
STARLINK-30899,2023-180U,58420,PAY,+,US,2023-11-22,AFETR,,94.27,43.00,484,482,,,EA,ORB
STARLINK-30902,2023-180V,58421,PAY,+,US,2023-11-22,AFETR,,94.27,43.00,484,482,,,EA,ORB
STARLINK-30912,2023-180W,58422,PAY,+,US,2023-11-22,AFETR,,94.27,43.00,484,482,,,EA,ORB
STARLINK-30900,2023-180X,58423,PAY,+,US,2023-11-22,AFETR,,94.27,43.00,484,482,,,EA,ORB
STARLINK-30908,2023-180Y,58424,PAY,+,US,2023-11-22,AFETR,,94.27,43.00,484,482,,,EA,ORB
STARLINK-30869,2023-183A,58437,PAY,+,US,2023-11-28,AFETR,,94.27,43.00,484,482,,,EA,ORB
STARLINK-30969,2023-183B,58438,PAY,+,US,2023-11-28,AFETR,,94.27,43.01,485,482,,,EA,ORB
STARLINK-30951,2023-183C,58439,PAY,+,US,2023-11-28,AFETR,,94.27,43.00,484,482,,,EA,ORB
STARLINK-30950,2023-183D,58440,PAY,+,US,2023-11-28,AFETR,,94.27,43.00,484,482,,,EA,ORB
STARLINK-30942,2023-183E,58441,PAY,+,US,2023-11-28,AFETR,,94.27,43.00,484,482,,,EA,ORB
STARLINK-30959,2023-183F,58442,PAY,+,US,2023-11-28,AFETR,,94.27,43.00,484,482,,,EA,ORB
STARLINK-30971,2023-183G,58443,PAY,+,US,2023-11-28,AFETR,,94.27,43.01,484,482,,,EA,ORB
STARLINK-30963,2023-183H,58444,PAY,+,US,2023-11-28,AFETR,,94.27,43.00,484,482,,,EA,ORB
STARLINK-30961,2023-183J,58445,PAY,+,US,2023-11-28,AFETR,,94.27,43.00,484,482,,,EA,ORB
STARLINK-30975,2023-183K,58446,PAY,+,US,2023-11-28,AFETR,,94.27,43.00,484,482,,,EA,ORB
STARLINK-30976,2023-183L,58447,PAY,+,US,2023-11-28,AFETR,,94.27,43.00,484,482,,,EA,ORB
STARLINK-30926,2023-183M,58448,PAY,+,US,2023-11-28,AFETR,,94.27,43.01,484,482,,,EA,ORB
STARLINK-30943,2023-183N,58449,PAY,+,US,2023-11-28,AFETR,,94.27,43.00,484,482,,,EA,ORB
STARLINK-30946,2023-183P,58450,PAY,+,US,2023-11-28,AFETR,,94.27,43.00,484,482,,,EA,ORB
STARLINK-30944,2023-183Q,58451,PAY,+,US,2023-11-28,AFETR,,94.27,43.00,484,482,,,EA,ORB
STARLINK-30928,2023-183R,58452,PAY,+,US,2023-11-28,AFETR,,94.27,43.00,484,482,,,EA,ORB
STARLINK-30957,2023-183S,58453,PAY,+,US,2023-11-28,AFETR,,94.27,43.00,484,482,,,EA,ORB
STARLINK-30966,2023-183T,58454,PAY,+,US,2023-11-28,AFETR,,94.27,43.00,484,482,,,EA,ORB
STARLINK-30935,2023-183U,58455,PAY,+,US,2023-11-28,AFETR,,94.27,43.00,484,482,,,EA,ORB
STARLINK-30958,2023-183W,58457,PAY,+,US,2023-11-28,AFETR,,94.27,43.00,484,482,,,EA,ORB
STARLINK-30962,2023-183X,58458,PAY,+,US,2023-11-28,AFETR,,94.27,43.01,484,482,,,EA,ORB
STARLINK-30977,2023-183Y,58459,PAY,+,US,2023-11-28,AFETR,,94.27,43.00,484,482,,,EA,ORB
STARLINK-30947,2023-186A,58473,PAY,+,US,2023-12-03,AFETR,,94.27,43.00,484,482,,,EA,ORB
STARLINK-30941,2023-186C,58475,PAY,+,US,2023-12-03,AFETR,,94.27,43.00,484,482,,,EA,ORB
STARLINK-30980,2023-186D,58476,PAY,+,US,2023-12-03,AFETR,,94.27,43.00,484,482,,,EA,ORB
STARLINK-30965,2023-186E,58477,PAY,+,US,2023-12-03,AFETR,,94.27,43.00,484,482,,,EA,ORB
STARLINK-30990,2023-186F,58478,PAY,+,US,2023-12-03,AFETR,,94.27,43.00,484,482,,,EA,ORB
STARLINK-30984,2023-186H,58480,PAY,+,US,2023-12-03,AFETR,,94.27,43.00,484,482,,,EA,ORB
STARLINK-30956,2023-186J,58481,PAY,+,US,2023-12-03,AFETR,,94.27,43.00,484,482,,,EA,ORB
STARLINK-30997,2023-186K,58482,PAY,+,US,2023-12-03,AFETR,,94.27,43.00,484,482,,,EA,ORB
STARLINK-30994,2023-186L,58483,PAY,+,US,2023-12-03,AFETR,,93.27,42.99,445,424,,,EA,ORB
STARLINK-30991,2023-186M,58484,PAY,+,US,2023-12-03,AFETR,,94.27,43.00,484,482,,,EA,ORB
STARLINK-30979,2023-186N,58485,PAY,+,US,2023-12-03,AFETR,,94.27,43.00,484,482,,,EA,ORB
STARLINK-31005,2023-186P,58486,PAY,+,US,2023-12-03,AFETR,,94.27,43.00,484,482,,,EA,ORB
STARLINK-30987,2023-186Q,58487,PAY,+,US,2023-12-03,AFETR,,94.27,43.00,484,482,,,EA,ORB
STARLINK-31000,2023-186R,58488,PAY,+,US,2023-12-03,AFETR,,94.27,43.00,484,482,,,EA,ORB
STARLINK-30993,2023-186S,58489,PAY,+,US,2023-12-03,AFETR,,94.27,43.00,485,481,,,EA,ORB
STARLINK-30978,2023-186T,58490,PAY,+,US,2023-12-03,AFETR,,94.27,43.00,484,482,,,EA,ORB
STARLINK-30953,2023-186U,58491,PAY,+,US,2023-12-03,AFETR,,94.27,43.00,484,482,,,EA,ORB
STARLINK-30986,2023-186V,58492,PAY,+,US,2023-12-03,AFETR,,94.27,43.00,484,482,,,EA,ORB
STARLINK-30985,2023-186W,58493,PAY,+,US,2023-12-03,AFETR,,94.27,43.01,484,482,,,EA,ORB
STARLINK-30981,2023-186X,58494,PAY,+,US,2023-12-03,AFETR,,94.27,43.00,484,482,,,EA,ORB
STARLINK-31002,2023-186Y,58495,PAY,+,US,2023-12-03,AFETR,,94.27,43.00,484,482,,,EA,ORB
STARLINK-31026,2023-191A,58508,PAY,+,US,2023-12-07,AFETR,,94.27,43.00,484,482,,,EA,ORB
STARLINK-31020,2023-191B,58509,PAY,P,US,2023-12-07,AFETR,,94.27,43.00,484,482,,,EA,ORB
STARLINK-30989,2023-191C,58510,PAY,+,US,2023-12-07,AFETR,,94.27,43.00,484,482,,,EA,ORB
STARLINK-30968,2023-191D,58511,PAY,+,US,2023-12-07,AFETR,,94.27,43.00,484,482,,,EA,ORB
STARLINK-30982,2023-191E,58512,PAY,+,US,2023-12-07,AFETR,,94.27,43.00,484,482,,,EA,ORB
STARLINK-30998,2023-191F,58513,PAY,+,US,2023-12-07,AFETR,,94.27,43.00,484,482,,,EA,ORB
STARLINK-30983,2023-191G,58514,PAY,+,US,2023-12-07,AFETR,,94.27,43.00,484,482,,,EA,ORB
STARLINK-31017,2023-191H,58515,PAY,+,US,2023-12-07,AFETR,,94.27,43.00,484,482,,,EA,ORB
STARLINK-31028,2023-191J,58516,PAY,+,US,2023-12-07,AFETR,,94.27,43.00,484,482,,,EA,ORB
STARLINK-31011,2023-191K,58517,PAY,+,US,2023-12-07,AFETR,,94.27,43.00,484,482,,,EA,ORB
STARLINK-31021,2023-191L,58518,PAY,+,US,2023-12-07,AFETR,,94.27,43.00,484,482,,,EA,ORB
STARLINK-31010,2023-191M,58519,PAY,+,US,2023-12-07,AFETR,,94.27,43.00,484,482,,,EA,ORB
STARLINK-31003,2023-191N,58520,PAY,+,US,2023-12-07,AFETR,,94.27,43.00,484,482,,,EA,ORB
STARLINK-31015,2023-191P,58521,PAY,+,US,2023-12-07,AFETR,,94.27,43.00,483,483,,,EA,ORB
STARLINK-30932,2023-191R,58523,PAY,+,US,2023-12-07,AFETR,,94.27,43.00,484,482,,,EA,ORB
STARLINK-30992,2023-191S,58524,PAY,+,US,2023-12-07,AFETR,,94.27,43.00,484,482,,,EA,ORB
STARLINK-30948,2023-191T,58525,PAY,+,US,2023-12-07,AFETR,,94.27,43.00,484,482,,,EA,ORB
STARLINK-31013,2023-191U,58526,PAY,+,US,2023-12-07,AFETR,,95.18,43.00,535,520,,,EA,ORB
STARLINK-31001,2023-191V,58527,PAY,+,US,2023-12-07,AFETR,,94.27,43.00,484,482,,,EA,ORB
STARLINK-31004,2023-191W,58528,PAY,+,US,2023-12-07,AFETR,,94.27,43.00,484,482,,,EA,ORB
STARLINK-30988,2023-191X,58529,PAY,+,US,2023-12-07,AFETR,,94.27,43.00,484,482,,,EA,ORB
STARLINK-31009,2023-191Y,58530,PAY,+,US,2023-12-07,AFETR,,94.27,43.00,485,481,,,EA,ORB
STARLINK-31012,2023-192A,58531,PAY,+,US,2023-12-08,AFWTR,,93.85,53.16,464,462,,,EA,ORB
STARLINK-31035,2023-192B,58532,PAY,+,US,2023-12-08,AFWTR,,93.85,53.16,464,462,,,EA,ORB
STARLINK-31036,2023-192C,58533,PAY,+,US,2023-12-08,AFWTR,,93.85,53.16,464,462,,,EA,ORB
STARLINK-30936,2023-192D,58534,PAY,+,US,2023-12-08,AFWTR,,94.01,53.16,472,470,,,EA,ORB
STARLINK-31032,2023-192E,58535,PAY,+,US,2023-12-08,AFWTR,,93.85,53.16,464,462,,,EA,ORB
STARLINK-31037,2023-192F,58536,PAY,+,US,2023-12-08,AFWTR,,93.85,53.16,464,462,,,EA,ORB
STARLINK-31041,2023-192G,58537,PAY,+,US,2023-12-08,AFWTR,,93.85,53.16,464,462,,,EA,ORB
STARLINK-31014,2023-192H,58538,PAY,+,US,2023-12-08,AFWTR,,93.85,53.16,464,462,,,EA,ORB
STARLINK-31055,2023-192J,58539,PAY,+,US,2023-12-08,AFWTR,,93.85,53.16,464,462,,,EA,ORB
STARLINK-31019,2023-192K,58540,PAY,+,US,2023-12-08,AFWTR,,93.85,53.16,464,462,,,EA,ORB
STARLINK-31045,2023-192L,58541,PAY,+,US,2023-12-08,AFWTR,,93.85,53.16,463,462,,,EA,ORB
STARLINK-31030,2023-192M,58542,PAY,+,US,2023-12-08,AFWTR,,93.85,53.16,464,462,,,EA,ORB
STARLINK-31049,2023-192N,58543,PAY,+,US,2023-12-08,AFWTR,,93.85,53.16,464,462,,,EA,ORB
STARLINK-31048,2023-192P,58544,PAY,+,US,2023-12-08,AFWTR,,93.85,53.16,464,462,,,EA,ORB
STARLINK-31057,2023-192Q,58545,PAY,+,US,2023-12-08,AFWTR,,93.85,53.16,464,462,,,EA,ORB
STARLINK-31050,2023-192R,58546,PAY,+,US,2023-12-08,AFWTR,,93.85,53.16,464,462,,,EA,ORB
STARLINK-31063,2023-192S,58547,PAY,+,US,2023-12-08,AFWTR,,93.85,53.16,464,462,,,EA,ORB
STARLINK-31016,2023-192T,58548,PAY,+,US,2023-12-08,AFWTR,,93.85,53.16,464,462,,,EA,ORB
STARLINK-31053,2023-192U,58549,PAY,+,US,2023-12-08,AFWTR,,93.85,53.16,464,462,,,EA,ORB
STARLINK-31056,2023-192V,58550,PAY,+,US,2023-12-08,AFWTR,,93.85,53.16,464,462,,,EA,ORB
STARLINK-30999,2023-192W,58551,PAY,+,US,2023-12-08,AFWTR,,93.85,53.16,464,462,,,EA,ORB
STARLINK-31046,2023-192X,58552,PAY,+,US,2023-12-08,AFWTR,,93.85,53.16,464,462,,,EA,ORB
STARLINK-31044,2023-200A,58589,PAY,+,US,2023-12-19,AFETR,,94.27,43.00,484,483,,,EA,ORB
STARLINK-31062,2023-200B,58590,PAY,+,US,2023-12-19,AFETR,,94.27,43.00,484,482,,,EA,ORB
STARLINK-31096,2023-200D,58592,PAY,P,US,2023-12-19,AFETR,,93.06,42.99,440,409,,,EA,ORB
STARLINK-31094,2023-200E,58593,PAY,+,US,2023-12-19,AFETR,,94.27,43.00,484,482,,,EA,ORB
STARLINK-31075,2023-200F,58594,PAY,+,US,2023-12-19,AFETR,,94.27,43.00,484,482,,,EA,ORB
STARLINK-30857,2023-200G,58595,PAY,+,US,2023-12-19,AFETR,,94.27,43.00,484,482,,,EA,ORB
STARLINK-31059,2023-200H,58596,PAY,+,US,2023-12-19,AFETR,,94.27,43.01,484,482,,,EA,ORB
STARLINK-31087,2023-200J,58597,PAY,+,US,2023-12-19,AFETR,,94.27,43.00,484,482,,,EA,ORB
STARLINK-31079,2023-200K,58598,PAY,P,US,2023-12-19,AFETR,,90.65,42.97,327,285,,,EA,ORB
STARLINK-31052,2023-200M,58600,PAY,+,US,2023-12-19,AFETR,,94.27,43.01,484,482,,,EA,ORB
STARLINK-31074,2023-200N,58601,PAY,+,US,2023-12-19,AFETR,,94.27,43.00,484,482,,,EA,ORB
STARLINK-31071,2023-200P,58602,PAY,+,US,2023-12-19,AFETR,,94.27,43.01,484,482,,,EA,ORB
STARLINK-31080,2023-200Q,58603,PAY,+,US,2023-12-19,AFETR,,94.27,43.00,484,482,,,EA,ORB
STARLINK-31088,2023-200R,58604,PAY,+,US,2023-12-19,AFETR,,94.27,43.00,484,482,,,EA,ORB
STARLINK-31038,2023-200S,58605,PAY,P,US,2023-12-19,AFETR,,93.00,42.99,435,408,,,EA,ORB
STARLINK-31082,2023-200T,58606,PAY,+,US,2023-12-19,AFETR,,94.27,43.00,484,482,,,EA,ORB
STARLINK-31069,2023-200U,58607,PAY,+,US,2023-12-19,AFETR,,94.27,43.00,484,482,,,EA,ORB
STARLINK-31067,2023-200V,58608,PAY,+,US,2023-12-19,AFETR,,94.27,43.00,484,482,,,EA,ORB
STARLINK-31085,2023-200W,58609,PAY,+,US,2023-12-19,AFETR,,94.27,43.00,484,482,,,EA,ORB
STARLINK-31089,2023-200X,58610,PAY,+,US,2023-12-19,AFETR,,94.27,43.00,484,482,,,EA,ORB
STARLINK-31061,2023-200Y,58611,PAY,+,US,2023-12-19,AFETR,,94.27,43.00,484,482,,,EA,ORB
STARLINK-31054,2023-203B,58619,PAY,+,US,2023-12-23,AFETR,,94.27,43.00,484,482,,,EA,ORB
STARLINK-31134,2023-203D,58621,PAY,+,US,2023-12-23,AFETR,,94.27,43.00,484,482,,,EA,ORB
STARLINK-31133,2023-203E,58622,PAY,+,US,2023-12-23,AFETR,,94.27,43.00,484,482,,,EA,ORB
STARLINK-31068,2023-203F,58623,PAY,+,US,2023-12-23,AFETR,,94.27,43.00,484,483,,,EA,ORB
STARLINK-31129,2023-203G,58624,PAY,+,US,2023-12-23,AFETR,,94.26,43.00,484,482,,,EA,ORB
STARLINK-30774,2023-203H,58625,PAY,+,US,2023-12-23,AFETR,,94.27,43.00,484,482,,,EA,ORB
STARLINK-31086,2023-203J,58626,PAY,+,US,2023-12-23,AFETR,,94.27,43.00,484,482,,,EA,ORB
STARLINK-31065,2023-203K,58627,PAY,+,US,2023-12-23,AFETR,,94.27,43.00,484,482,,,EA,ORB
STARLINK-31092,2023-203L,58628,PAY,+,US,2023-12-23,AFETR,,94.27,43.00,484,482,,,EA,ORB
STARLINK-31091,2023-203M,58629,PAY,+,US,2023-12-23,AFETR,,94.27,43.00,484,482,,,EA,ORB
STARLINK-31084,2023-203N,58630,PAY,+,US,2023-12-23,AFETR,,94.27,43.00,484,482,,,EA,ORB
STARLINK-31064,2023-203P,58631,PAY,+,US,2023-12-23,AFETR,,94.27,43.00,484,482,,,EA,ORB
STARLINK-31081,2023-203Q,58632,PAY,+,US,2023-12-23,AFETR,,94.27,43.00,484,482,,,EA,ORB
STARLINK-31022,2023-203R,58633,PAY,+,US,2023-12-23,AFETR,,94.27,43.00,484,482,,,EA,ORB
STARLINK-31025,2023-203S,58634,PAY,+,US,2023-12-23,AFETR,,94.27,43.00,484,482,,,EA,ORB
STARLINK-31018,2023-203T,58635,PAY,+,US,2023-12-23,AFETR,,94.27,43.00,484,482,,,EA,ORB
STARLINK-31008,2023-203U,58636,PAY,+,US,2023-12-23,AFETR,,94.27,43.00,484,482,,,EA,ORB
STARLINK-31077,2023-203V,58637,PAY,+,US,2023-12-23,AFETR,,94.27,43.00,484,482,,,EA,ORB
STARLINK-31078,2023-203W,58638,PAY,+,US,2023-12-23,AFETR,,94.27,43.00,484,482,,,EA,ORB
STARLINK-31070,2023-203X,58639,PAY,+,US,2023-12-23,AFETR,,94.27,43.00,484,482,,,EA,ORB
STARLINK-31090,2023-203Y,58640,PAY,+,US,2023-12-23,AFETR,,94.27,43.00,484,482,,,EA,ORB
STARLINK-31113,2023-211B,58668,PAY,+,US,2023-12-29,AFETR,,94.27,43.00,484,482,,,EA,ORB
STARLINK-31128,2023-211C,58669,PAY,+,US,2023-12-29,AFETR,,94.27,43.00,484,482,,,EA,ORB
STARLINK-31083,2023-211D,58670,PAY,+,US,2023-12-29,AFETR,,94.27,43.00,484,482,,,EA,ORB
STARLINK-30828,2023-211E,58671,PAY,+,US,2023-12-29,AFETR,,94.27,43.00,484,483,,,EA,ORB
STARLINK-31104,2023-211F,58672,PAY,P,US,2023-12-29,AFETR,,91.65,42.99,375,336,,,EA,ORB
STARLINK-31131,2023-211G,58673,PAY,+,US,2023-12-29,AFETR,,94.27,43.01,485,482,,,EA,ORB
STARLINK-31124,2023-211H,58674,PAY,+,US,2023-12-29,AFETR,,94.27,43.00,484,482,,,EA,ORB
STARLINK-31126,2023-211J,58675,PAY,+,US,2023-12-29,AFETR,,94.27,43.00,484,482,,,EA,ORB
STARLINK-31066,2023-211K,58676,PAY,+,US,2023-12-29,AFETR,,94.27,43.00,484,482,,,EA,ORB
STARLINK-31058,2023-211L,58677,PAY,+,US,2023-12-29,AFETR,,94.27,43.00,484,482,,,EA,ORB
STARLINK-31125,2023-211M,58678,PAY,+,US,2023-12-29,AFETR,,94.27,43.00,484,482,,,EA,ORB
STARLINK-31110,2023-211N,58679,PAY,+,US,2023-12-29,AFETR,,94.27,43.00,484,482,,,EA,ORB
STARLINK-31112,2023-211P,58680,PAY,+,US,2023-12-29,AFETR,,94.27,43.00,484,482,,,EA,ORB
STARLINK-31147,2023-211Q,58681,PAY,+,US,2023-12-29,AFETR,,94.27,43.00,483,483,,,EA,ORB
STARLINK-31144,2023-211R,58682,PAY,+,US,2023-12-29,AFETR,,94.27,43.00,484,482,,,EA,ORB
STARLINK-31095,2023-211S,58683,PAY,+,US,2023-12-29,AFETR,,94.27,43.00,484,482,,,EA,ORB
STARLINK-31107,2023-211T,58684,PAY,+,US,2023-12-29,AFETR,,94.27,43.00,484,482,,,EA,ORB
STARLINK-31121,2023-211U,58685,PAY,+,US,2023-12-29,AFETR,,94.27,43.00,484,482,,,EA,ORB
STARLINK-31137,2023-211V,58686,PAY,+,US,2023-12-29,AFETR,,94.27,43.01,486,480,,,EA,ORB
STARLINK-31106,2023-211Y,58689,PAY,+,US,2023-12-29,AFETR,,94.27,43.00,484,482,,,EA,ORB
STARLINK-11072 [DTC],2024-002A,58705,PAY,+,US,2024-01-03,AFWTR,,91.74,53.16,360,359,,,EA,ORB
STARLINK-11075 [DTC],2024-002B,58706,PAY,+,US,2024-01-03,AFWTR,,91.20,53.15,335,332,,,EA,ORB
STARLINK-11077 [DTC],2024-002C,58707,PAY,+,US,2024-01-03,AFWTR,,91.74,53.16,360,359,,,EA,ORB
STARLINK-11079 [DTC],2024-002D,58708,PAY,+,US,2024-01-03,AFWTR,,91.74,53.16,361,359,,,EA,ORB
STARLINK-11076 [DTC],2024-002E,58709,PAY,+,US,2024-01-03,AFWTR,,91.74,53.16,360,359,,,EA,ORB
STARLINK-11078 [DTC],2024-002F,58710,PAY,+,US,2024-01-03,AFWTR,,91.74,53.16,360,359,,,EA,ORB
STARLINK-31031,2024-002G,58711,PAY,+,US,2024-01-03,AFWTR,,93.85,53.16,464,462,,,EA,ORB
STARLINK-31029,2024-002H,58712,PAY,+,US,2024-01-03,AFWTR,,93.85,53.16,464,462,,,EA,ORB
STARLINK-30973,2024-002J,58713,PAY,+,US,2024-01-03,AFWTR,,93.85,53.16,463,462,,,EA,ORB
STARLINK-31100,2024-002K,58714,PAY,+,US,2024-01-03,AFWTR,,93.85,53.16,464,462,,,EA,ORB
STARLINK-31102,2024-002L,58715,PAY,+,US,2024-01-03,AFWTR,,93.85,53.16,463,462,,,EA,ORB
STARLINK-31098,2024-002M,58716,PAY,+,US,2024-01-03,AFWTR,,93.85,53.16,464,462,,,EA,ORB
STARLINK-31093,2024-002N,58717,PAY,+,US,2024-01-03,AFWTR,,93.85,53.16,464,462,,,EA,ORB
STARLINK-31097,2024-002P,58718,PAY,+,US,2024-01-03,AFWTR,,93.85,53.16,464,462,,,EA,ORB
STARLINK-31051,2024-002Q,58719,PAY,+,US,2024-01-03,AFWTR,,93.85,53.16,464,462,,,EA,ORB
STARLINK-31027,2024-002R,58720,PAY,P,US,2024-01-03,AFWTR,,89.89,53.13,276,262,,,EA,ORB
STARLINK-30972,2024-002S,58721,PAY,+,US,2024-01-03,AFWTR,,93.85,53.16,463,462,,,EA,ORB
STARLINK-31040,2024-002T,58722,PAY,+,US,2024-01-03,AFWTR,,93.85,53.16,464,462,,,EA,ORB
STARLINK-31033,2024-002U,58723,PAY,+,US,2024-01-03,AFWTR,,93.85,53.16,463,462,,,EA,ORB
STARLINK-30893,2024-002V,58724,PAY,+,US,2024-01-03,AFWTR,,93.85,53.16,463,462,,,EA,ORB
STARLINK-30856,2024-002W,58725,PAY,+,US,2024-01-03,AFWTR,,93.90,53.16,466,464,,,EA,ORB
STARLINK-31115,2024-005B,58729,PAY,+,US,2024-01-07,AFETR,,94.27,43.00,484,482,,,EA,ORB
STARLINK-31180,2024-005E,58732,PAY,+,US,2024-01-07,AFETR,,94.27,43.00,484,482,,,EA,ORB
STARLINK-31164,2024-005F,58733,PAY,+,US,2024-01-07,AFETR,,94.27,43.00,484,483,,,EA,ORB
STARLINK-31152,2024-005G,58734,PAY,+,US,2024-01-07,AFETR,,94.27,43.00,484,482,,,EA,ORB
STARLINK-31157,2024-005H,58735,PAY,+,US,2024-01-07,AFETR,,94.27,43.00,484,482,,,EA,ORB
STARLINK-31076,2024-005J,58736,PAY,+,US,2024-01-07,AFETR,,94.27,43.00,484,482,,,EA,ORB
STARLINK-31101,2024-005K,58737,PAY,+,US,2024-01-07,AFETR,,94.27,43.00,484,482,,,EA,ORB
STARLINK-31108,2024-005L,58738,PAY,+,US,2024-01-07,AFETR,,94.27,43.01,484,482,,,EA,ORB
STARLINK-31042,2024-005M,58739,PAY,+,US,2024-01-07,AFETR,,94.27,43.00,484,482,,,EA,ORB
STARLINK-31159,2024-005N,58740,PAY,+,US,2024-01-07,AFETR,,94.27,43.00,484,482,,,EA,ORB
STARLINK-31148,2024-005P,58741,PAY,+,US,2024-01-07,AFETR,,94.27,43.00,484,482,,,EA,ORB
STARLINK-31151,2024-005Q,58742,PAY,+,US,2024-01-07,AFETR,,94.27,43.00,484,482,,,EA,ORB
STARLINK-31156,2024-005R,58743,PAY,+,US,2024-01-07,AFETR,,94.27,43.00,484,482,,,EA,ORB
STARLINK-31167,2024-005S,58744,PAY,+,US,2024-01-07,AFETR,,94.27,43.00,484,482,,,EA,ORB
STARLINK-31176,2024-005T,58745,PAY,+,US,2024-01-07,AFETR,,94.27,43.00,484,482,,,EA,ORB
STARLINK-31181,2024-005U,58746,PAY,+,US,2024-01-07,AFETR,,94.27,43.00,484,482,,,EA,ORB
STARLINK-31183,2024-005V,58747,PAY,+,US,2024-01-07,AFETR,,94.27,43.00,484,482,,,EA,ORB
STARLINK-31165,2024-005W,58748,PAY,+,US,2024-01-07,AFETR,,94.27,43.00,484,482,,,EA,ORB
STARLINK-31160,2024-005X,58749,PAY,+,US,2024-01-07,AFETR,,94.27,43.00,484,482,,,EA,ORB
STARLINK-31179,2024-005Y,58750,PAY,+,US,2024-01-07,AFETR,,94.27,43.00,484,482,,,EA,ORB
STARLINK-31127,2024-011A,58765,PAY,+,US,2024-01-14,AFWTR,,93.85,53.16,464,462,,,EA,ORB
STARLINK-31114,2024-011B,58766,PAY,+,US,2024-01-14,AFWTR,,93.85,53.16,463,462,,,EA,ORB
STARLINK-31140,2024-011C,58767,PAY,+,US,2024-01-14,AFWTR,,93.85,53.16,463,462,,,EA,ORB
STARLINK-31146,2024-011E,58769,PAY,+,US,2024-01-14,AFWTR,,93.85,53.16,464,462,,,EA,ORB
STARLINK-31143,2024-011F,58770,PAY,+,US,2024-01-14,AFWTR,,93.85,53.16,464,462,,,EA,ORB
STARLINK-31135,2024-011G,58771,PAY,+,US,2024-01-14,AFWTR,,93.85,53.16,464,462,,,EA,ORB
STARLINK-31136,2024-011H,58772,PAY,+,US,2024-01-14,AFWTR,,93.85,53.16,464,462,,,EA,ORB
STARLINK-31073,2024-011J,58773,PAY,+,US,2024-01-14,AFWTR,,93.85,53.16,464,462,,,EA,ORB
STARLINK-31122,2024-011K,58774,PAY,+,US,2024-01-14,AFWTR,,93.85,53.16,464,462,,,EA,ORB
STARLINK-31123,2024-011L,58775,PAY,+,US,2024-01-14,AFWTR,,93.85,53.16,464,462,,,EA,ORB
STARLINK-31117,2024-011M,58776,PAY,+,US,2024-01-14,AFWTR,,93.85,53.16,464,462,,,EA,ORB
STARLINK-31132,2024-011N,58777,PAY,+,US,2024-01-14,AFWTR,,94.01,53.16,472,470,,,EA,ORB
STARLINK-31120,2024-011P,58778,PAY,+,US,2024-01-14,AFWTR,,93.85,53.16,464,462,,,EA,ORB
STARLINK-31142,2024-011Q,58779,PAY,+,US,2024-01-14,AFWTR,,93.85,53.16,464,462,,,EA,ORB
STARLINK-31099,2024-011S,58781,PAY,+,US,2024-01-14,AFWTR,,93.85,53.16,464,462,,,EA,ORB
STARLINK-31047,2024-011U,58783,PAY,+,US,2024-01-14,AFWTR,,93.85,53.16,463,462,,,EA,ORB
STARLINK-31039,2024-011V,58784,PAY,+,US,2024-01-14,AFWTR,,93.85,53.16,464,462,,,EA,ORB
STARLINK-31034,2024-011W,58785,PAY,+,US,2024-01-14,AFWTR,,93.85,53.16,464,462,,,EA,ORB
STARLINK-31024,2024-011X,58786,PAY,+,US,2024-01-14,AFWTR,,93.85,53.16,464,461,,,EA,ORB
STARLINK-31189,2024-012A,58787,PAY,+,US,2024-01-15,AFETR,,94.27,43.00,484,482,,,EA,ORB
STARLINK-31185,2024-012B,58788,PAY,+,US,2024-01-15,AFETR,,94.27,43.00,484,482,,,EA,ORB
STARLINK-31166,2024-012C,58789,PAY,+,US,2024-01-15,AFETR,,94.27,43.00,484,482,,,EA,ORB
STARLINK-31187,2024-012D,58790,PAY,+,US,2024-01-15,AFETR,,94.27,43.00,484,483,,,EA,ORB
STARLINK-31162,2024-012E,58791,PAY,+,US,2024-01-15,AFETR,,94.27,43.01,484,482,,,EA,ORB
STARLINK-31184,2024-012G,58793,PAY,+,US,2024-01-15,AFETR,,94.27,43.00,484,482,,,EA,ORB
STARLINK-31192,2024-012H,58794,PAY,+,US,2024-01-15,AFETR,,94.27,43.00,484,482,,,EA,ORB
STARLINK-31161,2024-012J,58795,PAY,+,US,2024-01-15,AFETR,,94.27,43.00,483,483,,,EA,ORB
STARLINK-31195,2024-012K,58796,PAY,+,US,2024-01-15,AFETR,,94.27,43.00,484,483,,,EA,ORB
STARLINK-31193,2024-012L,58797,PAY,+,US,2024-01-15,AFETR,,94.27,43.00,484,482,,,EA,ORB
STARLINK-31168,2024-012M,58798,PAY,+,US,2024-01-15,AFETR,,94.27,43.00,484,482,,,EA,ORB
STARLINK-31191,2024-012P,58800,PAY,+,US,2024-01-15,AFETR,,94.27,43.00,484,482,,,EA,ORB
STARLINK-31170,2024-012Q,58801,PAY,+,US,2024-01-15,AFETR,,94.27,43.00,484,482,,,EA,ORB
STARLINK-31141,2024-012S,58803,PAY,+,US,2024-01-15,AFETR,,94.27,43.00,484,482,,,EA,ORB
STARLINK-31188,2024-012T,58804,PAY,+,US,2024-01-15,AFETR,,94.27,43.00,484,482,,,EA,ORB
STARLINK-31138,2024-012V,58806,PAY,+,US,2024-01-15,AFETR,,94.27,43.00,484,482,,,EA,ORB
STARLINK-31163,2024-012W,58807,PAY,+,US,2024-01-15,AFETR,,94.25,43.00,482,482,,,EA,ORB
STARLINK-31174,2024-012X,58808,PAY,+,US,2024-01-15,AFETR,,94.27,43.00,484,483,,,EA,ORB
STARLINK-31169,2024-012Y,58809,PAY,+,US,2024-01-15,AFETR,,94.27,43.00,484,482,,,EA,ORB
STARLINK-31233,2024-017A,58826,PAY,+,US,2024-01-24,AFWTR,,93.85,53.16,463,462,,,EA,ORB
STARLINK-31271,2024-017B,58827,PAY,+,US,2024-01-24,AFWTR,,93.85,53.16,464,461,,,EA,ORB
STARLINK-31222,2024-017C,58828,PAY,+,US,2024-01-24,AFWTR,,93.85,53.16,464,462,,,EA,ORB
STARLINK-31258,2024-017D,58829,PAY,+,US,2024-01-24,AFWTR,,93.85,53.16,464,462,,,EA,ORB
STARLINK-31253,2024-017E,58830,PAY,+,US,2024-01-24,AFWTR,,94.02,53.16,472,470,,,EA,ORB
STARLINK-31232,2024-017F,58831,PAY,+,US,2024-01-24,AFWTR,,94.01,53.16,472,470,,,EA,ORB
STARLINK-31263,2024-017G,58832,PAY,+,US,2024-01-24,AFWTR,,93.85,53.16,463,462,,,EA,ORB
STARLINK-31171,2024-017J,58834,PAY,+,US,2024-01-24,AFWTR,,93.85,53.16,463,462,,,EA,ORB
STARLINK-31246,2024-017K,58835,PAY,+,US,2024-01-24,AFWTR,,93.85,53.16,464,462,,,EA,ORB
STARLINK-31251,2024-017L,58836,PAY,+,US,2024-01-24,AFWTR,,93.85,53.16,464,462,,,EA,ORB
STARLINK-31249,2024-017N,58838,PAY,+,US,2024-01-24,AFWTR,,93.85,53.16,464,462,,,EA,ORB
STARLINK-31250,2024-017P,58839,PAY,+,US,2024-01-24,AFWTR,,93.85,53.16,464,462,,,EA,ORB
STARLINK-31248,2024-017Q,58840,PAY,+,US,2024-01-24,AFWTR,,93.85,53.16,464,462,,,EA,ORB
STARLINK-31236,2024-017R,58841,PAY,+,US,2024-01-24,AFWTR,,93.85,53.16,463,462,,,EA,ORB
STARLINK-31228,2024-017S,58842,PAY,+,US,2024-01-24,AFWTR,,93.85,53.16,463,462,,,EA,ORB
STARLINK-31280,2024-017T,58843,PAY,+,US,2024-01-24,AFWTR,,93.85,53.16,464,462,,,EA,ORB
STARLINK-31269,2024-017U,58844,PAY,+,US,2024-01-24,AFWTR,,93.85,53.16,464,462,,,EA,ORB
STARLINK-31264,2024-017V,58845,PAY,+,US,2024-01-24,AFWTR,,93.85,53.16,464,462,,,EA,ORB
STARLINK-31273,2024-017W,58846,PAY,+,US,2024-01-24,AFWTR,,93.85,53.16,464,462,,,EA,ORB
STARLINK-31262,2024-017X,58847,PAY,+,US,2024-01-24,AFWTR,,93.85,53.16,464,462,,,EA,ORB
STARLINK-31238,2024-019A,58853,PAY,+,US,2024-01-29,AFETR,,94.27,43.00,484,482,,,EA,ORB
STARLINK-31158,2024-019B,58854,PAY,+,US,2024-01-29,AFETR,,94.27,43.00,484,482,,,EA,ORB
STARLINK-31237,2024-019C,58855,PAY,+,US,2024-01-29,AFETR,,94.27,43.00,484,482,,,EA,ORB
STARLINK-31244,2024-019D,58856,PAY,+,US,2024-01-29,AFETR,,94.27,43.00,484,482,,,EA,ORB
STARLINK-31226,2024-019F,58858,PAY,+,US,2024-01-29,AFETR,,94.27,43.00,484,482,,,EA,ORB
STARLINK-31197,2024-019G,58859,PAY,+,US,2024-01-29,AFETR,,94.27,43.00,484,482,,,EA,ORB
STARLINK-31213,2024-019H,58860,PAY,+,US,2024-01-29,AFETR,,94.27,43.00,484,482,,,EA,ORB
STARLINK-31199,2024-019J,58861,PAY,+,US,2024-01-29,AFETR,,94.27,43.00,484,482,,,EA,ORB
STARLINK-31200,2024-019K,58862,PAY,+,US,2024-01-29,AFETR,,94.27,43.00,484,482,,,EA,ORB
STARLINK-31149,2024-019L,58863,PAY,+,US,2024-01-29,AFETR,,94.27,43.00,484,482,,,EA,ORB
STARLINK-31242,2024-019M,58864,PAY,+,US,2024-01-29,AFETR,,94.27,43.00,484,482,,,EA,ORB
STARLINK-31223,2024-019N,58865,PAY,+,US,2024-01-29,AFETR,,94.27,43.00,484,482,,,EA,ORB
STARLINK-31219,2024-019P,58866,PAY,+,US,2024-01-29,AFETR,,94.27,43.00,484,482,,,EA,ORB
STARLINK-31198,2024-019Q,58867,PAY,+,US,2024-01-29,AFETR,,94.27,43.00,484,482,,,EA,ORB
STARLINK-31196,2024-019R,58868,PAY,+,US,2024-01-29,AFETR,,94.27,43.00,484,482,,,EA,ORB
STARLINK-31203,2024-019S,58869,PAY,+,US,2024-01-29,AFETR,,94.27,43.00,484,482,,,EA,ORB
STARLINK-31201,2024-019T,58870,PAY,+,US,2024-01-29,AFETR,,94.27,43.00,484,482,,,EA,ORB
STARLINK-31214,2024-019U,58871,PAY,+,US,2024-01-29,AFETR,,94.27,43.00,484,482,,,EA,ORB
STARLINK-31215,2024-019V,58872,PAY,+,US,2024-01-29,AFETR,,94.27,43.00,484,482,,,EA,ORB
STARLINK-31177,2024-019W,58873,PAY,+,US,2024-01-29,AFETR,,94.27,43.00,484,482,,,EA,ORB
STARLINK-30945,2024-019X,58874,PAY,+,US,2024-01-29,AFETR,,94.27,43.00,484,482,,,EA,ORB
STARLINK-31212,2024-019Y,58875,PAY,+,US,2024-01-29,AFETR,,94.27,43.00,484,482,,,EA,ORB
STARLINK-31306,2024-020A,58876,PAY,+,US,2024-01-29,AFWTR,,93.85,53.16,464,462,,,EA,ORB
STARLINK-31326,2024-020B,58877,PAY,+,US,2024-01-29,AFWTR,,94.01,53.16,472,470,,,EA,ORB
STARLINK-31300,2024-020C,58878,PAY,+,US,2024-01-29,AFWTR,,93.85,53.16,464,461,,,EA,ORB
STARLINK-31296,2024-020D,58879,PAY,+,US,2024-01-29,AFWTR,,93.85,53.16,464,462,,,EA,ORB
STARLINK-31328,2024-020E,58880,PAY,+,US,2024-01-29,AFWTR,,93.85,53.16,464,462,,,EA,ORB
STARLINK-31260,2024-020F,58881,PAY,+,US,2024-01-29,AFWTR,,93.85,53.16,464,462,,,EA,ORB
STARLINK-31323,2024-020G,58882,PAY,+,US,2024-01-29,AFWTR,,93.85,53.16,464,462,,,EA,ORB
STARLINK-31209,2024-020H,58883,PAY,+,US,2024-01-29,AFWTR,,93.85,53.16,464,462,,,EA,ORB
STARLINK-31315,2024-020J,58884,PAY,+,US,2024-01-29,AFWTR,,93.85,53.16,464,462,,,EA,ORB
STARLINK-31318,2024-020K,58885,PAY,+,US,2024-01-29,AFWTR,,94.01,53.16,472,470,,,EA,ORB
STARLINK-31320,2024-020L,58886,PAY,+,US,2024-01-29,AFWTR,,93.85,53.16,464,462,,,EA,ORB
STARLINK-31321,2024-020M,58887,PAY,+,US,2024-01-29,AFWTR,,93.85,53.16,464,462,,,EA,ORB
STARLINK-31007,2024-020P,58889,PAY,+,US,2024-01-29,AFWTR,,93.85,53.16,463,462,,,EA,ORB
STARLINK-31230,2024-020Q,58890,PAY,+,US,2024-01-29,AFWTR,,93.85,53.16,464,462,,,EA,ORB
STARLINK-31245,2024-020R,58891,PAY,+,US,2024-01-29,AFWTR,,93.85,53.16,464,462,,,EA,ORB
STARLINK-31255,2024-020T,58893,PAY,+,US,2024-01-29,AFWTR,,93.85,53.16,464,462,,,EA,ORB
STARLINK-31243,2024-020U,58894,PAY,+,US,2024-01-29,AFWTR,,94.01,53.16,472,470,,,EA,ORB
STARLINK-31218,2024-020V,58895,PAY,+,US,2024-01-29,AFWTR,,94.01,53.16,472,470,,,EA,ORB
STARLINK-31190,2024-020X,58897,PAY,+,US,2024-01-29,AFWTR,,94.01,53.16,472,470,,,EA,ORB
STARLINK-31317,2024-027A,58931,PAY,+,US,2024-02-10,AFWTR,,93.85,53.16,463,462,,,EA,ORB
STARLINK-31378,2024-027B,58932,PAY,+,US,2024-02-10,AFWTR,,94.01,53.16,472,470,,,EA,ORB
STARLINK-31350,2024-027C,58933,PAY,+,US,2024-02-10,AFWTR,,93.85,53.16,464,462,,,EA,ORB
STARLINK-31337,2024-027D,58934,PAY,+,US,2024-02-10,AFWTR,,93.85,53.16,464,462,,,EA,ORB
STARLINK-31362,2024-027E,58935,PAY,+,US,2024-02-10,AFWTR,,93.85,53.16,464,462,,,EA,ORB
STARLINK-31383,2024-027F,58936,PAY,+,US,2024-02-10,AFWTR,,93.85,53.16,464,462,,,EA,ORB
STARLINK-31390,2024-027G,58937,PAY,+,US,2024-02-10,AFWTR,,93.85,53.16,464,462,,,EA,ORB
STARLINK-31377,2024-027H,58938,PAY,+,US,2024-02-10,AFWTR,,93.85,53.16,464,462,,,EA,ORB
STARLINK-31372,2024-027J,58939,PAY,+,US,2024-02-10,AFWTR,,93.85,53.16,464,462,,,EA,ORB
STARLINK-31371,2024-027K,58940,PAY,+,US,2024-02-10,AFWTR,,93.85,53.16,464,462,,,EA,ORB
STARLINK-31345,2024-027L,58941,PAY,+,US,2024-02-10,AFWTR,,93.85,53.16,464,462,,,EA,ORB
STARLINK-31354,2024-027M,58942,PAY,+,US,2024-02-10,AFWTR,,94.01,53.16,472,470,,,EA,ORB
STARLINK-31346,2024-027N,58943,PAY,+,US,2024-02-10,AFWTR,,93.85,53.16,464,462,,,EA,ORB
STARLINK-31336,2024-027P,58944,PAY,+,US,2024-02-10,AFWTR,,93.85,53.16,464,462,,,EA,ORB
STARLINK-31359,2024-027Q,58945,PAY,+,US,2024-02-10,AFWTR,,93.85,53.16,464,462,,,EA,ORB
STARLINK-31331,2024-027R,58946,PAY,+,US,2024-02-10,AFWTR,,94.01,53.16,473,469,,,EA,ORB
STARLINK-31116,2024-027S,58947,PAY,+,US,2024-02-10,AFWTR,,94.01,53.16,472,470,,,EA,ORB
STARLINK-31311,2024-027T,58948,PAY,+,US,2024-02-10,AFWTR,,93.85,53.16,464,462,,,EA,ORB
STARLINK-31294,2024-027U,58949,PAY,+,US,2024-02-10,AFWTR,,93.85,53.16,464,461,,,EA,ORB
STARLINK-31330,2024-027W,58951,PAY,+,US,2024-02-10,AFWTR,,93.85,53.16,464,461,,,EA,ORB
STARLINK-31293,2024-027X,58952,PAY,+,US,2024-02-10,AFWTR,,94.01,53.16,472,470,,,EA,ORB
STARLINK-31373,2024-031A,58965,PAY,+,US,2024-02-15,AFWTR,,93.85,53.16,464,462,,,EA,ORB
STARLINK-31449,2024-031B,58966,PAY,+,US,2024-02-15,AFWTR,,93.85,53.16,464,462,,,EA,ORB
STARLINK-31314,2024-031C,58967,PAY,+,US,2024-02-15,AFWTR,,93.85,53.16,464,462,,,EA,ORB
STARLINK-31356,2024-031D,58968,PAY,+,US,2024-02-15,AFWTR,,93.85,53.16,464,462,,,EA,ORB
STARLINK-31335,2024-031E,58969,PAY,+,US,2024-02-15,AFWTR,,93.85,53.16,464,462,,,EA,ORB
STARLINK-31368,2024-031F,58970,PAY,+,US,2024-02-15,AFWTR,,93.85,53.16,464,462,,,EA,ORB
STARLINK-31333,2024-031G,58971,PAY,+,US,2024-02-15,AFWTR,,93.85,53.16,464,462,,,EA,ORB
STARLINK-31351,2024-031H,58972,PAY,+,US,2024-02-15,AFWTR,,93.85,53.16,464,462,,,EA,ORB
STARLINK-31365,2024-031J,58973,PAY,+,US,2024-02-15,AFWTR,,93.85,53.16,464,462,,,EA,ORB
STARLINK-31361,2024-031K,58974,PAY,+,US,2024-02-15,AFWTR,,93.85,53.16,464,462,,,EA,ORB
STARLINK-31369,2024-031L,58975,PAY,+,US,2024-02-15,AFWTR,,93.85,53.16,464,462,,,EA,ORB
STARLINK-31324,2024-031M,58976,PAY,+,US,2024-02-15,AFWTR,,93.85,53.16,464,462,,,EA,ORB
STARLINK-31358,2024-031N,58977,PAY,+,US,2024-02-15,AFWTR,,93.85,53.16,464,462,,,EA,ORB
STARLINK-31355,2024-031P,58978,PAY,+,US,2024-02-15,AFWTR,,93.85,53.16,464,462,,,EA,ORB
STARLINK-31380,2024-031Q,58979,PAY,+,US,2024-02-15,AFWTR,,93.85,53.16,464,462,,,EA,ORB
STARLINK-31353,2024-031R,58980,PAY,+,US,2024-02-15,AFWTR,,93.85,53.16,463,462,,,EA,ORB
STARLINK-31339,2024-031S,58981,PAY,+,US,2024-02-15,AFWTR,,93.85,53.16,464,462,,,EA,ORB
STARLINK-31384,2024-031U,58983,PAY,+,US,2024-02-15,AFWTR,,93.85,53.16,464,462,,,EA,ORB
STARLINK-31379,2024-031V,58984,PAY,+,US,2024-02-15,AFWTR,,93.85,53.16,464,462,,,EA,ORB
STARLINK-31385,2024-031W,58985,PAY,+,US,2024-02-15,AFWTR,,93.85,53.16,464,462,,,EA,ORB
STARLINK-31229,2024-031X,58986,PAY,+,US,2024-02-15,AFWTR,,93.85,53.16,464,462,,,EA,ORB
STARLINK-31468,2024-036A,58998,PAY,+,US,2024-02-23,AFWTR,,93.85,53.16,464,462,,,EA,ORB
STARLINK-31440,2024-036B,58999,PAY,+,US,2024-02-23,AFWTR,,93.85,53.16,464,462,,,EA,ORB
STARLINK-31529,2024-036C,59000,PAY,+,US,2024-02-23,AFWTR,,93.85,53.16,464,462,,,EA,ORB
STARLINK-31431,2024-036E,59002,PAY,+,US,2024-02-23,AFWTR,,94.01,53.16,472,470,,,EA,ORB
STARLINK-31435,2024-036G,59004,PAY,+,US,2024-02-23,AFWTR,,93.85,53.16,463,462,,,EA,ORB
STARLINK-31484,2024-036H,59005,PAY,+,US,2024-02-23,AFWTR,,93.85,53.16,464,462,,,EA,ORB
STARLINK-31450,2024-036J,59006,PAY,+,US,2024-02-23,AFWTR,,93.85,53.16,464,462,,,EA,ORB
STARLINK-31456,2024-036K,59007,PAY,+,US,2024-02-23,AFWTR,,93.85,53.16,463,462,,,EA,ORB
STARLINK-31460,2024-036L,59008,PAY,+,US,2024-02-23,AFWTR,,93.85,53.16,464,462,,,EA,ORB
STARLINK-31488,2024-036M,59009,PAY,+,US,2024-02-23,AFWTR,,93.85,53.16,464,462,,,EA,ORB
STARLINK-31528,2024-036N,59010,PAY,+,US,2024-02-23,AFWTR,,93.85,53.16,464,462,,,EA,ORB
STARLINK-31491,2024-036P,59011,PAY,+,US,2024-02-23,AFWTR,,93.85,53.16,464,462,,,EA,ORB
STARLINK-31465,2024-036Q,59012,PAY,+,US,2024-02-23,AFWTR,,94.01,53.16,472,470,,,EA,ORB
STARLINK-31389,2024-036R,59013,PAY,+,US,2024-02-23,AFWTR,,94.01,53.16,472,470,,,EA,ORB
STARLINK-31454,2024-036S,59014,PAY,+,US,2024-02-23,AFWTR,,94.01,53.16,472,470,,,EA,ORB
STARLINK-31521,2024-036T,59015,PAY,+,US,2024-02-23,AFWTR,,94.01,53.16,471,470,,,EA,ORB
STARLINK-31526,2024-036U,59016,PAY,+,US,2024-02-23,AFWTR,,94.01,53.16,472,470,,,EA,ORB
STARLINK-31406,2024-036V,59017,PAY,+,US,2024-02-23,AFWTR,,93.85,53.16,464,462,,,EA,ORB
STARLINK-31527,2024-036W,59018,PAY,+,US,2024-02-23,AFWTR,,93.85,53.16,464,462,,,EA,ORB
STARLINK-31436,2024-036X,59019,PAY,+,US,2024-02-23,AFWTR,,93.85,53.16,464,462,,,EA,ORB
STARLINK-30996,2024-038A,59023,PAY,+,US,2024-02-25,AFETR,,94.27,43.00,484,482,,,EA,ORB
STARLINK-31006,2024-038B,59024,PAY,+,US,2024-02-25,AFETR,,94.27,43.00,484,482,,,EA,ORB
STARLINK-31178,2024-038C,59025,PAY,+,US,2024-02-25,AFETR,,94.27,43.00,483,483,,,EA,ORB
STARLINK-30863,2024-038E,59027,PAY,+,US,2024-02-25,AFETR,,94.27,43.00,484,482,,,EA,ORB
STARLINK-31206,2024-038F,59028,PAY,+,US,2024-02-25,AFETR,,94.27,43.00,484,482,,,EA,ORB
STARLINK-31224,2024-038G,59029,PAY,+,US,2024-02-25,AFETR,,94.27,43.00,484,483,,,EA,ORB
STARLINK-31186,2024-038H,59030,PAY,+,US,2024-02-25,AFETR,,94.27,43.00,484,482,,,EA,ORB
STARLINK-31211,2024-038J,59031,PAY,+,US,2024-02-25,AFETR,,94.27,43.00,484,482,,,EA,ORB
STARLINK-30862,2024-038K,59032,PAY,+,US,2024-02-25,AFETR,,94.27,43.00,485,482,,,EA,ORB
STARLINK-31210,2024-038L,59033,PAY,+,US,2024-02-25,AFETR,,94.27,43.00,484,482,,,EA,ORB
STARLINK-31231,2024-038M,59034,PAY,+,US,2024-02-25,AFETR,,94.27,43.00,484,483,,,EA,ORB
STARLINK-31207,2024-038N,59035,PAY,+,US,2024-02-25,AFETR,,94.27,43.00,484,482,,,EA,ORB
STARLINK-31217,2024-038P,59036,PAY,+,US,2024-02-25,AFETR,,94.27,43.00,484,482,,,EA,ORB
STARLINK-31208,2024-038Q,59037,PAY,+,US,2024-02-25,AFETR,,94.27,43.01,484,482,,,EA,ORB
STARLINK-31235,2024-038R,59038,PAY,+,US,2024-02-25,AFETR,,94.27,43.00,484,482,,,EA,ORB
STARLINK-31220,2024-038S,59039,PAY,+,US,2024-02-25,AFETR,,94.27,43.00,484,482,,,EA,ORB
STARLINK-31225,2024-038T,59040,PAY,+,US,2024-02-25,AFETR,,94.27,43.00,484,482,,,EA,ORB
STARLINK-31240,2024-038U,59041,PAY,+,US,2024-02-25,AFETR,,94.27,43.00,484,482,,,EA,ORB
STARLINK-31202,2024-038V,59042,PAY,+,US,2024-02-25,AFETR,,94.47,43.00,494,492,,,EA,ORB
STARLINK-31234,2024-038W,59043,PAY,+,US,2024-02-25,AFETR,,94.27,43.00,484,482,,,EA,ORB
STARLINK-31153,2024-038X,59044,PAY,+,US,2024-02-25,AFETR,,94.27,43.00,484,482,,,EA,ORB
STARLINK-31241,2024-038Y,59045,PAY,+,US,2024-02-25,AFETR,,94.27,43.00,484,482,,,EA,ORB
STARLINK-31205,2024-038Z,59046,PAY,+,US,2024-02-25,AFETR,,94.27,43.01,484,482,,,EA,ORB
STARLINK-31265,2024-041A,59074,PAY,+,US,2024-02-29,AFETR,,94.27,43.00,484,482,,,EA,ORB
STARLINK-31276,2024-041B,59075,PAY,+,US,2024-02-29,AFETR,,94.27,43.00,484,482,,,EA,ORB
STARLINK-31259,2024-041C,59076,PAY,+,US,2024-02-29,AFETR,,94.27,43.01,484,482,,,EA,ORB
STARLINK-31281,2024-041D,59077,PAY,+,US,2024-02-29,AFETR,,94.27,43.00,484,482,,,EA,ORB
STARLINK-31274,2024-041E,59078,PAY,+,US,2024-02-29,AFETR,,94.27,43.00,484,482,,,EA,ORB
STARLINK-31257,2024-041F,59079,PAY,+,US,2024-02-29,AFETR,,94.27,43.00,484,482,,,EA,ORB
STARLINK-31292,2024-041H,59081,PAY,+,US,2024-02-29,AFETR,,94.27,43.00,484,483,,,EA,ORB
STARLINK-31286,2024-041J,59082,PAY,+,US,2024-02-29,AFETR,,94.27,43.00,484,482,,,EA,ORB
STARLINK-31252,2024-041K,59083,PAY,+,US,2024-02-29,AFETR,,94.27,43.00,484,482,,,EA,ORB
STARLINK-31261,2024-041L,59084,PAY,+,US,2024-02-29,AFETR,,94.27,43.00,484,482,,,EA,ORB
STARLINK-31290,2024-041M,59085,PAY,+,US,2024-02-29,AFETR,,94.27,43.00,484,482,,,EA,ORB
STARLINK-31279,2024-041N,59086,PAY,+,US,2024-02-29,AFETR,,94.27,43.00,484,482,,,EA,ORB
STARLINK-31266,2024-041P,59087,PAY,+,US,2024-02-29,AFETR,,94.27,43.00,484,482,,,EA,ORB
STARLINK-31313,2024-041Q,59088,PAY,+,US,2024-02-29,AFETR,,94.27,43.00,484,482,,,EA,ORB
STARLINK-31307,2024-041R,59089,PAY,+,US,2024-02-29,AFETR,,94.27,43.00,484,482,,,EA,ORB
STARLINK-31316,2024-041S,59090,PAY,+,US,2024-02-29,AFETR,,94.27,43.00,484,482,,,EA,ORB
STARLINK-31310,2024-041U,59092,PAY,+,US,2024-02-29,AFETR,,94.27,43.00,484,482,,,EA,ORB
STARLINK-31343,2024-041V,59093,PAY,+,US,2024-02-29,AFETR,,94.27,43.00,484,483,,,EA,ORB
STARLINK-31295,2024-041X,59095,PAY,+,US,2024-02-29,AFETR,,94.27,43.00,484,482,,,EA,ORB
STARLINK-31291,2024-041Y,59096,PAY,+,US,2024-02-29,AFETR,,94.27,43.00,484,482,,,EA,ORB
STARLINK-31312,2024-044A,59152,PAY,+,US,2024-03-04,AFETR,,94.27,43.00,484,482,,,EA,ORB
STARLINK-31308,2024-044B,59153,PAY,+,US,2024-03-04,AFETR,,94.26,43.00,485,481,,,EA,ORB
STARLINK-31270,2024-044C,59154,PAY,+,US,2024-03-04,AFETR,,94.27,43.00,484,482,,,EA,ORB
STARLINK-31341,2024-044D,59155,PAY,+,US,2024-03-04,AFETR,,94.26,43.00,484,482,,,EA,ORB
STARLINK-31338,2024-044E,59156,PAY,+,US,2024-03-04,AFETR,,94.27,43.00,484,482,,,EA,ORB
STARLINK-31334,2024-044F,59157,PAY,+,US,2024-03-04,AFETR,,94.27,43.00,484,482,,,EA,ORB
STARLINK-31297,2024-044G,59158,PAY,+,US,2024-03-04,AFETR,,94.27,43.00,484,482,,,EA,ORB
STARLINK-31182,2024-044H,59159,PAY,+,US,2024-03-04,AFETR,,94.27,43.00,484,482,,,EA,ORB
STARLINK-31327,2024-044J,59160,PAY,+,US,2024-03-04,AFETR,,94.27,43.00,484,482,,,EA,ORB
STARLINK-31256,2024-044K,59161,PAY,+,US,2024-03-04,AFETR,,94.27,43.00,484,482,,,EA,ORB
STARLINK-31272,2024-044L,59162,PAY,+,US,2024-03-04,AFETR,,94.27,43.00,484,482,,,EA,ORB
STARLINK-31278,2024-044M,59163,PAY,+,US,2024-03-04,AFETR,,94.27,43.00,484,482,,,EA,ORB
STARLINK-31309,2024-044N,59164,PAY,+,US,2024-03-04,AFETR,,94.27,43.00,484,482,,,EA,ORB
STARLINK-31325,2024-044P,59165,PAY,+,US,2024-03-04,AFETR,,94.27,43.00,484,482,,,EA,ORB
STARLINK-31342,2024-044Q,59166,PAY,+,US,2024-03-04,AFETR,,94.27,43.00,484,482,,,EA,ORB
STARLINK-31298,2024-044R,59167,PAY,+,US,2024-03-04,AFETR,,94.27,43.00,484,482,,,EA,ORB
STARLINK-31322,2024-044S,59168,PAY,+,US,2024-03-04,AFETR,,94.27,43.00,483,483,,,EA,ORB
STARLINK-31329,2024-044T,59169,PAY,+,US,2024-03-04,AFETR,,94.27,43.00,484,482,,,EA,ORB
STARLINK-31340,2024-044U,59170,PAY,+,US,2024-03-04,AFETR,,94.27,43.01,484,482,,,EA,ORB
STARLINK-31344,2024-044V,59171,PAY,+,US,2024-03-04,AFETR,,94.27,43.00,484,482,,,EA,ORB
STARLINK-31348,2024-044W,59172,PAY,+,US,2024-03-04,AFETR,,94.27,43.00,485,481,,,EA,ORB
STARLINK-31289,2024-044X,59173,PAY,+,US,2024-03-04,AFETR,,94.27,43.00,484,482,,,EA,ORB
STARLINK-31283,2024-044Y,59174,PAY,+,US,2024-03-04,AFETR,,94.27,43.00,484,482,,,EA,ORB
STARLINK-31439,2024-045A,59178,PAY,+,US,2024-03-10,AFETR,,94.27,43.00,484,482,,,EA,ORB
STARLINK-31410,2024-045B,59179,PAY,+,US,2024-03-10,AFETR,,94.27,43.00,484,482,,,EA,ORB
STARLINK-31395,2024-045C,59180,PAY,+,US,2024-03-10,AFETR,,94.27,43.00,484,482,,,EA,ORB
STARLINK-31486,2024-045D,59181,PAY,+,US,2024-03-10,AFETR,,94.27,43.00,484,483,,,EA,ORB
STARLINK-31411,2024-045E,59182,PAY,+,US,2024-03-10,AFETR,,94.27,43.00,484,482,,,EA,ORB
STARLINK-31382,2024-045G,59184,PAY,+,US,2024-03-10,AFETR,,94.27,43.01,484,482,,,EA,ORB
STARLINK-31394,2024-045H,59185,PAY,+,US,2024-03-10,AFETR,,94.27,43.00,484,482,,,EA,ORB
STARLINK-31403,2024-045J,59186,PAY,+,US,2024-03-10,AFETR,,94.27,43.00,484,482,,,EA,ORB
STARLINK-31514,2024-045K,59187,PAY,+,US,2024-03-10,AFETR,,94.27,43.00,484,482,,,EA,ORB
STARLINK-31478,2024-045L,59188,PAY,+,US,2024-03-10,AFETR,,94.27,43.00,484,482,,,EA,ORB
STARLINK-31498,2024-045M,59189,PAY,+,US,2024-03-10,AFETR,,94.27,43.01,484,482,,,EA,ORB
STARLINK-31563,2024-045N,59190,PAY,+,US,2024-03-10,AFETR,,94.27,43.00,484,482,,,EA,ORB
STARLINK-31551,2024-045P,59191,PAY,+,US,2024-03-10,AFETR,,94.27,43.00,484,482,,,EA,ORB
STARLINK-31536,2024-045Q,59192,PAY,+,US,2024-03-10,AFETR,,94.27,43.00,484,482,,,EA,ORB
STARLINK-31548,2024-045R,59193,PAY,+,US,2024-03-10,AFETR,,94.27,43.00,484,483,,,EA,ORB
STARLINK-31542,2024-045S,59194,PAY,+,US,2024-03-10,AFETR,,94.27,43.01,484,482,,,EA,ORB
STARLINK-31554,2024-045T,59195,PAY,+,US,2024-03-10,AFETR,,94.27,43.00,484,482,,,EA,ORB
STARLINK-31558,2024-045U,59196,PAY,+,US,2024-03-10,AFETR,,94.27,43.00,484,482,,,EA,ORB
STARLINK-31275,2024-045V,59197,PAY,+,US,2024-03-10,AFETR,,94.27,43.00,484,482,,,EA,ORB
STARLINK-31590,2024-045W,59198,PAY,+,US,2024-03-10,AFETR,,94.27,43.00,484,482,,,EA,ORB
STARLINK-31567,2024-045X,59199,PAY,+,US,2024-03-10,AFETR,,94.27,43.00,484,482,,,EA,ORB
STARLINK-31503,2024-045Y,59200,PAY,+,US,2024-03-10,AFETR,,94.27,43.00,484,482,,,EA,ORB
STARLINK-31603,2024-046A,59201,PAY,+,US,2024-03-11,AFWTR,,93.85,53.16,464,462,,,EA,ORB
STARLINK-31602,2024-046B,59202,PAY,+,US,2024-03-11,AFWTR,,93.85,53.16,464,462,,,EA,ORB
STARLINK-31577,2024-046C,59203,PAY,+,US,2024-03-11,AFWTR,,93.85,53.16,464,462,,,EA,ORB
STARLINK-31522,2024-046D,59204,PAY,+,US,2024-03-11,AFWTR,,93.85,53.16,464,462,,,EA,ORB
STARLINK-31586,2024-046E,59205,PAY,+,US,2024-03-11,AFWTR,,93.85,53.16,463,462,,,EA,ORB
STARLINK-31247,2024-046F,59206,PAY,+,US,2024-03-11,AFWTR,,93.85,53.16,464,462,,,EA,ORB
STARLINK-31591,2024-046G,59207,PAY,+,US,2024-03-11,AFWTR,,93.85,53.16,464,462,,,EA,ORB
STARLINK-31576,2024-046H,59208,PAY,+,US,2024-03-11,AFWTR,,93.85,53.16,463,462,,,EA,ORB
STARLINK-31601,2024-046J,59209,PAY,+,US,2024-03-11,AFWTR,,93.85,53.16,463,462,,,EA,ORB
STARLINK-31520,2024-046K,59210,PAY,+,US,2024-03-11,AFWTR,,93.85,53.16,464,462,,,EA,ORB
STARLINK-31496,2024-046L,59211,PAY,+,US,2024-03-11,AFWTR,,93.85,53.16,463,462,,,EA,ORB
STARLINK-31492,2024-046M,59212,PAY,+,US,2024-03-11,AFWTR,,93.85,53.16,463,462,,,EA,ORB
STARLINK-31517,2024-046N,59213,PAY,+,US,2024-03-11,AFWTR,,93.85,53.16,463,462,,,EA,ORB
STARLINK-31604,2024-046P,59214,PAY,+,US,2024-03-11,AFWTR,,93.85,53.16,464,462,,,EA,ORB
STARLINK-31434,2024-046Q,59215,PAY,+,US,2024-03-11,AFWTR,,93.85,53.16,464,462,,,EA,ORB
STARLINK-31417,2024-046R,59216,PAY,+,US,2024-03-11,AFWTR,,93.85,53.16,463,462,,,EA,ORB
STARLINK-31499,2024-046S,59217,PAY,+,US,2024-03-11,AFWTR,,93.85,53.16,464,462,,,EA,ORB
STARLINK-31421,2024-046T,59218,PAY,+,US,2024-03-11,AFWTR,,93.85,53.16,464,462,,,EA,ORB
STARLINK-31518,2024-046U,59219,PAY,+,US,2024-03-11,AFWTR,,93.85,53.16,463,462,,,EA,ORB
STARLINK-31523,2024-046V,59220,PAY,+,US,2024-03-11,AFWTR,,93.85,53.16,464,462,,,EA,ORB
STARLINK-31516,2024-046W,59221,PAY,+,US,2024-03-11,AFWTR,,93.85,53.16,464,462,,,EA,ORB
STARLINK-31490,2024-046X,59222,PAY,+,US,2024-03-11,AFWTR,,93.85,53.16,464,462,,,EA,ORB
STARLINK-31420,2024-046Y,59223,PAY,+,US,2024-03-11,AFWTR,,93.85,53.16,464,462,,,EA,ORB
STARLINK-31305,2024-049B,59232,PAY,+,US,2024-03-16,AFETR,,94.27,43.00,484,482,,,EA,ORB
STARLINK-31459,2024-049C,59233,PAY,+,US,2024-03-16,AFETR,,94.27,43.00,484,482,,,EA,ORB
STARLINK-31438,2024-049D,59234,PAY,+,US,2024-03-16,AFETR,,94.27,43.00,484,482,,,EA,ORB
STARLINK-31467,2024-049E,59235,PAY,+,US,2024-03-16,AFETR,,94.27,43.00,484,483,,,EA,ORB
STARLINK-31444,2024-049F,59236,PAY,+,US,2024-03-16,AFETR,,92.89,43.00,429,403,,,EA,ORB
STARLINK-31505,2024-049G,59237,PAY,+,US,2024-03-16,AFETR,,94.27,43.00,484,482,,,EA,ORB
STARLINK-31494,2024-049H,59238,PAY,+,US,2024-03-16,AFETR,,94.27,43.00,485,481,,,EA,ORB
STARLINK-31303,2024-049J,59239,PAY,+,US,2024-03-16,AFETR,,94.27,43.00,484,483,,,EA,ORB
STARLINK-31408,2024-049K,59240,PAY,+,US,2024-03-16,AFETR,,94.27,43.00,484,482,,,EA,ORB
STARLINK-31427,2024-049L,59241,PAY,+,US,2024-03-16,AFETR,,94.27,43.00,484,482,,,EA,ORB
STARLINK-31423,2024-049M,59242,PAY,+,US,2024-03-16,AFETR,,94.27,43.00,484,482,,,EA,ORB
STARLINK-31433,2024-049N,59243,PAY,+,US,2024-03-16,AFETR,,94.27,43.00,484,482,,,EA,ORB
STARLINK-31285,2024-049P,59244,PAY,+,US,2024-03-16,AFETR,,94.27,43.00,484,482,,,EA,ORB
STARLINK-31284,2024-049R,59246,PAY,+,US,2024-03-16,AFETR,,94.27,43.01,484,482,,,EA,ORB
STARLINK-31424,2024-049S,59247,PAY,+,US,2024-03-16,AFETR,,94.27,43.01,484,482,,,EA,ORB
STARLINK-31405,2024-049T,59248,PAY,+,US,2024-03-16,AFETR,,94.27,43.00,484,482,,,EA,ORB
STARLINK-31426,2024-049U,59249,PAY,+,US,2024-03-16,AFETR,,94.27,43.00,484,482,,,EA,ORB
STARLINK-31407,2024-049V,59250,PAY,+,US,2024-03-16,AFETR,,94.27,43.00,484,482,,,EA,ORB
STARLINK-31393,2024-049X,59252,PAY,+,US,2024-03-16,AFETR,,94.27,43.00,484,482,,,EA,ORB
STARLINK-31425,2024-049Y,59253,PAY,+,US,2024-03-16,AFETR,,94.27,43.00,484,482,,,EA,ORB
STARLINK-31659,2024-050A,59254,PAY,+,US,2024-03-19,AFWTR,,93.85,53.16,464,462,,,EA,ORB
STARLINK-31629,2024-050B,59255,PAY,+,US,2024-03-19,AFWTR,,93.85,53.16,463,462,,,EA,ORB
STARLINK-31652,2024-050C,59256,PAY,+,US,2024-03-19,AFWTR,,94.01,53.16,471,470,,,EA,ORB
STARLINK-31637,2024-050E,59258,PAY,+,US,2024-03-19,AFWTR,,93.85,53.16,463,462,,,EA,ORB
STARLINK-31506,2024-050F,59259,PAY,+,US,2024-03-19,AFWTR,,93.85,53.16,463,462,,,EA,ORB
STARLINK-31639,2024-050H,59261,PAY,+,US,2024-03-19,AFWTR,,94.01,53.16,472,470,,,EA,ORB
STARLINK-31598,2024-050K,59263,PAY,+,US,2024-03-19,AFWTR,,93.85,53.16,464,462,,,EA,ORB
STARLINK-31645,2024-050L,59264,PAY,+,US,2024-03-19,AFWTR,,93.85,53.16,464,462,,,EA,ORB
STARLINK-31646,2024-050M,59265,PAY,+,US,2024-03-19,AFWTR,,93.85,53.16,463,462,,,EA,ORB
STARLINK-31648,2024-050N,59266,PAY,+,US,2024-03-19,AFWTR,,93.85,53.16,463,462,,,EA,ORB
STARLINK-31579,2024-050P,59267,PAY,+,US,2024-03-19,AFWTR,,93.85,53.16,463,462,,,EA,ORB
STARLINK-31627,2024-050Q,59268,PAY,+,US,2024-03-19,AFWTR,,93.85,53.16,464,462,,,EA,ORB
STARLINK-31609,2024-050R,59269,PAY,+,US,2024-03-19,AFWTR,,93.85,53.16,464,462,,,EA,ORB
STARLINK-31616,2024-050S,59270,PAY,+,US,2024-03-19,AFWTR,,93.85,53.16,464,462,,,EA,ORB
STARLINK-31630,2024-050T,59271,PAY,+,US,2024-03-19,AFWTR,,93.80,53.16,461,460,,,EA,ORB
STARLINK-31623,2024-050U,59272,PAY,+,US,2024-03-19,AFWTR,,93.85,53.16,463,462,,,EA,ORB
STARLINK-31595,2024-050V,59273,PAY,+,US,2024-03-19,AFWTR,,93.85,53.16,464,462,,,EA,ORB
STARLINK-31463,2024-056A,59296,PAY,+,US,2024-03-24,AFETR,,94.27,43.00,484,482,,,EA,ORB
STARLINK-31487,2024-056B,59297,PAY,+,US,2024-03-24,AFETR,,94.27,43.00,484,482,,,EA,ORB
STARLINK-31386,2024-056C,59298,PAY,+,US,2024-03-24,AFETR,,94.27,43.00,484,482,,,EA,ORB
STARLINK-31409,2024-056D,59299,PAY,+,US,2024-03-24,AFETR,,94.27,43.00,483,483,,,EA,ORB
STARLINK-31489,2024-056E,59300,PAY,+,US,2024-03-24,AFETR,,94.27,43.00,484,482,,,EA,ORB
STARLINK-31502,2024-056F,59301,PAY,+,US,2024-03-24,AFETR,,94.27,43.00,484,482,,,EA,ORB
STARLINK-31447,2024-056G,59302,PAY,+,US,2024-03-24,AFETR,,94.27,43.00,484,482,,,EA,ORB
STARLINK-31504,2024-056H,59303,PAY,+,US,2024-03-24,AFETR,,94.27,43.00,484,482,,,EA,ORB
STARLINK-31474,2024-056J,59304,PAY,+,US,2024-03-24,AFETR,,94.27,43.00,484,482,,,EA,ORB
STARLINK-31500,2024-056K,59305,PAY,+,US,2024-03-24,AFETR,,94.27,43.00,484,482,,,EA,ORB
STARLINK-31480,2024-056L,59306,PAY,+,US,2024-03-24,AFETR,,94.27,43.00,484,482,,,EA,ORB
STARLINK-31282,2024-056M,59307,PAY,+,US,2024-03-24,AFETR,,94.27,43.00,484,482,,,EA,ORB
STARLINK-31485,2024-056N,59308,PAY,+,US,2024-03-24,AFETR,,94.27,43.00,484,482,,,EA,ORB
STARLINK-31455,2024-056P,59309,PAY,+,US,2024-03-24,AFETR,,94.27,43.00,484,482,,,EA,ORB
STARLINK-31475,2024-056Q,59310,PAY,+,US,2024-03-24,AFETR,,94.26,43.00,484,482,,,EA,ORB
STARLINK-31445,2024-056S,59312,PAY,+,US,2024-03-24,AFETR,,94.27,43.00,484,482,,,EA,ORB
STARLINK-31495,2024-056T,59313,PAY,+,US,2024-03-24,AFETR,,92.10,42.97,393,362,,,EA,ORB
STARLINK-31477,2024-056U,59314,PAY,+,US,2024-03-24,AFETR,,94.27,43.00,484,482,,,EA,ORB
STARLINK-31446,2024-056V,59315,PAY,+,US,2024-03-24,AFETR,,94.27,43.00,484,482,,,EA,ORB
STARLINK-31479,2024-056W,59316,PAY,+,US,2024-03-24,AFETR,,94.27,43.00,484,482,,,EA,ORB
STARLINK-31349,2024-056X,59317,PAY,+,US,2024-03-24,AFETR,,94.27,43.00,484,482,,,EA,ORB
STARLINK-31464,2024-056Y,59318,PAY,+,US,2024-03-24,AFETR,,94.27,43.00,484,482,,,EA,ORB
STARLINK-31402,2024-057A,59320,PAY,+,US,2024-03-25,AFETR,,93.46,43.00,454,434,,,EA,ORB
STARLINK-31578,2024-057B,59321,PAY,+,US,2024-03-25,AFETR,,94.27,43.00,484,482,,,EA,ORB
STARLINK-31530,2024-057C,59322,PAY,P,US,2024-03-25,AFETR,,90.31,42.98,308,272,,,EA,ORB
STARLINK-31565,2024-057D,59323,PAY,+,US,2024-03-25,AFETR,,94.27,43.00,484,483,,,EA,ORB
STARLINK-31570,2024-057E,59324,PAY,+,US,2024-03-25,AFETR,,94.27,43.00,484,482,,,EA,ORB
STARLINK-31611,2024-057F,59325,PAY,+,US,2024-03-25,AFETR,,94.27,43.00,484,482,,,EA,ORB
STARLINK-31632,2024-057G,59326,PAY,+,US,2024-03-25,AFETR,,94.27,43.00,484,482,,,EA,ORB
STARLINK-31599,2024-057H,59327,PAY,+,US,2024-03-25,AFETR,,94.27,43.00,484,482,,,EA,ORB
STARLINK-31614,2024-057J,59328,PAY,+,US,2024-03-25,AFETR,,94.27,43.00,484,482,,,EA,ORB
STARLINK-31493,2024-057K,59329,PAY,+,US,2024-03-25,AFETR,,94.27,43.00,484,482,,,EA,ORB
STARLINK-31634,2024-057L,59330,PAY,+,US,2024-03-25,AFETR,,94.27,43.00,484,482,,,EA,ORB
STARLINK-31633,2024-057M,59331,PAY,+,US,2024-03-25,AFETR,,94.27,43.01,484,482,,,EA,ORB
STARLINK-31594,2024-057N,59332,PAY,+,US,2024-03-25,AFETR,,94.27,43.00,484,483,,,EA,ORB
STARLINK-31572,2024-057P,59333,PAY,+,US,2024-03-25,AFETR,,94.27,43.00,484,482,,,EA,ORB
STARLINK-31573,2024-057Q,59334,PAY,+,US,2024-03-25,AFETR,,94.27,43.00,484,482,,,EA,ORB
STARLINK-31588,2024-057R,59335,PAY,+,US,2024-03-25,AFETR,,94.27,43.00,484,483,,,EA,ORB
STARLINK-31596,2024-057S,59336,PAY,+,US,2024-03-25,AFETR,,94.26,43.00,484,482,,,EA,ORB
STARLINK-31612,2024-057T,59337,PAY,+,US,2024-03-25,AFETR,,94.27,43.00,484,483,,,EA,ORB
STARLINK-31550,2024-057U,59338,PAY,+,US,2024-03-25,AFETR,,94.27,43.00,484,482,,,EA,ORB
STARLINK-31473,2024-057V,59339,PAY,+,US,2024-03-25,AFETR,,94.27,43.00,484,483,,,EA,ORB
STARLINK-31562,2024-057W,59340,PAY,+,US,2024-03-25,AFETR,,94.27,43.00,484,482,,,EA,ORB
STARLINK-31600,2024-057X,59341,PAY,+,US,2024-03-25,AFETR,,94.27,43.00,484,482,,,EA,ORB
STARLINK-31628,2024-057Y,59342,PAY,+,US,2024-03-25,AFETR,,94.27,43.00,484,482,,,EA,ORB
STARLINK-31605,2024-060A,59348,PAY,+,US,2024-03-31,AFETR,,94.27,43.00,484,482,,,EA,ORB
STARLINK-31532,2024-060B,59349,PAY,+,US,2024-03-31,AFETR,,94.27,43.00,484,482,,,EA,ORB
STARLINK-31593,2024-060C,59350,PAY,+,US,2024-03-31,AFETR,,94.27,43.00,484,482,,,EA,ORB
STARLINK-31555,2024-060D,59351,PAY,+,US,2024-03-31,AFETR,,94.27,43.00,484,482,,,EA,ORB
STARLINK-31561,2024-060E,59352,PAY,+,US,2024-03-31,AFETR,,94.27,43.00,484,482,,,EA,ORB
STARLINK-31413,2024-060F,59353,PAY,+,US,2024-03-31,AFETR,,94.27,43.00,484,482,,,EA,ORB
STARLINK-31422,2024-060G,59354,PAY,+,US,2024-03-31,AFETR,,94.27,43.00,484,482,,,EA,ORB
STARLINK-31416,2024-060H,59355,PAY,+,US,2024-03-31,AFETR,,94.27,43.00,484,482,,,EA,ORB
STARLINK-31552,2024-060J,59356,PAY,+,US,2024-03-31,AFETR,,94.27,43.00,484,482,,,EA,ORB
STARLINK-31557,2024-060K,59357,PAY,+,US,2024-03-31,AFETR,,94.27,43.00,484,482,,,EA,ORB
STARLINK-31559,2024-060L,59358,PAY,+,US,2024-03-31,AFETR,,94.27,43.00,484,482,,,EA,ORB
STARLINK-31501,2024-060M,59359,PAY,+,US,2024-03-31,AFETR,,94.27,43.00,484,482,,,EA,ORB
STARLINK-31549,2024-060N,59360,PAY,+,US,2024-03-31,AFETR,,94.27,43.00,484,482,,,EA,ORB
STARLINK-31560,2024-060P,59361,PAY,+,US,2024-03-31,AFETR,,94.27,43.00,484,482,,,EA,ORB
STARLINK-31571,2024-060Q,59362,PAY,+,US,2024-03-31,AFETR,,94.27,43.00,484,482,,,EA,ORB
STARLINK-31553,2024-060R,59363,PAY,+,US,2024-03-31,AFETR,,94.27,43.00,484,482,,,EA,ORB
STARLINK-31547,2024-060S,59364,PAY,+,US,2024-03-31,AFETR,,94.27,43.00,484,482,,,EA,ORB
STARLINK-31537,2024-060T,59365,PAY,+,US,2024-03-31,AFETR,,94.27,43.00,484,482,,,EA,ORB
STARLINK-31451,2024-060U,59366,PAY,+,US,2024-03-31,AFETR,,94.27,43.01,484,482,,,EA,ORB
STARLINK-31428,2024-060V,59367,PAY,+,US,2024-03-31,AFETR,,94.27,43.00,484,482,,,EA,ORB
STARLINK-31419,2024-060W,59368,PAY,+,US,2024-03-31,AFETR,,94.27,43.00,484,482,,,EA,ORB
STARLINK-31583,2024-060X,59369,PAY,+,US,2024-03-31,AFETR,,94.27,43.00,484,482,,,EA,ORB
STARLINK-31461,2024-060Y,59370,PAY,+,US,2024-03-31,AFETR,,94.27,43.00,484,482,,,EA,ORB
STARLINK-31641,2024-062A,59374,PAY,+,US,2024-04-02,AFWTR,,93.85,53.16,464,461,,,EA,ORB
STARLINK-31430,2024-062B,59375,PAY,+,US,2024-04-02,AFWTR,,93.85,53.16,464,462,,,EA,ORB
STARLINK-31695,2024-062C,59376,PAY,+,US,2024-04-02,AFWTR,,93.85,53.16,463,462,,,EA,ORB
STARLINK-31716,2024-062D,59377,PAY,+,US,2024-04-02,AFWTR,,93.85,53.16,464,462,,,EA,ORB
STARLINK-31710,2024-062E,59378,PAY,+,US,2024-04-02,AFWTR,,93.85,53.16,464,462,,,EA,ORB
STARLINK-31698,2024-062F,59379,PAY,+,US,2024-04-02,AFWTR,,93.85,53.16,464,462,,,EA,ORB
STARLINK-31680,2024-062G,59380,PAY,+,US,2024-04-02,AFWTR,,93.85,53.16,464,462,,,EA,ORB
STARLINK-31713,2024-062H,59381,PAY,+,US,2024-04-02,AFWTR,,93.85,53.16,464,462,,,EA,ORB
STARLINK-31705,2024-062J,59382,PAY,+,US,2024-04-02,AFWTR,,93.85,53.16,464,462,,,EA,ORB
STARLINK-31715,2024-062L,59384,PAY,+,US,2024-04-02,AFWTR,,93.85,53.16,464,462,,,EA,ORB
STARLINK-31717,2024-062M,59385,PAY,+,US,2024-04-02,AFWTR,,93.85,53.16,464,462,,,EA,ORB
STARLINK-31688,2024-062N,59386,PAY,+,US,2024-04-02,AFWTR,,93.85,53.16,464,462,,,EA,ORB
STARLINK-31714,2024-062P,59387,PAY,+,US,2024-04-02,AFWTR,,93.85,53.16,464,462,,,EA,ORB
STARLINK-31643,2024-062Q,59388,PAY,+,US,2024-04-02,AFWTR,,93.85,53.16,464,462,,,EA,ORB
STARLINK-31647,2024-062R,59389,PAY,+,US,2024-04-02,AFWTR,,93.85,53.16,464,462,,,EA,ORB
STARLINK-31649,2024-062S,59390,PAY,+,US,2024-04-02,AFWTR,,93.85,53.16,464,462,,,EA,ORB
STARLINK-31644,2024-062T,59391,PAY,+,US,2024-04-02,AFWTR,,93.85,53.16,464,462,,,EA,ORB
STARLINK-31626,2024-062U,59392,PAY,+,US,2024-04-02,AFWTR,,93.85,53.16,464,462,,,EA,ORB
STARLINK-31443,2024-062V,59393,PAY,+,US,2024-04-02,AFWTR,,93.85,53.16,464,462,,,EA,ORB
STARLINK-31607,2024-062W,59394,PAY,+,US,2024-04-02,AFWTR,,93.85,53.16,464,462,,,EA,ORB
STARLINK-31608,2024-062X,59397,PAY,+,US,2024-04-02,AFWTR,,93.85,53.16,463,462,,,EA,ORB
STARLINK-31534,2024-064A,59398,PAY,+,US,2024-04-05,AFETR,,94.27,43.00,484,482,,,EA,ORB
STARLINK-31544,2024-064B,59399,PAY,+,US,2024-04-05,AFETR,,94.27,43.00,484,482,,,EA,ORB
STARLINK-31545,2024-064C,59400,PAY,+,US,2024-04-05,AFETR,,94.27,43.00,484,482,,,EA,ORB
STARLINK-31507,2024-064D,59401,PAY,+,US,2024-04-05,AFETR,,94.27,43.00,484,482,,,EA,ORB
STARLINK-31543,2024-064E,59402,PAY,+,US,2024-04-05,AFETR,,94.27,43.00,484,483,,,EA,ORB
STARLINK-31366,2024-064F,59403,PAY,+,US,2024-04-05,AFETR,,94.27,43.00,484,482,,,EA,ORB
STARLINK-31374,2024-064G,59404,PAY,+,US,2024-04-05,AFETR,,94.27,43.01,484,482,,,EA,ORB
STARLINK-31400,2024-064H,59405,PAY,+,US,2024-04-05,AFETR,,94.27,43.00,484,482,,,EA,ORB
STARLINK-31391,2024-064J,59406,PAY,+,US,2024-04-05,AFETR,,94.27,43.00,484,482,,,EA,ORB
STARLINK-31387,2024-064K,59407,PAY,+,US,2024-04-05,AFETR,,94.27,43.00,484,482,,,EA,ORB
STARLINK-31396,2024-064M,59409,PAY,+,US,2024-04-05,AFETR,,94.27,43.00,483,483,,,EA,ORB
STARLINK-31412,2024-064N,59410,PAY,+,US,2024-04-05,AFETR,,94.27,43.00,484,482,,,EA,ORB
STARLINK-31483,2024-064P,59411,PAY,+,US,2024-04-05,AFETR,,94.27,43.01,484,482,,,EA,ORB
STARLINK-31568,2024-064Q,59412,PAY,+,US,2024-04-05,AFETR,,94.27,43.01,485,481,,,EA,ORB
STARLINK-31615,2024-064R,59413,PAY,+,US,2024-04-05,AFETR,,93.87,43.00,470,457,,,EA,ORB
STARLINK-31457,2024-064S,59414,PAY,+,US,2024-04-05,AFETR,,94.27,43.01,484,482,,,EA,ORB
STARLINK-31398,2024-064T,59415,PAY,+,US,2024-04-05,AFETR,,94.27,43.00,483,483,,,EA,ORB
STARLINK-31399,2024-064U,59416,PAY,+,US,2024-04-05,AFETR,,94.27,43.00,484,482,,,EA,ORB
STARLINK-31401,2024-064V,59417,PAY,+,US,2024-04-05,AFETR,,94.27,43.00,484,482,,,EA,ORB
STARLINK-31414,2024-064W,59418,PAY,+,US,2024-04-05,AFETR,,94.27,43.00,484,482,,,EA,ORB
STARLINK-31415,2024-064X,59419,PAY,+,US,2024-04-05,AFETR,,94.27,43.00,484,482,,,EA,ORB
STARLINK-31466,2024-064Y,59420,PAY,+,US,2024-04-05,AFETR,,94.27,43.00,484,482,,,EA,ORB
STARLINK-11087 [DTC],2024-065A,59421,PAY,+,US,2024-04-07,AFWTR,,91.74,53.16,361,359,,,EA,ORB
STARLINK-11090 [DTC],2024-065B,59422,PAY,+,US,2024-04-07,AFWTR,,91.74,53.16,360,359,,,EA,ORB
STARLINK-11093 [DTC],2024-065C,59423,PAY,+,US,2024-04-07,AFWTR,,91.74,53.16,360,359,,,EA,ORB
STARLINK-11083 [DTC],2024-065D,59424,PAY,+,US,2024-04-07,AFWTR,,91.74,53.16,360,359,,,EA,ORB
STARLINK-11085 [DTC],2024-065E,59425,PAY,+,US,2024-04-07,AFWTR,,91.74,53.16,361,359,,,EA,ORB
STARLINK-11089 [DTC],2024-065F,59426,PAY,+,US,2024-04-07,AFWTR,,91.74,53.16,360,359,,,EA,ORB
STARLINK-31757,2024-065G,59427,PAY,+,US,2024-04-07,AFWTR,,93.85,53.16,464,462,,,EA,ORB
STARLINK-31773,2024-065J,59429,PAY,+,US,2024-04-07,AFWTR,,93.85,53.16,463,462,,,EA,ORB
STARLINK-31772,2024-065K,59430,PAY,+,US,2024-04-07,AFWTR,,93.85,53.16,464,462,,,EA,ORB
STARLINK-31613,2024-065L,59431,PAY,+,US,2024-04-07,AFWTR,,93.85,53.16,463,462,,,EA,ORB
STARLINK-31780,2024-065M,59432,PAY,+,US,2024-04-07,AFWTR,,93.85,53.16,464,462,,,EA,ORB
STARLINK-31740,2024-065N,59433,PAY,+,US,2024-04-07,AFWTR,,93.85,53.16,464,462,,,EA,ORB
STARLINK-31580,2024-065P,59434,PAY,+,US,2024-04-07,AFWTR,,93.85,53.16,464,462,,,EA,ORB
STARLINK-31696,2024-065Q,59435,PAY,+,US,2024-04-07,AFWTR,,93.85,53.16,464,462,,,EA,ORB
STARLINK-31700,2024-065R,59436,PAY,+,US,2024-04-07,AFWTR,,93.85,53.16,464,462,,,EA,ORB
STARLINK-31706,2024-065S,59437,PAY,+,US,2024-04-07,AFWTR,,93.85,53.16,464,462,,,EA,ORB
STARLINK-31711,2024-065T,59438,PAY,+,US,2024-04-07,AFWTR,,93.85,53.16,464,462,,,EA,ORB
STARLINK-31708,2024-065U,59439,PAY,+,US,2024-04-07,AFWTR,,93.85,53.16,464,462,,,EA,ORB
STARLINK-31693,2024-065W,59441,PAY,+,US,2024-04-07,AFWTR,,93.85,53.16,464,462,,,EA,ORB
STARLINK-31622,2024-068B,59456,PAY,+,US,2024-04-10,AFETR,,94.27,43.01,484,482,,,EA,ORB
STARLINK-31319,2024-068C,59457,PAY,+,US,2024-04-10,AFETR,,94.27,43.00,485,481,,,EA,ORB
STARLINK-31625,2024-068D,59458,PAY,+,US,2024-04-10,AFETR,,94.27,43.00,484,482,,,EA,ORB
STARLINK-31631,2024-068E,59459,PAY,+,US,2024-04-10,AFETR,,94.27,43.00,484,482,,,EA,ORB
STARLINK-31620,2024-068F,59460,PAY,+,US,2024-04-10,AFETR,,94.27,43.01,484,482,,,EA,ORB
STARLINK-31511,2024-068H,59462,PAY,+,US,2024-04-10,AFETR,,94.27,43.01,484,482,,,EA,ORB
STARLINK-31364,2024-068J,59463,PAY,+,US,2024-04-10,AFETR,,94.27,43.00,485,481,,,EA,ORB
STARLINK-31597,2024-068K,59464,PAY,+,US,2024-04-10,AFETR,,94.27,42.99,486,480,,,EA,ORB
STARLINK-31621,2024-068L,59465,PAY,+,US,2024-04-10,AFETR,,94.27,43.01,484,482,,,EA,ORB
STARLINK-31462,2024-068M,59466,PAY,+,US,2024-04-10,AFETR,,94.27,43.01,484,482,,,EA,ORB
STARLINK-31592,2024-068N,59467,PAY,+,US,2024-04-10,AFETR,,94.27,43.00,484,482,,,EA,ORB
STARLINK-31267,2024-068P,59468,PAY,+,US,2024-04-10,AFETR,,94.27,43.00,484,482,,,EA,ORB
STARLINK-31381,2024-068Q,59469,PAY,+,US,2024-04-10,AFETR,,94.27,43.00,484,482,,,EA,ORB
STARLINK-31546,2024-068R,59470,PAY,+,US,2024-04-10,AFETR,,94.27,43.00,484,482,,,EA,ORB
STARLINK-31575,2024-068S,59471,PAY,+,US,2024-04-10,AFETR,,94.27,43.00,484,482,,,EA,ORB
STARLINK-31610,2024-068U,59473,PAY,+,US,2024-04-10,AFETR,,94.27,43.00,484,482,,,EA,ORB
STARLINK-31581,2024-068V,59474,PAY,+,US,2024-04-10,AFETR,,94.27,43.00,484,482,,,EA,ORB
STARLINK-31566,2024-068W,59475,PAY,+,US,2024-04-10,AFETR,,94.27,43.00,484,483,,,EA,ORB
STARLINK-31515,2024-068X,59476,PAY,+,US,2024-04-10,AFETR,,94.27,43.00,484,482,,,EA,ORB
STARLINK-31531,2024-068Y,59477,PAY,+,US,2024-04-10,AFETR,,94.27,43.01,485,481,,,EA,ORB
STARLINK-31753,2024-071A,59484,PAY,+,US,2024-04-13,AFETR,,94.27,43.00,484,482,,,EA,ORB
STARLINK-31733,2024-071C,59486,PAY,+,US,2024-04-13,AFETR,,94.27,43.00,484,482,,,EA,ORB
STARLINK-31657,2024-071D,59487,PAY,+,US,2024-04-13,AFETR,,94.27,43.00,484,482,,,EA,ORB
STARLINK-31754,2024-071E,59488,PAY,+,US,2024-04-13,AFETR,,94.27,43.00,484,482,,,EA,ORB
STARLINK-31638,2024-071F,59489,PAY,+,US,2024-04-13,AFETR,,94.27,43.00,484,482,,,EA,ORB
STARLINK-31670,2024-071G,59490,PAY,+,US,2024-04-13,AFETR,,94.27,43.00,484,482,,,EA,ORB
STARLINK-31712,2024-071H,59491,PAY,+,US,2024-04-13,AFETR,,94.27,43.01,484,482,,,EA,ORB
STARLINK-31684,2024-071J,59492,PAY,+,US,2024-04-13,AFETR,,94.27,43.00,484,482,,,EA,ORB
STARLINK-31678,2024-071K,59493,PAY,+,US,2024-04-13,AFETR,,94.27,43.00,484,482,,,EA,ORB
STARLINK-31744,2024-071L,59494,PAY,+,US,2024-04-13,AFETR,,94.27,43.01,485,481,,,EA,ORB
STARLINK-31719,2024-071M,59495,PAY,+,US,2024-04-13,AFETR,,94.27,43.00,484,482,,,EA,ORB
STARLINK-31728,2024-071N,59496,PAY,+,US,2024-04-13,AFETR,,94.27,43.00,484,482,,,EA,ORB
STARLINK-31720,2024-071P,59497,PAY,+,US,2024-04-13,AFETR,,94.27,43.00,484,482,,,EA,ORB
STARLINK-31731,2024-071Q,59498,PAY,+,US,2024-04-13,AFETR,,94.27,43.00,484,482,,,EA,ORB
STARLINK-31742,2024-071R,59499,PAY,+,US,2024-04-13,AFETR,,94.27,43.00,483,483,,,EA,ORB
STARLINK-31512,2024-071S,59500,PAY,+,US,2024-04-13,AFETR,,94.26,43.01,485,481,,,EA,ORB
STARLINK-31458,2024-071T,59501,PAY,+,US,2024-04-13,AFETR,,94.27,43.00,484,482,,,EA,ORB
STARLINK-31357,2024-071U,59502,PAY,+,US,2024-04-13,AFETR,,94.27,43.00,484,482,,,EA,ORB
STARLINK-31508,2024-071V,59503,PAY,+,US,2024-04-13,AFETR,,94.27,43.00,484,483,,,EA,ORB
STARLINK-31535,2024-071W,59504,PAY,+,US,2024-04-13,AFETR,,94.27,43.00,484,482,,,EA,ORB
STARLINK-31533,2024-071X,59505,PAY,+,US,2024-04-13,AFETR,,94.27,43.00,484,482,,,EA,ORB
STARLINK-31524,2024-071Y,59506,PAY,+,US,2024-04-13,AFETR,,94.27,43.00,484,482,,,EA,ORB
STARLINK-31635,2024-073A,59511,PAY,+,US,2024-04-17,AFETR,,94.27,43.00,484,482,,,EA,ORB
STARLINK-31650,2024-073B,59512,PAY,+,US,2024-04-17,AFETR,,94.27,43.00,484,482,,,EA,ORB
STARLINK-31658,2024-073C,59513,PAY,+,US,2024-04-17,AFETR,,94.27,43.00,484,482,,,EA,ORB
STARLINK-31669,2024-073E,59515,PAY,+,US,2024-04-17,AFETR,,94.27,43.00,484,483,,,EA,ORB
STARLINK-31671,2024-073F,59516,PAY,+,US,2024-04-17,AFETR,,94.27,43.00,484,482,,,EA,ORB
STARLINK-31674,2024-073G,59517,PAY,+,US,2024-04-17,AFETR,,94.27,43.00,484,482,,,EA,ORB
STARLINK-31679,2024-073J,59519,PAY,+,US,2024-04-17,AFETR,,94.27,43.00,484,482,,,EA,ORB
STARLINK-31370,2024-073K,59520,PAY,+,US,2024-04-17,AFETR,,94.27,43.00,484,482,,,EA,ORB
STARLINK-31404,2024-073L,59521,PAY,+,US,2024-04-17,AFETR,,94.27,43.00,484,482,,,EA,ORB
STARLINK-31453,2024-073M,59522,PAY,+,US,2024-04-17,AFETR,,94.27,43.00,484,482,,,EA,ORB
STARLINK-31476,2024-073N,59523,PAY,+,US,2024-04-17,AFETR,,94.27,43.00,484,483,,,EA,ORB
STARLINK-31538,2024-073Q,59525,PAY,+,US,2024-04-17,AFETR,,94.27,43.00,484,482,,,EA,ORB
STARLINK-31564,2024-073R,59526,PAY,+,US,2024-04-17,AFETR,,94.27,43.00,484,482,,,EA,ORB
STARLINK-31452,2024-073S,59527,PAY,+,US,2024-04-17,AFETR,,94.27,43.00,484,482,,,EA,ORB
STARLINK-31513,2024-073U,59529,PAY,+,US,2024-04-17,AFETR,,94.27,43.00,484,482,,,EA,ORB
STARLINK-31392,2024-073V,59530,PAY,+,US,2024-04-17,AFETR,,94.27,43.00,484,482,,,EA,ORB
STARLINK-31619,2024-073W,59531,PAY,+,US,2024-04-17,AFETR,,94.27,43.00,484,483,,,EA,ORB
STARLINK-31509,2024-073Y,59533,PAY,+,US,2024-04-17,AFETR,,94.27,43.00,484,482,,,EA,ORB
STARLINK-31734,2024-074A,59534,PAY,+,US,2024-04-18,AFETR,,94.27,43.00,484,482,,,EA,ORB
STARLINK-31738,2024-074B,59535,PAY,+,US,2024-04-18,AFETR,,94.27,43.00,484,482,,,EA,ORB
STARLINK-31721,2024-074C,59536,PAY,+,US,2024-04-18,AFETR,,94.27,43.00,484,482,,,EA,ORB
STARLINK-31737,2024-074D,59537,PAY,+,US,2024-04-18,AFETR,,94.27,43.00,484,482,,,EA,ORB
STARLINK-31539,2024-074F,59539,PAY,+,US,2024-04-18,AFETR,,94.27,43.00,484,482,,,EA,ORB
STARLINK-31397,2024-074G,59540,PAY,+,US,2024-04-18,AFETR,,94.27,43.00,484,482,,,EA,ORB
STARLINK-31481,2024-074H,59541,PAY,+,US,2024-04-18,AFETR,,94.27,43.00,484,482,,,EA,ORB
STARLINK-31540,2024-074J,59542,PAY,+,US,2024-04-18,AFETR,,94.27,43.00,484,483,,,EA,ORB
STARLINK-31574,2024-074K,59543,PAY,+,US,2024-04-18,AFETR,,94.27,43.00,484,482,,,EA,ORB
STARLINK-31556,2024-074L,59544,PAY,+,US,2024-04-18,AFETR,,94.27,43.00,484,482,,,EA,ORB
STARLINK-31582,2024-074M,59545,PAY,+,US,2024-04-18,AFETR,,94.27,43.00,484,482,,,EA,ORB
STARLINK-31519,2024-074N,59546,PAY,+,US,2024-04-18,AFETR,,94.27,43.00,484,482,,,EA,ORB
STARLINK-31736,2024-074P,59547,PAY,+,US,2024-04-18,AFETR,,94.27,43.01,484,482,,,EA,ORB
STARLINK-31675,2024-074Q,59548,PAY,+,US,2024-04-18,AFETR,,94.27,43.00,484,482,,,EA,ORB
STARLINK-31722,2024-074R,59549,PAY,+,US,2024-04-18,AFETR,,94.27,43.00,484,482,,,EA,ORB
STARLINK-31741,2024-074S,59550,PAY,+,US,2024-04-18,AFETR,,94.27,43.00,484,482,,,EA,ORB
STARLINK-31699,2024-074T,59551,PAY,+,US,2024-04-18,AFETR,,94.24,43.00,483,481,,,EA,ORB
STARLINK-31750,2024-074U,59552,PAY,+,US,2024-04-18,AFETR,,94.27,43.00,484,482,,,EA,ORB
STARLINK-31723,2024-074V,59553,PAY,+,US,2024-04-18,AFETR,,94.27,43.01,484,482,,,EA,ORB
STARLINK-31724,2024-074W,59554,PAY,+,US,2024-04-18,AFETR,,94.27,43.00,484,482,,,EA,ORB
STARLINK-31730,2024-074X,59555,PAY,+,US,2024-04-18,AFETR,,94.27,43.01,484,482,,,EA,ORB
STARLINK-31718,2024-074Y,59556,PAY,+,US,2024-04-18,AFETR,,94.27,43.00,484,482,,,EA,ORB
STARLINK-31747,2024-076A,59564,PAY,+,US,2024-04-23,AFETR,,94.27,43.01,484,482,,,EA,ORB
STARLINK-31388,2024-076B,59565,PAY,+,US,2024-04-23,AFETR,,94.27,43.01,484,482,,,EA,ORB
STARLINK-31332,2024-076C,59566,PAY,+,US,2024-04-23,AFETR,,94.27,43.00,484,482,,,EA,ORB
STARLINK-31689,2024-076D,59567,PAY,+,US,2024-04-23,AFETR,,94.26,43.00,484,482,,,EA,ORB
STARLINK-31471,2024-076E,59568,PAY,+,US,2024-04-23,AFETR,,94.27,43.00,484,482,,,EA,ORB
STARLINK-31470,2024-076F,59569,PAY,+,US,2024-04-23,AFETR,,94.27,43.01,484,482,,,EA,ORB
STARLINK-31587,2024-076G,59570,PAY,+,US,2024-04-23,AFETR,,94.27,43.01,484,482,,,EA,ORB
STARLINK-31606,2024-076H,59571,PAY,+,US,2024-04-23,AFETR,,94.27,43.00,484,482,,,EA,ORB
STARLINK-31666,2024-076J,59572,PAY,+,US,2024-04-23,AFETR,,94.27,43.00,484,482,,,EA,ORB
STARLINK-31683,2024-076K,59573,PAY,+,US,2024-04-23,AFETR,,94.27,43.01,484,482,,,EA,ORB
STARLINK-31751,2024-076L,59574,PAY,+,US,2024-04-23,AFETR,,94.27,43.00,484,482,,,EA,ORB
STARLINK-31510,2024-076M,59575,PAY,+,US,2024-04-23,AFETR,,94.27,43.00,484,482,,,EA,ORB
STARLINK-31663,2024-076N,59576,PAY,+,US,2024-04-23,AFETR,,94.27,43.00,484,482,,,EA,ORB
STARLINK-31692,2024-076P,59577,PAY,+,US,2024-04-23,AFETR,,93.27,42.99,446,423,,,EA,ORB
STARLINK-31685,2024-076Q,59578,PAY,+,US,2024-04-23,AFETR,,94.27,43.00,484,482,,,EA,ORB
STARLINK-31686,2024-076R,59579,PAY,+,US,2024-04-23,AFETR,,94.27,43.00,484,482,,,EA,ORB
STARLINK-31668,2024-076S,59580,PAY,+,US,2024-04-23,AFETR,,94.27,43.00,484,482,,,EA,ORB
STARLINK-31690,2024-076T,59581,PAY,+,US,2024-04-23,AFETR,,94.27,43.00,484,482,,,EA,ORB
STARLINK-31701,2024-076U,59582,PAY,+,US,2024-04-23,AFETR,,94.27,43.01,484,482,,,EA,ORB
STARLINK-31697,2024-076V,59583,PAY,+,US,2024-04-23,AFETR,,94.27,43.00,484,482,,,EA,ORB
STARLINK-31662,2024-076W,59584,PAY,+,US,2024-04-23,AFETR,,94.27,43.00,484,482,,,EA,ORB
STARLINK-31702,2024-076X,59585,PAY,+,US,2024-04-23,AFETR,,94.27,43.00,484,482,,,EA,ORB
STARLINK-31704,2024-076Y,59586,PAY,P,US,2024-04-23,AFETR,,91.65,42.98,373,337,,,EA,ORB
STARLINK-31770,2024-080A,59601,PAY,+,US,2024-04-28,AFETR,,94.27,43.01,484,482,,,EA,ORB
STARLINK-31778,2024-080B,59602,PAY,+,US,2024-04-28,AFETR,,94.27,43.00,484,482,,,EA,ORB
STARLINK-31776,2024-080C,59603,PAY,+,US,2024-04-28,AFETR,,94.27,43.00,484,482,,,EA,ORB
STARLINK-31765,2024-080D,59604,PAY,+,US,2024-04-28,AFETR,,94.27,43.00,484,482,,,EA,ORB
STARLINK-31767,2024-080E,59605,PAY,+,US,2024-04-28,AFETR,,94.27,43.00,484,482,,,EA,ORB
STARLINK-31782,2024-080F,59606,PAY,+,US,2024-04-28,AFETR,,94.27,43.01,484,482,,,EA,ORB
STARLINK-31755,2024-080G,59607,PAY,+,US,2024-04-28,AFETR,,94.27,43.01,484,482,,,EA,ORB
STARLINK-31585,2024-080H,59608,PAY,+,US,2024-04-28,AFETR,,94.27,43.00,484,482,,,EA,ORB
STARLINK-31667,2024-080J,59609,PAY,+,US,2024-04-28,AFETR,,94.27,43.00,484,482,,,EA,ORB
STARLINK-31729,2024-080K,59610,PAY,+,US,2024-04-28,AFETR,,94.27,43.01,484,482,,,EA,ORB
STARLINK-31448,2024-080L,59611,PAY,+,US,2024-04-28,AFETR,,94.27,43.00,484,483,,,EA,ORB
STARLINK-31748,2024-080M,59612,PAY,+,US,2024-04-28,AFETR,,94.27,43.00,484,482,,,EA,ORB
STARLINK-31746,2024-080N,59613,PAY,+,US,2024-04-28,AFETR,,94.27,43.00,484,482,,,EA,ORB
STARLINK-31762,2024-080P,59614,PAY,+,US,2024-04-28,AFETR,,94.27,43.00,484,482,,,EA,ORB
STARLINK-31768,2024-080R,59616,PAY,+,US,2024-04-28,AFETR,,94.27,43.01,484,482,,,EA,ORB
STARLINK-31769,2024-080S,59617,PAY,+,US,2024-04-28,AFETR,,94.27,43.00,484,482,,,EA,ORB
STARLINK-31784,2024-080T,59618,PAY,+,US,2024-04-28,AFETR,,94.27,43.00,484,482,,,EA,ORB
STARLINK-31777,2024-080U,59619,PAY,+,US,2024-04-28,AFETR,,94.27,43.01,484,482,,,EA,ORB
STARLINK-31758,2024-080W,59621,PAY,+,US,2024-04-28,AFETR,,94.27,43.00,485,482,,,EA,ORB
STARLINK-31774,2024-080X,59622,PAY,+,US,2024-04-28,AFETR,,94.27,43.00,484,482,,,EA,ORB
STARLINK-31763,2024-080Y,59623,PAY,+,US,2024-04-28,AFETR,,94.27,43.00,484,482,,,EA,ORB
STARLINK-31749,2024-082A,59631,PAY,+,US,2024-05-03,AFETR,,94.27,43.00,484,482,,,EA,ORB
STARLINK-31781,2024-082B,59632,PAY,+,US,2024-05-03,AFETR,,94.27,43.00,484,482,,,EA,ORB
STARLINK-31541,2024-082C,59633,PAY,+,US,2024-05-03,AFETR,,94.27,43.00,484,482,,,EA,ORB
STARLINK-31797,2024-082D,59634,PAY,+,US,2024-05-03,AFETR,,94.27,43.00,484,482,,,EA,ORB
STARLINK-31798,2024-082E,59635,PAY,+,US,2024-05-03,AFETR,,94.27,43.00,484,482,,,EA,ORB
STARLINK-31802,2024-082F,59636,PAY,+,US,2024-05-03,AFETR,,94.27,43.00,483,483,,,EA,ORB
STARLINK-31791,2024-082G,59637,PAY,+,US,2024-05-03,AFETR,,94.27,43.00,484,483,,,EA,ORB
STARLINK-31727,2024-082H,59638,PAY,+,US,2024-05-03,AFETR,,94.27,43.00,484,482,,,EA,ORB
STARLINK-31807,2024-082J,59639,PAY,+,US,2024-05-03,AFETR,,94.27,43.00,484,482,,,EA,ORB
STARLINK-31806,2024-082K,59640,PAY,+,US,2024-05-03,AFETR,,94.27,43.00,484,482,,,EA,ORB
STARLINK-31804,2024-082L,59641,PAY,+,US,2024-05-03,AFETR,,94.27,43.00,484,482,,,EA,ORB
STARLINK-31660,2024-082M,59642,PAY,+,US,2024-05-03,AFETR,,94.27,43.00,484,483,,,EA,ORB
STARLINK-31800,2024-082N,59643,PAY,+,US,2024-05-03,AFETR,,94.27,43.00,484,482,,,EA,ORB
STARLINK-31789,2024-082P,59644,PAY,+,US,2024-05-03,AFETR,,94.27,43.00,484,482,,,EA,ORB
STARLINK-31795,2024-082Q,59645,PAY,+,US,2024-05-03,AFETR,,94.27,43.00,484,482,,,EA,ORB
STARLINK-31796,2024-082R,59646,PAY,+,US,2024-05-03,AFETR,,94.27,43.00,484,483,,,EA,ORB
STARLINK-31801,2024-082S,59647,PAY,+,US,2024-05-03,AFETR,,94.27,43.01,485,481,,,EA,ORB
STARLINK-31787,2024-082V,59650,PAY,+,US,2024-05-03,AFETR,,94.27,43.00,484,482,,,EA,ORB
STARLINK-31277,2024-082W,59651,PAY,+,US,2024-05-03,AFETR,,94.27,43.00,484,483,,,EA,ORB
STARLINK-31799,2024-082X,59652,PAY,+,US,2024-05-03,AFETR,,94.27,43.00,484,482,,,EA,ORB
STARLINK-31764,2024-082Y,59653,PAY,+,US,2024-05-03,AFETR,,94.27,43.00,484,482,,,EA,ORB
STARLINK-31589,2024-084A,59654,PAY,+,US,2024-05-06,AFETR,,94.27,43.00,484,482,,,EA,ORB
STARLINK-31665,2024-084B,59655,PAY,+,US,2024-05-06,AFETR,,94.27,43.00,484,482,,,EA,ORB
STARLINK-31912,2024-084C,59656,PAY,+,US,2024-05-06,AFETR,,94.27,43.00,484,482,,,EA,ORB
STARLINK-31904,2024-084D,59657,PAY,+,US,2024-05-06,AFETR,,94.27,43.00,484,482,,,EA,ORB
STARLINK-31858,2024-084E,59658,PAY,+,US,2024-05-06,AFETR,,94.27,43.00,484,482,,,EA,ORB
STARLINK-31881,2024-084F,59659,PAY,+,US,2024-05-06,AFETR,,94.27,43.00,484,482,,,EA,ORB
STARLINK-31885,2024-084G,59660,PAY,+,US,2024-05-06,AFETR,,94.27,43.00,484,483,,,EA,ORB
STARLINK-31880,2024-084H,59661,PAY,+,US,2024-05-06,AFETR,,94.27,43.00,483,483,,,EA,ORB
STARLINK-31886,2024-084J,59662,PAY,+,US,2024-05-06,AFETR,,94.27,43.00,484,482,,,EA,ORB
STARLINK-31909,2024-084K,59663,PAY,+,US,2024-05-06,AFETR,,94.27,43.01,484,483,,,EA,ORB
STARLINK-31910,2024-084L,59664,PAY,+,US,2024-05-06,AFETR,,94.27,43.00,484,482,,,EA,ORB
STARLINK-31902,2024-084N,59666,PAY,+,US,2024-05-06,AFETR,,94.27,43.00,484,482,,,EA,ORB
STARLINK-31913,2024-084P,59667,PAY,+,US,2024-05-06,AFETR,,94.27,43.00,484,482,,,EA,ORB
STARLINK-31866,2024-084Q,59668,PAY,+,US,2024-05-06,AFETR,,94.27,43.00,484,482,,,EA,ORB
STARLINK-31917,2024-084R,59669,PAY,+,US,2024-05-06,AFETR,,94.27,43.00,484,482,,,EA,ORB
STARLINK-31860,2024-084S,59670,PAY,+,US,2024-05-06,AFETR,,94.27,43.00,484,482,,,EA,ORB
STARLINK-31854,2024-084T,59671,PAY,+,US,2024-05-06,AFETR,,94.27,43.01,484,482,,,EA,ORB
STARLINK-31842,2024-084U,59672,PAY,+,US,2024-05-06,AFETR,,94.27,43.00,485,481,,,EA,ORB
STARLINK-31871,2024-084V,59673,PAY,+,US,2024-05-06,AFETR,,94.27,43.00,484,482,,,EA,ORB
STARLINK-31875,2024-084W,59674,PAY,+,US,2024-05-06,AFETR,,94.27,43.00,484,482,,,EA,ORB
STARLINK-31877,2024-084X,59675,PAY,+,US,2024-05-06,AFETR,,94.27,43.00,484,482,,,EA,ORB
STARLINK-31884,2024-084Y,59676,PAY,+,US,2024-05-06,AFETR,,94.27,43.00,483,483,,,EA,ORB
STARLINK-32108,2024-086A,59682,PAY,+,US,2024-05-08,AFETR,,94.27,43.00,484,482,,,EA,ORB
STARLINK-32080,2024-086B,59683,PAY,+,US,2024-05-08,AFETR,,94.27,43.00,484,482,,,EA,ORB
STARLINK-32091,2024-086C,59684,PAY,+,US,2024-05-08,AFETR,,94.27,43.00,484,483,,,EA,ORB
STARLINK-32085,2024-086D,59685,PAY,+,US,2024-05-08,AFETR,,94.27,43.00,484,482,,,EA,ORB
STARLINK-32100,2024-086E,59686,PAY,+,US,2024-05-08,AFETR,,94.27,43.00,484,482,,,EA,ORB
STARLINK-32089,2024-086F,59687,PAY,+,US,2024-05-08,AFETR,,94.27,43.00,484,482,,,EA,ORB
STARLINK-32103,2024-086G,59688,PAY,+,US,2024-05-08,AFETR,,94.27,43.01,485,482,,,EA,ORB
STARLINK-32105,2024-086H,59689,PAY,+,US,2024-05-08,AFETR,,94.27,43.00,484,482,,,EA,ORB
STARLINK-32106,2024-086J,59690,PAY,+,US,2024-05-08,AFETR,,94.27,43.00,484,482,,,EA,ORB
STARLINK-32090,2024-086K,59691,PAY,+,US,2024-05-08,AFETR,,94.27,43.00,484,482,,,EA,ORB
STARLINK-32088,2024-086M,59693,PAY,+,US,2024-05-08,AFETR,,94.27,43.00,484,482,,,EA,ORB
STARLINK-32107,2024-086N,59694,PAY,+,US,2024-05-08,AFETR,,94.27,43.00,484,482,,,EA,ORB
STARLINK-32104,2024-086P,59695,PAY,+,US,2024-05-08,AFETR,,94.27,43.00,484,482,,,EA,ORB
STARLINK-32094,2024-086Q,59696,PAY,+,US,2024-05-08,AFETR,,94.27,43.00,484,482,,,EA,ORB
STARLINK-32099,2024-086R,59697,PAY,+,US,2024-05-08,AFETR,,94.27,43.00,484,482,,,EA,ORB
STARLINK-32096,2024-086S,59698,PAY,+,US,2024-05-08,AFETR,,94.27,43.00,484,482,,,EA,ORB
STARLINK-32102,2024-086T,59699,PAY,+,US,2024-05-08,AFETR,,94.27,43.00,484,482,,,EA,ORB
STARLINK-32092,2024-086U,59700,PAY,+,US,2024-05-08,AFETR,,94.27,43.00,484,482,,,EA,ORB
STARLINK-32093,2024-086V,59701,PAY,+,US,2024-05-08,AFETR,,94.27,43.00,484,482,,,EA,ORB
STARLINK-32087,2024-086W,59702,PAY,+,US,2024-05-08,AFETR,,94.27,43.00,483,483,,,EA,ORB
STARLINK-32086,2024-086X,59703,PAY,+,US,2024-05-08,AFETR,,94.27,43.00,485,482,,,EA,ORB
STARLINK-32098,2024-086Y,59704,PAY,+,US,2024-05-08,AFETR,,94.27,43.01,484,482,,,EA,ORB
STARLINK-11107 [DTC],2024-088A,59708,PAY,+,US,2024-05-10,AFWTR,,91.74,53.16,361,359,,,EA,ORB
STARLINK-11088 [DTC],2024-088B,59709,PAY,+,US,2024-05-10,AFWTR,,91.74,53.16,360,359,,,EA,ORB
STARLINK-11092 [DTC],2024-088C,59710,PAY,+,US,2024-05-10,AFWTR,,91.74,53.16,360,359,,,EA,ORB
STARLINK-11082 [DTC],2024-088D,59711,PAY,+,US,2024-05-10,AFWTR,,91.74,53.16,360,359,,,EA,ORB
STARLINK-11108 [DTC],2024-088E,59712,PAY,+,US,2024-05-10,AFWTR,,91.74,53.16,361,359,,,EA,ORB
STARLINK-11100 [DTC],2024-088F,59713,PAY,+,US,2024-05-10,AFWTR,,91.74,53.16,360,359,,,EA,ORB
STARLINK-11094 [DTC],2024-088G,59714,PAY,+,US,2024-05-10,AFWTR,,91.74,53.16,360,359,,,EA,ORB
STARLINK-11101 [DTC],2024-088H,59715,PAY,+,US,2024-05-10,AFWTR,,91.74,53.16,361,359,,,EA,ORB
STARLINK-11099 [DTC],2024-088J,59716,PAY,+,US,2024-05-10,AFWTR,,91.74,53.16,360,359,,,EA,ORB
STARLINK-11084 [DTC],2024-088K,59717,PAY,+,US,2024-05-10,AFWTR,,91.74,53.16,360,359,,,EA,ORB
STARLINK-11103 [DTC],2024-088L,59718,PAY,+,US,2024-05-10,AFWTR,,91.74,53.16,361,359,,,EA,ORB
STARLINK-11096 [DTC],2024-088M,59719,PAY,+,US,2024-05-10,AFWTR,,91.74,53.16,360,359,,,EA,ORB
STARLINK-11095 [DTC],2024-088N,59720,PAY,+,US,2024-05-10,AFWTR,,91.74,53.16,361,359,,,EA,ORB
STARLINK-31834,2024-088P,59721,PAY,+,US,2024-05-10,AFWTR,,94.01,53.16,472,470,,,EA,ORB
STARLINK-31843,2024-088Q,59722,PAY,+,US,2024-05-10,AFWTR,,94.01,53.16,472,470,,,EA,ORB
STARLINK-31766,2024-088R,59723,PAY,+,US,2024-05-10,AFWTR,,93.85,53.16,463,462,,,EA,ORB
STARLINK-31836,2024-088S,59724,PAY,+,US,2024-05-10,AFWTR,,94.01,53.16,472,470,,,EA,ORB
STARLINK-31820,2024-088T,59725,PAY,+,US,2024-05-10,AFWTR,,94.01,53.16,472,470,,,EA,ORB
STARLINK-31642,2024-088U,59726,PAY,+,US,2024-05-10,AFWTR,,94.01,53.16,472,470,,,EA,ORB
STARLINK-31827,2024-088V,59727,PAY,+,US,2024-05-10,AFWTR,,94.01,53.16,472,470,,,EA,ORB
STARLINK-31472,2024-090A,59730,PAY,+,US,2024-05-13,AFETR,,93.81,43.00,467,455,,,EA,ORB
STARLINK-31817,2024-090B,59731,PAY,+,US,2024-05-13,AFETR,,94.27,43.00,484,483,,,EA,ORB
STARLINK-31833,2024-090D,59733,PAY,+,US,2024-05-13,AFETR,,94.27,43.00,484,482,,,EA,ORB
STARLINK-31849,2024-090E,59734,PAY,+,US,2024-05-13,AFETR,,94.27,43.00,484,482,,,EA,ORB
STARLINK-31661,2024-090F,59735,PAY,+,US,2024-05-13,AFETR,,94.27,43.00,484,482,,,EA,ORB
STARLINK-31707,2024-090G,59736,PAY,+,US,2024-05-13,AFETR,,94.27,43.00,484,482,,,EA,ORB
STARLINK-31821,2024-090H,59737,PAY,+,US,2024-05-13,AFETR,,94.27,43.00,484,482,,,EA,ORB
STARLINK-31819,2024-090J,59738,PAY,+,US,2024-05-13,AFETR,,94.27,43.01,484,482,,,EA,ORB
STARLINK-31726,2024-090K,59739,PAY,+,US,2024-05-13,AFETR,,94.27,43.00,484,482,,,EA,ORB
STARLINK-31759,2024-090L,59740,PAY,+,US,2024-05-13,AFETR,,94.27,43.00,484,482,,,EA,ORB
STARLINK-31818,2024-090M,59741,PAY,+,US,2024-05-13,AFETR,,94.27,43.00,484,482,,,EA,ORB
STARLINK-31816,2024-090N,59742,PAY,+,US,2024-05-13,AFETR,,94.27,43.00,484,482,,,EA,ORB
STARLINK-31809,2024-090P,59743,PAY,+,US,2024-05-13,AFETR,,94.27,43.00,484,482,,,EA,ORB
STARLINK-31779,2024-090Q,59744,PAY,+,US,2024-05-13,AFETR,,94.27,43.00,484,483,,,EA,ORB
STARLINK-31805,2024-090R,59745,PAY,+,US,2024-05-13,AFETR,,94.27,43.00,484,482,,,EA,ORB
STARLINK-31681,2024-090S,59746,PAY,+,US,2024-05-13,AFETR,,94.27,43.00,484,482,,,EA,ORB
STARLINK-31636,2024-090T,59747,PAY,+,US,2024-05-13,AFETR,,94.27,43.00,484,482,,,EA,ORB
STARLINK-31640,2024-090U,59748,PAY,+,US,2024-05-13,AFETR,,94.27,43.00,484,482,,,EA,ORB
STARLINK-31677,2024-090V,59749,PAY,+,US,2024-05-13,AFETR,,94.27,43.00,484,482,,,EA,ORB
STARLINK-31783,2024-090W,59750,PAY,+,US,2024-05-13,AFETR,,94.27,43.00,484,482,,,EA,ORB
STARLINK-31808,2024-090X,59751,PAY,+,US,2024-05-13,AFETR,,94.27,43.00,484,482,,,EA,ORB
STARLINK-31822,2024-090Y,59752,PAY,+,US,2024-05-13,AFETR,,94.27,43.00,484,483,,,EA,ORB
STARLINK-11118 [DTC],2024-091B,59754,PAY,+,US,2024-05-14,AFWTR,,91.74,53.16,361,359,,,EA,ORB
STARLINK-11132 [DTC],2024-091C,59755,PAY,+,US,2024-05-14,AFWTR,,91.74,53.16,361,359,,,EA,ORB
STARLINK-11131 [DTC],2024-091D,59756,PAY,+,US,2024-05-14,AFWTR,,91.74,53.16,361,359,,,EA,ORB
STARLINK-11114 [DTC],2024-091E,59757,PAY,+,US,2024-05-14,AFWTR,,91.74,53.16,360,359,,,EA,ORB
STARLINK-11105 [DTC],2024-091F,59758,PAY,+,US,2024-05-14,AFWTR,,91.74,53.16,360,359,,,EA,ORB
STARLINK-11097 [DTC],2024-091G,59759,PAY,+,US,2024-05-14,AFWTR,,91.74,53.16,361,359,,,EA,ORB
STARLINK-11098 [DTC],2024-091H,59760,PAY,+,US,2024-05-14,AFWTR,,91.74,53.16,361,359,,,EA,ORB
STARLINK-11117 [DTC],2024-091J,59761,PAY,+,US,2024-05-14,AFWTR,,91.74,53.16,360,359,,,EA,ORB
STARLINK-11110 [DTC],2024-091K,59762,PAY,+,US,2024-05-14,AFWTR,,91.74,53.16,360,359,,,EA,ORB
STARLINK-11104 [DTC],2024-091L,59763,PAY,+,US,2024-05-14,AFWTR,,91.74,53.16,360,359,,,EA,ORB
STARLINK-11106 [DTC],2024-091N,59765,PAY,+,US,2024-05-14,AFWTR,,91.74,53.16,360,359,,,EA,ORB
STARLINK-31739,2024-091P,59766,PAY,+,US,2024-05-14,AFWTR,,93.85,53.16,464,462,,,EA,ORB
STARLINK-31828,2024-091Q,59767,PAY,+,US,2024-05-14,AFWTR,,94.01,53.16,472,470,,,EA,ORB
STARLINK-31826,2024-091R,59768,PAY,+,US,2024-05-14,AFWTR,,91.89,53.14,374,360,,,EA,ORB
STARLINK-31830,2024-091S,59769,PAY,+,US,2024-05-14,AFWTR,,93.85,53.16,464,462,,,EA,ORB
STARLINK-31829,2024-091T,59770,PAY,+,US,2024-05-14,AFWTR,,93.85,53.16,464,462,,,EA,ORB
STARLINK-31786,2024-091U,59771,PAY,+,US,2024-05-14,AFWTR,,93.85,53.16,464,462,,,EA,ORB
STARLINK-31835,2024-091V,59772,PAY,+,US,2024-05-14,AFWTR,,94.01,53.16,472,470,,,EA,ORB
STARLINK-31363,2024-093A,59782,PAY,+,US,2024-05-18,AFETR,,94.27,43.00,484,482,,,EA,ORB
STARLINK-31868,2024-093B,59783,PAY,+,US,2024-05-18,AFETR,,94.27,43.00,484,482,,,EA,ORB
STARLINK-31848,2024-093C,59784,PAY,+,US,2024-05-18,AFETR,,94.27,43.00,484,483,,,EA,ORB
STARLINK-31890,2024-093D,59785,PAY,+,US,2024-05-18,AFETR,,94.27,43.00,484,483,,,EA,ORB
STARLINK-31862,2024-093E,59786,PAY,+,US,2024-05-18,AFETR,,94.27,43.00,484,482,,,EA,ORB
STARLINK-31870,2024-093F,59787,PAY,+,US,2024-05-18,AFETR,,94.27,43.00,483,483,,,EA,ORB
STARLINK-31888,2024-093G,59788,PAY,+,US,2024-05-18,AFETR,,94.27,43.00,484,482,,,EA,ORB
STARLINK-31863,2024-093H,59789,PAY,+,US,2024-05-18,AFETR,,94.27,43.00,484,482,,,EA,ORB
STARLINK-31873,2024-093J,59790,PAY,+,US,2024-05-18,AFETR,,94.27,43.00,484,482,,,EA,ORB
STARLINK-31865,2024-093K,59791,PAY,+,US,2024-05-18,AFETR,,94.27,43.00,484,482,,,EA,ORB
STARLINK-31823,2024-093N,59794,PAY,+,US,2024-05-18,AFETR,,94.27,43.00,484,482,,,EA,ORB
STARLINK-31916,2024-093P,59795,PAY,+,US,2024-05-18,AFETR,,94.27,43.00,484,482,,,EA,ORB
STARLINK-31907,2024-093R,59797,PAY,+,US,2024-05-18,AFETR,,94.27,43.00,484,482,,,EA,ORB
STARLINK-31687,2024-093S,59798,PAY,+,US,2024-05-18,AFETR,,94.27,43.00,484,483,,,EA,ORB
STARLINK-31810,2024-093T,59799,PAY,+,US,2024-05-18,AFETR,,94.27,43.00,484,483,,,EA,ORB
STARLINK-31812,2024-093U,59800,PAY,+,US,2024-05-18,AFETR,,94.27,43.00,484,482,,,EA,ORB
STARLINK-31815,2024-093V,59801,PAY,+,US,2024-05-18,AFETR,,94.27,43.00,484,482,,,EA,ORB
STARLINK-31814,2024-093W,59802,PAY,+,US,2024-05-18,AFETR,,94.27,43.00,484,483,,,EA,ORB
STARLINK-31794,2024-093X,59803,PAY,+,US,2024-05-18,AFETR,,94.27,43.00,484,483,,,EA,ORB
STARLINK-31824,2024-093Y,59804,PAY,+,US,2024-05-18,AFETR,,94.27,43.00,484,482,,,EA,ORB
STARLINK-31947,2024-097A,59835,PAY,+,US,2024-05-23,AFETR,,94.27,43.00,484,482,,,EA,ORB
STARLINK-31929,2024-097B,59836,PAY,+,US,2024-05-23,AFETR,,94.27,43.00,484,482,,,EA,ORB
STARLINK-31927,2024-097C,59837,PAY,+,US,2024-05-23,AFETR,,94.27,43.00,484,482,,,EA,ORB
STARLINK-31855,2024-097D,59838,PAY,+,US,2024-05-23,AFETR,,94.27,43.00,484,482,,,EA,ORB
STARLINK-31887,2024-097E,59839,PAY,+,US,2024-05-23,AFETR,,94.27,43.00,484,482,,,EA,ORB
STARLINK-31852,2024-097G,59841,PAY,+,US,2024-05-23,AFETR,,94.27,43.00,484,482,,,EA,ORB
STARLINK-31906,2024-097H,59842,PAY,+,US,2024-05-23,AFETR,,94.27,43.00,484,482,,,EA,ORB
STARLINK-31857,2024-097J,59843,PAY,+,US,2024-05-23,AFETR,,94.27,43.00,484,482,,,EA,ORB
STARLINK-31851,2024-097K,59844,PAY,+,US,2024-05-23,AFETR,,94.27,43.00,484,482,,,EA,ORB
STARLINK-31903,2024-097L,59845,PAY,+,US,2024-05-23,AFETR,,94.27,43.00,484,482,,,EA,ORB
STARLINK-31922,2024-097M,59846,PAY,+,US,2024-05-23,AFETR,,94.27,43.00,484,482,,,EA,ORB
STARLINK-31889,2024-097N,59847,PAY,+,US,2024-05-23,AFETR,,94.27,43.00,483,483,,,EA,ORB
STARLINK-31859,2024-097P,59848,PAY,+,US,2024-05-23,AFETR,,93.97,43.00,472,466,,,EA,ORB
STARLINK-31895,2024-097Q,59849,PAY,+,US,2024-05-23,AFETR,,94.27,43.00,484,482,,,EA,ORB
STARLINK-31899,2024-097R,59850,PAY,+,US,2024-05-23,AFETR,,94.27,43.00,484,482,,,EA,ORB
STARLINK-31896,2024-097S,59851,PAY,+,US,2024-05-23,AFETR,,94.27,43.00,484,482,,,EA,ORB
STARLINK-31892,2024-097U,59853,PAY,+,US,2024-05-23,AFETR,,94.27,43.00,484,482,,,EA,ORB
STARLINK-31891,2024-097V,59854,PAY,+,US,2024-05-23,AFETR,,94.27,43.01,485,481,,,EA,ORB
STARLINK-31882,2024-097W,59855,PAY,+,US,2024-05-23,AFETR,,94.27,43.00,484,482,,,EA,ORB
STARLINK-31691,2024-097X,59856,PAY,+,US,2024-05-23,AFETR,,94.27,43.00,484,482,,,EA,ORB
STARLINK-31569,2024-097Y,59857,PAY,+,US,2024-05-23,AFETR,,94.27,43.00,484,482,,,EA,ORB
STARLINK-31654,2024-098A,59858,PAY,+,US,2024-05-24,AFETR,,94.27,43.00,484,482,,,EA,ORB
STARLINK-31442,2024-098B,59859,PAY,+,US,2024-05-24,AFETR,,94.27,43.00,484,482,,,EA,ORB
STARLINK-31651,2024-098C,59860,PAY,+,US,2024-05-24,AFETR,,94.27,43.00,484,482,,,EA,ORB
STARLINK-31584,2024-098E,59862,PAY,+,US,2024-05-24,AFETR,,94.27,43.00,484,482,,,EA,ORB
STARLINK-31950,2024-098F,59863,PAY,+,US,2024-05-24,AFETR,,94.27,43.00,484,482,,,EA,ORB
STARLINK-31931,2024-098G,59864,PAY,+,US,2024-05-24,AFETR,,94.27,43.00,484,482,,,EA,ORB
STARLINK-31938,2024-098H,59865,PAY,+,US,2024-05-24,AFETR,,94.27,43.00,484,482,,,EA,ORB
STARLINK-31941,2024-098J,59866,PAY,+,US,2024-05-24,AFETR,,94.27,43.00,484,482,,,EA,ORB
STARLINK-31952,2024-098K,59867,PAY,+,US,2024-05-24,AFETR,,94.27,43.00,484,482,,,EA,ORB
STARLINK-31921,2024-098L,59868,PAY,+,US,2024-05-24,AFETR,,94.27,43.00,484,482,,,EA,ORB
STARLINK-31760,2024-098M,59869,PAY,+,US,2024-05-24,AFETR,,94.27,43.00,484,482,,,EA,ORB
STARLINK-31945,2024-098N,59870,PAY,+,US,2024-05-24,AFETR,,94.27,43.00,484,482,,,EA,ORB
STARLINK-31937,2024-098P,59871,PAY,+,US,2024-05-24,AFETR,,94.27,43.00,484,483,,,EA,ORB
STARLINK-31940,2024-098R,59873,PAY,+,US,2024-05-24,AFETR,,94.27,43.00,484,482,,,EA,ORB
STARLINK-31933,2024-098S,59874,PAY,+,US,2024-05-24,AFETR,,94.27,43.00,484,482,,,EA,ORB
STARLINK-31936,2024-098T,59875,PAY,+,US,2024-05-24,AFETR,,94.27,43.00,484,483,,,EA,ORB
STARLINK-31935,2024-098U,59876,PAY,+,US,2024-05-24,AFETR,,94.27,43.01,484,482,,,EA,ORB
STARLINK-31934,2024-098V,59877,PAY,+,US,2024-05-24,AFETR,,94.27,43.00,484,482,,,EA,ORB
STARLINK-31943,2024-098W,59878,PAY,+,US,2024-05-24,AFETR,,91.45,42.99,362,329,,,EA,ORB
STARLINK-31926,2024-098X,59879,PAY,+,US,2024-05-24,AFETR,,94.27,43.00,484,482,,,EA,ORB
STARLINK-31919,2024-098Y,59880,PAY,+,US,2024-05-24,AFETR,,94.27,43.00,483,483,,,EA,ORB
STARLINK-31974,2024-100A,59885,PAY,+,US,2024-05-28,AFETR,,94.27,43.00,484,482,,,EA,ORB
STARLINK-31975,2024-100B,59886,PAY,+,US,2024-05-28,AFETR,,94.27,43.00,484,482,,,EA,ORB
STARLINK-31976,2024-100C,59887,PAY,+,US,2024-05-28,AFETR,,94.27,43.01,484,482,,,EA,ORB
STARLINK-31965,2024-100D,59888,PAY,+,US,2024-05-28,AFETR,,94.27,43.00,484,482,,,EA,ORB
STARLINK-31969,2024-100E,59889,PAY,+,US,2024-05-28,AFETR,,94.27,43.00,484,482,,,EA,ORB
STARLINK-31951,2024-100F,59890,PAY,+,US,2024-05-28,AFETR,,94.27,43.00,484,482,,,EA,ORB
STARLINK-31949,2024-100G,59891,PAY,+,US,2024-05-28,AFETR,,94.27,43.00,484,482,,,EA,ORB
STARLINK-31977,2024-100H,59892,PAY,+,US,2024-05-28,AFETR,,94.27,43.00,484,482,,,EA,ORB
STARLINK-31963,2024-100J,59893,PAY,+,US,2024-05-28,AFETR,,94.27,43.00,484,483,,,EA,ORB
STARLINK-31961,2024-100K,59894,PAY,+,US,2024-05-28,AFETR,,94.27,43.00,484,483,,,EA,ORB
STARLINK-31964,2024-100L,59895,PAY,+,US,2024-05-28,AFETR,,94.26,43.00,484,482,,,EA,ORB
STARLINK-31905,2024-100M,59896,PAY,+,US,2024-05-28,AFETR,,94.27,43.00,484,482,,,EA,ORB
STARLINK-31928,2024-100N,59897,PAY,+,US,2024-05-28,AFETR,,94.27,43.00,484,483,,,EA,ORB
STARLINK-31953,2024-100P,59898,PAY,+,US,2024-05-28,AFETR,,94.27,43.00,484,483,,,EA,ORB
STARLINK-31942,2024-100Q,59899,PAY,+,US,2024-05-28,AFETR,,94.27,43.00,484,482,,,EA,ORB
STARLINK-31676,2024-100R,59900,PAY,+,US,2024-05-28,AFETR,,94.27,43.00,484,482,,,EA,ORB
STARLINK-31908,2024-100S,59901,PAY,+,US,2024-05-28,AFETR,,94.27,43.00,484,482,,,EA,ORB
STARLINK-31914,2024-100T,59902,PAY,+,US,2024-05-28,AFETR,,94.27,43.00,484,482,,,EA,ORB
STARLINK-31850,2024-100U,59903,PAY,+,US,2024-05-28,AFETR,,94.27,43.00,484,482,,,EA,ORB
STARLINK-31924,2024-100V,59904,PAY,+,US,2024-05-28,AFETR,,94.27,43.00,484,483,,,EA,ORB
STARLINK-31898,2024-100W,59905,PAY,+,US,2024-05-28,AFETR,,94.27,43.00,484,482,,,EA,ORB
STARLINK-31861,2024-100X,59906,PAY,+,US,2024-05-28,AFETR,,94.27,43.00,484,482,,,EA,ORB
STARLINK-31920,2024-100Y,59907,PAY,P,US,2024-05-28,AFETR,,91.46,42.99,366,327,,,EA,ORB
STARLINK-31872,2024-106A,59922,PAY,+,US,2024-06-01,AFETR,,94.27,43.01,484,482,,,EA,ORB
STARLINK-31972,2024-106B,59923,PAY,+,US,2024-06-01,AFETR,,94.27,43.00,484,482,,,EA,ORB
STARLINK-31958,2024-106C,59924,PAY,+,US,2024-06-01,AFETR,,94.27,43.00,484,482,,,EA,ORB
STARLINK-31959,2024-106D,59925,PAY,+,US,2024-06-01,AFETR,,94.27,43.00,484,482,,,EA,ORB
STARLINK-31957,2024-106E,59926,PAY,+,US,2024-06-01,AFETR,,94.27,43.01,484,482,,,EA,ORB
STARLINK-31968,2024-106F,59927,PAY,+,US,2024-06-01,AFETR,,94.27,43.00,484,482,,,EA,ORB
STARLINK-31970,2024-106G,59928,PAY,+,US,2024-06-01,AFETR,,94.27,43.00,484,483,,,EA,ORB
STARLINK-31932,2024-106H,59929,PAY,+,US,2024-06-01,AFETR,,94.27,43.00,485,482,,,EA,ORB
STARLINK-31956,2024-106J,59930,PAY,+,US,2024-06-01,AFETR,,94.27,43.00,484,482,,,EA,ORB
STARLINK-31960,2024-106K,59931,PAY,+,US,2024-06-01,AFETR,,94.27,43.01,484,482,,,EA,ORB
STARLINK-31432,2024-106L,59932,PAY,+,US,2024-06-01,AFETR,,94.27,43.00,484,482,,,EA,ORB
STARLINK-31853,2024-106M,59933,PAY,+,US,2024-06-01,AFETR,,94.27,43.00,484,482,,,EA,ORB
STARLINK-31971,2024-106N,59934,PAY,+,US,2024-06-01,AFETR,,94.27,43.00,485,482,,,EA,ORB
STARLINK-31962,2024-106Q,59936,PAY,+,US,2024-06-01,AFETR,,94.27,43.00,484,482,,,EA,ORB
STARLINK-31879,2024-106R,59937,PAY,+,US,2024-06-01,AFETR,,94.27,43.00,483,483,,,EA,ORB
STARLINK-31876,2024-106S,59938,PAY,+,US,2024-06-01,AFETR,,94.27,43.00,484,482,,,EA,ORB
STARLINK-31955,2024-106T,59939,PAY,+,US,2024-06-01,AFETR,,94.20,43.00,481,478,,,EA,ORB
STARLINK-31946,2024-106U,59940,PAY,+,US,2024-06-01,AFETR,,94.27,43.01,484,482,,,EA,ORB
STARLINK-31948,2024-106V,59941,PAY,+,US,2024-06-01,AFETR,,94.27,43.01,484,482,,,EA,ORB
STARLINK-31900,2024-106W,59942,PAY,+,US,2024-06-01,AFETR,,94.27,43.00,484,482,,,EA,ORB
STARLINK-31973,2024-106X,59943,PAY,+,US,2024-06-01,AFETR,,94.27,43.00,484,483,,,EA,ORB
STARLINK-31966,2024-106Y,59944,PAY,+,US,2024-06-01,AFETR,,94.27,43.00,484,482,,,EA,ORB
STARLINK-11145 [DTC],2024-107A,59945,PAY,+,US,2024-06-05,AFETR,,91.74,53.16,360,359,,,EA,ORB
STARLINK-11113 [DTC],2024-107C,59947,PAY,+,US,2024-06-05,AFETR,,91.74,53.16,360,359,,,EA,ORB
STARLINK-11123 [DTC],2024-107D,59948,PAY,+,US,2024-06-05,AFETR,,91.74,53.16,360,359,,,EA,ORB
STARLINK-11138 [DTC],2024-107E,59949,PAY,+,US,2024-06-05,AFETR,,91.74,53.16,360,359,,,EA,ORB
STARLINK-11130 [DTC],2024-107F,59950,PAY,+,US,2024-06-05,AFETR,,91.74,53.16,360,359,,,EA,ORB
STARLINK-11124 [DTC],2024-107H,59952,PAY,+,US,2024-06-05,AFETR,,91.74,53.16,360,359,,,EA,ORB
STARLINK-11133 [DTC],2024-107K,59954,PAY,+,US,2024-06-05,AFETR,,91.74,53.16,361,359,,,EA,ORB
STARLINK-11144 [DTC],2024-107L,59955,PAY,+,US,2024-06-05,AFETR,,91.74,53.16,360,359,,,EA,ORB
STARLINK-11134 [DTC],2024-107M,59956,PAY,+,US,2024-06-05,AFETR,,91.74,53.16,360,359,,,EA,ORB
STARLINK-11142 [DTC],2024-107N,59957,PAY,+,US,2024-06-05,AFETR,,91.74,53.16,360,359,,,EA,ORB
STARLINK-31995,2024-107P,59958,PAY,+,US,2024-06-05,AFETR,,93.85,53.16,464,462,,,EA,ORB
STARLINK-31989,2024-107Q,59959,PAY,+,US,2024-06-05,AFETR,,93.85,53.16,464,462,,,EA,ORB
STARLINK-31856,2024-107R,59960,PAY,+,US,2024-06-05,AFETR,,93.85,53.16,463,462,,,EA,ORB
STARLINK-31993,2024-107S,59961,PAY,+,US,2024-06-05,AFETR,,93.85,53.16,464,462,,,EA,ORB
STARLINK-31980,2024-107T,59962,PAY,+,US,2024-06-05,AFETR,,93.85,53.16,464,462,,,EA,ORB
STARLINK-31991,2024-107U,59963,PAY,+,US,2024-06-05,AFETR,,93.85,53.16,464,462,,,EA,ORB
STARLINK-31979,2024-107V,59964,PAY,+,US,2024-06-05,AFETR,,93.85,53.16,464,462,,,EA,ORB
STARLINK-31978,2024-111A,60016,PAY,+,US,2024-06-08,AFETR,,94.01,53.16,472,470,,,EA,ORB
STARLINK-31987,2024-111B,60017,PAY,+,US,2024-06-08,AFETR,,94.01,53.16,472,470,,,EA,ORB
STARLINK-31984,2024-111C,60018,PAY,+,US,2024-06-08,AFETR,,93.85,53.16,464,462,,,EA,ORB
STARLINK-31986,2024-111D,60019,PAY,+,US,2024-06-08,AFETR,,93.85,53.16,464,462,,,EA,ORB
STARLINK-31883,2024-111E,60020,PAY,+,US,2024-06-08,AFETR,,93.85,53.16,464,462,,,EA,ORB
STARLINK-31967,2024-111F,60021,PAY,+,US,2024-06-08,AFETR,,93.85,53.16,463,462,,,EA,ORB
STARLINK-31982,2024-111G,60022,PAY,+,US,2024-06-08,AFETR,,93.85,53.16,464,462,,,EA,ORB
STARLINK-31992,2024-111H,60023,PAY,+,US,2024-06-08,AFETR,,93.85,53.16,463,462,,,EA,ORB
STARLINK-31990,2024-111J,60024,PAY,+,US,2024-06-08,AFETR,,93.85,53.16,464,462,,,EA,ORB
STARLINK-31939,2024-111L,60026,PAY,+,US,2024-06-08,AFETR,,93.85,53.16,464,462,,,EA,ORB
STARLINK-32012,2024-111M,60027,PAY,+,US,2024-06-08,AFETR,,93.85,53.16,464,462,,,EA,ORB
STARLINK-32008,2024-111N,60028,PAY,+,US,2024-06-08,AFETR,,93.85,53.16,464,462,,,EA,ORB
STARLINK-32006,2024-111P,60029,PAY,+,US,2024-06-08,AFETR,,93.85,53.16,464,462,,,EA,ORB
STARLINK-32011,2024-111Q,60030,PAY,+,US,2024-06-08,AFETR,,93.85,53.16,464,462,,,EA,ORB
STARLINK-31878,2024-111R,60031,PAY,+,US,2024-06-08,AFETR,,93.85,53.16,464,462,,,EA,ORB
STARLINK-32017,2024-111S,60032,PAY,+,US,2024-06-08,AFETR,,93.85,53.16,464,462,,,EA,ORB
STARLINK-32005,2024-111U,60034,PAY,+,US,2024-06-08,AFETR,,93.85,53.16,464,462,,,EA,ORB
STARLINK-31981,2024-111V,60035,PAY,+,US,2024-06-08,AFETR,,93.85,53.16,464,462,,,EA,ORB
STARLINK-31985,2024-111W,60036,PAY,+,US,2024-06-08,AFETR,,93.85,53.16,464,462,,,EA,ORB
STARLINK-31918,2024-111X,60037,PAY,+,US,2024-06-08,AFETR,,93.85,53.16,463,462,,,EA,ORB
STARLINK-11129 [DTC],2024-112A,60038,PAY,+,US,2024-06-08,AFWTR,,91.74,53.16,361,359,,,EA,ORB
STARLINK-11140 [DTC],2024-112B,60039,PAY,+,US,2024-06-08,AFWTR,,91.74,53.16,360,359,,,EA,ORB
STARLINK-11122 [DTC],2024-112C,60040,PAY,+,US,2024-06-08,AFWTR,,91.74,53.16,360,359,,,EA,ORB
STARLINK-11149 [DTC],2024-112D,60041,PAY,+,US,2024-06-08,AFWTR,,91.74,53.16,360,359,,,EA,ORB
STARLINK-11120 [DTC],2024-112E,60042,PAY,+,US,2024-06-08,AFWTR,,91.74,53.16,360,359,,,EA,ORB
STARLINK-11086 [DTC],2024-112F,60043,PAY,+,US,2024-06-08,AFWTR,,91.74,53.16,360,359,,,EA,ORB
STARLINK-11148 [DTC],2024-112G,60044,PAY,+,US,2024-06-08,AFWTR,,91.74,53.16,360,359,,,EA,ORB
STARLINK-11116 [DTC],2024-112H,60045,PAY,+,US,2024-06-08,AFWTR,,91.74,53.16,360,359,,,EA,ORB
STARLINK-11155 [DTC],2024-112J,60046,PAY,+,US,2024-06-08,AFWTR,,91.74,53.16,360,359,,,EA,ORB
STARLINK-11163 [DTC],2024-112K,60047,PAY,+,US,2024-06-08,AFWTR,,91.74,53.16,360,359,,,EA,ORB
STARLINK-11135 [DTC],2024-112L,60048,PAY,+,US,2024-06-08,AFWTR,,91.74,53.16,360,359,,,EA,ORB
STARLINK-11151 [DTC],2024-112M,60049,PAY,+,US,2024-06-08,AFWTR,,91.74,53.16,360,359,,,EA,ORB
STARLINK-11137 [DTC],2024-112N,60050,PAY,+,US,2024-06-08,AFWTR,,91.74,53.16,360,359,,,EA,ORB
STARLINK-31775,2024-112Q,60052,PAY,+,US,2024-06-08,AFWTR,,93.85,53.16,463,462,,,EA,ORB
STARLINK-31793,2024-112R,60053,PAY,+,US,2024-06-08,AFWTR,,93.85,53.16,464,462,,,EA,ORB
STARLINK-31735,2024-112S,60054,PAY,+,US,2024-06-08,AFWTR,,93.85,53.16,464,462,,,EA,ORB
STARLINK-31788,2024-112T,60055,PAY,+,US,2024-06-08,AFWTR,,93.85,53.16,464,462,,,EA,ORB
STARLINK-31825,2024-112U,60056,PAY,+,US,2024-06-08,AFWTR,,93.85,53.16,464,462,,,EA,ORB
STARLINK-31437,2024-112V,60057,PAY,+,US,2024-06-08,AFWTR,,93.85,53.16,464,462,,,EA,ORB
STARLINK-11181 [DTC],2024-113A,60059,PAY,+,US,2024-06-19,AFWTR,,91.74,53.16,360,359,,,EA,ORB
STARLINK-11176 [DTC],2024-113B,60060,PAY,+,US,2024-06-19,AFWTR,,91.74,53.16,360,359,,,EA,ORB
STARLINK-11167 [DTC],2024-113C,60061,PAY,+,US,2024-06-19,AFWTR,,91.74,53.16,360,359,,,EA,ORB
STARLINK-11166 [DTC],2024-113D,60062,PAY,+,US,2024-06-19,AFWTR,,91.73,53.16,360,359,,,EA,ORB
STARLINK-11165 [DTC],2024-113E,60063,PAY,+,US,2024-06-19,AFWTR,,91.74,53.16,360,359,,,EA,ORB
STARLINK-11169 [DTC],2024-113F,60064,PAY,+,US,2024-06-19,AFWTR,,91.74,53.16,360,359,,,EA,ORB
STARLINK-11102 [DTC],2024-113G,60065,PAY,+,US,2024-06-19,AFWTR,,91.74,53.16,360,359,,,EA,ORB
STARLINK-11141 [DTC],2024-113H,60066,PAY,+,US,2024-06-19,AFWTR,,91.74,53.16,360,359,,,EA,ORB
STARLINK-11153 [DTC],2024-113J,60067,PAY,+,US,2024-06-19,AFWTR,,91.74,53.16,360,359,,,EA,ORB
STARLINK-11170 [DTC],2024-113K,60068,PAY,+,US,2024-06-19,AFWTR,,91.74,53.16,360,359,,,EA,ORB
STARLINK-11171 [DTC],2024-113L,60069,PAY,+,US,2024-06-19,AFWTR,,91.74,53.16,360,359,,,EA,ORB
STARLINK-11186 [DTC],2024-113M,60070,PAY,+,US,2024-06-19,AFWTR,,91.74,53.16,361,359,,,EA,ORB
STARLINK-11184 [DTC],2024-113N,60071,PAY,+,US,2024-06-19,AFWTR,,91.74,53.16,361,358,,,EA,ORB
STARLINK-32032,2024-113U,60077,PAY,+,US,2024-06-19,AFWTR,,93.85,53.16,464,462,,,EA,ORB
STARLINK-31441,2024-117A,60091,PAY,+,US,2024-06-23,AFETR,,93.85,53.16,464,462,,,EA,ORB
STARLINK-32044,2024-117B,60092,PAY,+,US,2024-06-23,AFETR,,93.85,53.16,463,462,,,EA,ORB
STARLINK-31239,2024-117C,60093,PAY,+,US,2024-06-23,AFETR,,93.85,53.16,464,462,,,EA,ORB
STARLINK-32007,2024-117D,60094,PAY,+,US,2024-06-23,AFETR,,93.85,53.16,463,462,,,EA,ORB
STARLINK-32028,2024-117E,60095,PAY,+,US,2024-06-23,AFETR,,93.85,53.16,464,462,,,EA,ORB
STARLINK-32016,2024-117F,60096,PAY,+,US,2024-06-23,AFETR,,93.85,53.16,464,462,,,EA,ORB
STARLINK-32003,2024-117G,60097,PAY,+,US,2024-06-23,AFETR,,93.85,53.16,464,462,,,EA,ORB
STARLINK-32026,2024-117H,60098,PAY,+,US,2024-06-23,AFETR,,93.85,53.16,464,462,,,EA,ORB
STARLINK-31732,2024-117J,60099,PAY,+,US,2024-06-23,AFETR,,93.85,53.16,464,462,,,EA,ORB
STARLINK-31996,2024-117K,60100,PAY,+,US,2024-06-23,AFETR,,93.85,53.16,464,462,,,EA,ORB
STARLINK-31999,2024-117L,60101,PAY,+,US,2024-06-23,AFETR,,93.85,53.16,464,462,,,EA,ORB
STARLINK-31954,2024-117M,60102,PAY,+,US,2024-06-23,AFETR,,93.85,53.16,464,462,,,EA,ORB
STARLINK-32013,2024-117N,60103,PAY,+,US,2024-06-23,AFETR,,93.85,53.16,464,462,,,EA,ORB
STARLINK-32009,2024-117P,60104,PAY,+,US,2024-06-23,AFETR,,93.85,53.16,464,462,,,EA,ORB
STARLINK-32018,2024-117Q,60105,PAY,+,US,2024-06-23,AFETR,,93.85,53.16,464,462,,,EA,ORB
STARLINK-32045,2024-117R,60106,PAY,+,US,2024-06-23,AFETR,,93.85,53.16,464,462,,,EA,ORB
STARLINK-32035,2024-117S,60107,PAY,+,US,2024-06-23,AFETR,,93.85,53.16,464,462,,,EA,ORB
STARLINK-32042,2024-117T,60108,PAY,+,US,2024-06-23,AFETR,,93.85,53.16,464,462,,,EA,ORB
STARLINK-32040,2024-117U,60109,PAY,+,US,2024-06-23,AFETR,,93.85,53.16,464,462,,,EA,ORB
STARLINK-32001,2024-117V,60110,PAY,+,US,2024-06-23,AFETR,,93.85,53.16,463,462,,,EA,ORB
STARLINK-32015,2024-117W,60111,PAY,+,US,2024-06-23,AFETR,,93.85,53.16,464,462,,,EA,ORB
STARLINK-32024,2024-117X,60112,PAY,+,US,2024-06-23,AFETR,,93.85,53.16,464,462,,,EA,ORB
STARLINK-11201 [DTC],2024-118A,60113,PAY,+,US,2024-06-24,AFWTR,,91.74,53.16,360,359,,,EA,ORB
STARLINK-11198 [DTC],2024-118B,60114,PAY,+,US,2024-06-24,AFWTR,,91.74,53.16,360,359,,,EA,ORB
STARLINK-11112 [DTC],2024-118C,60115,PAY,+,US,2024-06-24,AFWTR,,91.74,53.16,360,359,,,EA,ORB
STARLINK-11210 [DTC],2024-118D,60116,PAY,+,US,2024-06-24,AFWTR,,91.74,53.16,360,359,,,EA,ORB
STARLINK-11203 [DTC],2024-118E,60117,PAY,+,US,2024-06-24,AFWTR,,91.74,53.16,360,359,,,EA,ORB
STARLINK-11177 [DTC],2024-118F,60118,PAY,+,US,2024-06-24,AFWTR,,91.74,53.16,360,359,,,EA,ORB
STARLINK-11127 [DTC],2024-118G,60119,PAY,+,US,2024-06-24,AFWTR,,91.74,53.16,360,359,,,EA,ORB
STARLINK-11164 [DTC],2024-118H,60120,PAY,+,US,2024-06-24,AFWTR,,91.74,53.16,361,359,,,EA,ORB
STARLINK-11119 [DTC],2024-118J,60121,PAY,+,US,2024-06-24,AFWTR,,91.74,53.16,360,359,,,EA,ORB
STARLINK-11157 [DTC],2024-118K,60122,PAY,+,US,2024-06-24,AFWTR,,91.74,53.16,361,359,,,EA,ORB
STARLINK-11162 [DTC],2024-118L,60123,PAY,+,US,2024-06-24,AFWTR,,91.73,53.16,360,359,,,EA,ORB
STARLINK-11161 [DTC],2024-118M,60124,PAY,+,US,2024-06-24,AFWTR,,91.74,53.16,360,359,,,EA,ORB
STARLINK-11160 [DTC],2024-118N,60125,PAY,+,US,2024-06-24,AFWTR,,91.74,53.16,360,359,,,EA,ORB
STARLINK-31846,2024-118P,60126,PAY,+,US,2024-06-24,AFWTR,,94.01,53.17,472,470,,,EA,ORB
STARLINK-31840,2024-118Q,60127,PAY,+,US,2024-06-24,AFWTR,,94.01,53.16,472,469,,,EA,ORB
STARLINK-31813,2024-118R,60128,PAY,+,US,2024-06-24,AFWTR,,94.01,53.16,472,470,,,EA,ORB
STARLINK-31845,2024-118S,60129,PAY,+,US,2024-06-24,AFWTR,,93.85,53.16,464,462,,,EA,ORB
STARLINK-31838,2024-118T,60130,PAY,+,US,2024-06-24,AFWTR,,94.01,53.16,472,470,,,EA,ORB
STARLINK-31785,2024-118U,60131,PAY,+,US,2024-06-24,AFWTR,,94.01,53.16,472,470,,,EA,ORB
STARLINK-31792,2024-118V,60132,PAY,+,US,2024-06-24,AFWTR,,93.85,53.16,464,462,,,EA,ORB
STARLINK-32043,2024-120A,60135,PAY,+,US,2024-06-27,AFETR,,93.85,53.16,464,462,,,EA,ORB
STARLINK-32112,2024-120B,60136,PAY,+,US,2024-06-27,AFETR,,93.85,53.16,464,462,,,EA,ORB
STARLINK-32050,2024-120C,60137,PAY,+,US,2024-06-27,AFETR,,93.85,53.16,464,462,,,EA,ORB
STARLINK-32025,2024-120D,60138,PAY,+,US,2024-06-27,AFETR,,93.85,53.16,464,462,,,EA,ORB
STARLINK-31694,2024-120F,60140,PAY,+,US,2024-06-27,AFETR,,93.85,53.16,464,462,,,EA,ORB
STARLINK-32036,2024-120G,60141,PAY,+,US,2024-06-27,AFETR,,93.85,53.16,464,462,,,EA,ORB
STARLINK-32031,2024-120H,60142,PAY,+,US,2024-06-27,AFETR,,93.85,53.16,464,462,,,EA,ORB
STARLINK-32027,2024-120J,60143,PAY,+,US,2024-06-27,AFETR,,93.85,53.16,464,462,,,EA,ORB
STARLINK-32033,2024-120K,60144,PAY,+,US,2024-06-27,AFETR,,93.85,53.16,464,462,,,EA,ORB
STARLINK-32029,2024-120L,60145,PAY,+,US,2024-06-27,AFETR,,93.85,53.16,464,462,,,EA,ORB
STARLINK-32127,2024-120M,60146,PAY,+,US,2024-06-27,AFETR,,93.85,53.16,464,462,,,EA,ORB
STARLINK-32019,2024-120N,60147,PAY,+,US,2024-06-27,AFETR,,93.85,53.16,464,462,,,EA,ORB
STARLINK-32021,2024-120P,60148,PAY,+,US,2024-06-27,AFETR,,94.01,53.16,472,470,,,EA,ORB
STARLINK-32022,2024-120Q,60149,PAY,+,US,2024-06-27,AFETR,,93.85,53.16,464,462,,,EA,ORB
STARLINK-32014,2024-120R,60150,PAY,+,US,2024-06-27,AFETR,,93.85,53.16,464,462,,,EA,ORB
STARLINK-32004,2024-120S,60151,PAY,+,US,2024-06-27,AFETR,,93.85,53.16,464,462,,,EA,ORB
STARLINK-32147,2024-120T,60152,PAY,+,US,2024-06-27,AFETR,,93.85,53.16,464,462,,,EA,ORB
STARLINK-32131,2024-120U,60153,PAY,+,US,2024-06-27,AFETR,,93.85,53.16,464,462,,,EA,ORB
STARLINK-32145,2024-120V,60154,PAY,+,US,2024-06-27,AFETR,,93.85,53.16,464,462,,,EA,ORB
STARLINK-32137,2024-120W,60155,PAY,+,US,2024-06-27,AFETR,,93.85,53.16,464,462,,,EA,ORB
STARLINK-32048,2024-120X,60156,PAY,+,US,2024-06-27,AFETR,,93.85,53.16,464,462,,,EA,ORB
STARLINK-32129,2024-120Y,60157,PAY,+,US,2024-06-27,AFETR,,93.85,53.16,464,462,,,EA,ORB
STARLINK-11168 [DTC],2024-124A,60183,PAY,+,US,2024-07-03,AFETR,,91.74,53.16,360,359,,,EA,ORB
STARLINK-11187 [DTC],2024-124B,60184,PAY,+,US,2024-07-03,AFETR,,91.74,53.16,360,359,,,EA,ORB
STARLINK-11180 [DTC],2024-124C,60185,PAY,+,US,2024-07-03,AFETR,,91.74,53.16,360,359,,,EA,ORB
STARLINK-11197 [DTC],2024-124D,60186,PAY,+,US,2024-07-03,AFETR,,91.74,53.16,361,359,,,EA,ORB
STARLINK-11194 [DTC],2024-124E,60187,PAY,+,US,2024-07-03,AFETR,,91.74,53.16,361,359,,,EA,ORB
STARLINK-11189 [DTC],2024-124F,60188,PAY,+,US,2024-07-03,AFETR,,91.74,53.16,361,359,,,EA,ORB
STARLINK-11183 [DTC],2024-124G,60189,PAY,+,US,2024-07-03,AFETR,,91.74,53.16,361,359,,,EA,ORB
STARLINK-11179 [DTC],2024-124H,60190,PAY,+,US,2024-07-03,AFETR,,91.74,53.16,361,359,,,EA,ORB
STARLINK-11175 [DTC],2024-124J,60191,PAY,+,US,2024-07-03,AFETR,,91.74,53.16,360,359,,,EA,ORB
STARLINK-11173 [DTC],2024-124K,60192,PAY,+,US,2024-07-03,AFETR,,91.74,53.16,360,359,,,EA,ORB
STARLINK-11172 [DTC],2024-124L,60193,PAY,+,US,2024-07-03,AFETR,,91.74,53.16,361,359,,,EA,ORB
STARLINK-11152 [DTC],2024-124M,60194,PAY,+,US,2024-07-03,AFETR,,91.74,53.16,360,359,,,EA,ORB
STARLINK-11193 [DTC],2024-124N,60195,PAY,+,US,2024-07-03,AFETR,,91.74,53.16,360,359,,,EA,ORB
STARLINK-31869,2024-124P,60196,PAY,+,US,2024-07-03,AFETR,,94.01,53.16,472,470,,,EA,ORB
STARLINK-32023,2024-124Q,60197,PAY,+,US,2024-07-03,AFETR,,93.84,53.16,462,462,,,EA,ORB
STARLINK-32046,2024-124R,60198,PAY,+,US,2024-07-03,AFETR,,94.01,53.16,472,470,,,EA,ORB
STARLINK-32049,2024-124S,60199,PAY,+,US,2024-07-03,AFETR,,93.85,53.16,464,462,,,EA,ORB
STARLINK-32002,2024-124T,60200,PAY,+,US,2024-07-03,AFETR,,94.01,53.16,472,470,,,EA,ORB
STARLINK-32020,2024-124U,60201,PAY,+,US,2024-07-03,AFETR,,94.01,53.16,472,470,,,EA,ORB
STARLINK-32041,2024-124V,60202,PAY,+,US,2024-07-03,AFETR,,94.01,53.16,472,470,,,EA,ORB
STARLINK-32138,2024-131A,60255,PAY,+,US,2024-07-27,AFETR,,94.01,53.16,472,470,,,EA,ORB
STARLINK-32212,2024-131B,60256,PAY,+,US,2024-07-27,AFETR,,93.61,53.16,455,447,,,EA,ORB
STARLINK-32166,2024-131C,60257,PAY,+,US,2024-07-27,AFETR,,93.85,53.16,464,462,,,EA,ORB
STARLINK-32200,2024-131D,60258,PAY,+,US,2024-07-27,AFETR,,93.85,53.16,464,462,,,EA,ORB
STARLINK-32207,2024-131E,60259,PAY,+,US,2024-07-27,AFETR,,93.85,53.16,464,462,,,EA,ORB
STARLINK-32125,2024-131F,60260,PAY,+,US,2024-07-27,AFETR,,93.85,53.16,464,462,,,EA,ORB
STARLINK-32160,2024-131G,60261,PAY,+,US,2024-07-27,AFETR,,93.85,53.16,464,462,,,EA,ORB
STARLINK-32163,2024-131H,60262,PAY,+,US,2024-07-27,AFETR,,94.01,53.16,472,470,,,EA,ORB
STARLINK-32148,2024-131J,60263,PAY,+,US,2024-07-27,AFETR,,94.01,53.16,472,470,,,EA,ORB
STARLINK-32121,2024-131K,60264,PAY,+,US,2024-07-27,AFETR,,94.01,53.16,472,470,,,EA,ORB
STARLINK-32120,2024-131L,60265,PAY,+,US,2024-07-27,AFETR,,93.85,53.16,464,462,,,EA,ORB
STARLINK-32205,2024-131M,60266,PAY,+,US,2024-07-27,AFETR,,94.01,53.16,472,470,,,EA,ORB
STARLINK-32158,2024-131N,60267,PAY,+,US,2024-07-27,AFETR,,93.85,53.16,464,462,,,EA,ORB
STARLINK-32167,2024-131P,60268,PAY,+,US,2024-07-27,AFETR,,93.85,53.16,464,462,,,EA,ORB
STARLINK-32144,2024-131Q,60269,PAY,+,US,2024-07-27,AFETR,,94.01,53.16,471,470,,,EA,ORB
STARLINK-32211,2024-131R,60270,PAY,+,US,2024-07-27,AFETR,,93.85,53.16,464,462,,,EA,ORB
STARLINK-32164,2024-131S,60271,PAY,+,US,2024-07-27,AFETR,,93.85,53.16,464,462,,,EA,ORB
STARLINK-32128,2024-131T,60272,PAY,+,US,2024-07-27,AFETR,,93.85,53.16,464,462,,,EA,ORB
STARLINK-32206,2024-131U,60273,PAY,+,US,2024-07-27,AFETR,,93.85,53.16,464,462,,,EA,ORB
STARLINK-32155,2024-131V,60274,PAY,+,US,2024-07-27,AFETR,,94.01,53.16,472,470,,,EA,ORB
STARLINK-32152,2024-131W,60275,PAY,+,US,2024-07-27,AFETR,,93.85,53.16,464,462,,,EA,ORB
STARLINK-32154,2024-131X,60276,PAY,+,US,2024-07-27,AFETR,,93.85,53.16,464,462,,,EA,ORB
STARLINK-32135,2024-131Y,60277,PAY,+,US,2024-07-27,AFETR,,93.85,53.16,464,462,,,EA,ORB
STARLINK-32156,2024-132A,60278,PAY,+,US,2024-07-28,AFETR,,93.85,53.16,464,462,,,EA,ORB
STARLINK-32010,2024-132B,60279,PAY,+,US,2024-07-28,AFETR,,94.01,53.16,472,470,,,EA,ORB
STARLINK-32118,2024-132C,60280,PAY,+,US,2024-07-28,AFETR,,93.85,53.16,464,462,,,EA,ORB
STARLINK-32038,2024-132D,60281,PAY,+,US,2024-07-28,AFETR,,93.85,53.16,464,462,,,EA,ORB
STARLINK-32113,2024-132E,60282,PAY,+,US,2024-07-28,AFETR,,93.85,53.16,464,462,,,EA,ORB
STARLINK-32037,2024-132F,60283,PAY,+,US,2024-07-28,AFETR,,94.01,53.16,472,470,,,EA,ORB
STARLINK-32123,2024-132G,60284,PAY,+,US,2024-07-28,AFETR,,93.85,53.16,464,462,,,EA,ORB
STARLINK-32122,2024-132H,60285,PAY,+,US,2024-07-28,AFETR,,94.01,53.16,472,470,,,EA,ORB
STARLINK-31656,2024-132J,60286,PAY,+,US,2024-07-28,AFETR,,93.85,53.16,464,462,,,EA,ORB
STARLINK-32114,2024-132K,60287,PAY,+,US,2024-07-28,AFETR,,94.01,53.16,472,470,,,EA,ORB
STARLINK-31997,2024-132L,60288,PAY,+,US,2024-07-28,AFETR,,93.85,53.16,464,462,,,EA,ORB
STARLINK-32000,2024-132M,60289,PAY,+,US,2024-07-28,AFETR,,94.01,53.16,472,470,,,EA,ORB
STARLINK-32141,2024-132N,60290,PAY,+,US,2024-07-28,AFETR,,93.85,53.16,464,462,,,EA,ORB
STARLINK-32142,2024-132P,60291,PAY,+,US,2024-07-28,AFETR,,93.85,53.16,464,462,,,EA,ORB
STARLINK-32149,2024-132Q,60292,PAY,+,US,2024-07-28,AFETR,,94.01,53.16,472,470,,,EA,ORB
STARLINK-32159,2024-132R,60293,PAY,+,US,2024-07-28,AFETR,,93.90,53.16,466,464,,,EA,ORB
STARLINK-32150,2024-132S,60294,PAY,+,US,2024-07-28,AFETR,,94.01,53.16,472,470,,,EA,ORB
STARLINK-32126,2024-132T,60295,PAY,+,US,2024-07-28,AFETR,,94.01,53.16,472,470,,,EA,ORB
STARLINK-32143,2024-132U,60296,PAY,+,US,2024-07-28,AFETR,,94.01,53.16,472,470,,,EA,ORB
STARLINK-32034,2024-132V,60297,PAY,+,US,2024-07-28,AFETR,,94.01,53.16,472,470,,,EA,ORB
STARLINK-32124,2024-132W,60298,PAY,+,US,2024-07-28,AFETR,,94.01,53.16,471,470,,,EA,ORB
STARLINK-32151,2024-132X,60299,PAY,+,US,2024-07-28,AFETR,,93.85,53.16,464,462,,,EA,ORB
STARLINK-32134,2024-132Y,60300,PAY,+,US,2024-07-28,AFETR,,93.85,53.16,464,462,,,EA,ORB
STARLINK-11147 [DTC],2024-133A,60301,PAY,+,US,2024-07-28,AFWTR,,91.74,53.16,361,359,,,EA,ORB
STARLINK-11128 [DTC],2024-133B,60302,PAY,+,US,2024-07-28,AFWTR,,91.74,53.16,360,359,,,EA,ORB
STARLINK-11227 [DTC],2024-133C,60303,PAY,+,US,2024-07-28,AFWTR,,91.74,53.16,361,359,,,EA,ORB
STARLINK-11224 [DTC],2024-133D,60304,PAY,+,US,2024-07-28,AFWTR,,91.74,53.16,360,359,,,EA,ORB
STARLINK-11115 [DTC],2024-133E,60305,PAY,+,US,2024-07-28,AFWTR,,91.74,53.16,360,359,,,EA,ORB
STARLINK-11109 [DTC],2024-133F,60306,PAY,+,US,2024-07-28,AFWTR,,91.74,53.16,360,359,,,EA,ORB
STARLINK-11223 [DTC],2024-133G,60307,PAY,+,US,2024-07-28,AFWTR,,91.74,53.16,360,359,,,EA,ORB
STARLINK-11192 [DTC],2024-133H,60308,PAY,+,US,2024-07-28,AFWTR,,91.74,53.16,360,359,,,EA,ORB
STARLINK-11213 [DTC],2024-133J,60309,PAY,+,US,2024-07-28,AFWTR,,91.74,53.16,360,359,,,EA,ORB
STARLINK-11200 [DTC],2024-133K,60310,PAY,+,US,2024-07-28,AFWTR,,91.74,53.16,360,359,,,EA,ORB
STARLINK-11206 [DTC],2024-133M,60312,PAY,+,US,2024-07-28,AFWTR,,91.74,53.16,360,359,,,EA,ORB
STARLINK-11205 [DTC],2024-133N,60313,PAY,+,US,2024-07-28,AFWTR,,91.74,53.16,360,359,,,EA,ORB
STARLINK-32191,2024-133P,60314,PAY,+,US,2024-07-28,AFWTR,,93.85,53.16,464,462,,,EA,ORB
STARLINK-32194,2024-133Q,60315,PAY,+,US,2024-07-28,AFWTR,,93.85,53.16,463,462,,,EA,ORB
STARLINK-32192,2024-133R,60316,PAY,+,US,2024-07-28,AFWTR,,93.85,53.16,464,462,,,EA,ORB
STARLINK-32189,2024-133S,60317,PAY,+,US,2024-07-28,AFWTR,,93.85,53.16,464,462,,,EA,ORB
STARLINK-32190,2024-133T,60318,PAY,+,US,2024-07-28,AFWTR,,93.85,53.16,464,462,,,EA,ORB
STARLINK-32182,2024-133U,60319,PAY,+,US,2024-07-28,AFWTR,,93.85,53.16,463,462,,,EA,ORB
STARLINK-32199,2024-133V,60320,PAY,+,US,2024-07-28,AFWTR,,93.85,53.16,464,462,,,EA,ORB
STARLINK-32198,2024-133W,60321,PAY,+,US,2024-07-28,AFWTR,,93.85,53.16,464,462,,,EA,ORB
STARLINK-31745,2024-136A,60329,PAY,+,US,2024-08-02,AFETR,,94.01,53.16,472,470,,,EA,ORB
STARLINK-32153,2024-136B,60330,PAY,+,US,2024-08-02,AFETR,,93.85,53.16,464,462,,,EA,ORB
STARLINK-32203,2024-136C,60331,PAY,+,US,2024-08-02,AFETR,,93.85,53.16,464,462,,,EA,ORB
STARLINK-32171,2024-136D,60332,PAY,+,US,2024-08-02,AFETR,,94.01,53.16,472,470,,,EA,ORB
STARLINK-32133,2024-136E,60333,PAY,+,US,2024-08-02,AFETR,,93.85,53.16,464,462,,,EA,ORB
STARLINK-32132,2024-136F,60334,PAY,+,US,2024-08-02,AFETR,,93.85,53.16,464,462,,,EA,ORB
STARLINK-32168,2024-136G,60335,PAY,+,US,2024-08-02,AFETR,,93.85,53.16,464,462,,,EA,ORB
STARLINK-32079,2024-136H,60336,PAY,+,US,2024-08-02,AFETR,,93.85,53.16,464,462,,,EA,ORB
STARLINK-32078,2024-136K,60338,PAY,+,US,2024-08-02,AFETR,,93.85,53.16,464,462,,,EA,ORB
STARLINK-32175,2024-136L,60339,PAY,+,US,2024-08-02,AFETR,,93.85,53.16,464,462,,,EA,ORB
STARLINK-32176,2024-136M,60340,PAY,+,US,2024-08-02,AFETR,,93.85,53.16,463,462,,,EA,ORB
STARLINK-32185,2024-136N,60341,PAY,+,US,2024-08-02,AFETR,,93.85,53.16,464,462,,,EA,ORB
STARLINK-32221,2024-136P,60342,PAY,+,US,2024-08-02,AFETR,,93.85,53.16,464,462,,,EA,ORB
STARLINK-32083,2024-136Q,60343,PAY,+,US,2024-08-02,AFETR,,93.85,53.16,464,462,,,EA,ORB
STARLINK-32077,2024-136R,60344,PAY,+,US,2024-08-02,AFETR,,93.85,53.16,464,462,,,EA,ORB
STARLINK-32075,2024-136S,60345,PAY,+,US,2024-08-02,AFETR,,93.85,53.16,464,462,,,EA,ORB
STARLINK-32082,2024-136T,60346,PAY,+,US,2024-08-02,AFETR,,93.85,53.16,464,462,,,EA,ORB
STARLINK-32084,2024-136U,60347,PAY,+,US,2024-08-02,AFETR,,94.01,53.16,472,470,,,EA,ORB
STARLINK-32081,2024-136V,60348,PAY,+,US,2024-08-02,AFETR,,94.01,53.16,472,470,,,EA,ORB
STARLINK-32181,2024-136W,60349,PAY,+,US,2024-08-02,AFETR,,93.85,53.16,464,462,,,EA,ORB
STARLINK-32076,2024-136X,60350,PAY,+,US,2024-08-02,AFETR,,94.01,53.16,472,470,,,EA,ORB
STARLINK-32097,2024-136Y,60351,PAY,+,US,2024-08-02,AFETR,,93.85,53.16,464,462,,,EA,ORB
STARLINK-32285,2024-138A,60355,PAY,+,US,2024-08-04,AFWTR,,93.85,53.16,464,462,,,EA,ORB
STARLINK-32278,2024-138B,60356,PAY,+,US,2024-08-04,AFWTR,,93.85,53.16,464,462,,,EA,ORB
STARLINK-32287,2024-138D,60358,PAY,+,US,2024-08-04,AFWTR,,93.85,53.16,464,462,,,EA,ORB
STARLINK-32290,2024-138E,60359,PAY,+,US,2024-08-04,AFWTR,,93.85,53.16,463,462,,,EA,ORB
STARLINK-32275,2024-138F,60360,PAY,+,US,2024-08-04,AFWTR,,94.01,53.16,472,470,,,EA,ORB
STARLINK-32227,2024-138G,60361,PAY,+,US,2024-08-04,AFWTR,,93.85,53.16,464,462,,,EA,ORB
STARLINK-32256,2024-138H,60362,PAY,+,US,2024-08-04,AFWTR,,93.85,53.16,464,462,,,EA,ORB
STARLINK-32267,2024-138J,60363,PAY,+,US,2024-08-04,AFWTR,,93.85,53.16,464,462,,,EA,ORB
STARLINK-32270,2024-138K,60364,PAY,+,US,2024-08-04,AFWTR,,94.01,53.16,472,470,,,EA,ORB
STARLINK-32188,2024-138L,60365,PAY,+,US,2024-08-04,AFWTR,,94.01,53.16,472,470,,,EA,ORB
STARLINK-32230,2024-138M,60366,PAY,+,US,2024-08-04,AFWTR,,93.85,53.16,464,462,,,EA,ORB
STARLINK-32243,2024-138N,60367,PAY,+,US,2024-08-04,AFWTR,,94.01,53.16,472,470,,,EA,ORB
STARLINK-32271,2024-138P,60368,PAY,+,US,2024-08-04,AFWTR,,93.85,53.16,464,462,,,EA,ORB
STARLINK-32220,2024-138R,60370,PAY,+,US,2024-08-04,AFWTR,,93.85,53.16,464,462,,,EA,ORB
STARLINK-32263,2024-138S,60371,PAY,+,US,2024-08-04,AFWTR,,93.85,53.16,464,462,,,EA,ORB
STARLINK-32268,2024-138T,60372,PAY,+,US,2024-08-04,AFWTR,,93.85,53.16,464,462,,,EA,ORB
STARLINK-32223,2024-138U,60373,PAY,+,US,2024-08-04,AFWTR,,94.02,53.16,472,470,,,EA,ORB
STARLINK-32180,2024-138V,60374,PAY,+,US,2024-08-04,AFWTR,,94.01,53.16,472,470,,,EA,ORB
STARLINK-32281,2024-138W,60375,PAY,+,US,2024-08-04,AFWTR,,93.85,53.16,464,462,,,EA,ORB
STARLINK-32277,2024-138X,60376,PAY,+,US,2024-08-04,AFWTR,,93.85,53.16,464,462,,,EA,ORB
STARLINK-32269,2024-138Y,60377,PAY,+,US,2024-08-04,AFWTR,,94.01,53.16,472,470,,,EA,ORB
STARLINK-11228 [DTC],2024-141A,60398,PAY,+,US,2024-08-10,AFETR,,91.74,53.16,360,359,,,EA,ORB
STARLINK-11182 [DTC],2024-141B,60399,PAY,+,US,2024-08-10,AFETR,,91.74,53.16,361,359,,,EA,ORB
STARLINK-11234 [DTC],2024-141C,60400,PAY,+,US,2024-08-10,AFETR,,91.74,53.16,360,359,,,EA,ORB
STARLINK-11232 [DTC],2024-141D,60401,PAY,+,US,2024-08-10,AFETR,,91.74,53.16,360,359,,,EA,ORB
STARLINK-11139 [DTC],2024-141E,60402,PAY,+,US,2024-08-10,AFETR,,91.74,53.16,360,359,,,EA,ORB
STARLINK-11158 [DTC],2024-141F,60403,PAY,+,US,2024-08-10,AFETR,,91.74,53.16,360,359,,,EA,ORB
STARLINK-11199 [DTC],2024-141G,60404,PAY,+,US,2024-08-10,AFETR,,91.74,53.16,360,359,,,EA,ORB
STARLINK-11081 [DTC],2024-141H,60405,PAY,+,US,2024-08-10,AFETR,,91.74,53.16,361,359,,,EA,ORB
STARLINK-11150 [DTC],2024-141J,60406,PAY,+,US,2024-08-10,AFETR,,91.74,53.16,360,359,,,EA,ORB
STARLINK-11136 [DTC],2024-141K,60407,PAY,+,US,2024-08-10,AFETR,,91.74,53.16,360,359,,,EA,ORB
STARLINK-11196 [DTC],2024-141L,60408,PAY,+,US,2024-08-10,AFETR,,91.74,53.16,360,359,,,EA,ORB
STARLINK-11174 [DTC],2024-141M,60409,PAY,+,US,2024-08-10,AFETR,,91.74,53.16,360,359,,,EA,ORB
STARLINK-11191 [DTC],2024-141N,60410,PAY,+,US,2024-08-10,AFETR,,91.73,53.16,360,359,,,EA,ORB
STARLINK-32244,2024-141P,60411,PAY,+,US,2024-08-10,AFETR,,94.01,53.16,472,469,,,EA,ORB
STARLINK-32186,2024-141Q,60412,PAY,+,US,2024-08-10,AFETR,,93.85,53.16,464,462,,,EA,ORB
STARLINK-32178,2024-141R,60413,PAY,+,US,2024-08-10,AFETR,,93.85,53.16,464,462,,,EA,ORB
STARLINK-32234,2024-141S,60414,PAY,+,US,2024-08-10,AFETR,,94.01,53.16,472,470,,,EA,ORB
STARLINK-32265,2024-141T,60415,PAY,+,US,2024-08-10,AFETR,,93.85,53.16,464,462,,,EA,ORB
STARLINK-32197,2024-141U,60416,PAY,+,US,2024-08-10,AFETR,,94.01,53.16,472,470,,,EA,ORB
STARLINK-32255,2024-141V,60417,PAY,+,US,2024-08-10,AFETR,,93.85,53.16,464,462,,,EA,ORB
STARLINK-32236,2024-141W,60418,PAY,+,US,2024-08-10,AFETR,,93.85,53.16,463,462,,,EA,ORB
STARLINK-32250,2024-144A,60425,PAY,+,US,2024-08-12,AFETR,,93.85,53.16,464,462,,,EA,ORB
STARLINK-32226,2024-144B,60426,PAY,+,US,2024-08-12,AFETR,,93.85,53.16,464,462,,,EA,ORB
STARLINK-32254,2024-144C,60427,PAY,+,US,2024-08-12,AFETR,,93.85,53.16,464,462,,,EA,ORB
STARLINK-32193,2024-144D,60428,PAY,+,US,2024-08-12,AFETR,,93.85,53.16,464,462,,,EA,ORB
STARLINK-32242,2024-144E,60429,PAY,+,US,2024-08-12,AFETR,,93.85,53.16,463,462,,,EA,ORB
STARLINK-32196,2024-144F,60430,PAY,+,US,2024-08-12,AFETR,,93.85,53.16,464,462,,,EA,ORB
STARLINK-32232,2024-144G,60431,PAY,+,US,2024-08-12,AFETR,,93.85,53.16,464,462,,,EA,ORB
STARLINK-32246,2024-144H,60432,PAY,+,US,2024-08-12,AFETR,,93.85,53.16,464,462,,,EA,ORB
STARLINK-32183,2024-144J,60433,PAY,+,US,2024-08-12,AFETR,,93.85,53.16,464,462,,,EA,ORB
STARLINK-32233,2024-144K,60434,PAY,+,US,2024-08-12,AFETR,,93.85,53.16,463,462,,,EA,ORB
STARLINK-32222,2024-144L,60435,PAY,+,US,2024-08-12,AFETR,,93.85,53.16,464,462,,,EA,ORB
STARLINK-32229,2024-144M,60436,PAY,+,US,2024-08-12,AFETR,,93.85,53.16,464,462,,,EA,ORB
STARLINK-32241,2024-144N,60437,PAY,+,US,2024-08-12,AFETR,,93.85,53.16,464,462,,,EA,ORB
STARLINK-32240,2024-144P,60438,PAY,+,US,2024-08-12,AFETR,,93.85,53.16,464,462,,,EA,ORB
STARLINK-32231,2024-144Q,60439,PAY,+,US,2024-08-12,AFETR,,93.85,53.16,464,462,,,EA,ORB
STARLINK-32195,2024-144R,60440,PAY,+,US,2024-08-12,AFETR,,93.85,53.16,464,462,,,EA,ORB
STARLINK-32177,2024-144S,60441,PAY,+,US,2024-08-12,AFETR,,93.85,53.16,464,462,,,EA,ORB
STARLINK-32252,2024-144T,60442,PAY,+,US,2024-08-12,AFETR,,93.85,53.16,464,462,,,EA,ORB
STARLINK-32237,2024-144U,60443,PAY,+,US,2024-08-12,AFETR,,93.85,53.16,464,462,,,EA,ORB
STARLINK-32249,2024-144V,60444,PAY,+,US,2024-08-12,AFETR,,93.85,53.16,464,462,,,EA,ORB
STARLINK-32228,2024-144W,60445,PAY,+,US,2024-08-12,AFETR,,93.85,53.16,463,462,,,EA,ORB
STARLINK-32247,2024-144X,60446,PAY,+,US,2024-08-12,AFETR,,93.82,53.16,462,461,,,EA,ORB
STARLINK-32101,2024-144Y,60447,PAY,+,US,2024-08-12,AFETR,,93.85,53.16,464,462,,,EA,ORB
STARLINK-31844,2024-150A,60583,PAY,+,US,2024-08-20,AFETR,,94.01,53.16,472,470,,,EA,ORB
STARLINK-32204,2024-150B,60584,PAY,+,US,2024-08-20,AFETR,,93.85,53.16,464,462,,,EA,ORB
STARLINK-32130,2024-150C,60585,PAY,+,US,2024-08-20,AFETR,,93.85,53.16,464,462,,,EA,ORB
STARLINK-32173,2024-150D,60586,PAY,+,US,2024-08-20,AFETR,,93.85,53.16,464,462,,,EA,ORB
STARLINK-31911,2024-150E,60587,PAY,+,US,2024-08-20,AFETR,,93.85,53.16,464,462,,,EA,ORB
STARLINK-31994,2024-150F,60588,PAY,+,US,2024-08-20,AFETR,,93.85,53.16,464,462,,,EA,ORB
STARLINK-32169,2024-150G,60589,PAY,+,US,2024-08-20,AFETR,,93.85,53.16,464,462,,,EA,ORB
STARLINK-32209,2024-150H,60590,PAY,+,US,2024-08-20,AFETR,,93.85,53.16,464,462,,,EA,ORB
STARLINK-32170,2024-150J,60591,PAY,+,US,2024-08-20,AFETR,,93.85,53.16,464,462,,,EA,ORB
STARLINK-31497,2024-150K,60592,PAY,+,US,2024-08-20,AFETR,,93.85,53.16,464,462,,,EA,ORB
STARLINK-32161,2024-150L,60593,PAY,+,US,2024-08-20,AFETR,,93.85,53.16,464,462,,,EA,ORB
STARLINK-32210,2024-150M,60594,PAY,+,US,2024-08-20,AFETR,,93.85,53.16,464,462,,,EA,ORB
STARLINK-32202,2024-150N,60595,PAY,+,US,2024-08-20,AFETR,,94.01,53.16,472,470,,,EA,ORB
STARLINK-31930,2024-150P,60596,PAY,+,US,2024-08-20,AFETR,,93.85,53.16,464,462,,,EA,ORB
STARLINK-32162,2024-150Q,60597,PAY,+,US,2024-08-20,AFETR,,93.85,53.16,464,462,,,EA,ORB
STARLINK-32208,2024-150R,60598,PAY,+,US,2024-08-20,AFETR,,93.85,53.16,464,462,,,EA,ORB
STARLINK-32165,2024-150S,60599,PAY,+,US,2024-08-20,AFETR,,93.85,53.16,464,462,,,EA,ORB
STARLINK-31923,2024-150T,60600,PAY,+,US,2024-08-20,AFETR,,93.85,53.16,463,462,,,EA,ORB
STARLINK-31988,2024-150U,60601,PAY,+,US,2024-08-20,AFETR,,93.85,53.16,464,462,,,EA,ORB
STARLINK-31983,2024-150V,60602,PAY,+,US,2024-08-20,AFETR,,93.85,53.16,464,462,,,EA,ORB
STARLINK-31874,2024-150W,60603,PAY,+,US,2024-08-20,AFETR,,93.85,53.16,464,462,,,EA,ORB
STARLINK-32039,2024-150X,60604,PAY,+,US,2024-08-20,AFETR,,93.85,53.16,464,462,,,EA,ORB
STARLINK-11247 [DTC],2024-152A,60720,PAY,+,US,2024-08-28,AFETR,,91.74,53.16,361,359,,,EA,ORB
STARLINK-11259 [DTC],2024-152B,60721,PAY,+,US,2024-08-28,AFETR,,91.74,53.16,360,359,,,EA,ORB
STARLINK-11188 [DTC],2024-152C,60722,PAY,+,US,2024-08-28,AFETR,,91.73,53.16,360,359,,,EA,ORB
STARLINK-11272 [DTC],2024-152D,60723,PAY,+,US,2024-08-28,AFETR,,91.74,53.16,361,358,,,EA,ORB
STARLINK-11261 [DTC],2024-152E,60724,PAY,+,US,2024-08-28,AFETR,,91.74,53.16,360,359,,,EA,ORB
STARLINK-11263 [DTC],2024-152F,60725,PAY,+,US,2024-08-28,AFETR,,91.74,53.16,360,359,,,EA,ORB
STARLINK-11235 [DTC],2024-152G,60726,PAY,+,US,2024-08-28,AFETR,,91.74,53.16,360,359,,,EA,ORB
STARLINK-11080 [DTC],2024-152H,60727,PAY,+,US,2024-08-28,AFETR,,91.74,53.16,360,359,,,EA,ORB
STARLINK-11249 [DTC],2024-152J,60728,PAY,+,US,2024-08-28,AFETR,,91.74,53.16,361,359,,,EA,ORB
STARLINK-11146 [DTC],2024-152K,60729,PAY,+,US,2024-08-28,AFETR,,91.74,53.16,360,359,,,EA,ORB
STARLINK-11255 [DTC],2024-152L,60730,PAY,+,US,2024-08-28,AFETR,,91.74,53.16,360,359,,,EA,ORB
STARLINK-11254 [DTC],2024-152M,60731,PAY,+,US,2024-08-28,AFETR,,91.74,53.16,360,359,,,EA,ORB
STARLINK-11266 [DTC],2024-152N,60732,PAY,+,US,2024-08-28,AFETR,,91.74,53.16,361,359,,,EA,ORB
STARLINK-32253,2024-152P,60733,PAY,+,US,2024-08-28,AFETR,,93.85,53.16,464,462,,,EA,ORB
STARLINK-32179,2024-152Q,60734,PAY,+,US,2024-08-28,AFETR,,93.85,53.16,464,462,,,EA,ORB
STARLINK-32289,2024-152T,60737,PAY,+,US,2024-08-28,AFETR,,93.85,53.16,464,462,,,EA,ORB
STARLINK-32304,2024-152U,60738,PAY,+,US,2024-08-28,AFETR,,93.85,53.16,464,462,,,EA,ORB
STARLINK-32235,2024-152V,60739,PAY,+,US,2024-08-28,AFETR,,93.85,53.16,464,462,,,EA,ORB
STARLINK-32315,2024-152W,60740,PAY,+,US,2024-08-28,AFETR,,93.85,53.16,464,462,,,EA,ORB
STARLINK-11242 [DTC],2024-154A,60903,PAY,+,US,2024-08-31,AFETR,,91.74,53.16,360,359,,,EA,ORB
STARLINK-11256 [DTC],2024-154B,60904,PAY,+,US,2024-08-31,AFETR,,91.74,53.16,360,359,,,EA,ORB
STARLINK-11159 [DTC],2024-154C,60905,PAY,+,US,2024-08-31,AFETR,,91.74,53.16,360,359,,,EA,ORB
STARLINK-11264 [DTC],2024-154D,60906,PAY,+,US,2024-08-31,AFETR,,91.74,53.16,360,359,,,EA,ORB
STARLINK-11226 [DTC],2024-154E,60907,PAY,+,US,2024-08-31,AFETR,,91.74,53.16,361,359,,,EA,ORB
STARLINK-11229 [DTC],2024-154F,60908,PAY,+,US,2024-08-31,AFETR,,91.74,53.16,360,359,,,EA,ORB
STARLINK-11265 [DTC],2024-154G,60909,PAY,+,US,2024-08-31,AFETR,,91.74,53.16,361,359,,,EA,ORB
STARLINK-11250 [DTC],2024-154H,60910,PAY,+,US,2024-08-31,AFETR,,91.74,53.16,360,359,,,EA,ORB
STARLINK-11190 [DTC],2024-154J,60911,PAY,+,US,2024-08-31,AFETR,,91.73,53.16,360,359,,,EA,ORB
STARLINK-11225 [DTC],2024-154K,60912,PAY,+,US,2024-08-31,AFETR,,91.74,53.16,360,359,,,EA,ORB
STARLINK-11273 [DTC],2024-154L,60913,PAY,+,US,2024-08-31,AFETR,,91.74,53.16,360,359,,,EA,ORB
STARLINK-11271 [DTC],2024-154N,60915,PAY,+,US,2024-08-31,AFETR,,91.74,53.16,360,359,,,EA,ORB
STARLINK-32371,2024-154P,60916,PAY,+,US,2024-08-31,AFETR,,94.01,53.16,472,470,,,EA,ORB
STARLINK-32369,2024-154Q,60917,PAY,+,US,2024-08-31,AFETR,,94.01,53.16,472,470,,,EA,ORB
STARLINK-32317,2024-154R,60918,PAY,+,US,2024-08-31,AFETR,,93.85,53.16,464,462,,,EA,ORB
STARLINK-32367,2024-154S,60919,PAY,+,US,2024-08-31,AFETR,,93.85,53.16,464,462,,,EA,ORB
STARLINK-32345,2024-154T,60920,PAY,+,US,2024-08-31,AFETR,,93.85,53.16,463,462,,,EA,ORB
STARLINK-32356,2024-154U,60921,PAY,+,US,2024-08-31,AFETR,,94.01,53.16,472,470,,,EA,ORB
STARLINK-32274,2024-154V,60922,PAY,+,US,2024-08-31,AFETR,,93.85,53.16,464,462,,,EA,ORB
STARLINK-32373,2024-154W,60923,PAY,+,US,2024-08-31,AFETR,,93.85,53.16,464,462,,,EA,ORB
STARLINK-11239 [DTC],2024-155A,60924,PAY,+,US,2024-08-31,AFWTR,,91.74,53.16,360,359,,,EA,ORB
STARLINK-11245 [DTC],2024-155B,60925,PAY,+,US,2024-08-31,AFWTR,,91.74,53.16,360,359,,,EA,ORB
STARLINK-11244 [DTC],2024-155C,60926,PAY,+,US,2024-08-31,AFWTR,,91.74,53.16,361,359,,,EA,ORB
STARLINK-11243 [DTC],2024-155D,60927,PAY,+,US,2024-08-31,AFWTR,,91.74,53.16,360,359,,,EA,ORB
STARLINK-11238 [DTC],2024-155E,60928,PAY,+,US,2024-08-31,AFWTR,,91.74,53.16,361,359,,,EA,ORB
STARLINK-11240 [DTC],2024-155F,60929,PAY,+,US,2024-08-31,AFWTR,,91.73,53.16,360,359,,,EA,ORB
STARLINK-11251 [DTC],2024-155G,60930,PAY,+,US,2024-08-31,AFWTR,,91.74,53.16,360,359,,,EA,ORB
STARLINK-11204 [DTC],2024-155H,60931,PAY,+,US,2024-08-31,AFWTR,,91.74,53.16,360,359,,,EA,ORB
STARLINK-11246 [DTC],2024-155J,60932,PAY,+,US,2024-08-31,AFWTR,,91.74,53.16,360,359,,,EA,ORB
STARLINK-11207 [DTC],2024-155K,60933,PAY,+,US,2024-08-31,AFWTR,,91.74,53.16,360,359,,,EA,ORB
STARLINK-11237 [DTC],2024-155L,60934,PAY,+,US,2024-08-31,AFWTR,,91.74,53.16,360,359,,,EA,ORB
STARLINK-11253 [DTC],2024-155M,60935,PAY,+,US,2024-08-31,AFWTR,,91.74,53.16,360,359,,,EA,ORB
STARLINK-11241 [DTC],2024-155N,60936,PAY,+,US,2024-08-31,AFWTR,,91.74,53.16,361,359,,,EA,ORB
STARLINK-32259,2024-155P,60937,PAY,+,US,2024-08-31,AFWTR,,93.85,53.16,464,462,,,EA,ORB
STARLINK-32258,2024-155R,60939,PAY,+,US,2024-08-31,AFWTR,,93.85,53.16,464,462,,,EA,ORB
STARLINK-32251,2024-155S,60940,PAY,+,US,2024-08-31,AFWTR,,93.85,53.16,463,462,,,EA,ORB
STARLINK-32224,2024-155T,60941,PAY,+,US,2024-08-31,AFWTR,,93.85,53.16,464,462,,,EA,ORB
STARLINK-32184,2024-155U,60942,PAY,+,US,2024-08-31,AFWTR,,93.85,53.16,464,462,,,EA,ORB
STARLINK-32288,2024-155V,60943,PAY,+,US,2024-08-31,AFWTR,,93.85,53.16,464,462,,,EA,ORB
STARLINK-32276,2024-155W,60944,PAY,+,US,2024-08-31,AFWTR,,93.85,53.16,464,462,,,EA,ORB
STARLINK-11289 [DTC],2024-158B,60991,PAY,+,US,2024-09-05,AFETR,,91.74,53.16,360,359,,,EA,ORB
STARLINK-11282 [DTC],2024-158C,60992,PAY,+,US,2024-09-05,AFETR,,91.74,53.16,360,359,,,EA,ORB
STARLINK-11283 [DTC],2024-158D,60993,PAY,+,US,2024-09-05,AFETR,,91.74,53.16,360,359,,,EA,ORB
STARLINK-11267 [DTC],2024-158E,60994,PAY,+,US,2024-09-05,AFETR,,91.74,53.16,360,359,,,EA,ORB
STARLINK-11269 [DTC],2024-158F,60995,PAY,+,US,2024-09-05,AFETR,,91.74,53.16,360,359,,,EA,ORB
STARLINK-11281 [DTC],2024-158G,60996,PAY,+,US,2024-09-05,AFETR,,91.74,53.16,360,359,,,EA,ORB
STARLINK-11260 [DTC],2024-158H,60997,PAY,+,US,2024-09-05,AFETR,,91.74,53.16,361,359,,,EA,ORB
STARLINK-11287 [DTC],2024-158J,60998,PAY,+,US,2024-09-05,AFETR,,91.73,53.16,360,359,,,EA,ORB
STARLINK-11270 [DTC],2024-158K,60999,PAY,+,US,2024-09-05,AFETR,,91.73,53.16,360,359,,,EA,ORB
STARLINK-11290 [DTC],2024-158L,61000,PAY,+,US,2024-09-05,AFETR,,91.74,53.16,360,359,,,EA,ORB
STARLINK-11274 [DTC],2024-158M,61001,PAY,+,US,2024-09-05,AFETR,,91.74,53.16,360,359,,,EA,ORB
STARLINK-11288 [DTC],2024-158N,61002,PAY,+,US,2024-09-05,AFETR,,91.74,53.16,360,359,,,EA,ORB
STARLINK-32279,2024-158P,61003,PAY,+,US,2024-09-05,AFETR,,93.85,53.16,464,462,,,EA,ORB
STARLINK-32336,2024-158Q,61004,PAY,+,US,2024-09-05,AFETR,,93.85,53.16,464,462,,,EA,ORB
STARLINK-32284,2024-158R,61005,PAY,+,US,2024-09-05,AFETR,,93.85,53.16,464,462,,,EA,ORB
STARLINK-32282,2024-158S,61006,PAY,+,US,2024-09-05,AFETR,,93.85,53.16,463,462,,,EA,ORB
STARLINK-32360,2024-158T,61007,PAY,+,US,2024-09-05,AFETR,,93.85,53.16,464,462,,,EA,ORB
STARLINK-32340,2024-158U,61008,PAY,+,US,2024-09-05,AFETR,,93.85,53.16,464,462,,,EA,ORB
STARLINK-32347,2024-158W,61010,PAY,+,US,2024-09-05,AFETR,,93.85,53.16,464,462,,,EA,ORB
STARLINK-11286 [DTC],2024-164A,61050,PAY,+,US,2024-09-13,AFWTR,,91.74,53.16,361,359,,,EA,ORB
STARLINK-11252 [DTC],2024-164B,61051,PAY,+,US,2024-09-13,AFWTR,,91.74,53.16,361,359,,,EA,ORB
STARLINK-11230 [DTC],2024-164D,61053,PAY,+,US,2024-09-13,AFWTR,,91.74,53.16,360,359,,,EA,ORB
STARLINK-11294 [DTC],2024-164E,61054,PAY,+,US,2024-09-13,AFWTR,,91.74,53.16,360,359,,,EA,ORB
STARLINK-11268 [DTC],2024-164F,61055,PAY,+,US,2024-09-13,AFWTR,,91.74,53.16,361,359,,,EA,ORB
STARLINK-11156 [DTC],2024-164G,61056,PAY,P,US,2024-09-13,AFWTR,,91.74,53.16,360,359,,,EA,ORB
STARLINK-11231 [DTC],2024-164H,61057,PAY,+,US,2024-09-13,AFWTR,,91.74,53.16,361,359,,,EA,ORB
STARLINK-11299 [DTC],2024-164J,61058,PAY,+,US,2024-09-13,AFWTR,,91.74,53.16,361,359,,,EA,ORB
STARLINK-11154 [DTC],2024-164K,61059,PAY,+,US,2024-09-13,AFWTR,,91.74,53.16,360,359,,,EA,ORB
STARLINK-11297 [DTC],2024-164L,61060,PAY,+,US,2024-09-13,AFWTR,,91.74,53.16,360,359,,,EA,ORB
STARLINK-11233 [DTC],2024-164M,61061,PAY,+,US,2024-09-13,AFWTR,,91.74,53.16,360,359,,,EA,ORB
STARLINK-11236 [DTC],2024-164N,61062,PAY,+,US,2024-09-13,AFWTR,,91.74,53.16,360,359,,,EA,ORB
STARLINK-32350,2024-164P,61063,PAY,+,US,2024-09-13,AFWTR,,94.01,53.16,472,470,,,EA,ORB
STARLINK-32378,2024-164Q,61064,PAY,+,US,2024-09-13,AFWTR,,94.01,53.16,472,470,,,EA,ORB
STARLINK-32321,2024-164R,61065,PAY,+,US,2024-09-13,AFWTR,,93.85,53.16,464,462,,,EA,ORB
STARLINK-32381,2024-164S,61066,PAY,+,US,2024-09-13,AFWTR,,93.85,53.16,464,462,,,EA,ORB
STARLINK-32385,2024-164U,61068,PAY,+,US,2024-09-13,AFWTR,,94.01,53.16,472,470,,,EA,ORB
STARLINK-32380,2024-164V,61069,PAY,+,US,2024-09-13,AFWTR,,94.01,53.16,471,470,,,EA,ORB
STARLINK-32375,2024-164W,61070,PAY,+,US,2024-09-13,AFWTR,,93.85,53.16,463,462,,,EA,ORB
STARLINK-11209 [DTC],2024-171A,61200,PAY,+,US,2024-09-20,AFWTR,,91.74,53.16,360,359,,,EA,ORB
STARLINK-11257 [DTC],2024-171B,61201,PAY,+,US,2024-09-20,AFWTR,,91.74,53.16,360,359,,,EA,ORB
STARLINK-11309 [DTC],2024-171C,61202,PAY,+,US,2024-09-20,AFWTR,,91.74,53.16,361,359,,,EA,ORB
STARLINK-11292 [DTC],2024-171D,61203,PAY,+,US,2024-09-20,AFWTR,,91.74,53.16,360,359,,,EA,ORB
STARLINK-11302 [DTC],2024-171E,61204,PAY,+,US,2024-09-20,AFWTR,,91.74,53.16,361,359,,,EA,ORB
STARLINK-11277 [DTC],2024-171F,61205,PAY,+,US,2024-09-20,AFWTR,,91.74,53.16,360,359,,,EA,ORB
STARLINK-11279 [DTC],2024-171G,61206,PAY,+,US,2024-09-20,AFWTR,,91.74,53.16,360,359,,,EA,ORB
STARLINK-11091 [DTC],2024-171H,61207,PAY,+,US,2024-09-20,AFWTR,,91.74,53.16,360,359,,,EA,ORB
STARLINK-11291 [DTC],2024-171J,61208,PAY,+,US,2024-09-20,AFWTR,,91.74,53.16,360,359,,,EA,ORB
STARLINK-11304 [DTC],2024-171K,61209,PAY,+,US,2024-09-20,AFWTR,,91.74,53.16,360,359,,,EA,ORB
STARLINK-11307 [DTC],2024-171L,61210,PAY,+,US,2024-09-20,AFWTR,,91.74,53.16,361,359,,,EA,ORB
STARLINK-11298 [DTC],2024-171M,61211,PAY,+,US,2024-09-20,AFWTR,,91.74,53.16,360,359,,,EA,ORB
STARLINK-11310 [DTC],2024-171N,61212,PAY,+,US,2024-09-20,AFWTR,,91.74,53.16,361,359,,,EA,ORB
STARLINK-32386,2024-171P,61213,PAY,+,US,2024-09-20,AFWTR,,93.85,53.16,464,462,,,EA,ORB
STARLINK-32392,2024-171Q,61214,PAY,+,US,2024-09-20,AFWTR,,93.85,53.16,464,461,,,EA,ORB
STARLINK-32436,2024-171R,61215,PAY,+,US,2024-09-20,AFWTR,,93.85,53.16,464,462,,,EA,ORB
STARLINK-32425,2024-171S,61216,PAY,+,US,2024-09-20,AFWTR,,94.01,53.16,472,470,,,EA,ORB
STARLINK-32342,2024-171T,61217,PAY,+,US,2024-09-20,AFWTR,,94.01,53.16,472,470,,,EA,ORB
STARLINK-32423,2024-171U,61218,PAY,+,US,2024-09-20,AFWTR,,94.01,53.16,472,470,,,EA,ORB
STARLINK-32248,2024-171V,61219,PAY,+,US,2024-09-20,AFWTR,,94.01,53.16,472,469,,,EA,ORB
STARLINK-11300 [DTC],2024-175A,61243,PAY,+,US,2024-09-25,AFWTR,,91.74,53.16,360,359,,,EA,ORB
STARLINK-11276 [DTC],2024-175B,61244,PAY,+,US,2024-09-25,AFWTR,,91.74,53.16,360,359,,,EA,ORB
STARLINK-11280 [DTC],2024-175C,61245,PAY,+,US,2024-09-25,AFWTR,,91.74,53.16,361,359,,,EA,ORB
STARLINK-11308 [DTC],2024-175D,61246,PAY,+,US,2024-09-25,AFWTR,,91.74,53.16,361,359,,,EA,ORB
STARLINK-11305 [DTC],2024-175E,61247,PAY,+,US,2024-09-25,AFWTR,,91.74,53.16,361,359,,,EA,ORB
STARLINK-11317 [DTC],2024-175F,61248,PAY,+,US,2024-09-25,AFWTR,,91.74,53.16,361,359,,,EA,ORB
STARLINK-11293 [DTC],2024-175G,61249,PAY,+,US,2024-09-25,AFWTR,,91.74,53.16,360,359,,,EA,ORB
STARLINK-11319 [DTC],2024-175J,61251,PAY,+,US,2024-09-25,AFWTR,,91.74,53.16,361,359,,,EA,ORB
STARLINK-11318 [DTC],2024-175K,61252,PAY,+,US,2024-09-25,AFWTR,,91.74,53.16,360,359,,,EA,ORB
STARLINK-11311 [DTC],2024-175L,61253,PAY,+,US,2024-09-25,AFWTR,,91.74,53.16,360,359,,,EA,ORB
STARLINK-11306 [DTC],2024-175M,61254,PAY,+,US,2024-09-25,AFWTR,,91.74,53.16,361,359,,,EA,ORB
STARLINK-11313 [DTC],2024-175N,61255,PAY,+,US,2024-09-25,AFWTR,,91.74,53.16,360,359,,,EA,ORB
STARLINK-32431,2024-175P,61256,PAY,+,US,2024-09-25,AFWTR,,93.85,53.16,463,462,,,EA,ORB
STARLINK-32432,2024-175Q,61257,PAY,+,US,2024-09-25,AFWTR,,93.85,53.16,463,462,,,EA,ORB
STARLINK-32382,2024-175R,61258,PAY,+,US,2024-09-25,AFWTR,,93.85,53.16,463,462,,,EA,ORB
STARLINK-32435,2024-175S,61259,PAY,+,US,2024-09-25,AFWTR,,93.85,53.16,464,462,,,EA,ORB
STARLINK-32474,2024-175T,61260,PAY,+,US,2024-09-25,AFWTR,,93.85,53.16,464,462,,,EA,ORB
STARLINK-32447,2024-175U,61261,PAY,+,US,2024-09-25,AFWTR,,93.85,53.16,463,462,,,EA,ORB
STARLINK-32446,2024-175V,61262,PAY,+,US,2024-09-25,AFWTR,,93.85,53.16,463,462,,,EA,ORB
STARLINK-32174,2024-183A,61509,PAY,+,US,2024-10-15,AFETR,,93.85,53.16,464,462,,,EA,ORB
STARLINK-32139,2024-183B,61510,PAY,+,US,2024-10-15,AFETR,,94.01,53.16,472,470,,,EA,ORB
STARLINK-32140,2024-183C,61511,PAY,+,US,2024-10-15,AFETR,,94.01,53.16,472,470,,,EA,ORB
STARLINK-32201,2024-183D,61512,PAY,+,US,2024-10-15,AFETR,,93.85,53.16,463,462,,,EA,ORB
STARLINK-32030,2024-183E,61513,PAY,+,US,2024-10-15,AFETR,,93.85,53.16,464,462,,,EA,ORB
STARLINK-31837,2024-183F,61514,PAY,+,US,2024-10-15,AFETR,,93.85,53.16,464,462,,,EA,ORB
STARLINK-32136,2024-183G,61515,PAY,+,US,2024-10-15,AFETR,,94.01,53.16,472,470,,,EA,ORB
STARLINK-32047,2024-183H,61516,PAY,+,US,2024-10-15,AFETR,,94.01,53.16,472,470,,,EA,ORB
STARLINK-31756,2024-183J,61517,PAY,+,US,2024-10-15,AFETR,,93.85,53.16,463,462,,,EA,ORB
STARLINK-32172,2024-183K,61518,PAY,+,US,2024-10-15,AFETR,,94.01,53.16,472,470,,,EA,ORB
STARLINK-32338,2024-183L,61519,PAY,+,US,2024-10-15,AFETR,,93.85,53.16,464,462,,,EA,ORB
STARLINK-32306,2024-183M,61520,PAY,+,US,2024-10-15,AFETR,,94.01,53.16,472,469,,,EA,ORB
STARLINK-32297,2024-183N,61521,PAY,+,US,2024-10-15,AFETR,,93.85,53.16,463,462,,,EA,ORB
STARLINK-32260,2024-183P,61522,PAY,+,US,2024-10-15,AFETR,,93.46,53.16,448,440,,,EA,ORB
STARLINK-32305,2024-183Q,61523,PAY,+,US,2024-10-15,AFETR,,93.85,53.16,464,462,,,EA,ORB
STARLINK-32296,2024-183R,61524,PAY,+,US,2024-10-15,AFETR,,94.01,53.16,472,469,,,EA,ORB
STARLINK-32298,2024-183S,61525,PAY,+,US,2024-10-15,AFETR,,94.01,53.16,472,470,,,EA,ORB
STARLINK-32293,2024-183T,61526,PAY,+,US,2024-10-15,AFETR,,93.85,53.16,464,462,,,EA,ORB
STARLINK-32313,2024-183U,61527,PAY,+,US,2024-10-15,AFETR,,93.85,53.16,464,462,,,EA,ORB
STARLINK-32319,2024-183V,61528,PAY,+,US,2024-10-15,AFETR,,94.01,53.16,471,470,,,EA,ORB
STARLINK-32351,2024-183W,61529,PAY,+,US,2024-10-15,AFETR,,93.85,53.16,464,462,,,EA,ORB
STARLINK-32261,2024-183X,61530,PAY,+,US,2024-10-15,AFETR,,94.01,53.16,472,470,,,EA,ORB
STARLINK-32358,2024-183Y,61531,PAY,+,US,2024-10-15,AFETR,,93.85,53.16,464,462,,,EA,ORB
STARLINK-11354 [DTC],2024-184A,61532,PAY,+,US,2024-10-15,AFWTR,,91.74,53.16,361,359,,,EA,ORB
STARLINK-11323 [DTC],2024-184B,61533,PAY,+,US,2024-10-15,AFWTR,,91.74,53.16,360,359,,,EA,ORB
STARLINK-11338 [DTC],2024-184C,61534,PAY,+,US,2024-10-15,AFWTR,,91.74,53.16,360,359,,,EA,ORB
STARLINK-11362 [DTC],2024-184D,61535,PAY,+,US,2024-10-15,AFWTR,,91.74,53.16,360,359,,,EA,ORB
STARLINK-11295 [DTC],2024-184E,61536,PAY,+,US,2024-10-15,AFWTR,,91.74,53.16,360,359,,,EA,ORB
STARLINK-11325 [DTC],2024-184G,61538,PAY,+,US,2024-10-15,AFWTR,,91.74,53.16,360,359,,,EA,ORB
STARLINK-11332 [DTC],2024-184H,61539,PAY,+,US,2024-10-15,AFWTR,,91.74,53.16,360,359,,,EA,ORB
STARLINK-11350 [DTC],2024-184J,61540,PAY,+,US,2024-10-15,AFWTR,,91.74,53.16,361,359,,,EA,ORB
STARLINK-11357 [DTC],2024-184K,61541,PAY,+,US,2024-10-15,AFWTR,,91.74,53.16,360,359,,,EA,ORB
STARLINK-11322 [DTC],2024-184L,61542,PAY,+,US,2024-10-15,AFWTR,,91.74,53.16,360,359,,,EA,ORB
STARLINK-11364 [DTC],2024-184M,61543,PAY,+,US,2024-10-15,AFWTR,,91.74,53.16,360,359,,,EA,ORB
STARLINK-11349 [DTC],2024-184N,61544,PAY,+,US,2024-10-15,AFWTR,,91.74,53.16,360,359,,,EA,ORB
STARLINK-32406,2024-184P,61545,PAY,+,US,2024-10-15,AFWTR,,93.85,53.16,464,462,,,EA,ORB
STARLINK-32445,2024-184Q,61546,PAY,+,US,2024-10-15,AFWTR,,93.68,53.16,456,453,,,EA,ORB
STARLINK-32411,2024-184R,61547,PAY,+,US,2024-10-15,AFWTR,,93.85,53.16,464,462,,,EA,ORB
STARLINK-32424,2024-184S,61548,PAY,+,US,2024-10-15,AFWTR,,93.85,53.16,464,462,,,EA,ORB
STARLINK-32389,2024-184T,61549,PAY,+,US,2024-10-15,AFWTR,,93.85,53.16,464,462,,,EA,ORB
STARLINK-32476,2024-184U,61550,PAY,+,US,2024-10-15,AFWTR,,93.85,53.16,464,462,,,EA,ORB
STARLINK-32366,2024-184V,61551,PAY,+,US,2024-10-15,AFWTR,,93.85,53.16,464,462,,,EA,ORB
STARLINK-11356 [DTC],2024-187A,61574,PAY,+,US,2024-10-18,AFETR,,91.74,53.16,361,359,,,EA,ORB
STARLINK-11376 [DTC],2024-187B,61575,PAY,+,US,2024-10-18,AFETR,,91.74,53.16,360,359,,,EA,ORB
STARLINK-11372 [DTC],2024-187C,61576,PAY,+,US,2024-10-18,AFETR,,91.74,53.16,360,359,,,EA,ORB
STARLINK-11375 [DTC],2024-187D,61577,PAY,+,US,2024-10-18,AFETR,,91.74,53.16,360,359,,,EA,ORB
STARLINK-11285 [DTC],2024-187E,61578,PAY,+,US,2024-10-18,AFETR,,91.73,53.16,360,359,,,EA,ORB
STARLINK-11275 [DTC],2024-187F,61579,PAY,+,US,2024-10-18,AFETR,,91.74,53.16,361,359,,,EA,ORB
STARLINK-11342 [DTC],2024-187G,61580,PAY,+,US,2024-10-18,AFETR,,91.74,53.16,360,359,,,EA,ORB
STARLINK-11374 [DTC],2024-187H,61581,PAY,+,US,2024-10-18,AFETR,,91.74,53.16,360,359,,,EA,ORB
STARLINK-11373 [DTC],2024-187J,61582,PAY,+,US,2024-10-18,AFETR,,91.74,53.16,360,359,,,EA,ORB
STARLINK-11368 [DTC],2024-187K,61583,PAY,+,US,2024-10-18,AFETR,,91.74,53.16,360,359,,,EA,ORB
STARLINK-11370 [DTC],2024-187L,61584,PAY,+,US,2024-10-18,AFETR,,91.74,53.16,360,359,,,EA,ORB
STARLINK-11361 [DTC],2024-187M,61585,PAY,+,US,2024-10-18,AFETR,,91.74,53.16,360,359,,,EA,ORB
STARLINK-11360 [DTC],2024-187N,61586,PAY,+,US,2024-10-18,AFETR,,91.74,53.16,360,359,,,EA,ORB
STARLINK-32353,2024-187P,61587,PAY,+,US,2024-10-18,AFETR,,93.85,53.16,464,462,,,EA,ORB
STARLINK-32325,2024-187Q,61588,PAY,+,US,2024-10-18,AFETR,,93.85,53.16,464,462,,,EA,ORB
STARLINK-32416,2024-187R,61589,PAY,+,US,2024-10-18,AFETR,,93.85,53.16,464,462,,,EA,ORB
STARLINK-32413,2024-187S,61590,PAY,+,US,2024-10-18,AFETR,,93.85,53.16,463,462,,,EA,ORB
STARLINK-32409,2024-187T,61591,PAY,+,US,2024-10-18,AFETR,,93.85,53.16,464,462,,,EA,ORB
STARLINK-32422,2024-187U,61592,PAY,+,US,2024-10-18,AFETR,,93.85,53.16,464,462,,,EA,ORB
STARLINK-32397,2024-187V,61593,PAY,+,US,2024-10-18,AFETR,,93.85,53.16,464,462,,,EA,ORB
STARLINK-32302,2024-191A,61621,PAY,+,US,2024-10-23,AFETR,,94.27,43.00,484,483,,,EA,ORB
STARLINK-32364,2024-191B,61622,PAY,+,US,2024-10-23,AFETR,,94.27,43.00,484,482,,,EA,ORB
STARLINK-32331,2024-191C,61623,PAY,+,US,2024-10-23,AFETR,,94.27,43.00,484,482,,,EA,ORB
STARLINK-32398,2024-191D,61624,PAY,+,US,2024-10-23,AFETR,,94.27,43.00,484,482,,,EA,ORB
STARLINK-32365,2024-191E,61625,PAY,+,US,2024-10-23,AFETR,,94.27,43.00,484,482,,,EA,ORB
STARLINK-32333,2024-191F,61626,PAY,+,US,2024-10-23,AFETR,,94.27,43.00,484,482,,,EA,ORB
STARLINK-32399,2024-191G,61627,PAY,+,US,2024-10-23,AFETR,,94.27,43.00,484,482,,,EA,ORB
STARLINK-32421,2024-191H,61628,PAY,+,US,2024-10-23,AFETR,,94.27,43.00,484,482,,,EA,ORB
STARLINK-32403,2024-191J,61629,PAY,+,US,2024-10-23,AFETR,,94.27,43.00,484,482,,,EA,ORB
STARLINK-32390,2024-191K,61630,PAY,+,US,2024-10-23,AFETR,,94.27,43.00,484,482,,,EA,ORB
STARLINK-32348,2024-191L,61631,PAY,+,US,2024-10-23,AFETR,,94.27,43.00,484,483,,,EA,ORB
STARLINK-32455,2024-191M,61632,PAY,+,US,2024-10-23,AFETR,,94.27,43.00,484,482,,,EA,ORB
STARLINK-32396,2024-191N,61633,PAY,+,US,2024-10-23,AFETR,,94.27,43.00,484,483,,,EA,ORB
STARLINK-32355,2024-191P,61634,PAY,+,US,2024-10-23,AFETR,,94.27,43.00,484,482,,,EA,ORB
STARLINK-32370,2024-191Q,61635,PAY,+,US,2024-10-23,AFETR,,94.27,43.01,484,482,,,EA,ORB
STARLINK-32405,2024-191R,61636,PAY,+,US,2024-10-23,AFETR,,94.27,43.00,484,482,,,EA,ORB
STARLINK-32419,2024-191S,61637,PAY,+,US,2024-10-23,AFETR,,94.27,43.00,483,483,,,EA,ORB
STARLINK-32320,2024-191T,61638,PAY,+,US,2024-10-23,AFETR,,94.27,43.00,484,482,,,EA,ORB
STARLINK-32341,2024-191U,61639,PAY,+,US,2024-10-23,AFETR,,94.27,43.00,484,482,,,EA,ORB
STARLINK-32339,2024-191V,61640,PAY,+,US,2024-10-23,AFETR,,94.27,43.01,484,482,,,EA,ORB
STARLINK-32327,2024-191W,61641,PAY,+,US,2024-10-23,AFETR,,94.27,43.00,484,482,,,EA,ORB
STARLINK-32264,2024-191X,61642,PAY,P,US,2024-10-23,AFETR,,91.30,42.99,358,319,,,EA,ORB
STARLINK-32337,2024-191Y,61643,PAY,+,US,2024-10-23,AFETR,,94.27,43.00,485,482,,,EA,ORB
STARLINK-32238,2024-193A,61661,PAY,+,US,2024-10-26,AFETR,,93.85,53.16,464,462,,,EA,ORB
STARLINK-32310,2024-193B,61662,PAY,+,US,2024-10-26,AFETR,,94.01,53.16,472,470,,,EA,ORB
STARLINK-32308,2024-193C,61663,PAY,+,US,2024-10-26,AFETR,,93.85,53.16,464,462,,,EA,ORB
STARLINK-32301,2024-193D,61664,PAY,+,US,2024-10-26,AFETR,,94.01,53.16,472,470,,,EA,ORB
STARLINK-32439,2024-193E,61665,PAY,+,US,2024-10-26,AFETR,,93.85,53.16,464,462,,,EA,ORB
STARLINK-32428,2024-193F,61666,PAY,+,US,2024-10-26,AFETR,,94.01,53.16,471,470,,,EA,ORB
STARLINK-32414,2024-193G,61667,PAY,+,US,2024-10-26,AFETR,,93.85,53.16,464,462,,,EA,ORB
STARLINK-32441,2024-193H,61668,PAY,+,US,2024-10-26,AFETR,,93.85,53.16,464,462,,,EA,ORB
STARLINK-32400,2024-193J,61669,PAY,+,US,2024-10-26,AFETR,,93.85,53.16,463,462,,,EA,ORB
STARLINK-32449,2024-193K,61670,PAY,+,US,2024-10-26,AFETR,,94.01,53.16,472,470,,,EA,ORB
STARLINK-32453,2024-193L,61671,PAY,+,US,2024-10-26,AFETR,,94.01,53.16,472,470,,,EA,ORB
STARLINK-32443,2024-193M,61672,PAY,+,US,2024-10-26,AFETR,,94.01,53.16,472,470,,,EA,ORB
STARLINK-32417,2024-193N,61673,PAY,+,US,2024-10-26,AFETR,,94.01,53.16,472,470,,,EA,ORB
STARLINK-32326,2024-193P,61674,PAY,+,US,2024-10-26,AFETR,,94.01,53.16,472,470,,,EA,ORB
STARLINK-32294,2024-193Q,61675,PAY,+,US,2024-10-26,AFETR,,94.01,53.16,472,470,,,EA,ORB
STARLINK-32309,2024-193R,61676,PAY,+,US,2024-10-26,AFETR,,93.85,53.16,463,462,,,EA,ORB
STARLINK-32323,2024-193S,61677,PAY,+,US,2024-10-26,AFETR,,93.85,53.16,464,462,,,EA,ORB
STARLINK-32363,2024-193T,61678,PAY,+,US,2024-10-26,AFETR,,93.85,53.16,464,462,,,EA,ORB
STARLINK-32395,2024-193U,61679,PAY,+,US,2024-10-26,AFETR,,93.85,53.16,464,462,,,EA,ORB
STARLINK-32412,2024-193V,61680,PAY,+,US,2024-10-26,AFETR,,94.01,53.16,472,470,,,EA,ORB
STARLINK-32426,2024-193W,61681,PAY,+,US,2024-10-26,AFETR,,93.85,53.16,463,462,,,EA,ORB
STARLINK-32429,2024-193X,61682,PAY,+,US,2024-10-26,AFETR,,94.01,53.16,472,470,,,EA,ORB
STARLINK-11335 [DTC],2024-195A,61687,PAY,+,US,2024-10-30,AFWTR,,91.74,53.16,360,359,,,EA,ORB
STARLINK-11344 [DTC],2024-195B,61688,PAY,+,US,2024-10-30,AFWTR,,91.74,53.16,360,359,,,EA,ORB
STARLINK-11312 [DTC],2024-195C,61689,PAY,+,US,2024-10-30,AFWTR,,91.74,53.16,360,359,,,EA,ORB
STARLINK-11340 [DTC],2024-195D,61690,PAY,+,US,2024-10-30,AFWTR,,91.74,53.16,361,359,,,EA,ORB
STARLINK-11339 [DTC],2024-195E,61691,PAY,+,US,2024-10-30,AFWTR,,91.74,53.16,361,359,,,EA,ORB
STARLINK-11315 [DTC],2024-195F,61692,PAY,+,US,2024-10-30,AFWTR,,91.74,53.16,361,359,,,EA,ORB
STARLINK-11366 [DTC],2024-195G,61693,PAY,+,US,2024-10-30,AFWTR,,91.74,53.16,361,359,,,EA,ORB
STARLINK-11348 [DTC],2024-195H,61694,PAY,+,US,2024-10-30,AFWTR,,91.74,53.16,361,359,,,EA,ORB
STARLINK-11327 [DTC],2024-195J,61695,PAY,+,US,2024-10-30,AFWTR,,91.74,53.16,360,359,,,EA,ORB
STARLINK-11341 [DTC],2024-195K,61696,PAY,+,US,2024-10-30,AFWTR,,91.74,53.16,361,359,,,EA,ORB
STARLINK-11346 [DTC],2024-195L,61697,PAY,+,US,2024-10-30,AFWTR,,91.74,53.16,361,359,,,EA,ORB
STARLINK-11296 [DTC],2024-195N,61699,PAY,+,US,2024-10-30,AFWTR,,91.74,53.16,361,359,,,EA,ORB
STARLINK-32349,2024-195P,61700,PAY,+,US,2024-10-30,AFWTR,,93.85,53.16,464,462,,,EA,ORB
STARLINK-32461,2024-195Q,61701,PAY,+,US,2024-10-30,AFWTR,,93.85,53.16,464,462,,,EA,ORB
STARLINK-32299,2024-195R,61702,PAY,+,US,2024-10-30,AFWTR,,93.85,53.16,464,462,,,EA,ORB
STARLINK-32387,2024-195T,61704,PAY,+,US,2024-10-30,AFWTR,,93.85,53.16,463,462,,,EA,ORB
STARLINK-32515,2024-195U,61705,PAY,+,US,2024-10-30,AFWTR,,93.85,53.16,464,462,,,EA,ORB
STARLINK-32533,2024-195V,61706,PAY,+,US,2024-10-30,AFWTR,,93.85,53.16,464,462,,,EA,ORB
STARLINK-32376,2024-196A,61707,PAY,+,US,2024-10-30,AFETR,,93.85,53.16,464,462,,,EA,ORB
STARLINK-32402,2024-196B,61708,PAY,+,US,2024-10-30,AFETR,,93.85,53.16,464,462,,,EA,ORB
STARLINK-32314,2024-196C,61709,PAY,+,US,2024-10-30,AFETR,,93.85,53.16,464,462,,,EA,ORB
STARLINK-32404,2024-196D,61710,PAY,+,US,2024-10-30,AFETR,,93.85,53.16,463,462,,,EA,ORB
STARLINK-32312,2024-196E,61711,PAY,+,US,2024-10-30,AFETR,,93.85,53.16,464,462,,,EA,ORB
STARLINK-32343,2024-196F,61712,PAY,+,US,2024-10-30,AFETR,,93.85,53.16,463,462,,,EA,ORB
STARLINK-32467,2024-196G,61713,PAY,+,US,2024-10-30,AFETR,,93.85,53.16,464,462,,,EA,ORB
STARLINK-32440,2024-196H,61714,PAY,+,US,2024-10-30,AFETR,,93.85,53.16,463,462,,,EA,ORB
STARLINK-32459,2024-196J,61715,PAY,+,US,2024-10-30,AFETR,,93.85,53.16,464,462,,,EA,ORB
STARLINK-32465,2024-196K,61716,PAY,+,US,2024-10-30,AFETR,,93.85,53.16,464,462,,,EA,ORB
STARLINK-32457,2024-196L,61717,PAY,+,US,2024-10-30,AFETR,,93.85,53.16,463,462,,,EA,ORB
STARLINK-32591,2024-196M,61718,PAY,+,US,2024-10-30,AFETR,,93.85,53.16,463,462,,,EA,ORB
STARLINK-32344,2024-196N,61719,PAY,+,US,2024-10-30,AFETR,,93.85,53.16,464,462,,,EA,ORB
STARLINK-32322,2024-196P,61720,PAY,+,US,2024-10-30,AFETR,,93.85,53.16,464,462,,,EA,ORB
STARLINK-32469,2024-196Q,61721,PAY,+,US,2024-10-30,AFETR,,93.85,53.16,464,462,,,EA,ORB
STARLINK-32438,2024-196R,61722,PAY,+,US,2024-10-30,AFETR,,93.85,53.16,463,462,,,EA,ORB
STARLINK-32540,2024-196S,61723,PAY,+,US,2024-10-30,AFETR,,93.85,53.16,464,462,,,EA,ORB
STARLINK-32528,2024-196T,61724,PAY,+,US,2024-10-30,AFETR,,93.85,53.16,464,462,,,EA,ORB
STARLINK-32573,2024-196U,61725,PAY,+,US,2024-10-30,AFETR,,93.85,53.16,464,462,,,EA,ORB
STARLINK-32478,2024-196V,61726,PAY,+,US,2024-10-30,AFETR,,93.85,53.16,464,462,,,EA,ORB
STARLINK-32511,2024-196W,61727,PAY,+,US,2024-10-30,AFETR,,93.85,53.16,463,462,,,EA,ORB
STARLINK-32475,2024-196X,61728,PAY,+,US,2024-10-30,AFETR,,93.85,53.16,464,462,,,EA,ORB
STARLINK-32442,2024-196Y,61729,PAY,+,US,2024-10-30,AFETR,,93.85,53.16,464,462,,,EA,ORB
STARLINK-32362,2024-202A,61845,PAY,+,US,2024-11-07,AFETR,,94.27,43.00,484,482,,,EA,ORB
STARLINK-32472,2024-202B,61846,PAY,+,US,2024-11-07,AFETR,,94.27,43.00,484,482,,,EA,ORB
STARLINK-32352,2024-202C,61847,PAY,+,US,2024-11-07,AFETR,,94.27,43.00,484,482,,,EA,ORB
STARLINK-32427,2024-202D,61848,PAY,+,US,2024-11-07,AFETR,,94.27,43.00,484,482,,,EA,ORB
STARLINK-32346,2024-202E,61849,PAY,+,US,2024-11-07,AFETR,,94.27,43.00,484,482,,,EA,ORB
STARLINK-32330,2024-202F,61850,PAY,+,US,2024-11-07,AFETR,,94.27,43.00,484,482,,,EA,ORB
STARLINK-32379,2024-202G,61851,PAY,+,US,2024-11-07,AFETR,,94.27,43.00,484,482,,,EA,ORB
STARLINK-32433,2024-202H,61852,PAY,+,US,2024-11-07,AFETR,,94.27,43.00,484,482,,,EA,ORB
STARLINK-32394,2024-202J,61853,PAY,+,US,2024-11-07,AFETR,,94.27,43.00,484,482,,,EA,ORB
STARLINK-32486,2024-202K,61854,PAY,+,US,2024-11-07,AFETR,,94.27,43.00,484,482,,,EA,ORB
STARLINK-32391,2024-202L,61855,PAY,+,US,2024-11-07,AFETR,,94.27,43.00,484,482,,,EA,ORB
STARLINK-32483,2024-202M,61856,PAY,+,US,2024-11-07,AFETR,,94.27,43.00,484,482,,,EA,ORB
STARLINK-32451,2024-202N,61857,PAY,+,US,2024-11-07,AFETR,,94.27,43.00,484,482,,,EA,ORB
STARLINK-32556,2024-202P,61858,PAY,+,US,2024-11-07,AFETR,,94.27,43.00,484,482,,,EA,ORB
STARLINK-32466,2024-202Q,61859,PAY,+,US,2024-11-07,AFETR,,94.27,43.00,484,482,,,EA,ORB
STARLINK-32316,2024-202R,61860,PAY,+,US,2024-11-07,AFETR,,94.27,43.00,484,482,,,EA,ORB
STARLINK-32415,2024-202S,61861,PAY,+,US,2024-11-07,AFETR,,94.27,43.00,484,482,,,EA,ORB
STARLINK-32393,2024-202T,61862,PAY,+,US,2024-11-07,AFETR,,94.27,43.00,484,482,,,EA,ORB
STARLINK-32324,2024-202U,61863,PAY,+,US,2024-11-07,AFETR,,94.27,43.00,484,482,,,EA,ORB
STARLINK-32318,2024-202V,61864,PAY,+,US,2024-11-07,AFETR,,94.27,43.00,484,482,,,EA,ORB
STARLINK-32401,2024-202W,61865,PAY,+,US,2024-11-07,AFETR,,94.27,43.00,484,482,,,EA,ORB
STARLINK-32588,2024-202X,61866,PAY,+,US,2024-11-07,AFETR,,94.27,43.00,484,482,,,EA,ORB
STARLINK-32569,2024-202Y,61867,PAY,+,US,2024-11-07,AFETR,,94.27,43.00,484,482,,,EA,ORB
STARLINK-11402 [DTC],2024-204A,61874,PAY,+,US,2024-11-09,AFWTR,,91.74,53.16,360,359,,,EA,ORB
STARLINK-11316 [DTC],2024-204B,61875,PAY,+,US,2024-11-09,AFWTR,,91.74,53.16,360,359,,,EA,ORB
STARLINK-11321 [DTC],2024-204D,61877,PAY,+,US,2024-11-09,AFWTR,,91.74,53.16,361,359,,,EA,ORB
STARLINK-11314 [DTC],2024-204E,61878,PAY,+,US,2024-11-09,AFWTR,,91.74,53.16,360,359,,,EA,ORB
STARLINK-11324 [DTC],2024-204F,61879,PAY,+,US,2024-11-09,AFWTR,,91.74,53.16,361,359,,,EA,ORB
STARLINK-11328 [DTC],2024-204G,61880,PAY,+,US,2024-11-09,AFWTR,,91.74,53.16,360,359,,,EA,ORB
STARLINK-11329 [DTC],2024-204H,61881,PAY,+,US,2024-11-09,AFWTR,,91.74,53.16,361,359,,,EA,ORB
STARLINK-11398 [DTC],2024-204J,61882,PAY,+,US,2024-11-09,AFWTR,,91.74,53.16,360,359,,,EA,ORB
STARLINK-11383 [DTC],2024-204K,61883,PAY,+,US,2024-11-09,AFWTR,,91.74,53.16,360,359,,,EA,ORB
STARLINK-11359 [DTC],2024-204L,61884,PAY,+,US,2024-11-09,AFWTR,,91.74,53.16,360,359,,,EA,ORB
STARLINK-11301 [DTC],2024-204M,61885,PAY,+,US,2024-11-09,AFWTR,,91.74,53.16,361,359,,,EA,ORB
STARLINK-11351 [DTC],2024-204N,61886,PAY,+,US,2024-11-09,AFWTR,,91.74,53.16,360,359,,,EA,ORB
STARLINK-32410,2024-204P,61887,PAY,+,US,2024-11-09,AFWTR,,93.85,53.16,464,461,,,EA,ORB
STARLINK-32377,2024-204Q,61888,PAY,+,US,2024-11-09,AFWTR,,93.85,53.16,464,462,,,EA,ORB
STARLINK-32292,2024-204R,61889,PAY,+,US,2024-11-09,AFWTR,,93.85,53.16,464,462,,,EA,ORB
STARLINK-32501,2024-204S,61890,PAY,+,US,2024-11-09,AFWTR,,93.85,53.16,464,462,,,EA,ORB
STARLINK-32383,2024-204T,61891,PAY,+,US,2024-11-09,AFWTR,,93.85,53.16,464,462,,,EA,ORB
STARLINK-32239,2024-204U,61892,PAY,+,US,2024-11-09,AFWTR,,93.85,53.16,464,462,,,EA,ORB
STARLINK-32489,2024-204V,61893,PAY,+,US,2024-11-09,AFWTR,,93.85,53.16,464,462,,,EA,ORB
STARLINK-32303,2024-207A,61912,PAY,+,US,2024-11-11,AFETR,,94.27,43.00,484,482,,,EA,ORB
STARLINK-32434,2024-207B,61913,PAY,+,US,2024-11-11,AFETR,,94.27,43.00,484,482,,,EA,ORB
STARLINK-32460,2024-207C,61914,PAY,+,US,2024-11-11,AFETR,,94.27,43.00,485,481,,,EA,ORB
STARLINK-32541,2024-207E,61916,PAY,+,US,2024-11-11,AFETR,,94.27,43.00,484,482,,,EA,ORB
STARLINK-32544,2024-207F,61917,PAY,+,US,2024-11-11,AFETR,,94.27,43.00,484,482,,,EA,ORB
STARLINK-32555,2024-207G,61918,PAY,+,US,2024-11-11,AFETR,,94.27,43.00,485,481,,,EA,ORB
STARLINK-32547,2024-207H,61919,PAY,+,US,2024-11-11,AFETR,,94.27,43.00,485,481,,,EA,ORB
STARLINK-32616,2024-207J,61920,PAY,+,US,2024-11-11,AFETR,,94.27,43.00,484,482,,,EA,ORB
STARLINK-32605,2024-207K,61921,PAY,+,US,2024-11-11,AFETR,,94.27,43.00,484,482,,,EA,ORB
STARLINK-32579,2024-207L,61922,PAY,+,US,2024-11-11,AFETR,,94.27,43.00,484,482,,,EA,ORB
STARLINK-32537,2024-207M,61923,PAY,+,US,2024-11-11,AFETR,,94.27,43.00,484,482,,,EA,ORB
STARLINK-32564,2024-207N,61924,PAY,+,US,2024-11-11,AFETR,,94.27,43.00,485,481,,,EA,ORB
STARLINK-32536,2024-207P,61925,PAY,+,US,2024-11-11,AFETR,,94.27,43.00,484,482,,,EA,ORB
STARLINK-32624,2024-207Q,61926,PAY,+,US,2024-11-11,AFETR,,94.27,43.00,484,482,,,EA,ORB
STARLINK-32622,2024-207R,61927,PAY,+,US,2024-11-11,AFETR,,94.27,43.00,484,482,,,EA,ORB
STARLINK-32620,2024-207S,61928,PAY,+,US,2024-11-11,AFETR,,94.27,43.00,484,482,,,EA,ORB
STARLINK-32609,2024-207T,61929,PAY,+,US,2024-11-11,AFETR,,94.27,43.00,484,482,,,EA,ORB
STARLINK-32567,2024-207U,61930,PAY,+,US,2024-11-11,AFETR,,94.27,43.00,484,482,,,EA,ORB
STARLINK-32420,2024-207V,61931,PAY,+,US,2024-11-11,AFETR,,94.27,43.00,484,482,,,EA,ORB
STARLINK-32354,2024-207W,61932,PAY,+,US,2024-11-11,AFETR,,94.27,43.00,484,482,,,EA,ORB
STARLINK-32361,2024-207X,61933,PAY,+,US,2024-11-11,AFETR,,94.27,43.00,484,482,,,EA,ORB
STARLINK-32500,2024-207Z,61935,PAY,+,US,2024-11-11,AFETR,,94.27,43.00,484,482,,,EA,ORB
STARLINK-11407 [DTC],2024-209A,61939,PAY,+,US,2024-11-14,AFWTR,,91.73,53.16,361,358,,,EA,ORB
STARLINK-11337 [DTC],2024-209B,61940,PAY,+,US,2024-11-14,AFWTR,,91.73,53.16,360,359,,,EA,ORB
STARLINK-11353 [DTC],2024-209C,61941,PAY,+,US,2024-11-14,AFWTR,,91.73,53.16,360,359,,,EA,ORB
STARLINK-11320 [DTC],2024-209D,61942,PAY,+,US,2024-11-14,AFWTR,,91.73,53.16,360,359,,,EA,ORB
STARLINK-11425 [DTC],2024-209E,61943,PAY,+,US,2024-11-14,AFWTR,,91.74,53.16,361,359,,,EA,ORB
STARLINK-11422 [DTC],2024-209F,61944,PAY,+,US,2024-11-14,AFWTR,,91.73,53.16,361,358,,,EA,ORB
STARLINK-11421 [DTC],2024-209G,61945,PAY,+,US,2024-11-14,AFWTR,,91.74,53.16,361,359,,,EA,ORB
STARLINK-11410 [DTC],2024-209H,61946,PAY,+,US,2024-11-14,AFWTR,,91.74,53.16,361,359,,,EA,ORB
STARLINK-11390 [DTC],2024-209J,61947,PAY,+,US,2024-11-14,AFWTR,,91.73,53.16,361,358,,,EA,ORB
STARLINK-11414 [DTC],2024-209K,61948,PAY,+,US,2024-11-14,AFWTR,,91.73,53.16,361,359,,,EA,ORB
STARLINK-11424 [DTC],2024-209L,61949,PAY,+,US,2024-11-14,AFWTR,,91.74,53.16,360,359,,,EA,ORB
STARLINK-11423 [DTC],2024-209M,61950,PAY,+,US,2024-11-14,AFWTR,,91.73,53.16,361,359,,,EA,ORB
STARLINK-11395 [DTC],2024-209N,61951,PAY,+,US,2024-11-14,AFWTR,,91.73,53.16,360,359,,,EA,ORB
STARLINK-32572,2024-209P,61952,PAY,+,US,2024-11-14,AFWTR,,93.85,53.16,464,462,,,EA,ORB
STARLINK-32585,2024-209Q,61953,PAY,+,US,2024-11-14,AFWTR,,93.85,53.16,464,462,,,EA,ORB
STARLINK-32574,2024-209R,61954,PAY,+,US,2024-11-14,AFWTR,,93.85,53.16,464,462,,,EA,ORB
STARLINK-32583,2024-209S,61955,PAY,+,US,2024-11-14,AFWTR,,93.85,53.16,463,462,,,EA,ORB
STARLINK-32273,2024-209T,61956,PAY,+,US,2024-11-14,AFWTR,,93.85,53.16,464,462,,,EA,ORB
STARLINK-32359,2024-209U,61957,PAY,+,US,2024-11-14,AFWTR,,93.85,53.16,464,462,,,EA,ORB
STARLINK-32566,2024-209V,61958,PAY,+,US,2024-11-14,AFWTR,,93.85,53.16,463,462,,,EA,ORB
STARLINK-32499,2024-210A,61959,PAY,+,US,2024-11-14,AFETR,,94.27,43.00,484,482,,,EA,ORB
STARLINK-32372,2024-210B,61960,PAY,+,US,2024-11-14,AFETR,,94.27,43.00,484,482,,,EA,ORB
STARLINK-32452,2024-210C,61961,PAY,+,US,2024-11-14,AFETR,,94.27,43.00,484,482,,,EA,ORB
STARLINK-32458,2024-210D,61962,PAY,+,US,2024-11-14,AFETR,,94.27,43.00,484,482,,,EA,ORB
STARLINK-32487,2024-210E,61963,PAY,+,US,2024-11-14,AFETR,,94.27,43.00,485,481,,,EA,ORB
STARLINK-32513,2024-210F,61964,PAY,+,US,2024-11-14,AFETR,,94.27,43.00,484,482,,,EA,ORB
STARLINK-32514,2024-210G,61965,PAY,+,US,2024-11-14,AFETR,,94.27,43.00,484,482,,,EA,ORB
STARLINK-32498,2024-210H,61966,PAY,+,US,2024-11-14,AFETR,,94.27,43.00,484,482,,,EA,ORB
STARLINK-32518,2024-210J,61967,PAY,+,US,2024-11-14,AFETR,,94.27,43.00,484,482,,,EA,ORB
STARLINK-32471,2024-210K,61968,PAY,+,US,2024-11-14,AFETR,,94.27,43.00,484,482,,,EA,ORB
STARLINK-32450,2024-210L,61969,PAY,+,US,2024-11-14,AFETR,,94.27,43.01,484,482,,,EA,ORB
STARLINK-32613,2024-210M,61970,PAY,+,US,2024-11-14,AFETR,,94.27,43.00,483,483,,,EA,ORB
STARLINK-32610,2024-210N,61971,PAY,+,US,2024-11-14,AFETR,,94.27,43.00,484,482,,,EA,ORB
STARLINK-32612,2024-210P,61972,PAY,+,US,2024-11-14,AFETR,,94.27,43.01,485,481,,,EA,ORB
STARLINK-32601,2024-210Q,61973,PAY,+,US,2024-11-14,AFETR,,94.27,43.00,484,482,,,EA,ORB
STARLINK-32593,2024-210R,61974,PAY,+,US,2024-11-14,AFETR,,94.27,43.00,484,482,,,EA,ORB
STARLINK-32586,2024-210S,61975,PAY,+,US,2024-11-14,AFETR,,94.27,43.00,484,482,,,EA,ORB
STARLINK-32611,2024-210T,61976,PAY,+,US,2024-11-14,AFETR,,94.27,43.00,484,482,,,EA,ORB
STARLINK-32607,2024-210U,61977,PAY,+,US,2024-11-14,AFETR,,94.27,43.00,484,482,,,EA,ORB
STARLINK-32606,2024-210V,61978,PAY,+,US,2024-11-14,AFETR,,94.27,43.00,483,483,,,EA,ORB
STARLINK-32578,2024-210W,61979,PAY,+,US,2024-11-14,AFETR,,94.27,43.00,484,482,,,EA,ORB
STARLINK-32517,2024-210X,61980,PAY,+,US,2024-11-14,AFETR,,94.27,43.00,484,482,,,EA,ORB
STARLINK-32522,2024-210Y,61981,PAY,+,US,2024-11-14,AFETR,,94.27,43.00,484,482,,,EA,ORB
STARLINK-32560,2024-210Z,61982,PAY,+,US,2024-11-14,AFETR,,94.27,43.00,484,482,,,EA,ORB
STARLINK-11433 [DTC],2024-213A,62008,PAY,+,US,2024-11-18,AFWTR,,91.73,53.16,360,359,,,EA,ORB
STARLINK-11262 [DTC],2024-213B,62009,PAY,+,US,2024-11-18,AFWTR,,91.73,53.16,360,359,,,EA,ORB
STARLINK-11326 [DTC],2024-213C,62010,PAY,+,US,2024-11-18,AFWTR,,91.73,53.16,360,359,,,EA,ORB
STARLINK-11330 [DTC],2024-213D,62011,PAY,+,US,2024-11-18,AFWTR,,91.73,53.16,360,359,,,EA,ORB
STARLINK-11363 [DTC],2024-213E,62012,PAY,+,US,2024-11-18,AFWTR,,91.73,53.16,360,359,,,EA,ORB
STARLINK-11377 [DTC],2024-213F,62013,PAY,+,US,2024-11-18,AFWTR,,91.74,53.16,361,359,,,EA,ORB
STARLINK-11385 [DTC],2024-213G,62014,PAY,+,US,2024-11-18,AFWTR,,91.73,53.16,361,359,,,EA,ORB
STARLINK-11396 [DTC],2024-213H,62015,PAY,+,US,2024-11-18,AFWTR,,91.73,53.16,360,359,,,EA,ORB
STARLINK-11393 [DTC],2024-213J,62016,PAY,+,US,2024-11-18,AFWTR,,91.73,53.16,360,359,,,EA,ORB
STARLINK-11343 [DTC],2024-213K,62017,PAY,+,US,2024-11-18,AFWTR,,91.73,53.16,360,359,,,EA,ORB
STARLINK-11411 [DTC],2024-213L,62018,PAY,+,US,2024-11-18,AFWTR,,91.74,53.16,361,359,,,EA,ORB
STARLINK-11404 [DTC],2024-213M,62019,PAY,+,US,2024-11-18,AFWTR,,91.73,53.16,361,359,,,EA,ORB
STARLINK-11378 [DTC],2024-213N,62020,PAY,+,US,2024-11-18,AFWTR,,91.74,53.16,360,359,,,EA,ORB
STARLINK-32520,2024-213P,62021,PAY,+,US,2024-11-18,AFWTR,,93.85,53.16,464,461,,,EA,ORB
STARLINK-32539,2024-213Q,62022,PAY,+,US,2024-11-18,AFWTR,,93.85,53.16,464,462,,,EA,ORB
STARLINK-32334,2024-213R,62023,PAY,+,US,2024-11-18,AFWTR,,93.85,53.16,464,462,,,EA,ORB
STARLINK-32504,2024-213S,62024,PAY,+,US,2024-11-18,AFWTR,,93.85,53.16,463,462,,,EA,ORB
STARLINK-32493,2024-213T,62025,PAY,+,US,2024-11-18,AFWTR,,93.85,53.16,464,462,,,EA,ORB
STARLINK-32561,2024-213U,62026,PAY,+,US,2024-11-18,AFWTR,,93.85,53.16,464,461,,,EA,ORB
STARLINK-32512,2024-213V,62027,PAY,+,US,2024-11-18,AFWTR,,93.90,53.16,466,464,,,EA,ORB
STARLINK-32637,2024-216A,62032,PAY,+,US,2024-11-21,AFETR,,94.27,43.00,484,482,,,EA,ORB
STARLINK-32582,2024-216B,62033,PAY,+,US,2024-11-21,AFETR,,94.27,43.00,484,483,,,EA,ORB
STARLINK-32615,2024-216C,62034,PAY,+,US,2024-11-21,AFETR,,94.27,43.00,484,482,,,EA,ORB
STARLINK-32592,2024-216D,62035,PAY,+,US,2024-11-21,AFETR,,94.27,43.00,484,482,,,EA,ORB
STARLINK-32225,2024-216E,62036,PAY,+,US,2024-11-21,AFETR,,94.27,43.00,485,482,,,EA,ORB
STARLINK-32595,2024-216F,62037,PAY,+,US,2024-11-21,AFETR,,94.27,43.00,484,482,,,EA,ORB
STARLINK-32480,2024-216H,62039,PAY,+,US,2024-11-21,AFETR,,94.27,43.00,483,483,,,EA,ORB
STARLINK-32510,2024-216J,62040,PAY,+,US,2024-11-21,AFETR,,94.27,43.00,484,482,,,EA,ORB
STARLINK-32456,2024-216K,62041,PAY,+,US,2024-11-21,AFETR,,94.27,43.00,484,482,,,EA,ORB
STARLINK-32509,2024-216L,62042,PAY,+,US,2024-11-21,AFETR,,94.27,43.00,484,482,,,EA,ORB
STARLINK-32491,2024-216M,62043,PAY,+,US,2024-11-21,AFETR,,94.27,43.00,484,482,,,EA,ORB
STARLINK-32577,2024-216N,62044,PAY,+,US,2024-11-21,AFETR,,94.27,43.00,484,482,,,EA,ORB
STARLINK-32618,2024-216P,62045,PAY,+,US,2024-11-21,AFETR,,94.27,43.00,484,482,,,EA,ORB
STARLINK-32598,2024-216Q,62046,PAY,+,US,2024-11-21,AFETR,,94.27,43.00,484,482,,,EA,ORB
STARLINK-32630,2024-216R,62047,PAY,+,US,2024-11-21,AFETR,,94.27,43.00,484,482,,,EA,ORB
STARLINK-32599,2024-216S,62048,PAY,+,US,2024-11-21,AFETR,,94.27,43.00,484,482,,,EA,ORB
STARLINK-32473,2024-216T,62049,PAY,+,US,2024-11-21,AFETR,,94.27,43.00,484,482,,,EA,ORB
STARLINK-32492,2024-216U,62050,PAY,+,US,2024-11-21,AFETR,,94.27,43.00,485,481,,,EA,ORB
STARLINK-32496,2024-216V,62051,PAY,+,US,2024-11-21,AFETR,,94.27,43.00,484,482,,,EA,ORB
STARLINK-32495,2024-216W,62052,PAY,+,US,2024-11-21,AFETR,,94.27,43.00,484,482,,,EA,ORB
STARLINK-32494,2024-216X,62053,PAY,+,US,2024-11-21,AFETR,,94.27,43.01,486,481,,,EA,ORB
STARLINK-32408,2024-216Y,62054,PAY,+,US,2024-11-21,AFETR,,94.27,43.00,484,482,,,EA,ORB
STARLINK-32571,2024-216Z,62055,PAY,+,US,2024-11-21,AFETR,,94.27,43.00,484,482,,,EA,ORB
STARLINK-11465 [DTC],2024-217A,62057,PAY,+,US,2024-11-24,AFWTR,,91.73,53.16,360,359,,,EA,ORB
STARLINK-11426 [DTC],2024-217B,62058,PAY,+,US,2024-11-24,AFWTR,,91.74,53.16,361,359,,,EA,ORB
STARLINK-11454 [DTC],2024-217C,62059,PAY,+,US,2024-11-24,AFWTR,,91.73,53.16,360,359,,,EA,ORB
STARLINK-11473 [DTC],2024-217D,62060,PAY,+,US,2024-11-24,AFWTR,,91.73,53.16,360,359,,,EA,ORB
STARLINK-11429 [DTC],2024-217E,62061,PAY,+,US,2024-11-24,AFWTR,,91.74,53.16,360,359,,,EA,ORB
STARLINK-11470 [DTC],2024-217F,62062,PAY,+,US,2024-11-24,AFWTR,,91.73,53.16,361,359,,,EA,ORB
STARLINK-11427 [DTC],2024-217G,62063,PAY,+,US,2024-11-24,AFWTR,,91.74,53.16,361,359,,,EA,ORB
STARLINK-11456 [DTC],2024-217H,62064,PAY,+,US,2024-11-24,AFWTR,,91.74,53.16,361,359,,,EA,ORB
STARLINK-11474 [DTC],2024-217J,62065,PAY,+,US,2024-11-24,AFWTR,,91.73,53.16,361,359,,,EA,ORB
STARLINK-11463 [DTC],2024-217K,62066,PAY,+,US,2024-11-24,AFWTR,,91.73,53.16,360,359,,,EA,ORB
STARLINK-11472 [DTC],2024-217L,62067,PAY,+,US,2024-11-24,AFWTR,,91.74,53.16,360,359,,,EA,ORB
STARLINK-11467 [DTC],2024-217M,62068,PAY,+,US,2024-11-24,AFWTR,,91.73,53.16,360,359,,,EA,ORB
STARLINK-11460 [DTC],2024-217N,62069,PAY,+,US,2024-11-24,AFWTR,,91.74,53.16,360,359,,,EA,ORB
STARLINK-32604,2024-217P,62070,PAY,+,US,2024-11-24,AFWTR,,93.85,53.16,463,462,,,EA,ORB
STARLINK-32553,2024-217Q,62071,PAY,+,US,2024-11-24,AFWTR,,93.85,53.16,464,462,,,EA,ORB
STARLINK-32603,2024-217R,62072,PAY,+,US,2024-11-24,AFWTR,,93.85,53.16,464,461,,,EA,ORB
STARLINK-32444,2024-217S,62073,PAY,+,US,2024-11-24,AFWTR,,93.85,53.16,464,461,,,EA,ORB
STARLINK-32619,2024-217T,62074,PAY,+,US,2024-11-24,AFWTR,,93.85,53.16,464,462,,,EA,ORB
STARLINK-32580,2024-217U,62075,PAY,+,US,2024-11-24,AFWTR,,93.85,53.16,464,462,,,EA,ORB
STARLINK-32617,2024-217V,62076,PAY,+,US,2024-11-24,AFWTR,,93.85,53.16,463,462,,,EA,ORB
STARLINK-11384 [DTC],2024-220A,62088,PAY,+,US,2024-11-25,AFETR,,91.67,43.00,358,354,,,EA,ORB
STARLINK-11379 [DTC],2024-220B,62089,PAY,+,US,2024-11-25,AFETR,,91.67,43.00,358,355,,,EA,ORB
STARLINK-11387 [DTC],2024-220C,62090,PAY,+,US,2024-11-25,AFETR,,91.67,43.00,358,355,,,EA,ORB
STARLINK-11389 [DTC],2024-220D,62091,PAY,+,US,2024-11-25,AFETR,,91.66,43.00,357,354,,,EA,ORB
STARLINK-11388 [DTC],2024-220E,62092,PAY,+,US,2024-11-25,AFETR,,91.67,43.00,358,355,,,EA,ORB
STARLINK-11345 [DTC],2024-220F,62093,PAY,+,US,2024-11-25,AFETR,,91.67,43.00,358,355,,,EA,ORB
STARLINK-11381 [DTC],2024-220G,62094,PAY,+,US,2024-11-25,AFETR,,91.67,43.00,357,356,,,EA,ORB
STARLINK-11369 [DTC],2024-220H,62095,PAY,+,US,2024-11-25,AFETR,,91.67,43.00,357,355,,,EA,ORB
STARLINK-11303 [DTC],2024-220J,62096,PAY,+,US,2024-11-25,AFETR,,91.67,43.00,358,355,,,EA,ORB
STARLINK-11367 [DTC],2024-220K,62097,PAY,+,US,2024-11-25,AFETR,,91.67,43.00,359,354,,,EA,ORB
STARLINK-11386 [DTC],2024-220L,62098,PAY,+,US,2024-11-25,AFETR,,91.67,43.00,358,355,,,EA,ORB
STARLINK-11380 [DTC],2024-220M,62099,PAY,+,US,2024-11-25,AFETR,,91.67,43.00,360,353,,,EA,ORB
STARLINK-33566,2024-220N,62100,PAY,+,US,2024-11-25,AFETR,,94.27,43.00,484,482,,,EA,ORB
STARLINK-33545,2024-220P,62101,PAY,+,US,2024-11-25,AFETR,,94.27,43.00,483,483,,,EA,ORB
STARLINK-33562,2024-220Q,62102,PAY,+,US,2024-11-25,AFETR,,94.27,43.00,484,482,,,EA,ORB
STARLINK-33554,2024-220R,62103,PAY,+,US,2024-11-25,AFETR,,94.27,43.00,484,482,,,EA,ORB
STARLINK-33555,2024-220S,62104,PAY,+,US,2024-11-25,AFETR,,94.27,43.00,484,482,,,EA,ORB
STARLINK-33559,2024-220V,62107,PAY,+,US,2024-11-25,AFETR,,94.27,43.00,484,482,,,EA,ORB
STARLINK-33553,2024-220W,62108,PAY,+,US,2024-11-25,AFETR,,94.27,43.00,484,482,,,EA,ORB
STARLINK-33556,2024-220X,62109,PAY,+,US,2024-11-25,AFETR,,94.27,43.00,484,483,,,EA,ORB
STARLINK-33551,2024-220Y,62110,PAY,+,US,2024-11-25,AFETR,,94.27,43.00,483,483,,,EA,ORB
STARLINK-32311,2024-222A,62114,PAY,+,US,2024-11-27,AFETR,,94.27,43.00,484,482,,,EA,ORB
STARLINK-32470,2024-222B,62115,PAY,+,US,2024-11-27,AFETR,,94.27,43.01,484,482,,,EA,ORB
STARLINK-32502,2024-222C,62116,PAY,+,US,2024-11-27,AFETR,,94.27,43.00,484,482,,,EA,ORB
STARLINK-32521,2024-222D,62117,PAY,+,US,2024-11-27,AFETR,,94.27,43.01,484,482,,,EA,ORB
STARLINK-32549,2024-222E,62118,PAY,+,US,2024-11-27,AFETR,,94.27,43.00,484,482,,,EA,ORB
STARLINK-32535,2024-222F,62119,PAY,+,US,2024-11-27,AFETR,,94.27,43.00,484,482,,,EA,ORB
STARLINK-32548,2024-222G,62120,PAY,+,US,2024-11-27,AFETR,,94.27,43.00,484,482,,,EA,ORB
STARLINK-32525,2024-222H,62121,PAY,+,US,2024-11-27,AFETR,,94.27,43.00,484,482,,,EA,ORB
STARLINK-32628,2024-222J,62122,PAY,+,US,2024-11-27,AFETR,,94.27,43.00,484,483,,,EA,ORB
STARLINK-32626,2024-222K,62123,PAY,+,US,2024-11-27,AFETR,,94.27,43.00,484,482,,,EA,ORB
STARLINK-32608,2024-222L,62124,PAY,+,US,2024-11-27,AFETR,,94.27,43.00,484,482,,,EA,ORB
STARLINK-32488,2024-222M,62125,PAY,+,US,2024-11-27,AFETR,,94.27,43.00,484,482,,,EA,ORB
STARLINK-32490,2024-222N,62126,PAY,+,US,2024-11-27,AFETR,,94.27,43.00,484,482,,,EA,ORB
STARLINK-32557,2024-222P,62127,PAY,+,US,2024-11-27,AFETR,,94.27,43.00,484,482,,,EA,ORB
STARLINK-32568,2024-222Q,62128,PAY,+,US,2024-11-27,AFETR,,94.27,43.00,484,482,,,EA,ORB
STARLINK-32462,2024-222R,62129,PAY,+,US,2024-11-27,AFETR,,94.27,43.00,484,482,,,EA,ORB
STARLINK-32463,2024-222S,62130,PAY,+,US,2024-11-27,AFETR,,94.27,43.00,484,482,,,EA,ORB
STARLINK-32550,2024-222T,62131,PAY,+,US,2024-11-27,AFETR,,94.27,43.00,485,481,,,EA,ORB
STARLINK-32507,2024-222U,62132,PAY,+,US,2024-11-27,AFETR,,94.27,43.00,483,483,,,EA,ORB
STARLINK-32245,2024-222V,62133,PAY,+,US,2024-11-27,AFETR,,94.27,43.00,484,482,,,EA,ORB
STARLINK-32546,2024-222W,62134,PAY,+,US,2024-11-27,AFETR,,94.27,43.00,484,482,,,EA,ORB
STARLINK-32545,2024-222X,62135,PAY,+,US,2024-11-27,AFETR,,94.26,43.00,484,482,,,EA,ORB
STARLINK-32554,2024-222Y,62136,PAY,+,US,2024-11-27,AFETR,,94.27,43.00,483,483,,,EA,ORB
STARLINK-32570,2024-222Z,62137,PAY,+,US,2024-11-27,AFETR,,94.27,43.00,484,482,,,EA,ORB
STARLINK-32529,2024-224A,62139,PAY,+,US,2024-11-30,AFETR,,94.27,43.00,484,482,,,EA,ORB
STARLINK-32464,2024-224B,62140,PAY,+,US,2024-11-30,AFETR,,94.27,43.00,484,482,,,EA,ORB
STARLINK-32482,2024-224C,62141,PAY,+,US,2024-11-30,AFETR,,94.27,43.00,484,482,,,EA,ORB
STARLINK-32454,2024-224D,62142,PAY,+,US,2024-11-30,AFETR,,94.27,43.00,484,482,,,EA,ORB
STARLINK-32485,2024-224E,62143,PAY,+,US,2024-11-30,AFETR,,94.27,43.00,484,482,,,EA,ORB
STARLINK-32388,2024-224F,62144,PAY,+,US,2024-11-30,AFETR,,94.27,43.00,484,482,,,EA,ORB
STARLINK-32374,2024-224G,62145,PAY,+,US,2024-11-30,AFETR,,94.27,43.00,484,482,,,EA,ORB
STARLINK-32384,2024-224H,62146,PAY,+,US,2024-11-30,AFETR,,94.27,43.00,484,482,,,EA,ORB
STARLINK-32295,2024-224J,62147,PAY,+,US,2024-11-30,AFETR,,94.27,43.00,484,482,,,EA,ORB
STARLINK-32479,2024-224K,62148,PAY,+,US,2024-11-30,AFETR,,94.27,43.00,484,482,,,EA,ORB
STARLINK-32468,2024-224L,62149,PAY,+,US,2024-11-30,AFETR,,94.27,43.00,483,483,,,EA,ORB
STARLINK-32629,2024-224M,62150,PAY,+,US,2024-11-30,AFETR,,94.27,43.00,484,483,,,EA,ORB
STARLINK-32644,2024-224N,62151,PAY,+,US,2024-11-30,AFETR,,94.27,43.00,484,482,,,EA,ORB
STARLINK-32623,2024-224P,62152,PAY,+,US,2024-11-30,AFETR,,94.27,43.00,484,482,,,EA,ORB
STARLINK-32639,2024-224Q,62153,PAY,+,US,2024-11-30,AFETR,,94.27,43.00,484,482,,,EA,ORB
STARLINK-32625,2024-224R,62154,PAY,+,US,2024-11-30,AFETR,,94.27,43.00,484,482,,,EA,ORB
STARLINK-32635,2024-224S,62155,PAY,+,US,2024-11-30,AFETR,,94.27,43.00,484,482,,,EA,ORB
STARLINK-32532,2024-224T,62156,PAY,+,US,2024-11-30,AFETR,,94.27,43.00,484,482,,,EA,ORB
STARLINK-32503,2024-224U,62157,PAY,+,US,2024-11-30,AFETR,,94.27,43.00,484,482,,,EA,ORB
STARLINK-32508,2024-224V,62158,PAY,+,US,2024-11-30,AFETR,,94.27,43.00,484,482,,,EA,ORB
STARLINK-32524,2024-224W,62159,PAY,+,US,2024-11-30,AFETR,,94.27,43.00,483,483,,,EA,ORB
STARLINK-32484,2024-224X,62160,PAY,+,US,2024-11-30,AFETR,,94.27,43.00,484,482,,,EA,ORB
STARLINK-32497,2024-224Y,62161,PAY,+,US,2024-11-30,AFETR,,94.27,43.00,484,483,,,EA,ORB
STARLINK-32526,2024-224Z,62162,PAY,+,US,2024-11-30,AFETR,,94.27,43.00,484,482,,,EA,ORB
STARLINK-32523,2024-225C,62165,PAY,+,US,2024-11-30,AFWTR,,96.11,70.00,574,570,,,EA,ORB
STARLINK-32551,2024-225D,62166,PAY,+,US,2024-11-30,AFWTR,,96.11,70.00,574,571,,,EA,ORB
STARLINK-32506,2024-225E,62167,PAY,+,US,2024-11-30,AFWTR,,96.11,70.00,574,570,,,EA,ORB
STARLINK-32562,2024-225F,62168,PAY,+,US,2024-11-30,AFWTR,,96.11,70.00,574,570,,,EA,ORB
STARLINK-32558,2024-225G,62169,PAY,+,US,2024-11-30,AFWTR,,96.11,70.00,574,570,,,EA,ORB
STARLINK-32538,2024-225H,62170,PAY,+,US,2024-11-30,AFWTR,,96.11,70.00,574,570,,,EA,ORB
STARLINK-32257,2024-225J,62171,PAY,+,US,2024-11-30,AFWTR,,96.11,70.00,574,570,,,EA,ORB
STARLINK-32407,2024-225K,62172,PAY,+,US,2024-11-30,AFWTR,,96.11,70.00,574,571,,,EA,ORB
STARLINK-32575,2024-225L,62173,PAY,+,US,2024-11-30,AFWTR,,94.14,70.00,479,475,,,EA,ORB
STARLINK-32552,2024-225M,62174,PAY,+,US,2024-11-30,AFWTR,,96.11,70.00,574,570,,,EA,ORB
STARLINK-32534,2024-225N,62175,PAY,+,US,2024-11-30,AFWTR,,96.11,70.00,574,570,,,EA,ORB
STARLINK-32516,2024-225P,62176,PAY,+,US,2024-11-30,AFWTR,,96.11,70.00,574,570,,,EA,ORB
STARLINK-32542,2024-225Q,62177,PAY,+,US,2024-11-30,AFWTR,,96.10,70.00,573,571,,,EA,ORB
STARLINK-32600,2024-225R,62178,PAY,+,US,2024-11-30,AFWTR,,94.14,70.00,479,475,,,EA,ORB
STARLINK-32584,2024-225S,62179,PAY,+,US,2024-11-30,AFWTR,,96.11,70.00,574,570,,,EA,ORB
STARLINK-32587,2024-225T,62180,PAY,+,US,2024-11-30,AFWTR,,96.11,70.00,574,570,,,EA,ORB
STARLINK-32602,2024-225U,62181,PAY,+,US,2024-11-30,AFWTR,,94.14,70.00,479,475,,,EA,ORB
STARLINK-32565,2024-225V,62182,PAY,+,US,2024-11-30,AFWTR,,96.11,70.00,573,571,,,EA,ORB
STARLINK-32589,2024-225W,62183,PAY,+,US,2024-11-30,AFWTR,,96.11,70.00,574,570,,,EA,ORB
STARLINK-32581,2024-225X,62184,PAY,+,US,2024-11-30,AFWTR,,94.14,70.00,479,475,,,EA,ORB
STARLINK-32686,2024-229A,62192,PAY,+,US,2024-12-04,AFETR,,94.27,43.00,484,482,,,EA,ORB
STARLINK-32688,2024-229B,62193,PAY,+,US,2024-12-04,AFETR,,94.27,43.00,484,482,,,EA,ORB
STARLINK-32684,2024-229C,62194,PAY,+,US,2024-12-04,AFETR,,94.27,43.00,484,482,,,EA,ORB
STARLINK-32672,2024-229D,62195,PAY,+,US,2024-12-04,AFETR,,94.27,43.01,484,482,,,EA,ORB
STARLINK-32682,2024-229E,62196,PAY,+,US,2024-12-04,AFETR,,94.27,43.00,484,482,,,EA,ORB
STARLINK-32663,2024-229F,62197,PAY,+,US,2024-12-04,AFETR,,94.27,43.00,484,482,,,EA,ORB
STARLINK-32640,2024-229G,62198,PAY,+,US,2024-12-04,AFETR,,94.27,43.00,484,482,,,EA,ORB
STARLINK-32653,2024-229H,62199,PAY,+,US,2024-12-04,AFETR,,94.27,43.00,484,482,,,EA,ORB
STARLINK-32647,2024-229J,62200,PAY,+,US,2024-12-04,AFETR,,94.27,43.00,485,481,,,EA,ORB
STARLINK-32667,2024-229K,62201,PAY,+,US,2024-12-04,AFETR,,94.27,43.00,484,482,,,EA,ORB
STARLINK-32655,2024-229L,62202,PAY,+,US,2024-12-04,AFETR,,94.27,43.00,484,482,,,EA,ORB
STARLINK-32665,2024-229M,62203,PAY,+,US,2024-12-04,AFETR,,94.27,43.00,484,482,,,EA,ORB
STARLINK-32664,2024-229N,62204,PAY,P,US,2024-12-04,AFETR,,91.22,42.98,353,316,,,EA,ORB
STARLINK-32660,2024-229P,62205,PAY,+,US,2024-12-04,AFETR,,94.27,43.00,484,482,,,EA,ORB
STARLINK-32448,2024-229Q,62206,PAY,+,US,2024-12-04,AFETR,,94.27,43.00,484,482,,,EA,ORB
STARLINK-32430,2024-229R,62207,PAY,+,US,2024-12-04,AFETR,,94.27,43.00,484,482,,,EA,ORB
STARLINK-32675,2024-229S,62208,PAY,+,US,2024-12-04,AFETR,,94.27,43.00,484,482,,,EA,ORB
STARLINK-32671,2024-229T,62209,PAY,+,US,2024-12-04,AFETR,,94.27,43.00,484,482,,,EA,ORB
STARLINK-32670,2024-229U,62210,PAY,+,US,2024-12-04,AFETR,,94.27,43.00,484,482,,,EA,ORB
STARLINK-32642,2024-229V,62211,PAY,+,US,2024-12-04,AFETR,,94.27,43.00,484,482,,,EA,ORB
STARLINK-32668,2024-229W,62212,PAY,+,US,2024-12-04,AFETR,,94.27,43.00,484,482,,,EA,ORB
STARLINK-32669,2024-229X,62213,PAY,+,US,2024-12-04,AFETR,,94.27,43.00,484,482,,,EA,ORB
STARLINK-32666,2024-229Y,62214,PAY,+,US,2024-12-04,AFETR,,94.27,43.00,484,482,,,EA,ORB
STARLINK-32662,2024-229Z,62215,PAY,+,US,2024-12-04,AFETR,,94.27,43.00,483,483,,,EA,ORB
STARLINK-11394 [DTC],2024-231A,62218,PAY,+,US,2024-12-05,AFWTR,,91.74,53.16,361,358,,,EA,ORB
STARLINK-11490 [DTC],2024-231B,62219,PAY,+,US,2024-12-05,AFWTR,,91.74,53.16,361,358,,,EA,ORB
STARLINK-11466 [DTC],2024-231C,62220,PAY,+,US,2024-12-05,AFWTR,,91.74,53.16,361,359,,,EA,ORB
STARLINK-11468 [DTC],2024-231D,62221,PAY,+,US,2024-12-05,AFWTR,,91.74,53.16,361,359,,,EA,ORB
STARLINK-11488 [DTC],2024-231E,62222,PAY,+,US,2024-12-05,AFWTR,,91.74,53.16,361,359,,,EA,ORB
STARLINK-11483 [DTC],2024-231F,62223,PAY,+,US,2024-12-05,AFWTR,,91.74,53.16,360,359,,,EA,ORB
STARLINK-11492 [DTC],2024-231G,62224,PAY,+,US,2024-12-05,AFWTR,,91.74,53.16,361,359,,,EA,ORB
STARLINK-11471 [DTC],2024-231H,62225,PAY,+,US,2024-12-05,AFWTR,,91.74,53.16,361,359,,,EA,ORB
STARLINK-11475 [DTC],2024-231J,62226,PAY,+,US,2024-12-05,AFWTR,,91.73,53.16,360,359,,,EA,ORB
STARLINK-11469 [DTC],2024-231K,62227,PAY,+,US,2024-12-05,AFWTR,,91.74,53.16,361,358,,,EA,ORB
STARLINK-11476 [DTC],2024-231L,62228,PAY,+,US,2024-12-05,AFWTR,,91.74,53.16,361,359,,,EA,ORB
STARLINK-11485 [DTC],2024-231M,62229,PAY,+,US,2024-12-05,AFWTR,,91.74,53.16,361,359,,,EA,ORB
STARLINK-11481 [DTC],2024-231N,62230,PAY,+,US,2024-12-05,AFWTR,,91.74,53.16,361,359,,,EA,ORB
STARLINK-32650,2024-231P,62231,PAY,+,US,2024-12-05,AFWTR,,94.01,53.16,472,470,,,EA,ORB
STARLINK-32636,2024-231Q,62232,PAY,+,US,2024-12-05,AFWTR,,93.85,53.16,464,462,,,EA,ORB
STARLINK-32643,2024-231R,62233,PAY,+,US,2024-12-05,AFWTR,,94.01,53.16,471,470,,,EA,ORB
STARLINK-32652,2024-231S,62234,PAY,+,US,2024-12-05,AFWTR,,94.01,53.16,471,470,,,EA,ORB
STARLINK-32631,2024-231T,62235,PAY,+,US,2024-12-05,AFWTR,,94.01,53.16,472,470,,,EA,ORB
STARLINK-32641,2024-231U,62236,PAY,+,US,2024-12-05,AFWTR,,93.85,53.16,464,461,,,EA,ORB
STARLINK-32632,2024-231V,62262,PAY,+,US,2024-12-05,AFWTR,,94.01,53.16,472,469,,,EA,ORB
STARLINK-11496 [DTC],2024-237A,62267,PAY,+,US,2024-12-08,AFETR,,91.67,43.00,357,355,,,EA,ORB
STARLINK-11501 [DTC],2024-237B,62268,PAY,+,US,2024-12-08,AFETR,,91.67,43.00,359,354,,,EA,ORB
STARLINK-11491 [DTC],2024-237C,62269,PAY,+,US,2024-12-08,AFETR,,91.67,43.00,357,355,,,EA,ORB
STARLINK-11479 [DTC],2024-237D,62270,PAY,+,US,2024-12-08,AFETR,,91.67,43.00,360,353,,,EA,ORB
STARLINK-11489 [DTC],2024-237E,62271,PAY,+,US,2024-12-08,AFETR,,91.67,43.00,358,355,,,EA,ORB
STARLINK-11494 [DTC],2024-237F,62272,PAY,+,US,2024-12-08,AFETR,,91.67,43.00,358,355,,,EA,ORB
STARLINK-11333 [DTC],2024-237G,62273,PAY,+,US,2024-12-08,AFETR,,91.67,43.00,357,355,,,EA,ORB
STARLINK-11504 [DTC],2024-237H,62274,PAY,+,US,2024-12-08,AFETR,,91.67,43.00,357,356,,,EA,ORB
STARLINK-11495 [DTC],2024-237J,62275,PAY,+,US,2024-12-08,AFETR,,91.67,43.00,357,356,,,EA,ORB
STARLINK-11498 [DTC],2024-237K,62276,PAY,+,US,2024-12-08,AFETR,,91.67,43.00,359,354,,,EA,ORB
STARLINK-11484 [DTC],2024-237L,62277,PAY,+,US,2024-12-08,AFETR,,91.67,43.00,358,355,,,EA,ORB
STARLINK-11487 [DTC],2024-237M,62278,PAY,+,US,2024-12-08,AFETR,,91.67,43.00,357,356,,,EA,ORB
STARLINK-11499 [DTC],2024-237N,62279,PAY,+,US,2024-12-08,AFETR,,91.67,43.00,357,355,,,EA,ORB
STARLINK-33548,2024-237P,62280,PAY,+,US,2024-12-08,AFETR,,94.27,43.00,484,482,,,EA,ORB
STARLINK-33544,2024-237Q,62281,PAY,+,US,2024-12-08,AFETR,,94.27,43.00,484,482,,,EA,ORB
STARLINK-33560,2024-237R,62282,PAY,+,US,2024-12-08,AFETR,,94.27,43.00,484,482,,,EA,ORB
STARLINK-33547,2024-237S,62283,PAY,+,US,2024-12-08,AFETR,,94.27,43.00,484,482,,,EA,ORB
STARLINK-33563,2024-237T,62284,PAY,+,US,2024-12-08,AFETR,,94.27,43.00,484,482,,,EA,ORB
STARLINK-33550,2024-237U,62285,PAY,+,US,2024-12-08,AFETR,,94.27,43.00,484,482,,,EA,ORB
STARLINK-33564,2024-237V,62286,PAY,+,US,2024-12-08,AFETR,,94.27,43.00,484,482,,,EA,ORB
STARLINK-33546,2024-237W,62287,PAY,+,US,2024-12-08,AFETR,,94.27,43.00,484,482,,,EA,ORB
STARLINK-33565,2024-237X,62288,PAY,+,US,2024-12-08,AFETR,,94.27,43.00,484,482,,,EA,ORB
STARLINK-33549,2024-237Y,62289,PAY,+,US,2024-12-08,AFETR,,94.27,43.00,484,482,,,EA,ORB
STARLINK-32648,2024-239A,62301,PAY,+,US,2024-12-13,AFWTR,,93.85,53.16,464,461,,,EA,ORB
STARLINK-32594,2024-239B,62302,PAY,+,US,2024-12-13,AFWTR,,93.85,53.16,464,462,,,EA,ORB
STARLINK-32621,2024-239C,62303,PAY,+,US,2024-12-13,AFWTR,,93.85,53.16,464,461,,,EA,ORB
STARLINK-32597,2024-239D,62304,PAY,+,US,2024-12-13,AFWTR,,93.85,53.16,464,462,,,EA,ORB
STARLINK-32649,2024-239E,62305,PAY,+,US,2024-12-13,AFWTR,,93.85,53.16,464,462,,,EA,ORB
STARLINK-32633,2024-239F,62306,PAY,+,US,2024-12-13,AFWTR,,93.85,53.16,464,462,,,EA,ORB
STARLINK-32646,2024-239G,62307,PAY,+,US,2024-12-13,AFWTR,,93.85,53.16,464,462,,,EA,ORB
STARLINK-32706,2024-239H,62308,PAY,+,US,2024-12-13,AFWTR,,93.85,53.16,464,462,,,EA,ORB
STARLINK-32678,2024-239J,62309,PAY,+,US,2024-12-13,AFWTR,,93.14,53.16,429,427,,,EA,ORB
STARLINK-32696,2024-239K,62310,PAY,+,US,2024-12-13,AFWTR,,93.85,53.16,463,462,,,EA,ORB
STARLINK-32700,2024-239L,62311,PAY,+,US,2024-12-13,AFWTR,,93.85,53.16,464,462,,,EA,ORB
STARLINK-32698,2024-239M,62312,PAY,+,US,2024-12-13,AFWTR,,93.85,53.16,463,462,,,EA,ORB
STARLINK-32634,2024-239N,62313,PAY,+,US,2024-12-13,AFWTR,,93.85,53.16,464,461,,,EA,ORB
STARLINK-32651,2024-239P,62314,PAY,+,US,2024-12-13,AFWTR,,93.85,53.16,464,462,,,EA,ORB
STARLINK-32627,2024-239Q,62315,PAY,+,US,2024-12-13,AFWTR,,93.85,53.16,463,462,,,EA,ORB
STARLINK-32596,2024-239R,62316,PAY,+,US,2024-12-13,AFWTR,,93.85,53.16,463,462,,,EA,ORB
STARLINK-32519,2024-239S,62317,PAY,+,US,2024-12-13,AFWTR,,94.01,53.16,472,470,,,EA,ORB
STARLINK-32527,2024-239U,62319,PAY,+,US,2024-12-13,AFWTR,,94.01,53.16,472,470,,,EA,ORB
STARLINK-32481,2024-239V,62320,PAY,+,US,2024-12-13,AFWTR,,93.85,53.16,464,462,,,EA,ORB
STARLINK-32645,2024-239W,62321,PAY,+,US,2024-12-13,AFWTR,,93.85,53.16,464,462,,,EA,ORB
STARLINK-32654,2024-239X,62322,PAY,+,US,2024-12-13,AFWTR,,93.85,53.16,463,462,,,EA,ORB
STARLINK-11444 [DTC],2024-249A,62409,PAY,+,US,2024-12-23,AFETR,,91.67,43.00,357,356,,,EA,ORB
STARLINK-11493 [DTC],2024-249B,62410,PAY,+,US,2024-12-23,AFETR,,91.67,43.00,358,354,,,EA,ORB
STARLINK-11453 [DTC],2024-249C,62411,PAY,+,US,2024-12-23,AFETR,,91.67,43.00,358,355,,,EA,ORB
STARLINK-11441 [DTC],2024-249E,62413,PAY,+,US,2024-12-23,AFETR,,91.67,43.00,358,355,,,EA,ORB
STARLINK-11445 [DTC],2024-249F,62414,PAY,+,US,2024-12-23,AFETR,,91.67,43.00,358,355,,,EA,ORB
STARLINK-11355 [DTC],2024-249G,62415,PAY,+,US,2024-12-23,AFETR,,91.67,43.00,358,355,,,EA,ORB
STARLINK-11446 [DTC],2024-249H,62416,PAY,+,US,2024-12-23,AFETR,,91.67,43.00,358,355,,,EA,ORB
STARLINK-11428 [DTC],2024-249J,62417,PAY,+,US,2024-12-23,AFETR,,91.66,43.00,358,354,,,EA,ORB
STARLINK-11447 [DTC],2024-249K,62418,PAY,+,US,2024-12-23,AFETR,,91.67,43.00,358,354,,,EA,ORB
STARLINK-11434 [DTC],2024-249M,62420,PAY,+,US,2024-12-23,AFETR,,91.67,43.00,358,355,,,EA,ORB
STARLINK-11461 [DTC],2024-249N,62421,PAY,+,US,2024-12-23,AFETR,,91.67,43.00,357,355,,,EA,ORB
STARLINK-32692,2024-249P,62422,PAY,+,US,2024-12-23,AFETR,,94.27,43.00,484,482,,,EA,ORB
STARLINK-32680,2024-249Q,62423,PAY,+,US,2024-12-23,AFETR,,94.26,43.00,485,481,,,EA,ORB
STARLINK-32638,2024-249R,62424,PAY,+,US,2024-12-23,AFETR,,94.27,43.00,484,482,,,EA,ORB
STARLINK-32283,2024-249S,62425,PAY,+,US,2024-12-23,AFETR,,94.27,43.01,485,481,,,EA,ORB
STARLINK-32676,2024-249T,62426,PAY,+,US,2024-12-23,AFETR,,94.27,43.00,484,482,,,EA,ORB
STARLINK-32659,2024-249U,62427,PAY,+,US,2024-12-23,AFETR,,94.27,43.00,484,482,,,EA,ORB
STARLINK-32614,2024-249V,62428,PAY,+,US,2024-12-23,AFETR,,94.27,43.00,484,482,,,EA,ORB
STARLINK-32418,2024-249W,62429,PAY,+,US,2024-12-23,AFETR,,94.27,43.00,484,482,,,EA,ORB
STARLINK-32702,2024-251A,62432,PAY,+,US,2024-12-29,AFWTR,,93.85,53.16,464,461,,,EA,ORB
STARLINK-32712,2024-251B,62433,PAY,+,US,2024-12-29,AFWTR,,93.85,53.16,464,462,,,EA,ORB
STARLINK-32674,2024-251C,62434,PAY,+,US,2024-12-29,AFWTR,,93.85,53.16,464,462,,,EA,ORB
STARLINK-32711,2024-251D,62435,PAY,+,US,2024-12-29,AFWTR,,93.85,53.16,464,462,,,EA,ORB
STARLINK-32697,2024-251E,62436,PAY,+,US,2024-12-29,AFWTR,,93.85,53.16,463,462,,,EA,ORB
STARLINK-32693,2024-251F,62437,PAY,+,US,2024-12-29,AFWTR,,93.85,53.16,464,462,,,EA,ORB
STARLINK-32721,2024-251G,62438,PAY,+,US,2024-12-29,AFWTR,,93.85,53.16,463,462,,,EA,ORB
STARLINK-32709,2024-251H,62439,PAY,+,US,2024-12-29,AFWTR,,93.85,53.16,464,461,,,EA,ORB
STARLINK-32689,2024-251J,62440,PAY,+,US,2024-12-29,AFWTR,,93.85,53.16,463,462,,,EA,ORB
STARLINK-32724,2024-251K,62441,PAY,+,US,2024-12-29,AFWTR,,93.85,53.16,464,462,,,EA,ORB
STARLINK-32291,2024-251L,62442,PAY,+,US,2024-12-29,AFWTR,,93.85,53.16,464,462,,,EA,ORB
STARLINK-32736,2024-251M,62443,PAY,+,US,2024-12-29,AFWTR,,93.85,53.16,464,462,,,EA,ORB
STARLINK-32737,2024-251N,62444,PAY,+,US,2024-12-29,AFWTR,,93.85,53.16,464,462,,,EA,ORB
STARLINK-32683,2024-251P,62445,PAY,+,US,2024-12-29,AFWTR,,93.85,53.16,463,462,,,EA,ORB
STARLINK-32726,2024-251Q,62446,PAY,+,US,2024-12-29,AFWTR,,93.85,53.16,464,462,,,EA,ORB
STARLINK-32719,2024-251S,62448,PAY,+,US,2024-12-29,AFWTR,,93.85,53.16,464,462,,,EA,ORB
STARLINK-32723,2024-251T,62449,PAY,+,US,2024-12-29,AFWTR,,93.85,53.16,464,462,,,EA,ORB
STARLINK-32722,2024-251U,62450,PAY,+,US,2024-12-29,AFWTR,,93.85,53.16,464,462,,,EA,ORB
STARLINK-32720,2024-251V,62451,PAY,+,US,2024-12-29,AFWTR,,93.85,53.16,463,462,,,EA,ORB
STARLINK-32656,2024-251W,62452,PAY,+,US,2024-12-29,AFWTR,,93.85,53.16,464,462,,,EA,ORB
STARLINK-32690,2024-251X,62453,PAY,+,US,2024-12-29,AFWTR,,93.85,53.16,464,462,,,EA,ORB
STARLINK-11518 [DTC],2024-254A,62462,PAY,+,US,2024-12-31,AFETR,,91.67,43.00,359,354,,,EA,ORB
STARLINK-11455 [DTC],2024-254B,62463,PAY,+,US,2024-12-31,AFETR,,91.67,43.00,358,355,,,EA,ORB
STARLINK-11178 [DTC],2024-254D,62465,PAY,+,US,2024-12-31,AFETR,,91.67,43.00,359,354,,,EA,ORB
STARLINK-11506 [DTC],2024-254E,62466,PAY,+,US,2024-12-31,AFETR,,91.67,43.00,357,356,,,EA,ORB
STARLINK-11486 [DTC],2024-254F,62467,PAY,+,US,2024-12-31,AFETR,,91.67,43.00,358,355,,,EA,ORB
STARLINK-11511 [DTC],2024-254G,62468,PAY,+,US,2024-12-31,AFETR,,91.67,43.00,357,356,,,EA,ORB
STARLINK-11505 [DTC],2024-254H,62469,PAY,+,US,2024-12-31,AFETR,,91.67,43.00,357,356,,,EA,ORB
STARLINK-11497 [DTC],2024-254J,62470,PAY,+,US,2024-12-31,AFETR,,91.67,43.00,359,354,,,EA,ORB
STARLINK-11477 [DTC],2024-254K,62471,PAY,+,US,2024-12-31,AFETR,,91.67,43.00,357,356,,,EA,ORB
STARLINK-11500 [DTC],2024-254L,62472,PAY,+,US,2024-12-31,AFETR,,91.67,43.00,357,356,,,EA,ORB
STARLINK-11464 [DTC],2024-254M,62473,PAY,+,US,2024-12-31,AFETR,,91.66,43.00,359,354,,,EA,ORB
STARLINK-11502 [DTC],2024-254N,62474,PAY,+,US,2024-12-31,AFETR,,91.67,43.00,359,354,,,EA,ORB
STARLINK-32657,2024-254P,62475,PAY,+,US,2024-12-31,AFETR,,94.27,43.00,484,482,,,EA,ORB
STARLINK-32734,2024-254Q,62476,PAY,+,US,2024-12-31,AFETR,,94.27,43.00,483,483,,,EA,ORB
STARLINK-32733,2024-254R,62477,PAY,+,US,2024-12-31,AFETR,,94.27,43.00,484,482,,,EA,ORB
STARLINK-32707,2024-254S,62478,PAY,+,US,2024-12-31,AFETR,,94.27,43.00,485,481,,,EA,ORB
STARLINK-32705,2024-254T,62479,PAY,+,US,2024-12-31,AFETR,,94.27,43.01,485,481,,,EA,ORB
STARLINK-32743,2024-254U,62480,PAY,+,US,2024-12-31,AFETR,,94.27,43.00,484,482,,,EA,ORB
STARLINK-32753,2024-254V,62481,PAY,+,US,2024-12-31,AFETR,,94.27,43.00,484,482,,,EA,ORB
STARLINK-32699,2024-254W,62482,PAY,+,US,2024-12-31,AFETR,,94.27,43.00,484,482,,,EA,ORB
STARLINK-32713,2025-003A,62487,PAY,+,US,2025-01-06,AFETR,,94.27,43.00,484,482,,,EA,ORB
STARLINK-32732,2025-003B,62488,PAY,+,US,2025-01-06,AFETR,,94.27,43.00,483,483,,,EA,ORB
STARLINK-32328,2025-003C,62489,PAY,+,US,2025-01-06,AFETR,,94.27,43.00,484,482,,,EA,ORB
STARLINK-32332,2025-003D,62490,PAY,+,US,2025-01-06,AFETR,,94.27,43.00,484,482,,,EA,ORB
STARLINK-32717,2025-003E,62491,PAY,+,US,2025-01-06,AFETR,,94.27,43.00,483,483,,,EA,ORB
STARLINK-32757,2025-003F,62492,PAY,+,US,2025-01-06,AFETR,,94.27,43.00,484,482,,,EA,ORB
STARLINK-32731,2025-003G,62493,PAY,+,US,2025-01-06,AFETR,,94.27,43.00,484,483,,,EA,ORB
STARLINK-32694,2025-003H,62494,PAY,+,US,2025-01-06,AFETR,,94.27,43.00,484,482,,,EA,ORB
STARLINK-32708,2025-003J,62495,PAY,+,US,2025-01-06,AFETR,,94.27,43.00,484,482,,,EA,ORB
STARLINK-32718,2025-003K,62496,PAY,+,US,2025-01-06,AFETR,,94.27,43.00,484,482,,,EA,ORB
STARLINK-32729,2025-003L,62497,PAY,+,US,2025-01-06,AFETR,,94.27,43.00,484,482,,,EA,ORB
STARLINK-32739,2025-003M,62498,PAY,+,US,2025-01-06,AFETR,,94.27,43.00,484,482,,,EA,ORB
STARLINK-32714,2025-003N,62499,PAY,+,US,2025-01-06,AFETR,,94.27,43.00,484,482,,,EA,ORB
STARLINK-32685,2025-003P,62500,PAY,+,US,2025-01-06,AFETR,,94.27,43.00,484,482,,,EA,ORB
STARLINK-32691,2025-003Q,62501,PAY,+,US,2025-01-06,AFETR,,94.27,43.00,484,482,,,EA,ORB
STARLINK-32788,2025-003R,62502,PAY,+,US,2025-01-06,AFETR,,94.27,43.00,484,482,,,EA,ORB
STARLINK-32768,2025-003S,62503,PAY,+,US,2025-01-06,AFETR,,94.27,43.00,484,482,,,EA,ORB
STARLINK-32792,2025-003T,62504,PAY,+,US,2025-01-06,AFETR,,94.27,43.00,484,482,,,EA,ORB
STARLINK-32725,2025-003U,62505,PAY,+,US,2025-01-06,AFETR,,94.27,43.00,484,482,,,EA,ORB
STARLINK-32681,2025-003V,62506,PAY,+,US,2025-01-06,AFETR,,94.27,43.00,485,481,,,EA,ORB
STARLINK-32679,2025-003W,62507,PAY,+,US,2025-01-06,AFETR,,94.27,43.00,483,483,,,EA,ORB
STARLINK-32749,2025-003X,62508,PAY,+,US,2025-01-06,AFETR,,94.27,43.00,484,482,,,EA,ORB
STARLINK-32744,2025-003Y,62509,PAY,+,US,2025-01-06,AFETR,,94.27,43.00,484,482,,,EA,ORB
STARLINK-32701,2025-003Z,62510,PAY,+,US,2025-01-06,AFETR,,94.27,43.00,484,482,,,EA,ORB
STARLINK-11452 [DTC],2025-004A,62511,PAY,+,US,2025-01-08,AFETR,,91.67,43.00,357,355,,,EA,ORB
STARLINK-11443 [DTC],2025-004B,62512,PAY,+,US,2025-01-08,AFETR,,91.67,43.00,357,356,,,EA,ORB
STARLINK-11440 [DTC],2025-004C,62513,PAY,+,US,2025-01-08,AFETR,,91.66,43.00,357,355,,,EA,ORB
STARLINK-11514 [DTC],2025-004D,62514,PAY,+,US,2025-01-08,AFETR,,91.66,43.00,357,355,,,EA,ORB
STARLINK-11508 [DTC],2025-004E,62515,PAY,+,US,2025-01-08,AFETR,,91.67,43.00,357,356,,,EA,ORB
STARLINK-11510 [DTC],2025-004F,62516,PAY,+,US,2025-01-08,AFETR,,91.67,43.00,358,354,,,EA,ORB
STARLINK-11512 [DTC],2025-004G,62517,PAY,+,US,2025-01-08,AFETR,,91.66,43.00,357,355,,,EA,ORB
STARLINK-11450 [DTC],2025-004H,62518,PAY,+,US,2025-01-08,AFETR,,91.66,43.00,357,354,,,EA,ORB
STARLINK-11507 [DTC],2025-004J,62519,PAY,+,US,2025-01-08,AFETR,,91.66,43.00,359,353,,,EA,ORB
STARLINK-11482 [DTC],2025-004K,62520,PAY,+,US,2025-01-08,AFETR,,91.66,43.00,357,354,,,EA,ORB
STARLINK-11528 [DTC],2025-004L,62521,PAY,+,US,2025-01-08,AFETR,,91.67,43.00,358,355,,,EA,ORB
STARLINK-11516 [DTC],2025-004M,62522,PAY,+,US,2025-01-08,AFETR,,91.67,43.00,357,355,,,EA,ORB
STARLINK-11527 [DTC],2025-004N,62523,PAY,+,US,2025-01-08,AFETR,,91.67,43.00,357,356,,,EA,ORB
STARLINK-32748,2025-004P,62524,PAY,+,US,2025-01-08,AFETR,,94.27,43.00,484,482,,,EA,ORB
STARLINK-32777,2025-004Q,62525,PAY,+,US,2025-01-08,AFETR,,94.27,43.00,484,482,,,EA,ORB
STARLINK-32741,2025-004R,62526,PAY,+,US,2025-01-08,AFETR,,94.27,43.00,484,482,,,EA,ORB
STARLINK-32754,2025-004S,62527,PAY,+,US,2025-01-08,AFETR,,94.27,43.00,484,482,,,EA,ORB
STARLINK-32786,2025-004T,62528,PAY,+,US,2025-01-08,AFETR,,94.27,43.00,484,482,,,EA,ORB
STARLINK-32789,2025-004U,62529,PAY,+,US,2025-01-08,AFETR,,94.27,43.00,484,482,,,EA,ORB
STARLINK-32791,2025-004V,62530,PAY,+,US,2025-01-08,AFETR,,94.27,43.00,484,482,,,EA,ORB
STARLINK-32785,2025-004W,62531,PAY,+,US,2025-01-08,AFETR,,94.27,43.00,484,482,,,EA,ORB
STARLINK-11538 [DTC],2025-006A,62554,PAY,+,US,2025-01-10,AFETR,,91.67,43.00,358,355,,,EA,ORB
STARLINK-11534 [DTC],2025-006B,62555,PAY,+,US,2025-01-10,AFETR,,91.67,43.00,359,354,,,EA,ORB
STARLINK-11515 [DTC],2025-006C,62556,PAY,+,US,2025-01-10,AFETR,,91.66,43.00,357,355,,,EA,ORB
STARLINK-11478 [DTC],2025-006D,62557,PAY,+,US,2025-01-10,AFETR,,91.67,43.00,359,354,,,EA,ORB
STARLINK-11358 [DTC],2025-006E,62558,PAY,+,US,2025-01-10,AFETR,,91.67,43.00,358,355,,,EA,ORB
STARLINK-11517 [DTC],2025-006F,62559,PAY,+,US,2025-01-10,AFETR,,91.67,43.00,358,355,,,EA,ORB
STARLINK-11519 [DTC],2025-006G,62560,PAY,+,US,2025-01-10,AFETR,,91.66,43.00,358,354,,,EA,ORB
STARLINK-11451 [DTC],2025-006H,62561,PAY,+,US,2025-01-10,AFETR,,91.67,43.00,359,354,,,EA,ORB
STARLINK-11530 [DTC],2025-006J,62562,PAY,+,US,2025-01-10,AFETR,,91.66,43.00,358,355,,,EA,ORB
STARLINK-11536 [DTC],2025-006K,62563,PAY,+,US,2025-01-10,AFETR,,91.67,43.00,358,355,,,EA,ORB
STARLINK-11540 [DTC],2025-006L,62564,PAY,+,US,2025-01-10,AFETR,,91.66,43.00,358,354,,,EA,ORB
STARLINK-11523 [DTC],2025-006M,62565,PAY,+,US,2025-01-10,AFETR,,91.66,43.00,358,354,,,EA,ORB
STARLINK-11525 [DTC],2025-006N,62566,PAY,+,US,2025-01-10,AFETR,,91.67,43.00,358,355,,,EA,ORB
STARLINK-32752,2025-006P,62567,PAY,+,US,2025-01-10,AFETR,,94.27,43.00,484,482,,,EA,ORB
STARLINK-32760,2025-006Q,62568,PAY,+,US,2025-01-10,AFETR,,94.27,43.00,484,482,,,EA,ORB
STARLINK-32715,2025-006R,62569,PAY,+,US,2025-01-10,AFETR,,94.27,43.00,483,483,,,EA,ORB
STARLINK-32764,2025-006S,62570,PAY,+,US,2025-01-10,AFETR,,94.27,43.00,484,482,,,EA,ORB
STARLINK-32773,2025-006T,62571,PAY,+,US,2025-01-10,AFETR,,94.27,43.00,484,482,,,EA,ORB
STARLINK-32750,2025-006U,62572,PAY,+,US,2025-01-10,AFETR,,94.27,43.00,484,482,,,EA,ORB
STARLINK-32771,2025-006V,62573,PAY,+,US,2025-01-10,AFETR,,94.27,43.00,484,482,,,EA,ORB
STARLINK-32766,2025-006W,62574,PAY,+,US,2025-01-10,AFETR,,94.27,43.00,484,482,,,EA,ORB
STARLINK-11547 [DTC],2025-008A,62587,PAY,+,US,2025-01-13,AFETR,,91.67,43.00,358,355,,,EA,ORB
STARLINK-11185 [DTC],2025-008B,62588,PAY,+,US,2025-01-13,AFETR,,91.68,43.00,358,356,,,EA,ORB
STARLINK-11513 [DTC],2025-008C,62589,PAY,+,US,2025-01-13,AFETR,,91.67,43.00,359,354,,,EA,ORB
STARLINK-11397 [DTC],2025-008D,62590,PAY,+,US,2025-01-13,AFETR,,91.67,43.00,357,356,,,EA,ORB
STARLINK-11420 [DTC],2025-008E,62591,PAY,+,US,2025-01-13,AFETR,,91.67,43.00,358,355,,,EA,ORB
STARLINK-11415 [DTC],2025-008F,62592,PAY,+,US,2025-01-13,AFETR,,91.67,43.00,359,354,,,EA,ORB
STARLINK-11413 [DTC],2025-008G,62593,PAY,+,US,2025-01-13,AFETR,,91.67,43.00,359,354,,,EA,ORB
STARLINK-11535 [DTC],2025-008J,62595,PAY,+,US,2025-01-13,AFETR,,91.67,43.00,358,355,,,EA,ORB
STARLINK-11521 [DTC],2025-008L,62597,PAY,+,US,2025-01-13,AFETR,,91.67,43.00,357,356,,,EA,ORB
STARLINK-11258 [DTC],2025-008M,62598,PAY,+,US,2025-01-13,AFETR,,91.67,43.00,357,355,,,EA,ORB
STARLINK-11529 [DTC],2025-008N,62599,PAY,+,US,2025-01-13,AFETR,,91.67,43.00,358,355,,,EA,ORB
STARLINK-32747,2025-008P,62600,PAY,+,US,2025-01-13,AFETR,,94.27,43.00,484,482,,,EA,ORB
STARLINK-32767,2025-008Q,62601,PAY,+,US,2025-01-13,AFETR,,94.27,43.00,484,482,,,EA,ORB
STARLINK-32769,2025-008R,62602,PAY,+,US,2025-01-13,AFETR,,94.27,43.00,484,482,,,EA,ORB
STARLINK-32778,2025-008S,62603,PAY,+,US,2025-01-13,AFETR,,94.27,43.00,484,482,,,EA,ORB
STARLINK-32710,2025-008T,62604,PAY,+,US,2025-01-13,AFETR,,94.27,43.00,484,482,,,EA,ORB
STARLINK-32742,2025-008U,62605,PAY,+,US,2025-01-13,AFETR,,94.27,43.00,484,482,,,EA,ORB
STARLINK-32783,2025-008V,62606,PAY,+,US,2025-01-13,AFETR,,94.27,43.00,484,483,,,EA,ORB
STARLINK-32784,2025-008W,62607,PAY,P,US,2025-01-13,AFETR,,91.65,42.98,374,338,,,EA,ORB
STARLINK-32806,2025-014A,62735,PAY,+,US,2025-01-21,AFETR,,94.27,43.00,484,483,,,EA,ORB
STARLINK-32329,2025-014B,62736,PAY,+,US,2025-01-21,AFETR,,94.27,43.01,486,480,,,EA,ORB
STARLINK-32774,2025-014C,62737,PAY,+,US,2025-01-21,AFETR,,94.27,43.00,484,482,,,EA,ORB
STARLINK-32802,2025-014D,62738,PAY,+,US,2025-01-21,AFETR,,94.27,43.00,484,482,,,EA,ORB
STARLINK-32796,2025-014E,62739,PAY,+,US,2025-01-21,AFETR,,94.27,43.00,484,482,,,EA,ORB
STARLINK-32805,2025-014F,62740,PAY,+,US,2025-01-21,AFETR,,94.27,43.00,484,482,,,EA,ORB
STARLINK-32770,2025-014G,62741,PAY,+,US,2025-01-21,AFETR,,94.27,43.00,484,482,,,EA,ORB
STARLINK-32775,2025-014H,62742,PAY,+,US,2025-01-21,AFETR,,94.27,43.00,484,482,,,EA,ORB
STARLINK-32800,2025-014J,62743,PAY,+,US,2025-01-21,AFETR,,94.27,43.00,484,482,,,EA,ORB
STARLINK-32758,2025-014K,62744,PAY,+,US,2025-01-21,AFETR,,94.27,43.00,484,482,,,EA,ORB
STARLINK-32746,2025-014L,62745,PAY,+,US,2025-01-21,AFETR,,94.27,43.00,485,481,,,EA,ORB
STARLINK-32780,2025-014M,62746,PAY,+,US,2025-01-21,AFETR,,94.27,43.00,483,483,,,EA,ORB
STARLINK-32765,2025-014N,62747,PAY,+,US,2025-01-21,AFETR,,94.27,43.00,484,482,,,EA,ORB
STARLINK-32762,2025-014P,62748,PAY,+,US,2025-01-21,AFETR,,94.27,43.01,484,482,,,EA,ORB
STARLINK-32761,2025-014Q,62749,PAY,+,US,2025-01-21,AFETR,,94.27,43.00,484,482,,,EA,ORB
STARLINK-32763,2025-014R,62750,PAY,+,US,2025-01-21,AFETR,,94.27,43.00,484,483,,,EA,ORB
STARLINK-32759,2025-014S,62751,PAY,+,US,2025-01-21,AFETR,,94.27,43.00,484,482,,,EA,ORB
STARLINK-32756,2025-014T,62752,PAY,+,US,2025-01-21,AFETR,,94.27,43.00,484,483,,,EA,ORB
STARLINK-32751,2025-014U,62753,PAY,+,US,2025-01-21,AFETR,,94.27,43.01,484,482,,,EA,ORB
STARLINK-32740,2025-014V,62754,PAY,+,US,2025-01-21,AFETR,,94.26,43.00,484,482,,,EA,ORB
STARLINK-32745,2025-014W,62755,PAY,+,US,2025-01-21,AFETR,,94.27,42.99,484,483,,,EA,ORB
STARLINK-33596,2025-015A,62758,PAY,+,US,2025-01-21,AFWTR,,94.01,53.16,471,470,,,EA,ORB
STARLINK-33589,2025-015B,62759,PAY,+,US,2025-01-21,AFWTR,,94.01,53.16,471,470,,,EA,ORB
STARLINK-33575,2025-015C,62760,PAY,+,US,2025-01-21,AFWTR,,93.85,53.16,464,461,,,EA,ORB
STARLINK-33584,2025-015D,62761,PAY,+,US,2025-01-21,AFWTR,,93.85,53.16,464,462,,,EA,ORB
STARLINK-33577,2025-015E,62762,PAY,+,US,2025-01-21,AFWTR,,94.01,53.16,471,470,,,EA,ORB
STARLINK-33597,2025-015F,62763,PAY,+,US,2025-01-21,AFWTR,,94.01,53.16,471,470,,,EA,ORB
STARLINK-33579,2025-015G,62764,PAY,+,US,2025-01-21,AFWTR,,94.01,53.16,472,470,,,EA,ORB
STARLINK-33592,2025-015H,62765,PAY,+,US,2025-01-21,AFWTR,,93.85,53.16,463,462,,,EA,ORB
STARLINK-33595,2025-015J,62766,PAY,+,US,2025-01-21,AFWTR,,93.85,53.16,463,462,,,EA,ORB
STARLINK-33572,2025-015K,62767,PAY,+,US,2025-01-21,AFWTR,,93.85,53.16,464,462,,,EA,ORB
STARLINK-33601,2025-015L,62768,PAY,+,US,2025-01-21,AFWTR,,93.85,53.16,464,461,,,EA,ORB
STARLINK-33569,2025-015M,62769,PAY,+,US,2025-01-21,AFWTR,,93.85,53.16,464,462,,,EA,ORB
STARLINK-33594,2025-015N,62770,PAY,+,US,2025-01-21,AFWTR,,94.01,53.16,472,469,,,EA,ORB
STARLINK-33598,2025-015P,62771,PAY,+,US,2025-01-21,AFWTR,,93.85,53.16,463,462,,,EA,ORB
STARLINK-33600,2025-015Q,62772,PAY,+,US,2025-01-21,AFWTR,,94.01,53.16,471,470,,,EA,ORB
STARLINK-33567,2025-015R,62773,PAY,+,US,2025-01-21,AFWTR,,93.84,53.16,463,462,,,EA,ORB
STARLINK-33574,2025-015S,62774,PAY,+,US,2025-01-21,AFWTR,,93.85,53.15,463,462,,,EA,ORB
STARLINK-33576,2025-015T,62775,PAY,+,US,2025-01-21,AFWTR,,93.85,53.16,464,462,,,EA,ORB
STARLINK-33570,2025-015U,62776,PAY,+,US,2025-01-21,AFWTR,,93.85,53.16,464,462,,,EA,ORB
STARLINK-33591,2025-015V,62777,PAY,+,US,2025-01-21,AFWTR,,93.85,53.16,464,462,,,EA,ORB
STARLINK-33573,2025-015W,62778,PAY,+,US,2025-01-21,AFWTR,,93.85,53.16,464,462,,,EA,ORB
STARLINK-33568,2025-015X,62779,PAY,+,US,2025-01-21,AFWTR,,93.85,53.16,464,462,,,EA,ORB
STARLINK-33593,2025-015Y,62780,PAY,+,US,2025-01-21,AFWTR,,93.85,53.16,463,462,,,EA,ORB
STARLINK-33588,2025-015Z,62781,PAY,+,US,2025-01-21,AFWTR,,93.85,53.16,463,462,,,EA,ORB
STARLINK-33585,2025-015AA,62782,PAY,+,US,2025-01-21,AFWTR,,94.01,53.16,472,470,,,EA,ORB
STARLINK-33582,2025-015AB,62783,PAY,+,US,2025-01-21,AFWTR,,92.23,53.14,388,380,,,EA,ORB
STARLINK-33581,2025-015AC,62784,PAY,+,US,2025-01-21,AFWTR,,94.01,53.16,471,470,,,EA,ORB
STARLINK-32883,2025-018A,62806,PAY,+,US,2025-01-24,AFWTR,,93.85,53.16,463,462,,,EA,ORB
STARLINK-32886,2025-018B,62807,PAY,+,US,2025-01-24,AFWTR,,93.85,53.16,464,462,,,EA,ORB
STARLINK-32848,2025-018C,62808,PAY,+,US,2025-01-24,AFWTR,,94.01,53.16,472,469,,,EA,ORB
STARLINK-32787,2025-018D,62809,PAY,+,US,2025-01-24,AFWTR,,93.85,53.16,463,462,,,EA,ORB
STARLINK-32851,2025-018E,62810,PAY,+,US,2025-01-24,AFWTR,,93.85,53.16,463,462,,,EA,ORB
STARLINK-32847,2025-018F,62811,PAY,+,US,2025-01-24,AFWTR,,93.85,53.16,464,461,,,EA,ORB
STARLINK-32837,2025-018G,62812,PAY,+,US,2025-01-24,AFWTR,,93.85,53.16,464,462,,,EA,ORB
STARLINK-32855,2025-018H,62813,PAY,+,US,2025-01-24,AFWTR,,93.85,53.16,464,462,,,EA,ORB
STARLINK-32843,2025-018J,62814,PAY,+,US,2025-01-24,AFWTR,,94.01,53.16,471,470,,,EA,ORB
STARLINK-32845,2025-018K,62815,PAY,+,US,2025-01-24,AFWTR,,93.57,53.16,454,445,,,EA,ORB
STARLINK-32854,2025-018L,62816,PAY,+,US,2025-01-24,AFWTR,,93.85,53.16,464,462,,,EA,ORB
STARLINK-32824,2025-018M,62817,PAY,+,US,2025-01-24,AFWTR,,93.85,53.16,463,462,,,EA,ORB
STARLINK-32853,2025-018N,62818,PAY,+,US,2025-01-24,AFWTR,,93.85,53.16,463,462,,,EA,ORB
STARLINK-32856,2025-018P,62819,PAY,+,US,2025-01-24,AFWTR,,93.85,53.16,463,462,,,EA,ORB
STARLINK-32844,2025-018Q,62820,PAY,+,US,2025-01-24,AFWTR,,94.01,53.16,472,470,,,EA,ORB
STARLINK-32782,2025-018R,62821,PAY,+,US,2025-01-24,AFWTR,,93.85,53.16,463,462,,,EA,ORB
STARLINK-32842,2025-018S,62822,PAY,+,US,2025-01-24,AFWTR,,93.85,53.16,463,462,,,EA,ORB
STARLINK-32852,2025-018U,62824,PAY,+,US,2025-01-24,AFWTR,,93.85,53.16,464,462,,,EA,ORB
STARLINK-32825,2025-018V,62825,PAY,+,US,2025-01-24,AFWTR,,93.85,53.16,464,462,,,EA,ORB
STARLINK-32704,2025-018W,62826,PAY,+,US,2025-01-24,AFWTR,,92.51,53.15,401,394,,,EA,ORB
STARLINK-32727,2025-018Y,62828,PAY,+,US,2025-01-24,AFWTR,,93.85,53.16,464,462,,,EA,ORB
STARLINK-11548 [DTC],2025-019A,62829,PAY,+,US,2025-01-27,AFETR,,91.67,43.00,358,354,,,EA,ORB
STARLINK-11480 [DTC],2025-019B,62830,PAY,+,US,2025-01-27,AFETR,,91.67,43.00,358,355,,,EA,ORB
STARLINK-11559 [DTC],2025-019C,62831,PAY,+,US,2025-01-27,AFETR,,91.67,43.00,357,355,,,EA,ORB
STARLINK-11549 [DTC],2025-019D,62832,PAY,+,US,2025-01-27,AFETR,,91.66,43.00,359,353,,,EA,ORB
STARLINK-11554 [DTC],2025-019E,62833,PAY,+,US,2025-01-27,AFETR,,91.67,43.00,358,355,,,EA,ORB
STARLINK-11520 [DTC],2025-019F,62834,PAY,+,US,2025-01-27,AFETR,,91.67,43.00,357,356,,,EA,ORB
STARLINK-11546 [DTC],2025-019G,62835,PAY,+,US,2025-01-27,AFETR,,91.67,43.00,357,356,,,EA,ORB
STARLINK-11533 [DTC],2025-019H,62836,PAY,+,US,2025-01-27,AFETR,,91.67,43.00,357,355,,,EA,ORB
STARLINK-11557 [DTC],2025-019J,62837,PAY,+,US,2025-01-27,AFETR,,91.67,43.00,358,355,,,EA,ORB
STARLINK-11556 [DTC],2025-019K,62838,PAY,+,US,2025-01-27,AFETR,,91.67,43.00,358,355,,,EA,ORB
STARLINK-11524 [DTC],2025-019L,62839,PAY,+,US,2025-01-27,AFETR,,91.67,43.00,357,356,,,EA,ORB
STARLINK-11551 [DTC],2025-019M,62840,PAY,+,US,2025-01-27,AFETR,,91.67,43.00,358,355,,,EA,ORB
STARLINK-11531 [DTC],2025-019N,62841,PAY,+,US,2025-01-27,AFETR,,91.66,43.00,357,355,,,EA,ORB
STARLINK-32755,2025-019P,62842,PAY,+,US,2025-01-27,AFETR,,94.27,43.00,484,482,,,EA,ORB
STARLINK-32797,2025-019Q,62843,PAY,+,US,2025-01-27,AFETR,,94.27,43.00,484,482,,,EA,ORB
STARLINK-32794,2025-019R,62844,PAY,+,US,2025-01-27,AFETR,,94.27,43.00,484,482,,,EA,ORB
STARLINK-32807,2025-019S,62845,PAY,+,US,2025-01-27,AFETR,,94.27,43.00,484,482,,,EA,ORB
STARLINK-32804,2025-019T,62846,PAY,+,US,2025-01-27,AFETR,,94.27,43.00,485,481,,,EA,ORB
STARLINK-32799,2025-019U,62847,PAY,+,US,2025-01-27,AFETR,,94.27,43.00,484,482,,,EA,ORB
STARLINK-32781,2025-019V,62848,PAY,+,US,2025-01-27,AFETR,,94.28,43.00,485,482,,,EA,ORB
STARLINK-32809,2025-019W,62849,PAY,+,US,2025-01-27,AFETR,,94.27,43.00,484,482,,,EA,ORB
STARLINK-32868,2025-022A,62854,PAY,+,US,2025-02-01,AFWTR,,93.85,53.16,464,462,,,EA,ORB
STARLINK-32867,2025-022B,62855,PAY,+,US,2025-02-01,AFWTR,,93.85,53.16,463,462,,,EA,ORB
STARLINK-32860,2025-022C,62856,PAY,+,US,2025-02-01,AFWTR,,93.85,53.16,463,462,,,EA,ORB
STARLINK-32873,2025-022D,62857,PAY,+,US,2025-02-01,AFWTR,,93.85,53.16,463,462,,,EA,ORB
STARLINK-32866,2025-022E,62858,PAY,+,US,2025-02-01,AFWTR,,93.85,53.16,463,462,,,EA,ORB
STARLINK-32869,2025-022F,62859,PAY,+,US,2025-02-01,AFWTR,,93.85,53.16,464,462,,,EA,ORB
STARLINK-32831,2025-022G,62860,PAY,+,US,2025-02-01,AFWTR,,93.85,53.16,463,462,,,EA,ORB
STARLINK-32859,2025-022H,62861,PAY,+,US,2025-02-01,AFWTR,,93.85,53.16,463,462,,,EA,ORB
STARLINK-32864,2025-022J,62862,PAY,+,US,2025-02-01,AFWTR,,93.85,53.16,463,462,,,EA,ORB
STARLINK-32808,2025-022K,62863,PAY,+,US,2025-02-01,AFWTR,,93.85,53.16,463,462,,,EA,ORB
STARLINK-32862,2025-022L,62864,PAY,+,US,2025-02-01,AFWTR,,93.85,53.16,463,462,,,EA,ORB
STARLINK-32841,2025-022M,62865,PAY,+,US,2025-02-01,AFWTR,,93.85,53.16,464,462,,,EA,ORB
STARLINK-32695,2025-022N,62866,PAY,+,US,2025-02-01,AFWTR,,93.85,53.16,463,462,,,EA,ORB
STARLINK-32846,2025-022P,62867,PAY,+,US,2025-02-01,AFWTR,,93.85,53.16,464,462,,,EA,ORB
STARLINK-32822,2025-022Q,62868,PAY,+,US,2025-02-01,AFWTR,,93.85,53.16,463,462,,,EA,ORB
STARLINK-32813,2025-022R,62869,PAY,+,US,2025-02-01,AFWTR,,93.85,53.16,464,462,,,EA,ORB
STARLINK-32861,2025-022S,62870,PAY,+,US,2025-02-01,AFWTR,,93.85,53.16,463,462,,,EA,ORB
STARLINK-32814,2025-022T,62871,PAY,+,US,2025-02-01,AFWTR,,93.85,53.16,464,462,,,EA,ORB
STARLINK-32849,2025-022U,62872,PAY,+,US,2025-02-01,AFWTR,,93.85,53.16,463,462,,,EA,ORB
STARLINK-32833,2025-022V,62873,PAY,+,US,2025-02-01,AFWTR,,93.85,53.16,463,462,,,EA,ORB
STARLINK-32793,2025-022W,62874,PAY,+,US,2025-02-01,AFWTR,,93.85,53.16,464,462,,,EA,ORB
STARLINK-32834,2025-022X,62875,PAY,+,US,2025-02-01,AFWTR,,93.85,53.16,464,462,,,EA,ORB
STARLINK-11371 [DTC],2025-024A,62879,PAY,+,US,2025-02-04,AFETR,,91.67,43.00,359,354,,,EA,ORB
STARLINK-11352 [DTC],2025-024B,62880,PAY,+,US,2025-02-04,AFETR,,91.67,43.00,358,355,,,EA,ORB
STARLINK-11382 [DTC],2025-024C,62881,PAY,+,US,2025-02-04,AFETR,,91.67,43.00,357,355,,,EA,ORB
STARLINK-11432 [DTC],2025-024D,62882,PAY,+,US,2025-02-04,AFETR,,91.66,43.00,358,355,,,EA,ORB
STARLINK-11419 [DTC],2025-024E,62883,PAY,+,US,2025-02-04,AFETR,,91.66,43.00,359,353,,,EA,ORB
STARLINK-11437 [DTC],2025-024F,62884,PAY,+,US,2025-02-04,AFETR,,91.66,43.00,358,354,,,EA,ORB
STARLINK-11442 [DTC],2025-024G,62885,PAY,+,US,2025-02-04,AFETR,,91.67,43.00,358,355,,,EA,ORB
STARLINK-11365 [DTC],2025-024H,62886,PAY,+,US,2025-02-04,AFETR,,91.67,43.00,357,355,,,EA,ORB
STARLINK-11436 [DTC],2025-024J,62887,PAY,+,US,2025-02-04,AFETR,,91.66,43.00,357,355,,,EA,ORB
STARLINK-11438 [DTC],2025-024K,62888,PAY,+,US,2025-02-04,AFETR,,91.67,43.00,358,355,,,EA,ORB
STARLINK-11391 [DTC],2025-024L,62889,PAY,+,US,2025-02-04,AFETR,,91.67,43.00,357,356,,,EA,ORB
STARLINK-11431 [DTC],2025-024M,62890,PAY,+,US,2025-02-04,AFETR,,91.67,43.00,358,355,,,EA,ORB
STARLINK-11435 [DTC],2025-024N,62891,PAY,+,US,2025-02-04,AFETR,,91.67,43.00,358,355,,,EA,ORB
STARLINK-32878,2025-024P,62892,PAY,+,US,2025-02-04,AFETR,,94.27,43.00,484,482,,,EA,ORB
STARLINK-32892,2025-024Q,62893,PAY,+,US,2025-02-04,AFETR,,94.27,43.00,484,482,,,EA,ORB
STARLINK-32909,2025-024R,62894,PAY,+,US,2025-02-04,AFETR,,94.27,43.00,484,482,,,EA,ORB
STARLINK-32901,2025-024S,62895,PAY,+,US,2025-02-04,AFETR,,94.27,43.00,484,482,,,EA,ORB
STARLINK-32890,2025-024T,62896,PAY,+,US,2025-02-04,AFETR,,94.27,43.00,484,482,,,EA,ORB
STARLINK-32893,2025-024U,62897,PAY,+,US,2025-02-04,AFETR,,94.27,43.00,484,482,,,EA,ORB
STARLINK-32902,2025-024V,62898,PAY,+,US,2025-02-04,AFETR,,94.27,43.00,484,482,,,EA,ORB
STARLINK-32661,2025-024W,62899,PAY,+,US,2025-02-04,AFETR,,94.27,43.00,484,482,,,EA,ORB
STARLINK-11552 [DTC],2025-027A,62907,PAY,+,US,2025-02-08,AFETR,,91.67,43.00,358,355,,,EA,ORB
STARLINK-11561 [DTC],2025-027B,62908,PAY,+,US,2025-02-08,AFETR,,91.67,43.00,358,355,,,EA,ORB
STARLINK-11567 [DTC],2025-027C,62909,PAY,+,US,2025-02-08,AFETR,,91.67,43.00,358,355,,,EA,ORB
STARLINK-11569 [DTC],2025-027D,62910,PAY,+,US,2025-02-08,AFETR,,91.67,43.00,359,354,,,EA,ORB
STARLINK-11537 [DTC],2025-027E,62911,PAY,+,US,2025-02-08,AFETR,,91.67,43.00,357,356,,,EA,ORB
STARLINK-11565 [DTC],2025-027F,62912,PAY,+,US,2025-02-08,AFETR,,91.67,43.00,357,356,,,EA,ORB
STARLINK-11564 [DTC],2025-027G,62913,PAY,+,US,2025-02-08,AFETR,,91.67,43.00,357,356,,,EA,ORB
STARLINK-11566 [DTC],2025-027H,62914,PAY,+,US,2025-02-08,AFETR,,91.67,43.00,358,355,,,EA,ORB
STARLINK-11555 [DTC],2025-027J,62915,PAY,+,US,2025-02-08,AFETR,,91.66,43.00,358,354,,,EA,ORB
STARLINK-11430 [DTC],2025-027K,62916,PAY,+,US,2025-02-08,AFETR,,91.67,43.00,357,356,,,EA,ORB
STARLINK-11560 [DTC],2025-027L,62917,PAY,+,US,2025-02-08,AFETR,,91.67,43.00,358,355,,,EA,ORB
STARLINK-11562 [DTC],2025-027M,62918,PAY,+,US,2025-02-08,AFETR,,91.67,43.00,357,356,,,EA,ORB
STARLINK-11457 [DTC],2025-027N,62919,PAY,+,US,2025-02-08,AFETR,,91.67,43.00,357,356,,,EA,ORB
STARLINK-32921,2025-027P,62920,PAY,+,US,2025-02-08,AFETR,,94.07,43.00,476,471,,,EA,ORB
STARLINK-32917,2025-027Q,62921,PAY,+,US,2025-02-08,AFETR,,94.27,43.00,485,481,,,EA,ORB
STARLINK-32916,2025-027R,62922,PAY,+,US,2025-02-08,AFETR,,94.27,43.00,484,482,,,EA,ORB
STARLINK-32905,2025-027S,62923,PAY,+,US,2025-02-08,AFETR,,94.27,43.00,484,482,,,EA,ORB
STARLINK-32871,2025-027T,62924,PAY,+,US,2025-02-08,AFETR,,94.27,43.00,484,482,,,EA,ORB
STARLINK-32920,2025-027U,62925,PAY,+,US,2025-02-08,AFETR,,94.27,43.00,484,482,,,EA,ORB
STARLINK-32922,2025-027V,62926,PAY,+,US,2025-02-08,AFETR,,94.27,43.00,484,482,,,EA,ORB
STARLINK-32891,2025-027W,62927,PAY,+,US,2025-02-08,AFETR,,94.27,43.00,483,483,,,EA,ORB
STARLINK-32728,2025-029A,62948,PAY,+,US,2025-02-11,AFWTR,,93.85,53.16,465,461,,,EA,ORB
STARLINK-32857,2025-029B,62949,PAY,+,US,2025-02-11,AFWTR,,93.85,53.16,464,461,,,EA,ORB
STARLINK-32850,2025-029C,62950,PAY,+,US,2025-02-11,AFWTR,,94.01,53.16,471,470,,,EA,ORB
STARLINK-32875,2025-029D,62951,PAY,+,US,2025-02-11,AFWTR,,93.85,53.16,464,462,,,EA,ORB
STARLINK-32865,2025-029E,62952,PAY,+,US,2025-02-11,AFWTR,,94.01,53.16,473,469,,,EA,ORB
STARLINK-32884,2025-029F,62953,PAY,+,US,2025-02-11,AFWTR,,93.85,53.16,463,462,,,EA,ORB
STARLINK-32874,2025-029G,62954,PAY,+,US,2025-02-11,AFWTR,,93.85,53.16,464,462,,,EA,ORB
STARLINK-32880,2025-029H,62955,PAY,+,US,2025-02-11,AFWTR,,94.01,53.16,471,470,,,EA,ORB
STARLINK-32815,2025-029J,62956,PAY,+,US,2025-02-11,AFWTR,,93.85,53.16,464,462,,,EA,ORB
STARLINK-32879,2025-029K,62957,PAY,+,US,2025-02-11,AFWTR,,94.01,53.16,471,470,,,EA,ORB
STARLINK-32885,2025-029L,62958,PAY,+,US,2025-02-11,AFWTR,,93.85,53.16,464,461,,,EA,ORB
STARLINK-32896,2025-029M,62959,PAY,+,US,2025-02-11,AFWTR,,93.85,53.16,463,462,,,EA,ORB
STARLINK-32877,2025-029N,62960,PAY,+,US,2025-02-11,AFWTR,,93.85,53.16,463,462,,,EA,ORB
STARLINK-32889,2025-029P,62961,PAY,+,US,2025-02-11,AFWTR,,93.85,53.16,464,462,,,EA,ORB
STARLINK-32858,2025-029Q,62962,PAY,+,US,2025-02-11,AFWTR,,93.85,53.16,463,462,,,EA,ORB
STARLINK-32882,2025-029R,62963,PAY,+,US,2025-02-11,AFWTR,,93.85,53.16,464,462,,,EA,ORB
STARLINK-32887,2025-029S,62964,PAY,+,US,2025-02-11,AFWTR,,93.85,53.15,463,462,,,EA,ORB
STARLINK-32836,2025-029T,62965,PAY,+,US,2025-02-11,AFWTR,,93.85,53.16,464,462,,,EA,ORB
STARLINK-32888,2025-029U,62966,PAY,+,US,2025-02-11,AFWTR,,93.85,53.16,464,461,,,EA,ORB
STARLINK-32897,2025-029V,62967,PAY,+,US,2025-02-11,AFWTR,,93.85,53.16,464,462,,,EA,ORB
STARLINK-32863,2025-029W,62968,PAY,+,US,2025-02-11,AFWTR,,94.01,53.16,472,470,,,EA,ORB
STARLINK-32894,2025-029X,62969,PAY,+,US,2025-02-11,AFWTR,,93.85,53.16,463,462,,,EA,ORB
STARLINK-32826,2025-029Y,62970,PAY,+,US,2025-02-11,AFWTR,,93.85,53.16,464,462,,,EA,ORB
STARLINK-11543 [DTC],2025-031A,62981,PAY,+,US,2025-02-11,AFETR,,91.67,43.00,358,355,,,EA,ORB
STARLINK-11458 [DTC],2025-031B,62982,PAY,+,US,2025-02-11,AFETR,,91.66,43.00,358,355,,,EA,ORB
STARLINK-11417 [DTC],2025-031C,62983,PAY,+,US,2025-02-11,AFETR,,91.67,43.00,357,356,,,EA,ORB
STARLINK-11544 [DTC],2025-031D,62984,PAY,+,US,2025-02-11,AFETR,,91.66,43.00,357,355,,,EA,ORB
STARLINK-11582 [DTC],2025-031E,62985,PAY,+,US,2025-02-11,AFETR,,91.67,43.00,358,355,,,EA,ORB
STARLINK-11571 [DTC],2025-031F,62986,PAY,+,US,2025-02-11,AFETR,,91.67,43.00,358,355,,,EA,ORB
STARLINK-11539 [DTC],2025-031G,62987,PAY,+,US,2025-02-11,AFETR,,91.67,43.00,357,356,,,EA,ORB
STARLINK-11542 [DTC],2025-031H,62988,PAY,+,US,2025-02-11,AFETR,,91.67,43.00,357,356,,,EA,ORB
STARLINK-11573 [DTC],2025-031J,62989,PAY,+,US,2025-02-11,AFETR,,91.67,43.00,357,356,,,EA,ORB
STARLINK-11572 [DTC],2025-031K,62990,PAY,+,US,2025-02-11,AFETR,,91.67,43.00,357,356,,,EA,ORB
STARLINK-11583 [DTC],2025-031L,62991,PAY,+,US,2025-02-11,AFETR,,91.67,43.00,359,354,,,EA,ORB
STARLINK-11570 [DTC],2025-031M,62992,PAY,+,US,2025-02-11,AFETR,,91.67,43.00,357,356,,,EA,ORB
STARLINK-11576 [DTC],2025-031N,62993,PAY,+,US,2025-02-11,AFETR,,91.67,43.00,357,355,,,EA,ORB
STARLINK-32899,2025-031P,62994,PAY,+,US,2025-02-11,AFETR,,94.27,43.00,484,482,,,EA,ORB
STARLINK-32819,2025-031Q,62995,PAY,+,US,2025-02-11,AFETR,,94.27,43.00,484,482,,,EA,ORB
STARLINK-32703,2025-031R,62996,PAY,+,US,2025-02-11,AFETR,,94.27,43.00,485,481,,,EA,ORB
STARLINK-32881,2025-031S,62997,PAY,+,US,2025-02-11,AFETR,,94.27,43.00,484,482,,,EA,ORB
STARLINK-32898,2025-031T,62998,PAY,+,US,2025-02-11,AFETR,,94.27,43.00,484,482,,,EA,ORB
STARLINK-32658,2025-031U,62999,PAY,+,US,2025-02-11,AFETR,,94.27,43.00,484,482,,,EA,ORB
STARLINK-32673,2025-031V,63000,PAY,+,US,2025-02-11,AFETR,,94.27,43.00,484,482,,,EA,ORB
STARLINK-32437,2025-031W,63001,PAY,+,US,2025-02-11,AFETR,,94.27,43.00,484,483,,,EA,ORB
STARLINK-11448 [DTC],2025-032A,63005,PAY,+,US,2025-02-15,AFETR,,91.67,43.00,357,355,,,EA,ORB
STARLINK-11553 [DTC],2025-032B,63006,PAY,+,US,2025-02-15,AFETR,,91.67,43.00,358,355,,,EA,ORB
STARLINK-11526 [DTC],2025-032C,63007,PAY,+,US,2025-02-15,AFETR,,91.67,43.00,358,355,,,EA,ORB
STARLINK-11405 [DTC],2025-032D,63008,PAY,+,US,2025-02-15,AFETR,,91.66,43.00,357,355,,,EA,ORB
STARLINK-11586 [DTC],2025-032E,63009,PAY,+,US,2025-02-15,AFETR,,91.67,43.00,357,356,,,EA,ORB
STARLINK-11574 [DTC],2025-032F,63010,PAY,+,US,2025-02-15,AFETR,,91.67,43.00,358,355,,,EA,ORB
STARLINK-11580 [DTC],2025-032G,63011,PAY,+,US,2025-02-15,AFETR,,91.67,43.00,358,355,,,EA,ORB
STARLINK-11449 [DTC],2025-032H,63012,PAY,+,US,2025-02-15,AFETR,,91.67,43.00,358,354,,,EA,ORB
STARLINK-11577 [DTC],2025-032J,63013,PAY,+,US,2025-02-15,AFETR,,91.67,43.00,357,355,,,EA,ORB
STARLINK-11578 [DTC],2025-032K,63014,PAY,+,US,2025-02-15,AFETR,,91.67,43.00,358,355,,,EA,ORB
STARLINK-11541 [DTC],2025-032L,63015,PAY,+,US,2025-02-15,AFETR,,91.67,43.00,358,355,,,EA,ORB
STARLINK-11545 [DTC],2025-032M,63016,PAY,+,US,2025-02-15,AFETR,,91.67,43.00,357,356,,,EA,ORB
STARLINK-11400 [DTC],2025-032N,63017,PAY,+,US,2025-02-15,AFETR,,91.67,43.00,358,355,,,EA,ORB
STARLINK-32870,2025-032P,63018,PAY,+,US,2025-02-15,AFETR,,94.27,43.00,484,482,,,EA,ORB
STARLINK-32872,2025-032Q,63019,PAY,+,US,2025-02-15,AFETR,,94.27,43.00,484,482,,,EA,ORB
STARLINK-32677,2025-032R,63020,PAY,+,US,2025-02-15,AFETR,,94.27,43.00,485,481,,,EA,ORB
STARLINK-32929,2025-032S,63021,PAY,+,US,2025-02-15,AFETR,,94.27,43.00,484,482,,,EA,ORB
STARLINK-32944,2025-032T,63022,PAY,+,US,2025-02-15,AFETR,,94.27,43.00,483,483,,,EA,ORB
STARLINK-32943,2025-032U,63023,PAY,+,US,2025-02-15,AFETR,,94.27,43.00,484,482,,,EA,ORB
STARLINK-32803,2025-032V,63024,PAY,+,US,2025-02-15,AFETR,,94.27,43.00,484,482,,,EA,ORB
STARLINK-32926,2025-032W,63025,PAY,+,US,2025-02-15,AFETR,,94.27,43.00,487,479,,,EA,ORB
STARLINK-32798,2025-034A,63029,PAY,+,US,2025-02-18,AFETR,,93.85,53.16,464,462,,,EA,ORB
STARLINK-32779,2025-034B,63030,PAY,+,US,2025-02-18,AFETR,,93.85,53.16,464,462,,,EA,ORB
STARLINK-32716,2025-034C,63031,PAY,+,US,2025-02-18,AFETR,,93.85,53.16,463,462,,,EA,ORB
STARLINK-32776,2025-034D,63032,PAY,+,US,2025-02-18,AFETR,,93.85,53.16,463,462,,,EA,ORB
STARLINK-32772,2025-034E,63033,PAY,+,US,2025-02-18,AFETR,,94.01,53.16,471,470,,,EA,ORB
STARLINK-32830,2025-034F,63034,PAY,+,US,2025-02-18,AFETR,,94.01,53.16,472,470,,,EA,ORB
STARLINK-32801,2025-034G,63035,PAY,+,US,2025-02-18,AFETR,,93.85,53.16,463,463,,,EA,ORB
STARLINK-32818,2025-034H,63036,PAY,+,US,2025-02-18,AFETR,,94.01,53.16,472,470,,,EA,ORB
STARLINK-32810,2025-034J,63037,PAY,+,US,2025-02-18,AFETR,,93.85,53.16,464,461,,,EA,ORB
STARLINK-32812,2025-034K,63038,PAY,+,US,2025-02-18,AFETR,,94.01,53.16,471,470,,,EA,ORB
STARLINK-32811,2025-034L,63039,PAY,+,US,2025-02-18,AFETR,,93.85,53.16,464,461,,,EA,ORB
STARLINK-32832,2025-034M,63040,PAY,+,US,2025-02-18,AFETR,,94.01,53.16,471,470,,,EA,ORB
STARLINK-32820,2025-034N,63041,PAY,+,US,2025-02-18,AFETR,,94.01,53.16,472,470,,,EA,ORB
STARLINK-32795,2025-034P,63042,PAY,+,US,2025-02-18,AFETR,,93.85,53.16,464,462,,,EA,ORB
STARLINK-32827,2025-034Q,63043,PAY,+,US,2025-02-18,AFETR,,93.85,53.16,463,462,,,EA,ORB
STARLINK-32735,2025-034R,63044,PAY,+,US,2025-02-18,AFETR,,93.85,53.16,464,462,,,EA,ORB
STARLINK-32828,2025-034S,63045,PAY,+,US,2025-02-18,AFETR,,93.85,53.16,464,462,,,EA,ORB
STARLINK-32738,2025-034T,63046,PAY,+,US,2025-02-18,AFETR,,93.85,53.16,464,461,,,EA,ORB
STARLINK-32590,2025-034U,63047,PAY,+,US,2025-02-18,AFETR,,94.01,53.16,472,469,,,EA,ORB
STARLINK-32790,2025-034V,63048,PAY,+,US,2025-02-18,AFETR,,93.85,53.16,463,462,,,EA,ORB
STARLINK-32829,2025-034W,63049,PAY,+,US,2025-02-18,AFETR,,93.85,53.16,463,462,,,EA,ORB
STARLINK-32816,2025-034X,63050,PAY,+,US,2025-02-18,AFETR,,93.85,53.16,463,462,,,EA,ORB
STARLINK-32835,2025-034Y,63051,PAY,+,US,2025-02-18,AFETR,,93.84,53.16,463,462,,,EA,ORB
STARLINK-11550 [DTC],2025-035A,63052,PAY,+,US,2025-02-21,AFETR,,91.67,43.00,357,355,,,EA,ORB
STARLINK-11563 [DTC],2025-035B,63053,PAY,+,US,2025-02-21,AFETR,,91.67,43.00,358,355,,,EA,ORB
STARLINK-11347 [DTC],2025-035C,63054,PAY,+,US,2025-02-21,AFETR,,91.67,43.00,357,355,,,EA,ORB
STARLINK-11558 [DTC],2025-035D,63055,PAY,+,US,2025-02-21,AFETR,,91.66,43.00,358,355,,,EA,ORB
STARLINK-11392 [DTC],2025-035E,63056,PAY,+,US,2025-02-21,AFETR,,91.67,43.00,357,355,,,EA,ORB
STARLINK-11406 [DTC],2025-035F,63057,PAY,+,US,2025-02-21,AFETR,,91.66,43.00,357,355,,,EA,ORB
STARLINK-11418 [DTC],2025-035G,63058,PAY,+,US,2025-02-21,AFETR,,91.66,43.00,357,356,,,EA,ORB
STARLINK-11509 [DTC],2025-035H,63059,PAY,+,US,2025-02-21,AFETR,,91.67,43.00,357,356,,,EA,ORB
STARLINK-11403 [DTC],2025-035J,63060,PAY,+,US,2025-02-21,AFETR,,91.67,43.00,357,356,,,EA,ORB
STARLINK-11409 [DTC],2025-035K,63061,PAY,+,US,2025-02-21,AFETR,,91.66,43.00,358,355,,,EA,ORB
STARLINK-11412 [DTC],2025-035L,63062,PAY,+,US,2025-02-21,AFETR,,91.66,43.00,357,355,,,EA,ORB
STARLINK-11399 [DTC],2025-035M,63063,PAY,+,US,2025-02-21,AFETR,,91.67,43.00,357,355,,,EA,ORB
STARLINK-11408 [DTC],2025-035N,63064,PAY,+,US,2025-02-21,AFETR,,91.67,43.00,358,355,,,EA,ORB
STARLINK-33635,2025-035P,63065,PAY,+,US,2025-02-21,AFETR,,94.27,43.00,484,482,,,EA,ORB
STARLINK-33622,2025-035Q,63066,PAY,+,US,2025-02-21,AFETR,,94.27,43.00,484,482,,,EA,ORB
STARLINK-33628,2025-035R,63067,PAY,+,US,2025-02-21,AFETR,,94.27,43.00,484,482,,,EA,ORB
STARLINK-33627,2025-035S,63068,PAY,+,US,2025-02-21,AFETR,,94.27,43.00,484,482,,,EA,ORB
STARLINK-33620,2025-035T,63069,PAY,+,US,2025-02-21,AFETR,,94.27,43.00,484,482,,,EA,ORB
STARLINK-33604,2025-035U,63070,PAY,+,US,2025-02-21,AFETR,,94.27,43.00,484,482,,,EA,ORB
STARLINK-33624,2025-035V,63071,PAY,+,US,2025-02-21,AFETR,,93.79,43.00,466,454,,,EA,ORB
STARLINK-33623,2025-035W,63072,PAY,+,US,2025-02-21,AFETR,,94.27,43.00,484,482,,,EA,ORB
STARLINK-33586,2025-035X,63073,PAY,+,US,2025-02-21,AFETR,,94.27,43.00,484,482,,,EA,ORB
STARLINK-33605,2025-035Y,63074,PAY,+,US,2025-02-21,AFETR,,94.27,43.00,484,482,,,EA,ORB
STARLINK-32839,2025-037A,63077,PAY,+,US,2025-02-23,AFWTR,,94.14,70.00,479,475,,,EA,ORB
STARLINK-32821,2025-037B,63078,PAY,+,US,2025-02-23,AFWTR,,94.14,70.00,479,475,,,EA,ORB
STARLINK-32817,2025-037C,63079,PAY,+,US,2025-02-23,AFWTR,,94.14,70.00,479,475,,,EA,ORB
STARLINK-32906,2025-037D,63080,PAY,+,US,2025-02-23,AFWTR,,94.14,70.00,479,475,,,EA,ORB
STARLINK-32895,2025-037E,63081,PAY,+,US,2025-02-23,AFWTR,,94.14,70.01,479,475,,,EA,ORB
STARLINK-32933,2025-037F,63082,PAY,+,US,2025-02-23,AFWTR,,94.14,70.00,479,475,,,EA,ORB
STARLINK-32932,2025-037G,63083,PAY,+,US,2025-02-23,AFWTR,,94.15,70.00,479,475,,,EA,ORB
STARLINK-32908,2025-037H,63084,PAY,+,US,2025-02-23,AFWTR,,94.14,70.00,479,475,,,EA,ORB
STARLINK-32505,2025-037J,63085,PAY,+,US,2025-02-23,AFWTR,,94.14,70.00,479,475,,,EA,ORB
STARLINK-32914,2025-037K,63086,PAY,+,US,2025-02-23,AFWTR,,94.09,70.00,477,472,,,EA,ORB
STARLINK-32918,2025-037L,63087,PAY,+,US,2025-02-23,AFWTR,,94.14,70.00,479,475,,,EA,ORB
STARLINK-32912,2025-037M,63088,PAY,+,US,2025-02-23,AFWTR,,94.14,70.00,479,475,,,EA,ORB
STARLINK-32910,2025-037N,63089,PAY,+,US,2025-02-23,AFWTR,,94.14,70.00,479,475,,,EA,ORB
STARLINK-32903,2025-037P,63090,PAY,+,US,2025-02-23,AFWTR,,94.14,70.00,480,474,,,EA,ORB
STARLINK-32925,2025-037Q,63091,PAY,+,US,2025-02-23,AFWTR,,94.14,70.00,479,475,,,EA,ORB
STARLINK-32924,2025-037R,63092,PAY,+,US,2025-02-23,AFWTR,,94.14,70.00,479,475,,,EA,ORB
STARLINK-32900,2025-037S,63093,PAY,+,US,2025-02-23,AFWTR,,94.14,70.00,480,474,,,EA,ORB
STARLINK-32927,2025-037T,63094,PAY,+,US,2025-02-23,AFWTR,,94.14,70.01,479,475,,,EA,ORB
STARLINK-32907,2025-037U,63095,PAY,+,US,2025-02-23,AFWTR,,94.14,70.00,479,475,,,EA,ORB
STARLINK-32911,2025-037V,63096,PAY,+,US,2025-02-23,AFWTR,,94.14,70.00,479,475,,,EA,ORB
STARLINK-32923,2025-037W,63097,PAY,+,US,2025-02-23,AFWTR,,94.14,70.00,479,475,,,EA,ORB
STARLINK-32913,2025-037X,63098,PAY,+,US,2025-02-23,AFWTR,,94.14,70.00,479,475,,,EA,ORB
STARLINK-11629 [DTC],2025-039A,63104,PAY,+,US,2025-02-27,AFETR,,91.67,43.00,360,353,,,EA,ORB
STARLINK-11624 [DTC],2025-039B,63105,PAY,+,US,2025-02-27,AFETR,,91.67,43.00,358,354,,,EA,ORB
STARLINK-11584 [DTC],2025-039C,63106,PAY,+,US,2025-02-27,AFETR,,91.67,43.00,358,355,,,EA,ORB
STARLINK-11627 [DTC],2025-039D,63107,PAY,+,US,2025-02-27,AFETR,,91.67,43.00,358,355,,,EA,ORB
STARLINK-11632 [DTC],2025-039E,63108,PAY,+,US,2025-02-27,AFETR,,91.67,43.00,359,354,,,EA,ORB
STARLINK-11625 [DTC],2025-039F,63109,PAY,+,US,2025-02-27,AFETR,,91.67,43.00,358,355,,,EA,ORB
STARLINK-11601 [DTC],2025-039G,63110,PAY,+,US,2025-02-27,AFETR,,91.67,43.00,357,356,,,EA,ORB
STARLINK-11630 [DTC],2025-039H,63111,PAY,+,US,2025-02-27,AFETR,,91.67,43.00,358,355,,,EA,ORB
STARLINK-11590 [DTC],2025-039J,63112,PAY,+,US,2025-02-27,AFETR,,91.67,43.00,358,355,,,EA,ORB
STARLINK-11598 [DTC],2025-039K,63113,PAY,+,US,2025-02-27,AFETR,,91.67,43.00,357,356,,,EA,ORB
STARLINK-11600 [DTC],2025-039L,63114,PAY,+,US,2025-02-27,AFETR,,91.67,43.00,358,355,,,EA,ORB
STARLINK-11597 [DTC],2025-039M,63115,PAY,+,US,2025-02-27,AFETR,,91.67,43.00,357,356,,,EA,ORB
STARLINK-11591 [DTC],2025-039N,63116,PAY,+,US,2025-02-27,AFETR,,91.67,43.00,359,354,,,EA,ORB
STARLINK-32945,2025-039Q,63118,PAY,+,US,2025-02-27,AFETR,,94.27,43.00,484,482,,,EA,ORB
STARLINK-32941,2025-039R,63119,PAY,+,US,2025-02-27,AFETR,,94.26,43.00,484,482,,,EA,ORB
STARLINK-32942,2025-039S,63120,PAY,+,US,2025-02-27,AFETR,,94.27,43.00,484,482,,,EA,ORB
STARLINK-32947,2025-039T,63121,PAY,+,US,2025-02-27,AFETR,,94.27,43.00,484,482,,,EA,ORB
STARLINK-32961,2025-039U,63122,PAY,+,US,2025-02-27,AFETR,,94.27,43.00,484,482,,,EA,ORB
STARLINK-32948,2025-039V,63123,PAY,+,US,2025-02-27,AFETR,,94.27,43.00,484,482,,,EA,ORB
STARLINK-32957,2025-039W,63124,PAY,+,US,2025-02-27,AFETR,,94.27,43.00,484,482,,,EA,ORB
STARLINK-11609 [DTC],2025-043A,63132,PAY,+,US,2025-03-03,AFETR,,91.67,43.00,357,356,,,EA,ORB
STARLINK-11604 [DTC],2025-043B,63133,PAY,+,US,2025-03-03,AFETR,,91.67,43.00,358,355,,,EA,ORB
STARLINK-11605 [DTC],2025-043C,63134,PAY,+,US,2025-03-03,AFETR,,91.67,43.00,357,356,,,EA,ORB
STARLINK-11610 [DTC],2025-043D,63135,PAY,+,US,2025-03-03,AFETR,,91.67,43.00,358,355,,,EA,ORB
STARLINK-11613 [DTC],2025-043E,63136,PAY,+,US,2025-03-03,AFETR,,91.67,43.00,358,355,,,EA,ORB
STARLINK-11616 [DTC],2025-043F,63137,PAY,+,US,2025-03-03,AFETR,,91.67,43.00,357,356,,,EA,ORB
STARLINK-11611 [DTC],2025-043G,63138,PAY,+,US,2025-03-03,AFETR,,91.67,43.00,357,355,,,EA,ORB
STARLINK-11628 [DTC],2025-043H,63139,PAY,+,US,2025-03-03,AFETR,,91.67,43.00,358,354,,,EA,ORB
STARLINK-11607 [DTC],2025-043J,63140,PAY,+,US,2025-03-03,AFETR,,91.67,43.00,358,355,,,EA,ORB
STARLINK-11522 [DTC],2025-043K,63141,PAY,+,US,2025-03-03,AFETR,,91.66,43.00,358,355,,,EA,ORB
STARLINK-11503 [DTC],2025-043L,63142,PAY,+,US,2025-03-03,AFETR,,91.67,43.00,358,355,,,EA,ORB
STARLINK-11579 [DTC],2025-043M,63143,PAY,+,US,2025-03-03,AFETR,,91.67,43.00,358,355,,,EA,ORB
STARLINK-11581 [DTC],2025-043N,63144,PAY,+,US,2025-03-03,AFETR,,91.67,43.00,358,355,,,EA,ORB
STARLINK-32949,2025-043P,63145,PAY,+,US,2025-03-03,AFETR,,94.27,43.00,484,482,,,EA,ORB
STARLINK-32952,2025-043Q,63146,PAY,+,US,2025-03-03,AFETR,,94.27,43.00,484,482,,,EA,ORB
STARLINK-32936,2025-043R,63147,PAY,+,US,2025-03-03,AFETR,,94.27,43.00,484,482,,,EA,ORB
STARLINK-32937,2025-043S,63148,PAY,+,US,2025-03-03,AFETR,,94.27,43.00,484,482,,,EA,ORB
STARLINK-32939,2025-043T,63149,PAY,+,US,2025-03-03,AFETR,,94.27,43.00,484,482,,,EA,ORB
STARLINK-32919,2025-043U,63150,PAY,+,US,2025-03-03,AFETR,,94.27,43.00,484,482,,,EA,ORB
STARLINK-32876,2025-043V,63151,PAY,+,US,2025-03-03,AFETR,,94.27,43.00,485,481,,,EA,ORB
STARLINK-32915,2025-043W,63152,PAY,+,US,2025-03-03,AFETR,,94.27,43.00,484,482,,,EA,ORB
STARLINK-11602 [DTC],2025-048A,63183,PAY,+,US,2025-03-13,AFETR,,91.67,43.00,357,355,,,EA,ORB
STARLINK-11617 [DTC],2025-048B,63184,PAY,+,US,2025-03-13,AFETR,,91.66,43.00,356,356,,,EA,ORB
STARLINK-11618 [DTC],2025-048C,63185,PAY,+,US,2025-03-13,AFETR,,91.67,43.00,357,356,,,EA,ORB
STARLINK-11646 [DTC],2025-048D,63186,PAY,+,US,2025-03-13,AFETR,,91.67,43.00,358,355,,,EA,ORB
STARLINK-11622 [DTC],2025-048E,63187,PAY,+,US,2025-03-13,AFETR,,91.67,43.00,358,355,,,EA,ORB
STARLINK-11642 [DTC],2025-048F,63188,PAY,+,US,2025-03-13,AFETR,,91.67,43.00,358,355,,,EA,ORB
STARLINK-11639 [DTC],2025-048G,63189,PAY,+,US,2025-03-13,AFETR,,91.66,43.00,359,354,,,EA,ORB
STARLINK-11637 [DTC],2025-048H,63190,PAY,+,US,2025-03-13,AFETR,,91.67,43.00,358,355,,,EA,ORB
STARLINK-11647 [DTC],2025-048J,63191,PAY,+,US,2025-03-13,AFETR,,91.67,43.00,359,354,,,EA,ORB
STARLINK-11643 [DTC],2025-048K,63192,PAY,+,US,2025-03-13,AFETR,,91.67,43.00,358,355,,,EA,ORB
STARLINK-11635 [DTC],2025-048L,63193,PAY,+,US,2025-03-13,AFETR,,91.67,43.00,358,355,,,EA,ORB
STARLINK-11636 [DTC],2025-048M,63194,PAY,+,US,2025-03-13,AFETR,,91.67,43.00,358,355,,,EA,ORB
STARLINK-11631 [DTC],2025-048N,63195,PAY,+,US,2025-03-13,AFETR,,91.67,43.00,358,355,,,EA,ORB
STARLINK-32946,2025-048P,63196,PAY,+,US,2025-03-13,AFETR,,94.27,43.00,484,482,,,EA,ORB
STARLINK-32960,2025-048Q,63197,PAY,+,US,2025-03-13,AFETR,,94.27,43.00,484,482,,,EA,ORB
STARLINK-32904,2025-048R,63198,PAY,+,US,2025-03-13,AFETR,,94.27,43.00,484,482,,,EA,ORB
STARLINK-32931,2025-048S,63199,PAY,+,US,2025-03-13,AFETR,,94.27,43.00,484,482,,,EA,ORB
STARLINK-32934,2025-048T,63200,PAY,+,US,2025-03-13,AFETR,,94.27,43.00,485,481,,,EA,ORB
STARLINK-32938,2025-048U,63201,PAY,+,US,2025-03-13,AFETR,,94.27,43.00,484,482,,,EA,ORB
STARLINK-32935,2025-048V,63202,PAY,+,US,2025-03-13,AFETR,,94.27,43.00,484,482,,,EA,ORB
STARLINK-32930,2025-048W,63203,PAY,+,US,2025-03-13,AFETR,,94.27,43.00,483,483,,,EA,ORB
STARLINK-11654 [DTC],2025-053A,63265,PAY,+,US,2025-03-15,AFETR,,91.67,43.00,358,355,,,EA,ORB
STARLINK-11659 [DTC],2025-053B,63266,PAY,+,US,2025-03-15,AFETR,,91.67,43.00,358,355,,,EA,ORB
STARLINK-11653 [DTC],2025-053C,63267,PAY,+,US,2025-03-15,AFETR,,91.67,43.00,358,355,,,EA,ORB
STARLINK-11641 [DTC],2025-053D,63268,PAY,+,US,2025-03-15,AFETR,,91.66,43.00,357,355,,,EA,ORB
STARLINK-11638 [DTC],2025-053E,63269,PAY,+,US,2025-03-15,AFETR,,91.67,43.00,357,355,,,EA,ORB
STARLINK-11614 [DTC],2025-053F,63270,PAY,+,US,2025-03-15,AFETR,,91.67,43.00,358,356,,,EA,ORB
STARLINK-11620 [DTC],2025-053G,63271,PAY,+,US,2025-03-15,AFETR,,91.67,43.00,357,355,,,EA,ORB
STARLINK-11619 [DTC],2025-053H,63272,PAY,+,US,2025-03-15,AFETR,,91.66,43.00,358,354,,,EA,ORB
STARLINK-11621 [DTC],2025-053J,63273,PAY,+,US,2025-03-15,AFETR,,91.67,43.00,358,355,,,EA,ORB
STARLINK-11615 [DTC],2025-053K,63274,PAY,+,US,2025-03-15,AFETR,,91.67,43.00,359,354,,,EA,ORB
STARLINK-11608 [DTC],2025-053L,63275,PAY,+,US,2025-03-15,AFETR,,91.67,43.00,357,355,,,EA,ORB
STARLINK-11623 [DTC],2025-053M,63276,PAY,+,US,2025-03-15,AFETR,,91.67,43.00,357,356,,,EA,ORB
STARLINK-33660,2025-053P,63278,PAY,+,US,2025-03-15,AFETR,,94.27,43.00,484,482,,,EA,ORB
STARLINK-33611,2025-053Q,63279,PAY,+,US,2025-03-15,AFETR,,94.27,43.00,484,482,,,EA,ORB
STARLINK-33646,2025-053R,63280,PAY,+,US,2025-03-15,AFETR,,94.27,43.00,484,482,,,EA,ORB
STARLINK-33665,2025-053S,63281,PAY,+,US,2025-03-15,AFETR,,94.27,43.00,484,482,,,EA,ORB
STARLINK-33603,2025-053T,63282,PAY,+,US,2025-03-15,AFETR,,94.27,43.00,484,482,,,EA,ORB
STARLINK-33669,2025-053U,63283,PAY,+,US,2025-03-15,AFETR,,94.27,43.00,484,482,,,EA,ORB
STARLINK-33673,2025-053V,63284,PAY,+,US,2025-03-15,AFETR,,94.27,43.00,484,482,,,EA,ORB
STARLINK-33662,2025-053W,63285,PAY,+,US,2025-03-15,AFETR,,94.27,43.00,484,482,,,EA,ORB
STARLINK-33613,2025-053X,63286,PAY,+,US,2025-03-15,AFETR,,94.27,43.00,484,482,,,EA,ORB
STARLINK-33680,2025-053Y,63287,PAY,+,US,2025-03-15,AFETR,,94.27,43.00,484,482,,,EA,ORB
STARLINK-11568 [DTC],2025-057A,63307,PAY,+,US,2025-03-18,AFETR,,91.67,43.00,357,355,,,EA,ORB
STARLINK-11575 [DTC],2025-057B,63308,PAY,+,US,2025-03-18,AFETR,,91.67,43.00,358,355,,,EA,ORB
STARLINK-11585 [DTC],2025-057C,63309,PAY,+,US,2025-03-18,AFETR,,91.67,43.00,358,355,,,EA,ORB
STARLINK-11587 [DTC],2025-057D,63310,PAY,+,US,2025-03-18,AFETR,,91.66,43.00,358,354,,,EA,ORB
STARLINK-11589 [DTC],2025-057E,63311,PAY,+,US,2025-03-18,AFETR,,91.67,43.00,358,355,,,EA,ORB
STARLINK-11650 [DTC],2025-057F,63312,PAY,+,US,2025-03-18,AFETR,,91.67,43.00,357,356,,,EA,ORB
STARLINK-11648 [DTC],2025-057G,63313,PAY,+,US,2025-03-18,AFETR,,91.66,43.00,358,355,,,EA,ORB
STARLINK-11640 [DTC],2025-057H,63314,PAY,+,US,2025-03-18,AFETR,,91.67,43.00,357,356,,,EA,ORB
STARLINK-11652 [DTC],2025-057J,63315,PAY,+,US,2025-03-18,AFETR,,91.66,43.00,357,355,,,EA,ORB
STARLINK-11645 [DTC],2025-057K,63316,PAY,+,US,2025-03-18,AFETR,,91.67,43.00,358,355,,,EA,ORB
STARLINK-11633 [DTC],2025-057L,63317,PAY,+,US,2025-03-18,AFETR,,91.67,43.00,358,355,,,EA,ORB
STARLINK-11593 [DTC],2025-057M,63318,PAY,+,US,2025-03-18,AFETR,,91.67,43.00,358,354,,,EA,ORB
STARLINK-11588 [DTC],2025-057N,63319,PAY,+,US,2025-03-18,AFETR,,91.67,43.00,357,356,,,EA,ORB
STARLINK-33671,2025-057P,63320,PAY,+,US,2025-03-18,AFETR,,94.27,43.00,484,482,,,EA,ORB
STARLINK-33650,2025-057Q,63321,PAY,+,US,2025-03-18,AFETR,,94.27,43.00,484,482,,,EA,ORB
STARLINK-33689,2025-057R,63322,PAY,+,US,2025-03-18,AFETR,,94.27,43.01,485,481,,,EA,ORB
STARLINK-33607,2025-057S,63323,PAY,+,US,2025-03-18,AFETR,,94.27,42.99,483,483,,,EA,ORB
STARLINK-33619,2025-057T,63324,PAY,+,US,2025-03-18,AFETR,,94.27,43.00,483,483,,,EA,ORB
STARLINK-33612,2025-057U,63325,PAY,+,US,2025-03-18,AFETR,,94.27,43.00,484,482,,,EA,ORB
STARLINK-33672,2025-057V,63326,PAY,+,US,2025-03-18,AFETR,,94.27,43.00,484,482,,,EA,ORB
STARLINK-33625,2025-057W,63327,PAY,+,US,2025-03-18,AFETR,,94.27,43.00,484,482,,,EA,ORB
STARLINK-33699,2025-057X,63328,PAY,+,US,2025-03-18,AFETR,,94.27,43.00,484,482,,,EA,ORB
STARLINK-33674,2025-057Y,63329,PAY,+,US,2025-03-18,AFETR,,94.27,43.00,484,482,,,EA,ORB
STARLINK-32840,2025-063A,63363,PAY,+,US,2025-03-26,AFWTR,,93.85,53.16,464,462,,,EA,ORB
STARLINK-32543,2025-063B,63364,PAY,+,US,2025-03-26,AFWTR,,93.85,53.16,463,462,,,EA,ORB
STARLINK-33741,2025-063C,63365,PAY,+,US,2025-03-26,AFWTR,,93.85,53.16,464,462,,,EA,ORB
STARLINK-33742,2025-063D,63366,PAY,+,US,2025-03-26,AFWTR,,93.85,53.16,464,462,,,EA,ORB
STARLINK-33734,2025-063E,63367,PAY,+,US,2025-03-26,AFWTR,,93.85,53.16,463,463,,,EA,ORB
STARLINK-33578,2025-063F,63368,PAY,+,US,2025-03-26,AFWTR,,93.85,53.16,464,462,,,EA,ORB
STARLINK-33626,2025-063G,63369,PAY,+,US,2025-03-26,AFWTR,,93.85,53.16,464,462,,,EA,ORB
STARLINK-33657,2025-063H,63370,PAY,+,US,2025-03-26,AFWTR,,93.85,53.16,464,462,,,EA,ORB
STARLINK-33648,2025-063J,63371,PAY,+,US,2025-03-26,AFWTR,,94.01,53.16,472,470,,,EA,ORB
STARLINK-33614,2025-063K,63372,PAY,+,US,2025-03-26,AFWTR,,93.85,53.16,464,462,,,EA,ORB
STARLINK-33617,2025-063L,63373,PAY,+,US,2025-03-26,AFWTR,,93.85,53.16,463,462,,,EA,ORB
STARLINK-33618,2025-063M,63374,PAY,+,US,2025-03-26,AFWTR,,93.85,53.16,464,462,,,EA,ORB
STARLINK-33621,2025-063N,63375,PAY,+,US,2025-03-26,AFWTR,,93.85,53.16,464,462,,,EA,ORB
STARLINK-33539,2025-063P,63376,PAY,+,US,2025-03-26,AFWTR,,93.85,53.16,464,462,,,EA,ORB
STARLINK-33634,2025-063Q,63377,PAY,+,US,2025-03-26,AFWTR,,93.85,53.16,464,462,,,EA,ORB
STARLINK-33640,2025-063R,63378,PAY,+,US,2025-03-26,AFWTR,,93.85,53.16,464,462,,,EA,ORB
STARLINK-33636,2025-063S,63379,PAY,+,US,2025-03-26,AFWTR,,92.69,53.15,412,400,,,EA,ORB
STARLINK-33653,2025-063T,63380,PAY,+,US,2025-03-26,AFWTR,,94.01,53.16,472,469,,,EA,ORB
STARLINK-33643,2025-063U,63381,PAY,+,US,2025-03-26,AFWTR,,93.85,53.16,463,462,,,EA,ORB
STARLINK-33748,2025-063W,63383,PAY,+,US,2025-03-26,AFWTR,,93.85,53.16,464,462,,,EA,ORB
STARLINK-33658,2025-063X,63384,PAY,+,US,2025-03-26,AFWTR,,93.85,53.16,465,461,,,EA,ORB
STARLINK-33616,2025-063Y,63385,PAY,+,US,2025-03-26,AFWTR,,93.85,53.16,464,462,,,EA,ORB
STARLINK-33571,2025-063Z,63386,PAY,+,US,2025-03-26,AFWTR,,93.85,53.16,464,462,,,EA,ORB
STARLINK-33533,2025-063AA,63387,PAY,+,US,2025-03-26,AFWTR,,93.85,53.16,463,462,,,EA,ORB
STARLINK-33629,2025-063AB,63388,PAY,+,US,2025-03-26,AFWTR,,93.85,53.16,464,461,,,EA,ORB
STARLINK-33656,2025-063AC,63389,PAY,+,US,2025-03-26,AFWTR,,94.01,53.16,472,470,,,EA,ORB
STARLINK-33531,2025-065A,63399,PAY,+,US,2025-03-31,AFETR,,94.27,43.00,484,483,,,EA,ORB
STARLINK-33652,2025-065B,63400,PAY,+,US,2025-03-31,AFETR,,94.27,43.00,484,482,,,EA,ORB
STARLINK-33707,2025-065C,63401,PAY,+,US,2025-03-31,AFETR,,94.27,43.00,484,482,,,EA,ORB
STARLINK-33668,2025-065D,63402,PAY,+,US,2025-03-31,AFETR,,94.27,43.00,484,482,,,EA,ORB
STARLINK-33676,2025-065E,63403,PAY,+,US,2025-03-31,AFETR,,94.27,43.00,484,483,,,EA,ORB
STARLINK-33711,2025-065F,63404,PAY,+,US,2025-03-31,AFETR,,94.27,43.00,484,482,,,EA,ORB
STARLINK-33708,2025-065G,63405,PAY,+,US,2025-03-31,AFETR,,94.27,43.00,483,483,,,EA,ORB
STARLINK-33694,2025-065J,63407,PAY,+,US,2025-03-31,AFETR,,94.27,43.00,483,483,,,EA,ORB
STARLINK-33692,2025-065K,63408,PAY,+,US,2025-03-31,AFETR,,94.27,43.00,484,482,,,EA,ORB
STARLINK-33693,2025-065L,63409,PAY,+,US,2025-03-31,AFETR,,94.27,43.00,484,482,,,EA,ORB
STARLINK-33677,2025-065M,63410,PAY,+,US,2025-03-31,AFETR,,94.27,43.00,484,482,,,EA,ORB
STARLINK-33647,2025-065N,63411,PAY,+,US,2025-03-31,AFETR,,94.27,43.00,483,483,,,EA,ORB
STARLINK-33645,2025-065P,63412,PAY,+,US,2025-03-31,AFETR,,94.27,43.00,484,482,,,EA,ORB
STARLINK-33670,2025-065Q,63413,PAY,+,US,2025-03-31,AFETR,,94.27,43.00,484,482,,,EA,ORB
STARLINK-33644,2025-065R,63414,PAY,+,US,2025-03-31,AFETR,,94.27,43.00,484,482,,,EA,ORB
STARLINK-33664,2025-065S,63415,PAY,+,US,2025-03-31,AFETR,,94.27,43.00,484,482,,,EA,ORB
STARLINK-33649,2025-065T,63416,PAY,+,US,2025-03-31,AFETR,,94.27,43.00,483,483,,,EA,ORB
STARLINK-33535,2025-065U,63417,PAY,+,US,2025-03-31,AFETR,,94.27,43.00,484,482,,,EA,ORB
STARLINK-33703,2025-065V,63418,PAY,+,US,2025-03-31,AFETR,,94.27,43.00,485,481,,,EA,ORB
STARLINK-33709,2025-065W,63419,PAY,+,US,2025-03-31,AFETR,,94.27,43.00,484,482,,,EA,ORB
STARLINK-33698,2025-065X,63420,PAY,+,US,2025-03-31,AFETR,,94.27,43.00,484,482,,,EA,ORB
STARLINK-33606,2025-065Y,63421,PAY,+,US,2025-03-31,AFETR,,94.27,43.00,484,482,,,EA,ORB
STARLINK-33686,2025-065Z,63422,PAY,+,US,2025-03-31,AFETR,,94.27,43.00,483,483,,,EA,ORB
STARLINK-33675,2025-065AA,63423,PAY,+,US,2025-03-31,AFETR,,94.27,43.00,484,482,,,EA,ORB
STARLINK-33655,2025-065AB,63424,PAY,+,US,2025-03-31,AFETR,,94.27,43.00,484,482,,,EA,ORB
STARLINK-33608,2025-065AC,63425,PAY,+,US,2025-03-31,AFETR,,94.27,43.00,484,482,,,EA,ORB
STARLINK-33615,2025-065AD,63426,PAY,+,US,2025-03-31,AFETR,,94.27,43.00,484,482,,,EA,ORB
STARLINK-33682,2025-069A,63433,PAY,+,US,2025-04-04,AFWTR,,93.85,53.16,464,462,,,EA,ORB
STARLINK-33710,2025-069B,63434,PAY,+,US,2025-04-04,AFWTR,,93.85,53.16,463,462,,,EA,ORB
STARLINK-33733,2025-069C,63435,PAY,+,US,2025-04-04,AFWTR,,93.85,53.16,464,462,,,EA,ORB
STARLINK-33638,2025-069D,63436,PAY,+,US,2025-04-04,AFWTR,,93.85,53.16,464,462,,,EA,ORB
STARLINK-33726,2025-069E,63437,PAY,+,US,2025-04-04,AFWTR,,92.94,53.16,419,418,,,EA,ORB
STARLINK-33681,2025-069F,63438,PAY,+,US,2025-04-04,AFWTR,,93.85,53.16,463,462,,,EA,ORB
STARLINK-33730,2025-069G,63439,PAY,+,US,2025-04-04,AFWTR,,93.85,53.16,463,462,,,EA,ORB
STARLINK-33743,2025-069H,63440,PAY,+,US,2025-04-04,AFWTR,,93.85,53.16,464,462,,,EA,ORB
STARLINK-33715,2025-069J,63441,PAY,+,US,2025-04-04,AFWTR,,93.85,53.16,464,461,,,EA,ORB
STARLINK-33762,2025-069K,63442,PAY,+,US,2025-04-04,AFWTR,,93.85,53.16,464,462,,,EA,ORB
STARLINK-33753,2025-069L,63443,PAY,+,US,2025-04-04,AFWTR,,93.85,53.16,464,462,,,EA,ORB
STARLINK-33747,2025-069M,63444,PAY,+,US,2025-04-04,AFWTR,,93.85,53.16,464,462,,,EA,ORB
STARLINK-33659,2025-069N,63445,PAY,+,US,2025-04-04,AFWTR,,93.85,53.16,464,461,,,EA,ORB
STARLINK-33746,2025-069P,63446,PAY,+,US,2025-04-04,AFWTR,,93.85,53.16,464,461,,,EA,ORB
STARLINK-33799,2025-069Q,63447,PAY,+,US,2025-04-04,AFWTR,,93.85,53.16,464,462,,,EA,ORB
STARLINK-33797,2025-069R,63448,PAY,+,US,2025-04-04,AFWTR,,93.85,53.16,464,462,,,EA,ORB
STARLINK-33798,2025-069S,63449,PAY,+,US,2025-04-04,AFWTR,,93.85,53.16,463,462,,,EA,ORB
STARLINK-33736,2025-069T,63450,PAY,+,US,2025-04-04,AFWTR,,93.85,53.16,464,462,,,EA,ORB
STARLINK-33740,2025-069U,63451,PAY,+,US,2025-04-04,AFWTR,,93.85,53.16,463,462,,,EA,ORB
STARLINK-33763,2025-069V,63452,PAY,+,US,2025-04-04,AFWTR,,93.85,53.16,464,462,,,EA,ORB
STARLINK-33784,2025-069W,63453,PAY,+,US,2025-04-04,AFWTR,,93.85,53.16,464,462,,,EA,ORB
STARLINK-33768,2025-069X,63454,PAY,+,US,2025-04-04,AFWTR,,93.85,53.16,464,462,,,EA,ORB
STARLINK-33761,2025-069Y,63455,PAY,+,US,2025-04-04,AFWTR,,93.85,53.16,464,462,,,EA,ORB
STARLINK-33737,2025-069Z,63456,PAY,+,US,2025-04-04,AFWTR,,93.85,53.16,464,462,,,EA,ORB
STARLINK-33795,2025-069AA,63457,PAY,+,US,2025-04-04,AFWTR,,93.85,53.16,464,461,,,EA,ORB
STARLINK-33756,2025-069AB,63458,PAY,+,US,2025-04-04,AFWTR,,93.85,53.16,464,461,,,EA,ORB
STARLINK-33780,2025-069AC,63459,PAY,+,US,2025-04-04,AFWTR,,93.85,53.16,464,462,,,EA,ORB
STARLINK-33679,2025-070A,63460,PAY,+,US,2025-04-06,AFETR,,94.27,43.00,484,482,,,EA,ORB
STARLINK-33706,2025-070B,63461,PAY,+,US,2025-04-06,AFETR,,94.27,43.00,484,482,,,EA,ORB
STARLINK-33691,2025-070C,63462,PAY,+,US,2025-04-06,AFETR,,94.27,43.00,484,482,,,EA,ORB
STARLINK-33696,2025-070D,63463,PAY,+,US,2025-04-06,AFETR,,94.27,43.00,484,482,,,EA,ORB
STARLINK-33701,2025-070E,63464,PAY,+,US,2025-04-06,AFETR,,94.27,43.00,484,482,,,EA,ORB
STARLINK-33685,2025-070F,63465,PAY,+,US,2025-04-06,AFETR,,94.27,43.00,484,482,,,EA,ORB
STARLINK-33654,2025-070G,63466,PAY,+,US,2025-04-06,AFETR,,94.27,43.00,484,482,,,EA,ORB
STARLINK-33697,2025-070H,63467,PAY,+,US,2025-04-06,AFETR,,94.27,43.00,484,482,,,EA,ORB
STARLINK-33720,2025-070J,63468,PAY,+,US,2025-04-06,AFETR,,94.26,42.99,485,481,,,EA,ORB
STARLINK-33587,2025-070K,63469,PAY,+,US,2025-04-06,AFETR,,94.27,43.00,484,482,,,EA,ORB
STARLINK-33637,2025-070L,63470,PAY,+,US,2025-04-06,AFETR,,94.27,43.00,484,482,,,EA,ORB
STARLINK-33744,2025-070M,63471,PAY,+,US,2025-04-06,AFETR,,94.27,43.00,484,482,,,EA,ORB
STARLINK-33766,2025-070N,63472,PAY,+,US,2025-04-06,AFETR,,94.27,43.00,484,482,,,EA,ORB
STARLINK-33765,2025-070P,63473,PAY,+,US,2025-04-06,AFETR,,94.27,43.00,484,482,,,EA,ORB
STARLINK-33735,2025-070Q,63474,PAY,+,US,2025-04-06,AFETR,,94.27,43.00,484,482,,,EA,ORB
STARLINK-33731,2025-070R,63475,PAY,+,US,2025-04-06,AFETR,,94.27,43.00,483,483,,,EA,ORB
STARLINK-33718,2025-070S,63476,PAY,+,US,2025-04-06,AFETR,,94.27,43.00,483,483,,,EA,ORB
STARLINK-33630,2025-070T,63477,PAY,+,US,2025-04-06,AFETR,,94.27,43.00,484,482,,,EA,ORB
STARLINK-33695,2025-070U,63478,PAY,+,US,2025-04-06,AFETR,,94.27,43.00,484,482,,,EA,ORB
STARLINK-33713,2025-070V,63479,PAY,+,US,2025-04-06,AFETR,,94.27,43.00,484,482,,,EA,ORB
STARLINK-33721,2025-070W,63480,PAY,+,US,2025-04-06,AFETR,,94.27,43.00,484,482,,,EA,ORB
STARLINK-33639,2025-070X,63481,PAY,+,US,2025-04-06,AFETR,,94.27,43.00,484,482,,,EA,ORB
STARLINK-33688,2025-070Z,63483,PAY,+,US,2025-04-06,AFETR,,94.27,43.00,484,482,,,EA,ORB
STARLINK-33700,2025-070AA,63484,PAY,+,US,2025-04-06,AFETR,,94.27,43.00,484,482,,,EA,ORB
STARLINK-33687,2025-070AB,63485,PAY,+,US,2025-04-06,AFETR,,94.27,43.00,484,482,,,EA,ORB
STARLINK-33716,2025-070AC,63486,PAY,+,US,2025-04-06,AFETR,,94.27,43.00,483,483,,,EA,ORB
STARLINK-33754,2025-070AD,63487,PAY,+,US,2025-04-06,AFETR,,94.27,43.00,484,482,,,EA,ORB
STARLINK-33828,2025-071A,63493,PAY,+,US,2025-04-07,AFWTR,,93.85,53.16,464,462,,,EA,ORB
STARLINK-33819,2025-071B,63494,PAY,+,US,2025-04-07,AFWTR,,93.85,53.16,464,461,,,EA,ORB
STARLINK-33845,2025-071C,63495,PAY,+,US,2025-04-07,AFWTR,,93.85,53.16,463,462,,,EA,ORB
STARLINK-33829,2025-071D,63496,PAY,+,US,2025-04-07,AFWTR,,94.01,53.16,471,470,,,EA,ORB
STARLINK-33815,2025-071E,63497,PAY,+,US,2025-04-07,AFWTR,,94.01,53.16,472,469,,,EA,ORB
STARLINK-33833,2025-071F,63498,PAY,+,US,2025-04-07,AFWTR,,94.01,53.16,471,470,,,EA,ORB
STARLINK-33534,2025-071G,63499,PAY,+,US,2025-04-07,AFWTR,,94.01,53.16,472,470,,,EA,ORB
STARLINK-33838,2025-071H,63500,PAY,+,US,2025-04-07,AFWTR,,93.82,53.16,470,452,,,EA,ORB
STARLINK-33837,2025-071J,63501,PAY,+,US,2025-04-07,AFWTR,,94.01,53.16,472,470,,,EA,ORB
STARLINK-33818,2025-071K,63502,PAY,+,US,2025-04-07,AFWTR,,93.85,53.16,464,462,,,EA,ORB
STARLINK-33583,2025-071L,63503,PAY,+,US,2025-04-07,AFWTR,,93.85,53.16,464,462,,,EA,ORB
STARLINK-33811,2025-071M,63504,PAY,+,US,2025-04-07,AFWTR,,93.85,53.16,464,461,,,EA,ORB
STARLINK-33825,2025-071N,63505,PAY,+,US,2025-04-07,AFWTR,,93.85,53.16,464,462,,,EA,ORB
STARLINK-33792,2025-071P,63506,PAY,+,US,2025-04-07,AFWTR,,93.85,53.16,464,461,,,EA,ORB
STARLINK-33843,2025-071Q,63507,PAY,+,US,2025-04-07,AFWTR,,94.01,53.16,472,470,,,EA,ORB
STARLINK-33809,2025-071R,63508,PAY,+,US,2025-04-07,AFWTR,,93.85,53.16,464,462,,,EA,ORB
STARLINK-33678,2025-071S,63509,PAY,+,US,2025-04-07,AFWTR,,94.01,53.16,472,470,,,EA,ORB
STARLINK-33764,2025-071T,63510,PAY,+,US,2025-04-07,AFWTR,,93.85,53.16,464,462,,,EA,ORB
STARLINK-33804,2025-071U,63511,PAY,+,US,2025-04-07,AFWTR,,94.01,53.16,472,470,,,EA,ORB
STARLINK-33751,2025-071V,63512,PAY,+,US,2025-04-07,AFWTR,,94.01,53.16,472,469,,,EA,ORB
STARLINK-33750,2025-071W,63513,PAY,+,US,2025-04-07,AFWTR,,94.01,53.16,471,470,,,EA,ORB
STARLINK-33786,2025-071X,63514,PAY,+,US,2025-04-07,AFWTR,,93.85,53.16,463,462,,,EA,ORB
STARLINK-33796,2025-071Y,63515,PAY,+,US,2025-04-07,AFWTR,,93.85,53.16,463,462,,,EA,ORB
STARLINK-33785,2025-071Z,63516,PAY,+,US,2025-04-07,AFWTR,,94.01,53.16,471,470,,,EA,ORB
STARLINK-33803,2025-071AA,63517,PAY,+,US,2025-04-07,AFWTR,,93.85,53.16,464,462,,,EA,ORB
STARLINK-33807,2025-071AB,63518,PAY,+,US,2025-04-07,AFWTR,,93.85,53.16,463,462,,,EA,ORB
STARLINK-33787,2025-071AC,63519,PAY,+,US,2025-04-07,AFWTR,,93.85,53.16,464,462,,,EA,ORB
STARLINK-11669 [DTC],2025-075A,63548,PAY,+,US,2025-04-13,AFETR,,91.66,43.00,359,353,,,EA,ORB
STARLINK-11665 [DTC],2025-075B,63549,PAY,+,US,2025-04-13,AFETR,,91.66,43.00,359,354,,,EA,ORB
STARLINK-11667 [DTC],2025-075C,63550,PAY,+,US,2025-04-13,AFETR,,91.67,43.00,357,356,,,EA,ORB
STARLINK-11695 [DTC],2025-075D,63551,PAY,+,US,2025-04-13,AFETR,,91.67,43.00,358,355,,,EA,ORB
STARLINK-11685 [DTC],2025-075E,63552,PAY,+,US,2025-04-13,AFETR,,91.66,43.00,358,354,,,EA,ORB
STARLINK-11697 [DTC],2025-075F,63553,PAY,+,US,2025-04-13,AFETR,,91.66,43.00,360,353,,,EA,ORB
STARLINK-11680 [DTC],2025-075G,63554,PAY,+,US,2025-04-13,AFETR,,91.66,43.00,357,354,,,EA,ORB
STARLINK-11626 [DTC],2025-075J,63556,PAY,+,US,2025-04-13,AFETR,,91.66,43.00,357,355,,,EA,ORB
STARLINK-11668 [DTC],2025-075K,63557,PAY,+,US,2025-04-13,AFETR,,91.67,43.00,357,355,,,EA,ORB
STARLINK-11657 [DTC],2025-075L,63558,PAY,+,US,2025-04-13,AFETR,,91.67,43.00,358,355,,,EA,ORB
STARLINK-11606 [DTC],2025-075M,63559,PAY,+,US,2025-04-13,AFETR,,91.67,43.00,358,355,,,EA,ORB
STARLINK-11592 [DTC],2025-075N,63560,PAY,+,US,2025-04-13,AFETR,,91.67,43.00,357,356,,,EA,ORB
STARLINK-32953,2025-075P,63561,PAY,+,US,2025-04-13,AFETR,,94.27,43.00,484,482,,,EA,ORB
STARLINK-32951,2025-075Q,63562,PAY,+,US,2025-04-13,AFETR,,94.27,43.00,484,482,,,EA,ORB
STARLINK-32958,2025-075R,63563,PAY,+,US,2025-04-13,AFETR,,94.27,43.00,484,482,,,EA,ORB
STARLINK-32928,2025-075S,63564,PAY,+,US,2025-04-13,AFETR,,94.27,43.00,484,482,,,EA,ORB
STARLINK-32687,2025-075T,63565,PAY,+,US,2025-04-13,AFETR,,94.27,43.00,484,482,,,EA,ORB
STARLINK-32950,2025-075U,63566,PAY,+,US,2025-04-13,AFETR,,94.27,43.00,484,482,,,EA,ORB
STARLINK-32954,2025-075V,63567,PAY,+,US,2025-04-13,AFETR,,94.27,43.00,484,482,,,EA,ORB
STARLINK-32940,2025-075W,63568,PAY,+,US,2025-04-13,AFETR,,94.27,43.00,484,482,,,EA,ORB
STARLINK-32959,2025-076A,63569,PAY,+,US,2025-04-14,AFETR,,94.27,43.00,484,482,,,EA,ORB
STARLINK-32956,2025-076B,63570,PAY,+,US,2025-04-14,AFETR,,94.27,43.00,484,482,,,EA,ORB
STARLINK-33722,2025-076C,63571,PAY,+,US,2025-04-14,AFETR,,94.27,43.00,484,482,,,EA,ORB
STARLINK-33739,2025-076D,63572,PAY,+,US,2025-04-14,AFETR,,94.27,43.00,484,482,,,EA,ORB
STARLINK-33683,2025-076E,63573,PAY,+,US,2025-04-14,AFETR,,94.27,43.00,484,482,,,EA,ORB
STARLINK-33732,2025-076G,63575,PAY,+,US,2025-04-14,AFETR,,94.27,43.00,484,482,,,EA,ORB
STARLINK-33800,2025-076H,63576,PAY,+,US,2025-04-14,AFETR,,94.27,43.00,484,482,,,EA,ORB
STARLINK-33632,2025-076J,63577,PAY,+,US,2025-04-14,AFETR,,94.27,43.00,484,482,,,EA,ORB
STARLINK-33719,2025-076K,63578,PAY,+,US,2025-04-14,AFETR,,94.27,43.00,484,482,,,EA,ORB
STARLINK-33755,2025-076L,63579,PAY,+,US,2025-04-14,AFETR,,94.27,43.00,484,482,,,EA,ORB
STARLINK-33752,2025-076M,63580,PAY,+,US,2025-04-14,AFETR,,94.27,43.00,484,482,,,EA,ORB
STARLINK-33714,2025-076N,63581,PAY,+,US,2025-04-14,AFETR,,94.27,43.00,484,482,,,EA,ORB
STARLINK-33814,2025-076P,63582,PAY,+,US,2025-04-14,AFETR,,94.27,43.00,484,482,,,EA,ORB
STARLINK-33817,2025-076Q,63583,PAY,+,US,2025-04-14,AFETR,,94.27,43.00,484,482,,,EA,ORB
STARLINK-33820,2025-076R,63584,PAY,+,US,2025-04-14,AFETR,,94.27,43.00,484,482,,,EA,ORB
STARLINK-33813,2025-076S,63585,PAY,+,US,2025-04-14,AFETR,,94.27,43.00,484,482,,,EA,ORB
STARLINK-33834,2025-076T,63586,PAY,+,US,2025-04-14,AFETR,,94.27,43.00,484,482,,,EA,ORB
STARLINK-33830,2025-076U,63587,PAY,+,US,2025-04-14,AFETR,,94.27,43.00,484,482,,,EA,ORB
STARLINK-33651,2025-076V,63588,PAY,+,US,2025-04-14,AFETR,,94.27,43.00,484,482,,,EA,ORB
STARLINK-33788,2025-076W,63589,PAY,+,US,2025-04-14,AFETR,,94.27,43.00,484,482,,,EA,ORB
STARLINK-33805,2025-076X,63590,PAY,+,US,2025-04-14,AFETR,,94.27,43.00,485,481,,,EA,ORB
STARLINK-33702,2025-076Y,63591,PAY,+,US,2025-04-14,AFETR,,94.27,43.00,484,482,,,EA,ORB
STARLINK-33666,2025-076Z,63592,PAY,+,US,2025-04-14,AFETR,,94.27,43.00,484,482,,,EA,ORB
STARLINK-33723,2025-076AA,63593,PAY,+,US,2025-04-14,AFETR,,94.27,43.00,484,482,,,EA,ORB
STARLINK-33791,2025-076AB,63594,PAY,+,US,2025-04-14,AFETR,,94.27,43.01,485,481,,,EA,ORB
STARLINK-33831,2025-076AC,63595,PAY,+,US,2025-04-14,AFETR,,94.27,43.00,484,482,,,EA,ORB
STARLINK-33879,2025-083A,63634,PAY,+,US,2025-04-25,AFETR,,94.27,43.00,484,482,,,EA,ORB
STARLINK-33854,2025-083B,63635,PAY,+,US,2025-04-25,AFETR,,94.27,43.00,484,482,,,EA,ORB
STARLINK-33864,2025-083C,63636,PAY,+,US,2025-04-25,AFETR,,94.27,43.00,483,483,,,EA,ORB
STARLINK-33832,2025-083D,63637,PAY,+,US,2025-04-25,AFETR,,94.27,43.00,484,482,,,EA,ORB
STARLINK-33856,2025-083E,63638,PAY,+,US,2025-04-25,AFETR,,94.27,43.00,484,482,,,EA,ORB
STARLINK-33876,2025-083F,63639,PAY,+,US,2025-04-25,AFETR,,94.27,43.00,484,482,,,EA,ORB
STARLINK-33859,2025-083G,63640,PAY,+,US,2025-04-25,AFETR,,94.26,43.00,484,482,,,EA,ORB
STARLINK-33826,2025-083H,63641,PAY,+,US,2025-04-25,AFETR,,94.27,43.00,484,482,,,EA,ORB
STARLINK-33836,2025-083J,63642,PAY,+,US,2025-04-25,AFETR,,94.27,43.01,484,482,,,EA,ORB
STARLINK-33558,2025-083K,63643,PAY,+,US,2025-04-25,AFETR,,94.27,43.00,484,482,,,EA,ORB
STARLINK-33852,2025-083L,63644,PAY,+,US,2025-04-25,AFETR,,94.27,43.00,484,483,,,EA,ORB
STARLINK-33835,2025-083M,63645,PAY,+,US,2025-04-25,AFETR,,94.27,43.00,484,482,,,EA,ORB
STARLINK-33661,2025-083N,63646,PAY,+,US,2025-04-25,AFETR,,94.27,43.00,484,482,,,EA,ORB
STARLINK-33729,2025-083P,63647,PAY,+,US,2025-04-25,AFETR,,94.27,43.00,484,482,,,EA,ORB
STARLINK-33717,2025-083Q,63648,PAY,+,US,2025-04-25,AFETR,,94.27,43.00,483,483,,,EA,ORB
STARLINK-33684,2025-083R,63649,PAY,+,US,2025-04-25,AFETR,,94.27,43.01,486,480,,,EA,ORB
STARLINK-33704,2025-083S,63650,PAY,+,US,2025-04-25,AFETR,,94.27,43.00,483,483,,,EA,ORB
STARLINK-33705,2025-083T,63651,PAY,+,US,2025-04-25,AFETR,,94.27,43.00,483,483,,,EA,ORB
STARLINK-33663,2025-083U,63652,PAY,+,US,2025-04-25,AFETR,,94.27,43.00,484,482,,,EA,ORB
STARLINK-33866,2025-083V,63653,PAY,+,US,2025-04-25,AFETR,,94.27,43.01,484,482,,,EA,ORB
STARLINK-33849,2025-083W,63654,PAY,+,US,2025-04-25,AFETR,,94.27,43.00,485,481,,,EA,ORB
STARLINK-33873,2025-083X,63655,PAY,+,US,2025-04-25,AFETR,,94.27,43.00,485,481,,,EA,ORB
STARLINK-33772,2025-083Y,63656,PAY,+,US,2025-04-25,AFETR,,94.27,43.00,483,483,,,EA,ORB
STARLINK-33789,2025-083Z,63657,PAY,+,US,2025-04-25,AFETR,,94.27,43.00,483,483,,,EA,ORB
STARLINK-33822,2025-083AA,63658,PAY,+,US,2025-04-25,AFETR,,94.27,43.00,485,481,,,EA,ORB
STARLINK-33771,2025-083AB,63659,PAY,+,US,2025-04-25,AFETR,,94.27,43.01,485,481,,,EA,ORB
STARLINK-33810,2025-083AC,63660,PAY,+,US,2025-04-25,AFETR,,94.27,43.00,483,483,,,EA,ORB
STARLINK-33823,2025-083AD,63661,PAY,+,US,2025-04-25,AFETR,,94.27,43.00,484,482,,,EA,ORB
STARLINK-11651 [DTC],2025-085A,63664,PAY,+,US,2025-04-28,AFETR,,91.67,43.00,358,355,,,EA,ORB
STARLINK-11672 [DTC],2025-085B,63665,PAY,+,US,2025-04-28,AFETR,,91.66,43.00,357,355,,,EA,ORB
STARLINK-11666 [DTC],2025-085D,63667,PAY,+,US,2025-04-28,AFETR,,91.67,43.00,357,356,,,EA,ORB
STARLINK-11663 [DTC],2025-085E,63668,PAY,+,US,2025-04-28,AFETR,,91.67,43.00,358,355,,,EA,ORB
STARLINK-11595 [DTC],2025-085F,63669,PAY,+,US,2025-04-28,AFETR,,91.67,43.00,359,354,,,EA,ORB
STARLINK-11599 [DTC],2025-085G,63670,PAY,+,US,2025-04-28,AFETR,,91.67,43.00,357,356,,,EA,ORB
STARLINK-11603 [DTC],2025-085H,63671,PAY,+,US,2025-04-28,AFETR,,91.66,43.00,359,353,,,EA,ORB
STARLINK-11644 [DTC],2025-085J,63672,PAY,+,US,2025-04-28,AFETR,,91.67,43.00,357,355,,,EA,ORB
STARLINK-11634 [DTC],2025-085K,63673,PAY,+,US,2025-04-28,AFETR,,91.67,43.00,358,355,,,EA,ORB
STARLINK-11656 [DTC],2025-085L,63674,PAY,+,US,2025-04-28,AFETR,,91.67,43.00,357,356,,,EA,ORB
STARLINK-11655 [DTC],2025-085M,63675,PAY,+,US,2025-04-28,AFETR,,91.67,43.00,357,356,,,EA,ORB
STARLINK-11661 [DTC],2025-085N,63676,PAY,+,US,2025-04-28,AFETR,,91.66,43.00,358,354,,,EA,ORB
STARLINK-33816,2025-085P,63677,PAY,+,US,2025-04-28,AFETR,,94.27,43.00,484,482,,,EA,ORB
STARLINK-33861,2025-085Q,63678,PAY,+,US,2025-04-28,AFETR,,94.27,43.00,486,480,,,EA,ORB
STARLINK-33850,2025-085R,63679,PAY,+,US,2025-04-28,AFETR,,94.27,43.00,484,482,,,EA,ORB
STARLINK-33887,2025-085S,63680,PAY,+,US,2025-04-28,AFETR,,94.27,43.00,483,483,,,EA,ORB
STARLINK-33886,2025-085T,63681,PAY,+,US,2025-04-28,AFETR,,94.27,43.00,484,483,,,EA,ORB
STARLINK-33840,2025-085U,63682,PAY,+,US,2025-04-28,AFETR,,94.27,43.00,483,483,,,EA,ORB
STARLINK-33853,2025-085W,63684,PAY,+,US,2025-04-28,AFETR,,94.27,43.00,484,482,,,EA,ORB
STARLINK-33847,2025-085X,63685,PAY,+,US,2025-04-28,AFETR,,94.27,43.00,484,482,,,EA,ORB
STARLINK-33880,2025-085Y,63686,PAY,+,US,2025-04-28,AFETR,,94.27,43.00,484,482,,,EA,ORB
STARLINK-33894,2025-087A,63697,PAY,+,US,2025-04-28,AFWTR,,93.84,53.16,463,462,,,EA,ORB
STARLINK-33922,2025-087B,63698,PAY,+,US,2025-04-28,AFWTR,,93.85,53.16,464,461,,,EA,ORB
STARLINK-33919,2025-087C,63699,PAY,+,US,2025-04-28,AFWTR,,93.85,53.16,463,462,,,EA,ORB
STARLINK-33908,2025-087D,63700,PAY,+,US,2025-04-28,AFWTR,,93.85,53.16,463,462,,,EA,ORB
STARLINK-33950,2025-087E,63701,PAY,+,US,2025-04-28,AFWTR,,94.01,53.16,472,470,,,EA,ORB
STARLINK-33939,2025-087F,63702,PAY,+,US,2025-04-28,AFWTR,,94.01,53.16,471,470,,,EA,ORB
STARLINK-33868,2025-087G,63703,PAY,+,US,2025-04-28,AFWTR,,93.85,53.16,463,462,,,EA,ORB
STARLINK-33937,2025-087H,63704,PAY,+,US,2025-04-28,AFWTR,,93.85,53.16,463,462,,,EA,ORB
STARLINK-33848,2025-087J,63705,PAY,+,US,2025-04-28,AFWTR,,93.85,53.16,464,462,,,EA,ORB
STARLINK-33995,2025-087K,63706,PAY,+,US,2025-04-28,AFWTR,,93.85,53.16,464,462,,,EA,ORB
STARLINK-33982,2025-087L,63707,PAY,+,US,2025-04-28,AFWTR,,93.85,53.16,464,462,,,EA,ORB
STARLINK-33915,2025-087M,63708,PAY,+,US,2025-04-28,AFWTR,,93.85,53.16,464,462,,,EA,ORB
STARLINK-33862,2025-087N,63709,PAY,+,US,2025-04-28,AFWTR,,93.85,53.16,463,462,,,EA,ORB
STARLINK-33920,2025-087P,63710,PAY,+,US,2025-04-28,AFWTR,,94.01,53.16,471,470,,,EA,ORB
STARLINK-33580,2025-087Q,63711,PAY,+,US,2025-04-28,AFWTR,,94.01,53.16,472,470,,,EA,ORB
STARLINK-33783,2025-087R,63712,PAY,+,US,2025-04-28,AFWTR,,94.01,53.16,471,470,,,EA,ORB
STARLINK-33773,2025-087S,63713,PAY,+,US,2025-04-28,AFWTR,,94.01,53.16,472,470,,,EA,ORB
STARLINK-33745,2025-087T,63714,PAY,+,US,2025-04-28,AFWTR,,93.85,53.16,464,462,,,EA,ORB
STARLINK-33728,2025-087U,63715,PAY,+,US,2025-04-28,AFWTR,,93.85,53.16,464,462,,,EA,ORB
STARLINK-33749,2025-087V,63716,PAY,+,US,2025-04-28,AFWTR,,94.01,53.16,472,470,,,EA,ORB
STARLINK-33725,2025-087W,63717,PAY,+,US,2025-04-28,AFWTR,,93.85,53.16,463,462,,,EA,ORB
STARLINK-33641,2025-087X,63718,PAY,+,US,2025-04-28,AFWTR,,94.01,53.16,471,470,,,EA,ORB
STARLINK-33727,2025-087Y,63719,PAY,+,US,2025-04-28,AFWTR,,93.85,53.16,463,462,,,EA,ORB
STARLINK-33757,2025-087Z,63720,PAY,+,US,2025-04-28,AFWTR,,93.85,53.16,463,462,,,EA,ORB
STARLINK-33774,2025-087AA,63721,PAY,+,US,2025-04-28,AFWTR,,94.01,53.16,472,470,,,EA,ORB
STARLINK-33767,2025-087AB,63722,PAY,+,US,2025-04-28,AFWTR,,93.85,53.16,463,462,,,EA,ORB
STARLINK-33806,2025-087AC,63723,PAY,+,US,2025-04-28,AFWTR,,93.85,53.16,464,462,,,EA,ORB
STARLINK-11677 [DTC],2025-089A,63751,PAY,+,US,2025-04-29,AFETR,,91.67,43.00,359,354,,,EA,ORB
STARLINK-11702 [DTC],2025-089B,63752,PAY,+,US,2025-04-29,AFETR,,91.67,43.00,358,354,,,EA,ORB
STARLINK-11706 [DTC],2025-089C,63753,PAY,+,US,2025-04-29,AFETR,,91.67,43.00,357,355,,,EA,ORB
STARLINK-11662 [DTC],2025-089D,63754,PAY,+,US,2025-04-29,AFETR,,91.67,43.00,358,354,,,EA,ORB
STARLINK-11681 [DTC],2025-089E,63755,PAY,+,US,2025-04-29,AFETR,,91.67,43.00,358,355,,,EA,ORB
STARLINK-11688 [DTC],2025-089F,63756,PAY,+,US,2025-04-29,AFETR,,91.67,43.00,357,355,,,EA,ORB
STARLINK-11676 [DTC],2025-089G,63757,PAY,+,US,2025-04-29,AFETR,,91.66,43.00,358,354,,,EA,ORB
STARLINK-11705 [DTC],2025-089H,63758,PAY,+,US,2025-04-29,AFETR,,91.66,43.00,356,356,,,EA,ORB
STARLINK-11703 [DTC],2025-089J,63759,PAY,+,US,2025-04-29,AFETR,,91.67,43.00,358,355,,,EA,ORB
STARLINK-11701 [DTC],2025-089K,63760,PAY,+,US,2025-04-29,AFETR,,91.67,43.00,358,355,,,EA,ORB
STARLINK-11660 [DTC],2025-089L,63761,PAY,+,US,2025-04-29,AFETR,,91.67,43.00,357,355,,,EA,ORB
STARLINK-11699 [DTC],2025-089M,63762,PAY,+,US,2025-04-29,AFETR,,91.67,43.00,357,356,,,EA,ORB
STARLINK-11693 [DTC],2025-089N,63763,PAY,+,US,2025-04-29,AFETR,,91.67,43.00,358,355,,,EA,ORB
STARLINK-33760,2025-089P,63764,PAY,+,US,2025-04-29,AFETR,,94.27,43.00,484,482,,,EA,ORB
STARLINK-33941,2025-089Q,63765,PAY,+,US,2025-04-29,AFETR,,94.27,43.00,484,482,,,EA,ORB
STARLINK-33824,2025-089R,63766,PAY,+,US,2025-04-29,AFETR,,94.27,43.00,484,482,,,EA,ORB
STARLINK-33808,2025-089S,63767,PAY,+,US,2025-04-29,AFETR,,94.27,43.00,483,483,,,EA,ORB
STARLINK-33844,2025-089T,63768,PAY,+,US,2025-04-29,AFETR,,94.27,43.00,484,482,,,EA,ORB
STARLINK-33907,2025-089U,63769,PAY,+,US,2025-04-29,AFETR,,94.27,43.00,484,482,,,EA,ORB
STARLINK-33884,2025-089V,63770,PAY,+,US,2025-04-29,AFETR,,94.27,43.00,484,482,,,EA,ORB
STARLINK-33841,2025-089W,63771,PAY,+,US,2025-04-29,AFETR,,94.27,43.01,484,482,,,EA,ORB
STARLINK-33769,2025-089X,63773,PAY,+,US,2025-04-29,AFETR,,94.27,43.00,484,482,,,EA,ORB
STARLINK-33914,2025-089Y,63774,PAY,+,US,2025-04-29,AFETR,,94.27,43.00,484,482,,,EA,ORB
STARLINK-33932,2025-091A,63775,PAY,+,US,2025-05-02,AFETR,,94.27,43.00,484,482,,,EA,ORB
STARLINK-33930,2025-091B,63776,PAY,+,US,2025-05-02,AFETR,,94.27,43.00,484,482,,,EA,ORB
STARLINK-33911,2025-091C,63777,PAY,+,US,2025-05-02,AFETR,,94.27,43.00,484,482,,,EA,ORB
STARLINK-33938,2025-091D,63778,PAY,+,US,2025-05-02,AFETR,,94.27,43.00,484,482,,,EA,ORB
STARLINK-33881,2025-091E,63779,PAY,+,US,2025-05-02,AFETR,,94.27,43.00,484,482,,,EA,ORB
STARLINK-33846,2025-091F,63780,PAY,+,US,2025-05-02,AFETR,,94.27,43.00,484,482,,,EA,ORB
STARLINK-33883,2025-091G,63781,PAY,+,US,2025-05-02,AFETR,,94.27,43.00,485,481,,,EA,ORB
STARLINK-33842,2025-091H,63782,PAY,+,US,2025-05-02,AFETR,,94.27,43.00,484,482,,,EA,ORB
STARLINK-33892,2025-091J,63783,PAY,+,US,2025-05-02,AFETR,,94.27,43.00,484,482,,,EA,ORB
STARLINK-33933,2025-091K,63784,PAY,+,US,2025-05-02,AFETR,,94.27,43.00,484,482,,,EA,ORB
STARLINK-33923,2025-091M,63786,PAY,+,US,2025-05-02,AFETR,,94.27,43.00,484,482,,,EA,ORB
STARLINK-33947,2025-091N,63787,PAY,+,US,2025-05-02,AFETR,,94.27,43.00,484,482,,,EA,ORB
STARLINK-33882,2025-091P,63788,PAY,+,US,2025-05-02,AFETR,,94.27,43.00,484,482,,,EA,ORB
STARLINK-33875,2025-091Q,63789,PAY,+,US,2025-05-02,AFETR,,94.27,43.00,484,482,,,EA,ORB
STARLINK-33869,2025-091R,63790,PAY,+,US,2025-05-02,AFETR,,94.27,43.00,484,482,,,EA,ORB
STARLINK-33935,2025-091S,63791,PAY,+,US,2025-05-02,AFETR,,94.27,43.00,484,482,,,EA,ORB
STARLINK-33916,2025-091T,63792,PAY,+,US,2025-05-02,AFETR,,94.27,43.00,484,482,,,EA,ORB
STARLINK-33925,2025-091U,63793,PAY,+,US,2025-05-02,AFETR,,94.27,43.00,485,482,,,EA,ORB
STARLINK-33870,2025-091V,63794,PAY,+,US,2025-05-02,AFETR,,94.27,43.00,484,482,,,EA,ORB
STARLINK-33867,2025-091W,63795,PAY,+,US,2025-05-02,AFETR,,94.27,43.00,485,481,,,EA,ORB
STARLINK-33918,2025-091X,63796,PAY,+,US,2025-05-02,AFETR,,94.27,43.00,484,482,,,EA,ORB
STARLINK-33712,2025-091Y,63797,PAY,+,US,2025-05-02,AFETR,,94.27,43.00,484,482,,,EA,ORB
STARLINK-33827,2025-091Z,63798,PAY,+,US,2025-05-02,AFETR,,94.27,43.00,484,482,,,EA,ORB
STARLINK-33899,2025-091AA,63799,PAY,+,US,2025-05-02,AFETR,,94.27,43.00,484,482,,,EA,ORB
STARLINK-33900,2025-091AB,63800,PAY,+,US,2025-05-02,AFETR,,94.27,43.00,484,482,,,EA,ORB
STARLINK-33975,2025-091AC,63802,PAY,+,US,2025-05-02,AFETR,,94.27,43.00,484,482,,,EA,ORB
STARLINK-33951,2025-091AD,63803,PAY,+,US,2025-05-02,AFETR,,94.27,43.00,484,482,,,EA,ORB
STARLINK-33909,2025-092A,63804,PAY,+,US,2025-05-04,AFETR,,94.27,43.00,484,482,,,EA,ORB
STARLINK-34029,2025-092B,63805,PAY,+,US,2025-05-04,AFETR,,94.27,43.00,484,482,,,EA,ORB
STARLINK-34102,2025-092C,63806,PAY,+,US,2025-05-04,AFETR,,94.27,43.00,484,482,,,EA,ORB
STARLINK-34109,2025-092D,63807,PAY,+,US,2025-05-04,AFETR,,94.27,43.00,484,482,,,EA,ORB
STARLINK-34091,2025-092E,63808,PAY,+,US,2025-05-04,AFETR,,94.27,43.00,483,483,,,EA,ORB
STARLINK-34095,2025-092F,63809,PAY,+,US,2025-05-04,AFETR,,94.27,43.00,484,482,,,EA,ORB
STARLINK-34127,2025-092G,63810,PAY,+,US,2025-05-04,AFETR,,94.27,43.00,484,482,,,EA,ORB
STARLINK-34101,2025-092J,63812,PAY,+,US,2025-05-04,AFETR,,94.27,43.00,484,482,,,EA,ORB
STARLINK-34065,2025-092K,63813,PAY,+,US,2025-05-04,AFETR,,94.27,43.00,484,482,,,EA,ORB
STARLINK-34057,2025-092L,63814,PAY,+,US,2025-05-04,AFETR,,94.27,43.00,484,482,,,EA,ORB
STARLINK-34060,2025-092M,63815,PAY,+,US,2025-05-04,AFETR,,94.27,43.00,484,482,,,EA,ORB
STARLINK-34048,2025-092N,63816,PAY,+,US,2025-05-04,AFETR,,94.27,43.00,484,482,,,EA,ORB
STARLINK-33959,2025-092P,63817,PAY,+,US,2025-05-04,AFETR,,94.27,43.00,484,482,,,EA,ORB
STARLINK-34058,2025-092Q,63818,PAY,+,US,2025-05-04,AFETR,,94.27,43.00,484,482,,,EA,ORB
STARLINK-34055,2025-092R,63819,PAY,+,US,2025-05-04,AFETR,,92.32,43.00,402,375,,,EA,ORB
STARLINK-33794,2025-092S,63820,PAY,+,US,2025-05-04,AFETR,,94.27,43.00,484,482,,,EA,ORB
STARLINK-34047,2025-092T,63821,PAY,+,US,2025-05-04,AFETR,,94.27,43.00,484,482,,,EA,ORB
STARLINK-34094,2025-092U,63822,PAY,+,US,2025-05-04,AFETR,,94.27,43.00,484,482,,,EA,ORB
STARLINK-34043,2025-092V,63823,PAY,+,US,2025-05-04,AFETR,,94.27,43.00,484,482,,,EA,ORB
STARLINK-34025,2025-092W,63824,PAY,+,US,2025-05-04,AFETR,,94.27,43.00,484,482,,,EA,ORB
STARLINK-33874,2025-092X,63825,PAY,+,US,2025-05-04,AFETR,,94.27,43.00,484,482,,,EA,ORB
STARLINK-33781,2025-092Y,63826,PAY,+,US,2025-05-04,AFETR,,94.27,43.00,484,482,,,EA,ORB
STARLINK-33891,2025-092Z,63827,PAY,+,US,2025-05-04,AFETR,,94.27,43.00,483,483,,,EA,ORB
STARLINK-33903,2025-092AA,63828,PAY,+,US,2025-05-04,AFETR,,94.27,43.00,484,482,,,EA,ORB
STARLINK-33889,2025-092AB,63829,PAY,+,US,2025-05-04,AFETR,,94.27,43.00,484,482,,,EA,ORB
STARLINK-33984,2025-092AC,63830,PAY,+,US,2025-05-04,AFETR,,94.27,43.00,484,482,,,EA,ORB
STARLINK-33940,2025-092AD,63831,PAY,+,US,2025-05-04,AFETR,,94.27,43.00,484,482,,,EA,ORB
STARLINK-33978,2025-092AE,63832,PAY,+,US,2025-05-04,AFETR,,94.27,43.01,484,482,,,EA,ORB
STARLINK-34018,2025-093A,63836,PAY,+,US,2025-05-07,AFETR,,94.27,43.00,485,481,,,EA,ORB
STARLINK-34053,2025-093B,63837,PAY,+,US,2025-05-07,AFETR,,94.27,43.00,484,482,,,EA,ORB
STARLINK-34042,2025-093C,63838,PAY,+,US,2025-05-07,AFETR,,94.27,43.00,484,482,,,EA,ORB
STARLINK-34040,2025-093D,63839,PAY,+,US,2025-05-07,AFETR,,94.27,43.00,484,482,,,EA,ORB
STARLINK-33990,2025-093E,63840,PAY,+,US,2025-05-07,AFETR,,94.27,43.00,484,482,,,EA,ORB
STARLINK-34056,2025-093F,63841,PAY,+,US,2025-05-07,AFETR,,94.27,43.00,484,482,,,EA,ORB
STARLINK-34026,2025-093G,63842,PAY,+,US,2025-05-07,AFETR,,94.27,43.00,484,482,,,EA,ORB
STARLINK-33777,2025-093H,63843,PAY,+,US,2025-05-07,AFETR,,94.27,43.00,484,482,,,EA,ORB
STARLINK-34041,2025-093J,63844,PAY,+,US,2025-05-07,AFETR,,94.27,43.00,484,482,,,EA,ORB
STARLINK-34011,2025-093K,63845,PAY,+,US,2025-05-07,AFETR,,94.27,43.00,484,482,,,EA,ORB
STARLINK-34044,2025-093L,63846,PAY,+,US,2025-05-07,AFETR,,94.27,43.00,484,482,,,EA,ORB
STARLINK-34037,2025-093M,63847,PAY,+,US,2025-05-07,AFETR,,94.27,43.00,484,482,,,EA,ORB
STARLINK-34010,2025-093N,63848,PAY,+,US,2025-05-07,AFETR,,94.27,43.00,484,482,,,EA,ORB
STARLINK-34009,2025-093P,63849,PAY,+,US,2025-05-07,AFETR,,94.27,43.00,484,482,,,EA,ORB
STARLINK-33958,2025-093Q,63850,PAY,+,US,2025-05-07,AFETR,,94.27,43.00,484,482,,,EA,ORB
STARLINK-33776,2025-093R,63851,PAY,+,US,2025-05-07,AFETR,,94.27,43.00,484,482,,,EA,ORB
STARLINK-34032,2025-093T,63853,PAY,+,US,2025-05-07,AFETR,,94.27,43.00,484,482,,,EA,ORB
STARLINK-34015,2025-093U,63854,PAY,+,US,2025-05-07,AFETR,,94.27,43.00,484,482,,,EA,ORB
STARLINK-33969,2025-093V,63855,PAY,+,US,2025-05-07,AFETR,,94.27,43.00,484,482,,,EA,ORB
STARLINK-34002,2025-093W,63856,PAY,+,US,2025-05-07,AFETR,,94.27,43.00,484,482,,,EA,ORB
STARLINK-33999,2025-093X,63857,PAY,+,US,2025-05-07,AFETR,,94.27,43.00,484,482,,,EA,ORB
STARLINK-33976,2025-093Y,63858,PAY,+,US,2025-05-07,AFETR,,94.27,43.00,484,482,,,EA,ORB
STARLINK-33821,2025-093Z,63859,PAY,+,US,2025-05-07,AFETR,,94.27,43.00,484,482,,,EA,ORB
STARLINK-33888,2025-093AA,63860,PAY,+,US,2025-05-07,AFETR,,94.27,43.00,484,482,,,EA,ORB
STARLINK-33896,2025-093AB,63861,PAY,+,US,2025-05-07,AFETR,,94.27,43.00,484,482,,,EA,ORB
STARLINK-33878,2025-093AC,63862,PAY,+,US,2025-05-07,AFETR,,94.27,43.00,484,482,,,EA,ORB
STARLINK-33954,2025-093AD,63863,PAY,+,US,2025-05-07,AFETR,,94.27,43.00,484,482,,,EA,ORB
STARLINK-33863,2025-094A,63864,PAY,+,US,2025-05-10,AFWTR,,94.14,70.00,479,476,,,EA,ORB
STARLINK-33897,2025-094B,63865,PAY,+,US,2025-05-10,AFWTR,,94.14,70.00,479,475,,,EA,ORB
STARLINK-34022,2025-094C,63866,PAY,+,US,2025-05-10,AFWTR,,94.14,70.00,479,475,,,EA,ORB
STARLINK-33979,2025-094D,63867,PAY,+,US,2025-05-10,AFWTR,,94.14,70.00,479,475,,,EA,ORB
STARLINK-34007,2025-094E,63868,PAY,+,US,2025-05-10,AFWTR,,94.09,70.00,477,472,,,EA,ORB
STARLINK-34006,2025-094F,63869,PAY,+,US,2025-05-10,AFWTR,,94.14,70.00,478,476,,,EA,ORB
STARLINK-33986,2025-094G,63870,PAY,+,US,2025-05-10,AFWTR,,94.14,70.00,479,475,,,EA,ORB
STARLINK-34013,2025-094H,63871,PAY,+,US,2025-05-10,AFWTR,,94.14,70.00,480,474,,,EA,ORB
STARLINK-34059,2025-094J,63872,PAY,+,US,2025-05-10,AFWTR,,94.14,70.00,479,475,,,EA,ORB
STARLINK-33987,2025-094K,63873,PAY,+,US,2025-05-10,AFWTR,,94.12,70.00,478,474,,,EA,ORB
STARLINK-34052,2025-094L,63874,PAY,+,US,2025-05-10,AFWTR,,94.14,70.00,479,475,,,EA,ORB
STARLINK-34023,2025-094M,63875,PAY,+,US,2025-05-10,AFWTR,,94.14,70.00,479,475,,,EA,ORB
STARLINK-33778,2025-094P,63877,PAY,+,US,2025-05-10,AFWTR,,94.14,70.00,479,475,,,EA,ORB
STARLINK-33901,2025-094Q,63878,PAY,+,US,2025-05-10,AFWTR,,94.14,70.00,479,475,,,EA,ORB
STARLINK-33812,2025-094R,63879,PAY,+,US,2025-05-10,AFWTR,,94.14,70.00,479,475,,,EA,ORB
STARLINK-33779,2025-094S,63880,PAY,+,US,2025-05-10,AFWTR,,94.14,70.00,480,474,,,EA,ORB
STARLINK-33905,2025-094T,63881,PAY,+,US,2025-05-10,AFWTR,,94.14,70.00,479,475,,,EA,ORB
STARLINK-34003,2025-094U,63882,PAY,+,US,2025-05-10,AFWTR,,93.22,70.00,435,429,,,EA,ORB
STARLINK-33968,2025-094V,63883,PAY,+,US,2025-05-10,AFWTR,,94.09,70.00,477,472,,,EA,ORB
STARLINK-33943,2025-094W,63884,PAY,+,US,2025-05-10,AFWTR,,94.14,70.00,479,475,,,EA,ORB
STARLINK-33858,2025-094X,63885,PAY,+,US,2025-05-10,AFWTR,,94.14,70.00,479,475,,,EA,ORB
STARLINK-33885,2025-094Y,63886,PAY,+,US,2025-05-10,AFWTR,,94.14,70.00,479,475,,,EA,ORB
STARLINK-33904,2025-094Z,63887,PAY,+,US,2025-05-10,AFWTR,,94.12,70.00,479,473,,,EA,ORB
STARLINK-33981,2025-094AA,63888,PAY,+,US,2025-05-10,AFWTR,,94.14,70.00,479,475,,,EA,ORB
STARLINK-33738,2025-094AB,63889,PAY,+,US,2025-05-10,AFWTR,,94.14,70.00,479,475,,,EA,ORB
STARLINK-34116,2025-095A,63890,PAY,+,US,2025-05-10,AFETR,,94.27,43.00,484,482,,,EA,ORB
STARLINK-34123,2025-095B,63891,PAY,+,US,2025-05-10,AFETR,,94.27,43.00,484,482,,,EA,ORB
STARLINK-33972,2025-095D,63893,PAY,+,US,2025-05-10,AFETR,,94.27,43.00,484,482,,,EA,ORB
STARLINK-33973,2025-095E,63894,PAY,+,US,2025-05-10,AFETR,,94.27,43.00,484,482,,,EA,ORB
STARLINK-34119,2025-095F,63895,PAY,+,US,2025-05-10,AFETR,,94.27,43.00,484,482,,,EA,ORB
STARLINK-34143,2025-095G,63896,PAY,+,US,2025-05-10,AFETR,,94.27,43.00,484,482,,,EA,ORB
STARLINK-33957,2025-095H,63897,PAY,+,US,2025-05-10,AFETR,,94.27,43.00,484,482,,,EA,ORB
STARLINK-34120,2025-095J,63898,PAY,+,US,2025-05-10,AFETR,,94.27,43.00,484,482,,,EA,ORB
STARLINK-34134,2025-095K,63899,PAY,+,US,2025-05-10,AFETR,,94.27,43.00,484,482,,,EA,ORB
STARLINK-34118,2025-095L,63900,PAY,+,US,2025-05-10,AFETR,,94.27,43.00,484,483,,,EA,ORB
STARLINK-34125,2025-095M,63901,PAY,+,US,2025-05-10,AFETR,,94.27,43.00,483,483,,,EA,ORB
STARLINK-33955,2025-095N,63902,PAY,+,US,2025-05-10,AFETR,,94.27,43.00,484,482,,,EA,ORB
STARLINK-34097,2025-095P,63903,PAY,+,US,2025-05-10,AFETR,,94.27,43.00,484,482,,,EA,ORB
STARLINK-34092,2025-095Q,63904,PAY,+,US,2025-05-10,AFETR,,94.27,43.00,484,482,,,EA,ORB
STARLINK-34114,2025-095R,63905,PAY,+,US,2025-05-10,AFETR,,94.27,43.00,484,482,,,EA,ORB
STARLINK-33770,2025-095S,63906,PAY,+,US,2025-05-10,AFETR,,94.27,43.00,484,482,,,EA,ORB
STARLINK-34106,2025-095T,63907,PAY,+,US,2025-05-10,AFETR,,94.27,43.00,484,482,,,EA,ORB
STARLINK-34083,2025-095U,63908,PAY,+,US,2025-05-10,AFETR,,94.27,43.00,484,482,,,EA,ORB
STARLINK-34066,2025-095V,63909,PAY,+,US,2025-05-10,AFETR,,94.27,43.00,484,482,,,EA,ORB
STARLINK-34071,2025-095W,63910,PAY,+,US,2025-05-10,AFETR,,94.27,43.00,484,482,,,EA,ORB
STARLINK-34038,2025-095X,63911,PAY,+,US,2025-05-10,AFETR,,94.27,43.00,484,482,,,EA,ORB
STARLINK-34031,2025-095Y,63912,PAY,+,US,2025-05-10,AFETR,,94.27,43.00,484,482,,,EA,ORB
STARLINK-34070,2025-095Z,63913,PAY,+,US,2025-05-10,AFETR,,94.27,43.00,484,482,,,EA,ORB
STARLINK-34068,2025-095AA,63914,PAY,+,US,2025-05-10,AFETR,,94.27,43.00,484,482,,,EA,ORB
STARLINK-34076,2025-095AB,63915,PAY,+,US,2025-05-10,AFETR,,94.27,43.00,484,482,,,EA,ORB
STARLINK-33910,2025-095AC,63916,PAY,+,US,2025-05-10,AFETR,,94.27,43.00,484,482,,,EA,ORB
STARLINK-34075,2025-095AD,63917,PAY,+,US,2025-05-10,AFETR,,94.27,43.00,484,482,,,EA,ORB
STARLINK-34012,2025-098A,63926,PAY,+,US,2025-05-13,AFWTR,,94.14,70.00,478,476,,,EA,ORB
STARLINK-33956,2025-098B,63927,PAY,+,US,2025-05-13,AFWTR,,94.14,70.00,479,475,,,EA,ORB
STARLINK-33997,2025-098C,63928,PAY,+,US,2025-05-13,AFWTR,,94.14,70.00,479,475,,,EA,ORB
STARLINK-33989,2025-098D,63929,PAY,+,US,2025-05-13,AFWTR,,94.14,70.00,479,475,,,EA,ORB
STARLINK-33980,2025-098E,63930,PAY,+,US,2025-05-13,AFWTR,,94.14,70.00,478,476,,,EA,ORB
STARLINK-33994,2025-098F,63931,PAY,+,US,2025-05-13,AFWTR,,94.14,70.00,479,475,,,EA,ORB
STARLINK-33971,2025-098G,63932,PAY,+,US,2025-05-13,AFWTR,,94.14,70.00,479,475,,,EA,ORB
STARLINK-33877,2025-098H,63933,PAY,+,US,2025-05-13,AFWTR,,94.14,70.00,479,475,,,EA,ORB
STARLINK-33895,2025-098J,63934,PAY,+,US,2025-05-13,AFWTR,,94.14,70.00,479,475,,,EA,ORB
STARLINK-34005,2025-098K,63935,PAY,+,US,2025-05-13,AFWTR,,94.14,70.00,479,475,,,EA,ORB
STARLINK-34027,2025-098L,63936,PAY,+,US,2025-05-13,AFWTR,,94.14,70.00,479,475,,,EA,ORB
STARLINK-34035,2025-098M,63937,PAY,+,US,2025-05-13,AFWTR,,94.14,70.00,479,475,,,EA,ORB
STARLINK-33988,2025-098N,63938,PAY,+,US,2025-05-13,AFWTR,,94.14,70.00,479,475,,,EA,ORB
STARLINK-34020,2025-098P,63939,PAY,+,US,2025-05-13,AFWTR,,94.14,70.00,479,476,,,EA,ORB
STARLINK-34021,2025-098Q,63940,PAY,+,US,2025-05-13,AFWTR,,94.14,70.00,479,475,,,EA,ORB
STARLINK-34004,2025-098R,63941,PAY,+,US,2025-05-13,AFWTR,,94.14,70.00,479,475,,,EA,ORB
STARLINK-34014,2025-098S,63942,PAY,+,US,2025-05-13,AFWTR,,94.14,70.00,479,475,,,EA,ORB
STARLINK-33985,2025-098T,63943,PAY,+,US,2025-05-13,AFWTR,,94.14,70.00,479,475,,,EA,ORB
STARLINK-33996,2025-098U,63944,PAY,+,US,2025-05-13,AFWTR,,94.14,70.00,479,475,,,EA,ORB
STARLINK-34036,2025-098V,63945,PAY,+,US,2025-05-13,AFWTR,,94.14,70.00,479,475,,,EA,ORB
STARLINK-34039,2025-098W,63946,PAY,+,US,2025-05-13,AFWTR,,94.14,70.00,479,475,,,EA,ORB
STARLINK-34034,2025-098X,63947,PAY,+,US,2025-05-13,AFWTR,,94.14,70.00,480,475,,,EA,ORB
STARLINK-33983,2025-098Y,63948,PAY,+,US,2025-05-13,AFWTR,,94.14,70.00,479,475,,,EA,ORB
STARLINK-33993,2025-098Z,63949,PAY,+,US,2025-05-13,AFWTR,,94.14,70.00,479,475,,,EA,ORB
STARLINK-33962,2025-098AA,63950,PAY,+,US,2025-05-13,AFWTR,,94.15,70.00,480,475,,,EA,ORB
STARLINK-33998,2025-098AB,63951,PAY,+,US,2025-05-13,AFWTR,,94.14,70.00,479,475,,,EA,ORB
STARLINK-34159,2025-099A,63952,PAY,+,US,2025-05-13,AFETR,,94.27,43.00,483,483,,,EA,ORB
STARLINK-34137,2025-099B,63953,PAY,+,US,2025-05-13,AFETR,,94.27,43.00,484,482,,,EA,ORB
STARLINK-33974,2025-099C,63954,PAY,+,US,2025-05-13,AFETR,,94.27,43.00,483,483,,,EA,ORB
STARLINK-34170,2025-099D,63955,PAY,+,US,2025-05-13,AFETR,,94.27,43.00,484,482,,,EA,ORB
STARLINK-34187,2025-099E,63956,PAY,+,US,2025-05-13,AFETR,,94.27,43.00,484,482,,,EA,ORB
STARLINK-34142,2025-099F,63957,PAY,+,US,2025-05-13,AFETR,,94.27,43.00,484,482,,,EA,ORB
STARLINK-34144,2025-099G,63958,PAY,+,US,2025-05-13,AFETR,,94.27,43.00,484,482,,,EA,ORB
STARLINK-34099,2025-099H,63959,PAY,+,US,2025-05-13,AFETR,,94.27,43.00,483,483,,,EA,ORB
STARLINK-34107,2025-099J,63960,PAY,+,US,2025-05-13,AFETR,,94.26,43.00,484,482,,,EA,ORB
STARLINK-34121,2025-099K,63961,PAY,+,US,2025-05-13,AFETR,,94.27,43.00,484,482,,,EA,ORB
STARLINK-34103,2025-099L,63962,PAY,+,US,2025-05-13,AFETR,,94.27,43.00,483,483,,,EA,ORB
STARLINK-33801,2025-099M,63963,PAY,+,US,2025-05-13,AFETR,,94.27,43.00,484,482,,,EA,ORB
STARLINK-34135,2025-099N,63964,PAY,+,US,2025-05-13,AFETR,,94.27,43.00,484,482,,,EA,ORB
STARLINK-34147,2025-099P,63965,PAY,+,US,2025-05-13,AFETR,,94.27,43.00,484,482,,,EA,ORB
STARLINK-33960,2025-099Q,63966,PAY,+,US,2025-05-13,AFETR,,94.27,43.00,484,482,,,EA,ORB
STARLINK-34153,2025-099R,63967,PAY,+,US,2025-05-13,AFETR,,94.27,43.00,484,482,,,EA,ORB
STARLINK-33963,2025-099S,63968,PAY,+,US,2025-05-13,AFETR,,94.27,43.00,484,482,,,EA,ORB
STARLINK-34112,2025-099T,63969,PAY,+,US,2025-05-13,AFETR,,94.27,43.00,484,482,,,EA,ORB
STARLINK-34084,2025-099U,63970,PAY,+,US,2025-05-13,AFETR,,94.27,43.00,484,482,,,EA,ORB
STARLINK-34138,2025-099V,63971,PAY,+,US,2025-05-13,AFETR,,94.27,43.00,483,483,,,EA,ORB
STARLINK-34115,2025-099W,63972,PAY,+,US,2025-05-13,AFETR,,94.27,43.00,484,482,,,EA,ORB
STARLINK-34028,2025-099X,63973,PAY,+,US,2025-05-13,AFETR,,94.27,43.00,483,483,,,EA,ORB
STARLINK-33942,2025-099Y,63974,PAY,+,US,2025-05-13,AFETR,,94.27,43.00,484,482,,,EA,ORB
STARLINK-34139,2025-099Z,63975,PAY,+,US,2025-05-13,AFETR,,94.27,43.00,484,482,,,EA,ORB
STARLINK-34090,2025-099AA,63976,PAY,+,US,2025-05-13,AFETR,,94.27,43.00,484,482,,,EA,ORB
STARLINK-34105,2025-099AB,63977,PAY,+,US,2025-05-13,AFETR,,94.27,42.99,483,483,,,EA,ORB
STARLINK-33642,2025-099AC,63978,PAY,+,US,2025-05-13,AFETR,,94.27,43.00,485,481,,,EA,ORB
STARLINK-34045,2025-099AD,63979,PAY,+,US,2025-05-13,AFETR,,94.27,43.00,484,482,,,EA,ORB
STARLINK-33871,2025-101A,63994,PAY,+,US,2025-05-14,AFETR,,94.27,43.00,483,483,,,EA,ORB
STARLINK-34154,2025-101B,63995,PAY,+,US,2025-05-14,AFETR,,94.27,43.01,484,482,,,EA,ORB
STARLINK-34158,2025-101C,63996,PAY,+,US,2025-05-14,AFETR,,94.27,43.00,484,482,,,EA,ORB
STARLINK-34165,2025-101D,63997,PAY,+,US,2025-05-14,AFETR,,94.27,43.00,484,482,,,EA,ORB
STARLINK-34150,2025-101E,63998,PAY,+,US,2025-05-14,AFETR,,94.27,43.00,484,482,,,EA,ORB
STARLINK-34169,2025-101F,63999,PAY,+,US,2025-05-14,AFETR,,94.27,43.00,484,482,,,EA,ORB
STARLINK-34152,2025-101G,64000,PAY,+,US,2025-05-14,AFETR,,94.27,43.00,484,482,,,EA,ORB
STARLINK-33927,2025-101H,64001,PAY,+,US,2025-05-14,AFETR,,94.27,43.00,484,482,,,EA,ORB
STARLINK-33898,2025-101J,64002,PAY,+,US,2025-05-14,AFETR,,94.27,43.00,484,482,,,EA,ORB
STARLINK-33928,2025-101K,64003,PAY,+,US,2025-05-14,AFETR,,94.27,43.00,484,482,,,EA,ORB
STARLINK-33758,2025-101L,64004,PAY,+,US,2025-05-14,AFETR,,94.27,43.00,484,482,,,EA,ORB
STARLINK-33936,2025-101M,64005,PAY,+,US,2025-05-14,AFETR,,94.27,43.00,484,482,,,EA,ORB
STARLINK-33931,2025-101N,64006,PAY,+,US,2025-05-14,AFETR,,94.27,43.00,484,482,,,EA,ORB
STARLINK-33759,2025-101P,64007,PAY,+,US,2025-05-14,AFETR,,94.27,43.01,484,482,,,EA,ORB
STARLINK-34163,2025-101Q,64008,PAY,+,US,2025-05-14,AFETR,,94.27,43.00,483,483,,,EA,ORB
STARLINK-34077,2025-101R,64009,PAY,+,US,2025-05-14,AFETR,,94.27,43.00,485,482,,,EA,ORB
STARLINK-34113,2025-101S,64010,PAY,+,US,2025-05-14,AFETR,,94.27,43.00,484,482,,,EA,ORB
STARLINK-34193,2025-101T,64011,PAY,+,US,2025-05-14,AFETR,,94.27,43.00,484,482,,,EA,ORB
STARLINK-34078,2025-101U,64012,PAY,+,US,2025-05-14,AFETR,,94.27,43.00,484,482,,,EA,ORB
STARLINK-34182,2025-101V,64013,PAY,+,US,2025-05-14,AFETR,,94.27,43.00,484,482,,,EA,ORB
STARLINK-34192,2025-101W,64014,PAY,+,US,2025-05-14,AFETR,,94.26,43.00,484,482,,,EA,ORB
STARLINK-34093,2025-101X,64015,PAY,+,US,2025-05-14,AFETR,,94.27,43.00,484,482,,,EA,ORB
STARLINK-34016,2025-101Y,64016,PAY,+,US,2025-05-14,AFETR,,94.27,43.00,484,482,,,EA,ORB
STARLINK-34161,2025-101Z,64017,PAY,+,US,2025-05-14,AFETR,,94.27,43.00,484,482,,,EA,ORB
STARLINK-34162,2025-101AA,64018,PAY,+,US,2025-05-14,AFETR,,94.27,43.00,485,482,,,EA,ORB
STARLINK-34155,2025-101AB,64019,PAY,+,US,2025-05-14,AFETR,,94.27,43.00,484,482,,,EA,ORB
STARLINK-34141,2025-101AC,64020,PAY,+,US,2025-05-14,AFETR,,94.27,43.00,484,482,,,EA,ORB
STARLINK-34062,2025-101AD,64021,PAY,+,US,2025-05-14,AFETR,,94.27,43.00,484,482,,,EA,ORB
STARLINK-34051,2025-102A,64022,PAY,+,US,2025-05-16,AFWTR,,94.14,70.01,479,475,,,EA,ORB
STARLINK-34087,2025-102B,64023,PAY,+,US,2025-05-16,AFWTR,,94.14,70.00,478,476,,,EA,ORB
STARLINK-34184,2025-102C,64024,PAY,+,US,2025-05-16,AFWTR,,94.14,70.01,479,475,,,EA,ORB
STARLINK-34088,2025-102D,64025,PAY,+,US,2025-05-16,AFWTR,,94.14,70.00,479,475,,,EA,ORB
STARLINK-33992,2025-102E,64026,PAY,+,US,2025-05-16,AFWTR,,94.14,70.00,479,475,,,EA,ORB
STARLINK-33967,2025-102F,64027,PAY,+,US,2025-05-16,AFWTR,,94.14,70.00,479,476,,,EA,ORB
STARLINK-33953,2025-102G,64028,PAY,+,US,2025-05-16,AFWTR,,94.14,70.00,480,475,,,EA,ORB
STARLINK-33790,2025-102H,64029,PAY,+,US,2025-05-16,AFWTR,,94.14,70.00,480,474,,,EA,ORB
STARLINK-34030,2025-102J,64030,PAY,+,US,2025-05-16,AFWTR,,94.14,70.00,480,474,,,EA,ORB
STARLINK-34024,2025-102K,64031,PAY,+,US,2025-05-16,AFWTR,,94.09,70.00,476,473,,,EA,ORB
STARLINK-34019,2025-102L,64032,PAY,+,US,2025-05-16,AFWTR,,94.14,70.00,479,475,,,EA,ORB
STARLINK-33860,2025-102M,64033,PAY,+,US,2025-05-16,AFWTR,,94.14,70.00,479,475,,,EA,ORB
STARLINK-33946,2025-102N,64034,PAY,+,US,2025-05-16,AFWTR,,94.14,70.00,479,475,,,EA,ORB
STARLINK-34046,2025-102P,64035,PAY,+,US,2025-05-16,AFWTR,,94.14,70.00,479,475,,,EA,ORB
STARLINK-34085,2025-102Q,64036,PAY,+,US,2025-05-16,AFWTR,,94.10,70.00,477,473,,,EA,ORB
STARLINK-34008,2025-102R,64037,PAY,+,US,2025-05-16,AFWTR,,94.14,70.00,479,475,,,EA,ORB
STARLINK-34079,2025-102S,64038,PAY,+,US,2025-05-16,AFWTR,,94.14,70.00,479,475,,,EA,ORB
STARLINK-34089,2025-102T,64039,PAY,+,US,2025-05-16,AFWTR,,94.14,70.00,479,475,,,EA,ORB
STARLINK-34117,2025-102U,64040,PAY,+,US,2025-05-16,AFWTR,,94.14,70.00,479,476,,,EA,ORB
STARLINK-34111,2025-102V,64041,PAY,+,US,2025-05-16,AFWTR,,94.14,70.00,479,475,,,EA,ORB
STARLINK-34049,2025-102W,64042,PAY,+,US,2025-05-16,AFWTR,,94.14,70.00,480,475,,,EA,ORB
STARLINK-34096,2025-102X,64043,PAY,+,US,2025-05-16,AFWTR,,94.14,70.00,479,475,,,EA,ORB
STARLINK-34081,2025-102Y,64044,PAY,+,US,2025-05-16,AFWTR,,94.14,70.00,479,475,,,EA,ORB
STARLINK-34033,2025-102Z,64045,PAY,+,US,2025-05-16,AFWTR,,94.14,70.00,480,474,,,EA,ORB
STARLINK-33952,2025-102AA,64046,PAY,+,US,2025-05-16,AFWTR,,94.14,70.00,479,475,,,EA,ORB
STARLINK-33961,2025-102AB,64047,PAY,+,US,2025-05-16,AFWTR,,94.14,70.00,479,475,,,EA,ORB
STARLINK-11741 [DTC],2025-107A,64064,PAY,+,US,2025-05-21,AFETR,,91.67,43.00,358,355,,,EA,ORB
STARLINK-11709 [DTC],2025-107B,64065,PAY,+,US,2025-05-21,AFETR,,91.66,43.00,361,352,,,EA,ORB
STARLINK-11737 [DTC],2025-107C,64066,PAY,+,US,2025-05-21,AFETR,,91.67,43.00,357,355,,,EA,ORB
STARLINK-11726 [DTC],2025-107D,64067,PAY,+,US,2025-05-21,AFETR,,91.67,43.00,357,356,,,EA,ORB
STARLINK-11700 [DTC],2025-107E,64068,PAY,+,US,2025-05-21,AFETR,,91.67,43.00,359,354,,,EA,ORB
STARLINK-11649 [DTC],2025-107F,64069,PAY,+,US,2025-05-21,AFETR,,91.67,43.00,358,355,,,EA,ORB
STARLINK-11713 [DTC],2025-107G,64070,PAY,+,US,2025-05-21,AFETR,,91.67,43.00,360,353,,,EA,ORB
STARLINK-11719 [DTC],2025-107H,64071,PAY,+,US,2025-05-21,AFETR,,91.67,43.00,357,355,,,EA,ORB
STARLINK-11733 [DTC],2025-107J,64072,PAY,+,US,2025-05-21,AFETR,,91.67,43.00,357,355,,,EA,ORB
STARLINK-11729 [DTC],2025-107K,64073,PAY,+,US,2025-05-21,AFETR,,91.67,43.00,361,352,,,EA,ORB
STARLINK-11730 [DTC],2025-107L,64074,PAY,+,US,2025-05-21,AFETR,,91.67,43.00,358,355,,,EA,ORB
STARLINK-11723 [DTC],2025-107M,64075,PAY,+,US,2025-05-21,AFETR,,91.67,43.00,358,355,,,EA,ORB
STARLINK-11715 [DTC],2025-107N,64076,PAY,+,US,2025-05-21,AFETR,,91.67,43.00,358,355,,,EA,ORB
STARLINK-34201,2025-107P,64077,PAY,+,US,2025-05-21,AFETR,,94.27,43.00,484,482,,,EA,ORB
STARLINK-34190,2025-107Q,64078,PAY,+,US,2025-05-21,AFETR,,94.27,43.00,484,482,,,EA,ORB
STARLINK-34168,2025-107R,64079,PAY,+,US,2025-05-21,AFETR,,94.27,43.00,484,482,,,EA,ORB
STARLINK-34098,2025-107S,64080,PAY,+,US,2025-05-21,AFETR,,94.27,43.01,484,482,,,EA,ORB
STARLINK-34180,2025-107T,64081,PAY,+,US,2025-05-21,AFETR,,94.27,43.00,484,482,,,EA,ORB
STARLINK-34171,2025-107U,64082,PAY,+,US,2025-05-21,AFETR,,94.27,43.00,483,483,,,EA,ORB
STARLINK-34126,2025-107V,64083,PAY,+,US,2025-05-21,AFETR,,94.27,43.00,484,482,,,EA,ORB
STARLINK-34157,2025-107W,64084,PAY,+,US,2025-05-21,AFETR,,94.27,43.00,483,483,,,EA,ORB
STARLINK-34140,2025-107X,64085,PAY,+,US,2025-05-21,AFETR,,94.27,43.00,484,482,,,EA,ORB
STARLINK-34132,2025-107Y,64086,PAY,+,US,2025-05-21,AFETR,,94.27,43.00,484,482,,,EA,ORB
STARLINK-34178,2025-110A,64096,PAY,+,US,2025-05-23,AFWTR,,94.01,53.16,472,470,,,EA,ORB
STARLINK-34174,2025-110B,64097,PAY,+,US,2025-05-23,AFWTR,,93.85,53.16,464,462,,,EA,ORB
STARLINK-34146,2025-110C,64098,PAY,+,US,2025-05-23,AFWTR,,93.85,53.16,464,462,,,EA,ORB
STARLINK-34074,2025-110D,64099,PAY,+,US,2025-05-23,AFWTR,,93.85,53.16,464,461,,,EA,ORB
STARLINK-34082,2025-110E,64100,PAY,+,US,2025-05-23,AFWTR,,93.85,53.16,464,462,,,EA,ORB
STARLINK-34072,2025-110F,64101,PAY,+,US,2025-05-23,AFWTR,,94.01,53.16,472,470,,,EA,ORB
STARLINK-34104,2025-110G,64102,PAY,+,US,2025-05-23,AFWTR,,93.85,53.16,463,462,,,EA,ORB
STARLINK-34179,2025-110H,64103,PAY,+,US,2025-05-23,AFWTR,,94.01,53.16,472,470,,,EA,ORB
STARLINK-34176,2025-110J,64104,PAY,+,US,2025-05-23,AFWTR,,93.85,53.16,464,461,,,EA,ORB
STARLINK-33949,2025-110K,64105,PAY,+,US,2025-05-23,AFWTR,,94.01,53.16,472,470,,,EA,ORB
STARLINK-33970,2025-110L,64106,PAY,+,US,2025-05-23,AFWTR,,93.85,53.16,464,462,,,EA,ORB
STARLINK-33912,2025-110M,64107,PAY,+,US,2025-05-23,AFWTR,,94.01,53.16,471,470,,,EA,ORB
STARLINK-34156,2025-110N,64108,PAY,+,US,2025-05-23,AFWTR,,94.01,53.16,472,470,,,EA,ORB
STARLINK-34124,2025-110P,64109,PAY,+,US,2025-05-23,AFWTR,,94.01,53.16,472,470,,,EA,ORB
STARLINK-34145,2025-110Q,64110,PAY,+,US,2025-05-23,AFWTR,,93.85,53.16,463,462,,,EA,ORB
STARLINK-34148,2025-110R,64111,PAY,+,US,2025-05-23,AFWTR,,94.01,53.16,471,470,,,EA,ORB
STARLINK-34136,2025-110S,64112,PAY,+,US,2025-05-23,AFWTR,,94.01,53.16,472,470,,,EA,ORB
STARLINK-33839,2025-110T,64113,PAY,+,US,2025-05-23,AFWTR,,94.01,53.16,472,470,,,EA,ORB
STARLINK-34064,2025-110U,64114,PAY,+,US,2025-05-23,AFWTR,,94.01,53.16,471,470,,,EA,ORB
STARLINK-34067,2025-110V,64115,PAY,+,US,2025-05-23,AFWTR,,93.31,53.16,441,432,,,EA,ORB
STARLINK-34080,2025-110W,64116,PAY,+,US,2025-05-23,AFWTR,,94.01,53.16,472,470,,,EA,ORB
STARLINK-34122,2025-110X,64117,PAY,+,US,2025-05-23,AFWTR,,94.01,53.16,472,470,,,EA,ORB
STARLINK-33964,2025-110Y,64118,PAY,+,US,2025-05-23,AFWTR,,94.01,53.16,472,470,,,EA,ORB
STARLINK-34160,2025-110Z,64119,PAY,+,US,2025-05-23,AFWTR,,93.85,53.16,464,462,,,EA,ORB
STARLINK-34151,2025-110AA,64120,PAY,+,US,2025-05-23,AFWTR,,94.05,53.16,473,472,,,EA,ORB
STARLINK-34189,2025-110AB,64121,PAY,+,US,2025-05-23,AFWTR,,94.01,53.16,472,470,,,EA,ORB
STARLINK-33991,2025-110AC,64122,PAY,+,US,2025-05-23,AFWTR,,94.01,53.17,472,470,,,EA,ORB
STARLINK-11727 [DTC],2025-111A,64123,PAY,+,US,2025-05-24,AFETR,,91.67,43.00,360,353,,,EA,ORB
STARLINK-11724 [DTC],2025-111B,64124,PAY,+,US,2025-05-24,AFETR,,91.67,43.01,358,354,,,EA,ORB
STARLINK-11725 [DTC],2025-111C,64125,PAY,+,US,2025-05-24,AFETR,,91.66,43.00,359,353,,,EA,ORB
STARLINK-11717 [DTC],2025-111D,64126,PAY,+,US,2025-05-24,AFETR,,91.67,42.98,357,355,,,EA,ORB
STARLINK-11721 [DTC],2025-111E,64127,PAY,+,US,2025-05-24,AFETR,,91.67,43.00,358,354,,,EA,ORB
STARLINK-11722 [DTC],2025-111F,64128,PAY,+,US,2025-05-24,AFETR,,91.66,43.00,357,355,,,EA,ORB
STARLINK-11679 [DTC],2025-111G,64129,PAY,+,US,2025-05-24,AFETR,,91.66,43.00,358,354,,,EA,ORB
STARLINK-11735 [DTC],2025-111H,64130,PAY,+,US,2025-05-24,AFETR,,91.67,43.00,359,354,,,EA,ORB
STARLINK-11720 [DTC],2025-111J,64131,PAY,+,US,2025-05-24,AFETR,,91.67,43.00,357,356,,,EA,ORB
STARLINK-11718 [DTC],2025-111K,64132,PAY,+,US,2025-05-24,AFETR,,91.67,43.00,357,355,,,EA,ORB
STARLINK-11716 [DTC],2025-111L,64133,PAY,+,US,2025-05-24,AFETR,,91.67,43.00,358,354,,,EA,ORB
STARLINK-11714 [DTC],2025-111M,64134,PAY,+,US,2025-05-24,AFETR,,91.67,43.00,358,355,,,EA,ORB
STARLINK-11712 [DTC],2025-111N,64135,PAY,+,US,2025-05-24,AFETR,,91.67,43.00,357,356,,,EA,ORB
STARLINK-34254,2025-111P,64136,PAY,+,US,2025-05-24,AFETR,,94.27,43.00,484,482,,,EA,ORB
STARLINK-34129,2025-111R,64138,PAY,+,US,2025-05-24,AFETR,,94.27,43.00,484,482,,,EA,ORB
STARLINK-34212,2025-111S,64139,PAY,+,US,2025-05-24,AFETR,,94.27,43.00,483,483,,,EA,ORB
STARLINK-34149,2025-111T,64140,PAY,+,US,2025-05-24,AFETR,,94.27,43.00,484,482,,,EA,ORB
STARLINK-34054,2025-111U,64141,PAY,+,US,2025-05-24,AFETR,,94.27,43.00,484,482,,,EA,ORB
STARLINK-34195,2025-111V,64142,PAY,+,US,2025-05-24,AFETR,,94.27,43.00,484,482,,,EA,ORB
STARLINK-34133,2025-111W,64143,PAY,+,US,2025-05-24,AFETR,,94.27,43.00,484,482,,,EA,ORB
STARLINK-34181,2025-111X,64144,PAY,+,US,2025-05-24,AFETR,,94.27,43.00,484,482,,,EA,ORB
STARLINK-34186,2025-111Y,64145,PAY,+,US,2025-05-24,AFETR,,94.27,43.00,485,482,,,EA,ORB
STARLINK-34314,2025-112A,64146,PAY,+,US,2025-05-27,AFWTR,,93.91,97.28,467,465,,,EA,ORB
STARLINK-33926,2025-112B,64147,PAY,+,US,2025-05-27,AFWTR,,93.91,97.28,467,464,,,EA,ORB
STARLINK-34213,2025-112C,64148,PAY,+,US,2025-05-27,AFWTR,,93.91,97.28,466,465,,,EA,ORB
STARLINK-33924,2025-112D,64149,PAY,+,US,2025-05-27,AFWTR,,93.91,97.29,466,465,,,EA,ORB
STARLINK-34209,2025-112E,64150,PAY,+,US,2025-05-27,AFWTR,,93.91,97.28,468,463,,,EA,ORB
STARLINK-34338,2025-112F,64151,PAY,+,US,2025-05-27,AFWTR,,93.91,97.28,466,465,,,EA,ORB
STARLINK-34348,2025-112G,64152,PAY,+,US,2025-05-27,AFWTR,,93.91,97.28,466,465,,,EA,ORB
STARLINK-34345,2025-112H,64153,PAY,+,US,2025-05-27,AFWTR,,93.91,97.28,466,465,,,EA,ORB
STARLINK-33945,2025-112J,64154,PAY,+,US,2025-05-27,AFWTR,,93.91,97.28,467,464,,,EA,ORB
STARLINK-34346,2025-112K,64155,PAY,+,US,2025-05-27,AFWTR,,93.83,97.28,463,461,,,EA,ORB
STARLINK-34277,2025-112L,64156,PAY,+,US,2025-05-27,AFWTR,,93.91,97.28,467,464,,,EA,ORB
STARLINK-34166,2025-112N,64158,PAY,+,US,2025-05-27,AFWTR,,93.91,97.29,467,464,,,EA,ORB
STARLINK-34344,2025-112P,64159,PAY,+,US,2025-05-27,AFWTR,,93.91,97.28,466,465,,,EA,ORB
STARLINK-34339,2025-112Q,64160,PAY,+,US,2025-05-27,AFWTR,,93.90,97.28,466,465,,,EA,ORB
STARLINK-34341,2025-112R,64161,PAY,+,US,2025-05-27,AFWTR,,93.91,97.28,466,465,,,EA,ORB
STARLINK-34317,2025-112S,64162,PAY,+,US,2025-05-27,AFWTR,,93.91,97.28,467,464,,,EA,ORB
STARLINK-34340,2025-112T,64163,PAY,+,US,2025-05-27,AFWTR,,93.91,97.28,466,465,,,EA,ORB
STARLINK-34263,2025-112U,64164,PAY,+,US,2025-05-27,AFWTR,,93.91,97.28,466,465,,,EA,ORB
STARLINK-33793,2025-112V,64165,PAY,+,US,2025-05-27,AFWTR,,93.91,97.28,467,464,,,EA,ORB
STARLINK-34313,2025-112W,64166,PAY,+,US,2025-05-27,AFWTR,,93.91,97.28,467,465,,,EA,ORB
STARLINK-34309,2025-112X,64167,PAY,+,US,2025-05-27,AFWTR,,93.91,97.28,466,465,,,EA,ORB
STARLINK-34303,2025-112Y,64168,PAY,+,US,2025-05-27,AFWTR,,93.91,97.28,467,464,,,EA,ORB
STARLINK-34175,2025-112Z,64169,PAY,+,US,2025-05-27,AFWTR,,93.91,97.28,466,465,,,EA,ORB
STARLINK-34177,2025-113A,64170,PAY,+,US,2025-05-28,AFETR,,94.01,53.16,472,469,,,EA,ORB
STARLINK-34228,2025-113B,64171,PAY,+,US,2025-05-28,AFETR,,94.01,53.16,472,470,,,EA,ORB
STARLINK-34233,2025-113C,64172,PAY,+,US,2025-05-28,AFETR,,94.01,53.16,471,470,,,EA,ORB
STARLINK-34172,2025-113D,64173,PAY,+,US,2025-05-28,AFETR,,94.01,53.16,471,470,,,EA,ORB
STARLINK-34202,2025-113E,64174,PAY,+,US,2025-05-28,AFETR,,93.85,53.16,463,462,,,EA,ORB
STARLINK-34231,2025-113F,64175,PAY,+,US,2025-05-28,AFETR,,94.01,53.16,472,470,,,EA,ORB
STARLINK-34191,2025-113G,64176,PAY,+,US,2025-05-28,AFETR,,93.85,53.16,463,462,,,EA,ORB
STARLINK-34164,2025-113H,64177,PAY,+,US,2025-05-28,AFETR,,93.85,53.16,463,462,,,EA,ORB
STARLINK-34227,2025-113J,64178,PAY,+,US,2025-05-28,AFETR,,93.85,53.16,463,462,,,EA,ORB
STARLINK-34194,2025-113K,64179,PAY,+,US,2025-05-28,AFETR,,93.85,53.16,463,462,,,EA,ORB
STARLINK-34000,2025-113L,64180,PAY,+,US,2025-05-28,AFETR,,94.01,53.16,471,470,,,EA,ORB
STARLINK-33917,2025-113M,64181,PAY,+,US,2025-05-28,AFETR,,93.85,53.16,463,462,,,EA,ORB
STARLINK-34131,2025-113N,64182,PAY,+,US,2025-05-28,AFETR,,93.85,53.16,463,462,,,EA,ORB
STARLINK-34188,2025-113P,64183,PAY,+,US,2025-05-28,AFETR,,94.01,53.16,471,470,,,EA,ORB
STARLINK-34197,2025-113Q,64184,PAY,+,US,2025-05-28,AFETR,,93.85,53.15,463,462,,,EA,ORB
STARLINK-34063,2025-113R,64185,PAY,+,US,2025-05-28,AFETR,,94.01,53.16,472,470,,,EA,ORB
STARLINK-34200,2025-113S,64186,PAY,+,US,2025-05-28,AFETR,,94.01,53.16,472,470,,,EA,ORB
STARLINK-33934,2025-113T,64187,PAY,+,US,2025-05-28,AFETR,,93.85,53.16,464,461,,,EA,ORB
STARLINK-33929,2025-113U,64188,PAY,+,US,2025-05-28,AFETR,,93.85,53.16,464,461,,,EA,ORB
STARLINK-33872,2025-113V,64189,PAY,+,US,2025-05-28,AFETR,,93.85,53.16,464,462,,,EA,ORB
STARLINK-34214,2025-113W,64190,PAY,+,US,2025-05-28,AFETR,,93.85,53.16,463,462,,,EA,ORB
STARLINK-34222,2025-113X,64191,PAY,+,US,2025-05-28,AFETR,,93.85,53.16,464,462,,,EA,ORB
STARLINK-34265,2025-113Y,64192,PAY,+,US,2025-05-28,AFETR,,93.85,53.16,463,462,,,EA,ORB
STARLINK-34245,2025-113Z,64193,PAY,+,US,2025-05-28,AFETR,,93.85,53.16,463,462,,,EA,ORB
STARLINK-34237,2025-113AA,64194,PAY,+,US,2025-05-28,AFETR,,94.01,53.16,472,470,,,EA,ORB
STARLINK-33857,2025-113AB,64195,PAY,+,US,2025-05-28,AFETR,,94.01,53.16,472,470,,,EA,ORB
STARLINK-34173,2025-113AC,64196,PAY,+,US,2025-05-28,AFETR,,94.01,53.16,472,470,,,EA,ORB
STARLINK-33966,2025-117A,64203,PAY,+,US,2025-05-31,AFWTR,,93.85,53.16,464,461,,,EA,ORB
STARLINK-34331,2025-117B,64204,PAY,+,US,2025-05-31,AFWTR,,93.85,53.16,464,462,,,EA,ORB
STARLINK-34251,2025-117C,64205,PAY,+,US,2025-05-31,AFWTR,,93.85,53.16,463,462,,,EA,ORB
STARLINK-34311,2025-117D,64206,PAY,+,US,2025-05-31,AFWTR,,93.85,53.16,464,462,,,EA,ORB
STARLINK-34324,2025-117E,64207,PAY,+,US,2025-05-31,AFWTR,,93.85,53.16,464,462,,,EA,ORB
STARLINK-34327,2025-117F,64208,PAY,+,US,2025-05-31,AFWTR,,93.85,53.16,464,462,,,EA,ORB
STARLINK-33944,2025-117G,64209,PAY,+,US,2025-05-31,AFWTR,,93.85,53.16,463,462,,,EA,ORB
STARLINK-34310,2025-117H,64210,PAY,+,US,2025-05-31,AFWTR,,93.85,53.16,464,462,,,EA,ORB
STARLINK-34258,2025-117J,64211,PAY,+,US,2025-05-31,AFWTR,,93.85,53.16,464,462,,,EA,ORB
STARLINK-34284,2025-117K,64212,PAY,+,US,2025-05-31,AFWTR,,93.85,53.16,463,462,,,EA,ORB
STARLINK-34332,2025-117L,64213,PAY,+,US,2025-05-31,AFWTR,,93.85,53.16,464,462,,,EA,ORB
STARLINK-34283,2025-117M,64214,PAY,+,US,2025-05-31,AFWTR,,93.85,53.16,464,462,,,EA,ORB
STARLINK-34349,2025-117N,64215,PAY,+,US,2025-05-31,AFWTR,,93.85,53.16,464,462,,,EA,ORB
STARLINK-34296,2025-117P,64216,PAY,+,US,2025-05-31,AFWTR,,93.85,53.16,464,461,,,EA,ORB
STARLINK-34320,2025-117Q,64217,PAY,+,US,2025-05-31,AFWTR,,93.85,53.16,464,462,,,EA,ORB
STARLINK-34300,2025-117R,64218,PAY,+,US,2025-05-31,AFWTR,,93.85,53.16,464,462,,,EA,ORB
STARLINK-34323,2025-117S,64219,PAY,+,US,2025-05-31,AFWTR,,93.85,53.16,464,462,,,EA,ORB
STARLINK-34328,2025-117T,64220,PAY,+,US,2025-05-31,AFWTR,,93.85,53.16,464,462,,,EA,ORB
STARLINK-34326,2025-117U,64221,PAY,+,US,2025-05-31,AFWTR,,93.85,53.16,463,462,,,EA,ORB
STARLINK-34318,2025-117V,64222,PAY,+,US,2025-05-31,AFWTR,,93.85,53.16,463,462,,,EA,ORB
STARLINK-34337,2025-117W,64223,PAY,+,US,2025-05-31,AFWTR,,93.85,53.16,464,462,,,EA,ORB
STARLINK-34304,2025-117X,64224,PAY,+,US,2025-05-31,AFWTR,,93.85,53.16,463,462,,,EA,ORB
STARLINK-34289,2025-117Y,64225,PAY,+,US,2025-05-31,AFWTR,,93.85,53.15,463,462,,,EA,ORB
STARLINK-34347,2025-117Z,64226,PAY,+,US,2025-05-31,AFWTR,,93.85,53.16,464,462,,,EA,ORB
STARLINK-34330,2025-117AA,64227,PAY,+,US,2025-05-31,AFWTR,,93.85,53.16,464,462,,,EA,ORB
STARLINK-34167,2025-117AB,64228,PAY,+,US,2025-05-31,AFWTR,,93.85,53.16,464,462,,,EA,ORB
STARLINK-34241,2025-117AC,64229,PAY,+,US,2025-05-31,AFWTR,,93.85,53.16,463,462,,,EA,ORB
STARLINK-11686 [DTC],2025-119A,64233,PAY,+,US,2025-06-03,AFETR,,91.67,43.00,357,355,,,EA,ORB
STARLINK-11682 [DTC],2025-119B,64234,PAY,+,US,2025-06-03,AFETR,,91.67,43.00,358,355,,,EA,ORB
STARLINK-11675 [DTC],2025-119C,64235,PAY,+,US,2025-06-03,AFETR,,91.67,43.00,359,353,,,EA,ORB
STARLINK-11691 [DTC],2025-119D,64236,PAY,+,US,2025-06-03,AFETR,,91.67,43.00,358,354,,,EA,ORB
STARLINK-11670 [DTC],2025-119E,64237,PAY,+,US,2025-06-03,AFETR,,91.66,43.00,360,352,,,EA,ORB
STARLINK-11708 [DTC],2025-119F,64238,PAY,+,US,2025-06-03,AFETR,,91.67,43.00,357,355,,,EA,ORB
STARLINK-11683 [DTC],2025-119G,64239,PAY,+,US,2025-06-03,AFETR,,91.67,43.00,358,355,,,EA,ORB
STARLINK-11684 [DTC],2025-119H,64240,PAY,+,US,2025-06-03,AFETR,,91.67,43.00,358,355,,,EA,ORB
STARLINK-11689 [DTC],2025-119J,64241,PAY,+,US,2025-06-03,AFETR,,91.67,43.00,358,355,,,EA,ORB
STARLINK-11690 [DTC],2025-119K,64242,PAY,+,US,2025-06-03,AFETR,,91.67,43.00,357,356,,,EA,ORB
STARLINK-11694 [DTC],2025-119L,64243,PAY,P,US,2025-06-03,AFETR,,90.01,42.98,286,264,,,EA,ORB
STARLINK-11710 [DTC],2025-119M,64244,PAY,+,US,2025-06-03,AFETR,,91.67,43.00,358,355,,,EA,ORB
STARLINK-11704 [DTC],2025-119N,64245,PAY,+,US,2025-06-03,AFETR,,91.67,43.00,358,355,,,EA,ORB
STARLINK-34203,2025-119P,64246,PAY,+,US,2025-06-03,AFETR,,94.27,43.00,484,482,,,EA,ORB
STARLINK-33865,2025-119Q,64247,PAY,+,US,2025-06-03,AFETR,,94.27,43.00,484,482,,,EA,ORB
STARLINK-34234,2025-119R,64248,PAY,+,US,2025-06-03,AFETR,,94.27,43.01,485,481,,,EA,ORB
STARLINK-34256,2025-119S,64249,PAY,+,US,2025-06-03,AFETR,,94.27,43.00,484,482,,,EA,ORB
STARLINK-34229,2025-119T,64250,PAY,+,US,2025-06-03,AFETR,,94.27,43.00,484,482,,,EA,ORB
STARLINK-34224,2025-119U,64251,PAY,+,US,2025-06-03,AFETR,,94.27,43.00,484,482,,,EA,ORB
STARLINK-34215,2025-119V,64252,PAY,+,US,2025-06-03,AFETR,,94.27,43.00,484,482,,,EA,ORB
STARLINK-33893,2025-119W,64253,PAY,+,US,2025-06-03,AFETR,,94.27,43.00,484,482,,,EA,ORB
STARLINK-34183,2025-119X,64254,PAY,+,US,2025-06-03,AFETR,,94.27,43.00,484,482,,,EA,ORB
STARLINK-34211,2025-119Y,64255,PAY,+,US,2025-06-03,AFETR,,94.27,43.00,484,482,,,EA,ORB
STARLINK-34329,2025-120A,64256,PAY,+,US,2025-06-04,AFWTR,,93.85,53.16,463,462,,,EA,ORB
STARLINK-34352,2025-120B,64257,PAY,+,US,2025-06-04,AFWTR,,93.85,53.16,464,461,,,EA,ORB
STARLINK-34308,2025-120C,64258,PAY,+,US,2025-06-04,AFWTR,,93.85,53.16,463,462,,,EA,ORB
STARLINK-34306,2025-120D,64259,PAY,+,US,2025-06-04,AFWTR,,93.85,53.16,464,462,,,EA,ORB
STARLINK-34281,2025-120E,64260,PAY,+,US,2025-06-04,AFWTR,,93.85,53.16,463,462,,,EA,ORB
STARLINK-34297,2025-120F,64261,PAY,+,US,2025-06-04,AFWTR,,93.85,53.16,464,462,,,EA,ORB
STARLINK-34325,2025-120G,64262,PAY,+,US,2025-06-04,AFWTR,,93.85,53.16,464,461,,,EA,ORB
STARLINK-34276,2025-120H,64263,PAY,+,US,2025-06-04,AFWTR,,94.01,53.16,471,470,,,EA,ORB
STARLINK-34333,2025-120J,64264,PAY,+,US,2025-06-04,AFWTR,,93.85,53.16,464,462,,,EA,ORB
STARLINK-34240,2025-120K,64265,PAY,+,US,2025-06-04,AFWTR,,93.85,53.16,464,462,,,EA,ORB
STARLINK-34315,2025-120L,64266,PAY,+,US,2025-06-04,AFWTR,,93.85,53.16,464,462,,,EA,ORB
STARLINK-34321,2025-120M,64267,PAY,+,US,2025-06-04,AFWTR,,93.85,53.16,464,462,,,EA,ORB
STARLINK-34319,2025-120N,64268,PAY,+,US,2025-06-04,AFWTR,,93.85,53.16,464,462,,,EA,ORB
STARLINK-34298,2025-120P,64269,PAY,+,US,2025-06-04,AFWTR,,93.85,53.16,464,462,,,EA,ORB
STARLINK-34219,2025-120Q,64270,PAY,+,US,2025-06-04,AFWTR,,93.85,53.16,463,462,,,EA,ORB
STARLINK-34342,2025-120R,64271,PAY,+,US,2025-06-04,AFWTR,,93.85,53.16,464,461,,,EA,ORB
STARLINK-34001,2025-120S,64272,PAY,+,US,2025-06-04,AFWTR,,93.85,53.16,463,462,,,EA,ORB
STARLINK-34334,2025-120T,64273,PAY,+,US,2025-06-04,AFWTR,,93.85,53.16,463,462,,,EA,ORB
STARLINK-34272,2025-120U,64274,PAY,+,US,2025-06-04,AFWTR,,93.85,53.16,463,462,,,EA,ORB
STARLINK-34293,2025-120V,64275,PAY,+,US,2025-06-04,AFWTR,,93.85,53.16,464,461,,,EA,ORB
STARLINK-34350,2025-120W,64276,PAY,+,US,2025-06-04,AFWTR,,93.85,53.16,464,462,,,EA,ORB
STARLINK-34264,2025-120X,64277,PAY,+,US,2025-06-04,AFWTR,,93.85,53.16,464,461,,,EA,ORB
STARLINK-34353,2025-120Y,64278,PAY,+,US,2025-06-04,AFWTR,,93.85,53.16,463,462,,,EA,ORB
STARLINK-34377,2025-120Z,64279,PAY,+,US,2025-06-04,AFWTR,,93.85,53.16,463,462,,,EA,ORB
STARLINK-34359,2025-120AA,64280,PAY,+,US,2025-06-04,AFWTR,,93.85,53.16,463,462,,,EA,ORB
STARLINK-34366,2025-120AB,64281,PAY,+,US,2025-06-04,AFWTR,,93.85,53.16,464,462,,,EA,ORB
STARLINK-34381,2025-120AC,64282,PAY,+,US,2025-06-04,AFWTR,,93.85,53.16,463,462,,,EA,ORB
STARLINK-34448,2025-123A,64291,PAY,+,US,2025-06-08,AFWTR,,94.15,70.00,480,474,,,EA,ORB
STARLINK-34362,2025-123B,64292,PAY,+,US,2025-06-08,AFWTR,,94.14,70.00,479,475,,,EA,ORB
STARLINK-34428,2025-123C,64293,PAY,+,US,2025-06-08,AFWTR,,94.09,70.00,477,472,,,EA,ORB
STARLINK-34388,2025-123D,64294,PAY,+,US,2025-06-08,AFWTR,,94.14,70.00,479,475,,,EA,ORB
STARLINK-34424,2025-123E,64295,PAY,+,US,2025-06-08,AFWTR,,94.14,70.00,479,475,,,EA,ORB
STARLINK-34443,2025-123F,64296,PAY,+,US,2025-06-08,AFWTR,,94.14,70.00,479,475,,,EA,ORB
STARLINK-34369,2025-123G,64297,PAY,+,US,2025-06-08,AFWTR,,94.14,70.00,480,474,,,EA,ORB
STARLINK-34391,2025-123H,64298,PAY,+,US,2025-06-08,AFWTR,,94.14,70.00,479,475,,,EA,ORB
STARLINK-34378,2025-123J,64299,PAY,+,US,2025-06-08,AFWTR,,94.14,70.00,480,475,,,EA,ORB
STARLINK-34376,2025-123K,64300,PAY,+,US,2025-06-08,AFWTR,,94.14,70.00,479,475,,,EA,ORB
STARLINK-34372,2025-123L,64301,PAY,+,US,2025-06-08,AFWTR,,94.14,70.00,479,475,,,EA,ORB
STARLINK-34379,2025-123M,64302,PAY,+,US,2025-06-08,AFWTR,,93.32,70.00,439,435,,,EA,ORB
STARLINK-34356,2025-123N,64303,PAY,+,US,2025-06-08,AFWTR,,94.14,70.00,479,475,,,EA,ORB
STARLINK-34360,2025-123P,64304,PAY,+,US,2025-06-08,AFWTR,,94.14,70.00,479,474,,,EA,ORB
STARLINK-34383,2025-123Q,64305,PAY,+,US,2025-06-08,AFWTR,,94.14,70.00,480,475,,,EA,ORB
STARLINK-34355,2025-123R,64306,PAY,+,US,2025-06-08,AFWTR,,94.14,70.00,479,475,,,EA,ORB
STARLINK-34380,2025-123S,64307,PAY,+,US,2025-06-08,AFWTR,,94.14,70.00,479,475,,,EA,ORB
STARLINK-34374,2025-123T,64308,PAY,+,US,2025-06-08,AFWTR,,94.14,70.00,479,475,,,EA,ORB
STARLINK-34370,2025-123U,64309,PAY,+,US,2025-06-08,AFWTR,,94.14,70.00,479,475,,,EA,ORB
STARLINK-34357,2025-123V,64310,PAY,+,US,2025-06-08,AFWTR,,94.14,70.00,479,475,,,EA,ORB
STARLINK-34368,2025-123W,64311,PAY,+,US,2025-06-08,AFWTR,,94.14,70.00,479,475,,,EA,ORB
STARLINK-34384,2025-123X,64312,PAY,+,US,2025-06-08,AFWTR,,94.14,70.00,479,475,,,EA,ORB
STARLINK-34358,2025-123Y,64313,PAY,+,US,2025-06-08,AFWTR,,94.15,70.00,479,475,,,EA,ORB
STARLINK-34354,2025-123Z,64314,PAY,+,US,2025-06-08,AFWTR,,94.14,70.00,479,475,,,EA,ORB
STARLINK-34387,2025-123AA,64315,PAY,+,US,2025-06-08,AFWTR,,94.14,70.00,479,475,,,EA,ORB
STARLINK-33590,2025-123AB,64316,PAY,+,US,2025-06-08,AFWTR,,94.14,70.00,479,475,,,EA,ORB
STARLINK-11736 [DTC],2025-124A,64317,PAY,+,US,2025-06-10,AFETR,,91.66,43.00,357,354,,,EA,ORB
STARLINK-11673 [DTC],2025-124B,64318,PAY,+,US,2025-06-10,AFETR,,91.67,43.00,359,354,,,EA,ORB
STARLINK-11671 [DTC],2025-124C,64319,PAY,+,US,2025-06-10,AFETR,,91.67,43.00,358,355,,,EA,ORB
STARLINK-11594 [DTC],2025-124D,64320,PAY,+,US,2025-06-10,AFETR,,91.66,43.00,357,355,,,EA,ORB
STARLINK-11596 [DTC],2025-124E,64321,PAY,+,US,2025-06-10,AFETR,,91.67,43.00,357,356,,,EA,ORB
STARLINK-11747 [DTC],2025-124F,64322,PAY,+,US,2025-06-10,AFETR,,91.67,43.00,357,356,,,EA,ORB
STARLINK-11728 [DTC],2025-124G,64323,PAY,+,US,2025-06-10,AFETR,,91.67,43.00,358,355,,,EA,ORB
STARLINK-11696 [DTC],2025-124H,64324,PAY,+,US,2025-06-10,AFETR,,91.66,43.00,357,355,,,EA,ORB
STARLINK-11698 [DTC],2025-124J,64325,PAY,+,US,2025-06-10,AFETR,,91.67,43.00,357,356,,,EA,ORB
STARLINK-11674 [DTC],2025-124L,64327,PAY,+,US,2025-06-10,AFETR,,91.67,43.00,358,356,,,EA,ORB
STARLINK-11707 [DTC],2025-124M,64328,PAY,+,US,2025-06-10,AFETR,,91.67,43.00,359,354,,,EA,ORB
STARLINK-11734 [DTC],2025-124N,64329,PAY,+,US,2025-06-10,AFETR,,91.67,43.00,358,355,,,EA,ORB
STARLINK-34252,2025-124P,64330,PAY,+,US,2025-06-10,AFETR,,94.27,43.00,484,482,,,EA,ORB
STARLINK-34050,2025-124Q,64331,PAY,+,US,2025-06-10,AFETR,,94.27,43.00,484,482,,,EA,ORB
STARLINK-33782,2025-124R,64332,PAY,+,US,2025-06-10,AFETR,,94.27,43.00,484,482,,,EA,ORB
STARLINK-34207,2025-124S,64333,PAY,+,US,2025-06-10,AFETR,,94.27,43.00,484,482,,,EA,ORB
STARLINK-34260,2025-124T,64334,PAY,+,US,2025-06-10,AFETR,,94.27,43.00,484,482,,,EA,ORB
STARLINK-33855,2025-124U,64335,PAY,+,US,2025-06-10,AFETR,,94.27,43.00,484,482,,,EA,ORB
STARLINK-34223,2025-124V,64336,PAY,+,US,2025-06-10,AFETR,,94.27,43.00,485,481,,,EA,ORB
STARLINK-34216,2025-124W,64337,PAY,+,US,2025-06-10,AFETR,,94.27,43.00,483,483,,,EA,ORB
STARLINK-34218,2025-124X,64338,PAY,+,US,2025-06-10,AFETR,,94.27,43.00,484,482,,,EA,ORB
STARLINK-34017,2025-124Y,64339,PAY,+,US,2025-06-10,AFETR,,94.27,43.00,484,482,,,EA,ORB
STARLINK-33977,2025-126A,64344,PAY,+,US,2025-06-13,AFWTR,,94.14,70.00,479,475,,,EA,ORB
STARLINK-34426,2025-126B,64345,PAY,+,US,2025-06-13,AFWTR,,94.09,70.00,477,472,,,EA,ORB
STARLINK-34437,2025-126C,64346,PAY,+,US,2025-06-13,AFWTR,,94.14,70.00,479,475,,,EA,ORB
STARLINK-34407,2025-126D,64347,PAY,+,US,2025-06-13,AFWTR,,94.14,70.00,480,475,,,EA,ORB
STARLINK-34274,2025-126E,64348,PAY,+,US,2025-06-13,AFWTR,,94.14,70.00,479,475,,,EA,ORB
STARLINK-34301,2025-126F,64349,PAY,+,US,2025-06-13,AFWTR,,94.14,70.00,479,475,,,EA,ORB
STARLINK-34425,2025-126G,64350,PAY,+,US,2025-06-13,AFWTR,,94.14,70.00,479,475,,,EA,ORB
STARLINK-34389,2025-126H,64351,PAY,+,US,2025-06-13,AFWTR,,94.14,70.00,479,475,,,EA,ORB
STARLINK-34385,2025-126J,64352,PAY,+,US,2025-06-13,AFWTR,,94.14,70.00,479,475,,,EA,ORB
STARLINK-34431,2025-126K,64353,PAY,+,US,2025-06-13,AFWTR,,94.14,70.00,479,475,,,EA,ORB
STARLINK-34473,2025-126L,64354,PAY,+,US,2025-06-13,AFWTR,,94.14,70.00,479,475,,,EA,ORB
STARLINK-34270,2025-126M,64355,PAY,+,US,2025-06-13,AFWTR,,94.14,70.00,479,475,,,EA,ORB
STARLINK-34397,2025-126N,64356,PAY,+,US,2025-06-13,AFWTR,,94.14,70.00,480,474,,,EA,ORB
STARLINK-34454,2025-126P,64357,PAY,+,US,2025-06-13,AFWTR,,94.09,70.00,477,472,,,EA,ORB
STARLINK-34436,2025-126Q,64358,PAY,+,US,2025-06-13,AFWTR,,94.14,70.00,479,475,,,EA,ORB
STARLINK-34291,2025-126R,64359,PAY,+,US,2025-06-13,AFWTR,,94.14,70.00,479,475,,,EA,ORB
STARLINK-34458,2025-126S,64360,PAY,+,US,2025-06-13,AFWTR,,94.14,70.00,479,475,,,EA,ORB
STARLINK-34243,2025-126T,64361,PAY,+,US,2025-06-13,AFWTR,,94.14,70.00,479,475,,,EA,ORB
STARLINK-34335,2025-126U,64362,PAY,+,US,2025-06-13,AFWTR,,94.14,70.00,479,475,,,EA,ORB
STARLINK-34408,2025-126V,64363,PAY,+,US,2025-06-13,AFWTR,,94.14,70.00,479,475,,,EA,ORB
STARLINK-34476,2025-126W,64364,PAY,+,US,2025-06-13,AFWTR,,94.14,70.00,479,475,,,EA,ORB
STARLINK-34479,2025-126X,64365,PAY,+,US,2025-06-13,AFWTR,,94.14,70.00,479,475,,,EA,ORB
STARLINK-34484,2025-126Y,64366,PAY,+,US,2025-06-13,AFWTR,,94.14,70.00,479,475,,,EA,ORB
STARLINK-34483,2025-126Z,64367,PAY,+,US,2025-06-13,AFWTR,,94.14,70.00,480,474,,,EA,ORB
STARLINK-34457,2025-126AA,64368,PAY,+,US,2025-06-13,AFWTR,,94.14,70.00,479,475,,,EA,ORB
STARLINK-34444,2025-126AB,64369,PAY,+,US,2025-06-13,AFWTR,,94.09,70.00,477,472,,,EA,ORB
STARLINK-11732 [DTC],2025-127A,64370,PAY,+,US,2025-06-13,AFETR,,91.66,43.00,358,355,,,EA,ORB
STARLINK-11731 [DTC],2025-127B,64371,PAY,+,US,2025-06-13,AFETR,,91.67,43.00,358,355,,,EA,ORB
STARLINK-11746 [DTC],2025-127C,64372,PAY,+,US,2025-06-13,AFETR,,91.66,43.00,357,355,,,EA,ORB
STARLINK-11748 [DTC],2025-127D,64373,PAY,+,US,2025-06-13,AFETR,,91.66,43.00,360,353,,,EA,ORB
STARLINK-11739 [DTC],2025-127E,64374,PAY,+,US,2025-06-13,AFETR,,91.67,43.00,357,356,,,EA,ORB
STARLINK-11738 [DTC],2025-127F,64375,PAY,+,US,2025-06-13,AFETR,,91.67,43.00,357,356,,,EA,ORB
STARLINK-11745 [DTC],2025-127G,64376,PAY,+,US,2025-06-13,AFETR,,91.66,43.00,358,354,,,EA,ORB
STARLINK-11742 [DTC],2025-127H,64377,PAY,+,US,2025-06-13,AFETR,,91.67,43.00,358,354,,,EA,ORB
STARLINK-11711 [DTC],2025-127J,64378,PAY,+,US,2025-06-13,AFETR,,91.67,43.00,357,356,,,EA,ORB
STARLINK-11743 [DTC],2025-127K,64379,PAY,+,US,2025-06-13,AFETR,,91.67,43.00,358,355,,,EA,ORB
STARLINK-11744 [DTC],2025-127L,64380,PAY,+,US,2025-06-13,AFETR,,91.67,43.00,358,355,,,EA,ORB
STARLINK-11692 [DTC],2025-127M,64381,PAY,+,US,2025-06-13,AFETR,,91.67,43.00,357,355,,,EA,ORB
STARLINK-11740 [DTC],2025-127N,64382,PAY,+,US,2025-06-13,AFETR,,91.66,43.00,357,355,,,EA,ORB
STARLINK-34299,2025-127P,64383,PAY,+,US,2025-06-13,AFETR,,94.27,43.00,484,482,,,EA,ORB
STARLINK-34271,2025-127Q,64384,PAY,+,US,2025-06-13,AFETR,,94.27,43.00,483,483,,,EA,ORB
STARLINK-34100,2025-127R,64385,PAY,+,US,2025-06-13,AFETR,,94.27,43.00,483,483,,,EA,ORB
STARLINK-34269,2025-127S,64386,PAY,+,US,2025-06-13,AFETR,,94.27,43.00,484,482,,,EA,ORB
STARLINK-34351,2025-127T,64387,PAY,+,US,2025-06-13,AFETR,,94.27,43.00,484,482,,,EA,ORB
STARLINK-34198,2025-127U,64388,PAY,+,US,2025-06-13,AFETR,,94.27,43.00,484,482,,,EA,ORB
STARLINK-34279,2025-127V,64389,PAY,+,US,2025-06-13,AFETR,,94.27,43.00,484,482,,,EA,ORB
STARLINK-34292,2025-127W,64390,PAY,+,US,2025-06-13,AFETR,,94.27,43.00,484,482,,,EA,ORB
STARLINK-34278,2025-127X,64391,PAY,+,US,2025-06-13,AFETR,,94.27,43.01,484,482,,,EA,ORB
STARLINK-33802,2025-127Y,64392,PAY,+,US,2025-06-13,AFETR,,94.27,43.00,483,483,,,EA,ORB
STARLINK-34419,2025-129A,64412,PAY,+,US,2025-06-17,AFWTR,,94.14,70.00,479,475,,,EA,ORB
STARLINK-34275,2025-129B,64413,PAY,+,US,2025-06-17,AFWTR,,94.14,70.00,479,475,,,EA,ORB
STARLINK-34225,2025-129C,64414,PAY,+,US,2025-06-17,AFWTR,,94.15,70.00,480,475,,,EA,ORB
STARLINK-34422,2025-129D,64415,PAY,+,US,2025-06-17,AFWTR,,94.14,70.00,479,475,,,EA,ORB
STARLINK-34514,2025-129E,64416,PAY,+,US,2025-06-17,AFWTR,,94.14,70.00,479,475,,,EA,ORB
STARLINK-34487,2025-129F,64417,PAY,+,US,2025-06-17,AFWTR,,94.14,70.00,479,475,,,EA,ORB
STARLINK-34461,2025-129G,64418,PAY,+,US,2025-06-17,AFWTR,,94.09,70.00,477,472,,,EA,ORB
STARLINK-34512,2025-129H,64419,PAY,+,US,2025-06-17,AFWTR,,94.14,70.00,480,474,,,EA,ORB
STARLINK-34503,2025-129J,64420,PAY,+,US,2025-06-17,AFWTR,,94.14,70.00,480,474,,,EA,ORB
STARLINK-34498,2025-129K,64421,PAY,+,US,2025-06-17,AFWTR,,94.14,70.00,480,474,,,EA,ORB
STARLINK-34434,2025-129L,64422,PAY,+,US,2025-06-17,AFWTR,,94.14,70.00,480,475,,,EA,ORB
STARLINK-34467,2025-129M,64423,PAY,+,US,2025-06-17,AFWTR,,94.14,70.00,480,475,,,EA,ORB
STARLINK-34468,2025-129N,64424,PAY,+,US,2025-06-17,AFWTR,,94.14,70.00,480,475,,,EA,ORB
STARLINK-34452,2025-129P,64425,PAY,+,US,2025-06-17,AFWTR,,94.14,70.00,479,475,,,EA,ORB
STARLINK-34432,2025-129Q,64426,PAY,+,US,2025-06-17,AFWTR,,94.14,70.00,479,475,,,EA,ORB
STARLINK-34480,2025-129R,64427,PAY,+,US,2025-06-17,AFWTR,,94.14,70.00,478,476,,,EA,ORB
STARLINK-34495,2025-129S,64428,PAY,+,US,2025-06-17,AFWTR,,94.14,70.00,479,475,,,EA,ORB
STARLINK-34501,2025-129T,64429,PAY,+,US,2025-06-17,AFWTR,,94.14,70.00,479,475,,,EA,ORB
STARLINK-34441,2025-129U,64430,PAY,+,US,2025-06-17,AFWTR,,94.14,70.00,479,475,,,EA,ORB
STARLINK-34524,2025-129V,64431,PAY,+,US,2025-06-17,AFWTR,,94.09,70.00,477,472,,,EA,ORB
STARLINK-34506,2025-129W,64432,PAY,+,US,2025-06-17,AFWTR,,94.14,70.00,479,475,,,EA,ORB
STARLINK-34451,2025-129X,64433,PAY,+,US,2025-06-17,AFWTR,,94.14,70.00,478,476,,,EA,ORB
STARLINK-34472,2025-129Y,64434,PAY,+,US,2025-06-17,AFWTR,,94.14,70.00,479,475,,,EA,ORB
STARLINK-34478,2025-129Z,64435,PAY,+,US,2025-06-17,AFWTR,,94.14,70.00,480,474,,,EA,ORB
STARLINK-34396,2025-129AA,64436,PAY,+,US,2025-06-17,AFWTR,,94.14,70.00,479,475,,,EA,ORB
STARLINK-34507,2025-129AB,64437,PAY,+,US,2025-06-17,AFWTR,,94.14,70.00,478,476,,,EA,ORB
STARLINK-34465,2025-130A,64438,PAY,+,US,2025-06-18,AFETR,,93.85,53.16,464,462,,,EA,ORB
STARLINK-34456,2025-130B,64439,PAY,+,US,2025-06-18,AFETR,,93.85,53.16,464,461,,,EA,ORB
STARLINK-34410,2025-130C,64440,PAY,+,US,2025-06-18,AFETR,,93.85,53.16,463,462,,,EA,ORB
STARLINK-34453,2025-130D,64441,PAY,+,US,2025-06-18,AFETR,,93.85,53.16,463,462,,,EA,ORB
STARLINK-34404,2025-130E,64442,PAY,+,US,2025-06-18,AFETR,,93.85,53.16,463,462,,,EA,ORB
STARLINK-34403,2025-130F,64443,PAY,+,US,2025-06-18,AFETR,,93.85,53.16,464,462,,,EA,ORB
STARLINK-34399,2025-130G,64444,PAY,+,US,2025-06-18,AFETR,,93.85,53.16,464,462,,,EA,ORB
STARLINK-34398,2025-130H,64445,PAY,+,US,2025-06-18,AFETR,,93.85,53.16,464,462,,,EA,ORB
STARLINK-34402,2025-130J,64446,PAY,+,US,2025-06-18,AFETR,,93.85,53.16,464,461,,,EA,ORB
STARLINK-34450,2025-130K,64447,PAY,+,US,2025-06-18,AFETR,,93.85,53.16,463,462,,,EA,ORB
STARLINK-34433,2025-130L,64448,PAY,+,US,2025-06-18,AFETR,,93.85,53.16,463,462,,,EA,ORB
STARLINK-34459,2025-130M,64449,PAY,+,US,2025-06-18,AFETR,,93.85,53.16,464,462,,,EA,ORB
STARLINK-34361,2025-130N,64450,PAY,+,US,2025-06-18,AFETR,,93.85,53.16,463,462,,,EA,ORB
STARLINK-34392,2025-130P,64451,PAY,+,US,2025-06-18,AFETR,,93.85,53.16,463,462,,,EA,ORB
STARLINK-34367,2025-130Q,64452,PAY,+,US,2025-06-18,AFETR,,93.85,53.16,463,462,,,EA,ORB
STARLINK-34221,2025-130R,64453,PAY,+,US,2025-06-18,AFETR,,93.85,53.16,463,462,,,EA,ORB
STARLINK-34282,2025-130S,64454,PAY,+,US,2025-06-18,AFETR,,94.01,53.16,471,470,,,EA,ORB
STARLINK-34295,2025-130T,64455,PAY,+,US,2025-06-18,AFETR,,93.85,53.16,463,462,,,EA,ORB
STARLINK-34430,2025-130U,64456,PAY,+,US,2025-06-18,AFETR,,93.85,53.16,464,462,,,EA,ORB
STARLINK-34445,2025-130V,64457,PAY,+,US,2025-06-18,AFETR,,93.85,53.16,464,462,,,EA,ORB
STARLINK-34439,2025-130W,64458,PAY,+,US,2025-06-18,AFETR,,93.85,53.16,464,462,,,EA,ORB
STARLINK-34421,2025-130X,64459,PAY,+,US,2025-06-18,AFETR,,93.85,53.16,464,462,,,EA,ORB
STARLINK-34423,2025-130Y,64460,PAY,+,US,2025-06-18,AFETR,,93.85,53.16,463,462,,,EA,ORB
STARLINK-34418,2025-130Z,64461,PAY,+,US,2025-06-18,AFETR,,93.85,53.16,463,462,,,EA,ORB
STARLINK-34336,2025-130AA,64462,PAY,+,US,2025-06-18,AFETR,,94.01,53.16,472,470,,,EA,ORB
STARLINK-34400,2025-130AB,64463,PAY,+,US,2025-06-18,AFETR,,94.01,53.16,472,470,,,EA,ORB
STARLINK-34429,2025-130AC,64464,PAY,+,US,2025-06-18,AFETR,,93.85,53.16,464,462,,,EA,ORB
STARLINK-34449,2025-130AD,64465,PAY,+,US,2025-06-18,AFETR,,93.85,53.16,464,462,,,EA,ORB
STARLINK-34493,2025-133A,64472,PAY,+,US,2025-06-23,AFETR,,93.85,53.16,463,462,,,EA,ORB
STARLINK-34492,2025-133B,64473,PAY,+,US,2025-06-23,AFETR,,93.85,53.16,463,462,,,EA,ORB
STARLINK-34474,2025-133C,64474,PAY,+,US,2025-06-23,AFETR,,93.85,53.16,463,462,,,EA,ORB
STARLINK-34523,2025-133D,64475,PAY,+,US,2025-06-23,AFETR,,93.85,53.16,463,462,,,EA,ORB
STARLINK-34496,2025-133E,64476,PAY,+,US,2025-06-23,AFETR,,93.85,53.16,464,462,,,EA,ORB
STARLINK-34375,2025-133F,64477,PAY,+,US,2025-06-23,AFETR,,93.85,53.16,463,462,,,EA,ORB
STARLINK-34490,2025-133G,64478,PAY,+,US,2025-06-23,AFETR,,93.85,53.16,464,461,,,EA,ORB
STARLINK-34528,2025-133H,64479,PAY,+,US,2025-06-23,AFETR,,93.85,53.16,463,462,,,EA,ORB
STARLINK-34518,2025-133J,64480,PAY,+,US,2025-06-23,AFETR,,93.85,53.16,464,462,,,EA,ORB
STARLINK-34526,2025-133K,64481,PAY,+,US,2025-06-23,AFETR,,93.85,53.16,463,462,,,EA,ORB
STARLINK-34527,2025-133L,64482,PAY,+,US,2025-06-23,AFETR,,93.85,53.16,463,462,,,EA,ORB
STARLINK-34420,2025-133M,64483,PAY,+,US,2025-06-23,AFETR,,93.85,53.16,464,462,,,EA,ORB
STARLINK-34509,2025-133N,64484,PAY,+,US,2025-06-23,AFETR,,93.85,53.16,464,462,,,EA,ORB
STARLINK-34409,2025-133P,64485,PAY,+,US,2025-06-23,AFETR,,93.85,53.16,463,462,,,EA,ORB
STARLINK-34520,2025-133Q,64486,PAY,+,US,2025-06-23,AFETR,,93.85,53.16,463,462,,,EA,ORB
STARLINK-34477,2025-133R,64487,PAY,+,US,2025-06-23,AFETR,,93.85,53.16,464,462,,,EA,ORB
STARLINK-34217,2025-133S,64488,PAY,+,US,2025-06-23,AFETR,,93.85,53.16,464,462,,,EA,ORB
STARLINK-34307,2025-133T,64489,PAY,+,US,2025-06-23,AFETR,,93.85,53.16,463,462,,,EA,ORB
STARLINK-34505,2025-133U,64490,PAY,+,US,2025-06-23,AFETR,,93.85,53.16,463,462,,,EA,ORB
STARLINK-34530,2025-133V,64491,PAY,+,US,2025-06-23,AFETR,,93.85,53.16,464,462,,,EA,ORB
STARLINK-34522,2025-133W,64492,PAY,+,US,2025-06-23,AFETR,,93.85,53.16,463,462,,,EA,ORB
STARLINK-34462,2025-133X,64493,PAY,+,US,2025-06-23,AFETR,,93.85,53.16,464,462,,,EA,ORB
STARLINK-34226,2025-133Y,64494,PAY,+,US,2025-06-23,AFETR,,94.01,53.16,471,470,,,EA,ORB
STARLINK-34364,2025-133Z,64495,PAY,+,US,2025-06-23,AFETR,,93.85,53.16,464,462,,,EA,ORB
STARLINK-34363,2025-133AB,64497,PAY,+,US,2025-06-23,AFETR,,93.85,53.16,463,462,,,EA,ORB
STARLINK-34427,2025-133AC,64498,PAY,+,US,2025-06-23,AFETR,,93.85,53.16,464,462,,,EA,ORB
STARLINK-34280,2025-137A,64594,PAY,+,US,2025-06-25,AFETR,,93.85,53.16,464,462,,,EA,ORB
STARLINK-34517,2025-137B,64595,PAY,+,US,2025-06-25,AFETR,,93.85,53.16,464,462,,,EA,ORB
STARLINK-34510,2025-137C,64596,PAY,+,US,2025-06-25,AFETR,,93.85,53.16,463,462,,,EA,ORB
STARLINK-34486,2025-137D,64597,PAY,+,US,2025-06-25,AFETR,,93.85,53.16,463,462,,,EA,ORB
STARLINK-34463,2025-137E,64598,PAY,+,US,2025-06-25,AFETR,,93.85,53.16,464,462,,,EA,ORB
STARLINK-34294,2025-137F,64599,PAY,+,US,2025-06-25,AFETR,,93.85,53.16,463,462,,,EA,ORB
STARLINK-34504,2025-137G,64600,PAY,+,US,2025-06-25,AFETR,,93.85,53.16,463,462,,,EA,ORB
STARLINK-34508,2025-137H,64601,PAY,+,US,2025-06-25,AFETR,,93.85,53.16,464,462,,,EA,ORB
STARLINK-34435,2025-137J,64602,PAY,+,US,2025-06-25,AFETR,,93.85,53.16,463,462,,,EA,ORB
STARLINK-34475,2025-137K,64603,PAY,+,US,2025-06-25,AFETR,,93.90,53.16,466,464,,,EA,ORB
STARLINK-34488,2025-137L,64604,PAY,+,US,2025-06-25,AFETR,,93.85,53.16,463,462,,,EA,ORB
STARLINK-34516,2025-137M,64605,PAY,+,US,2025-06-25,AFETR,,94.01,53.16,471,470,,,EA,ORB
STARLINK-34073,2025-137N,64606,PAY,+,US,2025-06-25,AFETR,,93.85,53.16,463,462,,,EA,ORB
STARLINK-34532,2025-137P,64607,PAY,+,US,2025-06-25,AFETR,,93.85,53.16,464,462,,,EA,ORB
STARLINK-34519,2025-137Q,64608,PAY,+,US,2025-06-25,AFETR,,93.85,53.16,464,461,,,EA,ORB
STARLINK-34513,2025-137R,64609,PAY,+,US,2025-06-25,AFETR,,93.85,53.16,464,462,,,EA,ORB
STARLINK-34569,2025-137S,64610,PAY,+,US,2025-06-25,AFETR,,93.85,53.16,464,462,,,EA,ORB
STARLINK-34494,2025-137T,64611,PAY,+,US,2025-06-25,AFETR,,93.85,53.16,464,462,,,EA,ORB
STARLINK-34521,2025-137U,64612,PAY,+,US,2025-06-25,AFETR,,93.85,53.16,464,462,,,EA,ORB
STARLINK-34500,2025-137V,64613,PAY,+,US,2025-06-25,AFETR,,93.85,53.16,464,462,,,EA,ORB
STARLINK-34440,2025-137W,64614,PAY,+,US,2025-06-25,AFETR,,93.85,53.16,464,462,,,EA,ORB
STARLINK-34469,2025-137X,64615,PAY,+,US,2025-06-25,AFETR,,93.85,53.16,464,462,,,EA,ORB
STARLINK-34413,2025-137Y,64616,PAY,+,US,2025-06-25,AFETR,,93.85,53.16,464,462,,,EA,ORB
STARLINK-34417,2025-137Z,64617,PAY,+,US,2025-06-25,AFETR,,93.85,53.16,463,462,,,EA,ORB
STARLINK-34415,2025-137AA,64618,PAY,+,US,2025-06-25,AFETR,,93.85,53.16,463,462,,,EA,ORB
STARLINK-34416,2025-137AB,64619,PAY,+,US,2025-06-25,AFETR,,93.85,53.16,464,461,,,EA,ORB
STARLINK-34414,2025-137AC,64620,PAY,+,US,2025-06-25,AFETR,,93.85,53.16,463,462,,,EA,ORB
STARLINK-34464,2025-139A,64664,PAY,+,US,2025-06-28,AFETR,,93.85,53.16,463,462,,,EA,ORB
STARLINK-34555,2025-139B,64665,PAY,+,US,2025-06-28,AFETR,,93.85,53.16,464,462,,,EA,ORB
STARLINK-34390,2025-139C,64666,PAY,+,US,2025-06-28,AFETR,,93.85,53.16,464,462,,,EA,ORB
STARLINK-34382,2025-139D,64667,PAY,+,US,2025-06-28,AFETR,,93.85,53.16,464,461,,,EA,ORB
STARLINK-34395,2025-139E,64668,PAY,+,US,2025-06-28,AFETR,,93.85,53.16,463,462,,,EA,ORB
STARLINK-34394,2025-139F,64669,PAY,+,US,2025-06-28,AFETR,,93.85,53.16,463,462,,,EA,ORB
STARLINK-34287,2025-139G,64670,PAY,+,US,2025-06-28,AFETR,,93.85,53.16,463,462,,,EA,ORB
STARLINK-34365,2025-139H,64671,PAY,+,US,2025-06-28,AFETR,,93.85,53.16,463,462,,,EA,ORB
STARLINK-34442,2025-139J,64672,PAY,+,US,2025-06-28,AFETR,,93.85,53.16,464,462,,,EA,ORB
STARLINK-34288,2025-139K,64673,PAY,+,US,2025-06-28,AFETR,,93.85,53.16,463,462,,,EA,ORB
STARLINK-34539,2025-139L,64674,PAY,+,US,2025-06-28,AFETR,,93.85,53.16,464,462,,,EA,ORB
STARLINK-34590,2025-139M,64675,PAY,+,US,2025-06-28,AFETR,,93.85,53.16,463,462,,,EA,ORB
STARLINK-34573,2025-139N,64676,PAY,+,US,2025-06-28,AFETR,,93.85,53.16,464,461,,,EA,ORB
STARLINK-34605,2025-139P,64677,PAY,+,US,2025-06-28,AFETR,,93.85,53.16,463,462,,,EA,ORB
STARLINK-34525,2025-139Q,64678,PAY,+,US,2025-06-28,AFETR,,93.85,53.16,463,462,,,EA,ORB
STARLINK-34489,2025-139R,64679,PAY,+,US,2025-06-28,AFETR,,93.85,53.16,464,462,,,EA,ORB
STARLINK-34502,2025-139S,64680,PAY,+,US,2025-06-28,AFETR,,93.85,53.16,464,462,,,EA,ORB
STARLINK-34553,2025-139T,64681,PAY,+,US,2025-06-28,AFETR,,93.85,53.16,464,462,,,EA,ORB
STARLINK-34551,2025-139U,64682,PAY,+,US,2025-06-28,AFETR,,93.85,53.16,463,462,,,EA,ORB
STARLINK-34550,2025-139V,64683,PAY,+,US,2025-06-28,AFETR,,93.85,53.16,464,462,,,EA,ORB
STARLINK-34485,2025-139W,64684,PAY,+,US,2025-06-28,AFETR,,93.85,53.16,464,462,,,EA,ORB
STARLINK-34253,2025-139X,64685,PAY,+,US,2025-06-28,AFETR,,93.85,53.16,464,462,,,EA,ORB
STARLINK-34565,2025-139Y,64686,PAY,+,US,2025-06-28,AFETR,,93.85,53.16,463,462,,,EA,ORB
STARLINK-34554,2025-139Z,64687,PAY,+,US,2025-06-28,AFETR,,93.85,53.16,463,462,,,EA,ORB
STARLINK-34262,2025-139AA,64688,PAY,+,US,2025-06-28,AFETR,,93.85,53.16,464,462,,,EA,ORB
STARLINK-34538,2025-139AB,64689,PAY,+,US,2025-06-28,AFETR,,93.85,53.16,464,462,,,EA,ORB
STARLINK-34250,2025-139AC,64690,PAY,+,US,2025-06-28,AFETR,,93.85,53.16,463,462,,,EA,ORB
STARLINK-34497,2025-142A,64696,PAY,+,US,2025-06-28,AFWTR,,94.14,70.00,479,475,,,EA,ORB
STARLINK-34584,2025-142B,64697,PAY,+,US,2025-06-28,AFWTR,,94.14,70.00,479,475,,,EA,ORB
STARLINK-34535,2025-142C,64698,PAY,+,US,2025-06-28,AFWTR,,94.14,70.00,479,475,,,EA,ORB
STARLINK-34600,2025-142D,64699,PAY,+,US,2025-06-28,AFWTR,,94.14,70.00,479,475,,,EA,ORB
STARLINK-34560,2025-142E,64700,PAY,+,US,2025-06-28,AFWTR,,94.14,70.00,479,476,,,EA,ORB
STARLINK-34576,2025-142F,64701,PAY,+,US,2025-06-28,AFWTR,,94.14,70.00,479,475,,,EA,ORB
STARLINK-34322,2025-142G,64702,PAY,+,US,2025-06-28,AFWTR,,94.14,70.00,479,475,,,EA,ORB
STARLINK-34470,2025-142H,64703,PAY,+,US,2025-06-28,AFWTR,,94.14,70.00,479,475,,,EA,ORB
STARLINK-34405,2025-142J,64704,PAY,+,US,2025-06-28,AFWTR,,94.14,70.00,478,476,,,EA,ORB
STARLINK-34406,2025-142K,64705,PAY,+,US,2025-06-28,AFWTR,,94.14,70.00,478,476,,,EA,ORB
STARLINK-34559,2025-142L,64706,PAY,+,US,2025-06-28,AFWTR,,94.14,70.00,479,475,,,EA,ORB
STARLINK-34316,2025-142M,64707,PAY,+,US,2025-06-28,AFWTR,,94.14,70.00,479,475,,,EA,ORB
STARLINK-34563,2025-142N,64708,PAY,+,US,2025-06-28,AFWTR,,94.14,70.00,479,475,,,EA,ORB
STARLINK-34499,2025-142P,64709,PAY,+,US,2025-06-28,AFWTR,,94.14,70.00,479,475,,,EA,ORB
STARLINK-34447,2025-142Q,64710,PAY,+,US,2025-06-28,AFWTR,,94.14,70.00,479,475,,,EA,ORB
STARLINK-34312,2025-142R,64711,PAY,+,US,2025-06-28,AFWTR,,94.14,70.00,479,476,,,EA,ORB
STARLINK-34515,2025-142S,64712,PAY,+,US,2025-06-28,AFWTR,,94.14,70.00,479,475,,,EA,ORB
STARLINK-34583,2025-142T,64713,PAY,+,US,2025-06-28,AFWTR,,94.14,70.00,479,475,,,EA,ORB
STARLINK-34574,2025-142U,64714,PAY,+,US,2025-06-28,AFWTR,,94.14,70.00,479,475,,,EA,ORB
STARLINK-34533,2025-142V,64715,PAY,+,US,2025-06-28,AFWTR,,94.14,70.00,479,475,,,EA,ORB
STARLINK-34548,2025-142W,64716,PAY,+,US,2025-06-28,AFWTR,,94.14,70.00,479,475,,,EA,ORB
STARLINK-34568,2025-142X,64717,PAY,+,US,2025-06-28,AFWTR,,94.14,70.00,479,475,,,EA,ORB
STARLINK-34546,2025-142Y,64718,PAY,+,US,2025-06-28,AFWTR,,94.14,70.00,479,475,,,EA,ORB
STARLINK-34577,2025-142Z,64719,PAY,+,US,2025-06-28,AFWTR,,94.14,70.00,480,475,,,EA,ORB
STARLINK-34572,2025-142AA,64720,PAY,+,US,2025-06-28,AFWTR,,94.14,70.00,479,475,,,EA,ORB
STARLINK-34558,2025-142AB,64721,PAY,+,US,2025-06-28,AFWTR,,94.14,70.00,479,475,,,EA,ORB
STARLINK-34393,2025-144A,64724,PAY,+,US,2025-07-02,AFETR,,93.85,53.16,463,462,,,EA,ORB
STARLINK-34562,2025-144B,64725,PAY,+,US,2025-07-02,AFETR,,93.85,53.16,464,462,,,EA,ORB
STARLINK-34557,2025-144C,64726,PAY,+,US,2025-07-02,AFETR,,93.85,53.16,464,462,,,EA,ORB
STARLINK-34242,2025-144D,64727,PAY,+,US,2025-07-02,AFETR,,93.85,53.16,464,462,,,EA,ORB
STARLINK-34239,2025-144E,64728,PAY,+,US,2025-07-02,AFETR,,93.85,53.16,464,462,,,EA,ORB
STARLINK-34588,2025-144F,64729,PAY,+,US,2025-07-02,AFETR,,93.85,53.16,464,462,,,EA,ORB
STARLINK-34606,2025-144G,64730,PAY,+,US,2025-07-02,AFETR,,93.85,53.16,464,462,,,EA,ORB
STARLINK-34552,2025-144H,64731,PAY,+,US,2025-07-02,AFETR,,93.85,53.16,463,462,,,EA,ORB
STARLINK-34596,2025-144J,64732,PAY,+,US,2025-07-02,AFETR,,93.85,53.16,464,462,,,EA,ORB
STARLINK-34556,2025-144K,64733,PAY,+,US,2025-07-02,AFETR,,93.85,53.16,463,462,,,EA,ORB
STARLINK-34591,2025-144L,64734,PAY,+,US,2025-07-02,AFETR,,93.85,53.16,464,462,,,EA,ORB
STARLINK-34587,2025-144M,64735,PAY,+,US,2025-07-02,AFETR,,93.85,53.16,464,462,,,EA,ORB
STARLINK-34130,2025-144N,64736,PAY,+,US,2025-07-02,AFETR,,93.85,53.16,463,462,,,EA,ORB
STARLINK-34619,2025-144P,64737,PAY,+,US,2025-07-02,AFETR,,93.85,53.16,464,461,,,EA,ORB
STARLINK-34597,2025-144Q,64738,PAY,+,US,2025-07-02,AFETR,,93.85,53.16,464,462,,,EA,ORB
STARLINK-34471,2025-144R,64739,PAY,+,US,2025-07-02,AFETR,,93.85,53.16,463,462,,,EA,ORB
STARLINK-34208,2025-144S,64740,PAY,+,US,2025-07-02,AFETR,,93.85,53.16,463,462,,,EA,ORB
STARLINK-34205,2025-144T,64741,PAY,+,US,2025-07-02,AFETR,,93.85,53.16,463,462,,,EA,ORB
STARLINK-34607,2025-144U,64742,PAY,+,US,2025-07-02,AFETR,,93.85,53.16,464,462,,,EA,ORB
STARLINK-34236,2025-144V,64743,PAY,+,US,2025-07-02,AFETR,,93.85,53.16,464,462,,,EA,ORB
STARLINK-34185,2025-144W,64744,PAY,+,US,2025-07-02,AFETR,,93.85,53.16,464,462,,,EA,ORB
STARLINK-34581,2025-144X,64745,PAY,+,US,2025-07-02,AFETR,,93.85,53.16,463,462,,,EA,ORB
STARLINK-34592,2025-144Y,64746,PAY,+,US,2025-07-02,AFETR,,93.85,53.16,464,462,,,EA,ORB
STARLINK-34589,2025-144Z,64747,PAY,+,US,2025-07-02,AFETR,,93.85,53.16,464,461,,,EA,ORB
STARLINK-34536,2025-144AA,64748,PAY,+,US,2025-07-02,AFETR,,93.85,53.16,463,462,,,EA,ORB
STARLINK-34595,2025-144AB,64749,PAY,+,US,2025-07-02,AFETR,,93.85,53.16,464,462,,,EA,ORB
STARLINK-34531,2025-144AC,64750,PAY,+,US,2025-07-02,AFETR,,93.85,53.16,463,462,,,EA,ORB
STARLINK-33965,2025-147A,64755,PAY,+,US,2025-07-08,AFETR,,93.85,53.16,464,461,,,EA,ORB
STARLINK-34371,2025-147B,64756,PAY,+,US,2025-07-08,AFETR,,94.01,53.16,472,470,,,EA,ORB
STARLINK-34401,2025-147C,64757,PAY,+,US,2025-07-08,AFETR,,93.85,53.16,464,462,,,EA,ORB
STARLINK-34593,2025-147D,64758,PAY,+,US,2025-07-08,AFETR,,93.85,53.16,464,462,,,EA,ORB
STARLINK-34598,2025-147E,64759,PAY,+,US,2025-07-08,AFETR,,93.85,53.16,464,462,,,EA,ORB
STARLINK-34235,2025-147F,64760,PAY,+,US,2025-07-08,AFETR,,93.85,53.16,463,462,,,EA,ORB
STARLINK-34635,2025-147G,64761,PAY,+,US,2025-07-08,AFETR,,93.85,53.16,464,462,,,EA,ORB
STARLINK-34638,2025-147H,64762,PAY,+,US,2025-07-08,AFETR,,93.85,53.16,464,462,,,EA,ORB
STARLINK-34534,2025-147J,64763,PAY,+,US,2025-07-08,AFETR,,93.85,53.16,463,462,,,EA,ORB
STARLINK-34261,2025-147K,64764,PAY,+,US,2025-07-08,AFETR,,93.85,53.16,463,462,,,EA,ORB
STARLINK-34566,2025-147L,64765,PAY,+,US,2025-07-08,AFETR,,93.85,53.16,463,462,,,EA,ORB
STARLINK-34645,2025-147M,64766,PAY,+,US,2025-07-08,AFETR,,93.85,53.16,464,462,,,EA,ORB
STARLINK-34639,2025-147N,64767,PAY,+,US,2025-07-08,AFETR,,93.85,53.16,463,462,,,EA,ORB
STARLINK-34609,2025-147P,64768,PAY,+,US,2025-07-08,AFETR,,93.85,53.16,464,462,,,EA,ORB
STARLINK-34246,2025-147Q,64769,PAY,+,US,2025-07-08,AFETR,,93.85,53.16,464,462,,,EA,ORB
STARLINK-34618,2025-147R,64770,PAY,+,US,2025-07-08,AFETR,,93.85,53.16,463,462,,,EA,ORB
STARLINK-34541,2025-147S,64771,PAY,+,US,2025-07-08,AFETR,,93.85,53.16,463,462,,,EA,ORB
STARLINK-34652,2025-147T,64772,PAY,+,US,2025-07-08,AFETR,,93.85,53.16,463,462,,,EA,ORB
STARLINK-34612,2025-147U,64773,PAY,+,US,2025-07-08,AFETR,,93.85,53.16,463,462,,,EA,ORB
STARLINK-34621,2025-147V,64774,PAY,+,US,2025-07-08,AFETR,,93.85,53.16,464,461,,,EA,ORB
STARLINK-34657,2025-147W,64775,PAY,+,US,2025-07-08,AFETR,,93.85,53.16,464,461,,,EA,ORB
STARLINK-34637,2025-147X,64776,PAY,+,US,2025-07-08,AFETR,,93.85,53.16,463,462,,,EA,ORB
STARLINK-34547,2025-147Y,64777,PAY,+,US,2025-07-08,AFETR,,93.85,53.16,463,462,,,EA,ORB
STARLINK-34537,2025-147Z,64778,PAY,+,US,2025-07-08,AFETR,,93.85,53.16,463,462,,,EA,ORB
STARLINK-34585,2025-147AA,64779,PAY,+,US,2025-07-08,AFETR,,93.85,53.16,464,462,,,EA,ORB
STARLINK-34491,2025-147AB,64780,PAY,+,US,2025-07-08,AFETR,,93.85,53.16,463,462,,,EA,ORB
STARLINK-34582,2025-147AC,64781,PAY,+,US,2025-07-08,AFETR,,93.85,53.16,464,462,,,EA,ORB
STARLINK-34482,2025-147AD,64782,PAY,+,US,2025-07-08,AFETR,,93.85,53.16,463,462,,,EA,ORB
STARLINK-34629,2025-150A,64790,PAY,+,US,2025-07-16,AFWTR,,96.11,70.00,574,570,,,EA,ORB
STARLINK-34697,2025-150B,64791,PAY,+,US,2025-07-16,AFWTR,,96.11,70.00,574,570,,,EA,ORB
STARLINK-34632,2025-150C,64792,PAY,+,US,2025-07-16,AFWTR,,96.11,70.00,574,570,,,EA,ORB
STARLINK-34693,2025-150D,64793,PAY,+,US,2025-07-16,AFWTR,,96.11,70.00,574,570,,,EA,ORB
STARLINK-34666,2025-150E,64794,PAY,+,US,2025-07-16,AFWTR,,96.11,70.00,574,570,,,EA,ORB
STARLINK-34567,2025-150F,64795,PAY,+,US,2025-07-16,AFWTR,,96.11,70.00,574,570,,,EA,ORB
STARLINK-34646,2025-150G,64796,PAY,+,US,2025-07-16,AFWTR,,96.11,70.00,574,570,,,EA,ORB
STARLINK-34641,2025-150H,64797,PAY,+,US,2025-07-16,AFWTR,,96.11,70.00,574,570,,,EA,ORB
STARLINK-34649,2025-150J,64798,PAY,+,US,2025-07-16,AFWTR,,96.11,70.00,574,570,,,EA,ORB
STARLINK-34662,2025-150K,64799,PAY,+,US,2025-07-16,AFWTR,,96.10,70.00,574,570,,,EA,ORB
STARLINK-34660,2025-150L,64800,PAY,+,US,2025-07-16,AFWTR,,96.11,70.00,574,570,,,EA,ORB
STARLINK-34604,2025-150M,64801,PAY,+,US,2025-07-16,AFWTR,,96.11,70.00,574,570,,,EA,ORB
STARLINK-34658,2025-150N,64802,PAY,+,US,2025-07-16,AFWTR,,96.11,70.01,574,570,,,EA,ORB
STARLINK-34620,2025-150P,64803,PAY,+,US,2025-07-16,AFWTR,,96.11,70.00,574,570,,,EA,ORB
STARLINK-34633,2025-150Q,64804,PAY,+,US,2025-07-16,AFWTR,,96.11,70.00,574,570,,,EA,ORB
STARLINK-34624,2025-150R,64805,PAY,+,US,2025-07-16,AFWTR,,96.11,70.00,574,570,,,EA,ORB
STARLINK-34664,2025-150S,64806,PAY,+,US,2025-07-16,AFWTR,,96.11,69.99,574,570,,,EA,ORB
STARLINK-34663,2025-150T,64807,PAY,+,US,2025-07-16,AFWTR,,96.11,70.00,574,570,,,EA,ORB
STARLINK-34696,2025-150U,64808,PAY,+,US,2025-07-16,AFWTR,,96.11,70.00,575,570,,,EA,ORB
STARLINK-34675,2025-150V,64809,PAY,+,US,2025-07-16,AFWTR,,96.11,70.00,574,570,,,EA,ORB
STARLINK-34608,2025-150W,64810,PAY,+,US,2025-07-16,AFWTR,,96.11,70.00,574,570,,,EA,ORB
STARLINK-34669,2025-150X,64811,PAY,+,US,2025-07-16,AFWTR,,96.11,70.00,574,570,,,EA,ORB
STARLINK-34644,2025-150Y,64812,PAY,+,US,2025-07-16,AFWTR,,96.11,70.00,574,570,,,EA,ORB
STARLINK-34685,2025-150Z,64813,PAY,+,US,2025-07-16,AFWTR,,96.11,70.00,574,570,,,EA,ORB
STARLINK-34668,2025-150AA,64814,PAY,+,US,2025-07-16,AFWTR,,96.11,70.00,574,570,,,EA,ORB
STARLINK-34667,2025-150AB,64815,PAY,+,US,2025-07-16,AFWTR,,96.11,70.00,574,570,,,EA,ORB
STARLINK-34723,2025-152A,64842,PAY,+,US,2025-07-19,AFWTR,,93.91,97.28,467,464,,,EA,ORB
STARLINK-34725,2025-152B,64843,PAY,+,US,2025-07-19,AFWTR,,93.91,97.28,467,464,,,EA,ORB
STARLINK-34709,2025-152C,64844,PAY,+,US,2025-07-19,AFWTR,,93.91,97.28,467,464,,,EA,ORB
STARLINK-34706,2025-152D,64845,PAY,+,US,2025-07-19,AFWTR,,93.91,97.28,467,464,,,EA,ORB
STARLINK-34736,2025-152E,64846,PAY,+,US,2025-07-19,AFWTR,,93.91,97.28,467,465,,,EA,ORB
STARLINK-34746,2025-152F,64847,PAY,+,US,2025-07-19,AFWTR,,93.91,97.28,467,464,,,EA,ORB
STARLINK-34748,2025-152G,64848,PAY,+,US,2025-07-19,AFWTR,,93.91,97.29,468,464,,,EA,ORB
STARLINK-34756,2025-152H,64849,PAY,+,US,2025-07-19,AFWTR,,93.91,97.28,467,464,,,EA,ORB
STARLINK-34757,2025-152J,64850,PAY,+,US,2025-07-19,AFWTR,,93.91,97.28,467,464,,,EA,ORB
STARLINK-34722,2025-152K,64851,PAY,+,US,2025-07-19,AFWTR,,93.91,97.28,467,464,,,EA,ORB
STARLINK-34564,2025-152L,64852,PAY,+,US,2025-07-19,AFWTR,,93.91,97.28,467,464,,,EA,ORB
STARLINK-34676,2025-152M,64853,PAY,+,US,2025-07-19,AFWTR,,93.90,97.28,467,464,,,EA,ORB
STARLINK-34682,2025-152N,64854,PAY,+,US,2025-07-19,AFWTR,,93.91,97.29,467,464,,,EA,ORB
STARLINK-34631,2025-152P,64855,PAY,+,US,2025-07-19,AFWTR,,93.90,97.28,467,464,,,EA,ORB
STARLINK-34578,2025-152Q,64856,PAY,+,US,2025-07-19,AFWTR,,93.91,97.28,467,465,,,EA,ORB
STARLINK-34683,2025-152R,64857,PAY,+,US,2025-07-19,AFWTR,,93.91,97.28,467,464,,,EA,ORB
STARLINK-34654,2025-152S,64858,PAY,+,US,2025-07-19,AFWTR,,93.91,97.28,467,464,,,EA,ORB
STARLINK-34575,2025-152T,64859,PAY,+,US,2025-07-19,AFWTR,,93.91,97.28,467,464,,,EA,ORB
STARLINK-34570,2025-152U,64860,PAY,+,US,2025-07-19,AFWTR,,93.91,97.29,467,465,,,EA,ORB
STARLINK-34651,2025-152V,64861,PAY,+,US,2025-07-19,AFWTR,,93.91,97.28,467,464,,,EA,ORB
STARLINK-34684,2025-152W,64862,PAY,+,US,2025-07-19,AFWTR,,93.90,97.28,467,464,,,EA,ORB
STARLINK-34690,2025-152X,64863,PAY,+,US,2025-07-19,AFWTR,,93.91,97.28,467,464,,,EA,ORB
STARLINK-34628,2025-152Y,64864,PAY,+,US,2025-07-19,AFWTR,,93.91,97.28,468,463,,,EA,ORB
STARLINK-34544,2025-152Z,64865,PAY,+,US,2025-07-19,AFWTR,,93.91,97.28,467,464,,,EA,ORB
STARLINK-34647,2025-157A,64904,PAY,+,US,2025-07-26,AFETR,,93.85,53.16,464,462,,,EA,ORB
STARLINK-34273,2025-157B,64905,PAY,+,US,2025-07-26,AFETR,,93.85,53.16,464,462,,,EA,ORB
STARLINK-34713,2025-157C,64906,PAY,+,US,2025-07-26,AFETR,,93.85,53.16,463,462,,,EA,ORB
STARLINK-34712,2025-157D,64907,PAY,+,US,2025-07-26,AFETR,,93.85,53.16,464,462,,,EA,ORB
STARLINK-34702,2025-157E,64908,PAY,+,US,2025-07-26,AFETR,,94.01,53.16,472,469,,,EA,ORB
STARLINK-34687,2025-157F,64909,PAY,+,US,2025-07-26,AFETR,,93.85,53.16,464,462,,,EA,ORB
STARLINK-34642,2025-157G,64910,PAY,+,US,2025-07-26,AFETR,,94.01,53.16,472,470,,,EA,ORB
STARLINK-34718,2025-157H,64911,PAY,+,US,2025-07-26,AFETR,,93.85,53.16,463,462,,,EA,ORB
STARLINK-34711,2025-157J,64912,PAY,+,US,2025-07-26,AFETR,,93.85,53.16,464,462,,,EA,ORB
STARLINK-34659,2025-157K,64913,PAY,+,US,2025-07-26,AFETR,,94.01,53.16,472,470,,,EA,ORB
STARLINK-34571,2025-157L,64914,PAY,+,US,2025-07-26,AFETR,,93.85,53.16,463,462,,,EA,ORB
STARLINK-34636,2025-157M,64915,PAY,+,US,2025-07-26,AFETR,,93.85,53.16,464,462,,,EA,ORB
STARLINK-34695,2025-157N,64916,PAY,+,US,2025-07-26,AFETR,,93.85,53.16,464,462,,,EA,ORB
STARLINK-34653,2025-157P,64917,PAY,+,US,2025-07-26,AFETR,,94.01,53.16,472,469,,,EA,ORB
STARLINK-34611,2025-157Q,64918,PAY,+,US,2025-07-26,AFETR,,93.85,53.16,463,462,,,EA,ORB
STARLINK-34599,2025-157R,64919,PAY,+,US,2025-07-26,AFETR,,93.85,53.16,464,462,,,EA,ORB
STARLINK-34069,2025-157S,64920,PAY,+,US,2025-07-26,AFETR,,93.85,53.16,464,462,,,EA,ORB
STARLINK-34699,2025-157T,64921,PAY,+,US,2025-07-26,AFETR,,93.85,53.16,463,462,,,EA,ORB
STARLINK-34700,2025-157U,64922,PAY,+,US,2025-07-26,AFETR,,93.85,53.16,464,462,,,EA,ORB
STARLINK-34643,2025-157V,64923,PAY,+,US,2025-07-26,AFETR,,93.85,53.16,463,462,,,EA,ORB
STARLINK-34199,2025-157W,64924,PAY,+,US,2025-07-26,AFETR,,94.01,53.16,472,470,,,EA,ORB
STARLINK-34579,2025-157X,64925,PAY,+,US,2025-07-26,AFETR,,93.85,53.16,464,462,,,EA,ORB
STARLINK-34543,2025-157Y,64926,PAY,+,US,2025-07-26,AFETR,,94.01,53.16,471,470,,,EA,ORB
STARLINK-34661,2025-157Z,64927,PAY,+,US,2025-07-26,AFETR,,93.85,53.16,464,462,,,EA,ORB
STARLINK-34248,2025-157AA,64928,PAY,+,US,2025-07-26,AFETR,,93.85,53.16,464,462,,,EA,ORB
STARLINK-34290,2025-157AB,64929,PAY,+,US,2025-07-26,AFETR,,93.85,53.16,463,462,,,EA,ORB
STARLINK-34220,2025-157AC,64930,PAY,+,US,2025-07-26,AFETR,,94.01,53.16,471,470,,,EA,ORB
STARLINK-34715,2025-157AD,64931,PAY,+,US,2025-07-26,AFETR,,93.85,53.16,464,462,,,EA,ORB
STARLINK-34705,2025-158A,64932,PAY,+,US,2025-07-27,AFWTR,,93.91,97.28,467,464,,,EA,ORB
STARLINK-34737,2025-158B,64933,PAY,+,US,2025-07-27,AFWTR,,93.91,97.28,467,464,,,EA,ORB
STARLINK-34775,2025-158C,64934,PAY,+,US,2025-07-27,AFWTR,,93.91,97.28,466,465,,,EA,ORB
STARLINK-34726,2025-158D,64935,PAY,+,US,2025-07-27,AFWTR,,93.91,97.28,468,463,,,EA,ORB
STARLINK-34529,2025-158E,64936,PAY,+,US,2025-07-27,AFWTR,,93.90,97.28,467,464,,,EA,ORB
STARLINK-34743,2025-158F,64937,PAY,+,US,2025-07-27,AFWTR,,93.90,97.28,467,464,,,EA,ORB
STARLINK-34730,2025-158G,64938,PAY,+,US,2025-07-27,AFWTR,,93.91,97.28,467,465,,,EA,ORB
STARLINK-34714,2025-158H,64939,PAY,+,US,2025-07-27,AFWTR,,93.91,97.28,467,464,,,EA,ORB
STARLINK-34755,2025-158J,64940,PAY,+,US,2025-07-27,AFWTR,,94.37,97.28,489,487,,,EA,ORB
STARLINK-34740,2025-158K,64941,PAY,+,US,2025-07-27,AFWTR,,93.91,97.28,467,464,,,EA,ORB
STARLINK-34742,2025-158L,64942,PAY,+,US,2025-07-27,AFWTR,,93.91,97.28,467,465,,,EA,ORB
STARLINK-34719,2025-158M,64943,PAY,+,US,2025-07-27,AFWTR,,93.91,97.28,467,465,,,EA,ORB
STARLINK-34373,2025-158N,64944,PAY,+,US,2025-07-27,AFWTR,,93.91,97.28,468,463,,,EA,ORB
STARLINK-34758,2025-158P,64945,PAY,+,US,2025-07-27,AFWTR,,93.90,97.28,466,465,,,EA,ORB
STARLINK-34753,2025-158Q,64946,PAY,+,US,2025-07-27,AFWTR,,93.91,97.28,467,464,,,EA,ORB
STARLINK-34747,2025-158R,64947,PAY,+,US,2025-07-27,AFWTR,,93.91,97.28,467,464,,,EA,ORB
STARLINK-34630,2025-158S,64948,PAY,+,US,2025-07-27,AFWTR,,93.91,97.28,466,466,,,EA,ORB
STARLINK-34689,2025-158T,64949,PAY,+,US,2025-07-27,AFWTR,,93.91,97.28,466,465,,,EA,ORB
STARLINK-34586,2025-158U,64950,PAY,+,US,2025-07-27,AFWTR,,93.91,97.28,467,465,,,EA,ORB
STARLINK-34738,2025-158V,64951,PAY,+,US,2025-07-27,AFWTR,,93.91,97.28,467,464,,,EA,ORB
STARLINK-34744,2025-158W,64952,PAY,+,US,2025-07-27,AFWTR,,93.91,97.28,467,465,,,EA,ORB
STARLINK-34701,2025-158X,64953,PAY,+,US,2025-07-27,AFWTR,,93.91,97.28,467,465,,,EA,ORB
STARLINK-34761,2025-158Y,64954,PAY,+,US,2025-07-27,AFWTR,,93.91,97.28,467,464,,,EA,ORB
STARLINK-34732,2025-158Z,64955,PAY,+,US,2025-07-27,AFWTR,,93.91,97.28,467,464,,,EA,ORB
STARLINK-34617,2025-161A,65015,PAY,+,US,2025-07-30,AFWTR,,91.41,53.16,344,343,,,EA,ORB
STARLINK-34627,2025-161B,65016,PAY,+,US,2025-07-30,AFWTR,,93.85,53.16,463,462,,,EA,ORB
STARLINK-34549,2025-161C,65017,PAY,+,US,2025-07-30,AFWTR,,93.85,53.16,464,462,,,EA,ORB
STARLINK-34623,2025-161D,65018,PAY,+,US,2025-07-30,AFWTR,,93.85,53.16,464,462,,,EA,ORB
STARLINK-34232,2025-161E,65019,PAY,+,US,2025-07-30,AFWTR,,93.85,53.16,463,462,,,EA,ORB
STARLINK-34772,2025-161F,65020,PAY,+,US,2025-07-30,AFWTR,,93.85,53.16,463,462,,,EA,ORB
STARLINK-34778,2025-161G,65021,PAY,+,US,2025-07-30,AFWTR,,93.85,53.16,463,462,,,EA,ORB
STARLINK-34789,2025-161H,65022,PAY,+,US,2025-07-30,AFWTR,,93.85,53.16,463,463,,,EA,ORB
STARLINK-34858,2025-161J,65023,PAY,+,US,2025-07-30,AFWTR,,93.85,53.16,463,462,,,EA,ORB
STARLINK-34773,2025-161K,65024,PAY,+,US,2025-07-30,AFWTR,,93.85,53.16,463,462,,,EA,ORB
STARLINK-34727,2025-161L,65025,PAY,+,US,2025-07-30,AFWTR,,93.85,53.16,464,462,,,EA,ORB
STARLINK-34804,2025-161M,65026,PAY,+,US,2025-07-30,AFWTR,,93.85,53.16,464,462,,,EA,ORB
STARLINK-34655,2025-161N,65027,PAY,+,US,2025-07-30,AFWTR,,93.85,53.16,464,461,,,EA,ORB
STARLINK-34807,2025-161P,65028,PAY,+,US,2025-07-30,AFWTR,,93.85,53.16,463,462,,,EA,ORB
STARLINK-34731,2025-161Q,65029,PAY,+,US,2025-07-30,AFWTR,,93.85,53.16,464,462,,,EA,ORB
STARLINK-34614,2025-161R,65030,PAY,+,US,2025-07-30,AFWTR,,93.85,53.16,463,462,,,EA,ORB
STARLINK-34677,2025-161S,65031,PAY,+,US,2025-07-30,AFWTR,,93.85,53.16,463,462,,,EA,ORB
STARLINK-34656,2025-161T,65032,PAY,+,US,2025-07-30,AFWTR,,93.85,53.16,464,462,,,EA,ORB
STARLINK-34610,2025-161V,65034,PAY,+,US,2025-07-30,AFWTR,,93.85,53.16,464,462,,,EA,ORB
STARLINK-34286,2025-161W,65035,PAY,+,US,2025-07-30,AFWTR,,93.85,53.16,463,462,,,EA,ORB
STARLINK-34770,2025-161X,65036,PAY,+,US,2025-07-30,AFWTR,,93.85,53.16,463,462,,,EA,ORB
STARLINK-34776,2025-161Y,65037,PAY,+,US,2025-07-30,AFWTR,,93.85,53.16,464,462,,,EA,ORB
STARLINK-34827,2025-161Z,65038,PAY,+,US,2025-07-30,AFWTR,,93.85,53.16,464,462,,,EA,ORB
STARLINK-34721,2025-161AA,65039,PAY,+,US,2025-07-30,AFWTR,,93.85,53.16,464,462,,,EA,ORB
STARLINK-34819,2025-161AB,65040,PAY,+,US,2025-07-30,AFWTR,,93.85,53.16,464,462,,,EA,ORB
STARLINK-34820,2025-161AC,65041,PAY,+,US,2025-07-30,AFWTR,,93.85,53.16,464,462,,,EA,ORB
STARLINK-34824,2025-161AD,65042,PAY,+,US,2025-07-30,AFWTR,,93.85,53.16,463,462,,,EA,ORB
STARLINK-34788,2025-165A,65056,PAY,+,US,2025-07-31,AFWTR,,94.60,97.28,500,498,,,EA,ORB
STARLINK-34745,2025-165B,65057,PAY,+,US,2025-07-31,AFWTR,,93.96,97.28,469,467,,,EA,ORB
STARLINK-34779,2025-165C,65058,PAY,+,US,2025-07-31,AFWTR,,94.15,97.28,478,476,,,EA,ORB
STARLINK-34803,2025-165D,65059,PAY,+,US,2025-07-31,AFWTR,,94.69,97.28,505,503,,,EA,ORB
STARLINK-34717,2025-165E,65060,PAY,+,US,2025-07-31,AFWTR,,94.64,97.28,502,500,,,EA,ORB
STARLINK-34750,2025-165F,65061,PAY,+,US,2025-07-31,AFWTR,,94.91,97.29,515,514,,,EA,ORB
STARLINK-34708,2025-165G,65062,PAY,+,US,2025-07-31,AFWTR,,94.25,97.28,483,481,,,EA,ORB
STARLINK-34798,2025-165H,65063,PAY,+,US,2025-07-31,AFWTR,,94.62,97.28,501,499,,,EA,ORB
STARLINK-34793,2025-165J,65064,PAY,+,US,2025-07-31,AFWTR,,94.50,97.28,496,493,,,EA,ORB
STARLINK-34806,2025-165K,65065,PAY,+,US,2025-07-31,AFWTR,,94.35,97.28,489,485,,,EA,ORB
STARLINK-34739,2025-165L,65066,PAY,+,US,2025-07-31,AFWTR,,95.33,97.28,536,533,,,EA,ORB
STARLINK-34802,2025-165M,65067,PAY,+,US,2025-07-31,AFWTR,,94.15,97.28,479,476,,,EA,ORB
STARLINK-34810,2025-165N,65068,PAY,+,US,2025-07-31,AFWTR,,94.49,97.28,496,492,,,EA,ORB
STARLINK-34809,2025-165P,65069,PAY,+,US,2025-07-31,AFWTR,,94.63,97.28,502,499,,,EA,ORB
STARLINK-34794,2025-165Q,65070,PAY,+,US,2025-07-31,AFWTR,,94.05,97.28,473,471,,,EA,ORB
STARLINK-34805,2025-165R,65071,PAY,+,US,2025-07-31,AFWTR,,94.33,97.28,487,485,,,EA,ORB
STARLINK-34735,2025-165S,65072,PAY,+,US,2025-07-31,AFWTR,,95.21,97.29,530,527,,,EA,ORB
STARLINK-34781,2025-165T,65073,PAY,+,US,2025-07-31,AFWTR,,95.06,97.28,524,520,,,EA,ORB
STARLINK-34780,2025-165U,65074,PAY,+,US,2025-07-31,AFWTR,,94.33,97.28,487,485,,,EA,ORB
STARLINK-34771,2025-167A,65078,PAY,+,US,2025-08-04,AFETR,,93.85,53.16,464,462,,,EA,ORB
STARLINK-34634,2025-167B,65079,PAY,+,US,2025-08-04,AFETR,,93.85,53.16,464,462,,,EA,ORB
STARLINK-34267,2025-167C,65080,PAY,+,US,2025-08-04,AFETR,,93.85,53.16,464,462,,,EA,ORB
STARLINK-34561,2025-167D,65081,PAY,+,US,2025-08-04,AFETR,,93.85,53.16,463,462,,,EA,ORB
STARLINK-34626,2025-167E,65082,PAY,+,US,2025-08-04,AFETR,,93.85,53.16,463,462,,,EA,ORB
STARLINK-34247,2025-167F,65083,PAY,+,US,2025-08-04,AFETR,,93.85,53.16,464,462,,,EA,ORB
STARLINK-34601,2025-167G,65084,PAY,+,US,2025-08-04,AFETR,,93.85,53.16,464,462,,,EA,ORB
STARLINK-34822,2025-167J,65086,PAY,+,US,2025-08-04,AFETR,,93.85,53.16,464,462,,,EA,ORB
STARLINK-34686,2025-167K,65087,PAY,+,US,2025-08-04,AFETR,,94.01,53.16,472,470,,,EA,ORB
STARLINK-34594,2025-167L,65088,PAY,+,US,2025-08-04,AFETR,,93.85,53.16,464,461,,,EA,ORB
STARLINK-34665,2025-167M,65089,PAY,+,US,2025-08-04,AFETR,,93.85,53.16,464,462,,,EA,ORB
STARLINK-34673,2025-167N,65090,PAY,+,US,2025-08-04,AFETR,,94.01,53.16,471,470,,,EA,ORB
STARLINK-34648,2025-167P,65091,PAY,+,US,2025-08-04,AFETR,,93.85,53.16,464,461,,,EA,ORB
STARLINK-34640,2025-167Q,65092,PAY,+,US,2025-08-04,AFETR,,94.01,53.16,471,470,,,EA,ORB
STARLINK-34266,2025-167R,65093,PAY,+,US,2025-08-04,AFETR,,93.85,53.16,464,462,,,EA,ORB
STARLINK-34769,2025-167S,65094,PAY,+,US,2025-08-04,AFETR,,93.85,53.16,464,461,,,EA,ORB
STARLINK-34768,2025-167T,65095,PAY,+,US,2025-08-04,AFETR,,93.85,53.16,464,462,,,EA,ORB
STARLINK-34759,2025-167U,65096,PAY,+,US,2025-08-04,AFETR,,93.85,53.16,463,462,,,EA,ORB
STARLINK-34741,2025-167V,65097,PAY,+,US,2025-08-04,AFETR,,93.85,53.16,463,462,,,EA,ORB
STARLINK-34764,2025-167W,65098,PAY,+,US,2025-08-04,AFETR,,93.85,53.16,464,462,,,EA,ORB
STARLINK-34815,2025-167X,65099,PAY,+,US,2025-08-04,AFETR,,93.85,53.16,464,462,,,EA,ORB
STARLINK-34814,2025-167Y,65100,PAY,+,US,2025-08-04,AFETR,,93.85,53.16,463,462,,,EA,ORB
STARLINK-34285,2025-167Z,65101,PAY,+,US,2025-08-04,AFETR,,93.85,53.16,464,462,,,EA,ORB
STARLINK-34857,2025-167AA,65102,PAY,+,US,2025-08-04,AFETR,,93.85,53.16,464,462,,,EA,ORB
STARLINK-34887,2025-167AB,65103,PAY,+,US,2025-08-04,AFETR,,93.85,53.16,464,462,,,EA,ORB
STARLINK-34481,2025-167AC,65104,PAY,+,US,2025-08-04,AFETR,,93.85,53.16,464,462,,,EA,ORB
STARLINK-34545,2025-167AD,65105,PAY,+,US,2025-08-04,AFETR,,93.85,53.16,464,462,,,EA,ORB
STARLINK-34956,2025-175A,65174,PAY,+,US,2025-08-14,AFWTR,,93.91,97.29,467,464,,,EA,ORB
STARLINK-34949,2025-175B,65175,PAY,+,US,2025-08-14,AFWTR,,93.91,97.28,467,464,,,EA,ORB
STARLINK-34707,2025-175C,65176,PAY,+,US,2025-08-14,AFWTR,,93.91,97.28,467,464,,,EA,ORB
STARLINK-34967,2025-175D,65177,PAY,+,US,2025-08-14,AFWTR,,93.91,97.28,467,464,,,EA,ORB
STARLINK-34929,2025-175E,65178,PAY,+,US,2025-08-14,AFWTR,,93.91,97.28,467,464,,,EA,ORB
STARLINK-34932,2025-175F,65179,PAY,+,US,2025-08-14,AFWTR,,93.91,97.28,467,464,,,EA,ORB
STARLINK-34862,2025-175G,65180,PAY,+,US,2025-08-14,AFWTR,,93.91,97.28,467,464,,,EA,ORB
STARLINK-34942,2025-175H,65181,PAY,+,US,2025-08-14,AFWTR,,93.91,97.28,468,464,,,EA,ORB
STARLINK-34944,2025-175J,65182,PAY,+,US,2025-08-14,AFWTR,,93.91,97.28,467,464,,,EA,ORB
STARLINK-34939,2025-175K,65183,PAY,+,US,2025-08-14,AFWTR,,93.91,97.28,467,464,,,EA,ORB
STARLINK-34947,2025-175L,65184,PAY,+,US,2025-08-14,AFWTR,,93.90,97.29,467,464,,,EA,ORB
STARLINK-34945,2025-175M,65185,PAY,+,US,2025-08-14,AFWTR,,93.91,97.28,467,464,,,EA,ORB
STARLINK-34965,2025-175N,65186,PAY,+,US,2025-08-14,AFWTR,,93.91,97.28,467,464,,,EA,ORB
STARLINK-34915,2025-175P,65187,PAY,+,US,2025-08-14,AFWTR,,93.91,97.28,467,464,,,EA,ORB
STARLINK-34972,2025-175Q,65188,PAY,+,US,2025-08-14,AFWTR,,93.91,97.28,467,464,,,EA,ORB
STARLINK-34866,2025-175R,65189,PAY,+,US,2025-08-14,AFWTR,,93.91,97.28,467,464,,,EA,ORB
STARLINK-34917,2025-175S,65190,PAY,+,US,2025-08-14,AFWTR,,93.91,97.28,467,464,,,EA,ORB
STARLINK-34948,2025-175T,65191,PAY,+,US,2025-08-14,AFWTR,,93.91,97.28,467,464,,,EA,ORB
STARLINK-34955,2025-175U,65192,PAY,+,US,2025-08-14,AFWTR,,93.91,97.28,468,463,,,EA,ORB
STARLINK-34950,2025-175V,65193,PAY,+,US,2025-08-14,AFWTR,,93.91,97.28,467,464,,,EA,ORB
STARLINK-34926,2025-175W,65194,PAY,P,US,2025-08-14,AFWTR,,93.91,97.28,467,464,,,EA,ORB
STARLINK-34928,2025-175X,65195,PAY,+,US,2025-08-14,AFWTR,,93.91,97.28,467,464,,,EA,ORB
STARLINK-34927,2025-175Y,65196,PAY,+,US,2025-08-14,AFWTR,,93.91,97.29,466,465,,,EA,ORB
STARLINK-34952,2025-175Z,65197,PAY,+,US,2025-08-14,AFWTR,,93.91,97.28,467,465,,,EA,ORB
STARLINK-34981,2025-176A,65198,PAY,+,US,2025-08-14,AFETR,,93.85,53.16,464,462,,,EA,ORB
STARLINK-34821,2025-176B,65199,PAY,+,US,2025-08-14,AFETR,,93.85,53.16,463,462,,,EA,ORB
STARLINK-34865,2025-176C,65200,PAY,+,US,2025-08-14,AFETR,,93.85,53.16,464,462,,,EA,ORB
STARLINK-34843,2025-176D,65201,PAY,+,US,2025-08-14,AFETR,,93.85,53.16,463,462,,,EA,ORB
STARLINK-34905,2025-176E,65202,PAY,+,US,2025-08-14,AFETR,,93.85,53.16,463,462,,,EA,ORB
STARLINK-34914,2025-176F,65203,PAY,+,US,2025-08-14,AFETR,,93.85,53.16,463,462,,,EA,ORB
STARLINK-34787,2025-176G,65204,PAY,+,US,2025-08-14,AFETR,,93.85,53.16,464,462,,,EA,ORB
STARLINK-34796,2025-176H,65205,PAY,+,US,2025-08-14,AFETR,,93.85,53.16,464,462,,,EA,ORB
STARLINK-34763,2025-176J,65206,PAY,+,US,2025-08-14,AFETR,,93.85,53.16,464,462,,,EA,ORB
STARLINK-34901,2025-176K,65207,PAY,+,US,2025-08-14,AFETR,,93.85,53.16,464,462,,,EA,ORB
STARLINK-34841,2025-176L,65208,PAY,+,US,2025-08-14,AFETR,,93.85,53.16,464,462,,,EA,ORB
STARLINK-34976,2025-176M,65209,PAY,+,US,2025-08-14,AFETR,,93.85,53.16,463,462,,,EA,ORB
STARLINK-34941,2025-176N,65210,PAY,+,US,2025-08-14,AFETR,,93.85,53.16,464,462,,,EA,ORB
STARLINK-34847,2025-176P,65211,PAY,+,US,2025-08-14,AFETR,,93.85,53.16,463,462,,,EA,ORB
STARLINK-34897,2025-176Q,65212,PAY,+,US,2025-08-14,AFETR,,93.85,53.16,464,462,,,EA,ORB
STARLINK-34907,2025-176R,65213,PAY,+,US,2025-08-14,AFETR,,93.85,53.16,464,461,,,EA,ORB
STARLINK-34511,2025-176S,65214,PAY,+,US,2025-08-14,AFETR,,93.85,53.16,464,462,,,EA,ORB
STARLINK-33913,2025-176T,65215,PAY,+,US,2025-08-14,AFETR,,93.85,53.16,463,462,,,EA,ORB
STARLINK-34302,2025-176U,65216,PAY,+,US,2025-08-14,AFETR,,93.85,53.16,463,462,,,EA,ORB
STARLINK-34871,2025-176V,65217,PAY,+,US,2025-08-14,AFETR,,93.84,53.16,464,461,,,EA,ORB
STARLINK-34833,2025-176W,65218,PAY,+,US,2025-08-14,AFETR,,93.85,53.16,464,462,,,EA,ORB
STARLINK-34960,2025-176X,65219,PAY,+,US,2025-08-14,AFETR,,93.85,53.16,464,462,,,EA,ORB
STARLINK-34603,2025-176Y,65220,PAY,+,US,2025-08-14,AFETR,,93.85,53.16,463,462,,,EA,ORB
STARLINK-34974,2025-176Z,65221,PAY,+,US,2025-08-14,AFETR,,93.85,53.16,464,461,,,EA,ORB
STARLINK-34999,2025-176AA,65222,PAY,+,US,2025-08-14,AFETR,,93.85,53.16,463,462,,,EA,ORB
STARLINK-34996,2025-176AB,65223,PAY,+,US,2025-08-14,AFETR,,93.85,53.16,464,462,,,EA,ORB
STARLINK-34975,2025-176AC,65224,PAY,+,US,2025-08-14,AFETR,,93.85,53.16,464,462,,,EA,ORB
STARLINK-34257,2025-176AD,65225,PAY,+,US,2025-08-14,AFETR,,93.85,53.16,464,462,,,EA,ORB
STARLINK-34842,2025-179A,65235,PAY,+,US,2025-08-18,AFWTR,,93.91,97.28,467,464,,,EA,ORB
STARLINK-34938,2025-179B,65236,PAY,+,US,2025-08-18,AFWTR,,93.91,97.28,466,465,,,EA,ORB
STARLINK-34958,2025-179C,65237,PAY,+,US,2025-08-18,AFWTR,,93.91,97.28,466,465,,,EA,ORB
STARLINK-34818,2025-179D,65238,PAY,+,US,2025-08-18,AFWTR,,93.91,97.28,466,465,,,EA,ORB
STARLINK-34964,2025-179E,65239,PAY,+,US,2025-08-18,AFWTR,,93.91,97.28,466,465,,,EA,ORB
STARLINK-34953,2025-179F,65240,PAY,+,US,2025-08-18,AFWTR,,93.91,97.28,466,465,,,EA,ORB
STARLINK-34969,2025-179G,65241,PAY,+,US,2025-08-18,AFWTR,,93.91,97.28,466,465,,,EA,ORB
STARLINK-34963,2025-179H,65242,PAY,+,US,2025-08-18,AFWTR,,93.91,97.28,467,464,,,EA,ORB
STARLINK-34982,2025-179J,65243,PAY,+,US,2025-08-18,AFWTR,,93.90,97.28,466,465,,,EA,ORB
STARLINK-34990,2025-179K,65244,PAY,+,US,2025-08-18,AFWTR,,93.91,97.28,467,464,,,EA,ORB
STARLINK-34977,2025-179L,65245,PAY,+,US,2025-08-18,AFWTR,,93.91,97.28,466,465,,,EA,ORB
STARLINK-34959,2025-179M,65246,PAY,+,US,2025-08-18,AFWTR,,93.91,97.28,466,465,,,EA,ORB
STARLINK-34923,2025-179N,65247,PAY,+,US,2025-08-18,AFWTR,,93.91,97.28,466,465,,,EA,ORB
STARLINK-34962,2025-179P,65248,PAY,+,US,2025-08-18,AFWTR,,93.91,97.28,466,465,,,EA,ORB
STARLINK-34925,2025-179Q,65249,PAY,+,US,2025-08-18,AFWTR,,93.91,97.28,467,464,,,EA,ORB
STARLINK-34973,2025-179R,65250,PAY,+,US,2025-08-18,AFWTR,,93.91,97.28,466,465,,,EA,ORB
STARLINK-34989,2025-179S,65251,PAY,+,US,2025-08-18,AFWTR,,93.91,97.28,467,464,,,EA,ORB
STARLINK-34961,2025-179T,65252,PAY,+,US,2025-08-18,AFWTR,,93.91,97.28,466,465,,,EA,ORB
STARLINK-34933,2025-179U,65253,PAY,+,US,2025-08-18,AFWTR,,93.91,97.28,466,465,,,EA,ORB
STARLINK-34979,2025-179V,65254,PAY,+,US,2025-08-18,AFWTR,,93.91,97.28,467,464,,,EA,ORB
STARLINK-34987,2025-179W,65255,PAY,+,US,2025-08-18,AFWTR,,93.91,97.28,466,465,,,EA,ORB
STARLINK-34971,2025-179X,65256,PAY,+,US,2025-08-18,AFWTR,,93.91,97.28,466,465,,,EA,ORB
STARLINK-34966,2025-179Y,65257,PAY,+,US,2025-08-18,AFWTR,,93.91,97.28,466,465,,,EA,ORB
STARLINK-34980,2025-179Z,65258,PAY,+,US,2025-08-18,AFWTR,,93.91,97.28,466,465,,,EA,ORB
STARLINK-34922,2025-184A,65273,PAY,+,US,2025-08-22,AFWTR,,93.90,97.28,466,465,,,EA,ORB
STARLINK-34904,2025-184B,65274,PAY,+,US,2025-08-22,AFWTR,,93.91,97.28,466,465,,,EA,ORB
STARLINK-34954,2025-184C,65275,PAY,+,US,2025-08-22,AFWTR,,93.91,97.28,466,465,,,EA,ORB
STARLINK-34968,2025-184D,65276,PAY,+,US,2025-08-22,AFWTR,,93.91,97.28,467,464,,,EA,ORB
STARLINK-34935,2025-184E,65277,PAY,+,US,2025-08-22,AFWTR,,93.91,97.28,467,464,,,EA,ORB
STARLINK-35000,2025-184F,65278,PAY,+,US,2025-08-22,AFWTR,,93.91,97.28,466,465,,,EA,ORB
STARLINK-35023,2025-184G,65279,PAY,+,US,2025-08-22,AFWTR,,93.91,97.28,466,465,,,EA,ORB
STARLINK-35001,2025-184H,65280,PAY,+,US,2025-08-22,AFWTR,,93.91,97.28,466,465,,,EA,ORB
STARLINK-35010,2025-184J,65281,PAY,+,US,2025-08-22,AFWTR,,93.91,97.29,466,465,,,EA,ORB
STARLINK-35021,2025-184K,65282,PAY,+,US,2025-08-22,AFWTR,,93.91,97.28,467,464,,,EA,ORB
STARLINK-35015,2025-184L,65283,PAY,+,US,2025-08-22,AFWTR,,93.91,97.28,466,465,,,EA,ORB
STARLINK-35006,2025-184M,65284,PAY,+,US,2025-08-22,AFWTR,,93.91,97.28,466,465,,,EA,ORB
STARLINK-34995,2025-184N,65285,PAY,+,US,2025-08-22,AFWTR,,93.91,97.28,466,465,,,EA,ORB
STARLINK-35048,2025-184P,65286,PAY,+,US,2025-08-22,AFWTR,,93.91,97.28,466,465,,,EA,ORB
STARLINK-35007,2025-184Q,65287,PAY,+,US,2025-08-22,AFWTR,,93.91,97.28,466,465,,,EA,ORB
STARLINK-35018,2025-184R,65288,PAY,+,US,2025-08-22,AFWTR,,93.91,97.28,466,465,,,EA,ORB
STARLINK-34845,2025-184S,65289,PAY,+,US,2025-08-22,AFWTR,,93.91,97.28,466,465,,,EA,ORB
STARLINK-34984,2025-184T,65290,PAY,+,US,2025-08-22,AFWTR,,93.91,97.28,466,465,,,EA,ORB
STARLINK-35002,2025-184U,65291,PAY,+,US,2025-08-22,AFWTR,,93.91,97.28,466,465,,,EA,ORB
STARLINK-35017,2025-184V,65292,PAY,+,US,2025-08-22,AFWTR,,93.91,97.28,466,465,,,EA,ORB
STARLINK-34951,2025-184W,65293,PAY,+,US,2025-08-22,AFWTR,,93.91,97.28,466,465,,,EA,ORB
STARLINK-34613,2025-184X,65294,PAY,+,US,2025-08-22,AFWTR,,93.91,97.28,466,465,,,EA,ORB
STARLINK-34834,2025-184Y,65295,PAY,+,US,2025-08-22,AFWTR,,93.91,97.28,466,465,,,EA,ORB
STARLINK-34872,2025-184Z,65296,PAY,+,US,2025-08-22,AFWTR,,93.91,97.28,466,465,,,EA,ORB
STARLINK-34899,2025-189A,65323,PAY,+,US,2025-08-27,AFETR,,94.01,53.16,471,470,,,EA,ORB
STARLINK-34196,2025-189B,65324,PAY,+,US,2025-08-27,AFETR,,94.01,53.16,472,469,,,EA,ORB
STARLINK-34911,2025-189C,65325,PAY,+,US,2025-08-27,AFETR,,93.85,53.16,463,462,,,EA,ORB
STARLINK-34902,2025-189D,65326,PAY,+,US,2025-08-27,AFETR,,93.85,53.16,463,462,,,EA,ORB
STARLINK-34880,2025-189E,65327,PAY,+,US,2025-08-27,AFETR,,93.85,53.16,464,462,,,EA,ORB
STARLINK-34885,2025-189F,65328,PAY,+,US,2025-08-27,AFETR,,94.01,53.16,471,470,,,EA,ORB
STARLINK-34908,2025-189G,65329,PAY,+,US,2025-08-27,AFETR,,93.85,53.16,464,461,,,EA,ORB
STARLINK-34864,2025-189H,65330,PAY,+,US,2025-08-27,AFETR,,94.01,53.16,472,470,,,EA,ORB
STARLINK-34918,2025-189J,65331,PAY,+,US,2025-08-27,AFETR,,94.01,53.16,471,470,,,EA,ORB
STARLINK-33890,2025-189K,65332,PAY,+,US,2025-08-27,AFETR,,94.01,53.16,472,470,,,EA,ORB
STARLINK-34602,2025-189L,65333,PAY,+,US,2025-08-27,AFETR,,94.01,53.16,471,470,,,EA,ORB
STARLINK-34878,2025-189M,65334,PAY,+,US,2025-08-27,AFETR,,94.01,53.16,471,470,,,EA,ORB
STARLINK-34874,2025-189N,65335,PAY,+,US,2025-08-27,AFETR,,93.85,53.16,464,462,,,EA,ORB
STARLINK-34835,2025-189P,65336,PAY,+,US,2025-08-27,AFETR,,93.85,53.16,464,462,,,EA,ORB
STARLINK-34854,2025-189Q,65337,PAY,+,US,2025-08-27,AFETR,,94.01,53.16,471,470,,,EA,ORB
STARLINK-34751,2025-189R,65338,PAY,+,US,2025-08-27,AFETR,,94.01,53.16,472,470,,,EA,ORB
STARLINK-34777,2025-189S,65339,PAY,+,US,2025-08-27,AFETR,,94.01,53.16,471,470,,,EA,ORB
STARLINK-35020,2025-189T,65340,PAY,+,US,2025-08-27,AFETR,,94.01,53.16,472,469,,,EA,ORB
STARLINK-35016,2025-189U,65341,PAY,+,US,2025-08-27,AFETR,,93.85,53.16,464,462,,,EA,ORB
STARLINK-35092,2025-189V,65342,PAY,+,US,2025-08-27,AFETR,,94.01,53.16,472,470,,,EA,ORB
STARLINK-34838,2025-189W,65343,PAY,+,US,2025-08-27,AFETR,,93.85,53.16,464,462,,,EA,ORB
STARLINK-35088,2025-189X,65344,PAY,+,US,2025-08-27,AFETR,,93.85,53.16,464,462,,,EA,ORB
STARLINK-34831,2025-189Y,65345,PAY,+,US,2025-08-27,AFETR,,94.01,53.16,471,470,,,EA,ORB
STARLINK-34873,2025-189Z,65346,PAY,+,US,2025-08-27,AFETR,,93.85,53.16,464,462,,,EA,ORB
STARLINK-34881,2025-189AA,65347,PAY,+,US,2025-08-27,AFETR,,94.01,53.16,471,470,,,EA,ORB
STARLINK-34859,2025-189AB,65348,PAY,+,US,2025-08-27,AFETR,,93.85,53.16,464,462,,,EA,ORB
STARLINK-34895,2025-189AC,65349,PAY,+,US,2025-08-27,AFETR,,94.01,53.16,471,470,,,EA,ORB
STARLINK-34892,2025-189AD,65350,PAY,+,US,2025-08-27,AFETR,,94.01,53.16,472,470,,,EA,ORB
STARLINK-34244,2025-190A,65351,PAY,+,US,2025-08-28,AFETR,,93.85,53.16,464,462,,,EA,ORB
STARLINK-34716,2025-190B,65352,PAY,+,US,2025-08-28,AFETR,,93.85,53.16,463,463,,,EA,ORB
STARLINK-34828,2025-190C,65353,PAY,+,US,2025-08-28,AFETR,,93.85,53.16,464,462,,,EA,ORB
STARLINK-34785,2025-190D,65354,PAY,+,US,2025-08-28,AFETR,,93.85,53.16,463,462,,,EA,ORB
STARLINK-34823,2025-190E,65355,PAY,+,US,2025-08-28,AFETR,,93.85,53.16,463,462,,,EA,ORB
STARLINK-34680,2025-190F,65356,PAY,+,US,2025-08-28,AFETR,,93.85,53.16,463,462,,,EA,ORB
STARLINK-34860,2025-190G,65357,PAY,+,US,2025-08-28,AFETR,,93.85,53.16,463,462,,,EA,ORB
STARLINK-34782,2025-190H,65358,PAY,+,US,2025-08-28,AFETR,,93.85,53.16,463,462,,,EA,ORB
STARLINK-34760,2025-190J,65359,PAY,+,US,2025-08-28,AFETR,,93.85,53.16,464,462,,,EA,ORB
STARLINK-34826,2025-190K,65360,PAY,+,US,2025-08-28,AFETR,,93.85,53.16,463,462,,,EA,ORB
STARLINK-34800,2025-190L,65361,PAY,+,US,2025-08-28,AFETR,,93.85,53.16,463,462,,,EA,ORB
STARLINK-34817,2025-190M,65362,PAY,+,US,2025-08-28,AFETR,,93.85,53.16,463,462,,,EA,ORB
STARLINK-34797,2025-190N,65363,PAY,+,US,2025-08-28,AFETR,,93.85,53.16,463,462,,,EA,ORB
STARLINK-34729,2025-190P,65364,PAY,+,US,2025-08-28,AFETR,,93.85,53.16,464,462,,,EA,ORB
STARLINK-34710,2025-190Q,65365,PAY,+,US,2025-08-28,AFETR,,93.85,53.16,464,462,,,EA,ORB
STARLINK-34943,2025-190R,65366,PAY,+,US,2025-08-28,AFETR,,93.85,53.16,464,462,,,EA,ORB
STARLINK-34946,2025-190S,65367,PAY,+,US,2025-08-28,AFETR,,93.85,53.16,463,462,,,EA,ORB
STARLINK-34259,2025-190T,65368,PAY,+,US,2025-08-28,AFETR,,93.85,53.16,463,462,,,EA,ORB
STARLINK-34913,2025-190U,65369,PAY,+,US,2025-08-28,AFETR,,93.85,53.16,464,461,,,EA,ORB
STARLINK-34870,2025-190V,65370,PAY,+,US,2025-08-28,AFETR,,93.85,53.16,464,462,,,EA,ORB
STARLINK-34869,2025-190W,65371,PAY,+,US,2025-08-28,AFETR,,93.85,53.16,464,461,,,EA,ORB
STARLINK-34903,2025-190X,65372,PAY,+,US,2025-08-28,AFETR,,93.85,53.16,463,462,,,EA,ORB
STARLINK-34891,2025-190Y,65373,PAY,+,US,2025-08-28,AFETR,,93.85,53.16,464,462,,,EA,ORB
STARLINK-34900,2025-190Z,65374,PAY,+,US,2025-08-28,AFETR,,93.85,53.16,463,462,,,EA,ORB
STARLINK-34305,2025-190AA,65375,PAY,+,US,2025-08-28,AFETR,,93.85,53.16,463,462,,,EA,ORB
STARLINK-34249,2025-190AB,65376,PAY,+,US,2025-08-28,AFETR,,93.85,53.16,464,462,,,EA,ORB
STARLINK-34879,2025-190AC,65377,PAY,+,US,2025-08-28,AFETR,,93.85,53.16,463,463,,,EA,ORB
STARLINK-34912,2025-190AD,65378,PAY,+,US,2025-08-28,AFETR,,93.85,53.16,464,462,,,EA,ORB
STARLINK-34985,2025-191A,65379,PAY,+,US,2025-08-30,AFWTR,,93.91,97.28,467,464,,,EA,ORB
STARLINK-35051,2025-191B,65380,PAY,+,US,2025-08-30,AFWTR,,93.91,97.28,467,464,,,EA,ORB
STARLINK-35028,2025-191C,65381,PAY,+,US,2025-08-30,AFWTR,,93.90,97.28,467,464,,,EA,ORB
STARLINK-35032,2025-191D,65382,PAY,+,US,2025-08-30,AFWTR,,93.91,97.29,466,465,,,EA,ORB
STARLINK-35054,2025-191E,65383,PAY,+,US,2025-08-30,AFWTR,,93.91,97.28,467,464,,,EA,ORB
STARLINK-35012,2025-191F,65384,PAY,+,US,2025-08-30,AFWTR,,93.91,97.28,467,464,,,EA,ORB
STARLINK-35073,2025-191G,65385,PAY,+,US,2025-08-30,AFWTR,,93.91,97.28,467,464,,,EA,ORB
STARLINK-35066,2025-191H,65386,PAY,+,US,2025-08-30,AFWTR,,93.91,97.28,467,465,,,EA,ORB
STARLINK-34703,2025-191J,65387,PAY,+,US,2025-08-30,AFWTR,,93.91,97.28,468,463,,,EA,ORB
STARLINK-34957,2025-191K,65388,PAY,+,US,2025-08-30,AFWTR,,93.91,97.28,467,464,,,EA,ORB
STARLINK-34993,2025-191L,65389,PAY,+,US,2025-08-30,AFWTR,,93.91,97.28,467,464,,,EA,ORB
STARLINK-35083,2025-191M,65390,PAY,+,US,2025-08-30,AFWTR,,93.91,97.28,467,464,,,EA,ORB
STARLINK-34786,2025-191N,65391,PAY,+,US,2025-08-30,AFWTR,,93.91,97.28,467,465,,,EA,ORB
STARLINK-35082,2025-191P,65392,PAY,+,US,2025-08-30,AFWTR,,93.91,97.28,467,464,,,EA,ORB
STARLINK-35097,2025-191Q,65393,PAY,+,US,2025-08-30,AFWTR,,93.91,97.28,467,464,,,EA,ORB
STARLINK-35058,2025-191R,65394,PAY,+,US,2025-08-30,AFWTR,,93.91,97.28,467,464,,,EA,ORB
STARLINK-35094,2025-191S,65395,PAY,+,US,2025-08-30,AFWTR,,93.91,97.28,467,464,,,EA,ORB
STARLINK-34811,2025-191T,65396,PAY,+,US,2025-08-30,AFWTR,,93.91,97.28,467,464,,,EA,ORB
STARLINK-34940,2025-191U,65397,PAY,+,US,2025-08-30,AFWTR,,93.91,97.28,467,464,,,EA,ORB
STARLINK-34931,2025-191V,65398,PAY,+,US,2025-08-30,AFWTR,,93.91,97.28,467,464,,,EA,ORB
STARLINK-34836,2025-191W,65399,PAY,+,US,2025-08-30,AFWTR,,93.91,97.28,468,463,,,EA,ORB
STARLINK-34876,2025-191X,65400,PAY,+,US,2025-08-30,AFWTR,,93.91,97.28,466,465,,,EA,ORB
STARLINK-34909,2025-191Y,65401,PAY,+,US,2025-08-30,AFWTR,,93.91,97.28,467,464,,,EA,ORB
STARLINK-34848,2025-191Z,65402,PAY,+,US,2025-08-30,AFWTR,,93.91,97.28,467,464,,,EA,ORB
STARLINK-35031,2025-192A,65404,PAY,+,US,2025-08-31,AFETR,,93.85,53.16,464,461,,,EA,ORB
STARLINK-34830,2025-192B,65405,PAY,+,US,2025-08-31,AFETR,,94.01,53.16,471,470,,,EA,ORB
STARLINK-35036,2025-192C,65406,PAY,+,US,2025-08-31,AFETR,,93.85,53.16,465,461,,,EA,ORB
STARLINK-35035,2025-192D,65407,PAY,+,US,2025-08-31,AFETR,,93.85,53.16,464,461,,,EA,ORB
STARLINK-35008,2025-192E,65408,PAY,+,US,2025-08-31,AFETR,,93.85,53.16,464,462,,,EA,ORB
STARLINK-35022,2025-192F,65409,PAY,+,US,2025-08-31,AFETR,,94.01,53.16,472,470,,,EA,ORB
STARLINK-35024,2025-192G,65410,PAY,+,US,2025-08-31,AFETR,,94.01,53.16,471,470,,,EA,ORB
STARLINK-34983,2025-192H,65411,PAY,+,US,2025-08-31,AFETR,,94.01,53.16,472,470,,,EA,ORB
STARLINK-34992,2025-192J,65412,PAY,+,US,2025-08-31,AFETR,,94.01,53.16,472,470,,,EA,ORB
STARLINK-35003,2025-192K,65413,PAY,+,US,2025-08-31,AFETR,,93.85,53.16,463,462,,,EA,ORB
STARLINK-34238,2025-192M,65415,PAY,+,US,2025-08-31,AFETR,,93.85,53.16,464,462,,,EA,ORB
STARLINK-34855,2025-192N,65416,PAY,+,US,2025-08-31,AFETR,,94.01,53.16,472,469,,,EA,ORB
STARLINK-34255,2025-192P,65417,PAY,+,US,2025-08-31,AFETR,,93.85,53.16,464,461,,,EA,ORB
STARLINK-34997,2025-192Q,65418,PAY,+,US,2025-08-31,AFETR,,93.85,53.16,464,462,,,EA,ORB
STARLINK-35085,2025-192R,65419,PAY,+,US,2025-08-31,AFETR,,94.01,53.16,471,470,,,EA,ORB
STARLINK-35138,2025-192S,65420,PAY,+,US,2025-08-31,AFETR,,94.01,53.16,472,469,,,EA,ORB
STARLINK-35146,2025-192T,65421,PAY,+,US,2025-08-31,AFETR,,94.01,53.16,472,470,,,EA,ORB
STARLINK-35074,2025-192U,65422,PAY,+,US,2025-08-31,AFETR,,93.85,53.16,464,461,,,EA,ORB
STARLINK-34837,2025-192V,65423,PAY,+,US,2025-08-31,AFETR,,94.01,53.16,472,470,,,EA,ORB
STARLINK-34670,2025-192W,65424,PAY,+,US,2025-08-31,AFETR,,94.01,53.16,471,470,,,EA,ORB
STARLINK-35095,2025-192X,65425,PAY,+,US,2025-08-31,AFETR,,94.01,53.16,472,470,,,EA,ORB
STARLINK-34883,2025-192Y,65426,PAY,+,US,2025-08-31,AFETR,,94.01,53.16,472,470,,,EA,ORB
STARLINK-34916,2025-192Z,65427,PAY,+,US,2025-08-31,AFETR,,94.01,53.16,472,470,,,EA,ORB
STARLINK-35004,2025-192AA,65428,PAY,+,US,2025-08-31,AFETR,,93.85,53.16,464,462,,,EA,ORB
STARLINK-35014,2025-192AB,65429,PAY,+,US,2025-08-31,AFETR,,93.85,53.16,464,462,,,EA,ORB
STARLINK-35025,2025-192AC,65430,PAY,+,US,2025-08-31,AFETR,,93.85,53.16,463,462,,,EA,ORB
STARLINK-35034,2025-192AD,65431,PAY,+,US,2025-08-31,AFETR,,93.85,53.16,463,462,,,EA,ORB
STARLINK-35142,2025-194A,65434,PAY,+,US,2025-09-03,AFWTR,,93.91,97.28,466,465,,,EA,ORB
STARLINK-34978,2025-194B,65435,PAY,+,US,2025-09-03,AFWTR,,93.91,97.28,467,464,,,EA,ORB
STARLINK-35043,2025-194C,65436,PAY,+,US,2025-09-03,AFWTR,,95.33,97.28,536,533,,,EA,ORB
STARLINK-35080,2025-194D,65437,PAY,+,US,2025-09-03,AFWTR,,93.91,97.28,467,464,,,EA,ORB
STARLINK-35068,2025-194E,65438,PAY,+,US,2025-09-03,AFWTR,,93.91,97.28,467,464,,,EA,ORB
STARLINK-35045,2025-194F,65439,PAY,+,US,2025-09-03,AFWTR,,93.91,97.28,467,464,,,EA,ORB
STARLINK-35050,2025-194G,65440,PAY,+,US,2025-09-03,AFWTR,,93.91,97.28,467,464,,,EA,ORB
STARLINK-35065,2025-194H,65441,PAY,+,US,2025-09-03,AFWTR,,93.91,97.28,467,464,,,EA,ORB
STARLINK-34679,2025-194J,65442,PAY,+,US,2025-09-03,AFWTR,,93.91,97.28,467,464,,,EA,ORB
STARLINK-34678,2025-194K,65443,PAY,+,US,2025-09-03,AFWTR,,93.91,97.28,467,464,,,EA,ORB
STARLINK-35049,2025-194L,65444,PAY,+,US,2025-09-03,AFWTR,,93.90,97.28,466,464,,,EA,ORB
STARLINK-35029,2025-194M,65445,PAY,+,US,2025-09-03,AFWTR,,93.91,97.28,467,464,,,EA,ORB
STARLINK-34991,2025-194N,65446,PAY,+,US,2025-09-03,AFWTR,,93.91,97.28,467,464,,,EA,ORB
STARLINK-34920,2025-194P,65447,PAY,+,US,2025-09-03,AFWTR,,93.90,97.28,466,464,,,EA,ORB
STARLINK-35030,2025-194Q,65448,PAY,+,US,2025-09-03,AFWTR,,93.91,97.28,467,464,,,EA,ORB
STARLINK-35009,2025-194R,65449,PAY,+,US,2025-09-03,AFWTR,,93.91,97.28,467,464,,,EA,ORB
STARLINK-34970,2025-194S,65450,PAY,+,US,2025-09-03,AFWTR,,93.91,97.28,467,465,,,EA,ORB
STARLINK-35039,2025-194T,65451,PAY,+,US,2025-09-03,AFWTR,,93.91,97.28,467,464,,,EA,ORB
STARLINK-35084,2025-194U,65452,PAY,+,US,2025-09-03,AFWTR,,93.91,97.28,466,465,,,EA,ORB
STARLINK-34988,2025-194V,65453,PAY,+,US,2025-09-03,AFWTR,,95.69,97.29,553,551,,,EA,ORB
STARLINK-35059,2025-194W,65454,PAY,+,US,2025-09-03,AFWTR,,95.34,97.28,536,534,,,EA,ORB
STARLINK-34728,2025-194X,65455,PAY,+,US,2025-09-03,AFWTR,,93.91,97.28,467,464,,,EA,ORB
STARLINK-35005,2025-194Y,65456,PAY,+,US,2025-09-03,AFWTR,,93.91,97.28,467,464,,,EA,ORB
STARLINK-35076,2025-194Z,65457,PAY,+,US,2025-09-03,AFWTR,,93.91,97.28,467,464,,,EA,ORB
STARLINK-34784,2025-195A,65458,PAY,+,US,2025-09-03,AFETR,,94.01,53.16,472,470,,,EA,ORB
STARLINK-34867,2025-195B,65459,PAY,+,US,2025-09-03,AFETR,,93.85,53.16,463,462,,,EA,ORB
STARLINK-34850,2025-195C,65460,PAY,+,US,2025-09-03,AFETR,,93.85,53.16,463,462,,,EA,ORB
STARLINK-35159,2025-195D,65461,PAY,+,US,2025-09-03,AFETR,,93.85,53.16,463,462,,,EA,ORB
STARLINK-35180,2025-195E,65462,PAY,+,US,2025-09-03,AFETR,,93.85,53.16,464,462,,,EA,ORB
STARLINK-35111,2025-195F,65463,PAY,+,US,2025-09-03,AFETR,,94.01,53.16,471,470,,,EA,ORB
STARLINK-35107,2025-195G,65464,PAY,+,US,2025-09-03,AFETR,,94.01,53.16,472,470,,,EA,ORB
STARLINK-35169,2025-195H,65465,PAY,+,US,2025-09-03,AFETR,,93.85,53.16,463,462,,,EA,ORB
STARLINK-35027,2025-195J,65466,PAY,+,US,2025-09-03,AFETR,,93.85,53.16,463,462,,,EA,ORB
STARLINK-34816,2025-195K,65467,PAY,+,US,2025-09-03,AFETR,,94.01,53.16,472,470,,,EA,ORB
STARLINK-35033,2025-195L,65468,PAY,+,US,2025-09-03,AFETR,,94.01,53.16,472,470,,,EA,ORB
STARLINK-34924,2025-195M,65469,PAY,+,US,2025-09-03,AFETR,,93.85,53.16,464,462,,,EA,ORB
STARLINK-34829,2025-195N,65470,PAY,+,US,2025-09-03,AFETR,,94.01,53.16,472,470,,,EA,ORB
STARLINK-34888,2025-195P,65471,PAY,+,US,2025-09-03,AFETR,,93.85,53.16,464,462,,,EA,ORB
STARLINK-34799,2025-195Q,65472,PAY,+,US,2025-09-03,AFETR,,93.85,53.16,463,462,,,EA,ORB
STARLINK-34762,2025-195R,65473,PAY,+,US,2025-09-03,AFETR,,93.85,53.16,464,462,,,EA,ORB
STARLINK-34998,2025-195S,65474,PAY,+,US,2025-09-03,AFETR,,94.01,53.16,471,470,,,EA,ORB
STARLINK-34832,2025-195T,65475,PAY,+,US,2025-09-03,AFETR,,93.85,53.16,463,462,,,EA,ORB
STARLINK-35098,2025-195U,65476,PAY,+,US,2025-09-03,AFETR,,94.01,53.16,472,470,,,EA,ORB
STARLINK-35071,2025-195V,65477,PAY,+,US,2025-09-03,AFETR,,93.85,53.16,464,462,,,EA,ORB
STARLINK-35093,2025-195W,65478,PAY,+,US,2025-09-03,AFETR,,94.01,53.16,472,470,,,EA,ORB
STARLINK-35096,2025-195X,65479,PAY,+,US,2025-09-03,AFETR,,94.01,53.16,472,470,,,EA,ORB
STARLINK-35040,2025-195Y,65480,PAY,+,US,2025-09-03,AFETR,,93.85,53.16,464,462,,,EA,ORB
STARLINK-35042,2025-195Z,65481,PAY,+,US,2025-09-03,AFETR,,93.85,53.16,463,462,,,EA,ORB
STARLINK-35038,2025-195AA,65482,PAY,+,US,2025-09-03,AFETR,,93.85,53.16,463,462,,,EA,ORB
STARLINK-35037,2025-195AB,65483,PAY,+,US,2025-09-03,AFETR,,93.85,53.16,464,461,,,EA,ORB
STARLINK-35089,2025-195AC,65484,PAY,+,US,2025-09-03,AFETR,,93.85,53.16,463,462,,,EA,ORB
STARLINK-35143,2025-195AD,65485,PAY,+,US,2025-09-03,AFETR,,94.01,53.16,471,470,,,EA,ORB
STARLINK-35226,2025-198A,65492,PAY,+,US,2025-09-05,AFETR,,93.85,53.16,464,462,,,EA,ORB
STARLINK-35242,2025-198B,65493,PAY,+,US,2025-09-05,AFETR,,93.85,53.16,464,462,,,EA,ORB
STARLINK-35223,2025-198C,65494,PAY,+,US,2025-09-05,AFETR,,93.85,53.16,464,462,,,EA,ORB
STARLINK-34446,2025-198D,65495,PAY,+,US,2025-09-05,AFETR,,93.85,53.16,463,462,,,EA,ORB
STARLINK-35212,2025-198E,65496,PAY,+,US,2025-09-05,AFETR,,93.85,53.16,463,462,,,EA,ORB
STARLINK-34455,2025-198F,65497,PAY,+,US,2025-09-05,AFETR,,93.85,53.16,463,462,,,EA,ORB
STARLINK-35203,2025-198G,65498,PAY,+,US,2025-09-05,AFETR,,93.85,53.16,464,462,,,EA,ORB
STARLINK-35166,2025-198H,65499,PAY,+,US,2025-09-05,AFETR,,93.85,53.16,463,462,,,EA,ORB
STARLINK-35207,2025-198J,65500,PAY,+,US,2025-09-05,AFETR,,93.85,53.16,464,462,,,EA,ORB
STARLINK-35140,2025-198K,65501,PAY,+,US,2025-09-05,AFETR,,93.85,53.16,464,462,,,EA,ORB
STARLINK-35114,2025-198L,65502,PAY,+,US,2025-09-05,AFETR,,93.85,53.16,464,462,,,EA,ORB
STARLINK-35126,2025-198M,65503,PAY,+,US,2025-09-05,AFETR,,93.85,53.16,464,461,,,EA,ORB
STARLINK-35182,2025-198N,65504,PAY,+,US,2025-09-05,AFETR,,93.85,53.16,464,462,,,EA,ORB
STARLINK-35072,2025-198P,65505,PAY,+,US,2025-09-05,AFETR,,93.85,53.16,463,462,,,EA,ORB
STARLINK-35184,2025-198Q,65506,PAY,+,US,2025-09-05,AFETR,,93.85,53.16,463,462,,,EA,ORB
STARLINK-35163,2025-198R,65507,PAY,+,US,2025-09-05,AFETR,,93.85,53.16,464,462,,,EA,ORB
STARLINK-35119,2025-198S,65508,PAY,+,US,2025-09-05,AFETR,,93.85,53.16,463,462,,,EA,ORB
STARLINK-35168,2025-198T,65509,PAY,+,US,2025-09-05,AFETR,,93.85,53.16,463,462,,,EA,ORB
STARLINK-35122,2025-198U,65510,PAY,+,US,2025-09-05,AFETR,,93.85,53.16,464,462,,,EA,ORB
STARLINK-35124,2025-198V,65511,PAY,+,US,2025-09-05,AFETR,,93.85,53.16,464,462,,,EA,ORB
STARLINK-35149,2025-198W,65512,PAY,+,US,2025-09-05,AFETR,,93.85,53.16,463,462,,,EA,ORB
STARLINK-35019,2025-198X,65513,PAY,+,US,2025-09-05,AFETR,,93.85,53.16,464,461,,,EA,ORB
STARLINK-35026,2025-198Y,65514,PAY,+,US,2025-09-05,AFETR,,93.85,53.16,464,462,,,EA,ORB
STARLINK-35241,2025-198Z,65515,PAY,+,US,2025-09-05,AFETR,,93.85,53.16,464,462,,,EA,ORB
STARLINK-35216,2025-198AA,65516,PAY,+,US,2025-09-05,AFETR,,93.85,53.16,463,462,,,EA,ORB
STARLINK-35228,2025-198AB,65517,PAY,+,US,2025-09-05,AFETR,,93.85,53.16,464,462,,,EA,ORB
STARLINK-35232,2025-198AC,65518,PAY,+,US,2025-09-05,AFETR,,93.85,53.16,464,462,,,EA,ORB
STARLINK-35164,2025-198AD,65519,PAY,+,US,2025-09-05,AFETR,,93.85,53.16,463,462,,,EA,ORB
STARLINK-35112,2025-200A,65520,PAY,+,US,2025-09-06,AFWTR,,93.91,97.28,466,465,,,EA,ORB
STARLINK-35187,2025-200B,65521,PAY,+,US,2025-09-06,AFWTR,,93.91,97.29,466,465,,,EA,ORB
STARLINK-35188,2025-200C,65522,PAY,+,US,2025-09-06,AFWTR,,93.90,97.28,467,464,,,EA,ORB
STARLINK-35078,2025-200D,65523,PAY,+,US,2025-09-06,AFWTR,,93.91,97.28,466,465,,,EA,ORB
STARLINK-35055,2025-200E,65524,PAY,+,US,2025-09-06,AFWTR,,93.91,97.28,467,464,,,EA,ORB
STARLINK-35057,2025-200F,65525,PAY,+,US,2025-09-06,AFWTR,,93.91,97.28,467,464,,,EA,ORB
STARLINK-34674,2025-200G,65526,PAY,+,US,2025-09-06,AFWTR,,93.91,97.28,467,464,,,EA,ORB
STARLINK-35067,2025-200H,65527,PAY,+,US,2025-09-06,AFWTR,,93.91,97.28,467,465,,,EA,ORB
STARLINK-35063,2025-200J,65528,PAY,+,US,2025-09-06,AFWTR,,93.91,97.28,467,465,,,EA,ORB
STARLINK-35077,2025-200K,65529,PAY,+,US,2025-09-06,AFWTR,,93.91,97.28,466,465,,,EA,ORB
STARLINK-35152,2025-200L,65530,PAY,+,US,2025-09-06,AFWTR,,93.91,97.28,467,464,,,EA,ORB
STARLINK-35064,2025-200M,65531,PAY,+,US,2025-09-06,AFWTR,,93.91,97.28,466,465,,,EA,ORB
STARLINK-35170,2025-200N,65532,PAY,+,US,2025-09-06,AFWTR,,93.91,97.28,466,465,,,EA,ORB
STARLINK-35172,2025-200P,65533,PAY,+,US,2025-09-06,AFWTR,,93.91,97.28,466,465,,,EA,ORB
STARLINK-35125,2025-200Q,65534,PAY,+,US,2025-09-06,AFWTR,,93.91,97.28,466,465,,,EA,ORB
STARLINK-35133,2025-200R,65535,PAY,+,US,2025-09-06,AFWTR,,93.91,97.29,466,465,,,EA,ORB
STARLINK-35044,2025-200S,65536,PAY,+,US,2025-09-06,AFWTR,,93.91,97.29,466,465,,,EA,ORB
STARLINK-35136,2025-200T,65537,PAY,+,US,2025-09-06,AFWTR,,93.91,97.29,467,464,,,EA,ORB
STARLINK-35144,2025-200U,65538,PAY,+,US,2025-09-06,AFWTR,,93.91,97.28,467,464,,,EA,ORB
STARLINK-35110,2025-200V,65539,PAY,+,US,2025-09-06,AFWTR,,93.91,97.28,466,465,,,EA,ORB
STARLINK-35052,2025-200W,65540,PAY,+,US,2025-09-06,AFWTR,,93.91,97.29,467,464,,,EA,ORB
STARLINK-35087,2025-200X,65541,PAY,+,US,2025-09-06,AFWTR,,93.91,97.28,467,465,,,EA,ORB
STARLINK-35100,2025-200Y,65542,PAY,+,US,2025-09-06,AFWTR,,93.91,97.28,467,465,,,EA,ORB
STARLINK-35105,2025-200Z,65543,PAY,+,US,2025-09-06,AFWTR,,93.91,97.28,467,464,,,EA,ORB
STARLINK-35267,2025-207A,65592,PAY,+,US,2025-09-13,AFWTR,,94.82,97.29,511,509,,,EA,ORB
STARLINK-35269,2025-207B,65593,PAY,+,US,2025-09-13,AFWTR,,95.33,97.28,535,534,,,EA,ORB
STARLINK-35191,2025-207C,65594,PAY,+,US,2025-09-13,AFWTR,,95.33,97.28,536,533,,,EA,ORB
STARLINK-35261,2025-207D,65595,PAY,+,US,2025-09-13,AFWTR,,95.33,97.28,535,534,,,EA,ORB
STARLINK-35253,2025-207E,65596,PAY,+,US,2025-09-13,AFWTR,,95.33,97.28,537,532,,,EA,ORB
STARLINK-35263,2025-207F,65597,PAY,+,US,2025-09-13,AFWTR,,95.33,97.28,536,533,,,EA,ORB
STARLINK-35248,2025-207G,65598,PAY,+,US,2025-09-13,AFWTR,,94.96,97.29,517,516,,,EA,ORB
STARLINK-35245,2025-207H,65599,PAY,+,US,2025-09-13,AFWTR,,95.64,97.28,551,548,,,EA,ORB
STARLINK-35229,2025-207J,65600,PAY,+,US,2025-09-13,AFWTR,,94.90,97.28,515,512,,,EA,ORB
STARLINK-35234,2025-207K,65601,PAY,+,US,2025-09-13,AFWTR,,94.74,97.28,507,505,,,EA,ORB
STARLINK-35255,2025-207L,65602,PAY,+,US,2025-09-13,AFWTR,,94.81,97.28,510,509,,,EA,ORB
STARLINK-35250,2025-207M,65603,PAY,+,US,2025-09-13,AFWTR,,95.08,97.28,525,520,,,EA,ORB
STARLINK-35251,2025-207N,65604,PAY,+,US,2025-09-13,AFWTR,,95.33,97.28,536,533,,,EA,ORB
STARLINK-35171,2025-207P,65605,PAY,+,US,2025-09-13,AFWTR,,95.08,97.28,525,521,,,EA,ORB
STARLINK-35195,2025-207Q,65606,PAY,+,US,2025-09-13,AFWTR,,95.33,97.28,536,534,,,EA,ORB
STARLINK-35156,2025-207R,65607,PAY,+,US,2025-09-13,AFWTR,,95.33,97.28,535,534,,,EA,ORB
STARLINK-35185,2025-207S,65608,PAY,+,US,2025-09-13,AFWTR,,95.06,97.28,523,520,,,EA,ORB
STARLINK-35053,2025-207T,65609,PAY,+,US,2025-09-13,AFWTR,,95.33,97.28,536,534,,,EA,ORB
STARLINK-35178,2025-207U,65610,PAY,+,US,2025-09-13,AFWTR,,95.03,97.28,521,519,,,EA,ORB
STARLINK-35186,2025-207V,65611,PAY,+,US,2025-09-13,AFWTR,,95.31,97.28,536,531,,,EA,ORB
STARLINK-35154,2025-207W,65612,PAY,+,US,2025-09-13,AFWTR,,95.33,97.28,536,533,,,EA,ORB
STARLINK-35162,2025-207X,65613,PAY,+,US,2025-09-13,AFWTR,,95.33,97.28,536,534,,,EA,ORB
STARLINK-35206,2025-207Y,65614,PAY,+,US,2025-09-13,AFWTR,,95.33,97.28,535,534,,,EA,ORB
STARLINK-35174,2025-207Z,65615,PAY,+,US,2025-09-13,AFWTR,,95.33,97.28,536,533,,,EA,ORB
STARLINK-35247,2025-210A,65622,PAY,+,US,2025-09-18,AFETR,,93.85,53.16,464,462,,,EA,ORB
STARLINK-35239,2025-210B,65623,PAY,+,US,2025-09-18,AFETR,,93.85,53.16,463,462,,,EA,ORB
STARLINK-35151,2025-210C,65624,PAY,+,US,2025-09-18,AFETR,,93.85,53.16,464,462,,,EA,ORB
STARLINK-35153,2025-210D,65625,PAY,+,US,2025-09-18,AFETR,,93.85,53.16,463,462,,,EA,ORB
STARLINK-35225,2025-210E,65626,PAY,+,US,2025-09-18,AFETR,,93.85,53.16,464,461,,,EA,ORB
STARLINK-35217,2025-210F,65627,PAY,+,US,2025-09-18,AFETR,,93.85,53.16,464,461,,,EA,ORB
STARLINK-35128,2025-210G,65628,PAY,+,US,2025-09-18,AFETR,,93.85,53.16,465,461,,,EA,ORB
STARLINK-35135,2025-210H,65629,PAY,+,US,2025-09-18,AFETR,,93.85,53.16,464,462,,,EA,ORB
STARLINK-34877,2025-210J,65630,PAY,+,US,2025-09-18,AFETR,,93.85,53.16,464,462,,,EA,ORB
STARLINK-35104,2025-210K,65631,PAY,+,US,2025-09-18,AFETR,,93.85,53.16,464,462,,,EA,ORB
STARLINK-35117,2025-210L,65632,PAY,+,US,2025-09-18,AFETR,,93.85,53.16,464,462,,,EA,ORB
STARLINK-35103,2025-210M,65633,PAY,+,US,2025-09-18,AFETR,,93.85,53.16,464,462,,,EA,ORB
STARLINK-35123,2025-210N,65634,PAY,+,US,2025-09-18,AFETR,,94.01,53.16,471,470,,,EA,ORB
STARLINK-35150,2025-210P,65635,PAY,+,US,2025-09-18,AFETR,,93.85,53.16,463,462,,,EA,ORB
STARLINK-35209,2025-210Q,65636,PAY,+,US,2025-09-18,AFETR,,93.85,53.16,464,462,,,EA,ORB
STARLINK-35147,2025-210R,65637,PAY,+,US,2025-09-18,AFETR,,93.85,53.16,463,462,,,EA,ORB
STARLINK-35213,2025-210S,65638,PAY,+,US,2025-09-18,AFETR,,93.85,53.16,464,462,,,EA,ORB
STARLINK-35127,2025-210T,65639,PAY,+,US,2025-09-18,AFETR,,93.85,53.16,463,462,,,EA,ORB
STARLINK-35091,2025-210U,65640,PAY,+,US,2025-09-18,AFETR,,93.85,53.16,464,461,,,EA,ORB
STARLINK-35134,2025-210V,65641,PAY,+,US,2025-09-18,AFETR,,93.85,53.16,463,462,,,EA,ORB
STARLINK-35109,2025-210W,65642,PAY,+,US,2025-09-18,AFETR,,93.85,53.16,463,462,,,EA,ORB
STARLINK-35062,2025-210X,65643,PAY,+,US,2025-09-18,AFETR,,93.85,53.16,463,462,,,EA,ORB
STARLINK-35141,2025-210Y,65644,PAY,+,US,2025-09-18,AFETR,,94.01,53.16,472,470,,,EA,ORB
STARLINK-35237,2025-210Z,65645,PAY,+,US,2025-09-18,AFETR,,93.85,53.16,464,462,,,EA,ORB
STARLINK-35183,2025-210AA,65646,PAY,+,US,2025-09-18,AFETR,,93.85,53.16,464,462,,,EA,ORB
STARLINK-35202,2025-210AB,65647,PAY,+,US,2025-09-18,AFETR,,93.85,53.16,463,462,,,EA,ORB
STARLINK-34868,2025-210AC,65648,PAY,+,US,2025-09-18,AFETR,,93.85,53.16,464,462,,,EA,ORB
STARLINK-35079,2025-210AD,65649,PAY,+,US,2025-09-18,AFETR,,93.85,53.16,464,462,,,EA,ORB
STARLINK-35328,2025-211A,65652,PAY,+,US,2025-09-19,AFWTR,,93.91,97.28,466,465,,,EA,ORB
STARLINK-34210,2025-211B,65653,PAY,+,US,2025-09-19,AFWTR,,93.91,97.28,466,465,,,EA,ORB
STARLINK-35227,2025-211C,65654,PAY,+,US,2025-09-19,AFWTR,,93.91,97.28,466,465,,,EA,ORB
STARLINK-35240,2025-211D,65655,PAY,+,US,2025-09-19,AFWTR,,93.91,97.28,466,465,,,EA,ORB
STARLINK-35344,2025-211E,65656,PAY,+,US,2025-09-19,AFWTR,,93.91,97.28,466,465,,,EA,ORB
STARLINK-34540,2025-211F,65657,PAY,+,US,2025-09-19,AFWTR,,93.91,97.28,467,464,,,EA,ORB
STARLINK-35282,2025-211G,65658,PAY,+,US,2025-09-19,AFWTR,,93.91,97.28,467,465,,,EA,ORB
STARLINK-35120,2025-211H,65659,PAY,+,US,2025-09-19,AFWTR,,93.91,97.28,466,465,,,EA,ORB
STARLINK-35246,2025-211J,65660,PAY,+,US,2025-09-19,AFWTR,,93.91,97.28,466,465,,,EA,ORB
STARLINK-35220,2025-211K,65661,PAY,+,US,2025-09-19,AFWTR,,93.91,97.28,467,464,,,EA,ORB
STARLINK-35176,2025-211L,65662,PAY,+,US,2025-09-19,AFWTR,,93.91,97.28,466,465,,,EA,ORB
STARLINK-35190,2025-211M,65663,PAY,+,US,2025-09-19,AFWTR,,93.91,97.28,467,464,,,EA,ORB
STARLINK-35201,2025-211N,65664,PAY,+,US,2025-09-19,AFWTR,,93.91,97.28,466,465,,,EA,ORB
STARLINK-35115,2025-211P,65665,PAY,+,US,2025-09-19,AFWTR,,93.91,97.28,467,464,,,EA,ORB
STARLINK-35181,2025-211Q,65666,PAY,+,US,2025-09-19,AFWTR,,93.91,97.28,467,464,,,EA,ORB
STARLINK-35361,2025-211R,65667,PAY,+,US,2025-09-19,AFWTR,,93.91,97.28,466,465,,,EA,ORB
STARLINK-35351,2025-211S,65668,PAY,+,US,2025-09-19,AFWTR,,93.91,97.28,467,464,,,EA,ORB
STARLINK-35353,2025-211T,65669,PAY,+,US,2025-09-19,AFWTR,,93.91,97.28,466,465,,,EA,ORB
STARLINK-35359,2025-211U,65670,PAY,+,US,2025-09-19,AFWTR,,93.91,97.28,467,464,,,EA,ORB
STARLINK-35194,2025-211V,65671,PAY,+,US,2025-09-19,AFWTR,,93.91,97.28,466,465,,,EA,ORB
STARLINK-35198,2025-211W,65672,PAY,+,US,2025-09-19,AFWTR,,93.91,97.28,466,465,,,EA,ORB
STARLINK-35177,2025-211X,65673,PAY,+,US,2025-09-19,AFWTR,,93.91,97.28,466,465,,,EA,ORB
STARLINK-35254,2025-211Y,65674,PAY,+,US,2025-09-19,AFWTR,,93.91,97.28,466,465,,,EA,ORB
STARLINK-34749,2025-211Z,65675,PAY,+,US,2025-09-19,AFWTR,,93.90,97.28,466,465,,,EA,ORB
STARLINK-35189,2025-212A,65676,PAY,+,US,2025-09-21,AFETR,,94.01,53.16,472,470,,,EA,ORB
STARLINK-35222,2025-212B,65677,PAY,+,US,2025-09-21,AFETR,,93.85,53.16,463,462,,,EA,ORB
STARLINK-35233,2025-212C,65678,PAY,+,US,2025-09-21,AFETR,,94.01,53.16,472,470,,,EA,ORB
STARLINK-35205,2025-212D,65679,PAY,+,US,2025-09-21,AFETR,,93.85,53.16,464,462,,,EA,ORB
STARLINK-35070,2025-212E,65680,PAY,+,US,2025-09-21,AFETR,,94.01,53.16,472,470,,,EA,ORB
STARLINK-35230,2025-212F,65681,PAY,+,US,2025-09-21,AFETR,,93.85,53.16,464,462,,,EA,ORB
STARLINK-35235,2025-212G,65682,PAY,+,US,2025-09-21,AFETR,,93.85,53.16,463,462,,,EA,ORB
STARLINK-34886,2025-212H,65683,PAY,+,US,2025-09-21,AFETR,,94.01,53.16,472,470,,,EA,ORB
STARLINK-34795,2025-212J,65684,PAY,+,US,2025-09-21,AFETR,,93.85,53.16,464,462,,,EA,ORB
STARLINK-35145,2025-212K,65685,PAY,+,US,2025-09-21,AFETR,,93.85,53.16,463,462,,,EA,ORB
STARLINK-35137,2025-212L,65686,PAY,+,US,2025-09-21,AFETR,,93.85,53.16,463,462,,,EA,ORB
STARLINK-34856,2025-212M,65687,PAY,+,US,2025-09-21,AFETR,,94.01,53.16,472,470,,,EA,ORB
STARLINK-34930,2025-212N,65688,PAY,+,US,2025-09-21,AFETR,,94.01,53.16,473,468,,,EA,ORB
STARLINK-34875,2025-212P,65689,PAY,+,US,2025-09-21,AFETR,,93.85,53.16,464,461,,,EA,ORB
STARLINK-34790,2025-212Q,65690,PAY,+,US,2025-09-21,AFETR,,93.85,53.16,465,461,,,EA,ORB
STARLINK-34691,2025-212R,65691,PAY,+,US,2025-09-21,AFETR,,93.85,53.16,464,462,,,EA,ORB
STARLINK-34825,2025-212S,65692,PAY,+,US,2025-09-21,AFETR,,93.85,53.16,464,462,,,EA,ORB
STARLINK-35060,2025-212T,65693,PAY,+,US,2025-09-21,AFETR,,93.85,53.16,463,462,,,EA,ORB
STARLINK-35204,2025-212U,65694,PAY,+,US,2025-09-21,AFETR,,93.85,53.16,464,461,,,EA,ORB
STARLINK-35221,2025-212V,65695,PAY,+,US,2025-09-21,AFETR,,94.01,53.16,473,469,,,EA,ORB
STARLINK-34734,2025-212W,65696,PAY,+,US,2025-09-21,AFETR,,94.01,53.16,471,470,,,EA,ORB
STARLINK-35113,2025-212X,65697,PAY,+,US,2025-09-21,AFETR,,93.85,53.16,463,462,,,EA,ORB
STARLINK-35090,2025-212Y,65698,PAY,+,US,2025-09-21,AFETR,,93.85,53.16,465,461,,,EA,ORB
STARLINK-35086,2025-212Z,65699,PAY,+,US,2025-09-21,AFETR,,94.01,53.16,472,470,,,EA,ORB
STARLINK-35101,2025-212AA,65700,PAY,+,US,2025-09-21,AFETR,,93.85,53.16,463,462,,,EA,ORB
STARLINK-35046,2025-212AB,65701,PAY,+,US,2025-09-21,AFETR,,93.85,53.16,463,462,,,EA,ORB
STARLINK-35075,2025-212AC,65702,PAY,+,US,2025-09-21,AFETR,,94.01,53.16,472,470,,,EA,ORB
STARLINK-34839,2025-212AD,65703,PAY,+,US,2025-09-21,AFETR,,94.01,53.16,472,470,,,EA,ORB
STARLINK-34086,2025-216A,65734,PAY,+,US,2025-09-25,AFETR,,93.85,53.16,463,462,,,EA,ORB
STARLINK-35099,2025-216B,65735,PAY,+,US,2025-09-25,AFETR,,93.85,53.16,463,462,,,EA,ORB
STARLINK-35167,2025-216C,65736,PAY,+,US,2025-09-25,AFETR,,93.85,53.16,464,462,,,EA,ORB
STARLINK-35121,2025-216D,65737,PAY,+,US,2025-09-25,AFETR,,93.85,53.16,463,462,,,EA,ORB
STARLINK-35108,2025-216E,65738,PAY,+,US,2025-09-25,AFETR,,93.85,53.16,464,462,,,EA,ORB
STARLINK-35106,2025-216F,65739,PAY,+,US,2025-09-25,AFETR,,93.85,53.16,463,462,,,EA,ORB
STARLINK-35130,2025-216G,65740,PAY,+,US,2025-09-25,AFETR,,93.85,53.16,463,462,,,EA,ORB
STARLINK-35284,2025-216H,65741,PAY,+,US,2025-09-25,AFETR,,93.85,53.16,464,462,,,EA,ORB
STARLINK-35316,2025-216J,65742,PAY,+,US,2025-09-25,AFETR,,93.85,53.16,463,462,,,EA,ORB
STARLINK-35319,2025-216K,65743,PAY,+,US,2025-09-25,AFETR,,93.85,53.16,464,462,,,EA,ORB
STARLINK-35173,2025-216L,65744,PAY,+,US,2025-09-25,AFETR,,93.85,53.16,464,462,,,EA,ORB
STARLINK-34808,2025-216M,65745,PAY,+,US,2025-09-25,AFETR,,93.85,53.16,463,462,,,EA,ORB
STARLINK-34704,2025-216N,65746,PAY,+,US,2025-09-25,AFETR,,93.85,53.16,464,462,,,EA,ORB
STARLINK-35214,2025-216P,65747,PAY,+,US,2025-09-25,AFETR,,93.85,53.16,463,462,,,EA,ORB
STARLINK-35265,2025-216Q,65748,PAY,+,US,2025-09-25,AFETR,,93.85,53.16,464,462,,,EA,ORB
STARLINK-35288,2025-216R,65749,PAY,+,US,2025-09-25,AFETR,,93.85,53.16,464,462,,,EA,ORB
STARLINK-35165,2025-216S,65750,PAY,+,US,2025-09-25,AFETR,,93.85,53.16,464,462,,,EA,ORB
STARLINK-35260,2025-216T,65751,PAY,+,US,2025-09-25,AFETR,,93.85,53.16,464,461,,,EA,ORB
STARLINK-34893,2025-216U,65752,PAY,+,US,2025-09-25,AFETR,,93.85,53.16,464,462,,,EA,ORB
STARLINK-34894,2025-216V,65753,PAY,+,US,2025-09-25,AFETR,,93.85,53.16,464,462,,,EA,ORB
STARLINK-35287,2025-216W,65754,PAY,+,US,2025-09-25,AFETR,,93.85,53.16,463,462,,,EA,ORB
STARLINK-35294,2025-216X,65755,PAY,+,US,2025-09-25,AFETR,,93.85,53.16,464,462,,,EA,ORB
STARLINK-35275,2025-216Y,65756,PAY,+,US,2025-09-25,AFETR,,93.85,53.16,464,461,,,EA,ORB
STARLINK-35211,2025-216Z,65757,PAY,+,US,2025-09-25,AFETR,,93.85,53.16,464,462,,,EA,ORB
STARLINK-35313,2025-216AA,65758,PAY,+,US,2025-09-25,AFETR,,93.85,53.16,464,462,,,EA,ORB
STARLINK-34692,2025-216AB,65759,PAY,+,US,2025-09-25,AFETR,,93.85,53.16,463,462,,,EA,ORB
STARLINK-34890,2025-216AC,65760,PAY,+,US,2025-09-25,AFETR,,93.85,53.16,464,462,,,EA,ORB
STARLINK-34889,2025-216AD,65761,PAY,+,US,2025-09-25,AFETR,,93.85,53.16,463,462,,,EA,ORB
STARLINK-35330,2025-218A,65791,PAY,+,US,2025-09-26,AFWTR,,93.91,97.28,467,464,,,EA,ORB
STARLINK-35373,2025-218B,65792,PAY,+,US,2025-09-26,AFWTR,,93.91,97.29,466,465,,,EA,ORB
STARLINK-35383,2025-218C,65793,PAY,+,US,2025-09-26,AFWTR,,93.91,97.28,467,464,,,EA,ORB
STARLINK-35378,2025-218D,65794,PAY,+,US,2025-09-26,AFWTR,,93.91,97.28,467,464,,,EA,ORB
STARLINK-35406,2025-218E,65795,PAY,+,US,2025-09-26,AFWTR,,93.91,97.28,466,465,,,EA,ORB
STARLINK-35390,2025-218F,65796,PAY,+,US,2025-09-26,AFWTR,,93.91,97.28,467,465,,,EA,ORB
STARLINK-35412,2025-218G,65797,PAY,+,US,2025-09-26,AFWTR,,93.91,97.28,467,464,,,EA,ORB
STARLINK-35414,2025-218H,65798,PAY,+,US,2025-09-26,AFWTR,,93.91,97.28,467,464,,,EA,ORB
STARLINK-35357,2025-218J,65799,PAY,+,US,2025-09-26,AFWTR,,93.91,97.28,467,464,,,EA,ORB
STARLINK-35300,2025-218K,65800,PAY,+,US,2025-09-26,AFWTR,,93.91,97.28,466,465,,,EA,ORB
STARLINK-35296,2025-218L,65801,PAY,+,US,2025-09-26,AFWTR,,93.91,97.28,467,464,,,EA,ORB
STARLINK-34919,2025-218M,65802,PAY,+,US,2025-09-26,AFWTR,,93.91,97.28,467,464,,,EA,ORB
STARLINK-35286,2025-218N,65803,PAY,+,US,2025-09-26,AFWTR,,93.91,97.28,467,464,,,EA,ORB
STARLINK-35266,2025-218P,65804,PAY,+,US,2025-09-26,AFWTR,,93.91,97.28,467,464,,,EA,ORB
STARLINK-35273,2025-218Q,65805,PAY,+,US,2025-09-26,AFWTR,,93.91,97.28,467,464,,,EA,ORB
STARLINK-35047,2025-218R,65806,PAY,+,US,2025-09-26,AFWTR,,93.91,97.28,467,465,,,EA,ORB
STARLINK-35285,2025-218S,65807,PAY,+,US,2025-09-26,AFWTR,,93.91,97.28,467,464,,,EA,ORB
STARLINK-34580,2025-218T,65808,PAY,+,US,2025-09-26,AFWTR,,93.91,97.28,467,464,,,EA,ORB
STARLINK-35289,2025-218U,65809,PAY,+,US,2025-09-26,AFWTR,,93.91,97.28,467,464,,,EA,ORB
STARLINK-35268,2025-218V,65810,PAY,+,US,2025-09-26,AFWTR,,93.91,97.28,468,463,,,EA,ORB
STARLINK-35224,2025-218W,65811,PAY,+,US,2025-09-26,AFWTR,,93.91,97.28,467,464,,,EA,ORB
STARLINK-35271,2025-218X,65812,PAY,+,US,2025-09-26,AFWTR,,93.90,97.28,468,463,,,EA,ORB
STARLINK-35215,2025-218Y,65813,PAY,+,US,2025-09-26,AFWTR,,93.91,97.28,467,464,,,EA,ORB
STARLINK-35157,2025-218Z,65814,PAY,+,US,2025-09-26,AFWTR,,93.91,97.28,467,464,,,EA,ORB
STARLINK-35392,2025-221A,65823,PAY,+,US,2025-09-29,AFWTR,,93.85,53.16,464,462,,,EA,ORB
STARLINK-35281,2025-221B,65824,PAY,+,US,2025-09-29,AFWTR,,93.85,53.16,463,462,,,EA,ORB
STARLINK-35397,2025-221C,65825,PAY,+,US,2025-09-29,AFWTR,,93.85,53.16,463,462,,,EA,ORB
STARLINK-35381,2025-221D,65826,PAY,+,US,2025-09-29,AFWTR,,93.85,53.16,464,462,,,EA,ORB
STARLINK-35393,2025-221E,65827,PAY,+,US,2025-09-29,AFWTR,,93.85,53.16,464,462,,,EA,ORB
STARLINK-35396,2025-221F,65828,PAY,+,US,2025-09-29,AFWTR,,93.85,53.16,464,462,,,EA,ORB
STARLINK-35244,2025-221G,65829,PAY,+,US,2025-09-29,AFWTR,,94.01,53.16,472,470,,,EA,ORB
STARLINK-35368,2025-221H,65830,PAY,+,US,2025-09-29,AFWTR,,93.85,53.16,464,462,,,EA,ORB
STARLINK-35337,2025-221J,65831,PAY,+,US,2025-09-29,AFWTR,,93.85,53.16,464,462,,,EA,ORB
STARLINK-35277,2025-221K,65832,PAY,+,US,2025-09-29,AFWTR,,93.85,53.16,463,462,,,EA,ORB
STARLINK-35345,2025-221L,65833,PAY,+,US,2025-09-29,AFWTR,,93.85,53.16,463,462,,,EA,ORB
STARLINK-35320,2025-221M,65834,PAY,+,US,2025-09-29,AFWTR,,93.85,53.16,463,462,,,EA,ORB
STARLINK-35349,2025-221N,65835,PAY,+,US,2025-09-29,AFWTR,,93.85,53.16,463,462,,,EA,ORB
STARLINK-35356,2025-221P,65836,PAY,+,US,2025-09-29,AFWTR,,93.85,53.16,463,462,,,EA,ORB
STARLINK-35314,2025-221Q,65837,PAY,+,US,2025-09-29,AFWTR,,93.85,53.16,463,462,,,EA,ORB
STARLINK-35324,2025-221R,65838,PAY,+,US,2025-09-29,AFWTR,,93.85,53.16,463,462,,,EA,ORB
STARLINK-35102,2025-221S,65839,PAY,+,US,2025-09-29,AFWTR,,93.85,53.16,464,462,,,EA,ORB
STARLINK-35364,2025-221T,65840,PAY,+,US,2025-09-29,AFWTR,,93.85,53.16,464,462,,,EA,ORB
STARLINK-35298,2025-221V,65842,PAY,+,US,2025-09-29,AFWTR,,93.85,53.16,464,462,,,EA,ORB
STARLINK-35301,2025-221W,65843,PAY,+,US,2025-09-29,AFWTR,,93.85,53.16,463,462,,,EA,ORB
STARLINK-35148,2025-221X,65844,PAY,+,US,2025-09-29,AFWTR,,93.85,53.16,464,462,,,EA,ORB
STARLINK-35302,2025-221Y,65845,PAY,+,US,2025-09-29,AFWTR,,93.85,53.16,463,462,,,EA,ORB
STARLINK-35290,2025-221Z,65846,PAY,+,US,2025-09-29,AFWTR,,93.85,53.16,464,462,,,EA,ORB
STARLINK-35262,2025-221AA,65847,PAY,+,US,2025-09-29,AFWTR,,93.85,53.16,464,462,,,EA,ORB
STARLINK-35308,2025-221AB,65848,PAY,+,US,2025-09-29,AFWTR,,93.85,53.16,463,462,,,EA,ORB
STARLINK-35231,2025-221AC,65849,PAY,+,US,2025-09-29,AFWTR,,93.85,53.16,463,462,,,EA,ORB
STARLINK-35252,2025-221AD,65850,PAY,+,US,2025-09-29,AFWTR,,93.85,53.16,463,462,,,EA,ORB
STARLINK-35208,2025-223A,65854,PAY,+,US,2025-10-03,AFWTR,,93.85,53.16,464,461,,,EA,ORB
STARLINK-35200,2025-223B,65855,PAY,+,US,2025-10-03,AFWTR,,93.85,53.16,463,462,,,EA,ORB
STARLINK-35459,2025-223C,65856,PAY,+,US,2025-10-03,AFWTR,,93.85,53.16,464,461,,,EA,ORB
STARLINK-35489,2025-223D,65857,PAY,+,US,2025-10-03,AFWTR,,93.85,53.16,464,462,,,EA,ORB
STARLINK-35199,2025-223E,65858,PAY,+,US,2025-10-03,AFWTR,,93.85,53.16,463,462,,,EA,ORB
STARLINK-35408,2025-223F,65859,PAY,+,US,2025-10-03,AFWTR,,93.85,53.16,464,462,,,EA,ORB
STARLINK-35303,2025-223G,65860,PAY,+,US,2025-10-03,AFWTR,,93.85,53.16,463,463,,,EA,ORB
STARLINK-35258,2025-223H,65861,PAY,+,US,2025-10-03,AFWTR,,93.85,53.16,464,462,,,EA,ORB
STARLINK-35386,2025-223J,65862,PAY,+,US,2025-10-03,AFWTR,,93.85,53.16,463,462,,,EA,ORB
STARLINK-35469,2025-223K,65863,PAY,+,US,2025-10-03,AFWTR,,93.85,53.16,464,462,,,EA,ORB
STARLINK-35471,2025-223L,65864,PAY,+,US,2025-10-03,AFWTR,,93.85,53.16,463,462,,,EA,ORB
STARLINK-35475,2025-223M,65865,PAY,+,US,2025-10-03,AFWTR,,93.85,53.16,464,461,,,EA,ORB
STARLINK-35312,2025-223N,65866,PAY,+,US,2025-10-03,AFWTR,,93.85,53.16,464,462,,,EA,ORB
STARLINK-35456,2025-223P,65867,PAY,+,US,2025-10-03,AFWTR,,93.85,53.16,464,462,,,EA,ORB
STARLINK-35450,2025-223Q,65868,PAY,+,US,2025-10-03,AFWTR,,93.85,53.16,465,461,,,EA,ORB
STARLINK-35441,2025-223R,65869,PAY,+,US,2025-10-03,AFWTR,,93.85,53.16,465,461,,,EA,ORB
STARLINK-35433,2025-223S,65870,PAY,+,US,2025-10-03,AFWTR,,93.85,53.16,465,461,,,EA,ORB
STARLINK-35465,2025-223T,65871,PAY,+,US,2025-10-03,AFWTR,,93.85,53.16,464,462,,,EA,ORB
STARLINK-34108,2025-223U,65872,PAY,+,US,2025-10-03,AFWTR,,93.85,53.16,463,463,,,EA,ORB
STARLINK-35423,2025-223V,65873,PAY,+,US,2025-10-03,AFWTR,,93.85,53.16,463,462,,,EA,ORB
STARLINK-35425,2025-223W,65874,PAY,+,US,2025-10-03,AFWTR,,93.85,53.16,463,462,,,EA,ORB
STARLINK-34688,2025-223X,65875,PAY,+,US,2025-10-03,AFWTR,,93.85,53.16,464,461,,,EA,ORB
STARLINK-34438,2025-223Y,65876,PAY,+,US,2025-10-03,AFWTR,,93.85,53.16,464,462,,,EA,ORB
STARLINK-35462,2025-223Z,65877,PAY,+,US,2025-10-03,AFWTR,,93.85,53.16,463,462,,,EA,ORB
STARLINK-35453,2025-223AA,65878,PAY,+,US,2025-10-03,AFWTR,,93.85,53.16,464,462,,,EA,ORB
STARLINK-35418,2025-223AB,65879,PAY,+,US,2025-10-03,AFWTR,,93.85,53.16,464,462,,,EA,ORB
STARLINK-35445,2025-223AC,65880,PAY,+,US,2025-10-03,AFWTR,,93.85,53.16,463,462,,,EA,ORB
STARLINK-35464,2025-223AD,65881,PAY,+,US,2025-10-03,AFWTR,,93.85,53.16,463,462,,,EA,ORB
STARLINK-35270,2025-224A,65882,PAY,+,US,2025-10-07,AFETR,,93.85,53.16,464,462,,,EA,ORB
STARLINK-35367,2025-224B,65883,PAY,+,US,2025-10-07,AFETR,,93.85,53.16,464,462,,,EA,ORB
STARLINK-35384,2025-224C,65884,PAY,+,US,2025-10-07,AFETR,,93.85,53.16,464,461,,,EA,ORB
STARLINK-35415,2025-224D,65885,PAY,+,US,2025-10-07,AFETR,,93.85,53.16,463,462,,,EA,ORB
STARLINK-35413,2025-224E,65886,PAY,+,US,2025-10-07,AFETR,,93.85,53.16,464,462,,,EA,ORB
STARLINK-35332,2025-224F,65887,PAY,+,US,2025-10-07,AFETR,,93.85,53.16,463,462,,,EA,ORB
STARLINK-35362,2025-224G,65888,PAY,+,US,2025-10-07,AFETR,,93.85,53.16,464,462,,,EA,ORB
STARLINK-35193,2025-224H,65889,PAY,+,US,2025-10-07,AFETR,,93.85,53.16,464,462,,,EA,ORB
STARLINK-34542,2025-224J,65890,PAY,+,US,2025-10-07,AFETR,,93.85,53.16,464,462,,,EA,ORB
STARLINK-34791,2025-224K,65891,PAY,+,US,2025-10-07,AFETR,,93.85,53.16,464,462,,,EA,ORB
STARLINK-34853,2025-224L,65892,PAY,+,US,2025-10-07,AFETR,,93.85,53.16,464,462,,,EA,ORB
STARLINK-34921,2025-224M,65893,PAY,+,US,2025-10-07,AFETR,,93.85,53.16,464,462,,,EA,ORB
STARLINK-34672,2025-224N,65894,PAY,+,US,2025-10-07,AFETR,,93.85,53.16,464,462,,,EA,ORB
STARLINK-34898,2025-224P,65895,PAY,+,US,2025-10-07,AFETR,,93.85,53.16,464,462,,,EA,ORB
STARLINK-34906,2025-224Q,65896,PAY,+,US,2025-10-07,AFETR,,94.01,53.16,471,470,,,EA,ORB
STARLINK-34934,2025-224R,65897,PAY,+,US,2025-10-07,AFETR,,93.85,53.16,464,461,,,EA,ORB
STARLINK-34936,2025-224S,65898,PAY,+,US,2025-10-07,AFETR,,93.85,53.16,463,462,,,EA,ORB
STARLINK-35272,2025-224T,65899,PAY,+,US,2025-10-07,AFETR,,93.85,53.16,463,462,,,EA,ORB
STARLINK-35264,2025-224U,65900,PAY,+,US,2025-10-07,AFETR,,93.85,53.16,464,462,,,EA,ORB
STARLINK-35249,2025-224V,65901,PAY,+,US,2025-10-07,AFETR,,93.85,53.16,463,462,,,EA,ORB
STARLINK-35278,2025-224W,65902,PAY,+,US,2025-10-07,AFETR,,93.85,53.16,463,462,,,EA,ORB
STARLINK-35210,2025-224X,65903,PAY,+,US,2025-10-07,AFETR,,93.85,53.16,464,462,,,EA,ORB
STARLINK-35348,2025-224Y,65904,PAY,+,US,2025-10-07,AFETR,,93.85,53.16,464,462,,,EA,ORB
STARLINK-35380,2025-224Z,65905,PAY,+,US,2025-10-07,AFETR,,93.85,53.16,463,462,,,EA,ORB
STARLINK-35385,2025-224AA,65906,PAY,+,US,2025-10-07,AFETR,,93.85,53.16,464,461,,,EA,ORB
STARLINK-35347,2025-224AB,65907,PAY,+,US,2025-10-07,AFETR,,93.85,53.16,463,462,,,EA,ORB
STARLINK-35329,2025-224AC,65908,PAY,+,US,2025-10-07,AFETR,,93.85,53.16,464,462,,,EA,ORB
STARLINK-35387,2025-224AD,65909,PAY,+,US,2025-10-07,AFETR,,93.85,53.16,464,462,,,EA,ORB
STARLINK-35523,2025-225A,65910,PAY,+,US,2025-10-08,AFWTR,,93.85,53.16,464,461,,,EA,ORB
STARLINK-35160,2025-225B,65911,PAY,+,US,2025-10-08,AFWTR,,93.85,53.16,464,462,,,EA,ORB
STARLINK-35508,2025-225C,65912,PAY,+,US,2025-10-08,AFWTR,,93.85,53.16,464,462,,,EA,ORB
STARLINK-35472,2025-225D,65913,PAY,+,US,2025-10-08,AFWTR,,93.85,53.16,464,462,,,EA,ORB
STARLINK-35524,2025-225E,65914,PAY,+,US,2025-10-08,AFWTR,,93.85,53.16,463,462,,,EA,ORB
STARLINK-35539,2025-225F,65915,PAY,+,US,2025-10-08,AFWTR,,93.85,53.16,464,462,,,EA,ORB
STARLINK-35521,2025-225G,65916,PAY,+,US,2025-10-08,AFWTR,,93.85,53.16,464,462,,,EA,ORB
STARLINK-35478,2025-225H,65917,PAY,+,US,2025-10-08,AFWTR,,93.85,53.16,464,462,,,EA,ORB
STARLINK-35516,2025-225J,65918,PAY,+,US,2025-10-08,AFWTR,,93.85,53.16,464,461,,,EA,ORB
STARLINK-35519,2025-225K,65919,PAY,+,US,2025-10-08,AFWTR,,93.85,53.16,464,462,,,EA,ORB
STARLINK-33902,2025-225L,65920,PAY,+,US,2025-10-08,AFWTR,,93.85,53.16,463,462,,,EA,ORB
STARLINK-35530,2025-225M,65921,PAY,+,US,2025-10-08,AFWTR,,93.85,53.16,463,462,,,EA,ORB
STARLINK-35544,2025-225N,65922,PAY,+,US,2025-10-08,AFWTR,,93.85,53.16,463,462,,,EA,ORB
STARLINK-35484,2025-225P,65923,PAY,+,US,2025-10-08,AFWTR,,93.85,53.16,463,462,,,EA,ORB
STARLINK-34994,2025-225Q,65924,PAY,+,US,2025-10-08,AFWTR,,93.85,53.16,464,462,,,EA,ORB
STARLINK-35458,2025-225R,65925,PAY,+,US,2025-10-08,AFWTR,,93.85,53.16,464,461,,,EA,ORB
STARLINK-35492,2025-225S,65926,PAY,+,US,2025-10-08,AFWTR,,93.85,53.16,463,462,,,EA,ORB
STARLINK-35494,2025-225T,65927,PAY,+,US,2025-10-08,AFWTR,,93.85,53.16,463,462,,,EA,ORB
STARLINK-35493,2025-225U,65928,PAY,+,US,2025-10-08,AFWTR,,93.85,53.16,465,460,,,EA,ORB
STARLINK-35175,2025-225V,65929,PAY,+,US,2025-10-08,AFWTR,,93.85,53.16,463,462,,,EA,ORB
STARLINK-35513,2025-225W,65930,PAY,+,US,2025-10-08,AFWTR,,93.85,53.16,464,462,,,EA,ORB
STARLINK-35526,2025-225X,65931,PAY,+,US,2025-10-08,AFWTR,,93.85,53.16,464,462,,,EA,ORB
STARLINK-35436,2025-225Y,65932,PAY,+,US,2025-10-08,AFWTR,,93.85,53.16,464,461,,,EA,ORB
STARLINK-35192,2025-225Z,65933,PAY,+,US,2025-10-08,AFWTR,,93.85,53.16,463,462,,,EA,ORB
STARLINK-33921,2025-225AA,65934,PAY,+,US,2025-10-08,AFWTR,,93.85,53.16,464,462,,,EA,ORB
STARLINK-35155,2025-225AB,65935,PAY,+,US,2025-10-08,AFWTR,,93.85,53.16,464,462,,,EA,ORB
STARLINK-35161,2025-225AC,65936,PAY,+,US,2025-10-08,AFWTR,,93.85,53.16,464,462,,,EA,ORB
STARLINK-35473,2025-225AD,65937,PAY,+,US,2025-10-08,AFWTR,,93.85,53.16,464,462,,,EA,ORB
STARLINK-34849,2025-232A,66005,PAY,+,US,2025-10-16,AFETR,,93.85,53.16,463,462,,,EA,ORB
STARLINK-35336,2025-232B,66006,PAY,+,US,2025-10-16,AFETR,,93.85,53.16,464,461,,,EA,ORB
STARLINK-35196,2025-232C,66007,PAY,+,US,2025-10-16,AFETR,,93.85,53.16,464,462,,,EA,ORB
STARLINK-35236,2025-232D,66008,PAY,+,US,2025-10-16,AFETR,,93.85,53.16,464,462,,,EA,ORB
STARLINK-35276,2025-232E,66009,PAY,+,US,2025-10-16,AFETR,,93.85,53.16,463,462,,,EA,ORB
STARLINK-35297,2025-232F,66010,PAY,+,US,2025-10-16,AFETR,,93.85,53.16,463,462,,,EA,ORB
STARLINK-35256,2025-232G,66011,PAY,+,US,2025-10-16,AFETR,,93.85,53.16,464,462,,,EA,ORB
STARLINK-35293,2025-232H,66012,PAY,+,US,2025-10-16,AFETR,,93.85,53.16,464,462,,,EA,ORB
STARLINK-35307,2025-232J,66013,PAY,+,US,2025-10-16,AFETR,,93.85,53.16,464,462,,,EA,ORB
STARLINK-35395,2025-232K,66014,PAY,+,US,2025-10-16,AFETR,,93.85,53.16,463,462,,,EA,ORB
STARLINK-34622,2025-232L,66015,PAY,+,US,2025-10-16,AFETR,,93.85,53.16,463,462,,,EA,ORB
STARLINK-35243,2025-232M,66016,PAY,+,US,2025-10-16,AFETR,,93.85,53.16,463,462,,,EA,ORB
STARLINK-35398,2025-232N,66017,PAY,+,US,2025-10-16,AFETR,,93.85,53.16,463,462,,,EA,ORB
STARLINK-35376,2025-232P,66018,PAY,+,US,2025-10-16,AFETR,,93.85,53.16,463,462,,,EA,ORB
STARLINK-35382,2025-232Q,66019,PAY,+,US,2025-10-16,AFETR,,93.85,53.16,464,462,,,EA,ORB
STARLINK-35430,2025-232R,66020,PAY,+,US,2025-10-16,AFETR,,93.85,53.16,463,462,,,EA,ORB
STARLINK-35432,2025-232S,66021,PAY,+,US,2025-10-16,AFETR,,93.85,53.16,465,461,,,EA,ORB
STARLINK-35340,2025-232T,66022,PAY,+,US,2025-10-16,AFETR,,93.85,53.16,463,462,,,EA,ORB
STARLINK-35394,2025-232U,66023,PAY,+,US,2025-10-16,AFETR,,93.85,53.16,464,461,,,EA,ORB
STARLINK-35410,2025-232V,66024,PAY,+,US,2025-10-16,AFETR,,93.85,53.16,463,462,,,EA,ORB
STARLINK-35280,2025-232W,66025,PAY,+,US,2025-10-16,AFETR,,93.85,53.16,463,462,,,EA,ORB
STARLINK-34812,2025-232X,66026,PAY,+,US,2025-10-16,AFETR,,93.85,53.16,464,462,,,EA,ORB
STARLINK-35341,2025-232Y,66027,PAY,+,US,2025-10-16,AFETR,,93.85,53.16,463,462,,,EA,ORB
STARLINK-35339,2025-232Z,66028,PAY,+,US,2025-10-16,AFETR,,93.85,53.16,463,462,,,EA,ORB
STARLINK-35399,2025-232AA,66029,PAY,+,US,2025-10-16,AFETR,,93.85,53.16,464,462,,,EA,ORB
STARLINK-35431,2025-232AB,66030,PAY,+,US,2025-10-16,AFETR,,93.85,53.16,463,462,,,EA,ORB
STARLINK-35326,2025-232AC,66031,PAY,+,US,2025-10-16,AFETR,,93.85,53.16,463,462,,,EA,ORB
STARLINK-35311,2025-232AD,66032,PAY,+,US,2025-10-16,AFETR,,93.85,53.16,463,462,,,EA,ORB
STARLINK-35552,2025-235A,66058,PAY,+,US,2025-10-19,AFETR,,93.85,53.15,464,461,,,EA,ORB
STARLINK-35560,2025-235B,66059,PAY,+,US,2025-10-19,AFETR,,93.85,53.16,463,462,,,EA,ORB
STARLINK-35558,2025-235C,66060,PAY,+,US,2025-10-19,AFETR,,93.85,53.16,463,462,,,EA,ORB
STARLINK-35566,2025-235D,66061,PAY,+,US,2025-10-19,AFETR,,93.85,53.16,463,462,,,EA,ORB
STARLINK-35421,2025-235E,66062,PAY,+,US,2025-10-19,AFETR,,93.85,53.16,464,462,,,EA,ORB
STARLINK-35562,2025-235F,66063,PAY,+,US,2025-10-19,AFETR,,93.85,53.16,463,462,,,EA,ORB
STARLINK-35542,2025-235G,66064,PAY,+,US,2025-10-19,AFETR,,93.85,53.16,464,462,,,EA,ORB
STARLINK-35375,2025-235H,66065,PAY,+,US,2025-10-19,AFETR,,93.85,53.16,463,462,,,EA,ORB
STARLINK-35179,2025-235J,66066,PAY,+,US,2025-10-19,AFETR,,93.85,53.16,463,462,,,EA,ORB
STARLINK-35401,2025-235K,66067,PAY,+,US,2025-10-19,AFETR,,93.85,53.16,463,463,,,EA,ORB
STARLINK-35422,2025-235L,66068,PAY,+,US,2025-10-19,AFETR,,93.85,53.16,463,462,,,EA,ORB
STARLINK-35279,2025-235M,66069,PAY,+,US,2025-10-19,AFETR,,93.85,53.16,463,462,,,EA,ORB
STARLINK-35295,2025-235N,66070,PAY,+,US,2025-10-19,AFETR,,93.85,53.16,464,461,,,EA,ORB
STARLINK-35323,2025-235P,66071,PAY,+,US,2025-10-19,AFETR,,93.85,53.16,464,462,,,EA,ORB
STARLINK-35299,2025-235Q,66072,PAY,+,US,2025-10-19,AFETR,,93.85,53.16,464,462,,,EA,ORB
STARLINK-35274,2025-235R,66073,PAY,+,US,2025-10-19,AFETR,,93.85,53.16,464,462,,,EA,ORB
STARLINK-35321,2025-235S,66074,PAY,+,US,2025-10-19,AFETR,,93.85,53.16,463,462,,,EA,ORB
STARLINK-35131,2025-235T,66075,PAY,+,US,2025-10-19,AFETR,,93.85,53.16,463,462,,,EA,ORB
STARLINK-34801,2025-235U,66076,PAY,+,US,2025-10-19,AFETR,,93.85,53.16,463,462,,,EA,ORB
STARLINK-35129,2025-235V,66077,PAY,+,US,2025-10-19,AFETR,,93.85,53.16,463,462,,,EA,ORB
STARLINK-35116,2025-235W,66078,PAY,+,US,2025-10-19,AFETR,,93.85,53.16,463,462,,,EA,ORB
STARLINK-35402,2025-235X,66079,PAY,+,US,2025-10-19,AFETR,,93.85,53.16,464,462,,,EA,ORB
STARLINK-35325,2025-235Y,66080,PAY,+,US,2025-10-19,AFETR,,93.85,53.16,463,462,,,EA,ORB
STARLINK-35403,2025-235Z,66081,PAY,+,US,2025-10-19,AFETR,,94.01,53.16,472,470,,,EA,ORB
STARLINK-35011,2025-235AA,66082,PAY,+,US,2025-10-19,AFETR,,94.01,53.16,471,470,,,EA,ORB
STARLINK-35291,2025-235AB,66083,PAY,+,US,2025-10-19,AFETR,,93.85,53.16,464,462,,,EA,ORB
STARLINK-35379,2025-235AC,66084,PAY,+,US,2025-10-19,AFETR,,93.85,53.16,464,462,,,EA,ORB
STARLINK-35370,2025-235AD,66085,PAY,+,US,2025-10-19,AFETR,,93.85,53.16,463,462,,,EA,ORB
STARLINK-35596,2025-236A,66086,PAY,+,US,2025-10-19,AFWTR,,93.85,53.16,463,462,,,EA,ORB
STARLINK-35563,2025-236B,66087,PAY,+,US,2025-10-19,AFWTR,,93.85,53.16,464,462,,,EA,ORB
STARLINK-35461,2025-236C,66088,PAY,+,US,2025-10-19,AFWTR,,93.85,53.16,464,462,,,EA,ORB
STARLINK-35571,2025-236D,66089,PAY,+,US,2025-10-19,AFWTR,,93.85,53.16,463,462,,,EA,ORB
STARLINK-35570,2025-236E,66090,PAY,+,US,2025-10-19,AFWTR,,93.85,53.16,464,462,,,EA,ORB
STARLINK-35532,2025-236F,66091,PAY,+,US,2025-10-19,AFWTR,,93.85,53.16,463,462,,,EA,ORB
STARLINK-35527,2025-236G,66092,PAY,+,US,2025-10-19,AFWTR,,93.85,53.16,463,462,,,EA,ORB
STARLINK-35500,2025-236H,66093,PAY,+,US,2025-10-19,AFWTR,,93.85,53.16,464,462,,,EA,ORB
STARLINK-35528,2025-236J,66094,PAY,+,US,2025-10-19,AFWTR,,93.85,53.16,464,462,,,EA,ORB
STARLINK-35559,2025-236K,66095,PAY,+,US,2025-10-19,AFWTR,,93.85,53.16,463,463,,,EA,ORB
STARLINK-34386,2025-236L,66096,PAY,+,US,2025-10-19,AFWTR,,93.85,53.16,463,462,,,EA,ORB
STARLINK-35613,2025-236M,66097,PAY,+,US,2025-10-19,AFWTR,,93.85,53.16,464,462,,,EA,ORB
STARLINK-34206,2025-236N,66098,PAY,+,US,2025-10-19,AFWTR,,93.85,53.16,464,462,,,EA,ORB
STARLINK-34460,2025-236P,66099,PAY,+,US,2025-10-19,AFWTR,,93.85,53.16,464,462,,,EA,ORB
STARLINK-35609,2025-236Q,66100,PAY,+,US,2025-10-19,AFWTR,,93.85,53.16,463,462,,,EA,ORB
STARLINK-35595,2025-236R,66101,PAY,+,US,2025-10-19,AFWTR,,93.85,53.16,464,462,,,EA,ORB
STARLINK-35599,2025-236S,66102,PAY,+,US,2025-10-19,AFWTR,,93.85,53.16,463,462,,,EA,ORB
STARLINK-35622,2025-236T,66103,PAY,+,US,2025-10-19,AFWTR,,93.85,53.16,463,462,,,EA,ORB
STARLINK-35452,2025-236U,66104,PAY,+,US,2025-10-19,AFWTR,,93.85,53.16,464,462,,,EA,ORB
STARLINK-35561,2025-236V,66105,PAY,+,US,2025-10-19,AFWTR,,93.85,53.16,464,462,,,EA,ORB
STARLINK-35584,2025-236W,66106,PAY,+,US,2025-10-19,AFWTR,,93.85,53.16,464,462,,,EA,ORB
STARLINK-35593,2025-236X,66107,PAY,+,US,2025-10-19,AFWTR,,93.85,53.16,464,462,,,EA,ORB
STARLINK-35590,2025-236Y,66108,PAY,+,US,2025-10-19,AFWTR,,93.85,53.16,464,462,,,EA,ORB
STARLINK-35545,2025-236Z,66109,PAY,+,US,2025-10-19,AFWTR,,93.85,53.16,464,462,,,EA,ORB
STARLINK-35427,2025-236AA,66110,PAY,+,US,2025-10-19,AFWTR,,93.85,53.16,464,462,,,EA,ORB
STARLINK-35574,2025-236AB,66111,PAY,+,US,2025-10-19,AFWTR,,93.85,53.16,464,461,,,EA,ORB
STARLINK-35531,2025-236AC,66112,PAY,+,US,2025-10-19,AFWTR,,93.85,53.16,464,462,,,EA,ORB
STARLINK-35491,2025-236AD,66113,PAY,+,US,2025-10-19,AFWTR,,93.85,53.16,464,462,,,EA,ORB
STARLINK-35496,2025-237A,66114,PAY,+,US,2025-10-22,AFWTR,,93.85,53.16,463,462,,,EA,ORB
STARLINK-35428,2025-237B,66115,PAY,+,US,2025-10-22,AFWTR,,93.85,53.16,464,462,,,EA,ORB
STARLINK-35573,2025-237C,66116,PAY,+,US,2025-10-22,AFWTR,,93.85,53.16,464,462,,,EA,ORB
STARLINK-35572,2025-237D,66117,PAY,+,US,2025-10-22,AFWTR,,93.85,53.16,464,462,,,EA,ORB
STARLINK-35468,2025-237E,66118,PAY,+,US,2025-10-22,AFWTR,,93.85,53.16,464,461,,,EA,ORB
STARLINK-35547,2025-237F,66119,PAY,+,US,2025-10-22,AFWTR,,93.85,53.16,464,462,,,EA,ORB
STARLINK-35553,2025-237G,66120,PAY,+,US,2025-10-22,AFWTR,,93.85,53.16,464,461,,,EA,ORB
STARLINK-35631,2025-237H,66121,PAY,+,US,2025-10-22,AFWTR,,93.85,53.16,463,462,,,EA,ORB
STARLINK-35653,2025-237J,66122,PAY,+,US,2025-10-22,AFWTR,,93.85,53.16,463,462,,,EA,ORB
STARLINK-35628,2025-237K,66123,PAY,+,US,2025-10-22,AFWTR,,93.85,53.16,464,462,,,EA,ORB
STARLINK-35645,2025-237L,66124,PAY,+,US,2025-10-22,AFWTR,,93.85,53.16,464,462,,,EA,ORB
STARLINK-35649,2025-237M,66125,PAY,+,US,2025-10-22,AFWTR,,93.85,53.16,463,462,,,EA,ORB
STARLINK-35658,2025-237N,66126,PAY,+,US,2025-10-22,AFWTR,,93.85,53.16,464,462,,,EA,ORB
STARLINK-35629,2025-237P,66127,PAY,+,US,2025-10-22,AFWTR,,93.85,53.16,463,462,,,EA,ORB
STARLINK-35612,2025-237Q,66128,PAY,+,US,2025-10-22,AFWTR,,93.85,53.16,463,462,,,EA,ORB
STARLINK-35632,2025-237R,66129,PAY,+,US,2025-10-22,AFWTR,,93.85,53.16,464,462,,,EA,ORB
STARLINK-35637,2025-237S,66130,PAY,+,US,2025-10-22,AFWTR,,93.85,53.16,464,462,,,EA,ORB
STARLINK-35630,2025-237T,66131,PAY,+,US,2025-10-22,AFWTR,,93.85,53.16,463,462,,,EA,ORB
STARLINK-34412,2025-237U,66132,PAY,+,US,2025-10-22,AFWTR,,93.85,53.16,463,462,,,EA,ORB
STARLINK-35520,2025-237V,66133,PAY,+,US,2025-10-22,AFWTR,,93.85,53.16,463,462,,,EA,ORB
STARLINK-35525,2025-237W,66134,PAY,+,US,2025-10-22,AFWTR,,93.85,53.16,464,462,,,EA,ORB
STARLINK-34852,2025-237X,66135,PAY,+,US,2025-10-22,AFWTR,,93.85,53.16,464,462,,,EA,ORB
STARLINK-35592,2025-237Y,66136,PAY,+,US,2025-10-22,AFWTR,,93.85,53.16,463,462,,,EA,ORB
STARLINK-35576,2025-237Z,66137,PAY,+,US,2025-10-22,AFWTR,,93.85,53.16,464,462,,,EA,ORB
STARLINK-35623,2025-237AA,66138,PAY,+,US,2025-10-22,AFWTR,,93.85,53.16,464,462,,,EA,ORB
STARLINK-35549,2025-237AB,66139,PAY,+,US,2025-10-22,AFWTR,,93.85,53.16,464,462,,,EA,ORB
STARLINK-35625,2025-237AC,66140,PAY,+,US,2025-10-22,AFWTR,,93.85,53.16,463,462,,,EA,ORB
STARLINK-35603,2025-237AD,66141,PAY,+,US,2025-10-22,AFWTR,,93.85,53.15,463,462,,,EA,ORB
STARLINK-35318,2025-240A,66146,PAY,+,US,2025-10-25,AFETR,,93.85,53.16,464,462,,,EA,ORB
STARLINK-33948,2025-240B,66147,PAY,+,US,2025-10-25,AFWTR,,93.85,53.16,464,461,,,EA,ORB
STARLINK-35081,2025-240C,66148,PAY,+,US,2025-10-25,AFWTR,,93.85,53.16,464,462,,,EA,ORB
STARLINK-35601,2025-240D,66149,PAY,+,US,2025-10-25,AFWTR,,93.85,53.16,464,462,,,EA,ORB
STARLINK-35605,2025-240E,66150,PAY,+,US,2025-10-25,AFWTR,,93.85,53.16,464,462,,,EA,ORB
STARLINK-35540,2025-240F,66151,PAY,+,US,2025-10-25,AFWTR,,93.85,53.16,464,462,,,EA,ORB
STARLINK-35455,2025-240G,66152,PAY,+,US,2025-10-25,AFWTR,,93.85,53.16,464,462,,,EA,ORB
STARLINK-34752,2025-240H,66153,PAY,+,US,2025-10-25,AFWTR,,93.85,53.16,464,461,,,EA,ORB
STARLINK-34625,2025-240J,66154,PAY,+,US,2025-10-25,AFWTR,,93.85,53.16,463,462,,,EA,ORB
STARLINK-35580,2025-240K,66155,PAY,+,US,2025-10-25,AFWTR,,93.85,53.16,463,462,,,EA,ORB
STARLINK-35621,2025-240L,66156,PAY,+,US,2025-10-25,AFWTR,,93.85,53.16,464,462,,,EA,ORB
STARLINK-35594,2025-240M,66157,PAY,+,US,2025-10-25,AFWTR,,93.85,53.16,464,462,,,EA,ORB
STARLINK-35587,2025-240N,66158,PAY,+,US,2025-10-25,AFWTR,,93.85,53.16,464,462,,,EA,ORB
STARLINK-35586,2025-240P,66159,PAY,+,US,2025-10-25,AFWTR,,93.85,53.16,464,462,,,EA,ORB
STARLINK-35636,2025-240Q,66160,PAY,+,US,2025-10-25,AFWTR,,93.85,53.16,464,462,,,EA,ORB
STARLINK-35635,2025-240R,66161,PAY,+,US,2025-10-25,AFWTR,,93.85,53.16,464,462,,,EA,ORB
STARLINK-35633,2025-240S,66162,PAY,+,US,2025-10-25,AFWTR,,93.85,53.16,463,462,,,EA,ORB
STARLINK-35607,2025-240T,66163,PAY,+,US,2025-10-25,AFWTR,,93.85,53.16,464,462,,,EA,ORB
STARLINK-35614,2025-240U,66164,PAY,+,US,2025-10-25,AFWTR,,93.85,53.16,464,462,,,EA,ORB
STARLINK-35575,2025-240V,66165,PAY,+,US,2025-10-25,AFWTR,,93.85,53.16,464,462,,,EA,ORB
STARLINK-35624,2025-240W,66166,PAY,+,US,2025-10-25,AFWTR,,93.85,53.16,463,462,,,EA,ORB
STARLINK-35641,2025-240X,66167,PAY,+,US,2025-10-25,AFWTR,,93.85,53.16,464,462,,,EA,ORB
STARLINK-35578,2025-240Y,66168,PAY,+,US,2025-10-25,AFWTR,,93.85,53.16,464,462,,,EA,ORB
STARLINK-35638,2025-240Z,66169,PAY,+,US,2025-10-25,AFWTR,,93.85,53.16,463,462,,,EA,ORB
STARLINK-35585,2025-240AA,66170,PAY,+,US,2025-10-25,AFWTR,,93.85,53.16,464,461,,,EA,ORB
STARLINK-35606,2025-240AB,66171,PAY,+,US,2025-10-25,AFWTR,,93.85,53.16,464,462,,,EA,ORB
STARLINK-35627,2025-240AC,66172,PAY,+,US,2025-10-25,AFWTR,,93.85,53.16,464,462,,,EA,ORB
STARLINK-35634,2025-240AD,66173,PAY,+,US,2025-10-25,AFWTR,,93.85,53.16,464,462,,,EA,ORB
STARLINK-35363,2025-243B,66178,PAY,+,US,2025-10-26,AFETR,,93.85,53.16,463,462,,,EA,ORB
STARLINK-35346,2025-243C,66179,PAY,+,US,2025-10-26,AFETR,,93.85,53.16,463,462,,,EA,ORB
STARLINK-35335,2025-243D,66180,PAY,+,US,2025-10-26,AFETR,,93.85,53.16,464,462,,,EA,ORB
STARLINK-35342,2025-243E,66181,PAY,+,US,2025-10-26,AFETR,,93.85,53.16,464,461,,,EA,ORB
STARLINK-35333,2025-243F,66182,PAY,+,US,2025-10-26,AFETR,,93.85,53.16,464,462,,,EA,ORB
STARLINK-35310,2025-243G,66183,PAY,+,US,2025-10-26,AFETR,,93.85,53.16,463,462,,,EA,ORB
STARLINK-35317,2025-243H,66184,PAY,+,US,2025-10-26,AFETR,,93.85,53.16,464,462,,,EA,ORB
STARLINK-35377,2025-243J,66185,PAY,+,US,2025-10-26,AFETR,,93.85,53.16,464,462,,,EA,ORB
STARLINK-35365,2025-243K,66186,PAY,+,US,2025-10-26,AFETR,,93.85,53.16,464,462,,,EA,ORB
STARLINK-35350,2025-243L,66187,PAY,+,US,2025-10-26,AFETR,,93.85,53.16,464,461,,,EA,ORB
STARLINK-35041,2025-243M,66188,PAY,+,US,2025-10-26,AFETR,,93.85,53.16,464,462,,,EA,ORB
STARLINK-34694,2025-243N,66189,PAY,+,US,2025-10-26,AFETR,,93.85,53.16,464,461,,,EA,ORB
STARLINK-34863,2025-243P,66190,PAY,+,US,2025-10-26,AFETR,,93.85,53.16,464,461,,,EA,ORB
STARLINK-35061,2025-243Q,66191,PAY,+,US,2025-10-26,AFETR,,93.85,53.16,464,462,,,EA,ORB
STARLINK-34937,2025-243R,66192,PAY,+,US,2025-10-26,AFETR,,93.85,53.16,464,462,,,EA,ORB
STARLINK-35197,2025-243S,66193,PAY,+,US,2025-10-26,AFETR,,93.85,53.16,464,462,,,EA,ORB
STARLINK-35374,2025-243T,66194,PAY,+,US,2025-10-26,AFETR,,94.01,53.16,472,470,,,EA,ORB
STARLINK-34813,2025-243U,66195,PAY,+,US,2025-10-26,AFETR,,93.85,53.16,464,462,,,EA,ORB
STARLINK-35409,2025-243V,66196,PAY,+,US,2025-10-26,AFETR,,93.85,53.16,464,462,,,EA,ORB
STARLINK-35259,2025-243W,66197,PAY,+,US,2025-10-26,AFETR,,93.85,53.16,463,462,,,EA,ORB
STARLINK-35518,2025-243X,66198,PAY,+,US,2025-10-26,AFETR,,93.85,53.16,464,461,,,EA,ORB
STARLINK-35509,2025-243Y,66199,PAY,+,US,2025-10-26,AFETR,,93.85,53.16,464,461,,,EA,ORB
STARLINK-35551,2025-243Z,66200,PAY,+,US,2025-10-26,AFETR,,93.85,53.16,464,462,,,EA,ORB
STARLINK-35543,2025-243AA,66201,PAY,+,US,2025-10-26,AFETR,,94.01,53.16,471,470,,,EA,ORB
STARLINK-35534,2025-243AB,66202,PAY,+,US,2025-10-26,AFETR,,93.85,53.16,464,462,,,EA,ORB
STARLINK-35548,2025-243AC,66203,PAY,+,US,2025-10-26,AFETR,,93.85,53.16,463,462,,,EA,ORB
STARLINK-35490,2025-243AD,66204,PAY,+,US,2025-10-26,AFETR,,93.85,53.16,463,462,,,EA,ORB
STARLINK-35748,2025-244A,66206,PAY,+,US,2025-10-28,AFWTR,,93.85,53.16,463,462,,,EA,ORB
STARLINK-35747,2025-244B,66207,PAY,+,US,2025-10-28,AFWTR,,93.85,53.16,464,462,,,EA,ORB
STARLINK-35751,2025-244C,66208,PAY,+,US,2025-10-28,AFWTR,,93.85,53.16,463,462,,,EA,ORB
STARLINK-35750,2025-244D,66209,PAY,+,US,2025-10-28,AFWTR,,93.85,53.16,463,462,,,EA,ORB
STARLINK-35740,2025-244E,66210,PAY,+,US,2025-10-28,AFWTR,,93.85,53.16,465,461,,,EA,ORB
STARLINK-35723,2025-244F,66211,PAY,+,US,2025-10-28,AFWTR,,93.85,53.16,463,462,,,EA,ORB
STARLINK-35710,2025-244G,66212,PAY,+,US,2025-10-28,AFWTR,,93.85,53.16,463,462,,,EA,ORB
STARLINK-34204,2025-244H,66213,PAY,+,US,2025-10-28,AFWTR,,93.85,53.16,464,462,,,EA,ORB
STARLINK-35714,2025-244J,66214,PAY,+,US,2025-10-28,AFWTR,,93.85,53.16,464,462,,,EA,ORB
STARLINK-35712,2025-244K,66215,PAY,+,US,2025-10-28,AFWTR,,93.85,53.16,464,462,,,EA,ORB
STARLINK-35709,2025-244L,66216,PAY,+,US,2025-10-28,AFWTR,,93.85,53.16,463,462,,,EA,ORB
STARLINK-35700,2025-244M,66217,PAY,+,US,2025-10-28,AFWTR,,93.85,53.16,463,462,,,EA,ORB
STARLINK-35722,2025-244N,66218,PAY,+,US,2025-10-28,AFWTR,,93.85,53.16,463,462,,,EA,ORB
STARLINK-35737,2025-244P,66219,PAY,+,US,2025-10-28,AFWTR,,93.85,53.16,463,462,,,EA,ORB
STARLINK-35677,2025-244Q,66220,PAY,+,US,2025-10-28,AFWTR,,93.85,53.16,463,462,,,EA,ORB
STARLINK-35704,2025-244R,66221,PAY,+,US,2025-10-28,AFWTR,,93.85,53.16,463,462,,,EA,ORB
STARLINK-35666,2025-244S,66222,PAY,+,US,2025-10-28,AFWTR,,93.85,53.15,464,461,,,EA,ORB
STARLINK-35664,2025-244T,66223,PAY,+,US,2025-10-28,AFWTR,,93.85,53.16,464,462,,,EA,ORB
STARLINK-35733,2025-244U,66224,PAY,+,US,2025-10-28,AFWTR,,93.85,53.16,463,462,,,EA,ORB
STARLINK-35734,2025-244V,66225,PAY,+,US,2025-10-28,AFWTR,,93.85,53.16,464,462,,,EA,ORB
STARLINK-34466,2025-244W,66226,PAY,+,US,2025-10-28,AFWTR,,93.85,53.16,463,462,,,EA,ORB
STARLINK-34882,2025-244X,66227,PAY,+,US,2025-10-28,AFWTR,,93.85,53.16,463,462,,,EA,ORB
STARLINK-35731,2025-244Y,66228,PAY,+,US,2025-10-28,AFWTR,,93.85,53.16,464,462,,,EA,ORB
STARLINK-35758,2025-244Z,66229,PAY,+,US,2025-10-28,AFWTR,,93.85,53.16,463,462,,,EA,ORB
STARLINK-35736,2025-244AA,66230,PAY,+,US,2025-10-28,AFWTR,,93.85,53.16,463,462,,,EA,ORB
STARLINK-35735,2025-244AB,66231,PAY,+,US,2025-10-28,AFWTR,,93.85,53.16,464,462,,,EA,ORB
STARLINK-35753,2025-244AC,66232,PAY,+,US,2025-10-28,AFWTR,,93.85,53.16,464,461,,,EA,ORB
STARLINK-35626,2025-244AD,66233,PAY,+,US,2025-10-28,AFWTR,,93.85,53.16,463,462,,,EA,ORB
STARLINK-35537,2025-245A,66234,PAY,+,US,2025-10-29,AFETR,,94.01,53.16,472,470,,,EA,ORB
STARLINK-35541,2025-245B,66235,PAY,+,US,2025-10-29,AFETR,,94.01,53.16,472,469,,,EA,ORB
STARLINK-35454,2025-245C,66236,PAY,+,US,2025-10-29,AFETR,,93.85,53.16,464,462,,,EA,ORB
STARLINK-35557,2025-245D,66237,PAY,+,US,2025-10-29,AFETR,,93.85,53.16,463,462,,,EA,ORB
STARLINK-35556,2025-245E,66238,PAY,+,US,2025-10-29,AFETR,,93.85,53.16,463,462,,,EA,ORB
STARLINK-35554,2025-245F,66239,PAY,+,US,2025-10-29,AFETR,,94.01,53.16,472,470,,,EA,ORB
STARLINK-35546,2025-245G,66240,PAY,+,US,2025-10-29,AFETR,,93.85,53.16,464,461,,,EA,ORB
STARLINK-35497,2025-245H,66241,PAY,+,US,2025-10-29,AFETR,,93.85,53.16,463,462,,,EA,ORB
STARLINK-35480,2025-245J,66242,PAY,+,US,2025-10-29,AFETR,,93.85,53.16,464,462,,,EA,ORB
STARLINK-35495,2025-245K,66243,PAY,+,US,2025-10-29,AFETR,,93.85,53.16,464,462,,,EA,ORB
STARLINK-35517,2025-245L,66244,PAY,+,US,2025-10-29,AFETR,,93.85,53.16,463,462,,,EA,ORB
STARLINK-35503,2025-245M,66245,PAY,+,US,2025-10-29,AFETR,,93.85,53.16,463,462,,,EA,ORB
STARLINK-35434,2025-245N,66246,PAY,+,US,2025-10-29,AFETR,,94.01,53.15,472,469,,,EA,ORB
STARLINK-35481,2025-245P,66247,PAY,+,US,2025-10-29,AFETR,,94.01,53.16,472,470,,,EA,ORB
STARLINK-35416,2025-245Q,66248,PAY,+,US,2025-10-29,AFETR,,94.01,53.16,472,470,,,EA,ORB
STARLINK-35304,2025-245R,66249,PAY,+,US,2025-10-29,AFETR,,94.01,53.16,472,470,,,EA,ORB
STARLINK-35338,2025-245S,66250,PAY,+,US,2025-10-29,AFETR,,94.01,53.16,472,469,,,EA,ORB
STARLINK-35485,2025-245T,66251,PAY,+,US,2025-10-29,AFETR,,94.01,53.16,472,469,,,EA,ORB
STARLINK-35483,2025-245U,66252,PAY,+,US,2025-10-29,AFETR,,93.85,53.16,463,462,,,EA,ORB
STARLINK-35486,2025-245V,66253,PAY,+,US,2025-10-29,AFETR,,94.01,53.16,471,470,,,EA,ORB
STARLINK-35488,2025-245W,66254,PAY,+,US,2025-10-29,AFETR,,94.01,53.16,471,470,,,EA,ORB
STARLINK-35616,2025-245X,66255,PAY,+,US,2025-10-29,AFETR,,93.85,53.16,464,462,,,EA,ORB
STARLINK-35619,2025-245Y,66256,PAY,+,US,2025-10-29,AFETR,,93.85,53.16,463,462,,,EA,ORB
STARLINK-35615,2025-245Z,66257,PAY,+,US,2025-10-29,AFETR,,93.85,53.16,464,462,,,EA,ORB
STARLINK-34650,2025-245AA,66258,PAY,+,US,2025-10-29,AFETR,,93.85,53.16,464,462,,,EA,ORB
STARLINK-35529,2025-245AB,66259,PAY,+,US,2025-10-29,AFETR,,94.01,53.16,471,470,,,EA,ORB
STARLINK-35420,2025-245AC,66260,PAY,+,US,2025-10-29,AFETR,,94.01,53.16,472,470,,,EA,ORB
STARLINK-35536,2025-245AD,66261,PAY,+,US,2025-10-29,AFETR,,94.01,53.16,472,469,,,EA,ORB
STARLINK-35487,2025-245AE,66262,PAY,+,US,2025-10-29,AFETR,,94.01,53.16,472,470,,,EA,ORB
STARLINK-35801,2025-247A,66265,PAY,+,US,2025-10-31,AFWTR,,93.85,53.16,463,462,,,EA,ORB
STARLINK-35056,2025-247B,66266,PAY,+,US,2025-10-31,AFWTR,,93.85,53.16,464,462,,,EA,ORB
STARLINK-35550,2025-247C,66267,PAY,+,US,2025-10-31,AFWTR,,93.85,53.16,464,462,,,EA,ORB
STARLINK-35069,2025-247D,66268,PAY,+,US,2025-10-31,AFWTR,,93.85,53.16,464,462,,,EA,ORB
STARLINK-34910,2025-247E,66269,PAY,+,US,2025-10-31,AFWTR,,93.85,53.16,463,462,,,EA,ORB
STARLINK-35757,2025-247F,66270,PAY,+,US,2025-10-31,AFWTR,,93.85,53.16,464,462,,,EA,ORB
STARLINK-35745,2025-247G,66271,PAY,+,US,2025-10-31,AFWTR,,93.85,53.16,464,462,,,EA,ORB
STARLINK-35741,2025-247H,66272,PAY,+,US,2025-10-31,AFWTR,,93.85,53.16,463,462,,,EA,ORB
STARLINK-35730,2025-247J,66273,PAY,+,US,2025-10-31,AFWTR,,93.85,53.16,463,462,,,EA,ORB
STARLINK-35760,2025-247K,66274,PAY,+,US,2025-10-31,AFWTR,,93.85,53.16,464,462,,,EA,ORB
STARLINK-35752,2025-247L,66275,PAY,+,US,2025-10-31,AFWTR,,93.85,53.16,463,462,,,EA,ORB
STARLINK-35742,2025-247M,66276,PAY,+,US,2025-10-31,AFWTR,,93.85,53.16,464,462,,,EA,ORB
STARLINK-35708,2025-247N,66277,PAY,+,US,2025-10-31,AFWTR,,93.85,53.16,463,462,,,EA,ORB
STARLINK-35713,2025-247P,66278,PAY,+,US,2025-10-31,AFWTR,,93.85,53.16,464,461,,,EA,ORB
STARLINK-35724,2025-247Q,66279,PAY,+,US,2025-10-31,AFWTR,,93.85,53.16,464,462,,,EA,ORB
STARLINK-35726,2025-247R,66280,PAY,+,US,2025-10-31,AFWTR,,93.85,53.16,463,463,,,EA,ORB
STARLINK-35727,2025-247S,66281,PAY,+,US,2025-10-31,AFWTR,,93.85,53.16,464,462,,,EA,ORB
STARLINK-35776,2025-247T,66282,PAY,+,US,2025-10-31,AFWTR,,93.85,53.16,464,462,,,EA,ORB
STARLINK-35774,2025-247U,66283,PAY,+,US,2025-10-31,AFWTR,,93.85,53.16,463,462,,,EA,ORB
STARLINK-35830,2025-247V,66284,PAY,+,US,2025-10-31,AFWTR,,93.85,53.16,464,462,,,EA,ORB
STARLINK-35819,2025-247W,66285,PAY,+,US,2025-10-31,AFWTR,,93.85,53.16,464,462,,,EA,ORB
STARLINK-35783,2025-247X,66286,PAY,+,US,2025-10-31,AFWTR,,93.85,53.16,464,461,,,EA,ORB
STARLINK-34884,2025-247Y,66287,PAY,+,US,2025-10-31,AFWTR,,93.85,53.16,463,462,,,EA,ORB
STARLINK-34896,2025-247Z,66288,PAY,+,US,2025-10-31,AFWTR,,93.85,53.16,464,462,,,EA,ORB
STARLINK-35802,2025-247AA,66289,PAY,+,US,2025-10-31,AFWTR,,93.85,53.16,464,462,,,EA,ORB
STARLINK-35799,2025-247AB,66290,PAY,+,US,2025-10-31,AFWTR,,93.85,53.16,463,462,,,EA,ORB
STARLINK-35800,2025-247AC,66291,PAY,+,US,2025-10-31,AFWTR,,93.85,53.16,464,461,,,EA,ORB
STARLINK-35798,2025-247AD,66292,PAY,+,US,2025-10-31,AFWTR,,93.85,53.16,463,462,,,EA,ORB
STARLINK-35442,2025-253A,66319,PAY,+,US,2025-11-06,AFETR,,94.27,43.00,484,482,,,EA,ORB
STARLINK-34616,2025-253B,66320,PAY,+,US,2025-11-06,AFETR,,94.27,43.00,484,482,,,EA,ORB
STARLINK-34615,2025-253C,66321,PAY,+,US,2025-11-06,AFETR,,94.27,43.00,484,482,,,EA,ORB
STARLINK-35292,2025-253D,66322,PAY,+,US,2025-11-06,AFETR,,94.27,43.00,484,482,,,EA,ORB
STARLINK-35309,2025-253E,66323,PAY,+,US,2025-11-06,AFETR,,94.27,43.00,484,482,,,EA,ORB
STARLINK-35506,2025-253F,66324,PAY,+,US,2025-11-06,AFETR,,94.27,43.00,483,483,,,EA,ORB
STARLINK-35504,2025-253G,66325,PAY,+,US,2025-11-06,AFETR,,94.27,43.00,484,482,,,EA,ORB
STARLINK-35479,2025-253H,66326,PAY,+,US,2025-11-06,AFETR,,94.27,43.00,484,482,,,EA,ORB
STARLINK-35507,2025-253J,66327,PAY,+,US,2025-11-06,AFETR,,94.27,43.00,484,482,,,EA,ORB
STARLINK-35460,2025-253K,66328,PAY,+,US,2025-11-06,AFETR,,94.27,43.00,484,482,,,EA,ORB
STARLINK-35505,2025-253L,66329,PAY,+,US,2025-11-06,AFETR,,94.27,43.00,484,482,,,EA,ORB
STARLINK-35512,2025-253M,66330,PAY,+,US,2025-11-06,AFETR,,94.27,43.00,484,482,,,EA,ORB
STARLINK-35257,2025-253N,66331,PAY,+,US,2025-11-06,AFETR,,94.27,43.00,484,482,,,EA,ORB
STARLINK-35322,2025-253P,66332,PAY,+,US,2025-11-06,AFETR,,94.27,43.00,484,482,,,EA,ORB
STARLINK-35400,2025-253Q,66333,PAY,+,US,2025-11-06,AFETR,,94.27,43.00,484,482,,,EA,ORB
STARLINK-35407,2025-253R,66334,PAY,+,US,2025-11-06,AFETR,,94.27,43.00,484,482,,,EA,ORB
STARLINK-35417,2025-253S,66335,PAY,+,US,2025-11-06,AFETR,,94.27,43.00,484,482,,,EA,ORB
STARLINK-35404,2025-253T,66336,PAY,+,US,2025-11-06,AFETR,,94.27,43.00,484,482,,,EA,ORB
STARLINK-34783,2025-253U,66337,PAY,+,US,2025-11-06,AFETR,,94.27,43.00,484,482,,,EA,ORB
STARLINK-35477,2025-253V,66338,PAY,+,US,2025-11-06,AFETR,,94.27,43.00,484,482,,,EA,ORB
STARLINK-35443,2025-253W,66339,PAY,+,US,2025-11-06,AFETR,,94.27,43.00,484,482,,,EA,ORB
STARLINK-35218,2025-253X,66340,PAY,+,US,2025-11-06,AFETR,,94.27,43.00,483,483,,,EA,ORB
STARLINK-35522,2025-253Y,66341,PAY,+,US,2025-11-06,AFETR,,94.27,43.00,483,483,,,EA,ORB
STARLINK-35535,2025-253Z,66342,PAY,+,US,2025-11-06,AFETR,,94.27,43.00,484,482,,,EA,ORB
STARLINK-35467,2025-253AA,66343,PAY,+,US,2025-11-06,AFETR,,94.27,43.00,484,482,,,EA,ORB
STARLINK-35511,2025-253AB,66344,PAY,+,US,2025-11-06,AFETR,,94.27,43.00,484,482,,,EA,ORB
STARLINK-35440,2025-253AC,66345,PAY,+,US,2025-11-06,AFETR,,94.27,43.00,484,482,,,EA,ORB
STARLINK-35482,2025-253AD,66346,PAY,+,US,2025-11-06,AFETR,,94.27,43.00,484,482,,,EA,ORB
STARLINK-35438,2025-253AE,66347,PAY,+,US,2025-11-06,AFETR,,94.27,43.00,484,482,,,EA,ORB
STARLINK-35849,2025-254A,66348,PAY,+,US,2025-11-06,AFWTR,,93.85,53.16,463,462,,,EA,ORB
STARLINK-35848,2025-254B,66349,PAY,+,US,2025-11-06,AFWTR,,94.01,53.16,472,470,,,EA,ORB
STARLINK-35829,2025-254C,66350,PAY,+,US,2025-11-06,AFWTR,,94.01,53.16,472,470,,,EA,ORB
STARLINK-35828,2025-254D,66351,PAY,+,US,2025-11-06,AFWTR,,94.01,53.16,472,470,,,EA,ORB
STARLINK-35850,2025-254E,66352,PAY,+,US,2025-11-06,AFWTR,,93.85,53.16,463,462,,,EA,ORB
STARLINK-35869,2025-254F,66353,PAY,+,US,2025-11-06,AFWTR,,93.85,53.16,464,462,,,EA,ORB
STARLINK-35895,2025-254G,66354,PAY,+,US,2025-11-06,AFWTR,,93.90,53.16,466,464,,,EA,ORB
STARLINK-35861,2025-254H,66355,PAY,+,US,2025-11-06,AFWTR,,93.85,53.16,464,462,,,EA,ORB
STARLINK-35851,2025-254J,66356,PAY,+,US,2025-11-06,AFWTR,,93.85,53.16,463,462,,,EA,ORB
STARLINK-35817,2025-254K,66357,PAY,+,US,2025-11-06,AFWTR,,93.85,53.16,464,462,,,EA,ORB
STARLINK-35807,2025-254L,66358,PAY,+,US,2025-11-06,AFWTR,,94.01,53.16,472,470,,,EA,ORB
STARLINK-35805,2025-254M,66359,PAY,+,US,2025-11-06,AFWTR,,94.01,53.16,472,470,,,EA,ORB
STARLINK-35823,2025-254N,66360,PAY,+,US,2025-11-06,AFWTR,,93.85,53.16,463,462,,,EA,ORB
STARLINK-35813,2025-254P,66361,PAY,+,US,2025-11-06,AFWTR,,94.01,53.16,472,470,,,EA,ORB
STARLINK-35822,2025-254Q,66362,PAY,+,US,2025-11-06,AFWTR,,93.85,53.16,464,462,,,EA,ORB
STARLINK-35806,2025-254R,66363,PAY,+,US,2025-11-06,AFWTR,,93.85,53.16,464,462,,,EA,ORB
STARLINK-35797,2025-254S,66364,PAY,+,US,2025-11-06,AFWTR,,93.85,53.16,464,461,,,EA,ORB
STARLINK-35827,2025-254T,66365,PAY,+,US,2025-11-06,AFWTR,,94.01,53.16,471,470,,,EA,ORB
STARLINK-35845,2025-254U,66366,PAY,+,US,2025-11-06,AFWTR,,94.01,53.16,472,470,,,EA,ORB
STARLINK-35846,2025-254V,66367,PAY,+,US,2025-11-06,AFWTR,,93.85,53.16,464,461,,,EA,ORB
STARLINK-34861,2025-254W,66368,PAY,+,US,2025-11-06,AFWTR,,93.85,53.16,463,462,,,EA,ORB
STARLINK-35795,2025-254X,66369,PAY,+,US,2025-11-06,AFWTR,,93.85,53.16,464,461,,,EA,ORB
STARLINK-35824,2025-254Y,66370,PAY,+,US,2025-11-06,AFWTR,,93.85,53.16,464,462,,,EA,ORB
STARLINK-35804,2025-254Z,66371,PAY,+,US,2025-11-06,AFWTR,,93.85,53.16,463,462,,,EA,ORB
STARLINK-35821,2025-254AA,66372,PAY,+,US,2025-11-06,AFWTR,,93.85,53.16,463,462,,,EA,ORB
STARLINK-35809,2025-254AB,66373,PAY,+,US,2025-11-06,AFWTR,,93.85,53.15,463,462,,,EA,ORB
STARLINK-35831,2025-254AC,66374,PAY,+,US,2025-11-06,AFWTR,,93.85,53.16,464,462,,,EA,ORB
STARLINK-35826,2025-254AD,66375,PAY,+,US,2025-11-06,AFWTR,,93.85,53.16,464,462,,,EA,ORB
STARLINK-35139,2025-257A,66380,PAY,+,US,2025-11-09,AFETR,,93.85,53.16,464,462,,,EA,ORB
STARLINK-35158,2025-257B,66381,PAY,+,US,2025-11-09,AFETR,,93.85,53.16,464,462,,,EA,ORB
STARLINK-35639,2025-257C,66382,PAY,+,US,2025-11-09,AFETR,,93.85,53.16,463,462,,,EA,ORB
STARLINK-35690,2025-257D,66383,PAY,+,US,2025-11-09,AFETR,,93.85,53.16,464,462,,,EA,ORB
STARLINK-35662,2025-257E,66384,PAY,+,US,2025-11-09,AFETR,,93.85,53.16,464,462,,,EA,ORB
STARLINK-35659,2025-257F,66385,PAY,+,US,2025-11-09,AFETR,,93.85,53.16,464,462,,,EA,ORB
STARLINK-35651,2025-257G,66386,PAY,+,US,2025-11-09,AFETR,,93.85,53.16,463,462,,,EA,ORB
STARLINK-35661,2025-257H,66387,PAY,+,US,2025-11-09,AFETR,,93.85,53.16,464,462,,,EA,ORB
STARLINK-35647,2025-257J,66388,PAY,+,US,2025-11-09,AFETR,,93.85,53.16,464,462,,,EA,ORB
STARLINK-35694,2025-257K,66389,PAY,+,US,2025-11-09,AFETR,,93.85,53.16,464,462,,,EA,ORB
STARLINK-35665,2025-257L,66390,PAY,+,US,2025-11-09,AFETR,,93.85,53.16,464,461,,,EA,ORB
STARLINK-35656,2025-257M,66391,PAY,+,US,2025-11-09,AFETR,,93.85,53.16,464,462,,,EA,ORB
STARLINK-35671,2025-257N,66392,PAY,+,US,2025-11-09,AFETR,,93.85,53.16,464,462,,,EA,ORB
STARLINK-35652,2025-257P,66393,PAY,+,US,2025-11-09,AFETR,,93.85,53.16,463,462,,,EA,ORB
STARLINK-35672,2025-257Q,66394,PAY,+,US,2025-11-09,AFETR,,93.85,53.16,463,462,,,EA,ORB
STARLINK-35681,2025-257R,66395,PAY,+,US,2025-11-09,AFETR,,93.85,53.16,464,462,,,EA,ORB
STARLINK-35669,2025-257S,66396,PAY,+,US,2025-11-09,AFETR,,93.85,53.16,464,461,,,EA,ORB
STARLINK-35510,2025-257T,66397,PAY,+,US,2025-11-09,AFETR,,93.85,53.16,464,462,,,EA,ORB
STARLINK-35642,2025-257U,66398,PAY,+,US,2025-11-09,AFETR,,93.85,53.16,463,462,,,EA,ORB
STARLINK-35657,2025-257V,66399,PAY,+,US,2025-11-09,AFETR,,93.85,53.16,464,462,,,EA,ORB
STARLINK-35667,2025-257W,66400,PAY,+,US,2025-11-09,AFETR,,93.85,53.16,463,462,,,EA,ORB
STARLINK-35668,2025-257X,66401,PAY,+,US,2025-11-09,AFETR,,93.85,53.16,464,462,,,EA,ORB
STARLINK-35602,2025-257Z,66403,PAY,+,US,2025-11-09,AFETR,,93.85,53.16,464,462,,,EA,ORB
STARLINK-35691,2025-257AA,66404,PAY,+,US,2025-11-09,AFETR,,93.85,53.16,464,462,,,EA,ORB
STARLINK-35683,2025-257AB,66405,PAY,+,US,2025-11-09,AFETR,,93.85,53.16,464,462,,,EA,ORB
STARLINK-34840,2025-257AC,66406,PAY,+,US,2025-11-09,AFETR,,93.85,53.16,463,462,,,EA,ORB
STARLINK-35686,2025-257AD,66407,PAY,+,US,2025-11-09,AFETR,,93.85,53.16,463,462,,,EA,ORB
STARLINK-35679,2025-257AE,66408,PAY,+,US,2025-11-09,AFETR,,93.85,53.16,464,462,,,EA,ORB
STARLINK-35617,2025-259A,66422,PAY,+,US,2025-11-11,AFETR,,94.27,43.00,484,482,,,EA,ORB
STARLINK-35618,2025-259B,66423,PAY,+,US,2025-11-11,AFETR,,94.27,43.00,484,482,,,EA,ORB
STARLINK-35588,2025-259C,66424,PAY,+,US,2025-11-11,AFETR,,94.27,43.00,484,482,,,EA,ORB
STARLINK-35555,2025-259D,66425,PAY,+,US,2025-11-11,AFETR,,94.27,43.00,484,482,,,EA,ORB
STARLINK-35589,2025-259E,66426,PAY,+,US,2025-11-11,AFETR,,94.27,43.01,484,482,,,EA,ORB
STARLINK-35611,2025-259F,66427,PAY,+,US,2025-11-11,AFETR,,94.27,43.00,484,482,,,EA,ORB
STARLINK-35610,2025-259G,66428,PAY,+,US,2025-11-11,AFETR,,94.27,43.00,484,482,,,EA,ORB
STARLINK-35533,2025-259H,66429,PAY,+,US,2025-11-11,AFETR,,94.27,43.00,484,482,,,EA,ORB
STARLINK-35470,2025-259J,66430,PAY,+,US,2025-11-11,AFETR,,94.27,43.00,484,482,,,EA,ORB
STARLINK-35439,2025-259K,66431,PAY,+,US,2025-11-11,AFETR,,94.27,43.00,484,482,,,EA,ORB
STARLINK-35446,2025-259L,66432,PAY,+,US,2025-11-11,AFETR,,94.27,43.00,484,482,,,EA,ORB
STARLINK-35457,2025-259M,66433,PAY,+,US,2025-11-11,AFETR,,94.27,43.00,484,482,,,EA,ORB
STARLINK-35389,2025-259N,66434,PAY,+,US,2025-11-11,AFETR,,94.27,43.00,484,482,,,EA,ORB
STARLINK-35502,2025-259P,66435,PAY,+,US,2025-11-11,AFETR,,94.27,43.00,484,482,,,EA,ORB
STARLINK-35501,2025-259Q,66436,PAY,+,US,2025-11-11,AFETR,,94.27,43.00,484,482,,,EA,ORB
STARLINK-35474,2025-259R,66437,PAY,+,US,2025-11-11,AFETR,,94.27,43.00,484,482,,,EA,ORB
STARLINK-34681,2025-259S,66438,PAY,+,US,2025-11-11,AFETR,,94.27,43.01,485,481,,,EA,ORB
STARLINK-35327,2025-259T,66439,PAY,+,US,2025-11-11,AFETR,,94.27,43.00,484,482,,,EA,ORB
STARLINK-35405,2025-259U,66440,PAY,+,US,2025-11-11,AFETR,,94.27,43.00,484,482,,,EA,ORB
STARLINK-35426,2025-259V,66441,PAY,+,US,2025-11-11,AFETR,,94.27,43.00,484,482,,,EA,ORB
STARLINK-34724,2025-259W,66442,PAY,+,US,2025-11-11,AFETR,,94.27,43.00,484,482,,,EA,ORB
STARLINK-35219,2025-259X,66443,PAY,+,US,2025-11-11,AFETR,,94.27,43.00,484,482,,,EA,ORB
STARLINK-35360,2025-259Y,66444,PAY,+,US,2025-11-11,AFETR,,94.27,43.00,484,482,,,EA,ORB
STARLINK-34698,2025-259Z,66445,PAY,+,US,2025-11-11,AFETR,,94.27,43.00,484,482,,,EA,ORB
STARLINK-34986,2025-259AA,66446,PAY,+,US,2025-11-11,AFETR,,94.27,43.00,485,482,,,EA,ORB
STARLINK-34851,2025-259AB,66447,PAY,+,US,2025-11-11,AFETR,,94.27,43.00,484,483,,,EA,ORB
STARLINK-35355,2025-259AC,66448,PAY,+,US,2025-11-11,AFETR,,94.27,43.00,484,482,,,EA,ORB
STARLINK-34720,2025-259AD,66449,PAY,+,US,2025-11-11,AFETR,,94.27,43.00,484,482,,,EA,ORB
STARLINK-35334,2025-259AE,66450,PAY,+,US,2025-11-11,AFETR,,94.27,43.00,484,482,,,EA,ORB
STARLINK-35643,2025-262A,66456,PAY,+,US,2025-11-15,AFETR,,94.27,43.00,484,482,,,EA,ORB
STARLINK-35466,2025-262B,66457,PAY,+,US,2025-11-15,AFETR,,94.27,43.00,483,483,,,EA,ORB
STARLINK-35684,2025-262C,66458,PAY,+,US,2025-11-15,AFETR,,94.27,43.00,483,483,,,EA,ORB
STARLINK-35449,2025-262D,66459,PAY,+,US,2025-11-15,AFETR,,94.27,43.00,484,482,,,EA,ORB
STARLINK-35424,2025-262E,66460,PAY,+,US,2025-11-15,AFETR,,94.27,43.00,484,482,,,EA,ORB
STARLINK-35132,2025-262F,66461,PAY,+,US,2025-11-15,AFETR,,94.27,43.00,484,482,,,EA,ORB
STARLINK-35499,2025-262G,66462,PAY,+,US,2025-11-15,AFETR,,94.27,43.00,484,482,,,EA,ORB
STARLINK-35463,2025-262H,66463,PAY,+,US,2025-11-15,AFETR,,94.27,43.00,485,482,,,EA,ORB
STARLINK-35435,2025-262J,66464,PAY,+,US,2025-11-15,AFETR,,94.27,43.00,485,482,,,EA,ORB
STARLINK-35448,2025-262K,66465,PAY,+,US,2025-11-15,AFETR,,94.27,43.00,484,482,,,EA,ORB
STARLINK-35388,2025-262L,66466,PAY,+,US,2025-11-15,AFETR,,94.27,43.00,484,482,,,EA,ORB
STARLINK-35682,2025-262M,66467,PAY,+,US,2025-11-15,AFETR,,94.27,43.00,484,482,,,EA,ORB
STARLINK-35331,2025-262N,66468,PAY,+,US,2025-11-15,AFETR,,94.27,43.00,484,482,,,EA,ORB
STARLINK-35451,2025-262P,66469,PAY,+,US,2025-11-15,AFETR,,94.27,43.01,485,481,,,EA,ORB
STARLINK-35655,2025-262Q,66470,PAY,+,US,2025-11-15,AFETR,,94.27,43.00,485,481,,,EA,ORB
STARLINK-35569,2025-262R,66471,PAY,+,US,2025-11-15,AFETR,,94.27,43.00,484,482,,,EA,ORB
STARLINK-35567,2025-262S,66472,PAY,+,US,2025-11-15,AFETR,,94.27,43.00,484,482,,,EA,ORB
STARLINK-35568,2025-262T,66473,PAY,+,US,2025-11-15,AFETR,,94.27,43.00,484,482,,,EA,ORB
STARLINK-35620,2025-262U,66474,PAY,+,US,2025-11-15,AFETR,,94.27,43.00,484,482,,,EA,ORB
STARLINK-35538,2025-262V,66475,PAY,+,US,2025-11-15,AFETR,,94.27,43.00,483,483,,,EA,ORB
STARLINK-35372,2025-262W,66476,PAY,+,US,2025-11-15,AFETR,,94.27,43.00,484,482,,,EA,ORB
STARLINK-35354,2025-262X,66477,PAY,+,US,2025-11-15,AFETR,,94.27,43.00,484,482,,,EA,ORB
STARLINK-35283,2025-262Y,66478,PAY,+,US,2025-11-15,AFETR,,94.27,43.00,484,482,,,EA,ORB
STARLINK-35581,2025-262Z,66479,PAY,+,US,2025-11-15,AFETR,,94.27,43.00,484,482,,,EA,ORB
STARLINK-35670,2025-262AA,66480,PAY,+,US,2025-11-15,AFETR,,94.27,43.00,484,482,,,EA,ORB
STARLINK-35698,2025-262AB,66481,PAY,+,US,2025-11-15,AFETR,,94.27,43.00,484,482,,,EA,ORB
STARLINK-35648,2025-262AC,66482,PAY,+,US,2025-11-15,AFETR,,94.27,43.00,484,482,,,EA,ORB
STARLINK-35654,2025-262AD,66483,PAY,+,US,2025-11-15,AFETR,,94.27,43.00,485,481,,,EA,ORB
STARLINK-35371,2025-262AE,66484,PAY,+,US,2025-11-15,AFETR,,94.27,43.00,484,482,,,EA,ORB
STARLINK-34774,2025-263A,66485,PAY,+,US,2025-11-15,AFETR,,94.27,43.00,485,481,,,EA,ORB
STARLINK-34844,2025-263B,66486,PAY,+,US,2025-11-15,AFETR,,94.27,43.00,484,482,,,EA,ORB
STARLINK-34733,2025-263C,66487,PAY,+,US,2025-11-15,AFETR,,94.27,43.00,484,482,,,EA,ORB
STARLINK-35515,2025-263D,66488,PAY,+,US,2025-11-15,AFETR,,94.27,43.00,484,482,,,EA,ORB
STARLINK-35696,2025-263E,66489,PAY,+,US,2025-11-15,AFETR,,94.27,43.00,484,482,,,EA,ORB
STARLINK-35693,2025-263F,66490,PAY,+,US,2025-11-15,AFETR,,94.27,43.00,484,482,,,EA,ORB
STARLINK-35663,2025-263G,66491,PAY,+,US,2025-11-15,AFETR,,94.27,43.00,484,482,,,EA,ORB
STARLINK-35673,2025-263H,66492,PAY,+,US,2025-11-15,AFETR,,94.27,43.00,484,482,,,EA,ORB
STARLINK-35597,2025-263J,66493,PAY,+,US,2025-11-15,AFETR,,94.27,43.00,484,482,,,EA,ORB
STARLINK-35689,2025-263K,66494,PAY,+,US,2025-11-15,AFETR,,94.27,43.00,484,482,,,EA,ORB
STARLINK-35832,2025-263L,66495,PAY,+,US,2025-11-15,AFETR,,94.27,43.00,485,481,,,EA,ORB
STARLINK-35909,2025-263M,66496,PAY,+,US,2025-11-15,AFETR,,94.27,43.00,484,482,,,EA,ORB
STARLINK-35899,2025-263N,66497,PAY,+,US,2025-11-15,AFETR,,94.27,43.00,484,482,,,EA,ORB
STARLINK-35907,2025-263P,66498,PAY,+,US,2025-11-15,AFETR,,94.27,43.00,484,482,,,EA,ORB
STARLINK-35816,2025-263Q,66499,PAY,+,US,2025-11-15,AFETR,,94.27,43.00,484,482,,,EA,ORB
STARLINK-35894,2025-263R,66500,PAY,+,US,2025-11-15,AFETR,,94.27,43.00,484,482,,,EA,ORB
STARLINK-35897,2025-263S,66501,PAY,+,US,2025-11-15,AFETR,,94.27,43.00,484,482,,,EA,ORB
STARLINK-35922,2025-263T,66502,PAY,+,US,2025-11-15,AFETR,,94.27,43.00,485,481,,,EA,ORB
STARLINK-35917,2025-263U,66503,PAY,+,US,2025-11-15,AFETR,,94.27,43.00,484,482,,,EA,ORB
STARLINK-35916,2025-263V,66504,PAY,+,US,2025-11-15,AFETR,,94.27,43.01,486,480,,,EA,ORB
STARLINK-34766,2025-263W,66505,PAY,+,US,2025-11-15,AFETR,,94.27,43.00,484,482,,,EA,ORB
STARLINK-34765,2025-263X,66506,PAY,+,US,2025-11-15,AFETR,,94.27,43.00,484,482,,,EA,ORB
STARLINK-34767,2025-263Y,66507,PAY,+,US,2025-11-15,AFETR,,94.27,43.00,484,482,,,EA,ORB
STARLINK-35608,2025-263Z,66508,PAY,+,US,2025-11-15,AFETR,,94.27,43.00,484,482,,,EA,ORB
STARLINK-35598,2025-263AA,66509,PAY,+,US,2025-11-15,AFETR,,94.27,43.00,484,482,,,EA,ORB
STARLINK-35600,2025-263AB,66510,PAY,+,US,2025-11-15,AFETR,,94.27,43.00,484,482,,,EA,ORB
STARLINK-35444,2025-263AC,66511,PAY,+,US,2025-11-15,AFETR,,94.27,43.00,484,482,,,EA,ORB
STARLINK-35366,2025-263AD,66512,PAY,+,US,2025-11-15,AFETR,,94.27,43.00,484,482,,,EA,ORB
STARLINK-35692,2025-263AE,66513,PAY,+,US,2025-11-15,AFETR,,94.27,43.00,484,482,,,EA,ORB
STARLINK-35924,2025-265A,66516,PAY,+,US,2025-11-19,AFETR,,94.27,43.00,484,482,,,EA,ORB
STARLINK-35937,2025-265B,66517,PAY,+,US,2025-11-19,AFETR,,94.27,43.00,484,482,,,EA,ORB
STARLINK-35962,2025-265C,66518,PAY,+,US,2025-11-19,AFETR,,94.27,43.00,484,482,,,EA,ORB
STARLINK-35931,2025-265D,66519,PAY,+,US,2025-11-19,AFETR,,94.27,43.00,484,482,,,EA,ORB
STARLINK-35952,2025-265E,66520,PAY,+,US,2025-11-19,AFETR,,94.27,43.00,484,482,,,EA,ORB
STARLINK-35915,2025-265F,66521,PAY,+,US,2025-11-19,AFETR,,94.27,43.00,484,482,,,EA,ORB
STARLINK-35946,2025-265G,66522,PAY,+,US,2025-11-19,AFETR,,94.27,43.00,485,481,,,EA,ORB
STARLINK-35969,2025-265H,66523,PAY,+,US,2025-11-19,AFETR,,94.27,43.00,484,482,,,EA,ORB
STARLINK-35687,2025-265J,66524,PAY,+,US,2025-11-19,AFETR,,94.27,43.00,484,482,,,EA,ORB
STARLINK-35975,2025-265K,66525,PAY,+,US,2025-11-19,AFETR,,94.27,43.00,484,482,,,EA,ORB
STARLINK-35932,2025-265L,66526,PAY,+,US,2025-11-19,AFETR,,94.27,43.00,484,482,,,EA,ORB
STARLINK-35935,2025-265M,66527,PAY,+,US,2025-11-19,AFETR,,94.27,43.00,484,482,,,EA,ORB
STARLINK-35928,2025-265N,66528,PAY,+,US,2025-11-19,AFETR,,94.27,43.00,484,482,,,EA,ORB
STARLINK-35933,2025-265P,66529,PAY,+,US,2025-11-19,AFETR,,94.27,43.00,484,482,,,EA,ORB
STARLINK-35961,2025-265Q,66530,PAY,+,US,2025-11-19,AFETR,,94.27,43.00,484,482,,,EA,ORB
STARLINK-35960,2025-265R,66531,PAY,+,US,2025-11-19,AFETR,,94.27,43.00,484,482,,,EA,ORB
STARLINK-35914,2025-265S,66532,PAY,+,US,2025-11-19,AFETR,,94.27,43.00,483,483,,,EA,ORB
STARLINK-35707,2025-265T,66533,PAY,+,US,2025-11-19,AFETR,,94.27,43.00,484,482,,,EA,ORB
STARLINK-35976,2025-265U,66534,PAY,+,US,2025-11-19,AFETR,,94.27,43.00,484,482,,,EA,ORB
STARLINK-35514,2025-265V,66535,PAY,+,US,2025-11-19,AFETR,,94.27,43.00,484,482,,,EA,ORB
STARLINK-35640,2025-265W,66536,PAY,+,US,2025-11-19,AFETR,,94.27,43.00,484,482,,,EA,ORB
STARLINK-35582,2025-265X,66537,PAY,+,US,2025-11-19,AFETR,,94.26,43.00,486,480,,,EA,ORB
STARLINK-35577,2025-265Y,66538,PAY,+,US,2025-11-19,AFETR,,94.27,43.00,484,482,,,EA,ORB
STARLINK-35697,2025-265Z,66539,PAY,+,US,2025-11-19,AFETR,,94.27,43.00,484,482,,,EA,ORB
STARLINK-35818,2025-265AA,66540,PAY,+,US,2025-11-19,AFETR,,94.27,43.00,485,482,,,EA,ORB
STARLINK-35796,2025-265AB,66541,PAY,+,US,2025-11-19,AFETR,,94.26,43.00,483,482,,,EA,ORB
STARLINK-35833,2025-265AC,66542,PAY,+,US,2025-11-19,AFETR,,94.27,43.00,484,482,,,EA,ORB
STARLINK-35315,2025-265AD,66543,PAY,+,US,2025-11-19,AFETR,,94.27,43.00,484,482,,,EA,ORB
STARLINK-35728,2025-265AE,66544,PAY,+,US,2025-11-19,AFETR,,94.27,43.00,484,482,,,EA,ORB
STARLINK-35699,2025-268A,66557,PAY,+,US,2025-11-21,AFETR,,94.27,43.00,483,483,,,EA,ORB
STARLINK-35695,2025-268B,66558,PAY,+,US,2025-11-21,AFETR,,94.27,43.00,484,482,,,EA,ORB
STARLINK-35419,2025-268C,66559,PAY,+,US,2025-11-21,AFETR,,94.27,43.00,484,482,,,EA,ORB
STARLINK-35411,2025-268D,66560,PAY,+,US,2025-11-21,AFETR,,94.27,43.00,484,482,,,EA,ORB
STARLINK-35305,2025-268E,66561,PAY,+,US,2025-11-21,AFETR,,94.27,43.01,484,482,,,EA,ORB
STARLINK-35579,2025-268F,66562,PAY,+,US,2025-11-21,AFETR,,94.27,43.00,484,482,,,EA,ORB
STARLINK-35437,2025-268G,66563,PAY,+,US,2025-11-21,AFETR,,94.27,43.00,484,482,,,EA,ORB
STARLINK-35358,2025-268H,66564,PAY,+,US,2025-11-21,AFETR,,94.27,43.00,484,482,,,EA,ORB
STARLINK-35893,2025-268J,66565,PAY,+,US,2025-11-21,AFETR,,94.27,43.00,484,482,,,EA,ORB
STARLINK-35871,2025-268K,66566,PAY,+,US,2025-11-21,AFETR,,94.27,43.00,483,483,,,EA,ORB
STARLINK-35825,2025-268L,66567,PAY,+,US,2025-11-21,AFETR,,94.27,43.00,484,482,,,EA,ORB
STARLINK-35803,2025-268M,66568,PAY,+,US,2025-11-21,AFETR,,94.27,43.00,484,482,,,EA,ORB
STARLINK-35835,2025-268N,66569,PAY,+,US,2025-11-21,AFETR,,94.27,43.00,485,481,,,EA,ORB
STARLINK-35834,2025-268P,66570,PAY,+,US,2025-11-21,AFETR,,94.27,43.00,484,482,,,EA,ORB
STARLINK-35836,2025-268Q,66571,PAY,+,US,2025-11-21,AFETR,,94.27,43.00,484,482,,,EA,ORB
STARLINK-35870,2025-268R,66572,PAY,+,US,2025-11-21,AFETR,,94.27,43.00,484,482,,,EA,ORB
STARLINK-35650,2025-268S,66573,PAY,+,US,2025-11-21,AFETR,,94.27,43.00,484,482,,,EA,ORB
STARLINK-35812,2025-268T,66574,PAY,+,US,2025-11-21,AFETR,,94.27,43.00,484,482,,,EA,ORB
STARLINK-35810,2025-268U,66575,PAY,+,US,2025-11-21,AFETR,,94.27,43.01,485,481,,,EA,ORB
STARLINK-35814,2025-268V,66576,PAY,+,US,2025-11-21,AFETR,,94.27,43.00,484,482,,,EA,ORB
STARLINK-35815,2025-268W,66577,PAY,+,US,2025-11-21,AFETR,,94.27,43.01,485,481,,,EA,ORB
STARLINK-35743,2025-268X,66578,PAY,+,US,2025-11-21,AFETR,,94.27,43.01,486,480,,,EA,ORB
STARLINK-35868,2025-268Y,66579,PAY,+,US,2025-11-21,AFETR,,94.27,43.00,484,482,,,EA,ORB
STARLINK-35872,2025-268Z,66580,PAY,+,US,2025-11-21,AFETR,,94.27,43.00,484,482,,,EA,ORB
STARLINK-35744,2025-268AA,66581,PAY,+,US,2025-11-21,AFETR,,94.27,43.00,484,482,,,EA,ORB
STARLINK-35746,2025-268AB,66582,PAY,+,US,2025-11-21,AFETR,,94.27,43.00,484,482,,,EA,ORB
STARLINK-35941,2025-268AC,66583,PAY,+,US,2025-11-21,AFETR,,94.27,43.00,484,482,,,EA,ORB
STARLINK-35939,2025-268AD,66584,PAY,+,US,2025-11-21,AFETR,,94.27,43.00,484,482,,,EA,ORB
STARLINK-35963,2025-268AE,66585,PAY,+,US,2025-11-21,AFETR,,94.27,43.00,483,483,,,EA,ORB
STARLINK-36076,2025-270A,66588,PAY,+,US,2025-11-22,AFETR,,94.27,43.00,484,482,,,EA,ORB
STARLINK-35447,2025-270B,66589,PAY,+,US,2025-11-22,AFETR,,94.27,43.00,484,482,,,EA,ORB
STARLINK-35429,2025-270C,66590,PAY,+,US,2025-11-22,AFETR,,94.27,43.00,484,482,,,EA,ORB
STARLINK-36058,2025-270D,66591,PAY,+,US,2025-11-22,AFETR,,94.26,43.00,484,482,,,EA,ORB
STARLINK-36066,2025-270E,66592,PAY,+,US,2025-11-22,AFETR,,94.27,43.00,484,482,,,EA,ORB
STARLINK-36031,2025-270F,66593,PAY,+,US,2025-11-22,AFETR,,94.27,43.00,484,482,,,EA,ORB
STARLINK-36032,2025-270G,66594,PAY,+,US,2025-11-22,AFETR,,94.27,43.00,484,482,,,EA,ORB
STARLINK-35711,2025-270H,66595,PAY,+,US,2025-11-22,AFETR,,94.27,43.00,484,482,,,EA,ORB
STARLINK-35811,2025-270J,66596,PAY,+,US,2025-11-22,AFETR,,94.27,43.01,484,482,,,EA,ORB
STARLINK-35820,2025-270K,66597,PAY,+,US,2025-11-22,AFETR,,94.27,43.00,484,482,,,EA,ORB
STARLINK-35981,2025-270L,66598,PAY,+,US,2025-11-22,AFETR,,94.27,43.00,484,482,,,EA,ORB
STARLINK-35930,2025-270M,66599,PAY,+,US,2025-11-22,AFETR,,94.27,43.00,484,482,,,EA,ORB
STARLINK-35980,2025-270N,66600,PAY,+,US,2025-11-22,AFETR,,94.27,43.00,484,482,,,EA,ORB
STARLINK-35978,2025-270P,66601,PAY,+,US,2025-11-22,AFETR,,94.27,43.00,484,482,,,EA,ORB
STARLINK-36050,2025-270Q,66602,PAY,+,US,2025-11-22,AFETR,,94.27,43.00,484,482,,,EA,ORB
STARLINK-36048,2025-270R,66603,PAY,+,US,2025-11-22,AFETR,,94.27,43.00,485,481,,,EA,ORB
STARLINK-35977,2025-270S,66604,PAY,+,US,2025-11-22,AFETR,,94.27,43.00,484,482,,,EA,ORB
STARLINK-36052,2025-270T,66605,PAY,+,US,2025-11-22,AFETR,,94.27,43.00,484,482,,,EA,ORB
STARLINK-36063,2025-270U,66606,PAY,+,US,2025-11-22,AFETR,,94.27,43.00,484,482,,,EA,ORB
STARLINK-35993,2025-270V,66607,PAY,+,US,2025-11-22,AFETR,,94.27,43.00,484,482,,,EA,ORB
STARLINK-36036,2025-270W,66608,PAY,+,US,2025-11-22,AFETR,,94.27,43.00,484,482,,,EA,ORB
STARLINK-36034,2025-270X,66609,PAY,+,US,2025-11-22,AFETR,,94.27,43.00,484,482,,,EA,ORB
STARLINK-35680,2025-270Y,66610,PAY,+,US,2025-11-22,AFETR,,94.27,43.00,484,482,,,EA,ORB
STARLINK-35583,2025-270Z,66611,PAY,+,US,2025-11-22,AFETR,,94.27,43.00,485,481,,,EA,ORB
STARLINK-36039,2025-270AA,66612,PAY,+,US,2025-11-22,AFETR,,94.27,43.00,484,482,,,EA,ORB
STARLINK-36037,2025-270AB,66613,PAY,+,US,2025-11-22,AFETR,,94.27,43.00,484,483,,,EA,ORB
STARLINK-36040,2025-270AC,66614,PAY,+,US,2025-11-22,AFETR,,94.27,43.00,484,482,,,EA,ORB
STARLINK-35988,2025-270AD,66615,PAY,+,US,2025-11-22,AFETR,,94.27,43.00,484,482,,,EA,ORB
STARLINK-35391,2025-270AE,66616,PAY,+,US,2025-11-22,AFETR,,94.27,43.00,485,481,,,EA,ORB
STARLINK-35940,2025-271A,66617,PAY,+,US,2025-11-23,AFWTR,,93.85,53.16,463,462,,,EA,ORB
STARLINK-35970,2025-271B,66618,PAY,+,US,2025-11-23,AFWTR,,93.85,53.16,463,462,,,EA,ORB
STARLINK-35951,2025-271C,66619,PAY,+,US,2025-11-23,AFWTR,,93.85,53.16,464,462,,,EA,ORB
STARLINK-35936,2025-271D,66620,PAY,+,US,2025-11-23,AFWTR,,93.85,53.16,464,462,,,EA,ORB
STARLINK-35847,2025-271E,66621,PAY,+,US,2025-11-23,AFWTR,,93.85,53.16,464,462,,,EA,ORB
STARLINK-35950,2025-271F,66622,PAY,+,US,2025-11-23,AFWTR,,93.85,53.16,463,462,,,EA,ORB
STARLINK-35920,2025-271G,66623,PAY,+,US,2025-11-23,AFWTR,,93.85,53.16,464,462,,,EA,ORB
STARLINK-35927,2025-271H,66624,PAY,+,US,2025-11-23,AFWTR,,93.85,53.16,464,462,,,EA,ORB
STARLINK-35929,2025-271J,66625,PAY,+,US,2025-11-23,AFWTR,,93.85,53.16,464,462,,,EA,ORB
STARLINK-35902,2025-271K,66626,PAY,+,US,2025-11-23,AFWTR,,93.85,53.16,464,462,,,EA,ORB
STARLINK-35904,2025-271L,66627,PAY,+,US,2025-11-23,AFWTR,,93.85,53.16,464,461,,,EA,ORB
STARLINK-35862,2025-271M,66628,PAY,+,US,2025-11-23,AFWTR,,93.85,53.16,464,462,,,EA,ORB
STARLINK-35949,2025-271P,66630,PAY,+,US,2025-11-23,AFWTR,,93.85,53.16,464,462,,,EA,ORB
STARLINK-35965,2025-271Q,66631,PAY,+,US,2025-11-23,AFWTR,,93.85,53.16,464,461,,,EA,ORB
STARLINK-35973,2025-271R,66632,PAY,+,US,2025-11-23,AFWTR,,93.85,53.16,463,462,,,EA,ORB
STARLINK-35948,2025-271S,66633,PAY,+,US,2025-11-23,AFWTR,,93.85,53.16,465,461,,,EA,ORB
STARLINK-35967,2025-271T,66634,PAY,+,US,2025-11-23,AFWTR,,93.85,53.16,463,462,,,EA,ORB
STARLINK-35955,2025-271U,66635,PAY,+,US,2025-11-23,AFWTR,,93.85,53.16,463,462,,,EA,ORB
STARLINK-35968,2025-271V,66636,PAY,+,US,2025-11-23,AFWTR,,93.85,53.16,464,462,,,EA,ORB
STARLINK-35953,2025-271W,66637,PAY,+,US,2025-11-23,AFWTR,,93.85,53.16,463,462,,,EA,ORB
STARLINK-35972,2025-271X,66638,PAY,+,US,2025-11-23,AFWTR,,93.85,53.16,463,462,,,EA,ORB
STARLINK-35908,2025-271Y,66639,PAY,+,US,2025-11-23,AFWTR,,93.85,53.16,463,462,,,EA,ORB
STARLINK-35921,2025-271Z,66640,PAY,+,US,2025-11-23,AFWTR,,93.85,53.16,464,462,,,EA,ORB
STARLINK-35923,2025-271AA,66641,PAY,+,US,2025-11-23,AFWTR,,93.85,53.16,464,462,,,EA,ORB
STARLINK-35926,2025-271AB,66642,PAY,+,US,2025-11-23,AFWTR,,93.85,53.16,463,462,,,EA,ORB
STARLINK-35918,2025-271AC,66643,PAY,+,US,2025-11-23,AFWTR,,93.85,53.16,464,462,,,EA,ORB
STARLINK-35938,2025-271AD,66644,PAY,+,US,2025-11-23,AFWTR,,93.85,53.16,465,461,,,EA,ORB
STARLINK-35867,2025-278A,66791,PAY,+,US,2025-12-01,AFETR,,94.27,43.00,484,482,,,EA,ORB
STARLINK-35990,2025-278B,66792,PAY,+,US,2025-12-01,AFETR,,94.27,43.00,484,482,,,EA,ORB
STARLINK-36051,2025-278C,66793,PAY,+,US,2025-12-01,AFETR,,94.27,43.00,484,482,,,EA,ORB
STARLINK-36062,2025-278D,66794,PAY,+,US,2025-12-01,AFETR,,94.27,43.00,484,482,,,EA,ORB
STARLINK-36047,2025-278E,66795,PAY,+,US,2025-12-01,AFETR,,94.27,43.00,484,482,,,EA,ORB
STARLINK-35964,2025-278F,66796,PAY,+,US,2025-12-01,AFETR,,94.27,43.00,484,482,,,EA,ORB
STARLINK-36099,2025-278G,66797,PAY,+,US,2025-12-01,AFETR,,94.27,43.00,483,483,,,EA,ORB
STARLINK-36041,2025-278H,66798,PAY,+,US,2025-12-01,AFETR,,94.27,43.00,484,482,,,EA,ORB
STARLINK-36044,2025-278J,66799,PAY,+,US,2025-12-01,AFETR,,94.27,43.00,484,482,,,EA,ORB
STARLINK-35996,2025-278K,66800,PAY,+,US,2025-12-01,AFETR,,94.27,43.00,485,481,,,EA,ORB
STARLINK-36080,2025-278L,66801,PAY,+,US,2025-12-01,AFETR,,94.27,43.00,484,482,,,EA,ORB
STARLINK-35604,2025-278M,66802,PAY,+,US,2025-12-01,AFETR,,94.27,43.00,483,483,,,EA,ORB
STARLINK-35565,2025-278N,66803,PAY,+,US,2025-12-01,AFETR,,94.27,43.00,484,482,,,EA,ORB
STARLINK-36038,2025-278P,66804,PAY,+,US,2025-12-01,AFETR,,94.27,43.00,484,482,,,EA,ORB
STARLINK-36049,2025-278Q,66805,PAY,+,US,2025-12-01,AFETR,,94.27,43.00,484,482,,,EA,ORB
STARLINK-36069,2025-278R,66806,PAY,+,US,2025-12-01,AFETR,,94.27,43.00,484,482,,,EA,ORB
STARLINK-36000,2025-278S,66807,PAY,+,US,2025-12-01,AFETR,,94.27,43.00,483,483,,,EA,ORB
STARLINK-36071,2025-278T,66808,PAY,+,US,2025-12-01,AFETR,,94.27,43.00,484,482,,,EA,ORB
STARLINK-35979,2025-278U,66809,PAY,+,US,2025-12-01,AFETR,,94.27,43.00,484,482,,,EA,ORB
STARLINK-36046,2025-278V,66810,PAY,+,US,2025-12-01,AFETR,,94.27,43.00,484,482,,,EA,ORB
STARLINK-36045,2025-278W,66811,PAY,+,US,2025-12-01,AFETR,,94.27,43.00,484,482,,,EA,ORB
STARLINK-36054,2025-278X,66812,PAY,+,US,2025-12-01,AFETR,,94.27,43.00,483,483,,,EA,ORB
STARLINK-36042,2025-278Y,66813,PAY,+,US,2025-12-01,AFETR,,94.27,43.00,484,482,,,EA,ORB
STARLINK-35984,2025-278Z,66814,PAY,+,US,2025-12-01,AFETR,,94.27,43.00,484,482,,,EA,ORB
STARLINK-35985,2025-278AA,66815,PAY,+,US,2025-12-01,AFETR,,94.27,43.00,484,482,,,EA,ORB
STARLINK-36098,2025-278AB,66816,PAY,+,US,2025-12-01,AFETR,,94.27,43.00,484,482,,,EA,ORB
STARLINK-35995,2025-278AC,66817,PAY,+,US,2025-12-01,AFETR,,94.27,43.00,483,483,,,EA,ORB
STARLINK-35994,2025-278AD,66818,PAY,+,US,2025-12-01,AFETR,,94.27,43.00,485,481,,,EA,ORB
STARLINK-35989,2025-278AE,66819,PAY,+,US,2025-12-01,AFETR,,94.27,43.00,484,482,,,EA,ORB
STARLINK-35966,2025-280A,66821,PAY,+,US,2025-12-02,AFWTR,,96.11,70.00,574,570,,,EA,ORB
STARLINK-35958,2025-280B,66822,PAY,+,US,2025-12-02,AFWTR,,96.11,70.00,574,570,,,EA,ORB
STARLINK-35957,2025-280C,66823,PAY,+,US,2025-12-02,AFWTR,,96.11,70.00,575,570,,,EA,ORB
STARLINK-35896,2025-280D,66824,PAY,+,US,2025-12-02,AFWTR,,96.11,70.00,574,570,,,EA,ORB
STARLINK-35476,2025-280E,66825,PAY,+,US,2025-12-02,AFWTR,,96.11,70.00,574,570,,,EA,ORB
STARLINK-35898,2025-280F,66826,PAY,+,US,2025-12-02,AFWTR,,96.11,70.00,574,570,,,EA,ORB
STARLINK-35959,2025-280G,66827,PAY,+,US,2025-12-02,AFWTR,,96.11,70.00,574,570,,,EA,ORB
STARLINK-35982,2025-280H,66828,PAY,+,US,2025-12-02,AFWTR,,96.11,70.00,574,570,,,EA,ORB
STARLINK-36084,2025-280J,66829,PAY,+,US,2025-12-02,AFWTR,,96.11,70.00,574,570,,,EA,ORB
STARLINK-35881,2025-280K,66830,PAY,+,US,2025-12-02,AFWTR,,96.11,70.00,574,570,,,EA,ORB
STARLINK-35788,2025-280L,66831,PAY,+,US,2025-12-02,AFWTR,,96.11,70.00,574,570,,,EA,ORB
STARLINK-35768,2025-280M,66832,PAY,+,US,2025-12-02,AFWTR,,96.11,70.00,574,570,,,EA,ORB
STARLINK-35858,2025-280N,66833,PAY,+,US,2025-12-02,AFWTR,,96.11,70.00,574,570,,,EA,ORB
STARLINK-35840,2025-280P,66834,PAY,+,US,2025-12-02,AFWTR,,96.11,70.00,574,570,,,EA,ORB
STARLINK-35890,2025-280Q,66835,PAY,+,US,2025-12-02,AFWTR,,96.11,70.00,574,570,,,EA,ORB
STARLINK-35838,2025-280R,66836,PAY,+,US,2025-12-02,AFWTR,,96.11,70.00,575,569,,,EA,ORB
STARLINK-35729,2025-280S,66837,PAY,+,US,2025-12-02,AFWTR,,96.11,70.00,574,570,,,EA,ORB
STARLINK-35886,2025-280T,66838,PAY,+,US,2025-12-02,AFWTR,,96.11,70.00,574,570,,,EA,ORB
STARLINK-35717,2025-280U,66839,PAY,+,US,2025-12-02,AFWTR,,96.11,70.00,574,570,,,EA,ORB
STARLINK-35837,2025-280V,66840,PAY,+,US,2025-12-02,AFWTR,,96.11,70.00,574,570,,,EA,ORB
STARLINK-35715,2025-280W,66841,PAY,+,US,2025-12-02,AFWTR,,96.11,70.00,574,570,,,EA,ORB
STARLINK-35769,2025-280X,66842,PAY,+,US,2025-12-02,AFWTR,,96.11,70.00,574,570,,,EA,ORB
STARLINK-35997,2025-280Y,66843,PAY,+,US,2025-12-02,AFWTR,,96.11,70.00,574,570,,,EA,ORB
STARLINK-36073,2025-280Z,66844,PAY,+,US,2025-12-02,AFWTR,,96.11,70.00,575,569,,,EA,ORB
STARLINK-36068,2025-280AA,66845,PAY,+,US,2025-12-02,AFWTR,,96.10,70.00,575,569,,,EA,ORB
STARLINK-36055,2025-280AB,66846,PAY,+,US,2025-12-02,AFWTR,,96.11,70.00,574,570,,,EA,ORB
STARLINK-36061,2025-280AC,66847,PAY,+,US,2025-12-02,AFWTR,,96.11,70.00,574,570,,,EA,ORB
STARLINK-36091,2025-281A,66848,PAY,+,US,2025-12-02,AFETR,,94.27,43.01,485,481,,,EA,ORB
STARLINK-36102,2025-281B,66849,PAY,+,US,2025-12-02,AFETR,,94.27,43.00,484,482,,,EA,ORB
STARLINK-36105,2025-281C,66850,PAY,+,US,2025-12-02,AFETR,,94.27,43.01,484,482,,,EA,ORB
STARLINK-36094,2025-281D,66851,PAY,+,US,2025-12-02,AFETR,,94.27,43.00,484,482,,,EA,ORB
STARLINK-35992,2025-281E,66852,PAY,+,US,2025-12-02,AFETR,,94.27,43.00,484,482,,,EA,ORB
STARLINK-35986,2025-281F,66853,PAY,+,US,2025-12-02,AFETR,,94.27,43.00,485,481,,,EA,ORB
STARLINK-36087,2025-281G,66854,PAY,+,US,2025-12-02,AFETR,,94.27,43.00,484,482,,,EA,ORB
STARLINK-36090,2025-281H,66855,PAY,+,US,2025-12-02,AFETR,,94.27,43.00,484,482,,,EA,ORB
STARLINK-36072,2025-281J,66856,PAY,+,US,2025-12-02,AFETR,,94.27,43.00,484,482,,,EA,ORB
STARLINK-36083,2025-281K,66857,PAY,+,US,2025-12-02,AFETR,,94.27,43.00,484,482,,,EA,ORB
STARLINK-35118,2025-281L,66858,PAY,+,US,2025-12-02,AFETR,,94.27,43.00,485,481,,,EA,ORB
STARLINK-35646,2025-281M,66859,PAY,+,US,2025-12-02,AFETR,,94.27,43.00,485,481,,,EA,ORB
STARLINK-35987,2025-281N,66860,PAY,+,US,2025-12-02,AFETR,,94.27,43.00,484,482,,,EA,ORB
STARLINK-35991,2025-281P,66861,PAY,+,US,2025-12-02,AFETR,,94.27,43.00,484,482,,,EA,ORB
STARLINK-35974,2025-281Q,66862,PAY,+,US,2025-12-02,AFETR,,94.27,43.00,484,482,,,EA,ORB
STARLINK-36134,2025-281R,66863,PAY,+,US,2025-12-02,AFETR,,94.27,43.00,484,482,,,EA,ORB
STARLINK-36070,2025-281S,66864,PAY,+,US,2025-12-02,AFETR,,94.27,43.00,484,482,,,EA,ORB
STARLINK-36117,2025-281T,66865,PAY,+,US,2025-12-02,AFETR,,94.27,43.00,484,482,,,EA,ORB
STARLINK-36126,2025-281U,66866,PAY,+,US,2025-12-02,AFETR,,94.27,43.00,484,482,,,EA,ORB
STARLINK-36101,2025-281V,66867,PAY,+,US,2025-12-02,AFETR,,94.27,43.01,485,481,,,EA,ORB
STARLINK-36108,2025-281W,66868,PAY,+,US,2025-12-02,AFETR,,94.27,43.00,485,482,,,EA,ORB
STARLINK-36092,2025-281X,66869,PAY,+,US,2025-12-02,AFETR,,94.27,42.99,484,482,,,EA,ORB
STARLINK-36114,2025-281Y,66870,PAY,+,US,2025-12-02,AFETR,,94.27,43.00,484,482,,,EA,ORB
STARLINK-36095,2025-281Z,66871,PAY,+,US,2025-12-02,AFETR,,94.27,43.00,484,482,,,EA,ORB
STARLINK-36082,2025-281AA,66872,PAY,+,US,2025-12-02,AFETR,,94.27,43.00,484,482,,,EA,ORB
STARLINK-36128,2025-281AB,66873,PAY,+,US,2025-12-02,AFETR,,94.27,43.00,484,482,,,EA,ORB
STARLINK-36129,2025-281AC,66874,PAY,+,US,2025-12-02,AFETR,,94.27,43.00,484,482,,,EA,ORB
STARLINK-36053,2025-281AD,66875,PAY,+,US,2025-12-02,AFETR,,94.27,43.00,484,482,,,EA,ORB
STARLINK-35702,2025-281AE,66876,PAY,+,US,2025-12-02,AFETR,,94.27,43.00,484,483,,,EA,ORB
STARLINK-35866,2025-283A,66878,PAY,+,US,2025-12-04,AFWTR,,93.85,53.16,464,462,,,EA,ORB
STARLINK-35749,2025-283B,66879,PAY,+,US,2025-12-04,AFWTR,,93.85,53.16,464,462,,,EA,ORB
STARLINK-35844,2025-283C,66880,PAY,+,US,2025-12-04,AFWTR,,93.85,53.16,464,462,,,EA,ORB
STARLINK-35860,2025-283D,66881,PAY,+,US,2025-12-04,AFWTR,,93.85,53.16,464,462,,,EA,ORB
STARLINK-35912,2025-283E,66882,PAY,+,US,2025-12-04,AFWTR,,93.85,53.16,463,462,,,EA,ORB
STARLINK-35947,2025-283F,66883,PAY,+,US,2025-12-04,AFWTR,,93.85,53.16,463,462,,,EA,ORB
STARLINK-36057,2025-283G,66884,PAY,+,US,2025-12-04,AFWTR,,93.85,53.16,464,462,,,EA,ORB
STARLINK-35954,2025-283H,66885,PAY,+,US,2025-12-04,AFWTR,,93.85,53.16,463,462,,,EA,ORB
STARLINK-35900,2025-283J,66886,PAY,+,US,2025-12-04,AFWTR,,93.85,53.16,463,462,,,EA,ORB
STARLINK-35925,2025-283K,66887,PAY,+,US,2025-12-04,AFWTR,,93.85,53.16,464,462,,,EA,ORB
STARLINK-35919,2025-283L,66888,PAY,+,US,2025-12-04,AFWTR,,93.85,53.16,464,462,,,EA,ORB
STARLINK-35852,2025-283M,66889,PAY,+,US,2025-12-04,AFWTR,,93.85,53.16,463,462,,,EA,ORB
STARLINK-35885,2025-283N,66890,PAY,+,US,2025-12-04,AFWTR,,93.85,53.16,464,462,,,EA,ORB
STARLINK-35855,2025-283P,66891,PAY,+,US,2025-12-04,AFWTR,,93.85,53.16,463,462,,,EA,ORB
STARLINK-35883,2025-283Q,66892,PAY,+,US,2025-12-04,AFWTR,,93.85,53.16,464,462,,,EA,ORB
STARLINK-36033,2025-283R,66893,PAY,+,US,2025-12-04,AFWTR,,93.85,53.16,463,462,,,EA,ORB
STARLINK-35718,2025-283S,66894,PAY,+,US,2025-12-04,AFWTR,,93.85,53.16,464,462,,,EA,ORB
STARLINK-35971,2025-283T,66895,PAY,+,US,2025-12-04,AFWTR,,93.85,53.16,464,462,,,EA,ORB
STARLINK-35791,2025-283U,66896,PAY,+,US,2025-12-04,AFWTR,,93.85,53.16,464,462,,,EA,ORB
STARLINK-36079,2025-283V,66897,PAY,+,US,2025-12-04,AFWTR,,93.85,53.16,464,462,,,EA,ORB
STARLINK-36065,2025-283W,66898,PAY,+,US,2025-12-04,AFWTR,,93.85,53.16,464,462,,,EA,ORB
STARLINK-36064,2025-283X,66899,PAY,+,US,2025-12-04,AFWTR,,93.85,53.16,464,462,,,EA,ORB
STARLINK-36074,2025-283Y,66900,PAY,+,US,2025-12-04,AFWTR,,93.85,53.16,464,462,,,EA,ORB
STARLINK-36043,2025-283Z,66901,PAY,+,US,2025-12-04,AFWTR,,93.85,53.16,463,462,,,EA,ORB
STARLINK-35983,2025-283AA,66902,PAY,+,US,2025-12-04,AFWTR,,93.85,53.15,463,462,,,EA,ORB
STARLINK-36077,2025-283AB,66903,PAY,+,US,2025-12-04,AFWTR,,93.85,53.16,464,461,,,EA,ORB
STARLINK-36059,2025-283AC,66904,PAY,+,US,2025-12-04,AFWTR,,93.85,53.16,463,462,,,EA,ORB
STARLINK-36075,2025-283AD,66905,PAY,+,US,2025-12-04,AFWTR,,93.85,53.16,463,462,,,EA,ORB
STARLINK-35945,2025-286A,66925,PAY,+,US,2025-12-07,AFWTR,,93.85,53.16,464,461,,,EA,ORB
STARLINK-35942,2025-286B,66926,PAY,+,US,2025-12-07,AFWTR,,93.85,53.16,465,461,,,EA,ORB
STARLINK-35943,2025-286C,66927,PAY,+,US,2025-12-07,AFWTR,,93.85,53.16,464,462,,,EA,ORB
STARLINK-35944,2025-286D,66928,PAY,+,US,2025-12-07,AFWTR,,93.85,53.16,463,462,,,EA,ORB
STARLINK-36169,2025-286E,66929,PAY,+,US,2025-12-07,AFWTR,,93.85,53.16,464,462,,,EA,ORB
STARLINK-36206,2025-286F,66930,PAY,+,US,2025-12-07,AFWTR,,93.85,53.16,463,462,,,EA,ORB
STARLINK-36130,2025-286G,66931,PAY,+,US,2025-12-07,AFWTR,,93.85,53.16,464,461,,,EA,ORB
STARLINK-36177,2025-286H,66932,PAY,+,US,2025-12-07,AFWTR,,93.85,53.16,464,461,,,EA,ORB
STARLINK-36157,2025-286J,66933,PAY,+,US,2025-12-07,AFWTR,,93.85,53.16,465,461,,,EA,ORB
STARLINK-36153,2025-286K,66934,PAY,+,US,2025-12-07,AFWTR,,93.85,53.16,464,462,,,EA,ORB
STARLINK-36127,2025-286L,66935,PAY,+,US,2025-12-07,AFWTR,,93.85,53.16,463,462,,,EA,ORB
STARLINK-36160,2025-286M,66936,PAY,+,US,2025-12-07,AFWTR,,93.85,53.16,466,459,,,EA,ORB
STARLINK-36165,2025-286N,66937,PAY,+,US,2025-12-07,AFWTR,,93.85,53.16,464,462,,,EA,ORB
STARLINK-36155,2025-286P,66938,PAY,+,US,2025-12-07,AFWTR,,93.85,53.16,464,462,,,EA,ORB
STARLINK-36154,2025-286Q,66939,PAY,+,US,2025-12-07,AFWTR,,93.85,53.16,464,461,,,EA,ORB
STARLINK-36121,2025-286R,66940,PAY,+,US,2025-12-07,AFWTR,,93.85,53.16,464,462,,,EA,ORB
STARLINK-36088,2025-286S,66941,PAY,+,US,2025-12-07,AFWTR,,93.85,53.16,463,462,,,EA,ORB
STARLINK-36100,2025-286T,66942,PAY,+,US,2025-12-07,AFWTR,,93.85,53.16,464,462,,,EA,ORB
STARLINK-36109,2025-286U,66943,PAY,+,US,2025-12-07,AFWTR,,93.85,53.16,463,462,,,EA,ORB
STARLINK-36112,2025-286V,66944,PAY,+,US,2025-12-07,AFWTR,,93.85,53.16,464,462,,,EA,ORB
STARLINK-36110,2025-286W,66945,PAY,+,US,2025-12-07,AFWTR,,93.85,53.16,464,462,,,EA,ORB
STARLINK-36115,2025-286X,66946,PAY,+,US,2025-12-07,AFWTR,,93.85,53.16,464,462,,,EA,ORB
STARLINK-36089,2025-286Y,66947,PAY,+,US,2025-12-07,AFWTR,,93.85,53.16,463,462,,,EA,ORB
STARLINK-36116,2025-286Z,66948,PAY,+,US,2025-12-07,AFWTR,,93.85,53.16,463,462,,,EA,ORB
STARLINK-36096,2025-286AA,66949,PAY,+,US,2025-12-07,AFWTR,,93.85,53.16,463,462,,,EA,ORB
STARLINK-36111,2025-286AB,66950,PAY,+,US,2025-12-07,AFWTR,,93.85,53.16,463,462,,,EA,ORB
STARLINK-35999,2025-286AC,66951,PAY,+,US,2025-12-07,AFWTR,,93.85,53.16,464,462,,,EA,ORB
STARLINK-36122,2025-286AD,66952,PAY,+,US,2025-12-07,AFWTR,,93.85,53.16,467,459,,,EA,ORB
STARLINK-35887,2025-288A,66959,PAY,+,US,2025-12-08,AFETR,,94.27,43.00,483,483,,,EA,ORB
STARLINK-35879,2025-288B,66960,PAY,+,US,2025-12-08,AFETR,,94.27,43.00,484,482,,,EA,ORB
STARLINK-35761,2025-288C,66961,PAY,+,US,2025-12-08,AFETR,,94.27,43.00,484,482,,,EA,ORB
STARLINK-35874,2025-288D,66962,PAY,+,US,2025-12-08,AFETR,,94.27,43.00,485,481,,,EA,ORB
STARLINK-36133,2025-288E,66963,PAY,+,US,2025-12-08,AFETR,,94.27,43.00,484,483,,,EA,ORB
STARLINK-36104,2025-288F,66964,PAY,+,US,2025-12-08,AFETR,,94.27,43.00,484,482,,,EA,ORB
STARLINK-36067,2025-288G,66965,PAY,+,US,2025-12-08,AFETR,,94.27,43.00,485,481,,,EA,ORB
STARLINK-36139,2025-288H,66966,PAY,+,US,2025-12-08,AFETR,,94.27,43.00,483,483,,,EA,ORB
STARLINK-36136,2025-288J,66967,PAY,+,US,2025-12-08,AFETR,,94.27,43.00,484,482,,,EA,ORB
STARLINK-36152,2025-288K,66968,PAY,+,US,2025-12-08,AFETR,,94.27,43.00,484,482,,,EA,ORB
STARLINK-36149,2025-288L,66969,PAY,+,US,2025-12-08,AFETR,,94.27,43.00,484,482,,,EA,ORB
STARLINK-35703,2025-288M,66970,PAY,+,US,2025-12-08,AFETR,,94.27,43.00,483,483,,,EA,ORB
STARLINK-35678,2025-288N,66971,PAY,+,US,2025-12-08,AFETR,,94.27,43.00,484,482,,,EA,ORB
STARLINK-34846,2025-288P,66972,PAY,+,US,2025-12-08,AFETR,,94.27,43.00,484,482,,,EA,ORB
STARLINK-35778,2025-288Q,66973,PAY,+,US,2025-12-08,AFETR,,94.27,43.00,483,483,,,EA,ORB
STARLINK-35780,2025-288R,66974,PAY,+,US,2025-12-08,AFETR,,94.27,43.00,484,482,,,EA,ORB
STARLINK-35777,2025-288S,66975,PAY,+,US,2025-12-08,AFETR,,94.27,43.00,485,481,,,EA,ORB
STARLINK-35772,2025-288T,66976,PAY,+,US,2025-12-08,AFETR,,94.27,43.00,484,482,,,EA,ORB
STARLINK-35770,2025-288U,66977,PAY,+,US,2025-12-08,AFETR,,94.27,43.00,484,482,,,EA,ORB
STARLINK-35787,2025-288V,66978,PAY,+,US,2025-12-08,AFETR,,94.27,43.00,483,483,,,EA,ORB
STARLINK-36107,2025-288W,66979,PAY,+,US,2025-12-08,AFETR,,94.27,43.00,484,482,,,EA,ORB
STARLINK-36086,2025-288X,66980,PAY,+,US,2025-12-08,AFETR,,94.27,43.00,484,482,,,EA,ORB
STARLINK-36142,2025-288Y,66981,PAY,+,US,2025-12-08,AFETR,,94.27,43.00,484,482,,,EA,ORB
STARLINK-36113,2025-288Z,66982,PAY,+,US,2025-12-08,AFETR,,94.27,43.00,484,482,,,EA,ORB
STARLINK-36145,2025-288AA,66983,PAY,+,US,2025-12-08,AFETR,,94.27,43.00,484,482,,,EA,ORB
STARLINK-35591,2025-288AB,66984,PAY,+,US,2025-12-08,AFETR,,94.27,43.00,485,482,,,EA,ORB
STARLINK-36103,2025-288AC,66985,PAY,+,US,2025-12-08,AFETR,,94.27,43.01,485,481,,,EA,ORB
STARLINK-36135,2025-288AD,66986,PAY,+,US,2025-12-08,AFETR,,94.27,43.00,484,482,,,EA,ORB
STARLINK-36147,2025-288AE,66987,PAY,+,US,2025-12-08,AFETR,,94.27,43.00,484,482,,,EA,ORB
STARLINK-35660,2025-293A,67003,PAY,+,US,2025-12-10,AFWTR,,96.11,70.00,574,570,,,EA,ORB
STARLINK-35913,2025-293B,67004,PAY,+,US,2025-12-10,AFWTR,,96.11,70.00,574,570,,,EA,ORB
STARLINK-36148,2025-293C,67005,PAY,+,US,2025-12-10,AFWTR,,96.11,70.00,574,570,,,EA,ORB
STARLINK-36156,2025-293D,67006,PAY,+,US,2025-12-10,AFWTR,,96.11,70.00,574,570,,,EA,ORB
STARLINK-36123,2025-293E,67007,PAY,+,US,2025-12-10,AFWTR,,96.11,70.00,574,569,,,EA,ORB
STARLINK-36163,2025-293F,67008,PAY,+,US,2025-12-10,AFWTR,,96.11,70.00,575,570,,,EA,ORB
STARLINK-36118,2025-293G,67009,PAY,+,US,2025-12-10,AFWTR,,96.11,70.00,575,570,,,EA,ORB
STARLINK-36189,2025-293H,67010,PAY,+,US,2025-12-10,AFWTR,,96.11,70.00,574,570,,,EA,ORB
STARLINK-36167,2025-293J,67011,PAY,+,US,2025-12-10,AFWTR,,96.11,70.00,575,570,,,EA,ORB
STARLINK-36175,2025-293K,67012,PAY,+,US,2025-12-10,AFWTR,,96.11,70.00,574,570,,,EA,ORB
STARLINK-35856,2025-293L,67013,PAY,+,US,2025-12-10,AFWTR,,96.11,70.00,574,570,,,EA,ORB
STARLINK-36207,2025-293M,67014,PAY,+,US,2025-12-10,AFWTR,,96.11,70.00,574,570,,,EA,ORB
STARLINK-36093,2025-293N,67015,PAY,+,US,2025-12-10,AFWTR,,96.11,70.00,575,569,,,EA,ORB
STARLINK-36120,2025-293P,67016,PAY,+,US,2025-12-10,AFWTR,,96.11,70.00,575,570,,,EA,ORB
STARLINK-35498,2025-293Q,67017,PAY,+,US,2025-12-10,AFWTR,,96.11,70.00,574,570,,,EA,ORB
STARLINK-36106,2025-293R,67018,PAY,+,US,2025-12-10,AFWTR,,96.11,70.00,574,570,,,EA,ORB
STARLINK-35688,2025-293S,67019,PAY,+,US,2025-12-10,AFWTR,,96.11,70.00,574,570,,,EA,ORB
STARLINK-36172,2025-293T,67020,PAY,+,US,2025-12-10,AFWTR,,96.11,70.00,575,570,,,EA,ORB
STARLINK-36184,2025-293U,67021,PAY,+,US,2025-12-10,AFWTR,,96.11,70.00,574,570,,,EA,ORB
STARLINK-36209,2025-293V,67022,PAY,+,US,2025-12-10,AFWTR,,96.11,70.00,575,569,,,EA,ORB
STARLINK-36191,2025-293W,67023,PAY,+,US,2025-12-10,AFWTR,,96.11,70.00,574,570,,,EA,ORB
STARLINK-36192,2025-293X,67024,PAY,+,US,2025-12-10,AFWTR,,96.11,70.00,574,570,,,EA,ORB
STARLINK-36178,2025-293Y,67025,PAY,+,US,2025-12-10,AFWTR,,96.11,70.00,574,570,,,EA,ORB
STARLINK-36176,2025-293Z,67026,PAY,+,US,2025-12-10,AFWTR,,96.11,70.00,574,570,,,EA,ORB
STARLINK-36171,2025-293AA,67027,PAY,+,US,2025-12-10,AFWTR,,96.11,70.00,574,570,,,EA,ORB
STARLINK-36132,2025-293AB,67028,PAY,+,US,2025-12-10,AFWTR,,96.11,70.00,574,570,,,EA,ORB
STARLINK-36190,2025-293AC,67029,PAY,+,US,2025-12-10,AFWTR,,96.11,70.00,574,570,,,EA,ORB
STARLINK-36138,2025-294A,67030,PAY,+,US,2025-12-11,AFETR,,94.27,43.00,485,481,,,EA,ORB
STARLINK-36150,2025-294B,67031,PAY,+,US,2025-12-11,AFETR,,94.27,43.00,484,482,,,EA,ORB
STARLINK-36131,2025-294C,67032,PAY,+,US,2025-12-11,AFETR,,94.27,43.00,484,482,,,EA,ORB
STARLINK-36137,2025-294D,67033,PAY,+,US,2025-12-11,AFETR,,94.27,43.00,484,482,,,EA,ORB
STARLINK-36140,2025-294E,67034,PAY,+,US,2025-12-11,AFETR,,94.27,43.00,484,482,,,EA,ORB
STARLINK-36085,2025-294F,67035,PAY,+,US,2025-12-11,AFETR,,94.27,43.00,484,482,,,EA,ORB
STARLINK-36125,2025-294G,67036,PAY,+,US,2025-12-11,AFETR,,94.27,43.00,484,482,,,EA,ORB
STARLINK-35732,2025-294H,67037,PAY,+,US,2025-12-11,AFETR,,94.27,43.00,484,482,,,EA,ORB
STARLINK-35775,2025-294J,67038,PAY,+,US,2025-12-11,AFETR,,94.27,43.00,484,482,,,EA,ORB
STARLINK-35705,2025-294K,67039,PAY,+,US,2025-12-11,AFETR,,94.27,43.00,484,482,,,EA,ORB
STARLINK-35786,2025-294L,67040,PAY,+,US,2025-12-11,AFETR,,94.27,43.00,484,482,,,EA,ORB
STARLINK-35765,2025-294M,67041,PAY,+,US,2025-12-11,AFETR,,94.27,43.00,484,482,,,EA,ORB
STARLINK-35773,2025-294N,67042,PAY,+,US,2025-12-11,AFETR,,94.27,43.01,486,481,,,EA,ORB
STARLINK-35901,2025-294P,67043,PAY,+,US,2025-12-11,AFETR,,94.27,43.01,485,481,,,EA,ORB
STARLINK-35884,2025-294Q,67044,PAY,+,US,2025-12-11,AFETR,,94.27,43.00,484,482,,,EA,ORB
STARLINK-35891,2025-294R,67045,PAY,+,US,2025-12-11,AFETR,,94.27,43.00,484,482,,,EA,ORB
STARLINK-35721,2025-294S,67046,PAY,+,US,2025-12-11,AFETR,,94.27,43.00,484,482,,,EA,ORB
STARLINK-35779,2025-294T,67047,PAY,+,US,2025-12-11,AFETR,,94.27,43.00,484,482,,,EA,ORB
STARLINK-35905,2025-294U,67048,PAY,+,US,2025-12-11,AFETR,,94.27,43.00,485,481,,,EA,ORB
STARLINK-35877,2025-294V,67049,PAY,+,US,2025-12-11,AFETR,,94.27,43.00,483,483,,,EA,ORB
STARLINK-36078,2025-294W,67050,PAY,+,US,2025-12-11,AFETR,,94.27,43.00,485,481,,,EA,ORB
STARLINK-35706,2025-294X,67051,PAY,+,US,2025-12-11,AFETR,,94.27,43.00,484,482,,,EA,ORB
STARLINK-35720,2025-294Y,67052,PAY,+,US,2025-12-11,AFETR,,94.27,43.00,484,482,,,EA,ORB
STARLINK-35739,2025-294Z,67053,PAY,+,US,2025-12-11,AFETR,,94.27,43.00,484,482,,,EA,ORB
STARLINK-35754,2025-294AA,67054,PAY,+,US,2025-12-11,AFETR,,94.27,43.00,484,482,,,EA,ORB
STARLINK-35790,2025-294AB,67055,PAY,+,US,2025-12-11,AFETR,,94.27,43.00,484,482,,,EA,ORB
STARLINK-36143,2025-294AC,67056,PAY,+,US,2025-12-11,AFETR,,94.27,43.01,484,482,,,EA,ORB
STARLINK-36141,2025-294AD,67057,PAY,+,US,2025-12-11,AFETR,,94.27,43.00,484,482,,,EA,ORB
STARLINK-35767,2025-294AE,67058,PAY,+,US,2025-12-11,AFETR,,94.27,43.00,484,482,,,EA,ORB
STARLINK-36230,2025-298A,67075,PAY,+,US,2025-12-14,AFWTR,,96.11,70.00,575,569,,,EA,ORB
STARLINK-36240,2025-298B,67076,PAY,+,US,2025-12-14,AFWTR,,96.11,70.00,575,569,,,EA,ORB
STARLINK-36243,2025-298C,67077,PAY,+,US,2025-12-14,AFWTR,,96.11,70.00,575,569,,,EA,ORB
STARLINK-36236,2025-298D,67078,PAY,+,US,2025-12-14,AFWTR,,96.11,70.00,575,569,,,EA,ORB
STARLINK-36159,2025-298E,67079,PAY,+,US,2025-12-14,AFWTR,,96.11,70.00,575,569,,,EA,ORB
STARLINK-36158,2025-298F,67080,PAY,+,US,2025-12-14,AFWTR,,96.11,70.00,575,569,,,EA,ORB
STARLINK-35864,2025-298G,67081,PAY,+,US,2025-12-14,AFWTR,,96.11,70.00,574,570,,,EA,ORB
STARLINK-36035,2025-298H,67082,PAY,+,US,2025-12-14,AFWTR,,96.11,70.00,575,569,,,EA,ORB
STARLINK-36170,2025-298J,67083,PAY,+,US,2025-12-14,AFWTR,,96.11,70.00,575,569,,,EA,ORB
STARLINK-36166,2025-298K,67084,PAY,+,US,2025-12-14,AFWTR,,96.11,70.00,575,569,,,EA,ORB
STARLINK-35794,2025-298L,67085,PAY,+,US,2025-12-14,AFWTR,,96.11,70.00,575,570,,,EA,ORB
STARLINK-35841,2025-298M,67086,PAY,+,US,2025-12-14,AFWTR,,96.11,70.00,575,570,,,EA,ORB
STARLINK-35842,2025-298N,67087,PAY,+,US,2025-12-14,AFWTR,,96.11,70.00,575,569,,,EA,ORB
STARLINK-35882,2025-298P,67088,PAY,+,US,2025-12-14,AFWTR,,96.11,70.00,575,569,,,EA,ORB
STARLINK-35763,2025-298Q,67089,PAY,+,US,2025-12-14,AFWTR,,96.11,70.00,575,569,,,EA,ORB
STARLINK-36060,2025-298R,67090,PAY,+,US,2025-12-14,AFWTR,,96.11,70.00,575,569,,,EA,ORB
STARLINK-36097,2025-298S,67091,PAY,+,US,2025-12-14,AFWTR,,92.37,69.98,396,386,,,EA,ORB
STARLINK-35792,2025-298T,67092,PAY,+,US,2025-12-14,AFWTR,,96.11,70.00,575,569,,,EA,ORB
STARLINK-35784,2025-298U,67093,PAY,+,US,2025-12-14,AFWTR,,96.11,70.00,575,569,,,EA,ORB
STARLINK-36202,2025-298V,67094,PAY,+,US,2025-12-14,AFWTR,,96.11,70.00,575,569,,,EA,ORB
STARLINK-36227,2025-298W,67095,PAY,+,US,2025-12-14,AFWTR,,96.11,70.00,575,569,,,EA,ORB
STARLINK-36228,2025-298X,67096,PAY,+,US,2025-12-14,AFWTR,,96.11,70.00,575,569,,,EA,ORB
STARLINK-36222,2025-298Y,67097,PAY,+,US,2025-12-14,AFWTR,,96.11,70.00,575,569,,,EA,ORB
STARLINK-36205,2025-298Z,67098,PAY,+,US,2025-12-14,AFWTR,,96.11,70.00,575,570,,,EA,ORB
STARLINK-36193,2025-298AA,67099,PAY,+,US,2025-12-14,AFWTR,,96.11,70.00,575,569,,,EA,ORB
STARLINK-36215,2025-298AB,67100,PAY,+,US,2025-12-14,AFWTR,,96.11,70.00,575,570,,,EA,ORB
STARLINK-36200,2025-298AC,67101,PAY,+,US,2025-12-14,AFWTR,,96.11,70.00,575,569,,,EA,ORB
STARLINK-36255,2025-299A,67102,PAY,+,US,2025-12-15,AFETR,,93.89,43.00,466,463,,,EA,ORB
STARLINK-36256,2025-299B,67103,PAY,+,US,2025-12-15,AFETR,,94.27,43.00,484,482,,,EA,ORB
STARLINK-36258,2025-299C,67104,PAY,+,US,2025-12-15,AFETR,,94.27,43.00,484,482,,,EA,ORB
STARLINK-36261,2025-299D,67105,PAY,+,US,2025-12-15,AFETR,,94.27,43.00,484,482,,,EA,ORB
STARLINK-36259,2025-299E,67106,PAY,+,US,2025-12-15,AFETR,,94.27,43.00,484,482,,,EA,ORB
STARLINK-36196,2025-299F,67107,PAY,+,US,2025-12-15,AFETR,,94.27,43.00,484,482,,,EA,ORB
STARLINK-36208,2025-299G,67108,PAY,+,US,2025-12-15,AFETR,,94.27,43.00,484,482,,,EA,ORB
STARLINK-35764,2025-299H,67109,PAY,+,US,2025-12-15,AFETR,,94.27,43.00,484,482,,,EA,ORB
STARLINK-35781,2025-299J,67110,PAY,+,US,2025-12-15,AFETR,,94.27,43.00,484,482,,,EA,ORB
STARLINK-35875,2025-299K,67111,PAY,+,US,2025-12-15,AFETR,,94.27,43.00,484,482,,,EA,ORB
STARLINK-35906,2025-299L,67112,PAY,+,US,2025-12-15,AFETR,,94.27,43.00,484,482,,,EA,ORB
STARLINK-35789,2025-299M,67113,PAY,+,US,2025-12-15,AFETR,,94.27,43.00,484,482,,,EA,ORB
STARLINK-36180,2025-299N,67114,PAY,+,US,2025-12-15,AFETR,,94.27,43.00,484,482,,,EA,ORB
STARLINK-35892,2025-299P,67115,PAY,+,US,2025-12-15,AFETR,,94.27,43.00,484,482,,,EA,ORB
STARLINK-35738,2025-299Q,67116,PAY,+,US,2025-12-15,AFETR,,94.26,43.00,484,482,,,EA,ORB
STARLINK-35674,2025-299R,67117,PAY,+,US,2025-12-15,AFETR,,94.27,43.00,484,483,,,EA,ORB
STARLINK-35701,2025-299S,67118,PAY,+,US,2025-12-15,AFETR,,94.27,43.00,484,482,,,EA,ORB
STARLINK-36179,2025-299T,67119,PAY,+,US,2025-12-15,AFETR,,94.27,43.00,484,482,,,EA,ORB
STARLINK-36217,2025-299U,67120,PAY,+,US,2025-12-15,AFETR,,94.27,43.00,484,482,,,EA,ORB
STARLINK-36124,2025-299V,67121,PAY,+,US,2025-12-15,AFETR,,94.27,43.00,485,481,,,EA,ORB
STARLINK-36188,2025-299W,67122,PAY,+,US,2025-12-15,AFETR,,94.27,43.00,484,482,,,EA,ORB
STARLINK-36151,2025-299X,67123,PAY,+,US,2025-12-15,AFETR,,94.27,43.00,484,482,,,EA,ORB
STARLINK-36195,2025-299Y,67124,PAY,+,US,2025-12-15,AFETR,,94.27,43.00,484,482,,,EA,ORB
STARLINK-36219,2025-299Z,67125,PAY,+,US,2025-12-15,AFETR,,94.27,43.01,485,481,,,EA,ORB
STARLINK-36223,2025-299AA,67126,PAY,+,US,2025-12-15,AFETR,,94.27,43.00,484,482,,,EA,ORB
STARLINK-36164,2025-299AB,67127,PAY,+,US,2025-12-15,AFETR,,94.27,43.00,483,483,,,EA,ORB
STARLINK-35685,2025-299AC,67128,PAY,+,US,2025-12-15,AFETR,,94.27,43.00,484,482,,,EA,ORB
STARLINK-36214,2025-299AD,67129,PAY,+,US,2025-12-15,AFETR,,94.27,43.00,484,482,,,EA,ORB
STARLINK-36194,2025-299AE,67130,PAY,+,US,2025-12-15,AFETR,,94.27,43.00,484,482,,,EA,ORB
STARLINK-35755,2025-303A,67163,PAY,+,US,2025-12-17,AFETR,,94.27,43.00,484,482,,,EA,ORB
STARLINK-36201,2025-303B,67164,PAY,+,US,2025-12-17,AFETR,,94.27,43.00,484,482,,,EA,ORB
STARLINK-36186,2025-303C,67165,PAY,+,US,2025-12-17,AFETR,,94.27,43.00,484,482,,,EA,ORB
STARLINK-36174,2025-303D,67166,PAY,+,US,2025-12-17,AFETR,,94.27,43.00,483,483,,,EA,ORB
STARLINK-36198,2025-303E,67167,PAY,+,US,2025-12-17,AFETR,,94.27,43.00,484,482,,,EA,ORB
STARLINK-35903,2025-303F,67168,PAY,+,US,2025-12-17,AFETR,,94.27,43.00,484,482,,,EA,ORB
STARLINK-35839,2025-303G,67169,PAY,+,US,2025-12-17,AFETR,,94.27,43.00,484,482,,,EA,ORB
STARLINK-35863,2025-303H,67170,PAY,+,US,2025-12-17,AFETR,,94.27,43.00,484,482,,,EA,ORB
STARLINK-35771,2025-303J,67171,PAY,+,US,2025-12-17,AFETR,,94.27,43.00,484,482,,,EA,ORB
STARLINK-35762,2025-303K,67172,PAY,+,US,2025-12-17,AFETR,,94.27,43.00,484,482,,,EA,ORB
STARLINK-36183,2025-303L,67173,PAY,+,US,2025-12-17,AFETR,,94.27,43.00,484,482,,,EA,ORB
STARLINK-36210,2025-303M,67174,PAY,+,US,2025-12-17,AFETR,,94.27,43.00,485,481,,,EA,ORB
STARLINK-35756,2025-303N,67175,PAY,+,US,2025-12-17,AFETR,,94.27,43.00,485,481,,,EA,ORB
STARLINK-35785,2025-303P,67176,PAY,+,US,2025-12-17,AFETR,,94.27,43.00,484,482,,,EA,ORB
STARLINK-35853,2025-303Q,67177,PAY,+,US,2025-12-17,AFETR,,94.27,43.01,486,480,,,EA,ORB
STARLINK-35878,2025-303R,67178,PAY,+,US,2025-12-17,AFETR,,94.27,43.00,484,482,,,EA,ORB
STARLINK-35793,2025-303S,67179,PAY,+,US,2025-12-17,AFETR,,94.27,43.00,484,482,,,EA,ORB
STARLINK-35876,2025-303T,67180,PAY,+,US,2025-12-17,AFETR,,94.27,43.00,484,482,,,EA,ORB
STARLINK-35766,2025-303U,67181,PAY,+,US,2025-12-17,AFETR,,94.27,43.00,484,482,,,EA,ORB
STARLINK-35782,2025-303V,67182,PAY,+,US,2025-12-17,AFETR,,94.27,43.00,484,482,,,EA,ORB
STARLINK-35719,2025-303W,67183,PAY,+,US,2025-12-17,AFETR,,94.27,43.00,484,482,,,EA,ORB
STARLINK-35910,2025-303X,67184,PAY,+,US,2025-12-17,AFETR,,94.27,43.00,484,482,,,EA,ORB
STARLINK-35859,2025-303Y,67185,PAY,+,US,2025-12-17,AFETR,,94.26,43.00,483,482,,,EA,ORB
STARLINK-35857,2025-303Z,67186,PAY,+,US,2025-12-17,AFETR,,94.27,43.01,485,481,,,EA,ORB
STARLINK-35880,2025-303AA,67187,PAY,+,US,2025-12-17,AFETR,,94.27,43.00,484,482,,,EA,ORB
STARLINK-35675,2025-303AB,67188,PAY,+,US,2025-12-17,AFETR,,94.27,43.00,484,482,,,EA,ORB
STARLINK-35889,2025-303AC,67189,PAY,+,US,2025-12-17,AFETR,,94.27,43.00,484,482,,,EA,ORB
STARLINK-35888,2025-303AD,67190,PAY,+,US,2025-12-17,AFETR,,94.27,43.00,484,482,,,EA,ORB
STARLINK-35716,2025-303AE,67191,PAY,+,US,2025-12-17,AFETR,,94.27,43.00,484,482,,,EA,ORB
STARLINK-36182,2025-304A,67192,PAY,+,US,2025-12-17,AFWTR,,96.11,70.00,574,570,,,EA,ORB
STARLINK-36279,2025-304B,67193,PAY,+,US,2025-12-17,AFWTR,,96.11,70.00,574,570,,,EA,ORB
STARLINK-36284,2025-304C,67194,PAY,+,US,2025-12-17,AFWTR,,96.11,70.00,574,570,,,EA,ORB
STARLINK-36291,2025-304D,67195,PAY,+,US,2025-12-17,AFWTR,,96.11,70.00,574,570,,,EA,ORB
STARLINK-36239,2025-304E,67196,PAY,+,US,2025-12-17,AFWTR,,96.11,70.00,574,570,,,EA,ORB
STARLINK-36283,2025-304F,67197,PAY,+,US,2025-12-17,AFWTR,,96.11,70.00,574,570,,,EA,ORB
STARLINK-36267,2025-304G,67198,PAY,+,US,2025-12-17,AFWTR,,96.11,70.00,574,570,,,EA,ORB
STARLINK-36268,2025-304H,67199,PAY,+,US,2025-12-17,AFWTR,,96.11,70.00,574,570,,,EA,ORB
STARLINK-36270,2025-304J,67200,PAY,+,US,2025-12-17,AFWTR,,96.11,70.00,574,570,,,EA,ORB
STARLINK-36262,2025-304K,67201,PAY,+,US,2025-12-17,AFWTR,,96.11,70.00,574,570,,,EA,ORB
STARLINK-36263,2025-304L,67202,PAY,+,US,2025-12-17,AFWTR,,96.11,70.00,574,570,,,EA,ORB
STARLINK-36224,2025-304M,67203,PAY,+,US,2025-12-17,AFWTR,,96.11,70.00,574,570,,,EA,ORB
STARLINK-36185,2025-304N,67204,PAY,+,US,2025-12-17,AFWTR,,96.11,70.00,574,570,,,EA,ORB
STARLINK-36197,2025-304P,67205,PAY,+,US,2025-12-17,AFWTR,,96.11,70.00,574,570,,,EA,ORB
STARLINK-36056,2025-304Q,67206,PAY,+,US,2025-12-17,AFWTR,,96.11,70.00,575,569,,,EA,ORB
STARLINK-36225,2025-304R,67207,PAY,+,US,2025-12-17,AFWTR,,96.11,70.00,574,570,,,EA,ORB
STARLINK-36265,2025-304S,67208,PAY,+,US,2025-12-17,AFWTR,,96.11,70.00,574,570,,,EA,ORB
STARLINK-36226,2025-304T,67209,PAY,+,US,2025-12-17,AFWTR,,96.11,70.00,574,570,,,EA,ORB
STARLINK-36173,2025-304U,67210,PAY,+,US,2025-12-17,AFWTR,,96.11,70.00,574,570,,,EA,ORB
STARLINK-36280,2025-304V,67211,PAY,+,US,2025-12-17,AFWTR,,96.11,70.00,574,570,,,EA,ORB
STARLINK-36213,2025-304W,67212,PAY,+,US,2025-12-17,AFWTR,,96.11,70.00,574,570,,,EA,ORB
STARLINK-36199,2025-304X,67213,PAY,+,US,2025-12-17,AFWTR,,96.11,70.00,574,570,,,EA,ORB
STARLINK-36203,2025-304Y,67214,PAY,+,US,2025-12-17,AFWTR,,96.11,70.00,574,570,,,EA,ORB
STARLINK-36221,2025-304Z,67215,PAY,+,US,2025-12-17,AFWTR,,96.11,70.00,574,570,,,EA,ORB
STARLINK-36212,2025-304AA,67216,PAY,+,US,2025-12-17,AFWTR,,96.11,70.00,574,570,,,EA,ORB
STARLINK-36216,2025-304AB,67217,PAY,+,US,2025-12-17,AFWTR,,96.11,70.00,574,570,,,EA,ORB
STARLINK-36211,2025-304AC,67218,PAY,+,US,2025-12-17,AFWTR,,96.11,70.00,574,570,,,EA,ORB
STARLINK-36490,2026-002A,67305,PAY,+,US,2026-01-04,AFETR,,94.27,43.00,483,483,,,EA,ORB
STARLINK-36488,2026-002B,67306,PAY,+,US,2026-01-04,AFETR,,94.27,43.00,483,483,,,EA,ORB
STARLINK-36481,2026-002C,67307,PAY,+,US,2026-01-04,AFETR,,94.27,43.00,484,482,,,EA,ORB
STARLINK-36449,2026-002D,67308,PAY,+,US,2026-01-04,AFETR,,94.27,43.00,484,482,,,EA,ORB
STARLINK-36482,2026-002E,67309,PAY,+,US,2026-01-04,AFETR,,94.27,43.00,484,482,,,EA,ORB
STARLINK-36491,2026-002F,67310,PAY,+,US,2026-01-04,AFETR,,94.27,43.00,484,482,,,EA,ORB
STARLINK-36495,2026-002G,67311,PAY,+,US,2026-01-04,AFETR,,94.27,43.00,484,482,,,EA,ORB
STARLINK-36485,2026-002H,67312,PAY,+,US,2026-01-04,AFETR,,94.27,43.00,484,482,,,EA,ORB
STARLINK-36445,2026-002J,67313,PAY,+,US,2026-01-04,AFETR,,94.27,43.00,485,481,,,EA,ORB
STARLINK-36476,2026-002K,67314,PAY,+,US,2026-01-04,AFETR,,94.27,43.00,484,482,,,EA,ORB
STARLINK-36463,2026-002L,67315,PAY,+,US,2026-01-04,AFETR,,94.27,43.00,485,482,,,EA,ORB
STARLINK-36461,2026-002M,67316,PAY,+,US,2026-01-04,AFETR,,94.27,43.00,484,482,,,EA,ORB
STARLINK-36450,2026-002N,67317,PAY,+,US,2026-01-04,AFETR,,94.27,43.00,484,482,,,EA,ORB
STARLINK-36498,2026-002P,67318,PAY,+,US,2026-01-04,AFETR,,94.27,43.00,484,482,,,EA,ORB
STARLINK-36470,2026-002Q,67319,PAY,+,US,2026-01-04,AFETR,,94.27,43.00,484,482,,,EA,ORB
STARLINK-36500,2026-002R,67320,PAY,+,US,2026-01-04,AFETR,,94.27,43.00,485,481,,,EA,ORB
STARLINK-36462,2026-002S,67321,PAY,+,US,2026-01-04,AFETR,,94.26,43.00,484,482,,,EA,ORB
STARLINK-36434,2026-002T,67322,PAY,+,US,2026-01-04,AFETR,,94.27,43.00,484,482,,,EA,ORB
STARLINK-36497,2026-002U,67323,PAY,+,US,2026-01-04,AFETR,,94.27,43.00,484,482,,,EA,ORB
STARLINK-36471,2026-002V,67324,PAY,+,US,2026-01-04,AFETR,,94.27,43.00,484,482,,,EA,ORB
STARLINK-36473,2026-002W,67325,PAY,+,US,2026-01-04,AFETR,,94.27,43.00,484,482,,,EA,ORB
STARLINK-36430,2026-002X,67326,PAY,+,US,2026-01-04,AFETR,,94.27,43.00,484,482,,,EA,ORB
STARLINK-36501,2026-002Y,67327,PAY,+,US,2026-01-04,AFETR,,94.27,43.00,484,482,,,EA,ORB
STARLINK-36489,2026-002Z,67328,PAY,+,US,2026-01-04,AFETR,,94.27,43.00,485,481,,,EA,ORB
STARLINK-36496,2026-002AA,67329,PAY,+,US,2026-01-04,AFETR,,94.27,43.00,484,482,,,EA,ORB
STARLINK-36483,2026-002AB,67330,PAY,+,US,2026-01-04,AFETR,,94.27,43.00,485,481,,,EA,ORB
STARLINK-36494,2026-002AC,67331,PAY,+,US,2026-01-04,AFETR,,94.27,43.00,485,481,,,EA,ORB
STARLINK-36492,2026-002AD,67332,PAY,+,US,2026-01-04,AFETR,,94.27,43.00,484,482,,,EA,ORB
STARLINK-36427,2026-002AE,67333,PAY,+,US,2026-01-04,AFETR,,94.27,43.00,484,482,,,EA,ORB
STARLINK-35343,2026-003A,67334,PAY,+,US,2026-01-09,AFETR,,94.27,43.00,484,482,,,EA,ORB
STARLINK-36486,2026-003B,67335,PAY,+,US,2026-01-09,AFETR,,94.27,43.00,485,481,,,EA,ORB
STARLINK-36480,2026-003C,67336,PAY,+,US,2026-01-09,AFETR,,94.27,43.00,484,482,,,EA,ORB
STARLINK-36410,2026-003D,67337,PAY,+,US,2026-01-09,AFETR,,94.27,43.00,484,482,,,EA,ORB
STARLINK-36413,2026-003E,67338,PAY,+,US,2026-01-09,AFETR,,94.27,43.00,484,482,,,EA,ORB
STARLINK-36451,2026-003F,67339,PAY,+,US,2026-01-09,AFETR,,94.27,43.00,484,482,,,EA,ORB
STARLINK-36339,2026-003G,67340,PAY,+,US,2026-01-09,AFETR,,94.27,43.00,483,483,,,EA,ORB
STARLINK-36453,2026-003H,67341,PAY,+,US,2026-01-09,AFETR,,94.27,43.00,484,482,,,EA,ORB
STARLINK-36432,2026-003J,67342,PAY,+,US,2026-01-09,AFETR,,94.27,43.00,484,482,,,EA,ORB
STARLINK-36458,2026-003K,67343,PAY,+,US,2026-01-09,AFETR,,94.27,43.00,484,482,,,EA,ORB
STARLINK-36422,2026-003L,67344,PAY,+,US,2026-01-09,AFETR,,94.27,43.00,484,482,,,EA,ORB
STARLINK-35676,2026-003M,67345,PAY,+,US,2026-01-09,AFETR,,94.27,43.00,485,481,,,EA,ORB
STARLINK-36472,2026-003N,67346,PAY,+,US,2026-01-09,AFETR,,94.27,43.00,484,482,,,EA,ORB
STARLINK-36420,2026-003P,67347,PAY,+,US,2026-01-09,AFETR,,94.27,43.00,484,482,,,EA,ORB
STARLINK-36467,2026-003Q,67348,PAY,+,US,2026-01-09,AFETR,,94.26,43.00,483,483,,,EA,ORB
STARLINK-36457,2026-003R,67349,PAY,+,US,2026-01-09,AFETR,,94.27,42.99,483,483,,,EA,ORB
STARLINK-36475,2026-003S,67350,PAY,+,US,2026-01-09,AFETR,,94.27,43.00,484,482,,,EA,ORB
STARLINK-36478,2026-003T,67351,PAY,+,US,2026-01-09,AFETR,,94.27,43.00,485,482,,,EA,ORB
STARLINK-36479,2026-003U,67352,PAY,+,US,2026-01-09,AFETR,,94.27,43.00,484,482,,,EA,ORB
STARLINK-36474,2026-003V,67353,PAY,+,US,2026-01-09,AFETR,,94.27,43.00,484,482,,,EA,ORB
STARLINK-36448,2026-003W,67354,PAY,+,US,2026-01-09,AFETR,,94.27,43.00,484,482,,,EA,ORB
STARLINK-36477,2026-003X,67355,PAY,+,US,2026-01-09,AFETR,,94.27,43.00,484,482,,,EA,ORB
STARLINK-36429,2026-003Y,67356,PAY,+,US,2026-01-09,AFETR,,94.27,43.00,484,482,,,EA,ORB
STARLINK-36456,2026-003Z,67357,PAY,+,US,2026-01-09,AFETR,,94.27,43.00,483,483,,,EA,ORB
STARLINK-36466,2026-003AA,67358,PAY,+,US,2026-01-09,AFETR,,94.27,43.00,484,482,,,EA,ORB
STARLINK-36499,2026-003AB,67359,PAY,+,US,2026-01-09,AFETR,,94.27,43.00,484,482,,,EA,ORB
STARLINK-36469,2026-003AC,67360,PAY,+,US,2026-01-09,AFETR,,94.27,43.00,484,482,,,EA,ORB
STARLINK-35306,2026-003AD,67361,PAY,+,US,2026-01-09,AFETR,,94.27,43.00,484,482,,,EA,ORB
STARLINK-36428,2026-003AE,67362,PAY,+,US,2026-01-09,AFETR,,94.27,43.00,484,482,,,EA,ORB
STARLINK-36484,2026-005A,67404,PAY,+,US,2026-01-12,AFETR,,94.27,43.00,484,482,,,EA,ORB
STARLINK-36452,2026-005B,67405,PAY,+,US,2026-01-12,AFETR,,94.27,42.99,483,483,,,EA,ORB
STARLINK-36409,2026-005C,67406,PAY,+,US,2026-01-12,AFETR,,94.27,43.00,484,482,,,EA,ORB
STARLINK-36510,2026-005D,67407,PAY,+,US,2026-01-12,AFETR,,94.27,43.00,484,482,,,EA,ORB
STARLINK-36509,2026-005E,67408,PAY,+,US,2026-01-12,AFETR,,94.27,43.00,484,482,,,EA,ORB
STARLINK-36507,2026-005F,67409,PAY,+,US,2026-01-12,AFETR,,94.27,43.00,484,482,,,EA,ORB
STARLINK-36508,2026-005G,67410,PAY,+,US,2026-01-12,AFETR,,94.27,43.00,484,482,,,EA,ORB
STARLINK-36503,2026-005H,67411,PAY,+,US,2026-01-12,AFETR,,94.27,43.00,484,482,,,EA,ORB
STARLINK-36446,2026-005J,67412,PAY,+,US,2026-01-12,AFETR,,94.27,43.00,484,482,,,EA,ORB
STARLINK-36442,2026-005K,67413,PAY,+,US,2026-01-12,AFETR,,94.27,43.00,484,482,,,EA,ORB
STARLINK-36506,2026-005L,67414,PAY,+,US,2026-01-12,AFETR,,94.27,43.00,484,482,,,EA,ORB
STARLINK-36468,2026-005M,67415,PAY,+,US,2026-01-12,AFETR,,94.27,43.00,484,482,,,EA,ORB
STARLINK-36487,2026-005N,67416,PAY,+,US,2026-01-12,AFETR,,94.27,43.01,486,481,,,EA,ORB
STARLINK-36374,2026-005P,67417,PAY,+,US,2026-01-12,AFETR,,94.27,43.00,484,482,,,EA,ORB
STARLINK-36455,2026-005Q,67418,PAY,+,US,2026-01-12,AFETR,,94.27,43.01,484,481,,,EA,ORB
STARLINK-36424,2026-005R,67419,PAY,+,US,2026-01-12,AFETR,,94.27,43.00,484,482,,,EA,ORB
STARLINK-35564,2026-005S,67420,PAY,+,US,2026-01-12,AFETR,,94.27,43.00,484,482,,,EA,ORB
STARLINK-36431,2026-005T,67421,PAY,+,US,2026-01-12,AFETR,,94.27,43.00,484,482,,,EA,ORB
STARLINK-36418,2026-005U,67422,PAY,+,US,2026-01-12,AFETR,,94.27,43.00,484,482,,,EA,ORB
STARLINK-36465,2026-005V,67423,PAY,+,US,2026-01-12,AFETR,,94.27,43.00,484,482,,,EA,ORB
STARLINK-36362,2026-005W,67424,PAY,+,US,2026-01-12,AFETR,,94.27,43.01,484,482,,,EA,ORB
STARLINK-36447,2026-005X,67425,PAY,+,US,2026-01-12,AFETR,,94.27,43.00,484,482,,,EA,ORB
STARLINK-36146,2026-005Y,67426,PAY,+,US,2026-01-12,AFETR,,94.27,43.00,485,481,,,EA,ORB
STARLINK-36459,2026-005Z,67427,PAY,+,US,2026-01-12,AFETR,,94.27,43.01,485,481,,,EA,ORB
STARLINK-36464,2026-005AA,67428,PAY,+,US,2026-01-12,AFETR,,94.27,43.00,484,482,,,EA,ORB
STARLINK-36513,2026-005AB,67429,PAY,+,US,2026-01-12,AFETR,,94.27,43.00,484,482,,,EA,ORB
STARLINK-36515,2026-005AC,67430,PAY,+,US,2026-01-12,AFETR,,94.27,43.00,485,481,,,EA,ORB
STARLINK-36443,2026-005AD,67431,PAY,+,US,2026-01-12,AFETR,,94.27,43.00,483,483,,,EA,ORB
STARLINK-36460,2026-005AE,67432,PAY,+,US,2026-01-12,AFETR,,94.27,43.00,484,482,,,EA,ORB
STARLINK-36542,2026-008A,67445,PAY,+,US,2026-01-14,AFETR,,94.27,43.00,484,482,,,EA,ORB
STARLINK-36539,2026-008B,67446,PAY,+,US,2026-01-14,AFETR,,94.27,43.00,484,482,,,EA,ORB
STARLINK-36440,2026-008C,67447,PAY,+,US,2026-01-14,AFETR,,94.27,43.00,484,482,,,EA,ORB
STARLINK-36423,2026-008D,67448,PAY,+,US,2026-01-14,AFETR,,94.27,43.00,484,482,,,EA,ORB
STARLINK-36519,2026-008E,67449,PAY,+,US,2026-01-14,AFETR,,94.27,43.00,484,483,,,EA,ORB
STARLINK-36525,2026-008F,67450,PAY,+,US,2026-01-14,AFETR,,94.27,43.00,484,482,,,EA,ORB
STARLINK-36511,2026-008G,67451,PAY,+,US,2026-01-14,AFETR,,94.27,43.00,484,482,,,EA,ORB
STARLINK-36524,2026-008H,67452,PAY,+,US,2026-01-14,AFETR,,94.27,43.00,484,482,,,EA,ORB
STARLINK-36518,2026-008J,67453,PAY,+,US,2026-01-14,AFETR,,94.27,43.00,484,482,,,EA,ORB
STARLINK-36517,2026-008K,67454,PAY,+,US,2026-01-14,AFETR,,94.27,43.00,484,482,,,EA,ORB
STARLINK-36516,2026-008L,67455,PAY,+,US,2026-01-14,AFETR,,94.27,43.00,484,482,,,EA,ORB
STARLINK-36493,2026-008M,67456,PAY,+,US,2026-01-14,AFETR,,94.27,43.00,484,482,,,EA,ORB
STARLINK-36529,2026-008N,67457,PAY,+,US,2026-01-14,AFETR,,94.27,43.00,484,482,,,EA,ORB
STARLINK-36528,2026-008P,67458,PAY,+,US,2026-01-14,AFETR,,94.27,43.00,484,482,,,EA,ORB
STARLINK-36546,2026-008Q,67459,PAY,+,US,2026-01-14,AFETR,,94.27,43.00,484,482,,,EA,ORB
STARLINK-36523,2026-008R,67460,PAY,+,US,2026-01-14,AFETR,,94.27,43.00,484,482,,,EA,ORB
STARLINK-36522,2026-008S,67461,PAY,+,US,2026-01-14,AFETR,,94.27,43.00,484,482,,,EA,ORB
STARLINK-36504,2026-008T,67462,PAY,+,US,2026-01-14,AFETR,,94.27,43.00,484,482,,,EA,ORB
STARLINK-36505,2026-008U,67463,PAY,+,US,2026-01-14,AFETR,,94.27,43.00,484,482,,,EA,ORB
STARLINK-36421,2026-008V,67464,PAY,+,US,2026-01-14,AFETR,,94.27,43.00,484,482,,,EA,ORB
STARLINK-36437,2026-008W,67465,PAY,+,US,2026-01-14,AFETR,,94.27,43.00,484,482,,,EA,ORB
STARLINK-36520,2026-008X,67466,PAY,+,US,2026-01-14,AFETR,,94.27,43.00,484,482,,,EA,ORB
STARLINK-36425,2026-008Y,67467,PAY,+,US,2026-01-14,AFETR,,94.27,43.00,484,482,,,EA,ORB
STARLINK-36414,2026-008Z,67468,PAY,+,US,2026-01-14,AFETR,,94.27,43.00,484,482,,,EA,ORB
STARLINK-36441,2026-008AA,67469,PAY,+,US,2026-01-14,AFETR,,94.27,43.00,484,482,,,EA,ORB
STARLINK-36454,2026-008AB,67470,PAY,+,US,2026-01-14,AFETR,,94.27,43.00,484,482,,,EA,ORB
STARLINK-36334,2026-008AC,67471,PAY,+,US,2026-01-14,AFETR,,94.27,43.00,484,482,,,EA,ORB
STARLINK-36269,2026-008AD,67472,PAY,+,US,2026-01-14,AFETR,,94.27,43.00,484,482,,,EA,ORB
STARLINK-36408,2026-008AE,67473,PAY,+,US,2026-01-14,AFETR,,94.27,43.00,483,483,,,EA,ORB
STARLINK-36551,2026-012A,67493,PAY,+,US,2026-01-18,AFETR,,94.27,43.00,484,482,,,EA,ORB
STARLINK-36396,2026-012B,67494,PAY,+,US,2026-01-18,AFETR,,94.27,43.00,484,482,,,EA,ORB
STARLINK-36550,2026-012C,67495,PAY,+,US,2026-01-18,AFETR,,94.27,43.00,484,482,,,EA,ORB
STARLINK-36534,2026-012D,67496,PAY,+,US,2026-01-18,AFETR,,94.27,43.00,484,482,,,EA,ORB
STARLINK-36555,2026-012E,67497,PAY,+,US,2026-01-18,AFETR,,94.27,43.00,484,482,,,EA,ORB
STARLINK-36081,2026-012F,67498,PAY,+,US,2026-01-18,AFETR,,94.27,43.00,484,482,,,EA,ORB
STARLINK-36558,2026-012G,67499,PAY,+,US,2026-01-18,AFETR,,94.27,43.00,484,482,,,EA,ORB
STARLINK-36557,2026-012H,67500,PAY,+,US,2026-01-18,AFETR,,94.27,43.00,484,482,,,EA,ORB
STARLINK-36433,2026-012J,67501,PAY,+,US,2026-01-18,AFETR,,94.27,43.00,484,482,,,EA,ORB
STARLINK-36554,2026-012K,67502,PAY,P,US,2026-01-18,AFETR,,94.27,43.00,484,482,,,EA,ORB
STARLINK-36552,2026-012L,67503,PAY,+,US,2026-01-18,AFETR,,94.27,43.01,485,481,,,EA,ORB
STARLINK-36512,2026-012M,67504,PAY,+,US,2026-01-18,AFETR,,94.27,43.00,484,482,,,EA,ORB
STARLINK-36545,2026-012N,67505,PAY,+,US,2026-01-18,AFETR,,94.27,43.00,484,482,,,EA,ORB
STARLINK-36553,2026-012P,67506,PAY,+,US,2026-01-18,AFETR,,94.27,43.00,484,482,,,EA,ORB
STARLINK-36521,2026-012Q,67507,PAY,+,US,2026-01-18,AFETR,,94.27,43.00,488,478,,,EA,ORB
STARLINK-36526,2026-012R,67508,PAY,+,US,2026-01-18,AFETR,,94.27,43.00,484,482,,,EA,ORB
STARLINK-36541,2026-012S,67509,PAY,+,US,2026-01-18,AFETR,,94.27,43.00,484,482,,,EA,ORB
STARLINK-36549,2026-012T,67510,PAY,+,US,2026-01-18,AFETR,,94.27,43.00,484,482,,,EA,ORB
STARLINK-36540,2026-012U,67511,PAY,+,US,2026-01-18,AFETR,,94.27,43.00,486,480,,,EA,ORB
STARLINK-36538,2026-012V,67512,PAY,+,US,2026-01-18,AFETR,,94.27,43.00,484,482,,,EA,ORB
STARLINK-36531,2026-012W,67513,PAY,+,US,2026-01-18,AFETR,,94.27,43.00,484,482,,,EA,ORB
STARLINK-36530,2026-012X,67514,PAY,+,US,2026-01-18,AFETR,,94.27,43.00,484,482,,,EA,ORB
STARLINK-36543,2026-012Y,67515,PAY,+,US,2026-01-18,AFETR,,94.27,43.00,484,482,,,EA,ORB
STARLINK-36537,2026-012Z,67516,PAY,+,US,2026-01-18,AFETR,,94.27,43.00,484,482,,,EA,ORB
STARLINK-36544,2026-012AA,67517,PAY,+,US,2026-01-18,AFETR,,94.27,43.00,484,482,,,EA,ORB
STARLINK-36412,2026-012AB,67518,PAY,+,US,2026-01-18,AFETR,,94.27,43.00,484,482,,,EA,ORB
STARLINK-36415,2026-012AC,67519,PAY,+,US,2026-01-18,AFETR,,94.27,43.01,485,481,,,EA,ORB
STARLINK-36547,2026-012AD,67520,PAY,+,US,2026-01-18,AFETR,,94.27,43.00,484,482,,,EA,ORB
STARLINK-36444,2026-012AE,67521,PAY,+,US,2026-01-18,AFETR,,94.27,43.00,484,482,,,EA,ORB
STARLINK-36587,2026-014A,67532,PAY,+,US,2026-01-22,AFWTR,,93.91,97.28,467,464,,,EA,ORB
STARLINK-36417,2026-014B,67533,PAY,+,US,2026-01-22,AFWTR,,93.91,97.28,467,464,,,EA,ORB
STARLINK-36576,2026-014C,67534,PAY,+,US,2026-01-22,AFWTR,,93.91,97.28,467,464,,,EA,ORB
STARLINK-36574,2026-014D,67535,PAY,+,US,2026-01-22,AFWTR,,93.91,97.28,467,464,,,EA,ORB
STARLINK-36572,2026-014E,67536,PAY,+,US,2026-01-22,AFWTR,,93.91,97.28,466,465,,,EA,ORB
STARLINK-36561,2026-014F,67537,PAY,+,US,2026-01-22,AFWTR,,93.91,97.28,468,463,,,EA,ORB
STARLINK-36397,2026-014G,67538,PAY,+,US,2026-01-22,AFWTR,,93.91,97.28,467,464,,,EA,ORB
STARLINK-36573,2026-014H,67539,PAY,+,US,2026-01-22,AFWTR,,93.91,97.28,467,464,,,EA,ORB
STARLINK-36585,2026-014J,67540,PAY,+,US,2026-01-22,AFWTR,,93.91,97.28,466,465,,,EA,ORB
STARLINK-36579,2026-014K,67541,PAY,+,US,2026-01-22,AFWTR,,93.91,97.28,467,464,,,EA,ORB
STARLINK-35934,2026-014L,67542,PAY,+,US,2026-01-22,AFWTR,,93.91,97.28,467,465,,,EA,ORB
STARLINK-36581,2026-014M,67543,PAY,+,US,2026-01-22,AFWTR,,93.91,97.29,466,465,,,EA,ORB
STARLINK-36565,2026-014N,67544,PAY,+,US,2026-01-22,AFWTR,,93.91,97.28,468,463,,,EA,ORB
STARLINK-36583,2026-014P,67545,PAY,+,US,2026-01-22,AFWTR,,93.91,97.28,467,465,,,EA,ORB
STARLINK-36580,2026-014Q,67546,PAY,+,US,2026-01-22,AFWTR,,93.91,97.28,467,464,,,EA,ORB
STARLINK-36584,2026-014R,67547,PAY,+,US,2026-01-22,AFWTR,,93.91,97.29,467,464,,,EA,ORB
STARLINK-36586,2026-014S,67548,PAY,+,US,2026-01-22,AFWTR,,93.91,97.28,466,465,,,EA,ORB
STARLINK-36564,2026-014T,67549,PAY,+,US,2026-01-22,AFWTR,,93.91,97.28,466,465,,,EA,ORB
STARLINK-36563,2026-014U,67550,PAY,+,US,2026-01-22,AFWTR,,93.91,97.28,467,464,,,EA,ORB
STARLINK-36566,2026-014V,67551,PAY,+,US,2026-01-22,AFWTR,,93.91,97.28,467,464,,,EA,ORB
STARLINK-36567,2026-014W,67552,PAY,+,US,2026-01-22,AFWTR,,93.91,97.28,468,463,,,EA,ORB
STARLINK-36569,2026-014X,67553,PAY,+,US,2026-01-22,AFWTR,,93.91,97.28,467,464,,,EA,ORB
STARLINK-36395,2026-014Y,67554,PAY,+,US,2026-01-22,AFWTR,,93.91,97.28,467,464,,,EA,ORB
STARLINK-36559,2026-014Z,67555,PAY,+,US,2026-01-22,AFWTR,,93.91,97.28,467,464,,,EA,ORB
STARLINK-36426,2026-014AA,67560,PAY,+,US,2026-01-22,AFWTR,,93.91,97.28,467,464,,,EA,ORB
STARLINK-36621,2026-016A,67561,PAY,+,US,2026-01-25,AFWTR,,93.91,97.28,466,465,,,EA,ORB
STARLINK-36398,2026-016B,67562,PAY,+,US,2026-01-25,AFWTR,,93.91,97.28,466,465,,,EA,ORB
STARLINK-36403,2026-016C,67563,PAY,+,US,2026-01-25,AFWTR,,93.91,97.28,466,465,,,EA,ORB
STARLINK-36593,2026-016D,67564,PAY,+,US,2026-01-25,AFWTR,,93.91,97.28,466,465,,,EA,ORB
STARLINK-35725,2026-016E,67565,PAY,+,US,2026-01-25,AFWTR,,93.91,97.28,466,465,,,EA,ORB
STARLINK-36394,2026-016F,67566,PAY,+,US,2026-01-25,AFWTR,,93.91,97.28,466,465,,,EA,ORB
STARLINK-36352,2026-016G,67567,PAY,+,US,2026-01-25,AFWTR,,93.91,97.28,466,465,,,EA,ORB
STARLINK-36435,2026-016H,67568,PAY,+,US,2026-01-25,AFWTR,,93.91,97.28,466,465,,,EA,ORB
STARLINK-36575,2026-016J,67569,PAY,+,US,2026-01-25,AFWTR,,93.91,97.29,466,465,,,EA,ORB
STARLINK-36562,2026-016K,67570,PAY,+,US,2026-01-25,AFWTR,,93.91,97.29,467,464,,,EA,ORB
STARLINK-36578,2026-016L,67571,PAY,+,US,2026-01-25,AFWTR,,93.91,97.28,466,465,,,EA,ORB
STARLINK-36350,2026-016M,67572,PAY,+,US,2026-01-25,AFWTR,,93.91,97.28,466,465,,,EA,ORB
STARLINK-36588,2026-016N,67573,PAY,+,US,2026-01-25,AFWTR,,93.91,97.28,466,465,,,EA,ORB
STARLINK-36594,2026-016P,67574,PAY,+,US,2026-01-25,AFWTR,,93.91,97.28,467,464,,,EA,ORB
STARLINK-36400,2026-016Q,67575,PAY,+,US,2026-01-25,AFWTR,,93.91,97.28,466,465,,,EA,ORB
STARLINK-36591,2026-016R,67576,PAY,+,US,2026-01-25,AFWTR,,93.91,97.28,467,464,,,EA,ORB
STARLINK-36590,2026-016S,67577,PAY,+,US,2026-01-25,AFWTR,,93.91,97.28,466,465,,,EA,ORB
STARLINK-36613,2026-016T,67578,PAY,+,US,2026-01-25,AFWTR,,93.91,97.28,466,465,,,EA,ORB
STARLINK-36571,2026-016U,67579,PAY,+,US,2026-01-25,AFWTR,,93.91,97.28,467,464,,,EA,ORB
STARLINK-36612,2026-016V,67580,PAY,+,US,2026-01-25,AFWTR,,93.91,97.28,466,465,,,EA,ORB
STARLINK-36632,2026-016W,67581,PAY,+,US,2026-01-25,AFWTR,,93.91,97.28,466,465,,,EA,ORB
STARLINK-36609,2026-016X,67582,PAY,+,US,2026-01-25,AFWTR,,93.91,97.28,466,465,,,EA,ORB
STARLINK-36577,2026-016Y,67583,PAY,+,US,2026-01-25,AFWTR,,93.90,97.28,466,465,,,EA,ORB
STARLINK-36419,2026-016Z,67584,PAY,+,US,2026-01-25,AFWTR,,93.91,97.28,466,465,,,EA,ORB
STARLINK-36560,2026-016AA,67585,PAY,+,US,2026-01-25,AFWTR,,93.91,97.28,466,465,,,EA,ORB
STARLINK-36641,2026-018A,67589,PAY,+,US,2026-01-29,AFWTR,,93.91,97.29,466,465,,,EA,ORB
STARLINK-36376,2026-018B,67590,PAY,+,US,2026-01-29,AFWTR,,93.90,97.29,466,465,,,EA,ORB
STARLINK-36391,2026-018C,67591,PAY,+,US,2026-01-29,AFWTR,,93.91,97.28,467,464,,,EA,ORB
STARLINK-36603,2026-018D,67592,PAY,+,US,2026-01-29,AFWTR,,93.91,97.28,466,465,,,EA,ORB
STARLINK-36634,2026-018E,67593,PAY,+,US,2026-01-29,AFWTR,,93.91,97.28,466,465,,,EA,ORB
STARLINK-36638,2026-018F,67594,PAY,+,US,2026-01-29,AFWTR,,93.91,97.28,466,465,,,EA,ORB
STARLINK-36628,2026-018G,67595,PAY,+,US,2026-01-29,AFWTR,,93.91,97.28,466,465,,,EA,ORB
STARLINK-36629,2026-018H,67596,PAY,+,US,2026-01-29,AFWTR,,93.90,97.28,467,464,,,EA,ORB
STARLINK-36384,2026-018J,67597,PAY,+,US,2026-01-29,AFWTR,,93.91,97.29,467,465,,,EA,ORB
STARLINK-36358,2026-018K,67598,PAY,+,US,2026-01-29,AFWTR,,93.91,97.28,466,465,,,EA,ORB
STARLINK-36582,2026-018L,67599,PAY,+,US,2026-01-29,AFWTR,,93.91,97.28,466,465,,,EA,ORB
STARLINK-36640,2026-018M,67600,PAY,+,US,2026-01-29,AFWTR,,93.91,97.29,466,465,,,EA,ORB
STARLINK-36635,2026-018N,67601,PAY,+,US,2026-01-29,AFWTR,,93.91,97.28,467,464,,,EA,ORB
STARLINK-36631,2026-018P,67602,PAY,+,US,2026-01-29,AFWTR,,93.91,97.28,467,464,,,EA,ORB
STARLINK-36626,2026-018Q,67603,PAY,+,US,2026-01-29,AFWTR,,93.91,97.29,466,465,,,EA,ORB
STARLINK-36605,2026-018R,67604,PAY,+,US,2026-01-29,AFWTR,,93.91,97.28,466,465,,,EA,ORB
STARLINK-36281,2026-018S,67605,PAY,+,US,2026-01-29,AFWTR,,93.91,97.29,466,465,,,EA,ORB
STARLINK-35843,2026-018T,67606,PAY,+,US,2026-01-29,AFWTR,,93.91,97.29,466,465,,,EA,ORB
STARLINK-36351,2026-018U,67607,PAY,+,US,2026-01-29,AFWTR,,93.91,97.28,466,465,,,EA,ORB
STARLINK-36411,2026-018V,67608,PAY,+,US,2026-01-29,AFWTR,,93.91,97.28,466,465,,,EA,ORB
STARLINK-36312,2026-018W,67609,PAY,+,US,2026-01-29,AFWTR,,93.91,97.29,466,465,,,EA,ORB
STARLINK-36387,2026-018X,67610,PAY,+,US,2026-01-29,AFWTR,,93.91,97.29,466,465,,,EA,ORB
STARLINK-36636,2026-018Y,67611,PAY,+,US,2026-01-29,AFWTR,,93.91,97.28,466,465,,,EA,ORB
STARLINK-36407,2026-018Z,67612,PAY,+,US,2026-01-29,AFWTR,,93.91,97.28,467,464,,,EA,ORB
STARLINK-36597,2026-018AA,67613,PAY,+,US,2026-01-29,AFWTR,,93.91,97.28,466,465,,,EA,ORB
STARLINK-36548,2026-020A,67617,PAY,+,US,2026-01-30,AFETR,,94.27,43.00,485,481,,,EA,ORB
STARLINK-36601,2026-020B,67618,PAY,+,US,2026-01-30,AFETR,,94.27,43.00,484,482,,,EA,ORB
STARLINK-36119,2026-020C,67619,PAY,+,US,2026-01-30,AFETR,,94.27,43.00,484,482,,,EA,ORB
STARLINK-36607,2026-020D,67620,PAY,+,US,2026-01-30,AFETR,,94.27,43.00,484,482,,,EA,ORB
STARLINK-36615,2026-020E,67621,PAY,+,US,2026-01-30,AFETR,,94.27,43.00,484,482,,,EA,ORB
STARLINK-36614,2026-020F,67622,PAY,+,US,2026-01-30,AFETR,,94.27,43.00,484,482,,,EA,ORB
STARLINK-36600,2026-020G,67623,PAY,+,US,2026-01-30,AFETR,,94.27,43.00,483,483,,,EA,ORB
STARLINK-36439,2026-020H,67624,PAY,+,US,2026-01-30,AFETR,,94.27,43.00,484,482,,,EA,ORB
STARLINK-36438,2026-020J,67625,PAY,+,US,2026-01-30,AFETR,,94.27,43.00,484,482,,,EA,ORB
STARLINK-36436,2026-020K,67626,PAY,+,US,2026-01-30,AFETR,,94.27,43.01,484,482,,,EA,ORB
STARLINK-36502,2026-020L,67627,PAY,+,US,2026-01-30,AFETR,,94.27,43.00,485,481,,,EA,ORB
STARLINK-36532,2026-020M,67628,PAY,+,US,2026-01-30,AFETR,,94.27,43.00,484,482,,,EA,ORB
STARLINK-36367,2026-020N,67629,PAY,+,US,2026-01-30,AFETR,,94.27,43.00,484,483,,,EA,ORB
STARLINK-36527,2026-020Q,67631,PAY,+,US,2026-01-30,AFETR,,94.27,43.00,484,482,,,EA,ORB
STARLINK-36633,2026-020R,67632,PAY,+,US,2026-01-30,AFETR,,94.27,43.00,484,482,,,EA,ORB
STARLINK-36637,2026-020S,67633,PAY,+,US,2026-01-30,AFETR,,94.27,43.00,484,482,,,EA,ORB
STARLINK-36617,2026-020T,67634,PAY,+,US,2026-01-30,AFETR,,94.27,43.00,483,483,,,EA,ORB
STARLINK-36627,2026-020U,67635,PAY,+,US,2026-01-30,AFETR,,94.27,43.00,484,482,,,EA,ORB
STARLINK-36624,2026-020V,67636,PAY,+,US,2026-01-30,AFETR,,94.27,43.00,484,482,,,EA,ORB
STARLINK-36610,2026-020W,67637,PAY,+,US,2026-01-30,AFETR,,94.27,43.00,484,482,,,EA,ORB
STARLINK-36599,2026-020X,67638,PAY,+,US,2026-01-30,AFETR,,94.27,43.00,484,483,,,EA,ORB
STARLINK-36595,2026-020Y,67639,PAY,+,US,2026-01-30,AFETR,,94.27,43.00,484,482,,,EA,ORB
STARLINK-36570,2026-020Z,67640,PAY,+,US,2026-01-30,AFETR,,94.27,43.00,484,482,,,EA,ORB
STARLINK-36514,2026-020AA,67641,PAY,+,US,2026-01-30,AFETR,,94.27,43.00,484,482,,,EA,ORB
STARLINK-36556,2026-020AB,67642,PAY,+,US,2026-01-30,AFETR,,94.27,43.01,485,481,,,EA,ORB
STARLINK-36533,2026-020AC,67643,PAY,+,US,2026-01-30,AFETR,,94.27,43.00,484,482,,,EA,ORB
STARLINK-36623,2026-020AD,67644,PAY,+,US,2026-01-30,AFETR,,94.27,43.00,484,482,,,EA,ORB
STARLINK-36619,2026-020AE,67645,PAY,+,US,2026-01-30,AFETR,,94.27,43.00,484,482,,,EA,ORB
STARLINK-36719,2026-022A,67648,PAY,+,US,2026-02-02,AFWTR,,93.91,97.28,467,464,,,EA,ORB
STARLINK-36342,2026-022B,67649,PAY,+,US,2026-02-02,AFWTR,,93.91,97.28,467,465,,,EA,ORB
STARLINK-36703,2026-022C,67650,PAY,+,US,2026-02-02,AFWTR,,93.91,97.28,467,464,,,EA,ORB
STARLINK-36696,2026-022D,67651,PAY,+,US,2026-02-02,AFWTR,,93.91,97.28,466,465,,,EA,ORB
STARLINK-36699,2026-022E,67652,PAY,+,US,2026-02-02,AFWTR,,93.91,97.28,466,465,,,EA,ORB
STARLINK-36694,2026-022F,67653,PAY,+,US,2026-02-02,AFWTR,,93.91,97.28,467,464,,,EA,ORB
STARLINK-36620,2026-022G,67654,PAY,+,US,2026-02-02,AFWTR,,93.91,97.28,467,464,,,EA,ORB
STARLINK-36720,2026-022H,67655,PAY,+,US,2026-02-02,AFWTR,,93.91,97.28,466,465,,,EA,ORB
STARLINK-36688,2026-022J,67656,PAY,+,US,2026-02-02,AFWTR,,93.91,97.28,466,465,,,EA,ORB
STARLINK-36706,2026-022K,67657,PAY,+,US,2026-02-02,AFWTR,,93.91,97.28,466,465,,,EA,ORB
STARLINK-36701,2026-022L,67658,PAY,+,US,2026-02-02,AFWTR,,93.91,97.28,467,464,,,EA,ORB
STARLINK-36642,2026-022M,67659,PAY,+,US,2026-02-02,AFWTR,,93.91,97.28,466,465,,,EA,ORB
STARLINK-36673,2026-022N,67660,PAY,+,US,2026-02-02,AFWTR,,93.91,97.28,466,465,,,EA,ORB
STARLINK-36674,2026-022P,67661,PAY,+,US,2026-02-02,AFWTR,,93.91,97.28,467,464,,,EA,ORB
STARLINK-36700,2026-022Q,67662,PAY,+,US,2026-02-02,AFWTR,,93.91,97.28,466,465,,,EA,ORB
STARLINK-36675,2026-022R,67663,PAY,+,US,2026-02-02,AFWTR,,93.91,97.28,466,465,,,EA,ORB
STARLINK-36404,2026-022S,67664,PAY,+,US,2026-02-02,AFWTR,,93.91,97.28,466,465,,,EA,ORB
STARLINK-36399,2026-022T,67665,PAY,+,US,2026-02-02,AFWTR,,93.91,97.28,466,465,,,EA,ORB
STARLINK-36365,2026-022U,67666,PAY,+,US,2026-02-02,AFWTR,,93.91,97.28,466,465,,,EA,ORB
STARLINK-36622,2026-022V,67667,PAY,+,US,2026-02-02,AFWTR,,93.91,97.28,466,465,,,EA,ORB
STARLINK-36625,2026-022W,67668,PAY,+,US,2026-02-02,AFWTR,,93.91,97.28,466,465,,,EA,ORB
STARLINK-36639,2026-022X,67669,PAY,+,US,2026-02-02,AFWTR,,93.91,97.29,466,465,,,EA,ORB
STARLINK-36596,2026-022Y,67670,PAY,+,US,2026-02-02,AFWTR,,93.91,97.28,466,465,,,EA,ORB
STARLINK-36297,2026-022Z,67671,PAY,+,US,2026-02-02,AFWTR,,93.91,97.28,467,464,,,EA,ORB
STARLINK-36616,2026-022AA,67672,PAY,+,US,2026-02-02,AFWTR,,93.91,97.28,467,464,,,EA,ORB
STARLINK-36748,2026-025A,67693,PAY,+,US,2026-02-07,AFWTR,,93.91,97.29,466,465,,,EA,ORB
STARLINK-36753,2026-025B,67694,PAY,+,US,2026-02-07,AFWTR,,93.91,97.29,466,465,,,EA,ORB
STARLINK-36750,2026-025C,67695,PAY,+,US,2026-02-07,AFWTR,,93.91,97.28,466,465,,,EA,ORB
STARLINK-36401,2026-025D,67696,PAY,+,US,2026-02-07,AFWTR,,93.91,97.28,466,465,,,EA,ORB
STARLINK-36704,2026-025E,67697,PAY,+,US,2026-02-07,AFWTR,,93.91,97.29,466,465,,,EA,ORB
STARLINK-36697,2026-025F,67698,PAY,+,US,2026-02-07,AFWTR,,93.91,97.29,466,465,,,EA,ORB
STARLINK-36716,2026-025G,67699,PAY,+,US,2026-02-07,AFWTR,,93.91,97.29,467,464,,,EA,ORB
STARLINK-36712,2026-025H,67700,PAY,+,US,2026-02-07,AFWTR,,93.90,97.28,466,465,,,EA,ORB
STARLINK-36713,2026-025J,67701,PAY,+,US,2026-02-07,AFWTR,,93.91,97.29,467,464,,,EA,ORB
STARLINK-36695,2026-025K,67702,PAY,+,US,2026-02-07,AFWTR,,93.90,97.29,466,465,,,EA,ORB
STARLINK-36630,2026-025L,67703,PAY,+,US,2026-02-07,AFWTR,,93.91,97.29,467,465,,,EA,ORB
STARLINK-36338,2026-025M,67704,PAY,+,US,2026-02-07,AFWTR,,93.91,97.29,467,464,,,EA,ORB
STARLINK-36316,2026-025N,67705,PAY,+,US,2026-02-07,AFWTR,,93.91,97.29,466,465,,,EA,ORB
STARLINK-36707,2026-025P,67706,PAY,+,US,2026-02-07,AFWTR,,93.91,97.29,466,465,,,EA,ORB
STARLINK-36645,2026-025Q,67707,PAY,+,US,2026-02-07,AFWTR,,93.91,97.29,466,465,,,EA,ORB
STARLINK-36287,2026-025R,67708,PAY,+,US,2026-02-07,AFWTR,,93.91,97.28,466,465,,,EA,ORB
STARLINK-36698,2026-025S,67709,PAY,+,US,2026-02-07,AFWTR,,93.90,97.29,466,465,,,EA,ORB
STARLINK-36344,2026-025T,67710,PAY,+,US,2026-02-07,AFWTR,,93.90,97.29,467,464,,,EA,ORB
STARLINK-36687,2026-025U,67711,PAY,+,US,2026-02-07,AFWTR,,93.91,97.29,467,464,,,EA,ORB
STARLINK-36705,2026-025V,67712,PAY,+,US,2026-02-07,AFWTR,,93.91,97.29,466,465,,,EA,ORB
STARLINK-36708,2026-025W,67713,PAY,+,US,2026-02-07,AFWTR,,93.91,97.28,466,465,,,EA,ORB
STARLINK-36702,2026-025X,67714,PAY,+,US,2026-02-07,AFWTR,,93.91,97.28,466,465,,,EA,ORB
STARLINK-36718,2026-025Y,67715,PAY,+,US,2026-02-07,AFWTR,,93.91,97.29,466,465,,,EA,ORB
STARLINK-36715,2026-025Z,67716,PAY,+,US,2026-02-07,AFWTR,,93.91,97.29,466,465,,,EA,ORB
STARLINK-36385,2026-025AA,67717,PAY,+,US,2026-02-07,AFWTR,,93.91,97.29,466,465,,,EA,ORB
STARLINK-36772,2026-026A,67721,PAY,+,US,2026-02-11,AFWTR,,93.91,97.28,467,464,,,EA,ORB
STARLINK-36796,2026-026B,67722,PAY,+,US,2026-02-11,AFWTR,,93.91,97.28,466,465,,,EA,ORB
STARLINK-36369,2026-026C,67723,PAY,+,US,2026-02-11,AFWTR,,93.91,97.29,466,465,,,EA,ORB
STARLINK-36752,2026-026D,67724,PAY,+,US,2026-02-11,AFWTR,,93.91,97.28,466,465,,,EA,ORB
STARLINK-36754,2026-026E,67725,PAY,+,US,2026-02-11,AFWTR,,93.91,97.28,466,465,,,EA,ORB
STARLINK-36755,2026-026F,67726,PAY,+,US,2026-02-11,AFWTR,,93.91,97.28,466,465,,,EA,ORB
STARLINK-36741,2026-026G,67727,PAY,+,US,2026-02-11,AFWTR,,93.91,97.28,466,465,,,EA,ORB
STARLINK-36757,2026-026H,67728,PAY,+,US,2026-02-11,AFWTR,,93.91,97.28,466,465,,,EA,ORB
STARLINK-36751,2026-026J,67729,PAY,+,US,2026-02-11,AFWTR,,93.91,97.28,467,464,,,EA,ORB
STARLINK-36747,2026-026K,67730,PAY,+,US,2026-02-11,AFWTR,,93.91,97.28,466,465,,,EA,ORB
STARLINK-36315,2026-026L,67731,PAY,+,US,2026-02-11,AFWTR,,93.91,97.28,466,465,,,EA,ORB
STARLINK-36260,2026-026M,67732,PAY,+,US,2026-02-11,AFWTR,,93.91,97.28,466,465,,,EA,ORB
STARLINK-36746,2026-026N,67733,PAY,+,US,2026-02-11,AFWTR,,93.90,97.28,466,465,,,EA,ORB
STARLINK-36749,2026-026P,67734,PAY,+,US,2026-02-11,AFWTR,,93.91,97.28,466,465,,,EA,ORB
STARLINK-36691,2026-026Q,67735,PAY,+,US,2026-02-11,AFWTR,,93.91,97.28,466,465,,,EA,ORB
STARLINK-36317,2026-026R,67736,PAY,+,US,2026-02-11,AFWTR,,93.91,97.28,466,465,,,EA,ORB
STARLINK-36330,2026-026S,67737,PAY,+,US,2026-02-11,AFWTR,,93.91,97.28,466,465,,,EA,ORB
STARLINK-36327,2026-026T,67738,PAY,+,US,2026-02-11,AFWTR,,93.91,97.28,466,465,,,EA,ORB
STARLINK-36329,2026-026U,67739,PAY,+,US,2026-02-11,AFWTR,,93.91,97.28,466,465,,,EA,ORB
STARLINK-36737,2026-026V,67740,PAY,+,US,2026-02-11,AFWTR,,93.91,97.29,466,465,,,EA,ORB
STARLINK-36740,2026-026W,67741,PAY,+,US,2026-02-11,AFWTR,,93.91,97.29,466,465,,,EA,ORB
STARLINK-36693,2026-026X,67742,PAY,+,US,2026-02-11,AFWTR,,93.91,97.28,466,465,,,EA,ORB
STARLINK-36717,2026-026Y,67743,PAY,+,US,2026-02-11,AFWTR,,93.90,97.28,467,464,,,EA,ORB
STARLINK-36692,2026-026Z,67744,PAY,+,US,2026-02-11,AFWTR,,93.91,97.28,466,465,,,EA,ORB
STARLINK-36800,2026-032A,67797,PAY,+,US,2026-02-15,AFWTR,,93.91,97.29,467,464,,,EA,ORB
STARLINK-36798,2026-032B,67798,PAY,+,US,2026-02-15,AFWTR,,93.91,97.29,466,465,,,EA,ORB
STARLINK-36804,2026-032C,67799,PAY,+,US,2026-02-15,AFWTR,,93.91,97.29,467,464,,,EA,ORB
STARLINK-36354,2026-032D,67800,PAY,+,US,2026-02-15,AFWTR,,93.91,97.28,466,465,,,EA,ORB
STARLINK-36773,2026-032E,67801,PAY,+,US,2026-02-15,AFWTR,,93.91,97.28,467,464,,,EA,ORB
STARLINK-36739,2026-032F,67802,PAY,+,US,2026-02-15,AFWTR,,93.91,97.29,467,464,,,EA,ORB
STARLINK-36768,2026-032G,67803,PAY,+,US,2026-02-15,AFWTR,,93.90,97.28,467,464,,,EA,ORB
STARLINK-36792,2026-032H,67804,PAY,+,US,2026-02-15,AFWTR,,93.91,97.29,466,465,,,EA,ORB
STARLINK-36782,2026-032J,67805,PAY,+,US,2026-02-15,AFWTR,,93.91,97.29,467,464,,,EA,ORB
STARLINK-36389,2026-032K,67806,PAY,+,US,2026-02-15,AFWTR,,93.91,97.29,467,464,,,EA,ORB
STARLINK-36382,2026-032L,67807,PAY,+,US,2026-02-15,AFWTR,,93.91,97.29,467,464,,,EA,ORB
STARLINK-36811,2026-032M,67808,PAY,+,US,2026-02-15,AFWTR,,93.91,97.29,467,464,,,EA,ORB
STARLINK-36795,2026-032N,67809,PAY,+,US,2026-02-15,AFWTR,,93.91,97.28,467,464,,,EA,ORB
STARLINK-36807,2026-032P,67810,PAY,+,US,2026-02-15,AFWTR,,93.91,97.29,467,464,,,EA,ORB
STARLINK-36733,2026-032Q,67811,PAY,+,US,2026-02-15,AFWTR,,93.91,97.29,467,464,,,EA,ORB
STARLINK-36377,2026-032R,67812,PAY,+,US,2026-02-15,AFWTR,,93.91,97.29,467,464,,,EA,ORB
STARLINK-36732,2026-032S,67813,PAY,+,US,2026-02-15,AFWTR,,93.91,97.29,467,464,,,EA,ORB
STARLINK-36767,2026-032T,67814,PAY,+,US,2026-02-15,AFWTR,,93.91,97.29,466,465,,,EA,ORB
STARLINK-36797,2026-032U,67815,PAY,+,US,2026-02-15,AFWTR,,93.91,97.29,467,464,,,EA,ORB
STARLINK-36343,2026-032V,67816,PAY,+,US,2026-02-15,AFWTR,,93.91,97.29,467,464,,,EA,ORB
STARLINK-36756,2026-032W,67817,PAY,+,US,2026-02-15,AFWTR,,93.91,97.29,466,465,,,EA,ORB
STARLINK-36346,2026-032X,67818,PAY,+,US,2026-02-15,AFWTR,,93.91,97.29,467,464,,,EA,ORB
STARLINK-36788,2026-032Y,67819,PAY,+,US,2026-02-15,AFWTR,,93.91,97.29,467,464,,,EA,ORB
STARLINK-36353,2026-032Z,67820,PAY,+,US,2026-02-15,AFWTR,,93.91,97.29,466,465,,,EA,ORB
STARLINK-36644,2026-033A,67821,PAY,+,US,2026-02-16,AFETR,,94.27,43.00,484,482,,,EA,ORB
STARLINK-36643,2026-033B,67822,PAY,+,US,2026-02-16,AFETR,,94.27,43.00,484,482,,,EA,ORB
STARLINK-36646,2026-033C,67823,PAY,+,US,2026-02-16,AFETR,,94.27,43.00,484,482,,,EA,ORB
STARLINK-36647,2026-033D,67824,PAY,+,US,2026-02-16,AFETR,,94.27,43.00,484,483,,,EA,ORB
STARLINK-36648,2026-033E,67825,PAY,+,US,2026-02-16,AFETR,,94.27,43.00,485,481,,,EA,ORB
STARLINK-35865,2026-033F,67826,PAY,+,US,2026-02-16,AFETR,,94.27,43.00,484,482,,,EA,ORB
STARLINK-36289,2026-033G,67827,PAY,+,US,2026-02-16,AFETR,,94.27,43.00,484,482,,,EA,ORB
STARLINK-36670,2026-033H,67828,PAY,+,US,2026-02-16,AFETR,,94.27,43.00,483,483,,,EA,ORB
STARLINK-36144,2026-033J,67829,PAY,+,US,2026-02-16,AFETR,,94.27,43.00,484,482,,,EA,ORB
STARLINK-36611,2026-033K,67830,PAY,+,US,2026-02-16,AFETR,,94.27,43.00,484,482,,,EA,ORB
STARLINK-36661,2026-033L,67831,PAY,+,US,2026-02-16,AFETR,,94.27,43.00,484,482,,,EA,ORB
STARLINK-36662,2026-033M,67832,PAY,+,US,2026-02-16,AFETR,,94.27,43.00,484,482,,,EA,ORB
STARLINK-36659,2026-033N,67833,PAY,+,US,2026-02-16,AFETR,,94.27,43.00,484,482,,,EA,ORB
STARLINK-36655,2026-033P,67834,PAY,+,US,2026-02-16,AFETR,,94.27,43.00,484,482,,,EA,ORB
STARLINK-36657,2026-033Q,67835,PAY,+,US,2026-02-16,AFETR,,94.27,43.00,484,482,,,EA,ORB
STARLINK-36650,2026-033R,67836,PAY,+,US,2026-02-16,AFETR,,94.27,43.00,484,482,,,EA,ORB
STARLINK-36649,2026-033S,67837,PAY,+,US,2026-02-16,AFETR,,94.27,43.00,484,482,,,EA,ORB
STARLINK-36654,2026-033T,67838,PAY,+,US,2026-02-16,AFETR,,94.27,43.01,485,481,,,EA,ORB
STARLINK-36652,2026-033U,67839,PAY,+,US,2026-02-16,AFETR,,94.27,43.00,484,482,,,EA,ORB
STARLINK-36651,2026-033V,67840,PAY,+,US,2026-02-16,AFETR,,94.27,43.00,484,482,,,EA,ORB
STARLINK-36656,2026-033W,67841,PAY,+,US,2026-02-16,AFETR,,94.26,43.00,484,482,,,EA,ORB
STARLINK-36653,2026-033X,67842,PAY,+,US,2026-02-16,AFETR,,94.27,43.00,484,482,,,EA,ORB
STARLINK-36589,2026-033Y,67843,PAY,+,US,2026-02-16,AFETR,,94.27,43.00,484,482,,,EA,ORB
STARLINK-36598,2026-033Z,67844,PAY,+,US,2026-02-16,AFETR,,94.27,43.00,484,482,,,EA,ORB
STARLINK-36606,2026-033AA,67845,PAY,+,US,2026-02-16,AFETR,,94.27,43.00,483,483,,,EA,ORB
STARLINK-36658,2026-033AB,67846,PAY,+,US,2026-02-16,AFETR,,94.27,43.00,484,482,,,EA,ORB
STARLINK-36618,2026-033AC,67847,PAY,+,US,2026-02-16,AFETR,,94.27,43.00,484,482,,,EA,ORB
STARLINK-36660,2026-033AD,67848,PAY,+,US,2026-02-16,AFETR,,94.27,43.00,484,482,,,EA,ORB
STARLINK-36602,2026-033AE,67849,PAY,+,US,2026-02-16,AFETR,,94.27,43.00,484,482,,,EA,ORB
STARLINK-36840,2026-034A,67850,PAY,+,US,2026-02-20,AFETR,,93.85,53.16,464,462,,,EA,ORB
STARLINK-36348,2026-034B,67851,PAY,+,US,2026-02-20,AFETR,,93.85,53.16,464,462,,,EA,ORB
STARLINK-36276,2026-034C,67852,PAY,+,US,2026-02-20,AFETR,,93.85,53.16,463,462,,,EA,ORB
STARLINK-36785,2026-034D,67853,PAY,+,US,2026-02-20,AFETR,,93.85,53.16,464,461,,,EA,ORB
STARLINK-36608,2026-034E,67854,PAY,+,US,2026-02-20,AFETR,,93.85,53.16,463,462,,,EA,ORB
STARLINK-36838,2026-034F,67855,PAY,+,US,2026-02-20,AFETR,,94.01,53.16,471,470,,,EA,ORB
STARLINK-36843,2026-034G,67856,PAY,+,US,2026-02-20,AFETR,,94.01,53.16,472,470,,,EA,ORB
STARLINK-36828,2026-034H,67857,PAY,+,US,2026-02-20,AFETR,,94.01,53.16,472,470,,,EA,ORB
STARLINK-36837,2026-034J,67858,PAY,+,US,2026-02-20,AFETR,,93.85,53.16,463,462,,,EA,ORB
STARLINK-36393,2026-034K,67859,PAY,+,US,2026-02-20,AFETR,,94.01,53.16,472,470,,,EA,ORB
STARLINK-35873,2026-034L,67860,PAY,+,US,2026-02-20,AFETR,,93.85,53.16,464,462,,,EA,ORB
STARLINK-36325,2026-034M,67861,PAY,+,US,2026-02-20,AFETR,,93.85,53.16,463,462,,,EA,ORB
STARLINK-36332,2026-034N,67862,PAY,+,US,2026-02-20,AFETR,,93.85,53.16,464,462,,,EA,ORB
STARLINK-36835,2026-034P,67863,PAY,+,US,2026-02-20,AFETR,,93.85,53.16,464,462,,,EA,ORB
STARLINK-36831,2026-034Q,67864,PAY,+,US,2026-02-20,AFETR,,93.85,53.16,463,462,,,EA,ORB
STARLINK-36738,2026-034R,67865,PAY,+,US,2026-02-20,AFETR,,93.85,53.16,463,462,,,EA,ORB
STARLINK-36780,2026-034S,67866,PAY,+,US,2026-02-20,AFETR,,93.85,53.16,464,462,,,EA,ORB
STARLINK-36761,2026-034T,67867,PAY,+,US,2026-02-20,AFETR,,93.85,53.16,463,462,,,EA,ORB
STARLINK-36762,2026-034U,67868,PAY,+,US,2026-02-20,AFETR,,93.85,53.16,464,462,,,EA,ORB
STARLINK-36779,2026-034V,67869,PAY,+,US,2026-02-20,AFETR,,93.85,53.16,464,462,,,EA,ORB
STARLINK-36770,2026-034W,67870,PAY,+,US,2026-02-20,AFETR,,93.85,53.16,464,461,,,EA,ORB
STARLINK-36769,2026-034X,67871,PAY,+,US,2026-02-20,AFETR,,93.85,53.16,464,462,,,EA,ORB
STARLINK-36786,2026-034Y,67872,PAY,+,US,2026-02-20,AFETR,,94.01,53.16,472,470,,,EA,ORB
STARLINK-36783,2026-034Z,67873,PAY,+,US,2026-02-20,AFETR,,93.85,53.16,463,462,,,EA,ORB
STARLINK-36730,2026-034AA,67874,PAY,+,US,2026-02-20,AFETR,,93.85,53.16,463,462,,,EA,ORB
STARLINK-36727,2026-034AB,67875,PAY,+,US,2026-02-20,AFETR,,94.01,53.16,471,470,,,EA,ORB
STARLINK-36743,2026-034AC,67876,PAY,+,US,2026-02-20,AFETR,,93.85,53.16,463,462,,,EA,ORB
STARLINK-36784,2026-034AD,67877,PAY,+,US,2026-02-20,AFETR,,93.85,53.16,464,462,,,EA,ORB
STARLINK-36689,2026-034AE,67878,PAY,+,US,2026-02-20,AFETR,,93.85,53.16,464,462,,,EA,ORB
STARLINK-36818,2026-035A,67879,PAY,+,US,2026-02-21,AFWTR,,93.91,97.28,468,463,,,EA,ORB
STARLINK-36821,2026-035B,67880,PAY,+,US,2026-02-21,AFWTR,,93.91,97.29,466,465,,,EA,ORB
STARLINK-36808,2026-035C,67881,PAY,+,US,2026-02-21,AFWTR,,93.91,97.28,467,464,,,EA,ORB
STARLINK-36817,2026-035D,67882,PAY,+,US,2026-02-21,AFWTR,,93.91,97.29,466,465,,,EA,ORB
STARLINK-36856,2026-035E,67883,PAY,+,US,2026-02-21,AFWTR,,93.91,97.28,467,464,,,EA,ORB
STARLINK-36842,2026-035F,67884,PAY,+,US,2026-02-21,AFWTR,,93.91,97.28,466,465,,,EA,ORB
STARLINK-36826,2026-035G,67885,PAY,+,US,2026-02-21,AFWTR,,93.91,97.29,466,465,,,EA,ORB
STARLINK-36390,2026-035H,67886,PAY,+,US,2026-02-21,AFWTR,,93.91,97.28,466,465,,,EA,ORB
STARLINK-36368,2026-035J,67887,PAY,+,US,2026-02-21,AFWTR,,93.91,97.28,467,464,,,EA,ORB
STARLINK-36801,2026-035K,67888,PAY,+,US,2026-02-21,AFWTR,,93.91,97.29,466,465,,,EA,ORB
STARLINK-36372,2026-035L,67889,PAY,+,US,2026-02-21,AFWTR,,93.91,97.29,467,464,,,EA,ORB
STARLINK-36363,2026-035M,67890,PAY,+,US,2026-02-21,AFWTR,,93.91,97.29,466,465,,,EA,ORB
STARLINK-36816,2026-035N,67891,PAY,+,US,2026-02-21,AFWTR,,93.91,97.28,467,464,,,EA,ORB
STARLINK-36813,2026-035P,67892,PAY,+,US,2026-02-21,AFWTR,,93.91,97.29,466,465,,,EA,ORB
STARLINK-36803,2026-035Q,67893,PAY,+,US,2026-02-21,AFWTR,,93.91,97.28,466,465,,,EA,ORB
STARLINK-36846,2026-035R,67894,PAY,+,US,2026-02-21,AFWTR,,93.91,97.28,466,465,,,EA,ORB
STARLINK-36866,2026-035S,67895,PAY,+,US,2026-02-21,AFWTR,,93.91,97.28,468,463,,,EA,ORB
STARLINK-36877,2026-035T,67896,PAY,+,US,2026-02-21,AFWTR,,93.91,97.28,468,464,,,EA,ORB
STARLINK-36870,2026-035U,67897,PAY,+,US,2026-02-21,AFWTR,,93.91,97.29,467,464,,,EA,ORB
STARLINK-36810,2026-035V,67898,PAY,+,US,2026-02-21,AFWTR,,93.91,97.29,468,464,,,EA,ORB
STARLINK-36878,2026-035W,67899,PAY,+,US,2026-02-21,AFWTR,,93.91,97.28,466,465,,,EA,ORB
STARLINK-36361,2026-035X,67900,PAY,+,US,2026-02-21,AFWTR,,93.91,97.28,467,464,,,EA,ORB
STARLINK-36336,2026-035Y,67901,PAY,+,US,2026-02-21,AFWTR,,93.91,97.29,466,465,,,EA,ORB
STARLINK-36876,2026-035Z,67902,PAY,+,US,2026-02-21,AFWTR,,93.91,97.28,467,464,,,EA,ORB
STARLINK-36257,2026-035AA,67903,PAY,+,US,2026-02-21,AFWTR,,93.91,97.29,467,464,,,EA,ORB
STARLINK-36814,2026-036A,67904,PAY,+,US,2026-02-22,AFETR,,94.27,43.00,484,482,,,EA,ORB
STARLINK-36729,2026-036B,67905,PAY,+,US,2026-02-22,AFETR,,94.27,43.00,484,482,,,EA,ORB
STARLINK-36763,2026-036C,67906,PAY,+,US,2026-02-22,AFETR,,94.27,43.00,484,482,,,EA,ORB
STARLINK-36742,2026-036D,67907,PAY,+,US,2026-02-22,AFETR,,94.27,43.00,484,482,,,EA,ORB
STARLINK-36827,2026-036E,67908,PAY,+,US,2026-02-22,AFETR,,94.27,43.00,484,482,,,EA,ORB
STARLINK-36822,2026-036F,67909,PAY,+,US,2026-02-22,AFETR,,94.27,43.01,485,481,,,EA,ORB
STARLINK-36847,2026-036G,67910,PAY,+,US,2026-02-22,AFETR,,94.27,43.00,484,482,,,EA,ORB
STARLINK-36736,2026-036H,67911,PAY,+,US,2026-02-22,AFETR,,94.27,43.00,484,482,,,EA,ORB
STARLINK-36676,2026-036J,67912,PAY,+,US,2026-02-22,AFETR,,94.27,43.00,484,482,,,EA,ORB
STARLINK-36690,2026-036K,67913,PAY,+,US,2026-02-22,AFETR,,94.27,43.00,484,482,,,EA,ORB
STARLINK-36724,2026-036L,67914,PAY,+,US,2026-02-22,AFETR,,94.27,43.00,484,482,,,EA,ORB
STARLINK-36723,2026-036M,67915,PAY,+,US,2026-02-22,AFETR,,94.27,43.01,484,482,,,EA,ORB
STARLINK-36721,2026-036N,67916,PAY,+,US,2026-02-22,AFETR,,94.27,43.00,484,482,,,EA,ORB
STARLINK-36722,2026-036P,67917,PAY,+,US,2026-02-22,AFETR,,94.27,43.00,484,482,,,EA,ORB
STARLINK-36341,2026-036Q,67918,PAY,+,US,2026-02-22,AFETR,,94.27,43.00,484,482,,,EA,ORB
STARLINK-36663,2026-036R,67919,PAY,+,US,2026-02-22,AFETR,,94.27,42.99,483,483,,,EA,ORB
STARLINK-36375,2026-036S,67920,PAY,+,US,2026-02-22,AFETR,,94.27,43.00,484,482,,,EA,ORB
STARLINK-36405,2026-036T,67921,PAY,+,US,2026-02-22,AFETR,,94.27,43.00,484,482,,,EA,ORB
STARLINK-36406,2026-036V,67923,PAY,+,US,2026-02-22,AFETR,,94.27,43.00,484,482,,,EA,ORB
STARLINK-36714,2026-036W,67924,PAY,+,US,2026-02-22,AFETR,,94.27,43.00,484,482,,,EA,ORB
STARLINK-36726,2026-036X,67925,PAY,+,US,2026-02-22,AFETR,,94.27,43.00,485,481,,,EA,ORB
STARLINK-36758,2026-036Y,67926,PAY,+,US,2026-02-22,AFETR,,94.27,43.00,484,482,,,EA,ORB
STARLINK-36728,2026-036Z,67927,PAY,+,US,2026-02-22,AFETR,,94.27,43.00,484,482,,,EA,ORB
STARLINK-36771,2026-036AA,67928,PAY,+,US,2026-02-22,AFETR,,94.27,43.00,484,482,,,EA,ORB
STARLINK-36809,2026-036AB,67929,PAY,+,US,2026-02-22,AFETR,,94.27,43.00,484,482,,,EA,ORB
STARLINK-36865,2026-036AC,67930,PAY,+,US,2026-02-22,AFETR,,94.27,43.00,484,482,,,EA,ORB
STARLINK-36781,2026-036AD,67931,PAY,+,US,2026-02-22,AFETR,,94.27,43.00,484,482,,,EA,ORB
STARLINK-36301,2026-037A,67932,PAY,+,US,2026-02-24,AFETR,,94.27,43.00,484,482,,,EA,ORB
STARLINK-36852,2026-037B,67933,PAY,+,US,2026-02-24,AFETR,,94.27,43.00,484,483,,,EA,ORB
STARLINK-36861,2026-037C,67934,PAY,+,US,2026-02-24,AFETR,,94.27,43.00,484,482,,,EA,ORB
STARLINK-36860,2026-037D,67935,PAY,+,US,2026-02-24,AFETR,,94.27,43.00,484,482,,,EA,ORB
STARLINK-36848,2026-037E,67936,PAY,+,US,2026-02-24,AFETR,,94.27,43.00,485,482,,,EA,ORB
STARLINK-36370,2026-037F,67937,PAY,+,US,2026-02-24,AFETR,,94.27,43.00,484,482,,,EA,ORB
STARLINK-36371,2026-037G,67938,PAY,+,US,2026-02-24,AFETR,,94.27,43.00,484,482,,,EA,ORB
STARLINK-36246,2026-037H,67939,PAY,+,US,2026-02-24,AFETR,,94.27,43.00,484,482,,,EA,ORB
STARLINK-36907,2026-037J,67940,PAY,+,US,2026-02-24,AFETR,,94.26,43.00,484,482,,,EA,ORB
STARLINK-36927,2026-037K,67941,PAY,+,US,2026-02-24,AFETR,,94.27,43.00,484,482,,,EA,ORB
STARLINK-36914,2026-037L,67942,PAY,+,US,2026-02-24,AFETR,,94.27,43.00,483,483,,,EA,ORB
STARLINK-36851,2026-037M,67943,PAY,+,US,2026-02-24,AFETR,,94.27,43.00,484,482,,,EA,ORB
STARLINK-36892,2026-037N,67944,PAY,+,US,2026-02-24,AFETR,,94.27,43.00,484,482,,,EA,ORB
STARLINK-36908,2026-037P,67945,PAY,+,US,2026-02-24,AFETR,,94.27,43.00,484,482,,,EA,ORB
STARLINK-36909,2026-037Q,67946,PAY,+,US,2026-02-24,AFETR,,94.27,43.00,484,482,,,EA,ORB
STARLINK-36920,2026-037R,67947,PAY,+,US,2026-02-24,AFETR,,94.27,43.00,484,482,,,EA,ORB
STARLINK-36873,2026-037S,67948,PAY,+,US,2026-02-24,AFETR,,94.27,43.00,484,482,,,EA,ORB
STARLINK-36863,2026-037T,67949,PAY,+,US,2026-02-24,AFETR,,94.27,43.00,484,482,,,EA,ORB
STARLINK-36887,2026-037U,67950,PAY,+,US,2026-02-24,AFETR,,94.27,43.00,484,482,,,EA,ORB
STARLINK-36897,2026-037V,67951,PAY,+,US,2026-02-24,AFETR,,94.27,43.00,483,483,,,EA,ORB
STARLINK-36381,2026-037W,67952,PAY,+,US,2026-02-24,AFETR,,94.27,43.00,484,482,,,EA,ORB
STARLINK-36824,2026-037X,67953,PAY,+,US,2026-02-24,AFETR,,94.27,43.00,484,482,,,EA,ORB
STARLINK-36869,2026-037Y,67954,PAY,+,US,2026-02-24,AFETR,,94.27,43.00,483,483,,,EA,ORB
STARLINK-36872,2026-037Z,67955,PAY,+,US,2026-02-24,AFETR,,94.27,43.00,484,482,,,EA,ORB
STARLINK-36918,2026-037AA,67956,PAY,+,US,2026-02-24,AFETR,,94.27,43.00,484,482,,,EA,ORB
STARLINK-36829,2026-037AB,67957,PAY,+,US,2026-02-24,AFETR,,94.27,42.99,484,483,,,EA,ORB
STARLINK-36799,2026-037AC,67958,PAY,+,US,2026-02-24,AFETR,,94.27,43.00,484,482,,,EA,ORB
STARLINK-36834,2026-037AD,67959,PAY,+,US,2026-02-24,AFETR,,94.27,43.00,484,482,,,EA,ORB
STARLINK-36841,2026-037AE,67960,PAY,+,US,2026-02-24,AFETR,,94.27,43.00,484,482,,,EA,ORB
STARLINK-36912,2026-038A,67961,PAY,+,US,2026-02-25,AFWTR,,93.90,97.28,467,464,,,EA,ORB
STARLINK-36881,2026-038B,67962,PAY,+,US,2026-02-25,AFWTR,,93.91,97.28,467,464,,,EA,ORB
STARLINK-36357,2026-038C,67963,PAY,+,US,2026-02-25,AFWTR,,93.91,97.28,467,464,,,EA,ORB
STARLINK-36349,2026-038D,67964,PAY,+,US,2026-02-25,AFWTR,,93.91,97.28,467,464,,,EA,ORB
STARLINK-36806,2026-038E,67965,PAY,+,US,2026-02-25,AFWTR,,93.91,97.28,467,464,,,EA,ORB
STARLINK-36820,2026-038F,67966,PAY,+,US,2026-02-25,AFWTR,,93.91,97.28,466,465,,,EA,ORB
STARLINK-36819,2026-038G,67967,PAY,+,US,2026-02-25,AFWTR,,93.91,97.28,467,464,,,EA,ORB
STARLINK-36812,2026-038H,67968,PAY,+,US,2026-02-25,AFWTR,,93.91,97.29,466,465,,,EA,ORB
STARLINK-36709,2026-038J,67969,PAY,+,US,2026-02-25,AFWTR,,93.91,97.28,466,465,,,EA,ORB
STARLINK-36319,2026-038K,67970,PAY,+,US,2026-02-25,AFWTR,,93.91,97.28,467,464,,,EA,ORB
STARLINK-36710,2026-038L,67971,PAY,+,US,2026-02-25,AFWTR,,93.91,97.28,468,463,,,EA,ORB
STARLINK-36894,2026-038M,67972,PAY,+,US,2026-02-25,AFWTR,,93.91,97.28,467,464,,,EA,ORB
STARLINK-36900,2026-038N,67973,PAY,+,US,2026-02-25,AFWTR,,93.91,97.28,467,464,,,EA,ORB
STARLINK-36901,2026-038P,67974,PAY,+,US,2026-02-25,AFWTR,,93.91,97.29,466,465,,,EA,ORB
STARLINK-36883,2026-038Q,67975,PAY,+,US,2026-02-25,AFWTR,,93.91,97.29,467,464,,,EA,ORB
STARLINK-36880,2026-038R,67976,PAY,+,US,2026-02-25,AFWTR,,93.91,97.28,468,463,,,EA,ORB
STARLINK-36904,2026-038S,67977,PAY,+,US,2026-02-25,AFWTR,,93.91,97.28,467,464,,,EA,ORB
STARLINK-36364,2026-038T,67978,PAY,+,US,2026-02-25,AFWTR,,93.91,97.28,466,465,,,EA,ORB
STARLINK-36359,2026-038U,67979,PAY,+,US,2026-02-25,AFWTR,,93.91,97.28,467,464,,,EA,ORB
STARLINK-36882,2026-038V,67980,PAY,+,US,2026-02-25,AFWTR,,93.91,97.28,467,464,,,EA,ORB
STARLINK-36874,2026-038W,67981,PAY,+,US,2026-02-25,AFWTR,,93.91,97.28,467,464,,,EA,ORB
STARLINK-36879,2026-038X,67982,PAY,+,US,2026-02-25,AFWTR,,93.91,97.28,467,464,,,EA,ORB
STARLINK-36867,2026-038Y,67983,PAY,+,US,2026-02-25,AFWTR,,93.91,97.28,467,464,,,EA,ORB
STARLINK-36266,2026-038Z,67984,PAY,+,US,2026-02-25,AFWTR,,93.91,97.28,466,465,,,EA,ORB
STARLINK-36802,2026-038AA,67985,PAY,+,US,2026-02-25,AFWTR,,93.91,97.28,467,464,,,EA,ORB
STARLINK-36535,2026-039A,67986,PAY,+,US,2026-02-27,AFETR,,94.27,43.00,484,482,,,EA,ORB
STARLINK-36744,2026-039B,67987,PAY,+,US,2026-02-27,AFETR,,94.27,43.00,483,483,,,EA,ORB
STARLINK-36734,2026-039C,67988,PAY,+,US,2026-02-27,AFETR,,94.27,43.00,484,482,,,EA,ORB
STARLINK-36957,2026-039D,67989,PAY,+,US,2026-02-27,AFETR,,94.27,43.00,484,482,,,EA,ORB
STARLINK-36951,2026-039E,67990,PAY,+,US,2026-02-27,AFETR,,94.27,43.00,484,482,,,EA,ORB
STARLINK-36941,2026-039F,67991,PAY,+,US,2026-02-27,AFETR,,94.27,43.00,484,482,,,EA,ORB
STARLINK-36950,2026-039G,67992,PAY,+,US,2026-02-27,AFETR,,94.27,43.00,484,482,,,EA,ORB
STARLINK-36975,2026-039H,67993,PAY,+,US,2026-02-27,AFETR,,94.27,43.00,484,482,,,EA,ORB
STARLINK-36993,2026-039J,67994,PAY,+,US,2026-02-27,AFETR,,94.27,43.00,484,482,,,EA,ORB
STARLINK-36968,2026-039K,67995,PAY,+,US,2026-02-27,AFETR,,94.27,43.00,484,482,,,EA,ORB
STARLINK-36979,2026-039L,67996,PAY,+,US,2026-02-27,AFETR,,94.27,43.00,484,482,,,EA,ORB
STARLINK-36994,2026-039M,67997,PAY,+,US,2026-02-27,AFETR,,94.27,43.00,484,482,,,EA,ORB
STARLINK-36988,2026-039N,67998,PAY,+,US,2026-02-27,AFETR,,94.27,43.00,484,482,,,EA,ORB
STARLINK-36926,2026-039P,67999,PAY,+,US,2026-02-27,AFETR,,94.27,43.00,484,482,,,EA,ORB
STARLINK-36931,2026-039Q,68000,PAY,+,US,2026-02-27,AFETR,,94.27,43.00,484,482,,,EA,ORB
STARLINK-36903,2026-039R,68001,PAY,+,US,2026-02-27,AFETR,,94.27,43.00,485,481,,,EA,ORB
STARLINK-36898,2026-039S,68002,PAY,+,US,2026-02-27,AFETR,,94.27,42.99,483,483,,,EA,ORB
STARLINK-36862,2026-039T,68003,PAY,+,US,2026-02-27,AFETR,,94.27,43.00,484,482,,,EA,ORB
STARLINK-36888,2026-039U,68004,PAY,+,US,2026-02-27,AFETR,,94.27,43.00,484,482,,,EA,ORB
STARLINK-36910,2026-039V,68005,PAY,+,US,2026-02-27,AFETR,,94.27,43.00,484,482,,,EA,ORB
STARLINK-36889,2026-039W,68006,PAY,+,US,2026-02-27,AFETR,,94.27,43.00,484,482,,,EA,ORB
STARLINK-36592,2026-039X,68007,PAY,+,US,2026-02-27,AFETR,,94.27,43.00,484,482,,,EA,ORB
STARLINK-36911,2026-039Y,68008,PAY,+,US,2026-02-27,AFETR,,94.27,43.00,484,482,,,EA,ORB
STARLINK-36956,2026-039Z,68009,PAY,+,US,2026-02-27,AFETR,,94.27,43.00,484,482,,,EA,ORB
STARLINK-36953,2026-039AA,68010,PAY,+,US,2026-02-27,AFETR,,94.27,43.00,484,482,,,EA,ORB
STARLINK-36991,2026-039AB,68011,PAY,+,US,2026-02-27,AFETR,,94.27,43.00,484,482,,,EA,ORB
STARLINK-36936,2026-039AC,68012,PAY,+,US,2026-02-27,AFETR,,94.27,43.00,484,482,,,EA,ORB
STARLINK-36967,2026-039AD,68013,PAY,+,US,2026-02-27,AFETR,,94.27,43.00,484,482,,,EA,ORB
STARLINK-36985,2026-039AE,68014,PAY,+,US,2026-02-27,AFETR,,94.27,43.00,484,482,,,EA,ORB
STARLINK-36335,2026-040A,68015,PAY,+,US,2026-03-01,AFWTR,,93.91,97.28,467,464,,,EA,ORB
STARLINK-36923,2026-040B,68016,PAY,+,US,2026-03-01,AFWTR,,93.91,97.29,466,465,,,EA,ORB
STARLINK-36568,2026-040C,68017,PAY,+,US,2026-03-01,AFWTR,,93.90,97.28,467,464,,,EA,ORB
STARLINK-36930,2026-040D,68018,PAY,+,US,2026-03-01,AFWTR,,93.91,97.29,467,464,,,EA,ORB
STARLINK-36921,2026-040E,68019,PAY,+,US,2026-03-01,AFWTR,,93.90,97.29,467,464,,,EA,ORB
STARLINK-36928,2026-040F,68020,PAY,+,US,2026-03-01,AFWTR,,93.91,97.29,467,464,,,EA,ORB
STARLINK-36858,2026-040G,68021,PAY,+,US,2026-03-01,AFWTR,,93.91,97.29,466,465,,,EA,ORB
STARLINK-36916,2026-040H,68022,PAY,+,US,2026-03-01,AFWTR,,93.91,97.28,467,464,,,EA,ORB
STARLINK-36871,2026-040J,68023,PAY,+,US,2026-03-01,AFWTR,,93.91,97.29,467,464,,,EA,ORB
STARLINK-36891,2026-040K,68024,PAY,+,US,2026-03-01,AFWTR,,93.91,97.29,467,464,,,EA,ORB
STARLINK-36378,2026-040L,68025,PAY,+,US,2026-03-01,AFWTR,,93.91,97.29,467,464,,,EA,ORB
STARLINK-36884,2026-040M,68026,PAY,+,US,2026-03-01,AFWTR,,93.91,97.29,466,465,,,EA,ORB
STARLINK-36940,2026-040N,68027,PAY,+,US,2026-03-01,AFWTR,,93.91,97.29,466,465,,,EA,ORB
STARLINK-36253,2026-040P,68028,PAY,P,US,2026-03-01,AFWTR,,92.83,97.28,417,409,,,EA,ORB
STARLINK-36944,2026-040Q,68029,PAY,+,US,2026-03-01,AFWTR,,93.91,97.29,467,465,,,EA,ORB
STARLINK-36942,2026-040R,68030,PAY,+,US,2026-03-01,AFWTR,,93.91,97.29,467,464,,,EA,ORB
STARLINK-36913,2026-040S,68031,PAY,+,US,2026-03-01,AFWTR,,93.91,97.29,466,465,,,EA,ORB
STARLINK-36935,2026-040T,68032,PAY,+,US,2026-03-01,AFWTR,,93.90,97.28,467,463,,,EA,ORB
STARLINK-36947,2026-040U,68033,PAY,+,US,2026-03-01,AFWTR,,93.91,97.29,467,464,,,EA,ORB
STARLINK-36939,2026-040V,68034,PAY,+,US,2026-03-01,AFWTR,,93.91,97.29,467,464,,,EA,ORB
STARLINK-36943,2026-040W,68035,PAY,+,US,2026-03-01,AFWTR,,93.91,97.28,467,465,,,EA,ORB
STARLINK-36906,2026-040X,68036,PAY,+,US,2026-03-01,AFWTR,,93.91,97.29,466,465,,,EA,ORB
STARLINK-36388,2026-040Y,68037,PAY,+,US,2026-03-01,AFWTR,,93.91,97.29,467,464,,,EA,ORB
STARLINK-36895,2026-040Z,68038,PAY,+,US,2026-03-01,AFWTR,,93.91,97.28,467,464,,,EA,ORB
STARLINK-36373,2026-040AA,68039,PAY,+,US,2026-03-01,AFWTR,,93.91,97.29,467,464,,,EA,ORB
STARLINK-36711,2026-041A,68040,PAY,+,US,2026-03-02,AFETR,,93.85,53.16,463,462,,,EA,ORB
STARLINK-36825,2026-041B,68041,PAY,+,US,2026-03-02,AFETR,,93.85,53.16,464,461,,,EA,ORB
STARLINK-36925,2026-041C,68042,PAY,+,US,2026-03-02,AFETR,,93.85,53.16,464,462,,,EA,ORB
STARLINK-36902,2026-041D,68043,PAY,+,US,2026-03-02,AFETR,,93.85,53.16,465,461,,,EA,ORB
STARLINK-36966,2026-041E,68044,PAY,+,US,2026-03-02,AFETR,,93.85,53.16,463,462,,,EA,ORB
STARLINK-36864,2026-041F,68045,PAY,+,US,2026-03-02,AFETR,,93.85,53.16,464,461,,,EA,ORB
STARLINK-36321,2026-041G,68046,PAY,+,US,2026-03-02,AFETR,,93.85,53.16,463,462,,,EA,ORB
STARLINK-36181,2026-041H,68047,PAY,+,US,2026-03-02,AFETR,,93.85,53.16,463,462,,,EA,ORB
STARLINK-36318,2026-041J,68048,PAY,+,US,2026-03-02,AFETR,,93.85,53.16,463,462,,,EA,ORB
STARLINK-36885,2026-041K,68049,PAY,+,US,2026-03-02,AFETR,,93.85,53.16,464,462,,,EA,ORB
STARLINK-36945,2026-041L,68050,PAY,+,US,2026-03-02,AFETR,,93.85,53.16,464,462,,,EA,ORB
STARLINK-35911,2026-041M,68051,PAY,+,US,2026-03-02,AFETR,,93.85,53.16,464,462,,,EA,ORB
STARLINK-35808,2026-041N,68052,PAY,+,US,2026-03-02,AFETR,,93.85,53.16,464,462,,,EA,ORB
STARLINK-36919,2026-041P,68053,PAY,+,US,2026-03-02,AFETR,,93.85,53.16,464,462,,,EA,ORB
STARLINK-36924,2026-041Q,68054,PAY,+,US,2026-03-02,AFETR,,93.85,53.16,463,462,,,EA,ORB
STARLINK-35998,2026-041R,68055,PAY,+,US,2026-03-02,AFETR,,93.85,53.16,464,461,,,EA,ORB
STARLINK-36845,2026-041S,68056,PAY,+,US,2026-03-02,AFETR,,93.85,53.16,463,462,,,EA,ORB
STARLINK-36954,2026-041T,68057,PAY,+,US,2026-03-02,AFETR,,93.85,53.16,464,462,,,EA,ORB
STARLINK-36899,2026-041U,68058,PAY,+,US,2026-03-02,AFETR,,93.85,53.16,463,462,,,EA,ORB
STARLINK-36917,2026-041V,68059,PAY,+,US,2026-03-02,AFETR,,93.85,53.16,464,461,,,EA,ORB
STARLINK-36959,2026-041W,68060,PAY,+,US,2026-03-02,AFETR,,93.85,53.16,464,462,,,EA,ORB
STARLINK-36915,2026-041X,68061,PAY,+,US,2026-03-02,AFETR,,93.85,53.16,464,462,,,EA,ORB
STARLINK-36952,2026-041Y,68062,PAY,+,US,2026-03-02,AFETR,,93.85,53.16,464,462,,,EA,ORB
STARLINK-37000,2026-041Z,68063,PAY,+,US,2026-03-02,AFETR,,93.85,53.16,464,462,,,EA,ORB
STARLINK-36996,2026-041AA,68064,PAY,+,US,2026-03-02,AFETR,,93.85,53.17,464,462,,,EA,ORB
STARLINK-36836,2026-041AB,68065,PAY,+,US,2026-03-02,AFETR,,93.85,53.16,464,462,,,EA,ORB
STARLINK-36976,2026-041AC,68066,PAY,+,US,2026-03-02,AFETR,,93.85,53.16,463,462,,,EA,ORB
STARLINK-36929,2026-041AD,68067,PAY,+,US,2026-03-02,AFETR,,93.85,53.16,463,462,,,EA,ORB
STARLINK-36990,2026-041AE,68068,PAY,+,US,2026-03-02,AFETR,,93.85,53.16,463,462,,,EA,ORB
STARLINK-36766,2026-042A,68069,PAY,+,US,2026-03-04,AFETR,,93.85,53.16,463,462,,,EA,ORB
STARLINK-36823,2026-042B,68070,PAY,+,US,2026-03-04,AFETR,,93.85,53.16,464,462,,,EA,ORB
STARLINK-36970,2026-042C,68071,PAY,+,US,2026-03-04,AFETR,,93.85,53.16,463,462,,,EA,ORB
STARLINK-36972,2026-042D,68072,PAY,+,US,2026-03-04,AFETR,,93.85,53.16,463,462,,,EA,ORB
STARLINK-37074,2026-042E,68073,PAY,+,US,2026-03-04,AFETR,,93.85,53.16,463,462,,,EA,ORB
STARLINK-37045,2026-042F,68074,PAY,+,US,2026-03-04,AFETR,,93.85,53.16,463,462,,,EA,ORB
STARLINK-37026,2026-042G,68075,PAY,+,US,2026-03-04,AFETR,,93.85,53.16,463,462,,,EA,ORB
STARLINK-37023,2026-042H,68076,PAY,+,US,2026-03-04,AFETR,,93.85,53.16,464,462,,,EA,ORB
STARLINK-37036,2026-042J,68077,PAY,+,US,2026-03-04,AFETR,,93.85,53.16,464,461,,,EA,ORB
STARLINK-36973,2026-042K,68078,PAY,+,US,2026-03-04,AFETR,,93.85,53.16,464,462,,,EA,ORB
STARLINK-37063,2026-042L,68079,PAY,+,US,2026-03-04,AFETR,,93.85,53.16,464,462,,,EA,ORB
STARLINK-37051,2026-042M,68080,PAY,+,US,2026-03-04,AFETR,,93.85,53.16,463,462,,,EA,ORB
STARLINK-37066,2026-042N,68081,PAY,+,US,2026-03-04,AFETR,,93.85,53.16,464,462,,,EA,ORB
STARLINK-37054,2026-042P,68082,PAY,+,US,2026-03-04,AFETR,,93.85,53.16,464,462,,,EA,ORB
STARLINK-37065,2026-042Q,68083,PAY,+,US,2026-03-04,AFETR,,93.85,53.16,464,462,,,EA,ORB
STARLINK-37037,2026-042R,68084,PAY,+,US,2026-03-04,AFETR,,93.85,53.16,463,462,,,EA,ORB
STARLINK-37068,2026-042S,68085,PAY,+,US,2026-03-04,AFETR,,93.85,53.16,464,461,,,EA,ORB
STARLINK-37067,2026-042T,68086,PAY,+,US,2026-03-04,AFETR,,93.85,53.16,464,461,,,EA,ORB
STARLINK-37062,2026-042U,68087,PAY,+,US,2026-03-04,AFETR,,93.85,53.16,464,462,,,EA,ORB
STARLINK-37059,2026-042V,68088,PAY,+,US,2026-03-04,AFETR,,93.85,53.16,464,462,,,EA,ORB
STARLINK-37004,2026-042W,68089,PAY,+,US,2026-03-04,AFETR,,93.85,53.16,464,462,,,EA,ORB
STARLINK-36320,2026-042X,68090,PAY,+,US,2026-03-04,AFETR,,93.85,53.16,463,462,,,EA,ORB
STARLINK-36324,2026-042Y,68091,PAY,+,US,2026-03-04,AFETR,,93.85,53.16,463,463,,,EA,ORB
STARLINK-36896,2026-042Z,68092,PAY,+,US,2026-03-04,AFETR,,93.85,53.16,464,462,,,EA,ORB
STARLINK-36251,2026-042AA,68093,PAY,+,US,2026-03-04,AFETR,,93.85,53.16,464,462,,,EA,ORB
STARLINK-36787,2026-042AB,68094,PAY,+,US,2026-03-04,AFETR,,93.85,53.16,464,462,,,EA,ORB
STARLINK-36790,2026-042AC,68095,PAY,+,US,2026-03-04,AFETR,,93.85,53.16,464,461,,,EA,ORB
STARLINK-36328,2026-042AD,68096,PAY,+,US,2026-03-04,AFETR,,93.85,53.16,463,462,,,EA,ORB
STARLINK-36853,2026-042AE,68097,PAY,+,US,2026-03-04,AFETR,,93.85,53.16,463,463,,,EA,ORB
STARLINK-37022,2026-044A,68101,PAY,+,US,2026-03-08,AFWTR,,93.91,97.28,467,464,,,EA,ORB
STARLINK-37046,2026-044B,68102,PAY,+,US,2026-03-08,AFWTR,,93.91,97.29,466,465,,,EA,ORB
STARLINK-37018,2026-044C,68103,PAY,+,US,2026-03-08,AFWTR,,93.91,97.29,466,465,,,EA,ORB
STARLINK-37041,2026-044D,68104,PAY,+,US,2026-03-08,AFWTR,,93.91,97.29,466,465,,,EA,ORB
STARLINK-37021,2026-044E,68105,PAY,+,US,2026-03-08,AFWTR,,93.91,97.29,467,464,,,EA,ORB
STARLINK-37024,2026-044F,68106,PAY,+,US,2026-03-08,AFWTR,,93.91,97.29,467,464,,,EA,ORB
STARLINK-37005,2026-044G,68107,PAY,+,US,2026-03-08,AFWTR,,93.91,97.29,467,464,,,EA,ORB
STARLINK-37017,2026-044H,68108,PAY,+,US,2026-03-08,AFWTR,,93.90,97.29,467,464,,,EA,ORB
STARLINK-36833,2026-044J,68109,PAY,+,US,2026-03-08,AFWTR,,93.91,97.29,468,464,,,EA,ORB
STARLINK-36830,2026-044K,68110,PAY,+,US,2026-03-08,AFWTR,,93.91,97.29,466,465,,,EA,ORB
STARLINK-36791,2026-044L,68111,PAY,+,US,2026-03-08,AFWTR,,93.91,97.29,467,464,,,EA,ORB
STARLINK-36893,2026-044M,68112,PAY,+,US,2026-03-08,AFWTR,,93.91,97.29,467,464,,,EA,ORB
STARLINK-36937,2026-044N,68113,PAY,+,US,2026-03-08,AFWTR,,93.91,97.28,466,465,,,EA,ORB
STARLINK-36229,2026-044P,68114,PAY,+,US,2026-03-08,AFWTR,,93.91,97.29,467,465,,,EA,ORB
STARLINK-36392,2026-044Q,68115,PAY,+,US,2026-03-08,AFWTR,,93.91,97.29,467,464,,,EA,ORB
STARLINK-36805,2026-044R,68116,PAY,+,US,2026-03-08,AFWTR,,93.91,97.29,466,465,,,EA,ORB
STARLINK-36844,2026-044S,68117,PAY,+,US,2026-03-08,AFWTR,,93.90,97.29,467,464,,,EA,ORB
STARLINK-36789,2026-044T,68118,PAY,+,US,2026-03-08,AFWTR,,93.91,97.28,468,463,,,EA,ORB
STARLINK-36850,2026-044U,68119,PAY,+,US,2026-03-08,AFWTR,,93.91,97.29,467,464,,,EA,ORB
STARLINK-36868,2026-044V,68120,PAY,+,US,2026-03-08,AFWTR,,93.90,97.29,468,463,,,EA,ORB
STARLINK-36855,2026-044W,68121,PAY,+,US,2026-03-08,AFWTR,,93.91,97.29,467,465,,,EA,ORB
STARLINK-36366,2026-044X,68122,PAY,+,US,2026-03-08,AFWTR,,93.91,97.29,467,464,,,EA,ORB
STARLINK-36922,2026-044Y,68123,PAY,+,US,2026-03-08,AFWTR,,93.91,97.28,467,464,,,EA,ORB
STARLINK-36938,2026-044Z,68124,PAY,+,US,2026-03-08,AFWTR,,93.91,97.29,467,464,,,EA,ORB
STARLINK-36839,2026-044AA,68125,PAY,+,US,2026-03-08,AFWTR,,93.91,97.29,467,464,,,EA,ORB
STARLINK-36604,2026-049A,68142,PAY,+,US,2026-03-13,AFWTR,,93.91,97.28,467,464,,,EA,ORB
STARLINK-36995,2026-049B,68143,PAY,+,US,2026-03-13,AFWTR,,93.91,97.28,466,465,,,EA,ORB
STARLINK-37020,2026-049C,68144,PAY,+,US,2026-03-13,AFWTR,,93.91,97.28,467,464,,,EA,ORB
STARLINK-36244,2026-049D,68145,PAY,+,US,2026-03-13,AFWTR,,93.91,97.28,467,464,,,EA,ORB
STARLINK-36980,2026-049E,68146,PAY,+,US,2026-03-13,AFWTR,,93.91,97.28,467,464,,,EA,ORB
STARLINK-37055,2026-049F,68147,PAY,+,US,2026-03-13,AFWTR,,93.91,97.28,466,465,,,EA,ORB
STARLINK-36981,2026-049G,68148,PAY,+,US,2026-03-13,AFWTR,,93.91,97.28,467,464,,,EA,ORB
STARLINK-36992,2026-049H,68149,PAY,+,US,2026-03-13,AFWTR,,93.91,97.28,467,465,,,EA,ORB
STARLINK-37060,2026-049J,68150,PAY,+,US,2026-03-13,AFWTR,,93.91,97.28,467,465,,,EA,ORB
STARLINK-37073,2026-049K,68151,PAY,+,US,2026-03-13,AFWTR,,93.91,97.28,467,464,,,EA,ORB
STARLINK-37049,2026-049L,68152,PAY,+,US,2026-03-13,AFWTR,,93.91,97.28,466,465,,,EA,ORB
STARLINK-37072,2026-049M,68153,PAY,+,US,2026-03-13,AFWTR,,93.91,97.28,466,465,,,EA,ORB
STARLINK-36241,2026-049N,68154,PAY,+,US,2026-03-13,AFWTR,,93.91,97.28,467,464,,,EA,ORB
STARLINK-37048,2026-049P,68155,PAY,+,US,2026-03-13,AFWTR,,93.91,97.28,466,465,,,EA,ORB
STARLINK-36313,2026-049Q,68156,PAY,+,US,2026-03-13,AFWTR,,93.91,97.28,467,464,,,EA,ORB
STARLINK-37064,2026-049R,68157,PAY,+,US,2026-03-13,AFWTR,,93.91,97.28,467,464,,,EA,ORB
STARLINK-37069,2026-049S,68158,PAY,+,US,2026-03-13,AFWTR,,93.91,97.28,467,465,,,EA,ORB
STARLINK-37053,2026-049T,68159,PAY,+,US,2026-03-13,AFWTR,,93.91,97.28,466,465,,,EA,ORB
STARLINK-36306,2026-049U,68160,PAY,+,US,2026-03-13,AFWTR,,93.90,97.28,466,464,,,EA,ORB
STARLINK-37057,2026-049V,68161,PAY,+,US,2026-03-13,AFWTR,,93.90,97.28,466,465,,,EA,ORB
STARLINK-37013,2026-049W,68162,PAY,+,US,2026-03-13,AFWTR,,93.91,97.28,467,464,,,EA,ORB
STARLINK-36958,2026-049X,68163,PAY,+,US,2026-03-13,AFWTR,,93.91,97.28,466,465,,,EA,ORB
STARLINK-37002,2026-049Y,68164,PAY,+,US,2026-03-13,AFWTR,,93.91,97.28,466,465,,,EA,ORB
STARLINK-36971,2026-049Z,68165,PAY,+,US,2026-03-13,AFWTR,,93.91,97.28,466,465,,,EA,ORB
STARLINK-36273,2026-049AA,68166,PAY,+,US,2026-03-13,AFWTR,,93.91,97.28,467,464,,,EA,ORB
STARLINK-36969,2026-050A,68167,PAY,+,US,2026-03-14,AFETR,,93.85,53.16,464,462,,,EA,ORB
STARLINK-36984,2026-050B,68168,PAY,+,US,2026-03-14,AFETR,,93.85,53.16,463,462,,,EA,ORB
STARLINK-37077,2026-050C,68169,PAY,+,US,2026-03-14,AFETR,,93.85,53.16,464,462,,,EA,ORB
STARLINK-37003,2026-050D,68170,PAY,+,US,2026-03-14,AFETR,,93.85,53.16,464,462,,,EA,ORB
STARLINK-37034,2026-050E,68171,PAY,+,US,2026-03-14,AFETR,,93.85,53.16,463,462,,,EA,ORB
STARLINK-37031,2026-050F,68172,PAY,+,US,2026-03-14,AFETR,,93.85,53.16,464,462,,,EA,ORB
STARLINK-37076,2026-050G,68173,PAY,+,US,2026-03-14,AFETR,,93.85,53.16,463,462,,,EA,ORB
STARLINK-37078,2026-050H,68174,PAY,+,US,2026-03-14,AFETR,,93.85,53.16,464,461,,,EA,ORB
STARLINK-36886,2026-050J,68175,PAY,+,US,2026-03-14,AFETR,,93.85,53.16,463,462,,,EA,ORB
STARLINK-36905,2026-050K,68176,PAY,+,US,2026-03-14,AFETR,,93.85,53.16,464,462,,,EA,ORB
STARLINK-36668,2026-050L,68177,PAY,+,US,2026-03-14,AFETR,,93.85,53.16,463,462,,,EA,ORB
STARLINK-36677,2026-050M,68178,PAY,+,US,2026-03-14,AFETR,,93.85,53.16,464,462,,,EA,ORB
STARLINK-37052,2026-050N,68179,PAY,+,US,2026-03-14,AFETR,,93.85,53.16,464,462,,,EA,ORB
STARLINK-37035,2026-050P,68180,PAY,+,US,2026-03-14,AFETR,,93.85,53.16,464,462,,,EA,ORB
STARLINK-37032,2026-050Q,68181,PAY,+,US,2026-03-14,AFETR,,93.85,53.16,464,462,,,EA,ORB
STARLINK-37082,2026-050R,68182,PAY,+,US,2026-03-14,AFETR,,93.85,53.16,464,462,,,EA,ORB
STARLINK-37102,2026-050S,68183,PAY,+,US,2026-03-14,AFETR,,93.85,53.16,464,462,,,EA,ORB
STARLINK-36964,2026-050T,68184,PAY,+,US,2026-03-14,AFETR,,93.85,53.16,464,462,,,EA,ORB
STARLINK-37061,2026-050U,68185,PAY,+,US,2026-03-14,AFETR,,93.85,53.16,464,462,,,EA,ORB
STARLINK-37079,2026-050V,68186,PAY,+,US,2026-03-14,AFETR,,93.85,53.16,464,462,,,EA,ORB
STARLINK-37006,2026-050W,68187,PAY,+,US,2026-03-14,AFETR,,93.85,53.16,464,462,,,EA,ORB
STARLINK-36305,2026-050Y,68189,PAY,+,US,2026-03-14,AFETR,,93.85,53.16,464,461,,,EA,ORB
STARLINK-37071,2026-050Z,68190,PAY,+,US,2026-03-14,AFETR,,93.85,53.16,464,462,,,EA,ORB
STARLINK-37091,2026-050AA,68191,PAY,+,US,2026-03-14,AFETR,,93.85,53.16,464,462,,,EA,ORB
STARLINK-37098,2026-050AB,68192,PAY,+,US,2026-03-14,AFETR,,93.85,53.16,464,462,,,EA,ORB
STARLINK-37090,2026-050AC,68193,PAY,+,US,2026-03-14,AFETR,,93.85,53.16,464,462,,,EA,ORB
STARLINK-37093,2026-050AD,68194,PAY,+,US,2026-03-14,AFETR,,93.85,53.16,464,462,,,EA,ORB
STARLINK-37058,2026-050AE,68195,PAY,+,US,2026-03-14,AFETR,,93.85,53.16,464,462,,,EA,ORB
STARLINK-36986,2026-053A,68207,PAY,+,US,2026-03-17,AFWTR,,93.91,97.28,467,464,,,EA,ORB
STARLINK-37009,2026-053B,68208,PAY,+,US,2026-03-17,AFWTR,,93.91,97.29,467,465,,,EA,ORB
STARLINK-36948,2026-053C,68209,PAY,+,US,2026-03-17,AFWTR,,93.91,97.28,466,465,,,EA,ORB
STARLINK-37119,2026-053D,68210,PAY,+,US,2026-03-17,AFWTR,,93.91,97.28,467,464,,,EA,ORB
STARLINK-37120,2026-053E,68211,PAY,+,US,2026-03-17,AFWTR,,93.90,97.28,467,464,,,EA,ORB
STARLINK-37117,2026-053F,68212,PAY,+,US,2026-03-17,AFWTR,,93.91,97.29,467,464,,,EA,ORB
STARLINK-37116,2026-053G,68213,PAY,+,US,2026-03-17,AFWTR,,93.91,97.28,467,464,,,EA,ORB
STARLINK-35854,2026-053H,68214,PAY,+,US,2026-03-17,AFWTR,,93.91,97.28,466,465,,,EA,ORB
STARLINK-36272,2026-053J,68215,PAY,+,US,2026-03-17,AFWTR,,93.91,97.29,466,465,,,EA,ORB
STARLINK-37014,2026-053K,68216,PAY,+,US,2026-03-17,AFWTR,,93.91,97.28,468,463,,,EA,ORB
STARLINK-37011,2026-053L,68217,PAY,+,US,2026-03-17,AFWTR,,93.91,97.28,467,464,,,EA,ORB
STARLINK-37108,2026-053M,68218,PAY,+,US,2026-03-17,AFWTR,,93.91,97.29,467,464,,,EA,ORB
STARLINK-37106,2026-053N,68219,PAY,+,US,2026-03-17,AFWTR,,93.91,97.28,466,465,,,EA,ORB
STARLINK-37030,2026-053P,68220,PAY,+,US,2026-03-17,AFWTR,,93.90,97.28,467,463,,,EA,ORB
STARLINK-37012,2026-053Q,68221,PAY,+,US,2026-03-17,AFWTR,,93.91,97.28,467,464,,,EA,ORB
STARLINK-37110,2026-053R,68222,PAY,+,US,2026-03-17,AFWTR,,93.91,97.28,467,464,,,EA,ORB
STARLINK-37025,2026-053S,68223,PAY,+,US,2026-03-17,AFWTR,,93.91,97.28,466,465,,,EA,ORB
STARLINK-36960,2026-053U,68225,PAY,+,US,2026-03-17,AFWTR,,93.91,97.28,467,464,,,EA,ORB
STARLINK-37038,2026-053V,68226,PAY,+,US,2026-03-17,AFWTR,,93.91,97.28,467,464,,,EA,ORB
STARLINK-37083,2026-053W,68227,PAY,+,US,2026-03-17,AFWTR,,93.91,97.28,467,464,,,EA,ORB
STARLINK-37050,2026-053X,68228,PAY,+,US,2026-03-17,AFWTR,,93.91,97.28,467,464,,,EA,ORB
STARLINK-37081,2026-053Y,68229,PAY,+,US,2026-03-17,AFWTR,,93.91,97.29,467,464,,,EA,ORB
STARLINK-37100,2026-053Z,68230,PAY,+,US,2026-03-17,AFWTR,,93.91,97.28,467,464,,,EA,ORB
STARLINK-37104,2026-053AA,68231,PAY,+,US,2026-03-17,AFWTR,,93.91,97.28,467,464,,,EA,ORB
STARLINK-37027,2026-054A,68232,PAY,+,US,2026-03-17,AFETR,,93.85,53.16,464,462,,,EA,ORB
STARLINK-37132,2026-054B,68233,PAY,+,US,2026-03-17,AFETR,,93.85,53.16,463,462,,,EA,ORB
STARLINK-37101,2026-054C,68234,PAY,+,US,2026-03-17,AFETR,,93.85,53.16,463,462,,,EA,ORB
STARLINK-36963,2026-054D,68235,PAY,+,US,2026-03-17,AFETR,,93.85,53.16,463,462,,,EA,ORB
STARLINK-37127,2026-054E,68236,PAY,+,US,2026-03-17,AFETR,,93.85,53.16,464,462,,,EA,ORB
STARLINK-37095,2026-054F,68237,PAY,+,US,2026-03-17,AFETR,,93.85,53.16,464,462,,,EA,ORB
STARLINK-37097,2026-054G,68238,PAY,+,US,2026-03-17,AFETR,,93.84,53.16,463,462,,,EA,ORB
STARLINK-37096,2026-054H,68239,PAY,+,US,2026-03-17,AFETR,,93.85,53.16,463,462,,,EA,ORB
STARLINK-37092,2026-054J,68240,PAY,+,US,2026-03-17,AFETR,,93.85,53.16,463,462,,,EA,ORB
STARLINK-37094,2026-054K,68241,PAY,+,US,2026-03-17,AFETR,,93.85,53.16,464,462,,,EA,ORB
STARLINK-36356,2026-054L,68242,PAY,+,US,2026-03-17,AFETR,,93.85,53.16,463,462,,,EA,ORB
STARLINK-36345,2026-054M,68243,PAY,+,US,2026-03-17,AFETR,,93.85,53.16,464,462,,,EA,ORB
STARLINK-36310,2026-054N,68244,PAY,+,US,2026-03-17,AFETR,,93.85,53.16,463,462,,,EA,ORB
STARLINK-36247,2026-054P,68245,PAY,+,US,2026-03-17,AFETR,,93.85,53.16,463,462,,,EA,ORB
STARLINK-37043,2026-054Q,68246,PAY,+,US,2026-03-17,AFETR,,93.85,53.16,463,462,,,EA,ORB
STARLINK-37044,2026-054R,68247,PAY,+,US,2026-03-17,AFETR,,93.85,53.16,463,462,,,EA,ORB
STARLINK-36997,2026-054S,68248,PAY,+,US,2026-03-17,AFETR,,93.85,53.16,463,462,,,EA,ORB
STARLINK-37141,2026-054T,68249,PAY,+,US,2026-03-17,AFETR,,93.85,53.16,463,462,,,EA,ORB
STARLINK-37087,2026-054U,68250,PAY,+,US,2026-03-17,AFETR,,93.85,53.16,464,462,,,EA,ORB
STARLINK-36274,2026-054V,68251,PAY,+,US,2026-03-17,AFETR,,93.85,53.16,463,462,,,EA,ORB
STARLINK-37085,2026-054W,68252,PAY,+,US,2026-03-17,AFETR,,93.85,53.16,463,462,,,EA,ORB
STARLINK-37086,2026-054X,68253,PAY,+,US,2026-03-17,AFETR,,93.85,53.16,463,462,,,EA,ORB
STARLINK-37084,2026-054Y,68254,PAY,+,US,2026-03-17,AFETR,,93.85,53.16,464,462,,,EA,ORB
STARLINK-37075,2026-054Z,68255,PAY,+,US,2026-03-17,AFETR,,93.85,53.16,463,462,,,EA,ORB
STARLINK-36333,2026-054AA,68256,PAY,+,US,2026-03-17,AFETR,,93.85,53.16,463,462,,,EA,ORB
STARLINK-36745,2026-054AB,68257,PAY,+,US,2026-03-17,AFETR,,93.85,53.16,464,462,,,EA,ORB
STARLINK-36890,2026-054AC,68258,PAY,+,US,2026-03-17,AFETR,,93.85,53.16,464,462,,,EA,ORB
STARLINK-36323,2026-054AD,68259,PAY,+,US,2026-03-17,AFETR,,93.85,53.16,463,462,,,EA,ORB
STARLINK-37056,2026-054AE,68260,PAY,+,US,2026-03-17,AFETR,,93.85,53.16,464,462,,,EA,ORB
STARLINK-37162,2026-055A,68262,PAY,+,US,2026-03-19,AFETR,,93.85,53.16,464,462,,,EA,ORB
STARLINK-37156,2026-055B,68263,PAY,+,US,2026-03-19,AFETR,,93.85,53.16,463,462,,,EA,ORB
STARLINK-37163,2026-055C,68264,PAY,+,US,2026-03-19,AFETR,,93.85,53.16,463,462,,,EA,ORB
STARLINK-37133,2026-055D,68265,PAY,+,US,2026-03-19,AFETR,,93.85,53.16,463,462,,,EA,ORB
STARLINK-37042,2026-055E,68266,PAY,+,US,2026-03-19,AFETR,,93.85,53.16,464,462,,,EA,ORB
STARLINK-37103,2026-055F,68267,PAY,+,US,2026-03-19,AFETR,,93.85,53.16,463,462,,,EA,ORB
STARLINK-36999,2026-055G,68268,PAY,+,US,2026-03-19,AFETR,,93.85,53.16,464,462,,,EA,ORB
STARLINK-36962,2026-055H,68269,PAY,+,US,2026-03-19,AFETR,,93.85,53.16,464,462,,,EA,ORB
STARLINK-37028,2026-055J,68270,PAY,+,US,2026-03-19,AFETR,,93.85,53.16,463,462,,,EA,ORB
STARLINK-37029,2026-055K,68271,PAY,+,US,2026-03-19,AFETR,,93.85,53.16,464,462,,,EA,ORB
STARLINK-36974,2026-055L,68272,PAY,+,US,2026-03-19,AFETR,,93.85,53.16,464,462,,,EA,ORB
STARLINK-37019,2026-055M,68273,PAY,+,US,2026-03-19,AFETR,,93.85,53.16,464,461,,,EA,ORB
STARLINK-37129,2026-055N,68274,PAY,+,US,2026-03-19,AFETR,,93.85,53.16,463,462,,,EA,ORB
STARLINK-37123,2026-055P,68275,PAY,+,US,2026-03-19,AFETR,,93.85,53.16,464,462,,,EA,ORB
STARLINK-37125,2026-055Q,68276,PAY,+,US,2026-03-19,AFETR,,93.85,53.16,463,462,,,EA,ORB
STARLINK-36989,2026-055R,68277,PAY,+,US,2026-03-19,AFETR,,93.85,53.16,463,462,,,EA,ORB
STARLINK-36982,2026-055S,68278,PAY,+,US,2026-03-19,AFETR,,93.85,53.16,463,462,,,EA,ORB
STARLINK-36934,2026-055T,68279,PAY,+,US,2026-03-19,AFETR,,93.85,53.16,463,462,,,EA,ORB
STARLINK-37070,2026-055U,68280,PAY,+,US,2026-03-19,AFETR,,93.85,53.16,464,462,,,EA,ORB
STARLINK-37134,2026-055V,68281,PAY,+,US,2026-03-19,AFETR,,93.85,53.16,463,462,,,EA,ORB
STARLINK-37160,2026-055W,68282,PAY,+,US,2026-03-19,AFETR,,93.85,53.16,465,461,,,EA,ORB
STARLINK-37124,2026-055X,68283,PAY,+,US,2026-03-19,AFETR,,93.85,53.16,464,462,,,EA,ORB
STARLINK-37159,2026-055Y,68284,PAY,+,US,2026-03-19,AFETR,,93.85,53.16,464,462,,,EA,ORB
STARLINK-36725,2026-055Z,68285,PAY,+,US,2026-03-19,AFETR,,93.85,53.16,463,462,,,EA,ORB
STARLINK-36998,2026-055AA,68286,PAY,+,US,2026-03-19,AFETR,,93.85,53.16,463,462,,,EA,ORB
STARLINK-37165,2026-055AB,68287,PAY,+,US,2026-03-19,AFETR,,93.85,53.16,464,462,,,EA,ORB
STARLINK-37016,2026-055AC,68288,PAY,+,US,2026-03-19,AFETR,,93.85,53.16,463,462,,,EA,ORB
STARLINK-37010,2026-055AD,68289,PAY,+,US,2026-03-19,AFETR,,93.85,53.16,464,462,,,EA,ORB
STARLINK-37151,2026-055AE,68290,PAY,+,US,2026-03-19,AFETR,,93.85,53.16,463,462,,,EA,ORB
STARLINK-37107,2026-057A,68294,PAY,+,US,2026-03-20,AFWTR,,93.91,97.29,466,465,,,EA,ORB
STARLINK-37147,2026-057B,68295,PAY,+,US,2026-03-20,AFWTR,,93.91,97.29,467,464,,,EA,ORB
STARLINK-37142,2026-057C,68296,PAY,+,US,2026-03-20,AFWTR,,93.91,97.29,466,465,,,EA,ORB
STARLINK-37115,2026-057D,68297,PAY,+,US,2026-03-20,AFWTR,,93.91,97.29,467,464,,,EA,ORB
STARLINK-36355,2026-057E,68298,PAY,+,US,2026-03-20,AFWTR,,93.91,97.28,467,465,,,EA,ORB
STARLINK-37118,2026-057F,68299,PAY,+,US,2026-03-20,AFWTR,,93.91,97.29,466,465,,,EA,ORB
STARLINK-36875,2026-057G,68300,PAY,+,US,2026-03-20,AFWTR,,93.91,97.29,466,465,,,EA,ORB
STARLINK-37099,2026-057H,68301,PAY,+,US,2026-03-20,AFWTR,,93.91,97.29,467,464,,,EA,ORB
STARLINK-37007,2026-057J,68302,PAY,+,US,2026-03-20,AFWTR,,93.91,97.29,466,465,,,EA,ORB
STARLINK-36300,2026-057K,68303,PAY,+,US,2026-03-20,AFWTR,,93.91,97.29,466,465,,,EA,ORB
STARLINK-36849,2026-057L,68304,PAY,+,US,2026-03-20,AFWTR,,93.91,97.29,467,464,,,EA,ORB
STARLINK-36277,2026-057M,68305,PAY,+,US,2026-03-20,AFWTR,,93.91,97.29,466,465,,,EA,ORB
STARLINK-36307,2026-057N,68306,PAY,+,US,2026-03-20,AFWTR,,93.90,97.29,466,465,,,EA,ORB
STARLINK-36264,2026-057P,68307,PAY,+,US,2026-03-20,AFWTR,,93.90,97.29,466,465,,,EA,ORB
STARLINK-37138,2026-057Q,68308,PAY,+,US,2026-03-20,AFWTR,,93.90,97.29,467,464,,,EA,ORB
STARLINK-37149,2026-057R,68309,PAY,+,US,2026-03-20,AFWTR,,93.91,97.29,466,465,,,EA,ORB
STARLINK-37148,2026-057S,68310,PAY,+,US,2026-03-20,AFWTR,,93.91,97.29,467,464,,,EA,ORB
STARLINK-37140,2026-057T,68311,PAY,+,US,2026-03-20,AFWTR,,93.91,97.28,466,465,,,EA,ORB
STARLINK-36854,2026-057U,68312,PAY,+,US,2026-03-20,AFWTR,,93.91,97.29,466,465,,,EA,ORB
STARLINK-36815,2026-057V,68313,PAY,+,US,2026-03-20,AFWTR,,93.91,97.29,466,465,,,EA,ORB
STARLINK-37155,2026-057W,68314,PAY,+,US,2026-03-20,AFWTR,,93.91,97.29,467,464,,,EA,ORB
STARLINK-37150,2026-057X,68315,PAY,+,US,2026-03-20,AFWTR,,93.91,97.29,467,464,,,EA,ORB
STARLINK-37154,2026-057Y,68316,PAY,+,US,2026-03-20,AFWTR,,93.91,97.29,467,464,,,EA,ORB
STARLINK-37139,2026-057Z,68317,PAY,+,US,2026-03-20,AFWTR,,93.91,97.29,466,465,,,EA,ORB
STARLINK-37113,2026-057AA,68318,PAY,+,US,2026-03-20,AFWTR,,93.90,97.29,466,465,,,EA,ORB
STARLINK-36987,2026-059A,68321,PAY,+,US,2026-03-22,AFETR,,93.85,53.16,463,462,,,EA,ORB
STARLINK-37088,2026-059B,68322,PAY,+,US,2026-03-22,AFETR,,93.85,53.16,464,462,,,EA,ORB
STARLINK-36983,2026-059C,68323,PAY,+,US,2026-03-22,AFETR,,93.85,53.16,463,462,,,EA,ORB
STARLINK-37164,2026-059D,68324,PAY,+,US,2026-03-22,AFETR,,93.85,53.16,463,462,,,EA,ORB
STARLINK-36309,2026-059E,68325,PAY,+,US,2026-03-22,AFETR,,93.85,53.16,464,462,,,EA,ORB
STARLINK-37206,2026-059F,68326,PAY,+,US,2026-03-22,AFETR,,93.85,53.16,463,462,,,EA,ORB
STARLINK-37199,2026-059G,68327,PAY,+,US,2026-03-22,AFETR,,93.85,53.16,465,461,,,EA,ORB
STARLINK-36245,2026-059H,68328,PAY,+,US,2026-03-22,AFETR,,93.85,53.16,464,461,,,EA,ORB
STARLINK-37204,2026-059J,68329,PAY,+,US,2026-03-22,AFETR,,93.85,53.16,464,462,,,EA,ORB
STARLINK-37001,2026-059K,68330,PAY,+,US,2026-03-22,AFETR,,93.85,53.16,464,462,,,EA,ORB
STARLINK-36932,2026-059L,68331,PAY,+,US,2026-03-22,AFETR,,93.85,53.16,464,462,,,EA,ORB
STARLINK-37205,2026-059M,68332,PAY,+,US,2026-03-22,AFETR,,93.85,53.16,464,461,,,EA,ORB
STARLINK-37180,2026-059N,68333,PAY,+,US,2026-03-22,AFETR,,93.85,53.16,464,462,,,EA,ORB
STARLINK-37191,2026-059P,68334,PAY,+,US,2026-03-22,AFETR,,93.85,53.16,465,461,,,EA,ORB
STARLINK-37217,2026-059Q,68335,PAY,+,US,2026-03-22,AFETR,,93.85,53.16,463,462,,,EA,ORB
STARLINK-37143,2026-059R,68336,PAY,+,US,2026-03-22,AFETR,,93.85,53.16,463,462,,,EA,ORB
STARLINK-36237,2026-059S,68337,PAY,+,US,2026-03-22,AFETR,,93.85,53.16,463,462,,,EA,ORB
STARLINK-36254,2026-059T,68338,PAY,+,US,2026-03-22,AFETR,,93.85,53.16,464,462,,,EA,ORB
STARLINK-37200,2026-059U,68339,PAY,+,US,2026-03-22,AFETR,,93.85,53.16,464,462,,,EA,ORB
STARLINK-37185,2026-059V,68340,PAY,+,US,2026-03-22,AFETR,,93.85,53.16,463,463,,,EA,ORB
STARLINK-37181,2026-059W,68341,PAY,+,US,2026-03-22,AFETR,,93.85,53.16,463,462,,,EA,ORB
STARLINK-37192,2026-059X,68342,PAY,+,US,2026-03-22,AFETR,,93.85,53.16,464,462,,,EA,ORB
STARLINK-37158,2026-059Y,68343,PAY,+,US,2026-03-22,AFETR,,93.85,53.16,464,462,,,EA,ORB
STARLINK-36380,2026-059Z,68344,PAY,+,US,2026-03-22,AFETR,,93.85,53.16,463,462,,,EA,ORB
STARLINK-37214,2026-059AA,68345,PAY,+,US,2026-03-22,AFETR,,93.85,53.16,464,462,,,EA,ORB
STARLINK-37169,2026-059AB,68346,PAY,+,US,2026-03-22,AFETR,,93.85,53.16,463,462,,,EA,ORB
STARLINK-37136,2026-059AC,68347,PAY,+,US,2026-03-22,AFETR,,93.85,53.16,464,462,,,EA,ORB
STARLINK-37182,2026-059AD,68348,PAY,+,US,2026-03-22,AFETR,,93.85,53.16,464,461,,,EA,ORB
STARLINK-37183,2026-059AE,68349,PAY,+,US,2026-03-22,AFETR,,93.85,53.16,464,462,,,EA,ORB
STARLINK-36296,2026-063A,68380,PAY,+,US,2026-03-26,AFWTR,,93.91,97.29,466,465,,,EA,ORB
STARLINK-37111,2026-063B,68381,PAY,+,US,2026-03-26,AFWTR,,93.91,97.29,466,465,,,EA,ORB
STARLINK-36946,2026-063C,68382,PAY,+,US,2026-03-26,AFWTR,,93.91,97.29,466,465,,,EA,ORB
STARLINK-37121,2026-063D,68383,PAY,+,US,2026-03-26,AFWTR,,93.91,97.29,467,464,,,EA,ORB
STARLINK-37137,2026-063E,68384,PAY,+,US,2026-03-26,AFWTR,,93.91,97.29,466,465,,,EA,ORB
STARLINK-37128,2026-063F,68385,PAY,+,US,2026-03-26,AFWTR,,93.91,97.29,467,464,,,EA,ORB
STARLINK-37198,2026-063G,68386,PAY,+,US,2026-03-26,AFWTR,,93.91,97.29,466,465,,,EA,ORB
STARLINK-37223,2026-063H,68387,PAY,+,US,2026-03-26,AFWTR,,93.91,97.29,466,465,,,EA,ORB
STARLINK-37203,2026-063J,68388,PAY,+,US,2026-03-26,AFWTR,,93.91,97.29,467,465,,,EA,ORB
STARLINK-37197,2026-063K,68389,PAY,+,US,2026-03-26,AFWTR,,93.91,97.29,467,464,,,EA,ORB
STARLINK-37193,2026-063L,68390,PAY,+,US,2026-03-26,AFWTR,,93.91,97.29,466,465,,,EA,ORB
STARLINK-37216,2026-063M,68391,PAY,+,US,2026-03-26,AFWTR,,93.91,97.29,466,465,,,EA,ORB
STARLINK-37215,2026-063N,68392,PAY,+,US,2026-03-26,AFWTR,,93.91,97.29,466,465,,,EA,ORB
STARLINK-37184,2026-063P,68393,PAY,+,US,2026-03-26,AFWTR,,93.90,97.28,467,464,,,EA,ORB
STARLINK-37157,2026-063Q,68394,PAY,+,US,2026-03-26,AFWTR,,93.91,97.29,467,464,,,EA,ORB
STARLINK-37172,2026-063R,68395,PAY,+,US,2026-03-26,AFWTR,,93.91,97.29,466,465,,,EA,ORB
STARLINK-37190,2026-063S,68396,PAY,+,US,2026-03-26,AFWTR,,93.91,97.29,467,464,,,EA,ORB
STARLINK-37194,2026-063T,68397,PAY,+,US,2026-03-26,AFWTR,,93.91,97.29,467,464,,,EA,ORB
STARLINK-37220,2026-063U,68398,PAY,+,US,2026-03-26,AFWTR,,93.91,97.29,467,465,,,EA,ORB
STARLINK-37187,2026-063V,68399,PAY,+,US,2026-03-26,AFWTR,,93.91,97.29,466,465,,,EA,ORB
STARLINK-36235,2026-063W,68400,PAY,+,US,2026-03-26,AFWTR,,93.91,97.29,467,464,,,EA,ORB
STARLINK-37175,2026-063X,68401,PAY,+,US,2026-03-26,AFWTR,,93.91,97.29,467,464,,,EA,ORB
STARLINK-36360,2026-063Y,68402,PAY,+,US,2026-03-26,AFWTR,,93.91,97.29,466,465,,,EA,ORB
STARLINK-37218,2026-063Z,68403,PAY,+,US,2026-03-26,AFWTR,,93.91,97.29,466,465,,,EA,ORB
STARLINK-37188,2026-063AA,68404,PAY,+,US,2026-03-26,AFWTR,,93.91,97.29,467,464,,,EA,ORB
STARLINK-37262,2026-068A,68508,PAY,+,US,2026-03-30,AFETR,,93.85,53.16,464,462,,,EA,ORB
STARLINK-36292,2026-068B,68509,PAY,+,US,2026-03-30,AFETR,,93.85,53.16,464,461,,,EA,ORB
STARLINK-37260,2026-068C,68510,PAY,+,US,2026-03-30,AFETR,,93.85,53.16,463,462,,,EA,ORB
STARLINK-37280,2026-068D,68511,PAY,+,US,2026-03-30,AFETR,,93.85,53.16,464,462,,,EA,ORB
STARLINK-37286,2026-068E,68512,PAY,+,US,2026-03-30,AFETR,,93.85,53.16,464,462,,,EA,ORB
STARLINK-36250,2026-068F,68513,PAY,+,US,2026-03-30,AFETR,,93.85,53.16,464,462,,,EA,ORB
STARLINK-37251,2026-068G,68514,PAY,+,US,2026-03-30,AFETR,,93.85,53.16,464,462,,,EA,ORB
STARLINK-36293,2026-068H,68515,PAY,+,US,2026-03-30,AFETR,,93.85,53.16,463,462,,,EA,ORB
STARLINK-36290,2026-068J,68516,PAY,+,US,2026-03-30,AFETR,,93.85,53.16,463,462,,,EA,ORB
STARLINK-36298,2026-068K,68517,PAY,+,US,2026-03-30,AFETR,,93.85,53.16,463,462,,,EA,ORB
STARLINK-36857,2026-068L,68518,PAY,+,US,2026-03-30,AFETR,,93.85,53.16,463,462,,,EA,ORB
STARLINK-36326,2026-068M,68519,PAY,+,US,2026-03-30,AFETR,,93.85,53.16,463,462,,,EA,ORB
STARLINK-37126,2026-068N,68520,PAY,+,US,2026-03-30,AFETR,,93.85,53.16,463,462,,,EA,ORB
STARLINK-36347,2026-068P,68521,PAY,+,US,2026-03-30,AFETR,,93.85,53.16,464,462,,,EA,ORB
STARLINK-36322,2026-068Q,68522,PAY,+,US,2026-03-30,AFETR,,93.85,53.16,463,462,,,EA,ORB
STARLINK-37208,2026-068R,68523,PAY,+,US,2026-03-30,AFETR,,93.85,53.16,464,462,,,EA,ORB
STARLINK-36302,2026-068S,68524,PAY,+,US,2026-03-30,AFETR,,93.85,53.16,464,462,,,EA,ORB
STARLINK-36311,2026-068T,68525,PAY,+,US,2026-03-30,AFETR,,93.85,53.16,463,462,,,EA,ORB
STARLINK-37178,2026-068U,68526,PAY,+,US,2026-03-30,AFETR,,93.85,53.16,464,462,,,EA,ORB
STARLINK-37248,2026-068V,68527,PAY,+,US,2026-03-30,AFETR,,93.85,53.16,463,462,,,EA,ORB
STARLINK-37241,2026-068W,68528,PAY,+,US,2026-03-30,AFETR,,93.85,53.16,463,462,,,EA,ORB
STARLINK-37244,2026-068X,68529,PAY,+,US,2026-03-30,AFETR,,93.85,53.16,464,461,,,EA,ORB
STARLINK-36285,2026-068Y,68530,PAY,+,US,2026-03-30,AFETR,,93.85,53.16,463,462,,,EA,ORB
STARLINK-36294,2026-068Z,68531,PAY,+,US,2026-03-30,AFETR,,93.85,53.16,463,462,,,EA,ORB
STARLINK-36249,2026-068AA,68532,PAY,+,US,2026-03-30,AFETR,,93.85,53.16,463,462,,,EA,ORB
STARLINK-36252,2026-068AB,68533,PAY,+,US,2026-03-30,AFETR,,93.85,53.16,463,462,,,EA,ORB
STARLINK-36299,2026-068AC,68534,PAY,+,US,2026-03-30,AFETR,,93.85,53.16,464,461,,,EA,ORB
STARLINK-37234,2026-068AD,68535,PAY,+,US,2026-03-30,AFETR,,93.85,53.16,464,462,,,EA,ORB
STARLINK-37173,2026-068AE,68536,PAY,+,US,2026-03-30,AFETR,,93.85,53.16,464,462,,,EA,ORB
STARLINK-37326,2026-070A,68542,PAY,+,US,2026-04-02,AFETR,,93.85,53.16,463,462,,,EA,ORB
STARLINK-36308,2026-070B,68543,PAY,+,US,2026-04-02,AFETR,,93.85,53.16,463,462,,,EA,ORB
STARLINK-37263,2026-070C,68544,PAY,+,US,2026-04-02,AFETR,,93.85,53.16,463,462,,,EA,ORB
STARLINK-37289,2026-070D,68545,PAY,+,US,2026-04-02,AFETR,,93.85,53.16,463,462,,,EA,ORB
STARLINK-37290,2026-070E,68546,PAY,+,US,2026-04-02,AFETR,,93.85,53.16,464,461,,,EA,ORB
STARLINK-37245,2026-070F,68547,PAY,+,US,2026-04-02,AFETR,,93.84,53.16,464,461,,,EA,ORB
STARLINK-37145,2026-070G,68548,PAY,+,US,2026-04-02,AFETR,,93.86,53.16,464,463,,,EA,ORB
STARLINK-36204,2026-070H,68549,PAY,+,US,2026-04-02,AFETR,,93.85,53.16,463,462,,,EA,ORB
STARLINK-36304,2026-070J,68550,PAY,+,US,2026-04-02,AFETR,,93.85,53.16,464,461,,,EA,ORB
STARLINK-37288,2026-070K,68551,PAY,+,US,2026-04-02,AFETR,,93.85,53.16,463,462,,,EA,ORB
STARLINK-37295,2026-070L,68552,PAY,+,US,2026-04-02,AFETR,,93.85,53.16,464,462,,,EA,ORB
STARLINK-37254,2026-070M,68553,PAY,+,US,2026-04-02,AFETR,,93.85,53.16,463,462,,,EA,ORB
STARLINK-37255,2026-070N,68554,PAY,+,US,2026-04-02,AFETR,,93.85,53.16,463,463,,,EA,ORB
STARLINK-37146,2026-070P,68555,PAY,+,US,2026-04-02,AFETR,,93.85,53.16,464,462,,,EA,ORB
STARLINK-37144,2026-070Q,68556,PAY,+,US,2026-04-02,AFETR,,93.85,53.16,463,462,,,EA,ORB
STARLINK-37210,2026-070R,68557,PAY,+,US,2026-04-02,AFETR,,93.85,53.16,463,462,,,EA,ORB
STARLINK-37227,2026-070S,68558,PAY,+,US,2026-04-02,AFETR,,93.85,53.16,464,461,,,EA,ORB
STARLINK-37294,2026-070T,68559,PAY,+,US,2026-04-02,AFETR,,93.85,53.16,463,462,,,EA,ORB
STARLINK-37291,2026-070U,68560,PAY,+,US,2026-04-02,AFETR,,93.85,53.16,464,462,,,EA,ORB
STARLINK-37114,2026-070V,68561,PAY,+,US,2026-04-02,AFETR,,93.85,53.16,464,462,,,EA,ORB
STARLINK-37233,2026-070W,68562,PAY,+,US,2026-04-02,AFETR,,93.85,53.16,464,462,,,EA,ORB
STARLINK-36238,2026-070X,68563,PAY,+,US,2026-04-02,AFETR,,93.85,53.16,463,462,,,EA,ORB
STARLINK-37008,2026-070Y,68564,PAY,+,US,2026-04-02,AFETR,,93.85,53.16,463,462,,,EA,ORB
STARLINK-37161,2026-070Z,68565,PAY,+,US,2026-04-02,AFETR,,93.85,53.16,464,462,,,EA,ORB
STARLINK-37212,2026-070AA,68566,PAY,+,US,2026-04-02,AFETR,,93.85,53.16,463,462,,,EA,ORB
STARLINK-37261,2026-070AB,68567,PAY,+,US,2026-04-02,AFETR,,93.85,53.16,464,461,,,EA,ORB
STARLINK-37283,2026-070AC,68568,PAY,+,US,2026-04-02,AFETR,,93.85,53.16,464,462,,,EA,ORB
STARLINK-37256,2026-070AD,68569,PAY,+,US,2026-04-02,AFETR,,93.85,53.16,463,462,,,EA,ORB
STARLINK-37228,2026-070AE,68570,PAY,+,US,2026-04-02,AFETR,,93.85,53.16,463,462,,,EA,ORB
STARLINK-37135,2026-073A,68602,PAY,+,US,2026-04-07,AFWTR,,93.91,97.28,467,464,,,EA,ORB
STARLINK-37189,2026-073B,68603,PAY,+,US,2026-04-07,AFWTR,,93.91,97.28,467,464,,,EA,ORB
STARLINK-37130,2026-073C,68604,PAY,+,US,2026-04-07,AFWTR,,93.91,97.28,467,464,,,EA,ORB
STARLINK-37131,2026-073D,68605,PAY,+,US,2026-04-07,AFWTR,,93.91,97.29,467,464,,,EA,ORB
STARLINK-37253,2026-073E,68606,PAY,+,US,2026-04-07,AFWTR,,93.91,97.29,467,464,,,EA,ORB
STARLINK-37246,2026-073F,68607,PAY,+,US,2026-04-07,AFWTR,,93.91,97.29,467,464,,,EA,ORB
STARLINK-37243,2026-073G,68608,PAY,+,US,2026-04-07,AFWTR,,93.91,97.28,467,464,,,EA,ORB
STARLINK-37250,2026-073H,68609,PAY,+,US,2026-04-07,AFWTR,,93.91,97.29,467,464,,,EA,ORB
STARLINK-37105,2026-073J,68610,PAY,+,US,2026-04-07,AFWTR,,93.91,97.28,467,464,,,EA,ORB
STARLINK-37177,2026-073K,68611,PAY,+,US,2026-04-07,AFWTR,,93.91,97.29,466,465,,,EA,ORB
STARLINK-36386,2026-073L,68612,PAY,+,US,2026-04-07,AFWTR,,93.91,97.28,467,464,,,EA,ORB
STARLINK-36187,2026-073M,68613,PAY,+,US,2026-04-07,AFWTR,,93.91,97.28,467,465,,,EA,ORB
STARLINK-37170,2026-073N,68614,PAY,+,US,2026-04-07,AFWTR,,93.91,97.29,466,465,,,EA,ORB
STARLINK-37176,2026-073P,68615,PAY,+,US,2026-04-07,AFWTR,,93.91,97.28,466,465,,,EA,ORB
STARLINK-37152,2026-073Q,68616,PAY,+,US,2026-04-07,AFWTR,,93.91,97.28,467,464,,,EA,ORB
STARLINK-37186,2026-073R,68617,PAY,+,US,2026-04-07,AFWTR,,93.91,97.28,467,464,,,EA,ORB
STARLINK-37179,2026-073S,68618,PAY,+,US,2026-04-07,AFWTR,,93.91,97.28,467,464,,,EA,ORB
STARLINK-37226,2026-073T,68619,PAY,+,US,2026-04-07,AFWTR,,93.91,97.28,467,464,,,EA,ORB
STARLINK-37211,2026-073U,68620,PAY,+,US,2026-04-07,AFWTR,,93.91,97.28,467,464,,,EA,ORB
STARLINK-37269,2026-073V,68621,PAY,+,US,2026-04-07,AFWTR,,93.91,97.28,467,464,,,EA,ORB
STARLINK-37252,2026-073W,68622,PAY,+,US,2026-04-07,AFWTR,,93.91,97.28,467,464,,,EA,ORB
STARLINK-37284,2026-073X,68623,PAY,+,US,2026-04-07,AFWTR,,93.91,97.28,467,464,,,EA,ORB
STARLINK-37231,2026-073Y,68624,PAY,+,US,2026-04-07,AFWTR,,93.91,97.28,467,464,,,EA,ORB
STARLINK-37249,2026-073Z,68625,PAY,+,US,2026-04-07,AFWTR,,93.91,97.29,466,465,,,EA,ORB
STARLINK-37285,2026-073AA,68626,PAY,+,US,2026-04-07,AFWTR,,93.91,97.29,466,465,,,EA,ORB
STARLINK-37195,2026-077A,68662,PAY,+,US,2026-04-11,AFWTR,,93.91,97.28,467,464,,,EA,ORB
STARLINK-37222,2026-077B,68663,PAY,+,US,2026-04-11,AFWTR,,93.91,97.28,467,465,,,EA,ORB
STARLINK-37153,2026-077C,68664,PAY,+,US,2026-04-11,AFWTR,,93.91,97.28,468,463,,,EA,ORB
STARLINK-37171,2026-077D,68665,PAY,+,US,2026-04-11,AFWTR,,93.91,97.29,467,464,,,EA,ORB
STARLINK-37109,2026-077E,68666,PAY,+,US,2026-04-11,AFWTR,,93.91,97.28,467,464,,,EA,ORB
STARLINK-36295,2026-077F,68667,PAY,+,US,2026-04-11,AFWTR,,93.91,97.28,467,464,,,EA,ORB
STARLINK-37221,2026-077G,68668,PAY,+,US,2026-04-11,AFWTR,,93.91,97.28,468,463,,,EA,ORB
STARLINK-37302,2026-077H,68669,PAY,+,US,2026-04-11,AFWTR,,93.91,97.28,467,464,,,EA,ORB
STARLINK-37298,2026-077J,68670,PAY,+,US,2026-04-11,AFWTR,,93.91,97.28,467,464,,,EA,ORB
STARLINK-37224,2026-077K,68671,PAY,+,US,2026-04-11,AFWTR,,93.91,97.28,467,464,,,EA,ORB
STARLINK-37296,2026-077L,68672,PAY,+,US,2026-04-11,AFWTR,,93.91,97.28,467,464,,,EA,ORB
STARLINK-37316,2026-077M,68673,PAY,+,US,2026-04-11,AFWTR,,93.91,97.28,467,464,,,EA,ORB
STARLINK-36672,2026-077N,68674,PAY,+,US,2026-04-11,AFWTR,,93.91,97.28,467,464,,,EA,ORB
STARLINK-36669,2026-077P,68675,PAY,+,US,2026-04-11,AFWTR,,93.91,97.28,467,464,,,EA,ORB
STARLINK-37312,2026-077Q,68676,PAY,+,US,2026-04-11,AFWTR,,93.91,97.28,467,464,,,EA,ORB
STARLINK-36168,2026-077R,68677,PAY,+,US,2026-04-11,AFWTR,,93.91,97.28,467,464,,,EA,ORB
STARLINK-37122,2026-077S,68678,PAY,+,US,2026-04-11,AFWTR,,93.91,97.28,467,464,,,EA,ORB
STARLINK-37310,2026-077T,68679,PAY,+,US,2026-04-11,AFWTR,,93.91,97.28,468,463,,,EA,ORB
STARLINK-37306,2026-077U,68680,PAY,+,US,2026-04-11,AFWTR,,93.91,97.28,467,464,,,EA,ORB
STARLINK-37307,2026-077V,68681,PAY,+,US,2026-04-11,AFWTR,,93.91,97.28,467,464,,,EA,ORB
STARLINK-37300,2026-077W,68682,PAY,+,US,2026-04-11,AFWTR,,93.91,97.28,467,464,,,EA,ORB
STARLINK-37304,2026-077X,68683,PAY,+,US,2026-04-11,AFWTR,,93.91,97.28,467,464,,,EA,ORB
STARLINK-37287,2026-077Y,68684,PAY,+,US,2026-04-11,AFWTR,,93.91,97.28,467,464,,,EA,ORB
STARLINK-36278,2026-077Z,68685,PAY,+,US,2026-04-11,AFWTR,,93.91,97.28,466,465,,,EA,ORB
STARLINK-37213,2026-077AA,68686,PAY,+,US,2026-04-11,AFWTR,,93.91,97.28,467,464,,,EA,ORB
STARLINK-37358,2026-081A,68699,PAY,+,US,2026-04-14,AFETR,,93.85,53.16,464,462,,,EA,ORB
STARLINK-37334,2026-081B,68700,PAY,+,US,2026-04-14,AFETR,,93.85,53.16,464,462,,,EA,ORB
STARLINK-36955,2026-081C,68701,PAY,+,US,2026-04-14,AFETR,,93.85,53.16,463,462,,,EA,ORB
STARLINK-36275,2026-081D,68702,PAY,+,US,2026-04-14,AFETR,,93.85,53.16,464,462,,,EA,ORB
STARLINK-36271,2026-081E,68703,PAY,+,US,2026-04-14,AFETR,,93.85,53.16,463,462,,,EA,ORB
STARLINK-37356,2026-081F,68704,PAY,+,US,2026-04-14,AFETR,,93.85,53.16,463,462,,,EA,ORB
STARLINK-35369,2026-081G,68705,PAY,+,US,2026-04-14,AFETR,,93.85,53.16,464,462,,,EA,ORB
STARLINK-37319,2026-081H,68706,PAY,+,US,2026-04-14,AFETR,,93.85,53.16,464,462,,,EA,ORB
STARLINK-37112,2026-081J,68707,PAY,+,US,2026-04-14,AFETR,,93.85,53.16,463,462,,,EA,ORB
STARLINK-37340,2026-081K,68708,PAY,+,US,2026-04-14,AFETR,,93.85,53.16,464,462,,,EA,ORB
STARLINK-37303,2026-081L,68709,PAY,+,US,2026-04-14,AFETR,,93.85,53.16,463,462,,,EA,ORB
STARLINK-36859,2026-081M,68710,PAY,+,US,2026-04-14,AFETR,,93.85,53.16,463,462,,,EA,ORB
STARLINK-37320,2026-081N,68711,PAY,+,US,2026-04-14,AFETR,,93.85,53.16,463,462,,,EA,ORB
STARLINK-37318,2026-081P,68712,PAY,+,US,2026-04-14,AFETR,,93.85,53.16,463,462,,,EA,ORB
STARLINK-37305,2026-081Q,68713,PAY,+,US,2026-04-14,AFETR,,93.85,53.16,463,462,,,EA,ORB
STARLINK-37225,2026-081R,68714,PAY,+,US,2026-04-14,AFETR,,93.85,53.16,464,462,,,EA,ORB
STARLINK-37322,2026-081S,68715,PAY,+,US,2026-04-14,AFETR,,93.85,53.16,463,462,,,EA,ORB
STARLINK-36337,2026-081T,68716,PAY,+,US,2026-04-14,AFETR,,93.85,53.16,463,462,,,EA,ORB
STARLINK-36685,2026-081U,68717,PAY,+,US,2026-04-14,AFETR,,93.85,53.16,464,462,,,EA,ORB
STARLINK-36684,2026-081V,68718,PAY,+,US,2026-04-14,AFETR,,93.85,53.16,463,462,,,EA,ORB
STARLINK-36686,2026-081W,68719,PAY,+,US,2026-04-14,AFETR,,93.85,53.16,464,461,,,EA,ORB
STARLINK-36681,2026-081X,68720,PAY,+,US,2026-04-14,AFETR,,93.85,53.16,463,462,,,EA,ORB
STARLINK-36680,2026-081Y,68721,PAY,+,US,2026-04-14,AFETR,,93.85,53.16,463,462,,,EA,ORB
STARLINK-37271,2026-081Z,68722,PAY,+,US,2026-04-14,AFETR,,93.85,53.16,463,462,,,EA,ORB
STARLINK-37273,2026-081AA,68723,PAY,+,US,2026-04-14,AFETR,,93.85,53.16,464,462,,,EA,ORB
STARLINK-37274,2026-081AB,68724,PAY,+,US,2026-04-14,AFETR,,93.85,53.16,464,462,,,EA,ORB
STARLINK-37275,2026-081AC,68725,PAY,+,US,2026-04-14,AFETR,,93.85,53.16,463,462,,,EA,ORB
STARLINK-37272,2026-081AD,68726,PAY,+,US,2026-04-14,AFETR,,93.85,53.16,463,462,,,EA,ORB
STARLINK-37270,2026-081AE,68727,PAY,+,US,2026-04-14,AFETR,,93.85,53.16,463,462,,,EA,ORB
STARLINK-37242,2026-082A,68728,PAY,+,US,2026-04-15,AFWTR,,93.91,97.28,467,464,,,EA,ORB
STARLINK-37264,2026-082B,68729,PAY,+,US,2026-04-15,AFWTR,,93.91,97.28,467,464,,,EA,ORB
STARLINK-37230,2026-082C,68730,PAY,+,US,2026-04-15,AFWTR,,93.90,97.28,467,464,,,EA,ORB
STARLINK-37202,2026-082D,68731,PAY,+,US,2026-04-15,AFWTR,,93.91,97.28,467,464,,,EA,ORB
STARLINK-37167,2026-082E,68732,PAY,+,US,2026-04-15,AFWTR,,93.91,97.28,467,464,,,EA,ORB
STARLINK-37278,2026-082F,68733,PAY,+,US,2026-04-15,AFWTR,,93.91,97.28,466,465,,,EA,ORB
STARLINK-37349,2026-082G,68734,PAY,+,US,2026-04-15,AFWTR,,93.91,97.28,466,465,,,EA,ORB
STARLINK-37339,2026-082H,68735,PAY,+,US,2026-04-15,AFWTR,,93.90,97.29,466,465,,,EA,ORB
STARLINK-37327,2026-082J,68736,PAY,+,US,2026-04-15,AFWTR,,93.91,97.28,467,464,,,EA,ORB
STARLINK-37348,2026-082K,68737,PAY,+,US,2026-04-15,AFWTR,,93.91,97.28,467,464,,,EA,ORB
STARLINK-37331,2026-082L,68738,PAY,+,US,2026-04-15,AFWTR,,93.91,97.29,466,465,,,EA,ORB
STARLINK-37338,2026-082M,68739,PAY,+,US,2026-04-15,AFWTR,,93.91,97.28,468,463,,,EA,ORB
STARLINK-37314,2026-082N,68740,PAY,+,US,2026-04-15,AFWTR,,93.91,97.28,466,465,,,EA,ORB
STARLINK-36314,2026-082P,68741,PAY,+,US,2026-04-15,AFWTR,,93.91,97.29,467,464,,,EA,ORB
STARLINK-37351,2026-082Q,68742,PAY,+,US,2026-04-15,AFWTR,,93.90,97.28,466,465,,,EA,ORB
STARLINK-37354,2026-082R,68743,PAY,+,US,2026-04-15,AFWTR,,93.91,97.29,466,465,,,EA,ORB
STARLINK-37344,2026-082S,68744,PAY,+,US,2026-04-15,AFWTR,,93.91,97.29,466,465,,,EA,ORB
STARLINK-37267,2026-082T,68745,PAY,+,US,2026-04-15,AFWTR,,93.91,97.28,467,464,,,EA,ORB
STARLINK-37347,2026-082U,68746,PAY,+,US,2026-04-15,AFWTR,,93.91,97.29,466,465,,,EA,ORB
STARLINK-37268,2026-082V,68747,PAY,+,US,2026-04-15,AFWTR,,93.91,97.28,467,465,,,EA,ORB
STARLINK-37325,2026-082W,68748,PAY,+,US,2026-04-15,AFWTR,,93.91,97.28,467,464,,,EA,ORB
STARLINK-37324,2026-082X,68749,PAY,+,US,2026-04-15,AFWTR,,93.91,97.28,467,464,,,EA,ORB
STARLINK-37350,2026-082Y,68750,PAY,+,US,2026-04-15,AFWTR,,93.91,97.28,467,464,,,EA,ORB
STARLINK-37277,2026-082Z,68751,PAY,+,US,2026-04-15,AFWTR,,93.91,97.28,467,464,,,EA,ORB
STARLINK-37342,2026-082AA,68752,PAY,+,US,2026-04-15,AFWTR,,93.91,97.28,467,464,,,EA,ORB
STARLINK-37168,2026-086A,68766,PAY,+,US,2026-04-19,AFWTR,,93.91,97.28,466,465,,,EA,ORB
STARLINK-37174,2026-086B,68767,PAY,+,US,2026-04-19,AFWTR,,93.91,97.28,466,465,,,EA,ORB
STARLINK-37279,2026-086C,68768,PAY,+,US,2026-04-19,AFWTR,,93.91,97.29,466,465,,,EA,ORB
STARLINK-36379,2026-086D,68769,PAY,+,US,2026-04-19,AFWTR,,93.91,97.28,466,465,,,EA,ORB
STARLINK-37417,2026-086E,68770,PAY,+,US,2026-04-19,AFWTR,,93.91,97.28,466,465,,,EA,ORB
STARLINK-36759,2026-086F,68771,PAY,+,US,2026-04-19,AFWTR,,93.91,97.28,466,465,,,EA,ORB
STARLINK-37399,2026-086G,68772,PAY,+,US,2026-04-19,AFWTR,,93.91,97.28,466,465,,,EA,ORB
STARLINK-37281,2026-086H,68773,PAY,+,US,2026-04-19,AFWTR,,93.91,97.28,466,465,,,EA,ORB
STARLINK-37381,2026-086J,68774,PAY,+,US,2026-04-19,AFWTR,,93.91,97.28,466,465,,,EA,ORB
STARLINK-37418,2026-086K,68775,PAY,+,US,2026-04-19,AFWTR,,93.91,97.28,466,465,,,EA,ORB
STARLINK-37393,2026-086L,68776,PAY,+,US,2026-04-19,AFWTR,,93.91,97.28,466,465,,,EA,ORB
STARLINK-37400,2026-086M,68777,PAY,+,US,2026-04-19,AFWTR,,93.91,97.28,466,465,,,EA,ORB
STARLINK-37389,2026-086N,68778,PAY,+,US,2026-04-19,AFWTR,,93.91,97.28,466,465,,,EA,ORB
STARLINK-37391,2026-086P,68779,PAY,+,US,2026-04-19,AFWTR,,93.91,97.28,466,465,,,EA,ORB
STARLINK-37266,2026-086Q,68780,PAY,+,US,2026-04-19,AFWTR,,93.91,97.28,467,464,,,EA,ORB
STARLINK-37236,2026-086R,68781,PAY,+,US,2026-04-19,AFWTR,,93.91,97.28,466,465,,,EA,ORB
STARLINK-37390,2026-086S,68782,PAY,+,US,2026-04-19,AFWTR,,93.91,97.28,466,465,,,EA,ORB
STARLINK-37364,2026-086T,68783,PAY,+,US,2026-04-19,AFWTR,,93.91,97.28,467,465,,,EA,ORB
STARLINK-37401,2026-086U,68784,PAY,+,US,2026-04-19,AFWTR,,93.91,97.28,466,465,,,EA,ORB
STARLINK-37335,2026-086V,68785,PAY,+,US,2026-04-19,AFWTR,,93.91,97.28,466,465,,,EA,ORB
STARLINK-37404,2026-086W,68786,PAY,+,US,2026-04-19,AFWTR,,93.91,97.28,466,465,,,EA,ORB
STARLINK-37292,2026-086X,68787,PAY,+,US,2026-04-19,AFWTR,,93.91,97.28,466,465,,,EA,ORB
STARLINK-37403,2026-086Y,68788,PAY,+,US,2026-04-19,AFWTR,,93.91,97.28,466,465,,,EA,ORB
STARLINK-37413,2026-086Z,68789,PAY,+,US,2026-04-19,AFWTR,,93.91,97.28,466,465,,,EA,ORB
STARLINK-37313,2026-086AA,68790,PAY,+,US,2026-04-19,AFWTR,,93.91,97.28,467,465,,,EA,ORB
STARLINK-37471,2026-089A,68802,PAY,+,US,2026-04-23,AFWTR,,93.91,97.28,467,464,,,EA,ORB
STARLINK-37460,2026-089B,68803,PAY,+,US,2026-04-23,AFWTR,,93.91,97.29,467,464,,,EA,ORB
STARLINK-37473,2026-089C,68804,PAY,+,US,2026-04-23,AFWTR,,93.91,97.29,467,464,,,EA,ORB
STARLINK-36832,2026-089D,68805,PAY,+,US,2026-04-23,AFWTR,,93.91,97.29,467,464,,,EA,ORB
STARLINK-37370,2026-089E,68806,PAY,+,US,2026-04-23,AFWTR,,93.91,97.28,467,464,,,EA,ORB
STARLINK-37366,2026-089F,68807,PAY,+,US,2026-04-23,AFWTR,,93.91,97.29,466,465,,,EA,ORB
STARLINK-37446,2026-089G,68808,PAY,+,US,2026-04-23,AFWTR,,93.91,97.28,467,464,,,EA,ORB
STARLINK-37405,2026-089H,68809,PAY,+,US,2026-04-23,AFWTR,,93.91,97.28,467,464,,,EA,ORB
STARLINK-37447,2026-089J,68810,PAY,+,US,2026-04-23,AFWTR,,93.91,97.29,467,464,,,EA,ORB
STARLINK-37442,2026-089K,68811,PAY,+,US,2026-04-23,AFWTR,,93.90,97.29,466,464,,,EA,ORB
STARLINK-37431,2026-089L,68812,PAY,+,US,2026-04-23,AFWTR,,93.91,97.28,467,465,,,EA,ORB
STARLINK-37426,2026-089M,68813,PAY,+,US,2026-04-23,AFWTR,,93.91,97.28,467,465,,,EA,ORB
STARLINK-37459,2026-089N,68814,PAY,+,US,2026-04-23,AFWTR,,93.91,97.28,467,464,,,EA,ORB
STARLINK-37425,2026-089P,68815,PAY,+,US,2026-04-23,AFWTR,,93.91,97.28,467,464,,,EA,ORB
STARLINK-37315,2026-089Q,68816,PAY,+,US,2026-04-23,AFWTR,,93.91,97.29,467,464,,,EA,ORB
STARLINK-37444,2026-089R,68817,PAY,+,US,2026-04-23,AFWTR,,93.91,97.28,467,464,,,EA,ORB
STARLINK-37450,2026-089S,68818,PAY,+,US,2026-04-23,AFWTR,,93.91,97.28,467,464,,,EA,ORB
STARLINK-37409,2026-089T,68819,PAY,+,US,2026-04-23,AFWTR,,93.91,97.29,467,464,,,EA,ORB
STARLINK-37470,2026-089U,68820,PAY,+,US,2026-04-23,AFWTR,,93.91,97.28,467,464,,,EA,ORB
STARLINK-37421,2026-089V,68821,PAY,+,US,2026-04-23,AFWTR,,93.91,97.28,467,464,,,EA,ORB
STARLINK-37462,2026-089W,68822,PAY,+,US,2026-04-23,AFWTR,,93.91,97.28,467,464,,,EA,ORB
STARLINK-37410,2026-089X,68823,PAY,+,US,2026-04-23,AFWTR,,93.91,97.28,466,465,,,EA,ORB
STARLINK-37443,2026-089Y,68824,PAY,+,US,2026-04-23,AFWTR,,93.91,97.28,467,464,,,EA,ORB
STARLINK-37015,2026-089Z,68825,PAY,+,US,2026-04-23,AFWTR,,93.91,97.28,467,464,,,EA,ORB
STARLINK-37475,2026-094A,68839,PAY,+,US,2026-04-26,AFWTR,,93.91,97.29,468,463,,,EA,ORB
STARLINK-37452,2026-094B,68840,PAY,+,US,2026-04-26,AFWTR,,93.91,97.28,466,465,,,EA,ORB
STARLINK-37495,2026-094C,68841,PAY,+,US,2026-04-26,AFWTR,,93.91,97.28,466,465,,,EA,ORB
STARLINK-37524,2026-094D,68842,PAY,+,US,2026-04-26,AFWTR,,93.91,97.28,466,465,,,EA,ORB
STARLINK-37219,2026-094E,68843,PAY,+,US,2026-04-26,AFWTR,,93.91,97.28,466,465,,,EA,ORB
STARLINK-37538,2026-094F,68844,PAY,+,US,2026-04-26,AFWTR,,93.91,97.28,466,465,,,EA,ORB
STARLINK-37539,2026-094G,68845,PAY,+,US,2026-04-26,AFWTR,,93.91,97.28,467,464,,,EA,ORB
STARLINK-37547,2026-094H,68846,PAY,+,US,2026-04-26,AFWTR,,93.91,97.28,466,465,,,EA,ORB
STARLINK-37465,2026-094J,68847,PAY,+,US,2026-04-26,AFWTR,,93.91,97.28,466,465,,,EA,ORB
STARLINK-37373,2026-094K,68848,PAY,+,US,2026-04-26,AFWTR,,93.91,97.28,466,465,,,EA,ORB
STARLINK-37492,2026-094L,68849,PAY,+,US,2026-04-26,AFWTR,,93.91,97.28,466,465,,,EA,ORB
STARLINK-37482,2026-094M,68850,PAY,+,US,2026-04-26,AFWTR,,93.91,97.28,467,464,,,EA,ORB
STARLINK-37382,2026-094N,68851,PAY,+,US,2026-04-26,AFWTR,,93.91,97.28,466,465,,,EA,ORB
STARLINK-37423,2026-094P,68852,PAY,+,US,2026-04-26,AFWTR,,93.91,97.28,467,464,,,EA,ORB
STARLINK-37476,2026-094Q,68853,PAY,+,US,2026-04-26,AFWTR,,93.91,97.28,467,464,,,EA,ORB
STARLINK-37463,2026-094R,68854,PAY,+,US,2026-04-26,AFWTR,,93.91,97.28,467,464,,,EA,ORB
STARLINK-37467,2026-094S,68855,PAY,+,US,2026-04-26,AFWTR,,93.91,97.28,467,464,,,EA,ORB
STARLINK-37483,2026-094T,68856,PAY,+,US,2026-04-26,AFWTR,,93.91,97.28,467,464,,,EA,ORB
STARLINK-37468,2026-094U,68857,PAY,+,US,2026-04-26,AFWTR,,93.91,97.28,467,464,,,EA,ORB
STARLINK-37441,2026-094V,68858,PAY,+,US,2026-04-26,AFWTR,,93.91,97.28,467,464,,,EA,ORB
STARLINK-37488,2026-094W,68859,PAY,+,US,2026-04-26,AFWTR,,93.91,97.28,466,465,,,EA,ORB
STARLINK-37388,2026-094X,68860,PAY,+,US,2026-04-26,AFWTR,,93.91,97.28,466,465,,,EA,ORB
STARLINK-37479,2026-094Y,68861,PAY,+,US,2026-04-26,AFWTR,,93.91,97.28,467,464,,,EA,ORB
STARLINK-37453,2026-094Z,68862,PAY,+,US,2026-04-26,AFWTR,,93.91,97.28,468,464,,,EA,ORB
STARLINK-37430,2026-094AA,68863,PAY,+,US,2026-04-26,AFWTR,,93.91,97.28,467,464,,,EA,ORB
STARLINK-37527,2026-097A,68895,PAY,+,US,2026-04-30,AFWTR,,93.90,97.28,467,464,,,EA,ORB
STARLINK-37432,2026-097B,68896,PAY,+,US,2026-04-30,AFWTR,,93.91,97.28,467,464,,,EA,ORB
STARLINK-37534,2026-097C,68897,PAY,+,US,2026-04-30,AFWTR,,93.91,97.29,467,464,,,EA,ORB
STARLINK-37386,2026-097D,68898,PAY,+,US,2026-04-30,AFWTR,,93.91,97.28,467,464,,,EA,ORB
STARLINK-37514,2026-097E,68899,PAY,+,US,2026-04-30,AFWTR,,93.91,97.28,467,464,,,EA,ORB
STARLINK-36961,2026-097F,68900,PAY,+,US,2026-04-30,AFWTR,,93.91,97.29,467,464,,,EA,ORB
STARLINK-37360,2026-097G,68901,PAY,+,US,2026-04-30,AFWTR,,93.91,97.29,467,464,,,EA,ORB
STARLINK-37564,2026-097H,68902,PAY,+,US,2026-04-30,AFWTR,,93.91,97.28,467,464,,,EA,ORB
STARLINK-37567,2026-097J,68903,PAY,+,US,2026-04-30,AFWTR,,93.91,97.28,467,464,,,EA,ORB
STARLINK-37528,2026-097K,68904,PAY,+,US,2026-04-30,AFWTR,,93.91,97.29,467,464,,,EA,ORB
STARLINK-37494,2026-097L,68905,PAY,+,US,2026-04-30,AFWTR,,93.91,97.29,467,464,,,EA,ORB
STARLINK-37541,2026-097M,68906,PAY,+,US,2026-04-30,AFWTR,,93.91,97.29,466,465,,,EA,ORB
STARLINK-37551,2026-097N,68907,PAY,+,US,2026-04-30,AFWTR,,93.90,97.29,466,465,,,EA,ORB
STARLINK-37566,2026-097P,68908,PAY,+,US,2026-04-30,AFWTR,,93.91,97.28,466,465,,,EA,ORB
STARLINK-37544,2026-097Q,68909,PAY,+,US,2026-04-30,AFWTR,,93.91,97.29,467,464,,,EA,ORB
STARLINK-37493,2026-097R,68910,PAY,+,US,2026-04-30,AFWTR,,93.91,97.28,467,464,,,EA,ORB
STARLINK-37543,2026-097S,68911,PAY,+,US,2026-04-30,AFWTR,,93.91,97.29,467,465,,,EA,ORB
STARLINK-37477,2026-097T,68912,PAY,+,US,2026-04-30,AFWTR,,93.91,97.29,466,465,,,EA,ORB
STARLINK-37504,2026-097U,68913,PAY,+,US,2026-04-30,AFWTR,,93.91,97.28,467,464,,,EA,ORB
STARLINK-37540,2026-097V,68914,PAY,+,US,2026-04-30,AFWTR,,93.91,97.29,466,465,,,EA,ORB
STARLINK-37516,2026-097W,68915,PAY,+,US,2026-04-30,AFWTR,,93.91,97.29,468,464,,,EA,ORB
STARLINK-37507,2026-097X,68916,PAY,+,US,2026-04-30,AFWTR,,93.91,97.29,467,464,,,EA,ORB
STARLINK-37542,2026-097Y,68917,PAY,+,US,2026-04-30,AFWTR,,93.91,97.29,467,464,,,EA,ORB
STARLINK-37529,2026-097Z,68918,PAY,+,US,2026-04-30,AFWTR,,93.91,97.28,467,464,,,EA,ORB
STARLINK-37258,2026-099A,68951,PAY,+,US,2026-05-01,AFETR,,93.85,53.16,464,462,,,EA,ORB
STARLINK-37308,2026-099B,68952,PAY,+,US,2026-05-01,AFETR,,93.85,53.16,464,462,,,EA,ORB
STARLINK-37337,2026-099C,68953,PAY,+,US,2026-05-01,AFETR,,93.85,53.16,464,462,,,EA,ORB
STARLINK-37301,2026-099D,68954,PAY,+,US,2026-05-01,AFETR,,93.85,53.16,464,462,,,EA,ORB
STARLINK-36794,2026-099E,68955,PAY,+,US,2026-05-01,AFETR,,93.85,53.16,464,462,,,EA,ORB
STARLINK-36760,2026-099F,68956,PAY,+,US,2026-05-01,AFETR,,93.85,53.16,463,462,,,EA,ORB
STARLINK-37047,2026-099G,68957,PAY,+,US,2026-05-01,AFETR,,93.85,53.16,464,462,,,EA,ORB
STARLINK-36242,2026-099H,68958,PAY,+,US,2026-05-01,AFETR,,93.85,53.16,463,462,,,EA,ORB
STARLINK-37033,2026-099J,68959,PAY,+,US,2026-05-01,AFETR,,93.85,53.16,463,462,,,EA,ORB
STARLINK-36978,2026-099K,68960,PAY,+,US,2026-05-01,AFETR,,93.85,53.16,464,462,,,EA,ORB
STARLINK-36965,2026-099L,68961,PAY,+,US,2026-05-01,AFETR,,93.85,53.16,464,462,,,EA,ORB
STARLINK-36765,2026-099M,68962,PAY,+,US,2026-05-01,AFETR,,93.85,53.16,464,462,,,EA,ORB
STARLINK-36764,2026-099N,68963,PAY,+,US,2026-05-01,AFETR,,93.85,53.16,464,462,,,EA,ORB
STARLINK-36731,2026-099P,68964,PAY,+,US,2026-05-01,AFETR,,93.85,53.16,464,462,,,EA,ORB
STARLINK-36664,2026-099Q,68965,PAY,+,US,2026-05-01,AFETR,,93.85,53.16,464,461,,,EA,ORB
STARLINK-36402,2026-099R,68966,PAY,+,US,2026-05-01,AFETR,,93.85,53.16,463,462,,,EA,ORB
STARLINK-36671,2026-099S,68967,PAY,+,US,2026-05-01,AFETR,,93.85,53.16,464,462,,,EA,ORB
STARLINK-36665,2026-099T,68968,PAY,+,US,2026-05-01,AFETR,,93.85,53.16,464,462,,,EA,ORB
STARLINK-36303,2026-099U,68969,PAY,+,US,2026-05-01,AFETR,,93.85,53.16,463,462,,,EA,ORB
STARLINK-37257,2026-099V,68970,PAY,+,US,2026-05-01,AFETR,,93.85,53.16,463,462,,,EA,ORB
STARLINK-37367,2026-099W,68971,PAY,+,US,2026-05-01,AFETR,,93.85,53.16,464,462,,,EA,ORB
STARLINK-37259,2026-099X,68972,PAY,+,US,2026-05-01,AFETR,,93.85,53.16,463,462,,,EA,ORB
STARLINK-37387,2026-099Y,68973,PAY,+,US,2026-05-01,AFETR,,93.85,53.16,464,462,,,EA,ORB
STARLINK-37362,2026-099Z,68974,PAY,+,US,2026-05-01,AFETR,,93.85,53.16,464,461,,,EA,ORB
STARLINK-36667,2026-099AA,68975,PAY,+,US,2026-05-01,AFETR,,93.85,53.16,463,462,,,EA,ORB
STARLINK-36735,2026-099AB,68976,PAY,+,US,2026-05-01,AFETR,,93.85,53.16,464,462,,,EA,ORB
STARLINK-37371,2026-099AC,68977,PAY,+,US,2026-05-01,AFETR,,93.85,53.16,464,462,,,EA,ORB
STARLINK-37293,2026-099AD,68978,PAY,+,US,2026-05-01,AFETR,,93.85,53.16,464,462,,,EA,ORB
STARLINK-36248,2026-099AE,68979,PAY,+,US,2026-05-01,AFETR,,93.85,53.16,464,461,,,EA,ORB
STARLINK-37592,2026-101A,69025,PAY,+,US,2026-05-06,AFWTR,,93.91,97.28,467,464,,,EA,ORB
STARLINK-37637,2026-101B,69026,PAY,+,US,2026-05-06,AFWTR,,93.91,97.28,467,464,,,EA,ORB
STARLINK-37548,2026-101C,69027,PAY,+,US,2026-05-06,AFWTR,,93.91,97.28,467,464,,,EA,ORB
STARLINK-37634,2026-101D,69028,PAY,+,US,2026-05-06,AFWTR,,93.91,97.28,467,464,,,EA,ORB
STARLINK-37635,2026-101E,69029,PAY,+,US,2026-05-06,AFWTR,,93.91,97.29,467,464,,,EA,ORB
STARLINK-37615,2026-101F,69030,PAY,+,US,2026-05-06,AFWTR,,93.91,97.28,467,464,,,EA,ORB
STARLINK-37240,2026-101G,69031,PAY,+,US,2026-05-06,AFWTR,,93.91,97.28,467,464,,,EA,ORB
STARLINK-37596,2026-101H,69032,PAY,+,US,2026-05-06,AFWTR,,93.91,97.28,467,464,,,EA,ORB
STARLINK-37591,2026-101J,69033,PAY,+,US,2026-05-06,AFWTR,,93.91,97.29,467,464,,,EA,ORB
STARLINK-37611,2026-101K,69034,PAY,+,US,2026-05-06,AFWTR,,93.91,97.29,467,464,,,EA,ORB
STARLINK-37512,2026-101L,69035,PAY,+,US,2026-05-06,AFWTR,,93.91,97.28,467,464,,,EA,ORB
STARLINK-37609,2026-101M,69036,PAY,+,US,2026-05-06,AFWTR,,93.91,97.28,467,464,,,EA,ORB
STARLINK-37608,2026-101N,69037,PAY,+,US,2026-05-06,AFWTR,,93.91,97.29,466,465,,,EA,ORB
STARLINK-37466,2026-101P,69038,PAY,+,US,2026-05-06,AFWTR,,93.91,97.28,467,464,,,EA,ORB
STARLINK-37612,2026-101Q,69039,PAY,+,US,2026-05-06,AFWTR,,93.91,97.29,467,464,,,EA,ORB
STARLINK-37616,2026-101R,69040,PAY,+,US,2026-05-06,AFWTR,,93.91,97.28,467,464,,,EA,ORB
STARLINK-37614,2026-101S,69041,PAY,+,US,2026-05-06,AFWTR,,93.91,97.28,467,464,,,EA,ORB
STARLINK-37644,2026-101T,69042,PAY,+,US,2026-05-06,AFWTR,,93.91,97.28,467,464,,,EA,ORB
STARLINK-37571,2026-101U,69043,PAY,+,US,2026-05-06,AFWTR,,93.91,97.28,468,463,,,EA,ORB
STARLINK-37664,2026-101V,69044,PAY,+,US,2026-05-06,AFWTR,,93.91,97.28,467,464,,,EA,ORB
STARLINK-37667,2026-101W,69045,PAY,+,US,2026-05-06,AFWTR,,93.91,97.28,467,464,,,EA,ORB
STARLINK-37666,2026-101X,69046,PAY,+,US,2026-05-06,AFWTR,,93.91,97.28,467,464,,,EA,ORB
STARLINK-37576,2026-101Y,69047,PAY,+,US,2026-05-06,AFWTR,,93.91,97.28,466,465,,,EA,ORB
STARLINK-37663,2026-101Z,69048,PAY,+,US,2026-05-06,AFWTR,,93.91,97.28,467,464,,,EA,ORB
STARLINK-37726,2026-110A,69124,PAY,+,US,2026-05-20,AFWTR,,93.91,97.29,466,465,,,EA,ORB
STARLINK-37722,2026-110B,69125,PAY,+,US,2026-05-20,AFWTR,,93.90,97.29,466,465,,,EA,ORB
STARLINK-37715,2026-110C,69126,PAY,+,US,2026-05-20,AFWTR,,93.91,97.29,467,464,,,EA,ORB
STARLINK-37706,2026-110D,69127,PAY,+,US,2026-05-20,AFWTR,,93.91,97.29,466,465,,,EA,ORB
STARLINK-37723,2026-110E,69128,PAY,+,US,2026-05-20,AFWTR,,93.91,97.29,467,464,,,EA,ORB
STARLINK-37720,2026-110F,69129,PAY,+,US,2026-05-20,AFWTR,,93.91,97.29,466,465,,,EA,ORB
STARLINK-37533,2026-110G,69130,PAY,+,US,2026-05-20,AFWTR,,93.91,97.29,467,464,,,EA,ORB
STARLINK-37530,2026-110H,69131,PAY,+,US,2026-05-20,AFWTR,,93.91,97.29,467,464,,,EA,ORB
STARLINK-37660,2026-110J,69132,PAY,+,US,2026-05-20,AFWTR,,93.91,97.29,467,464,,,EA,ORB
STARLINK-37633,2026-110K,69133,PAY,+,US,2026-05-20,AFWTR,,93.91,97.29,467,464,,,EA,ORB
STARLINK-37361,2026-110L,69134,PAY,+,US,2026-05-20,AFWTR,,93.91,97.29,468,463,,,EA,ORB
STARLINK-37372,2026-110M,69135,PAY,+,US,2026-05-20,AFWTR,,93.91,97.29,467,464,,,EA,ORB
STARLINK-37531,2026-110N,69136,PAY,+,US,2026-05-20,AFWTR,,93.91,97.29,467,464,,,EA,ORB
STARLINK-37662,2026-110P,69137,PAY,+,US,2026-05-20,AFWTR,,93.91,97.29,466,465,,,EA,ORB
STARLINK-37658,2026-110Q,69138,PAY,+,US,2026-05-20,AFWTR,,93.91,97.28,466,465,,,EA,ORB
STARLINK-37659,2026-110R,69139,PAY,+,US,2026-05-20,AFWTR,,93.91,97.29,466,465,,,EA,ORB
STARLINK-37653,2026-110S,69140,PAY,+,US,2026-05-20,AFWTR,,93.91,97.28,467,464,,,EA,ORB
STARLINK-37654,2026-110T,69141,PAY,+,US,2026-05-20,AFWTR,,93.91,97.29,466,465,,,EA,ORB
STARLINK-37655,2026-110U,69142,PAY,+,US,2026-05-20,AFWTR,,93.91,97.29,467,464,,,EA,ORB
STARLINK-37636,2026-110V,69143,PAY,+,US,2026-05-20,AFWTR,,93.91,97.29,466,465,,,EA,ORB
STARLINK-37638,2026-110W,69144,PAY,+,US,2026-05-20,AFWTR,,93.91,97.28,467,464,,,EA,ORB
STARLINK-37657,2026-110X,69145,PAY,+,US,2026-05-20,AFWTR,,93.91,97.29,467,464,,,EA,ORB
STARLINK-37639,2026-110Y,69146,PAY,+,US,2026-05-20,AFWTR,,93.91,97.28,467,464,,,EA,ORB
STARLINK-37661,2026-110Z,69147,PAY,+,US,2026-05-20,AFWTR,,93.90,97.29,466,465,,,EA,ORB
STARLINK-37395,2026-111A,69148,PAY,+,US,2026-05-21,AFETR,,93.85,53.16,463,462,,,EA,ORB
STARLINK-37346,2026-111B,69149,PAY,+,US,2026-05-21,AFETR,,93.84,53.16,463,462,,,EA,ORB
STARLINK-37332,2026-111C,69150,PAY,+,US,2026-05-21,AFETR,,93.85,53.16,463,462,,,EA,ORB
STARLINK-37297,2026-111D,69151,PAY,+,US,2026-05-21,AFETR,,93.85,53.16,463,462,,,EA,ORB
STARLINK-37317,2026-111E,69152,PAY,+,US,2026-05-21,AFETR,,93.85,53.16,464,462,,,EA,ORB
STARLINK-37374,2026-111F,69153,PAY,+,US,2026-05-21,AFETR,,93.85,53.16,463,462,,,EA,ORB
STARLINK-37235,2026-111G,69154,PAY,+,US,2026-05-21,AFETR,,93.85,53.16,463,462,,,EA,ORB
STARLINK-37329,2026-111H,69155,PAY,+,US,2026-05-21,AFETR,,93.85,53.16,464,462,,,EA,ORB
STARLINK-37345,2026-111J,69156,PAY,+,US,2026-05-21,AFETR,,93.85,53.16,463,462,,,EA,ORB
STARLINK-37353,2026-111K,69157,PAY,+,US,2026-05-21,AFETR,,93.85,53.16,464,462,,,EA,ORB
STARLINK-37363,2026-111L,69158,PAY,+,US,2026-05-21,AFETR,,93.85,53.16,463,462,,,EA,ORB
STARLINK-37343,2026-111M,69159,PAY,+,US,2026-05-21,AFETR,,93.85,53.16,464,462,,,EA,ORB
STARLINK-37328,2026-111N,69160,PAY,+,US,2026-05-21,AFETR,,93.85,53.16,464,462,,,EA,ORB
STARLINK-37311,2026-111P,69161,PAY,+,US,2026-05-21,AFETR,,93.85,53.16,463,462,,,EA,ORB
STARLINK-36286,2026-111Q,69162,PAY,+,US,2026-05-21,AFETR,,93.85,53.16,463,462,,,EA,ORB
STARLINK-37196,2026-111R,69163,PAY,+,US,2026-05-21,AFETR,,93.85,53.16,463,462,,,EA,ORB
STARLINK-36288,2026-111S,69164,PAY,+,US,2026-05-21,AFETR,,93.85,53.16,464,462,,,EA,ORB
STARLINK-37445,2026-111T,69165,PAY,+,US,2026-05-21,AFETR,,93.85,53.16,463,462,,,EA,ORB
STARLINK-37491,2026-111U,69166,PAY,+,US,2026-05-21,AFETR,,93.85,53.16,464,462,,,EA,ORB
STARLINK-37474,2026-111V,69167,PAY,+,US,2026-05-21,AFETR,,93.85,53.16,463,462,,,EA,ORB
STARLINK-37469,2026-111W,69168,PAY,+,US,2026-05-21,AFETR,,93.85,53.16,464,461,,,EA,ORB
STARLINK-37515,2026-111X,69169,PAY,+,US,2026-05-21,AFETR,,93.85,53.16,465,460,,,EA,ORB
STARLINK-37437,2026-111Y,69170,PAY,+,US,2026-05-21,AFETR,,93.85,53.16,464,461,,,EA,ORB
STARLINK-37392,2026-111Z,69171,PAY,+,US,2026-05-21,AFETR,,93.85,53.16,463,462,,,EA,ORB
STARLINK-37472,2026-111AA,69172,PAY,+,US,2026-05-21,AFETR,,93.85,53.16,464,462,,,EA,ORB
STARLINK-37461,2026-111AB,69173,PAY,+,US,2026-05-21,AFETR,,93.85,53.16,464,462,,,EA,ORB
STARLINK-37333,2026-111AC,69174,PAY,+,US,2026-05-21,AFETR,,93.85,53.16,463,462,,,EA,ORB
STARLINK-37385,2026-111AD,69175,PAY,+,US,2026-05-21,AFETR,,93.85,53.16,464,462,,,EA,ORB
STARLINK-37414,2026-111AE,69176,PAY,+,US,2026-05-21,AFETR,,93.85,53.16,464,462,,,EA,ORB
STARLINK-37380,2026-114A,69182,PAY,+,US,2026-05-25,AFETR,,93.85,53.16,464,462,,,EA,ORB
STARLINK-37089,2026-114B,69183,PAY,+,US,2026-05-25,AFETR,,93.85,53.16,465,460,,,EA,ORB
STARLINK-37428,2026-114C,69184,PAY,+,US,2026-05-25,AFETR,,93.85,53.16,464,461,,,EA,ORB
STARLINK-37237,2026-114D,69185,PAY,+,US,2026-05-25,AFETR,,93.85,53.16,463,462,,,EA,ORB
STARLINK-37365,2026-114E,69186,PAY,+,US,2026-05-25,AFETR,,93.85,53.16,464,462,,,EA,ORB
STARLINK-37209,2026-114F,69187,PAY,+,US,2026-05-25,AFETR,,93.85,53.16,464,462,,,EA,ORB
STARLINK-37359,2026-114G,69188,PAY,+,US,2026-05-25,AFETR,,93.85,53.16,464,462,,,EA,ORB
STARLINK-37440,2026-114H,69189,PAY,+,US,2026-05-25,AFETR,,93.85,53.16,463,462,,,EA,ORB
STARLINK-37282,2026-114J,69190,PAY,+,US,2026-05-25,AFETR,,93.85,53.16,464,462,,,EA,ORB
STARLINK-37422,2026-114K,69191,PAY,+,US,2026-05-25,AFETR,,93.85,53.16,463,462,,,EA,ORB
STARLINK-37424,2026-114L,69192,PAY,+,US,2026-05-25,AFETR,,93.85,53.16,464,461,,,EA,ORB
STARLINK-36666,2026-114M,69193,PAY,+,US,2026-05-25,AFETR,,93.85,53.16,464,462,,,EA,ORB
STARLINK-37355,2026-114N,69194,PAY,+,US,2026-05-25,AFETR,,93.85,53.16,463,462,,,EA,ORB
STARLINK-37166,2026-114P,69195,PAY,+,US,2026-05-25,AFETR,,93.85,53.16,463,462,,,EA,ORB
STARLINK-36933,2026-114Q,69196,PAY,+,US,2026-05-25,AFETR,,93.85,53.16,464,461,,,EA,ORB
STARLINK-37419,2026-114R,69197,PAY,+,US,2026-05-25,AFETR,,93.85,53.16,463,462,,,EA,ORB
STARLINK-37321,2026-114S,69198,PAY,+,US,2026-05-25,AFETR,,93.85,53.16,463,462,,,EA,ORB
STARLINK-37406,2026-114T,69199,PAY,+,US,2026-05-25,AFETR,,93.85,53.16,463,462,,,EA,ORB
STARLINK-37761,2026-114U,69200,PAY,+,US,2026-05-25,AFETR,,93.85,53.16,463,462,,,EA,ORB
STARLINK-37754,2026-114V,69201,PAY,+,US,2026-05-25,AFETR,,93.85,53.16,464,461,,,EA,ORB
STARLINK-37649,2026-114W,69202,PAY,+,US,2026-05-25,AFETR,,93.85,53.16,463,462,,,EA,ORB
STARLINK-37604,2026-114X,69203,PAY,+,US,2026-05-25,AFETR,,93.85,53.16,464,462,,,EA,ORB
STARLINK-37669,2026-114Y,69204,PAY,+,US,2026-05-25,AFETR,,93.85,53.16,464,462,,,EA,ORB
STARLINK-37691,2026-114Z,69205,PAY,+,US,2026-05-25,AFETR,,93.85,53.16,464,462,,,EA,ORB
STARLINK-37671,2026-114AA,69206,PAY,+,US,2026-05-25,AFETR,,93.85,53.16,464,462,,,EA,ORB
STARLINK-37647,2026-114AB,69207,PAY,+,US,2026-05-25,AFETR,,93.85,53.16,464,462,,,EA,ORB
STARLINK-37562,2026-114AC,69208,PAY,+,US,2026-05-25,AFETR,,93.85,53.16,464,462,,,EA,ORB
STARLINK-37682,2026-114AD,69209,PAY,+,US,2026-05-25,AFETR,,93.85,53.16,464,462,,,EA,ORB
STARLINK-37402,2026-114AE,69210,PAY,+,US,2026-05-25,AFETR,,93.85,53.16,464,462,,,EA,ORB
STARLINK-37613,2026-115A,69211,PAY,+,US,2026-05-26,AFWTR,,93.91,97.28,467,464,,,EA,ORB
STARLINK-37713,2026-115B,69212,PAY,+,US,2026-05-26,AFWTR,,93.91,97.28,467,464,,,EA,ORB
STARLINK-37716,2026-115C,69213,PAY,+,US,2026-05-26,AFWTR,,93.91,97.28,467,464,,,EA,ORB
STARLINK-37620,2026-115D,69214,PAY,+,US,2026-05-26,AFWTR,,93.91,97.28,467,464,,,EA,ORB
STARLINK-37700,2026-115E,69215,PAY,+,US,2026-05-26,AFWTR,,93.91,97.28,467,464,,,EA,ORB
STARLINK-37766,2026-115F,69216,PAY,+,US,2026-05-26,AFWTR,,93.91,97.28,467,464,,,EA,ORB
STARLINK-37763,2026-115G,69217,PAY,+,US,2026-05-26,AFWTR,,93.91,97.28,467,464,,,EA,ORB
STARLINK-37724,2026-115H,69218,PAY,+,US,2026-05-26,AFWTR,,93.91,97.28,467,464,,,EA,ORB
STARLINK-37758,2026-115J,69219,PAY,+,US,2026-05-26,AFWTR,,93.91,97.28,467,464,,,EA,ORB
STARLINK-37201,2026-115K,69220,PAY,+,US,2026-05-26,AFWTR,,93.91,97.28,466,465,,,EA,ORB
STARLINK-37728,2026-115L,69221,PAY,+,US,2026-05-26,AFWTR,,93.91,97.28,467,464,,,EA,ORB
STARLINK-37760,2026-115M,69222,PAY,+,US,2026-05-26,AFWTR,,93.91,97.28,466,465,,,EA,ORB
STARLINK-37759,2026-115N,69223,PAY,+,US,2026-05-26,AFWTR,,93.91,97.28,467,464,,,EA,ORB
STARLINK-37725,2026-115P,69224,PAY,+,US,2026-05-26,AFWTR,,93.91,97.28,467,464,,,EA,ORB
STARLINK-37770,2026-115Q,69225,PAY,+,US,2026-05-26,AFWTR,,93.91,97.28,467,464,,,EA,ORB
STARLINK-37736,2026-115R,69226,PAY,+,US,2026-05-26,AFWTR,,93.91,97.28,466,465,,,EA,ORB
STARLINK-37737,2026-115S,69227,PAY,+,US,2026-05-26,AFWTR,,93.91,97.28,467,464,,,EA,ORB
STARLINK-37618,2026-115T,69228,PAY,+,US,2026-05-26,AFWTR,,93.91,97.28,467,464,,,EA,ORB
STARLINK-37679,2026-115U,69229,PAY,+,US,2026-05-26,AFWTR,,93.91,97.28,466,465,,,EA,ORB
STARLINK-37746,2026-115V,69230,PAY,+,US,2026-05-26,AFWTR,,93.91,97.28,466,465,,,EA,ORB
STARLINK-37557,2026-115W,69231,PAY,+,US,2026-05-26,AFWTR,,93.91,97.28,466,465,,,EA,ORB
STARLINK-37745,2026-115X,69232,PAY,+,US,2026-05-26,AFWTR,,93.91,97.28,466,465,,,EA,ORB
STARLINK-37739,2026-115Y,69233,PAY,+,US,2026-05-26,AFWTR,,93.91,97.28,467,465,,,EA,ORB
STARLINK-37755,2026-115Z,69234,PAY,+,US,2026-05-26,AFWTR,,93.91,97.28,467,464,,,EA,ORB
STARLINK-37665,2026-117A,69238,PAY,+,US,2026-05-29,AFETR,,93.85,53.16,464,462,,,EA,ORB
STARLINK-37558,2026-117B,69239,PAY,+,US,2026-05-29,AFETR,,93.85,53.16,463,462,,,EA,ORB
STARLINK-37680,2026-117C,69240,PAY,+,US,2026-05-29,AFETR,,93.85,53.16,465,461,,,EA,ORB
STARLINK-37742,2026-117D,69241,PAY,+,US,2026-05-29,AFETR,,93.85,53.16,464,461,,,EA,ORB
STARLINK-37718,2026-117E,69242,PAY,+,US,2026-05-29,AFETR,,93.85,53.16,464,462,,,EA,ORB
STARLINK-37735,2026-117F,69243,PAY,+,US,2026-05-29,AFETR,,93.85,53.16,464,462,,,EA,ORB
STARLINK-37757,2026-117G,69244,PAY,+,US,2026-05-29,AFETR,,93.85,53.16,464,462,,,EA,ORB
STARLINK-37767,2026-117H,69245,PAY,+,US,2026-05-29,AFETR,,93.85,53.16,463,462,,,EA,ORB
STARLINK-35759,2026-117J,69246,PAY,+,US,2026-05-29,AFETR,,93.85,53.16,463,462,,,EA,ORB
STARLINK-37238,2026-117K,69247,PAY,+,US,2026-05-29,AFETR,,93.85,53.16,463,462,,,EA,ORB
STARLINK-37412,2026-117L,69248,PAY,+,US,2026-05-29,AFETR,,93.85,53.16,463,462,,,EA,ORB
STARLINK-37398,2026-117M,69249,PAY,+,US,2026-05-29,AFETR,,93.85,53.16,463,462,,,EA,ORB
STARLINK-37499,2026-117N,69250,PAY,+,US,2026-05-29,AFETR,,93.85,53.16,464,462,,,EA,ORB
STARLINK-37489,2026-117P,69251,PAY,+,US,2026-05-29,AFETR,,93.85,53.16,464,462,,,EA,ORB
STARLINK-37434,2026-117Q,69252,PAY,+,US,2026-05-29,AFETR,,93.85,53.16,463,462,,,EA,ORB
STARLINK-37368,2026-117R,69253,PAY,+,US,2026-05-29,AFETR,,93.85,53.16,463,462,,,EA,ORB
STARLINK-37517,2026-117S,69254,PAY,+,US,2026-05-29,AFETR,,93.85,53.16,463,462,,,EA,ORB
STARLINK-37378,2026-117T,69255,PAY,+,US,2026-05-29,AFETR,,93.85,53.16,463,462,,,EA,ORB
STARLINK-37396,2026-117U,69256,PAY,+,US,2026-05-29,AFETR,,93.85,53.16,464,462,,,EA,ORB
STARLINK-37508,2026-117V,69257,PAY,+,US,2026-05-29,AFETR,,93.85,53.16,463,462,,,EA,ORB
STARLINK-37276,2026-117W,69258,PAY,+,US,2026-05-29,AFETR,,93.85,53.16,464,462,,,EA,ORB
STARLINK-37518,2026-117X,69259,PAY,+,US,2026-05-29,AFETR,,93.85,53.16,464,461,,,EA,ORB
STARLINK-37478,2026-117Y,69260,PAY,+,US,2026-05-29,AFETR,,93.85,53.16,464,462,,,EA,ORB
STARLINK-37506,2026-117Z,69261,PAY,+,US,2026-05-29,AFETR,,93.85,53.16,464,462,,,EA,ORB
STARLINK-37503,2026-117AA,69262,PAY,+,US,2026-05-29,AFETR,,93.85,53.16,464,462,,,EA,ORB
STARLINK-37502,2026-117AB,69263,PAY,+,US,2026-05-29,AFETR,,93.85,53.16,464,462,,,EA,ORB
STARLINK-37486,2026-117AC,69264,PAY,+,US,2026-05-29,AFETR,,93.85,53.16,463,462,,,EA,ORB
STARLINK-37435,2026-117AD,69265,PAY,+,US,2026-05-29,AFETR,,93.85,53.16,464,462,,,EA,ORB
STARLINK-37464,2026-117AE,69266,PAY,+,US,2026-05-29,AFETR,,93.85,53.16,463,462,,,EA,ORB
STARLINK-37501,2026-119A,69296,PAY,+,US,2026-05-30,AFWTR,,93.91,97.28,467,465,,,EA,ORB
STARLINK-37496,2026-119B,69297,PAY,+,US,2026-05-30,AFWTR,,93.91,97.28,467,464,,,EA,ORB
STARLINK-37519,2026-119C,69298,PAY,+,US,2026-05-30,AFWTR,,93.91,97.28,467,464,,,EA,ORB
STARLINK-37455,2026-119D,69299,PAY,+,US,2026-05-30,AFWTR,,93.91,97.28,466,465,,,EA,ORB
STARLINK-37456,2026-119E,69300,PAY,+,US,2026-05-30,AFWTR,,93.91,97.28,467,464,,,EA,ORB
STARLINK-37630,2026-119F,69301,PAY,+,US,2026-05-30,AFWTR,,93.91,97.28,466,465,,,EA,ORB
STARLINK-37804,2026-119G,69302,PAY,+,US,2026-05-30,AFWTR,,93.91,97.28,466,465,,,EA,ORB
STARLINK-37730,2026-119H,69303,PAY,+,US,2026-05-30,AFWTR,,93.91,97.28,466,465,,,EA,ORB
STARLINK-37731,2026-119J,69304,PAY,+,US,2026-05-30,AFWTR,,93.91,97.28,466,465,,,EA,ORB
STARLINK-37734,2026-119K,69305,PAY,+,US,2026-05-30,AFWTR,,93.91,97.28,467,464,,,EA,ORB
STARLINK-37701,2026-119L,69306,PAY,+,US,2026-05-30,AFWTR,,93.91,97.28,466,465,,,EA,ORB
STARLINK-37732,2026-119M,69307,PAY,+,US,2026-05-30,AFWTR,,93.91,97.28,467,464,,,EA,ORB
STARLINK-37689,2026-119N,69308,PAY,+,US,2026-05-30,AFWTR,,93.91,97.28,467,464,,,EA,ORB
STARLINK-37619,2026-119P,69309,PAY,+,US,2026-05-30,AFWTR,,93.91,97.28,466,465,,,EA,ORB
STARLINK-37794,2026-119Q,69310,PAY,+,US,2026-05-30,AFWTR,,93.91,97.28,467,464,,,EA,ORB
STARLINK-37795,2026-119R,69311,PAY,+,US,2026-05-30,AFWTR,,93.91,97.28,466,465,,,EA,ORB
STARLINK-37790,2026-119S,69312,PAY,+,US,2026-05-30,AFWTR,,93.91,97.28,466,465,,,EA,ORB
STARLINK-37676,2026-119T,69313,PAY,+,US,2026-05-30,AFWTR,,93.91,97.28,467,464,,,EA,ORB
STARLINK-37617,2026-119U,69314,PAY,+,US,2026-05-30,AFWTR,,93.91,97.28,466,465,,,EA,ORB
STARLINK-37627,2026-119V,69315,PAY,+,US,2026-05-30,AFWTR,,93.91,97.28,466,465,,,EA,ORB
STARLINK-37738,2026-119W,69316,PAY,+,US,2026-05-30,AFWTR,,93.91,97.28,466,465,,,EA,ORB
STARLINK-37799,2026-119X,69317,PAY,+,US,2026-05-30,AFWTR,,93.91,97.28,466,465,,,EA,ORB
STARLINK-37802,2026-119Y,69318,PAY,+,US,2026-05-30,AFWTR,,93.91,97.28,466,465,,,EA,ORB
STARLINK-37803,2026-119Z,69319,PAY,+,US,2026-05-30,AFWTR,,93.90,97.28,466,465,,,EA,ORB
STARLINK-37733,2026-122A,69329,PAY,+,US,2026-06-03,AFWTR,,93.91,97.28,467,464,,,EA,ORB
STARLINK-37772,2026-122B,69330,PAY,+,US,2026-06-03,AFWTR,,93.91,97.28,466,465,,,EA,ORB
STARLINK-37768,2026-122C,69331,PAY,+,US,2026-06-03,AFWTR,,93.91,97.28,468,464,,,EA,ORB
STARLINK-37833,2026-122D,69332,PAY,+,US,2026-06-03,AFWTR,,93.91,97.28,466,465,,,EA,ORB
STARLINK-37818,2026-122E,69333,PAY,+,US,2026-06-03,AFWTR,,93.91,97.28,466,465,,,EA,ORB
STARLINK-37868,2026-122F,69334,PAY,+,US,2026-06-03,AFWTR,,93.91,97.28,466,465,,,EA,ORB
STARLINK-37877,2026-122G,69335,PAY,+,US,2026-06-03,AFWTR,,93.91,97.28,466,465,,,EA,ORB
STARLINK-37791,2026-122H,69336,PAY,+,US,2026-06-03,AFWTR,,93.91,97.28,467,464,,,EA,ORB
STARLINK-37765,2026-122J,69337,PAY,+,US,2026-06-03,AFWTR,,93.91,97.28,466,465,,,EA,ORB
STARLINK-37788,2026-122K,69338,PAY,+,US,2026-06-03,AFWTR,,93.91,97.28,466,465,,,EA,ORB
STARLINK-37743,2026-122L,69339,PAY,+,US,2026-06-03,AFWTR,,93.91,97.28,466,465,,,EA,ORB
STARLINK-37780,2026-122M,69340,PAY,+,US,2026-06-03,AFWTR,,93.91,97.28,467,465,,,EA,ORB
STARLINK-37781,2026-122N,69341,PAY,+,US,2026-06-03,AFWTR,,93.91,97.28,467,464,,,EA,ORB
STARLINK-37782,2026-122P,69342,PAY,+,US,2026-06-03,AFWTR,,93.91,97.28,466,465,,,EA,ORB
STARLINK-37776,2026-122Q,69343,PAY,+,US,2026-06-03,AFWTR,,93.91,97.28,467,464,,,EA,ORB
STARLINK-37786,2026-122R,69344,PAY,+,US,2026-06-03,AFWTR,,93.90,97.28,466,464,,,EA,ORB
STARLINK-37785,2026-122S,69345,PAY,+,US,2026-06-03,AFWTR,,93.91,97.28,466,465,,,EA,ORB
STARLINK-37773,2026-122T,69346,PAY,+,US,2026-06-03,AFWTR,,93.91,97.28,467,464,,,EA,ORB
STARLINK-37744,2026-122U,69347,PAY,+,US,2026-06-03,AFWTR,,93.91,97.28,467,464,,,EA,ORB
STARLINK-37775,2026-122V,69348,PAY,+,US,2026-06-03,AFWTR,,93.91,97.28,466,465,,,EA,ORB
STARLINK-37777,2026-122W,69349,PAY,+,US,2026-06-03,AFWTR,,93.91,97.28,466,465,,,EA,ORB
STARLINK-37779,2026-122X,69350,PAY,+,US,2026-06-03,AFWTR,,93.91,97.28,467,464,,,EA,ORB
STARLINK-37549,2026-122Y,69351,PAY,+,US,2026-06-03,AFWTR,,93.91,97.28,466,465,,,EA,ORB
STARLINK-37778,2026-122Z,69352,PAY,+,US,2026-06-03,AFWTR,,93.91,97.28,466,465,,,EA,ORB
STARLINK-37651,2026-123A,69353,PAY,+,US,2026-06-04,AFETR,,93.85,53.16,464,462,,,EA,ORB
STARLINK-37652,2026-123B,69354,PAY,+,US,2026-06-04,AFETR,,93.79,53.16,461,459,,,EA,ORB
STARLINK-37593,2026-123C,69355,PAY,+,US,2026-06-04,AFETR,,93.85,53.16,463,462,,,EA,ORB
STARLINK-37597,2026-123D,69356,PAY,+,US,2026-06-04,AFETR,,93.85,53.16,463,462,,,EA,ORB
STARLINK-37598,2026-123E,69357,PAY,+,US,2026-06-04,AFETR,,93.85,53.16,463,462,,,EA,ORB
STARLINK-37602,2026-123F,69358,PAY,+,US,2026-06-04,AFETR,,93.85,53.16,464,462,,,EA,ORB
STARLINK-37600,2026-123G,69359,PAY,+,US,2026-06-04,AFETR,,93.85,53.16,463,462,,,EA,ORB
STARLINK-37599,2026-123H,69360,PAY,+,US,2026-06-04,AFETR,,93.85,53.16,463,462,,,EA,ORB
STARLINK-37039,2026-123J,69361,PAY,+,US,2026-06-04,AFETR,,93.85,53.16,463,462,,,EA,ORB
STARLINK-37040,2026-123K,69362,PAY,+,US,2026-06-04,AFETR,,93.85,53.16,464,462,,,EA,ORB
STARLINK-37582,2026-123L,69363,PAY,+,US,2026-06-04,AFETR,,93.85,53.16,464,461,,,EA,ORB
STARLINK-37309,2026-123M,69364,PAY,+,US,2026-06-04,AFETR,,93.85,53.16,463,462,,,EA,ORB
STARLINK-37436,2026-123N,69365,PAY,+,US,2026-06-04,AFETR,,93.85,53.16,463,462,,,EA,ORB
STARLINK-37581,2026-123P,69366,PAY,+,US,2026-06-04,AFETR,,93.85,53.16,463,462,,,EA,ORB
STARLINK-37683,2026-123Q,69367,PAY,+,US,2026-06-04,AFETR,,93.85,53.16,464,462,,,EA,ORB
STARLINK-37687,2026-123R,69368,PAY,+,US,2026-06-04,AFETR,,93.85,53.16,464,462,,,EA,ORB
STARLINK-37631,2026-123S,69369,PAY,+,US,2026-06-04,AFETR,,93.85,53.16,464,461,,,EA,ORB
STARLINK-37673,2026-123T,69370,PAY,+,US,2026-06-04,AFETR,,93.85,53.16,463,462,,,EA,ORB
STARLINK-37645,2026-123U,69371,PAY,+,US,2026-06-04,AFETR,,93.85,53.16,464,461,,,EA,ORB
STARLINK-37688,2026-123V,69372,PAY,+,US,2026-06-04,AFETR,,93.85,53.16,466,459,,,EA,ORB
STARLINK-37685,2026-123W,69373,PAY,+,US,2026-06-04,AFETR,,93.85,53.16,464,462,,,EA,ORB
STARLINK-37632,2026-123X,69374,PAY,+,US,2026-06-04,AFETR,,93.85,53.16,464,462,,,EA,ORB
STARLINK-37454,2026-123Y,69375,PAY,+,US,2026-06-04,AFETR,,93.85,53.16,464,462,,,EA,ORB
STARLINK-37485,2026-123Z,69376,PAY,+,US,2026-06-04,AFETR,,93.85,53.16,463,462,,,EA,ORB
STARLINK-37439,2026-123AA,69377,PAY,+,US,2026-06-04,AFETR,,93.79,53.16,461,459,,,EA,ORB
STARLINK-37376,2026-123AB,69378,PAY,+,US,2026-06-04,AFETR,,93.85,53.16,463,462,,,EA,ORB
STARLINK-37383,2026-123AC,69379,PAY,+,US,2026-06-04,AFETR,,93.85,53.16,463,462,,,EA,ORB
STARLINK-37411,2026-123AD,69380,PAY,+,US,2026-06-04,AFETR,,93.85,53.16,463,462,,,EA,ORB
STARLINK-37427,2026-123AE,69381,PAY,+,US,2026-06-04,AFETR,,93.85,53.16,463,462,,,EA,ORB
STARLINK-37537,2026-126A,69420,PAY,+,US,2026-06-07,AFWTR,,93.91,97.28,467,464,,,EA,ORB
STARLINK-37585,2026-126B,69421,PAY,+,US,2026-06-07,AFWTR,,93.91,97.28,467,464,,,EA,ORB
STARLINK-37573,2026-126C,69422,PAY,+,US,2026-06-07,AFWTR,,93.91,97.28,467,464,,,EA,ORB
STARLINK-37820,2026-126D,69423,PAY,+,US,2026-06-07,AFWTR,,93.91,97.28,467,464,,,EA,ORB
STARLINK-37822,2026-126E,69424,PAY,+,US,2026-06-07,AFWTR,,93.91,97.28,468,463,,,EA,ORB
STARLINK-37836,2026-126F,69425,PAY,+,US,2026-06-07,AFWTR,,93.91,97.28,467,464,,,EA,ORB
STARLINK-37850,2026-126G,69426,PAY,+,US,2026-06-07,AFWTR,,93.91,97.28,467,464,,,EA,ORB
STARLINK-37823,2026-126H,69427,PAY,+,US,2026-06-07,AFWTR,,93.91,97.28,468,463,,,EA,ORB
STARLINK-37834,2026-126J,69428,PAY,+,US,2026-06-07,AFWTR,,93.91,97.29,467,464,,,EA,ORB
STARLINK-37857,2026-126K,69429,PAY,+,US,2026-06-07,AFWTR,,93.90,97.28,467,464,,,EA,ORB
STARLINK-37866,2026-126L,69430,PAY,+,US,2026-06-07,AFWTR,,93.91,97.28,467,464,,,EA,ORB
STARLINK-37555,2026-126M,69431,PAY,+,US,2026-06-07,AFWTR,,93.91,97.28,467,464,,,EA,ORB
STARLINK-37870,2026-126N,69432,PAY,+,US,2026-06-07,AFWTR,,93.91,97.29,467,464,,,EA,ORB
STARLINK-37872,2026-126P,69433,PAY,+,US,2026-06-07,AFWTR,,93.91,97.28,467,464,,,EA,ORB
STARLINK-37815,2026-126Q,69434,PAY,+,US,2026-06-07,AFWTR,,93.91,97.28,467,465,,,EA,ORB
STARLINK-37801,2026-126R,69435,PAY,+,US,2026-06-07,AFWTR,,93.91,97.28,467,464,,,EA,ORB
STARLINK-37800,2026-126S,69436,PAY,+,US,2026-06-07,AFWTR,,93.91,97.28,467,464,,,EA,ORB
STARLINK-37792,2026-126T,69437,PAY,+,US,2026-06-07,AFWTR,,93.91,97.28,466,465,,,EA,ORB
STARLINK-37783,2026-126U,69438,PAY,+,US,2026-06-07,AFWTR,,93.91,97.28,468,463,,,EA,ORB
STARLINK-37771,2026-126V,69439,PAY,+,US,2026-06-07,AFWTR,,93.91,97.28,466,465,,,EA,ORB
STARLINK-37747,2026-126W,69440,PAY,+,US,2026-06-07,AFWTR,,93.90,97.28,467,464,,,EA,ORB
STARLINK-37629,2026-127A,69443,PAY,+,US,2026-06-08,AFETR,,93.85,53.16,464,461,,,EA,ORB
STARLINK-37509,2026-127B,69444,PAY,+,US,2026-06-08,AFETR,,93.85,53.16,463,462,,,EA,ORB
STARLINK-37641,2026-127C,69445,PAY,+,US,2026-06-08,AFETR,,93.85,53.16,463,462,,,EA,ORB
STARLINK-37522,2026-127D,69446,PAY,+,US,2026-06-08,AFETR,,93.85,53.16,463,462,,,EA,ORB
STARLINK-37640,2026-127E,69447,PAY,+,US,2026-06-08,AFETR,,93.85,53.16,463,462,,,EA,ORB
STARLINK-37572,2026-127F,69448,PAY,+,US,2026-06-08,AFETR,,93.85,53.16,464,462,,,EA,ORB
STARLINK-37643,2026-127G,69449,PAY,+,US,2026-06-08,AFETR,,93.85,53.16,464,461,,,EA,ORB
STARLINK-37601,2026-127H,69450,PAY,+,US,2026-06-08,AFETR,,93.85,53.16,464,462,,,EA,ORB
STARLINK-37578,2026-127J,69451,PAY,+,US,2026-06-08,AFETR,,93.85,53.16,465,461,,,EA,ORB
STARLINK-37577,2026-127K,69452,PAY,+,US,2026-06-08,AFETR,,93.85,53.16,463,462,,,EA,ORB
STARLINK-37500,2026-127L,69453,PAY,+,US,2026-06-08,AFETR,,93.85,53.16,464,462,,,EA,ORB
STARLINK-37575,2026-127M,69454,PAY,+,US,2026-06-08,AFETR,,93.85,53.16,464,462,,,EA,ORB
STARLINK-37642,2026-127N,69455,PAY,+,US,2026-06-08,AFETR,,93.85,53.16,463,462,,,EA,ORB
STARLINK-37513,2026-127P,69456,PAY,+,US,2026-06-08,AFETR,,93.85,53.16,464,462,,,EA,ORB
STARLINK-37563,2026-127Q,69457,PAY,+,US,2026-06-08,AFETR,,93.85,53.16,463,462,,,EA,ORB
STARLINK-37565,2026-127R,69458,PAY,+,US,2026-06-08,AFETR,,93.85,53.16,464,462,,,EA,ORB
STARLINK-37498,2026-127S,69459,PAY,+,US,2026-06-08,AFETR,,93.85,53.16,464,461,,,EA,ORB
STARLINK-37384,2026-127T,69460,PAY,+,US,2026-06-08,AFETR,,93.85,53.16,463,462,,,EA,ORB
STARLINK-37707,2026-127U,69461,PAY,+,US,2026-06-08,AFETR,,93.85,53.16,463,462,,,EA,ORB
STARLINK-37525,2026-127V,69462,PAY,+,US,2026-06-08,AFETR,,93.85,53.16,464,461,,,EA,ORB
STARLINK-37526,2026-127W,69463,PAY,+,US,2026-06-08,AFETR,,93.85,53.16,464,462,,,EA,ORB
STARLINK-37574,2026-127X,69464,PAY,+,US,2026-06-08,AFETR,,93.85,53.16,463,462,,,EA,ORB
STARLINK-37535,2026-127Y,69465,PAY,+,US,2026-06-08,AFETR,,93.85,53.16,463,462,,,EA,ORB
STARLINK-37583,2026-127Z,69466,PAY,+,US,2026-06-08,AFETR,,93.85,53.16,464,461,,,EA,ORB
STARLINK-37546,2026-127AA,69467,PAY,+,US,2026-06-08,AFETR,,93.85,53.16,464,461,,,EA,ORB
STARLINK-37532,2026-127AB,69468,PAY,+,US,2026-06-08,AFETR,,93.79,53.16,460,459,,,EA,ORB
STARLINK-37708,2026-127AC,69469,PAY,+,US,2026-06-08,AFETR,,93.85,53.16,463,462,,,EA,ORB
STARLINK-37686,2026-127AD,69470,PAY,+,US,2026-06-08,AFETR,,93.85,53.16,464,462,,,EA,ORB
STARLINK-37451,2026-127AE,69471,PAY,+,US,2026-06-08,AFETR,,93.85,53.16,463,462,,,EA,ORB
STARLINK-37816,2026-131A,69478,PAY,+,US,2026-06-11,AFWTR,,93.91,97.28,466,465,,,EA,ORB
STARLINK-37878,2026-131B,69479,PAY,+,US,2026-06-11,AFWTR,,93.91,97.28,467,464,,,EA,ORB
STARLINK-37817,2026-131C,69480,PAY,+,US,2026-06-11,AFWTR,,93.91,97.28,467,464,,,EA,ORB
STARLINK-37727,2026-131D,69481,PAY,+,US,2026-06-11,AFWTR,,93.91,97.28,466,465,,,EA,ORB
STARLINK-37814,2026-131E,69482,PAY,+,US,2026-06-11,AFWTR,,93.91,97.28,466,465,,,EA,ORB
STARLINK-37869,2026-131F,69483,PAY,+,US,2026-06-11,AFWTR,,93.91,97.28,466,465,,,EA,ORB
STARLINK-37873,2026-131G,69484,PAY,+,US,2026-06-11,AFWTR,,93.91,97.28,467,464,,,EA,ORB
STARLINK-37892,2026-131H,69485,PAY,+,US,2026-06-11,AFWTR,,93.91,97.28,466,465,,,EA,ORB
STARLINK-37893,2026-131J,69486,PAY,+,US,2026-06-11,AFWTR,,93.91,97.29,466,465,,,EA,ORB
STARLINK-37842,2026-131K,69487,PAY,+,US,2026-06-11,AFWTR,,93.91,97.28,466,465,,,EA,ORB
STARLINK-37449,2026-131L,69488,PAY,+,US,2026-06-11,AFWTR,,93.91,97.28,466,465,,,EA,ORB
STARLINK-37831,2026-131M,69489,PAY,+,US,2026-06-11,AFWTR,,93.91,97.28,468,463,,,EA,ORB
STARLINK-37879,2026-131N,69490,PAY,+,US,2026-06-11,AFWTR,,93.91,97.28,466,465,,,EA,ORB
STARLINK-37856,2026-131P,69491,PAY,+,US,2026-06-11,AFWTR,,93.91,97.28,467,464,,,EA,ORB
STARLINK-37568,2026-131Q,69492,PAY,+,US,2026-06-11,AFWTR,,93.91,97.28,466,465,,,EA,ORB
STARLINK-37855,2026-131R,69493,PAY,+,US,2026-06-11,AFWTR,,93.91,97.28,467,464,,,EA,ORB
STARLINK-37854,2026-131S,69494,PAY,+,US,2026-06-11,AFWTR,,93.91,97.29,468,464,,,EA,ORB
STARLINK-37789,2026-131T,69495,PAY,+,US,2026-06-11,AFWTR,,93.91,97.28,467,464,,,EA,ORB
STARLINK-37839,2026-131U,69496,PAY,+,US,2026-06-11,AFWTR,,93.91,97.28,466,465,,,EA,ORB
STARLINK-37798,2026-131V,69497,PAY,+,US,2026-06-11,AFWTR,,93.91,97.28,466,465,,,EA,ORB
STARLINK-37853,2026-131W,69498,PAY,+,US,2026-06-11,AFWTR,,93.91,97.28,467,464,,,EA,ORB
STARLINK-37849,2026-131X,69499,PAY,+,US,2026-06-11,AFWTR,,93.91,97.28,467,464,,,EA,ORB
STARLINK-37835,2026-131Y,69500,PAY,+,US,2026-06-11,AFWTR,,93.91,97.28,467,464,,,EA,ORB
STARLINK-37843,2026-131Z,69501,PAY,+,US,2026-06-11,AFWTR,,93.91,97.28,467,464,,,EA,ORB
STARLINK-37536,2026-133A,69508,PAY,+,US,2026-06-12,AFETR,,93.85,53.16,464,462,,,EA,ORB
STARLINK-37341,2026-133B,69509,PAY,+,US,2026-06-12,AFETR,,93.85,53.16,464,462,,,EA,ORB
STARLINK-36536,2026-133C,69510,PAY,+,US,2026-06-12,AFETR,,93.85,53.16,464,462,,,EA,ORB
STARLINK-37420,2026-133D,69511,PAY,+,US,2026-06-12,AFETR,,93.85,53.16,464,462,,,EA,ORB
STARLINK-37511,2026-133E,69512,PAY,+,US,2026-06-12,AFETR,,93.85,53.16,465,461,,,EA,ORB
STARLINK-37552,2026-133F,69513,PAY,+,US,2026-06-12,AFETR,,93.85,53.16,463,462,,,EA,ORB
STARLINK-37607,2026-133G,69514,PAY,+,US,2026-06-12,AFETR,,93.85,53.16,464,462,,,EA,ORB
STARLINK-37232,2026-133H,69515,PAY,+,US,2026-06-12,AFETR,,93.85,53.16,464,461,,,EA,ORB
STARLINK-37323,2026-133J,69516,PAY,+,US,2026-06-12,AFETR,,93.84,53.16,464,461,,,EA,ORB
STARLINK-37357,2026-133K,69517,PAY,+,US,2026-06-12,AFETR,,93.85,53.16,464,461,,,EA,ORB
STARLINK-37408,2026-133L,69518,PAY,+,US,2026-06-12,AFETR,,93.85,53.16,463,462,,,EA,ORB
STARLINK-37570,2026-133M,69519,PAY,+,US,2026-06-12,AFETR,,93.85,53.16,464,462,,,EA,ORB
STARLINK-37510,2026-133N,69520,PAY,+,US,2026-06-12,AFETR,,93.85,53.16,464,462,,,EA,ORB
STARLINK-37586,2026-133P,69521,PAY,+,US,2026-06-12,AFETR,,93.85,53.16,464,462,,,EA,ORB
STARLINK-37379,2026-133Q,69522,PAY,+,US,2026-06-12,AFETR,,93.85,53.16,464,462,,,EA,ORB
STARLINK-37429,2026-133R,69523,PAY,+,US,2026-06-12,AFETR,,93.85,53.16,464,462,,,EA,ORB
STARLINK-37352,2026-133S,69524,PAY,+,US,2026-06-12,AFETR,,93.85,53.16,464,462,,,EA,ORB
STARLINK-37490,2026-133T,69525,PAY,+,US,2026-06-12,AFETR,,93.85,53.16,464,462,,,EA,ORB
STARLINK-37438,2026-133U,69526,PAY,+,US,2026-06-12,AFETR,,93.85,53.16,463,462,,,EA,ORB
STARLINK-37484,2026-133V,69527,PAY,+,US,2026-06-12,AFETR,,93.85,53.16,463,462,,,EA,ORB
STARLINK-37523,2026-133W,69528,PAY,+,US,2026-06-12,AFETR,,93.85,53.16,464,462,,,EA,ORB
STARLINK-37369,2026-133X,69529,PAY,+,US,2026-06-12,AFETR,,93.85,53.16,464,462,,,EA,ORB
STARLINK-37670,2026-133Y,69530,PAY,+,US,2026-06-12,AFETR,,93.85,53.16,463,462,,,EA,ORB
STARLINK-37897,2026-133Z,69531,PAY,+,US,2026-06-12,AFETR,,93.85,53.16,464,462,,,EA,ORB
STARLINK-37933,2026-133AA,69532,PAY,+,US,2026-06-12,AFETR,,93.85,53.16,463,462,,,EA,ORB
STARLINK-37890,2026-133AB,69533,PAY,+,US,2026-06-12,AFETR,,93.85,53.16,463,462,,,EA,ORB
STARLINK-37407,2026-133AC,69534,PAY,+,US,2026-06-12,AFETR,,93.85,53.16,464,462,,,EA,ORB
STARLINK-37888,2026-133AD,69535,PAY,+,US,2026-06-12,AFETR,,93.85,53.16,463,462,,,EA,ORB
STARLINK-37889,2026-133AE,69536,PAY,+,US,2026-06-12,AFETR,,93.85,53.16,464,462,,,EA,ORB
STARLINK-37880,2026-135A,69546,PAY,+,US,2026-06-15,AFWTR,,93.90,97.28,467,464,,,EA,ORB
STARLINK-37881,2026-135B,69547,PAY,+,US,2026-06-15,AFWTR,,93.90,97.28,466,465,,,EA,ORB
STARLINK-37265,2026-135C,69548,PAY,+,US,2026-06-15,AFWTR,,93.90,97.28,466,465,,,EA,ORB
STARLINK-37871,2026-135D,69549,PAY,+,US,2026-06-15,AFWTR,,93.91,97.28,466,465,,,EA,ORB
STARLINK-37865,2026-135E,69550,PAY,+,US,2026-06-15,AFWTR,,93.91,97.28,467,464,,,EA,ORB
STARLINK-37862,2026-135F,69551,PAY,+,US,2026-06-15,AFWTR,,93.91,97.28,466,465,,,EA,ORB
STARLINK-37861,2026-135G,69552,PAY,+,US,2026-06-15,AFWTR,,93.91,97.28,466,465,,,EA,ORB
STARLINK-37859,2026-135H,69553,PAY,+,US,2026-06-15,AFWTR,,93.90,97.28,466,465,,,EA,ORB
STARLINK-37860,2026-135J,69554,PAY,+,US,2026-06-15,AFWTR,,93.91,97.28,467,464,,,EA,ORB
STARLINK-37858,2026-135K,69555,PAY,+,US,2026-06-15,AFWTR,,93.91,97.28,466,465,,,EA,ORB
STARLINK-37927,2026-135L,69556,PAY,+,US,2026-06-15,AFWTR,,93.91,97.28,466,465,,,EA,ORB
STARLINK-37929,2026-135M,69557,PAY,+,US,2026-06-15,AFWTR,,93.91,97.28,466,465,,,EA,ORB
STARLINK-37954,2026-135N,69558,PAY,+,US,2026-06-15,AFWTR,,93.91,97.28,466,465,,,EA,ORB
STARLINK-37958,2026-135P,69559,PAY,+,US,2026-06-15,AFWTR,,93.91,97.28,466,465,,,EA,ORB
STARLINK-37950,2026-135Q,69560,PAY,+,US,2026-06-15,AFWTR,,93.91,97.28,466,465,,,EA,ORB
STARLINK-37952,2026-135R,69561,PAY,+,US,2026-06-15,AFWTR,,93.91,97.28,467,464,,,EA,ORB
STARLINK-37935,2026-135S,69562,PAY,+,US,2026-06-15,AFWTR,,93.91,97.28,466,465,,,EA,ORB
STARLINK-37936,2026-135T,69563,PAY,+,US,2026-06-15,AFWTR,,93.91,97.28,467,464,,,EA,ORB
STARLINK-37932,2026-135U,69564,PAY,+,US,2026-06-15,AFWTR,,93.91,97.28,466,465,,,EA,ORB
STARLINK-37916,2026-135V,69565,PAY,+,US,2026-06-15,AFWTR,,93.91,97.28,467,465,,,EA,ORB
STARLINK-37909,2026-135W,69566,PAY,+,US,2026-06-15,AFWTR,,93.91,97.28,467,464,,,EA,ORB
STARLINK-37934,2026-135X,69567,PAY,+,US,2026-06-15,AFWTR,,93.91,97.28,466,465,,,EA,ORB
STARLINK-37938,2026-135Y,69568,PAY,+,US,2026-06-15,AFWTR,,93.91,97.28,467,465,,,EA,ORB
STARLINK-37924,2026-135Z,69569,PAY,+,US,2026-06-15,AFWTR,,93.91,97.28,466,465,,,EA,ORB
STARLINK-37656,2026-143A,69649,PAY,+,US,2026-06-21,AFWTR,,93.91,97.28,466,465,,,EA,ORB
STARLINK-37646,2026-143B,69650,PAY,+,US,2026-06-21,AFWTR,,93.91,97.28,466,465,,,EA,ORB
STARLINK-37749,2026-143C,69651,PAY,+,US,2026-06-21,AFWTR,,93.91,97.28,467,464,,,EA,ORB
STARLINK-37819,2026-143D,69652,PAY,+,US,2026-06-21,AFWTR,,93.91,97.28,466,465,,,EA,ORB
STARLINK-37729,2026-143E,69653,PAY,+,US,2026-06-21,AFWTR,,94.34,97.28,487,486,,,EA,ORB
STARLINK-37838,2026-143F,69654,PAY,+,US,2026-06-21,AFWTR,,93.91,97.28,466,465,,,EA,ORB
STARLINK-37884,2026-143G,69655,PAY,+,US,2026-06-21,AFWTR,,93.91,97.28,467,465,,,EA,ORB
STARLINK-37876,2026-143H,69656,PAY,+,US,2026-06-21,AFWTR,,93.91,97.28,466,465,,,EA,ORB
STARLINK-37784,2026-143J,69657,PAY,+,US,2026-06-21,AFWTR,,93.91,97.28,466,465,,,EA,ORB
STARLINK-37851,2026-143K,69658,PAY,+,US,2026-06-21,AFWTR,,93.91,97.28,466,465,,,EA,ORB
STARLINK-37229,2026-143L,69659,PAY,+,US,2026-06-21,AFWTR,,93.91,97.28,466,465,,,EA,ORB
STARLINK-37556,2026-143M,69660,PAY,+,US,2026-06-21,AFWTR,,93.91,97.28,466,465,,,EA,ORB
STARLINK-37867,2026-143N,69661,PAY,+,US,2026-06-21,AFWTR,,93.91,97.28,466,465,,,EA,ORB
STARLINK-37852,2026-143P,69662,PAY,+,US,2026-06-21,AFWTR,,93.91,97.28,466,465,,,EA,ORB
STARLINK-37554,2026-143Q,69663,PAY,+,US,2026-06-21,AFWTR,,93.91,97.28,466,465,,,EA,ORB
STARLINK-37830,2026-143R,69664,PAY,+,US,2026-06-21,AFWTR,,93.91,97.28,466,465,,,EA,ORB
STARLINK-37837,2026-143S,69665,PAY,+,US,2026-06-21,AFWTR,,93.91,97.28,467,465,,,EA,ORB
STARLINK-37943,2026-143T,69666,PAY,+,US,2026-06-21,AFWTR,,93.91,97.28,466,465,,,EA,ORB
STARLINK-37941,2026-143U,69667,PAY,+,US,2026-06-21,AFWTR,,93.91,97.28,466,465,,,EA,ORB
STARLINK-37930,2026-143V,69668,PAY,+,US,2026-06-21,AFWTR,,93.91,97.28,467,465,,,EA,ORB
STARLINK-37945,2026-143W,69669,PAY,+,US,2026-06-21,AFWTR,,93.91,97.28,466,465,,,EA,ORB
STARLINK-37948,2026-143X,69670,PAY,+,US,2026-06-21,AFWTR,,93.91,97.28,466,465,,,EA,ORB
STARLINK-37949,2026-143Y,69671,PAY,+,US,2026-06-21,AFWTR,,93.91,97.29,466,465,,,EA,ORB
STARLINK-37946,2026-143Z,69672,PAY,+,US,2026-06-21,AFWTR,,93.91,97.28,466,465,,,EA,ORB
STARLINK-38005,2026-145A,69677,PAY,+,US,2026-06-25,AFWTR,,93.91,97.29,467,464,,,EA,ORB
STARLINK-38009,2026-145B,69678,PAY,+,US,2026-06-25,AFWTR,,93.91,97.29,467,464,,,EA,ORB
STARLINK-37998,2026-145C,69679,PAY,+,US,2026-06-25,AFWTR,,93.91,97.29,467,464,,,EA,ORB
STARLINK-37994,2026-145D,69680,PAY,+,US,2026-06-25,AFWTR,,93.91,97.29,466,465,,,EA,ORB
STARLINK-37992,2026-145E,69681,PAY,+,US,2026-06-25,AFWTR,,93.91,97.28,467,464,,,EA,ORB
STARLINK-37997,2026-145F,69682,PAY,+,US,2026-06-25,AFWTR,,93.91,97.29,466,465,,,EA,ORB
STARLINK-37990,2026-145G,69683,PAY,+,US,2026-06-25,AFWTR,,93.91,97.28,467,464,,,EA,ORB
STARLINK-37951,2026-145H,69684,PAY,+,US,2026-06-25,AFWTR,,91.41,97.28,345,343,,,EA,ORB
STARLINK-37957,2026-145J,69685,PAY,+,US,2026-06-25,AFWTR,,93.91,97.28,467,464,,,EA,ORB
STARLINK-37968,2026-145K,69686,PAY,+,US,2026-06-25,AFWTR,,93.91,97.28,467,464,,,EA,ORB
STARLINK-37977,2026-145L,69687,PAY,+,US,2026-06-25,AFWTR,,93.91,97.28,467,464,,,EA,ORB
STARLINK-37908,2026-145M,69688,PAY,+,US,2026-06-25,AFWTR,,93.91,97.28,466,465,,,EA,ORB
STARLINK-37979,2026-145N,69689,PAY,+,US,2026-06-25,AFWTR,,93.91,97.29,466,465,,,EA,ORB
STARLINK-37940,2026-145P,69690,PAY,+,US,2026-06-25,AFWTR,,93.91,97.28,467,464,,,EA,ORB
STARLINK-37961,2026-145Q,69691,PAY,+,US,2026-06-25,AFWTR,,93.91,97.28,467,464,,,EA,ORB
STARLINK-37787,2026-145R,69692,PAY,+,US,2026-06-25,AFWTR,,93.91,97.29,466,465,,,EA,ORB
STARLINK-37962,2026-145S,69693,PAY,+,US,2026-06-25,AFWTR,,93.91,97.29,466,465,,,EA,ORB
STARLINK-37953,2026-145T,69694,PAY,+,US,2026-06-25,AFWTR,,93.91,97.28,467,464,,,EA,ORB
STARLINK-37926,2026-145U,69695,PAY,+,US,2026-06-25,AFWTR,,93.91,97.29,467,464,,,EA,ORB
STARLINK-37959,2026-145V,69696,PAY,+,US,2026-06-25,AFWTR,,93.91,97.29,467,464,,,EA,ORB
STARLINK-37976,2026-145W,69697,PAY,+,US,2026-06-25,AFWTR,,93.91,97.28,467,464,,,EA,ORB
STARLINK-37912,2026-145X,69698,PAY,+,US,2026-06-25,AFWTR,,93.91,97.28,466,465,,,EA,ORB
STARLINK-37974,2026-145Y,69699,PAY,+,US,2026-06-25,AFWTR,,93.91,97.29,467,464,,,EA,ORB
STARLINK-37955,2026-145Z,69700,PAY,+,US,2026-06-25,AFWTR,,93.91,97.29,467,464,,,EA,ORB
STARLINK-38055,2026-147A,69704,PAY,+,US,2026-06-28,AFWTR,,93.91,97.28,466,465,,,EA,ORB
STARLINK-37898,2026-147B,69705,PAY,+,US,2026-06-28,AFWTR,,93.90,97.28,467,464,,,EA,ORB
STARLINK-37970,2026-147C,69706,PAY,+,US,2026-06-28,AFWTR,,93.91,97.28,467,464,,,EA,ORB
STARLINK-37975,2026-147D,69707,PAY,+,US,2026-06-28,AFWTR,,93.90,97.28,466,464,,,EA,ORB
STARLINK-37972,2026-147E,69708,PAY,+,US,2026-06-28,AFWTR,,93.91,97.28,467,464,,,EA,ORB
STARLINK-37963,2026-147F,69709,PAY,+,US,2026-06-28,AFWTR,,93.91,97.28,466,465,,,EA,ORB
STARLINK-37969,2026-147G,69710,PAY,+,US,2026-06-28,AFWTR,,93.91,97.28,466,465,,,EA,ORB
STARLINK-37956,2026-147H,69711,PAY,+,US,2026-06-28,AFWTR,,93.91,97.28,466,465,,,EA,ORB
STARLINK-38043,2026-147J,69712,PAY,+,US,2026-06-28,AFWTR,,93.91,97.28,466,465,,,EA,ORB
STARLINK-38020,2026-147K,69713,PAY,+,US,2026-06-28,AFWTR,,93.91,97.28,467,465,,,EA,ORB
STARLINK-38059,2026-147L,69714,PAY,+,US,2026-06-28,AFWTR,,93.91,97.28,466,465,,,EA,ORB
STARLINK-38061,2026-147M,69715,PAY,+,US,2026-06-28,AFWTR,,93.91,97.28,466,465,,,EA,ORB
STARLINK-38060,2026-147N,69716,PAY,+,US,2026-06-28,AFWTR,,93.91,97.28,466,465,,,EA,ORB
STARLINK-38040,2026-147P,69717,PAY,+,US,2026-06-28,AFWTR,,93.91,97.28,466,465,,,EA,ORB
STARLINK-37989,2026-147Q,69718,PAY,+,US,2026-06-28,AFWTR,,93.90,97.28,466,465,,,EA,ORB
STARLINK-38039,2026-147R,69719,PAY,+,US,2026-06-28,AFWTR,,93.91,97.28,466,465,,,EA,ORB
STARLINK-38003,2026-147S,69720,PAY,+,US,2026-06-28,AFWTR,,93.91,97.28,466,465,,,EA,ORB
STARLINK-38014,2026-147T,69721,PAY,+,US,2026-06-28,AFWTR,,93.91,97.28,466,465,,,EA,ORB
STARLINK-37915,2026-147U,69722,PAY,+,US,2026-06-28,AFWTR,,93.91,97.28,466,465,,,EA,ORB
STARLINK-38007,2026-147V,69723,PAY,+,US,2026-06-28,AFWTR,,93.91,97.28,467,464,,,EA,ORB
STARLINK-38008,2026-147W,69724,PAY,+,US,2026-06-28,AFWTR,,93.91,97.28,466,465,,,EA,ORB
STARLINK-38021,2026-147X,69725,PAY,+,US,2026-06-28,AFWTR,,93.91,97.28,467,465,,,EA,ORB
STARLINK-38015,2026-147Y,69726,PAY,+,US,2026-06-28,AFWTR,,91.41,97.28,345,343,,,EA,ORB
STARLINK-38010,2026-147Z,69727,PAY,+,US,2026-06-28,AFWTR,,91.41,97.28,344,344,,,EA,ORB
STARLINK-38033,2026-150A,69739,PAY,+,US,2026-07-02,AFWTR,,93.91,97.28,467,464,,,EA,ORB
STARLINK-38076,2026-150B,69740,PAY,+,US,2026-07-02,AFWTR,,93.91,97.28,467,464,,,EA,ORB
STARLINK-38074,2026-150C,69741,PAY,+,US,2026-07-02,AFWTR,,93.91,97.28,467,464,,,EA,ORB
STARLINK-38041,2026-150D,69742,PAY,+,US,2026-07-02,AFWTR,,93.91,97.29,467,464,,,EA,ORB
STARLINK-38087,2026-150E,69743,PAY,+,US,2026-07-02,AFWTR,,93.91,97.28,467,464,,,EA,ORB
STARLINK-38078,2026-150F,69744,PAY,+,US,2026-07-02,AFWTR,,93.91,97.28,467,464,,,EA,ORB
STARLINK-38047,2026-150G,69745,PAY,+,US,2026-07-02,AFWTR,,93.91,97.28,467,464,,,EA,ORB
STARLINK-38046,2026-150H,69746,PAY,+,US,2026-07-02,AFWTR,,93.91,97.29,467,464,,,EA,ORB
STARLINK-38067,2026-150J,69747,PAY,+,US,2026-07-02,AFWTR,,93.91,97.28,467,464,,,EA,ORB
STARLINK-37988,2026-150K,69748,PAY,+,US,2026-07-02,AFWTR,,93.91,97.29,467,464,,,EA,ORB
STARLINK-37987,2026-150L,69749,PAY,+,US,2026-07-02,AFWTR,,93.91,97.28,467,464,,,EA,ORB
STARLINK-38037,2026-150M,69750,PAY,+,US,2026-07-02,AFWTR,,93.91,97.28,467,464,,,EA,ORB
STARLINK-38049,2026-150N,69751,PAY,+,US,2026-07-02,AFWTR,,93.91,97.29,467,464,,,EA,ORB
STARLINK-38029,2026-150P,69752,PAY,+,US,2026-07-02,AFWTR,,93.91,97.29,466,465,,,EA,ORB
STARLINK-37965,2026-150Q,69753,PAY,+,US,2026-07-02,AFWTR,,93.91,97.29,466,465,,,EA,ORB
STARLINK-38048,2026-150R,69754,PAY,+,US,2026-07-02,AFWTR,,93.91,97.28,468,463,,,EA,ORB
STARLINK-38006,2026-150S,69755,PAY,+,US,2026-07-02,AFWTR,,93.91,97.28,467,464,,,EA,ORB
STARLINK-38036,2026-150T,69756,PAY,+,US,2026-07-02,AFWTR,,93.91,97.28,467,464,,,EA,ORB
STARLINK-38058,2026-150U,69757,PAY,+,US,2026-07-02,AFWTR,,93.91,97.28,467,464,,,EA,ORB
STARLINK-38066,2026-150V,69758,PAY,+,US,2026-07-02,AFWTR,,93.91,97.29,467,464,,,EA,ORB
STARLINK-38035,2026-150W,69759,PAY,+,US,2026-07-02,AFWTR,,93.91,97.28,467,464,,,EA,ORB
STARLINK-38056,2026-150X,69760,PAY,+,US,2026-07-02,AFWTR,,93.91,97.28,466,465,,,EA,ORB
STARLINK-38069,2026-150Y,69761,PAY,+,US,2026-07-02,AFWTR,,93.91,97.28,467,464,,,EA,ORB
STARLINK-38019,2026-150Z,69762,PAY,+,US,2026-07-02,AFWTR,,91.47,97.29,348,345,,,EA,ORB
STARLINK-37520,2026-154A,69819,PAY,+,US,2026-07-05,AFETR,,93.85,53.16,464,462,,,EA,ORB
STARLINK-37553,2026-154B,69820,PAY,+,US,2026-07-05,AFETR,,93.85,53.16,464,461,,,EA,ORB
STARLINK-37561,2026-154C,69821,PAY,+,US,2026-07-05,AFETR,,93.85,53.16,463,462,,,EA,ORB
STARLINK-37521,2026-154D,69822,PAY,+,US,2026-07-05,AFETR,,93.85,53.16,464,462,,,EA,ORB
STARLINK-37628,2026-154E,69823,PAY,+,US,2026-07-05,AFETR,,93.85,53.16,463,462,,,EA,ORB
STARLINK-37695,2026-154F,69824,PAY,+,US,2026-07-05,AFETR,,93.85,53.16,464,462,,,EA,ORB
STARLINK-37690,2026-154G,69825,PAY,+,US,2026-07-05,AFETR,,93.85,53.16,463,462,,,EA,ORB
STARLINK-37710,2026-154H,69826,PAY,+,US,2026-07-05,AFETR,,93.85,53.16,463,462,,,EA,ORB
STARLINK-38031,2026-154J,69827,PAY,+,US,2026-07-05,AFETR,,93.85,53.16,463,462,,,EA,ORB
STARLINK-38001,2026-154K,69828,PAY,+,US,2026-07-05,AFETR,,93.85,53.16,463,462,,,EA,ORB
STARLINK-37622,2026-154L,69829,PAY,+,US,2026-07-05,AFETR,,93.85,53.16,463,462,,,EA,ORB
STARLINK-37621,2026-154M,69830,PAY,+,US,2026-07-05,AFETR,,93.85,53.16,464,462,,,EA,ORB
STARLINK-37918,2026-154N,69831,PAY,+,US,2026-07-05,AFETR,,93.85,53.16,464,462,,,EA,ORB
STARLINK-37887,2026-154P,69832,PAY,+,US,2026-07-05,AFETR,,93.85,53.16,464,462,,,EA,ORB
STARLINK-37624,2026-154Q,69833,PAY,+,US,2026-07-05,AFETR,,93.85,53.16,463,462,,,EA,ORB
STARLINK-37769,2026-154R,69834,PAY,+,US,2026-07-05,AFETR,,93.85,53.16,463,462,,,EA,ORB
STARLINK-37247,2026-154S,69835,PAY,+,US,2026-07-05,AFETR,,93.85,53.16,464,461,,,EA,ORB
STARLINK-37569,2026-154T,69836,PAY,+,US,2026-07-05,AFETR,,93.85,53.16,463,462,,,EA,ORB
STARLINK-37587,2026-154U,69837,PAY,+,US,2026-07-05,AFETR,,93.84,53.16,463,462,,,EA,ORB
STARLINK-37590,2026-154V,69838,PAY,+,US,2026-07-05,AFETR,,93.85,53.16,464,462,,,EA,ORB
STARLINK-37589,2026-154W,69839,PAY,+,US,2026-07-05,AFETR,,93.85,53.16,463,462,,,EA,ORB
STARLINK-37487,2026-154X,69840,PAY,+,US,2026-07-05,AFETR,,93.85,53.16,464,462,,,EA,ORB
STARLINK-37433,2026-154Y,69841,PAY,+,US,2026-07-05,AFETR,,93.85,53.16,463,462,,,EA,ORB
STARLINK-37588,2026-154Z,69842,PAY,+,US,2026-07-05,AFETR,,93.85,53.16,464,461,,,EA,ORB
STARLINK-37579,2026-154AA,69843,PAY,+,US,2026-07-05,AFETR,,93.85,53.16,464,462,,,EA,ORB
STARLINK-37584,2026-154AB,69844,PAY,+,US,2026-07-05,AFETR,,93.85,53.16,463,462,,,EA,ORB
STARLINK-37606,2026-154AC,69845,PAY,+,US,2026-07-05,AFETR,,93.85,53.16,463,462,,,EA,ORB
STARLINK-37603,2026-154AD,69846,PAY,+,US,2026-07-05,AFETR,,93.85,53.16,464,462,,,EA,ORB
STARLINK-37595,2026-154AE,69847,PAY,+,US,2026-07-05,AFETR,,93.85,53.16,463,462,,,EA,ORB
STARLINK-37886,2026-157A,69943,PAY,+,US,2026-07-09,AFETR,,93.85,53.16,464,462,,,EA,ORB
STARLINK-37937,2026-157B,69944,PAY,+,US,2026-07-09,AFETR,,93.85,53.16,463,462,,,EA,ORB
STARLINK-37903,2026-157C,69945,PAY,+,US,2026-07-09,AFETR,,93.85,53.16,463,462,,,EA,ORB
STARLINK-37905,2026-157D,69946,PAY,+,US,2026-07-09,AFETR,,93.85,53.16,463,462,,,EA,ORB
STARLINK-37904,2026-157E,69947,PAY,+,US,2026-07-09,AFETR,,93.85,53.16,464,462,,,EA,ORB
STARLINK-37891,2026-157F,69948,PAY,+,US,2026-07-09,AFETR,,93.85,53.16,464,462,,,EA,ORB
STARLINK-37923,2026-157G,69949,PAY,+,US,2026-07-09,AFETR,,93.85,53.16,463,462,,,EA,ORB
STARLINK-37895,2026-157H,69950,PAY,+,US,2026-07-09,AFETR,,93.79,53.16,460,459,,,EA,ORB
STARLINK-37841,2026-157J,69951,PAY,+,US,2026-07-09,AFETR,,93.85,53.16,463,462,,,EA,ORB
STARLINK-37899,2026-157K,69952,PAY,+,US,2026-07-09,AFETR,,93.85,53.16,464,462,,,EA,ORB
STARLINK-37900,2026-157L,69953,PAY,+,US,2026-07-09,AFETR,,93.85,53.16,463,462,,,EA,ORB
STARLINK-37882,2026-157M,69954,PAY,+,US,2026-07-09,AFETR,,93.85,53.16,463,462,,,EA,ORB
STARLINK-37928,2026-157N,69955,PAY,+,US,2026-07-09,AFETR,,93.85,53.16,463,462,,,EA,ORB
STARLINK-37824,2026-157P,69956,PAY,+,US,2026-07-09,AFETR,,93.85,53.16,463,462,,,EA,ORB
STARLINK-37919,2026-157Q,69957,PAY,+,US,2026-07-09,AFETR,,93.85,53.16,463,462,,,EA,ORB
STARLINK-37964,2026-157R,69958,PAY,+,US,2026-07-09,AFETR,,93.85,53.16,463,462,,,EA,ORB
STARLINK-37907,2026-157S,69959,PAY,+,US,2026-07-09,AFETR,,93.85,53.16,464,462,,,EA,ORB
STARLINK-37901,2026-157T,69960,PAY,+,US,2026-07-09,AFETR,,93.85,53.16,464,462,,,EA,ORB
STARLINK-37910,2026-157U,69961,PAY,+,US,2026-07-09,AFETR,,93.85,53.16,463,462,,,EA,ORB
STARLINK-37925,2026-157V,69962,PAY,+,US,2026-07-09,AFETR,,93.85,53.16,464,461,,,EA,ORB
STARLINK-37931,2026-157W,69963,PAY,+,US,2026-07-09,AFETR,,93.85,53.16,464,462,,,EA,ORB
STARLINK-37914,2026-157X,69964,PAY,+,US,2026-07-09,AFETR,,93.85,53.16,464,462,,,EA,ORB
STARLINK-37840,2026-157Y,69965,PAY,+,US,2026-07-09,AFETR,,93.85,53.16,463,462,,,EA,ORB
STARLINK-37894,2026-157Z,69966,PAY,+,US,2026-07-09,AFETR,,93.85,53.16,464,462,,,EA,ORB
STARLINK-37875,2026-157AA,69967,PAY,+,US,2026-07-09,AFETR,,93.85,53.16,463,462,,,EA,ORB
STARLINK-36218,2026-157AB,69968,PAY,+,US,2026-07-09,AFETR,,93.85,53.16,463,462,,,EA,ORB
STARLINK-37921,2026-157AC,69969,PAY,+,US,2026-07-09,AFETR,,93.85,53.16,464,461,,,EA,ORB
STARLINK-37896,2026-157AD,69970,PAY,+,US,2026-07-09,AFETR,,93.85,53.16,464,462,,,EA,ORB
STARLINK-37922,2026-157AE,69971,PAY,+,US,2026-07-09,AFETR,,93.85,53.16,463,462,,,EA,ORB
STARLINK-38024,2026-159A,69975,PAY,+,US,2026-07-11,AFWTR,,92.64,97.28,405,403,,,EA,ORB
STARLINK-37993,2026-159B,69976,PAY,+,US,2026-07-11,AFWTR,,92.87,97.29,416,414,,,EA,ORB
STARLINK-37995,2026-159C,69977,PAY,+,US,2026-07-11,AFWTR,,92.71,97.28,408,406,,,EA,ORB
STARLINK-38057,2026-159D,69978,PAY,+,US,2026-07-11,AFWTR,,92.93,97.28,419,417,,,EA,ORB
STARLINK-38063,2026-159E,69979,PAY,+,US,2026-07-11,AFWTR,,92.42,97.28,394,392,,,EA,ORB
STARLINK-38093,2026-159F,69980,PAY,+,US,2026-07-11,AFWTR,,91.93,97.28,371,367,,,EA,ORB
STARLINK-38050,2026-159G,69981,PAY,+,US,2026-07-11,AFWTR,,92.01,97.28,374,371,,,EA,ORB
STARLINK-38065,2026-159H,69982,PAY,+,US,2026-07-11,AFWTR,,92.27,97.28,387,384,,,EA,ORB
STARLINK-38077,2026-159J,69983,PAY,+,US,2026-07-11,AFWTR,,91.89,97.28,369,366,,,EA,ORB
STARLINK-38068,2026-159K,69984,PAY,+,US,2026-07-11,AFWTR,,92.78,97.28,412,409,,,EA,ORB
STARLINK-38089,2026-159L,69985,PAY,+,US,2026-07-11,AFWTR,,92.88,97.28,417,415,,,EA,ORB
STARLINK-38073,2026-159M,69986,PAY,+,US,2026-07-11,AFWTR,,92.95,97.28,420,418,,,EA,ORB
STARLINK-38099,2026-159N,69987,PAY,+,US,2026-07-11,AFWTR,,92.54,97.29,401,398,,,EA,ORB
STARLINK-38064,2026-159P,69988,PAY,+,US,2026-07-11,AFWTR,,92.37,97.28,392,389,,,EA,ORB
STARLINK-38080,2026-159Q,69989,PAY,+,US,2026-07-11,AFWTR,,92.54,97.28,400,398,,,EA,ORB
STARLINK-38070,2026-159R,69990,PAY,+,US,2026-07-11,AFWTR,,92.42,97.28,394,392,,,EA,ORB
STARLINK-38042,2026-159S,69991,PAY,+,US,2026-07-11,AFWTR,,92.76,97.28,411,408,,,EA,ORB
STARLINK-38071,2026-159T,69992,PAY,+,US,2026-07-11,AFWTR,,92.29,97.28,388,385,,,EA,ORB
STARLINK-38082,2026-159U,69993,PAY,+,US,2026-07-11,AFWTR,,92.60,97.28,404,401,,,EA,ORB
STARLINK-38090,2026-159V,69994,PAY,+,US,2026-07-11,AFWTR,,92.72,97.28,409,406,,,EA,ORB
STARLINK-38084,2026-159W,69995,PAY,+,US,2026-07-11,AFWTR,,92.68,97.28,407,404,,,EA,ORB
STARLINK-38085,2026-159X,69996,PAY,+,US,2026-07-11,AFWTR,,92.95,97.28,420,418,,,EA,ORB
STARLINK-38091,2026-159Y,69997,PAY,+,US,2026-07-11,AFWTR,,92.19,97.28,383,381,,,EA,ORB
STARLINK-38086,2026-159Z,69998,PAY,+,US,2026-07-11,AFWTR,,91.41,97.28,345,343,,,EA,ORB
STARLINK-38128,2026-160A,100001,PAY,+,US,2026-07-14,AFWTR,,91.30,70.00,342,335,,,EA,ORB
STARLINK-37711,2026-160B,100002,PAY,+,US,2026-07-14,AFWTR,,91.28,70.00,339,335,,,EA,ORB
STARLINK-38123,2026-160C,100003,PAY,+,US,2026-07-14,AFWTR,,91.28,70.00,339,336,,,EA,ORB
STARLINK-38107,2026-160D,100004,PAY,+,US,2026-07-14,AFWTR,,91.28,70.00,340,335,,,EA,ORB
STARLINK-38122,2026-160E,100005,PAY,+,US,2026-07-14,AFWTR,,91.28,70.00,339,335,,,EA,ORB
STARLINK-38117,2026-160F,100006,PAY,+,US,2026-07-14,AFWTR,,91.28,70.00,340,335,,,EA,ORB
STARLINK-38054,2026-160G,100007,PAY,+,US,2026-07-14,AFWTR,,91.28,70.00,339,335,,,EA,ORB
STARLINK-38124,2026-160H,100008,PAY,+,US,2026-07-14,AFWTR,,91.54,70.00,354,346,,,EA,ORB
STARLINK-38119,2026-160J,100009,PAY,+,US,2026-07-14,AFWTR,,91.28,70.00,339,335,,,EA,ORB
STARLINK-38045,2026-160K,100010,PAY,+,US,2026-07-14,AFWTR,,91.28,70.00,339,335,,,EA,ORB
STARLINK-38051,2026-160L,100011,PAY,+,US,2026-07-14,AFWTR,,91.28,70.00,339,335,,,EA,ORB
STARLINK-38092,2026-160M,100012,PAY,+,US,2026-07-14,AFWTR,,91.41,70.00,347,341,,,EA,ORB
STARLINK-37719,2026-160N,100013,PAY,+,US,2026-07-14,AFWTR,,91.28,70.00,339,335,,,EA,ORB
STARLINK-38106,2026-160P,100014,PAY,+,US,2026-07-14,AFWTR,,91.35,70.00,343,338,,,EA,ORB
STARLINK-37299,2026-160Q,100015,PAY,+,US,2026-07-14,AFWTR,,91.32,70.00,342,337,,,EA,ORB
STARLINK-38052,2026-160R,100016,PAY,+,US,2026-07-14,AFWTR,,91.29,70.00,340,336,,,EA,ORB
STARLINK-38114,2026-160S,100017,PAY,+,US,2026-07-14,AFWTR,,91.28,70.00,340,335,,,EA,ORB
STARLINK-37239,2026-160T,100018,PAY,+,US,2026-07-14,AFWTR,,91.28,70.00,339,335,,,EA,ORB
STARLINK-37580,2026-160U,100019,PAY,+,US,2026-07-14,AFWTR,,91.29,70.00,341,335,,,EA,ORB
STARLINK-38032,2026-160V,100020,PAY,+,US,2026-07-14,AFWTR,,91.28,70.00,340,334,,,EA,ORB
STARLINK-38110,2026-160W,100021,PAY,+,US,2026-07-14,AFWTR,,91.95,70.00,373,367,,,EA,ORB
STARLINK-38103,2026-160X,100022,PAY,+,US,2026-07-14,AFWTR,,91.57,70.00,354,349,,,EA,ORB
STARLINK-38102,2026-160Y,100023,PAY,+,US,2026-07-14,AFWTR,,91.28,70.00,339,335,,,EA,ORB
STARLINK-38108,2026-160Z,100024,PAY,+,US,2026-07-14,AFWTR,,91.28,70.00,339,335,,,EA,ORB
STARLINK-38109,2026-160AA,100025,PAY,+,US,2026-07-14,AFWTR,,91.32,70.00,341,337,,,EA,ORB
STARLINK-38034,2026-160AB,100026,PAY,+,US,2026-07-14,AFWTR,,91.28,70.00,339,335,,,EA,ORB
STARLINK-38094,2026-160AC,100027,PAY,+,US,2026-07-14,AFWTR,,91.76,70.00,364,357,,,EA,ORB
STARLINK-37844,2026-161A,100028,PAY,+,US,2026-07-14,AFETR,,93.85,53.16,464,462,,,EA,ORB
STARLINK-37610,2026-161B,100029,PAY,+,US,2026-07-14,AFETR,,93.85,53.16,464,462,,,EA,ORB
STARLINK-37845,2026-161C,100030,PAY,+,US,2026-07-14,AFETR,,93.85,53.16,463,462,,,EA,ORB
STARLINK-37336,2026-161D,100031,PAY,+,US,2026-07-14,AFETR,,93.85,53.16,464,462,,,EA,ORB
STARLINK-37481,2026-161E,100032,PAY,+,US,2026-07-14,AFETR,,93.85,53.16,464,461,,,EA,ORB
STARLINK-37458,2026-161F,100033,PAY,+,US,2026-07-14,AFETR,,93.85,53.16,463,462,,,EA,ORB
STARLINK-37917,2026-161G,100034,PAY,+,US,2026-07-14,AFETR,,93.85,53.16,463,462,,,EA,ORB
STARLINK-37415,2026-161H,100035,PAY,+,US,2026-07-14,AFETR,,93.85,53.16,464,462,,,EA,ORB
STARLINK-37560,2026-161J,100036,PAY,+,US,2026-07-14,AFETR,,93.85,53.16,463,462,,,EA,ORB
STARLINK-37847,2026-161K,100037,PAY,+,US,2026-07-14,AFETR,,93.85,53.16,464,462,,,EA,ORB
STARLINK-37672,2026-161L,100038,PAY,+,US,2026-07-14,AFETR,,93.85,53.16,463,462,,,EA,ORB
STARLINK-37693,2026-161M,100039,PAY,+,US,2026-07-14,AFETR,,93.85,53.16,464,462,,,EA,ORB
STARLINK-37714,2026-161N,100040,PAY,+,US,2026-07-14,AFETR,,93.79,53.16,460,459,,,EA,ORB
STARLINK-37448,2026-161P,100041,PAY,+,US,2026-07-14,AFETR,,93.85,53.16,463,462,,,EA,ORB
STARLINK-38002,2026-161Q,100042,PAY,+,US,2026-07-14,AFETR,,93.85,53.16,464,462,,,EA,ORB
STARLINK-38023,2026-161R,100043,PAY,+,US,2026-07-14,AFETR,,93.85,53.16,464,462,,,EA,ORB
STARLINK-37984,2026-161S,100044,PAY,+,US,2026-07-14,AFETR,,93.85,53.16,464,462,,,EA,ORB
STARLINK-37808,2026-161T,100045,PAY,+,US,2026-07-14,AFETR,,93.85,53.16,464,462,,,EA,ORB
STARLINK-37807,2026-161U,100046,PAY,+,US,2026-07-14,AFETR,,93.85,53.16,463,462,,,EA,ORB
STARLINK-37756,2026-161V,100047,PAY,+,US,2026-07-14,AFETR,,93.85,53.16,463,462,,,EA,ORB
STARLINK-37752,2026-161W,100048,PAY,+,US,2026-07-14,AFETR,,93.85,53.16,463,462,,,EA,ORB
STARLINK-37848,2026-161X,100049,PAY,+,US,2026-07-14,AFETR,,93.84,53.16,463,462,,,EA,ORB
STARLINK-37826,2026-161Y,100050,PAY,+,US,2026-07-14,AFETR,,93.85,53.16,464,461,,,EA,ORB
STARLINK-37677,2026-161Z,100051,PAY,+,US,2026-07-14,AFETR,,93.85,53.16,464,462,,,EA,ORB
STARLINK-37797,2026-161AA,100052,PAY,+,US,2026-07-14,AFETR,,93.85,53.16,464,462,,,EA,ORB
STARLINK-37796,2026-161AB,100053,PAY,+,US,2026-07-14,AFETR,,93.85,53.16,464,462,,,EA,ORB
STARLINK-37505,2026-161AC,100054,PAY,+,US,2026-07-14,AFETR,,93.85,53.16,463,462,,,EA,ORB
STARLINK-37605,2026-161AD,100055,PAY,+,US,2026-07-14,AFETR,,93.85,53.16,463,462,,,EA,ORB
STARLINK-37650,2026-161AE,100056,PAY,+,US,2026-07-14,AFETR,,93.85,53.16,463,462,,,EA,ORB
STARLINK-38222,2026-166A,100101,PAY,+,US,2026-07-21,AFWTR,,93.69,97.28,456,454,,,EA,ORB
STARLINK-37740,2026-166B,100102,PAY,+,US,2026-07-21,AFWTR,,91.42,97.28,345,343,,,EA,ORB
STARLINK-38214,2026-166C,100103,PAY,+,US,2026-07-21,AFWTR,,91.42,97.28,345,344,,,EA,ORB
STARLINK-38174,2026-166D,100104,PAY,+,US,2026-07-21,AFWTR,,91.42,97.28,345,343,,,EA,ORB
STARLINK-38158,2026-166E,100105,PAY,+,US,2026-07-21,AFWTR,,91.41,97.28,345,343,,,EA,ORB
STARLINK-38161,2026-166F,100106,PAY,+,US,2026-07-21,AFWTR,,91.42,97.28,345,343,,,EA,ORB
STARLINK-37864,2026-166G,100107,PAY,+,US,2026-07-21,AFWTR,,91.42,97.28,345,343,,,EA,ORB
STARLINK-38118,2026-166H,100108,PAY,+,US,2026-07-21,AFWTR,,91.41,97.28,345,343,,,EA,ORB
STARLINK-37712,2026-166J,100109,PAY,+,US,2026-07-21,AFWTR,,91.42,97.28,345,344,,,EA,ORB
STARLINK-38101,2026-166K,100110,PAY,+,US,2026-07-21,AFWTR,,91.42,97.29,346,342,,,EA,ORB
STARLINK-38115,2026-166L,100111,PAY,+,US,2026-07-21,AFWTR,,91.42,97.28,346,343,,,EA,ORB
STARLINK-38113,2026-166M,100112,PAY,+,US,2026-07-21,AFWTR,,91.42,97.28,345,343,,,EA,ORB
STARLINK-38072,2026-166N,100113,PAY,+,US,2026-07-21,AFWTR,,91.42,97.28,345,343,,,EA,ORB
STARLINK-38088,2026-166P,100114,PAY,+,US,2026-07-21,AFWTR,,91.41,97.28,345,343,,,EA,ORB
STARLINK-38044,2026-166Q,100115,PAY,+,US,2026-07-21,AFWTR,,91.42,97.28,346,342,,,EA,ORB
STARLINK-38038,2026-166R,100116,PAY,+,US,2026-07-21,AFWTR,,91.42,97.28,345,343,,,EA,ORB
STARLINK-38062,2026-166S,100117,PAY,+,US,2026-07-21,AFWTR,,91.41,97.29,345,343,,,EA,ORB
STARLINK-38030,2026-166T,100118,PAY,+,US,2026-07-21,AFWTR,,91.42,97.28,345,343,,,EA,ORB
STARLINK-38096,2026-166U,100119,PAY,+,US,2026-07-21,AFWTR,,91.42,97.28,345,343,,,EA,ORB
STARLINK-38120,2026-166V,100120,PAY,+,US,2026-07-21,AFWTR,,91.42,97.28,345,343,,,EA,ORB
STARLINK-38160,2026-166W,100121,PAY,+,US,2026-07-21,AFWTR,,91.42,97.28,345,343,,,EA,ORB
STARLINK-38135,2026-166X,100122,PAY,+,US,2026-07-21,AFWTR,,91.42,97.28,345,343,,,EA,ORB
STARLINK-38134,2026-166Y,100123,PAY,+,US,2026-07-21,AFWTR,,91.42,97.28,345,343,,,EA,ORB
STARLINK-37991,2026-166Z,100124,PAY,+,US,2026-07-21,AFWTR,,91.42,97.28,345,343,,,EA,ORB
STARLINK-38182,2026-171A,100148,PAY,+,US,2026-07-25,AFWTR,,93.91,97.28,467,464,,,EA,ORB
STARLINK-38100,2026-171B,100149,PAY,+,US,2026-07-25,AFWTR,,93.91,97.28,467,464,,,EA,ORB
STARLINK-38179,2026-171C,100150,PAY,+,US,2026-07-25,AFWTR,,93.90,97.28,466,464,,,EA,ORB
STARLINK-38173,2026-171D,100151,PAY,+,US,2026-07-25,AFWTR,,93.83,97.28,462,461,,,EA,ORB
STARLINK-38111,2026-171E,100152,PAY,+,US,2026-07-25,AFWTR,,93.89,97.28,465,465,,,EA,ORB
STARLINK-38081,2026-171F,100153,PAY,+,US,2026-07-25,AFWTR,,93.85,97.28,463,463,,,EA,ORB
STARLINK-38132,2026-171G,100154,PAY,+,US,2026-07-25,AFWTR,,93.69,97.28,456,454,,,EA,ORB
STARLINK-38127,2026-171H,100155,PAY,+,US,2026-07-25,AFWTR,,93.69,97.28,456,454,,,EA,ORB
STARLINK-38121,2026-171J,100156,PAY,+,US,2026-07-25,AFWTR,,93.69,97.28,456,454,,,EA,ORB
STARLINK-38152,2026-171K,100157,PAY,+,US,2026-07-25,AFWTR,,93.69,97.28,456,454,,,EA,ORB
STARLINK-38192,2026-171L,100158,PAY,+,US,2026-07-25,AFWTR,,93.72,97.28,458,455,,,EA,ORB
STARLINK-38162,2026-171M,100159,PAY,+,US,2026-07-25,AFWTR,,93.69,97.28,456,454,,,EA,ORB
STARLINK-38198,2026-171N,100160,PAY,+,US,2026-07-25,AFWTR,,93.91,97.28,467,464,,,EA,ORB
STARLINK-38175,2026-171P,100161,PAY,+,US,2026-07-25,AFWTR,,93.69,97.28,456,454,,,EA,ORB
STARLINK-38186,2026-171Q,100162,PAY,+,US,2026-07-25,AFWTR,,93.91,97.28,466,465,,,EA,ORB
STARLINK-38097,2026-171R,100163,PAY,+,US,2026-07-25,AFWTR,,93.69,97.28,456,454,,,EA,ORB
STARLINK-38098,2026-171S,100164,PAY,+,US,2026-07-25,AFWTR,,93.13,97.28,429,426,,,EA,ORB
STARLINK-38079,2026-171T,100165,PAY,+,US,2026-07-25,AFWTR,,93.69,97.28,456,454,,,EA,ORB
STARLINK-38136,2026-171U,100166,PAY,+,US,2026-07-25,AFWTR,,93.69,97.28,456,454,,,EA,ORB
STARLINK-38150,2026-171V,100167,PAY,+,US,2026-07-25,AFWTR,,93.90,97.28,466,465,,,EA,ORB
STARLINK-38151,2026-171W,100168,PAY,+,US,2026-07-25,AFWTR,,92.96,97.28,420,419,,,EA,ORB
STARLINK-38149,2026-171X,100169,PAY,+,US,2026-07-25,AFWTR,,93.91,97.28,466,465,,,EA,ORB
STARLINK-38217,2026-171Y,100170,PAY,+,US,2026-07-25,AFWTR,,93.91,97.28,467,464,,,EA,ORB
STARLINK-38197,2026-171Z,100171,PAY,+,US,2026-07-25,AFWTR,,91.42,97.28,345,343,,,EA,ORB
STARLINK-38095,2026-175A,100179,PAY,+,US,2026-08-01,AFWTR,,91.42,97.28,345,343,,,EA,ORB
STARLINK-38184,2026-175B,100180,PAY,+,US,2026-08-01,AFWTR,,91.42,97.28,346,343,,,EA,ORB
STARLINK-38112,2026-175C,100181,PAY,+,US,2026-08-01,AFWTR,,91.41,97.28,345,343,,,EA,ORB
STARLINK-38140,2026-175D,100182,PAY,+,US,2026-08-01,AFWTR,,91.42,97.28,345,343,,,EA,ORB
STARLINK-38142,2026-175E,100183,PAY,+,US,2026-08-01,AFWTR,,91.41,97.28,346,342,,,EA,ORB
STARLINK-37207,2026-175F,100184,PAY,+,US,2026-08-01,AFWTR,,91.42,97.28,345,343,,,EA,ORB
STARLINK-38104,2026-175G,100185,PAY,+,US,2026-08-01,AFWTR,,91.41,97.28,345,343,,,EA,ORB
STARLINK-38159,2026-175H,100186,PAY,+,US,2026-08-01,AFWTR,,91.41,97.28,345,343,,,EA,ORB
STARLINK-38130,2026-175J,100187,PAY,+,US,2026-08-01,AFWTR,,91.42,97.28,345,343,,,EA,ORB
STARLINK-38141,2026-175K,100188,PAY,+,US,2026-08-01,AFWTR,,91.42,97.28,345,343,,,EA,ORB
STARLINK-38176,2026-175L,100189,PAY,+,US,2026-08-01,AFWTR,,91.41,97.28,345,343,,,EA,ORB
STARLINK-38223,2026-175M,100190,PAY,+,US,2026-08-01,AFWTR,,91.41,97.28,345,343,,,EA,ORB
STARLINK-38165,2026-175N,100191,PAY,+,US,2026-08-01,AFWTR,,91.42,97.28,345,343,,,EA,ORB
STARLINK-38228,2026-175P,100192,PAY,+,US,2026-08-01,AFWTR,,91.41,97.28,345,343,,,EA,ORB
STARLINK-38227,2026-175Q,100193,PAY,+,US,2026-08-01,AFWTR,,91.42,97.28,345,343,,,EA,ORB
STARLINK-38225,2026-175R,100194,PAY,+,US,2026-08-01,AFWTR,,91.41,97.28,345,343,,,EA,ORB
STARLINK-38218,2026-175S,100195,PAY,+,US,2026-08-01,AFWTR,,91.42,97.28,345,343,,,EA,ORB
STARLINK-38195,2026-175T,100196,PAY,+,US,2026-08-01,AFWTR,,91.42,97.28,346,342,,,EA,ORB
STARLINK-38224,2026-175U,100197,PAY,+,US,2026-08-01,AFWTR,,91.41,97.28,345,343,,,EA,ORB
STARLINK-38137,2026-175V,100198,PAY,+,US,2026-08-01,AFWTR,,91.41,97.28,345,343,,,EA,ORB
STARLINK-38148,2026-175W,100199,PAY,+,US,2026-08-01,AFWTR,,91.41,97.28,345,343,,,EA,ORB
STARLINK-38196,2026-175X,100200,PAY,+,US,2026-08-01,AFWTR,,91.41,97.28,346,342,,,EA,ORB
STARLINK-38178,2026-175Y,100201,PAY,+,US,2026-08-01,AFWTR,,91.41,97.28,345,342,,,EA,ORB
STARLINK-38185,2026-175Z,100202,PAY,+,US,2026-08-01,AFWTR,,91.41,97.28,345,343,,,EA,ORB
STARLINK-38189,2026-177A,100213,PAY,+,US,2026-08-04,AFWTR,,92.95,97.28,420,418,,,EA,ORB
STARLINK-38172,2026-177B,100214,PAY,+,US,2026-08-04,AFWTR,,92.81,97.28,413,412,,,EA,ORB
STARLINK-38219,2026-177C,100215,PAY,+,US,2026-08-04,AFWTR,,92.96,97.28,420,418,,,EA,ORB
STARLINK-38133,2026-177D,100216,PAY,+,US,2026-08-04,AFWTR,,92.55,97.28,400,398,,,EA,ORB
STARLINK-38226,2026-177E,100217,PAY,+,US,2026-08-04,AFWTR,,92.95,97.28,420,418,,,EA,ORB
STARLINK-38199,2026-177F,100218,PAY,+,US,2026-08-04,AFWTR,,92.95,97.28,420,418,,,EA,ORB
STARLINK-38190,2026-177G,100219,PAY,+,US,2026-08-04,AFWTR,,92.95,97.28,420,418,,,EA,ORB
STARLINK-37721,2026-177H,100220,PAY,+,US,2026-08-04,AFWTR,,92.95,97.28,420,418,,,EA,ORB
STARLINK-38249,2026-177J,100221,PAY,+,US,2026-08-04,AFWTR,,91.98,97.28,372,371,,,EA,ORB
STARLINK-38254,2026-177K,100222,PAY,+,US,2026-08-04,AFWTR,,92.95,97.28,420,418,,,EA,ORB
STARLINK-38238,2026-177L,100223,PAY,+,US,2026-08-04,AFWTR,,92.95,97.28,420,418,,,EA,ORB
STARLINK-38164,2026-177M,100224,PAY,+,US,2026-08-04,AFWTR,,92.95,97.28,421,417,,,EA,ORB
STARLINK-38241,2026-177N,100225,PAY,+,US,2026-08-04,AFWTR,,92.95,97.28,420,418,,,EA,ORB
STARLINK-37717,2026-177P,100226,PAY,+,US,2026-08-04,AFWTR,,92.95,97.28,420,418,,,EA,ORB
STARLINK-38075,2026-177Q,100227,PAY,+,US,2026-08-04,AFWTR,,92.95,97.28,420,418,,,EA,ORB
STARLINK-37375,2026-177R,100228,PAY,+,US,2026-08-04,AFWTR,,92.95,97.28,420,418,,,EA,ORB
STARLINK-38251,2026-177S,100229,PAY,+,US,2026-08-04,AFWTR,,92.94,97.28,419,418,,,EA,ORB
STARLINK-38053,2026-177T,100230,PAY,+,US,2026-08-04,AFWTR,,92.95,97.28,420,418,,,EA,ORB
STARLINK-37832,2026-177U,100231,PAY,+,US,2026-08-04,AFWTR,,92.95,97.28,420,418,,,EA,ORB
STARLINK-38200,2026-177V,100232,PAY,+,US,2026-08-04,AFWTR,,92.95,97.28,420,418,,,EA,ORB
STARLINK-38188,2026-177W,100233,PAY,+,US,2026-08-04,AFWTR,,92.95,97.28,420,419,,,EA,ORB
STARLINK-38177,2026-177X,100234,PAY,+,US,2026-08-04,AFWTR,,92.95,97.28,419,419,,,EA,ORB
STARLINK-38126,2026-177Y,100235,PAY,+,US,2026-08-04,AFWTR,,92.95,97.28,420,418,,,EA,ORB
STARLINK-38139,2026-177Z,100236,PAY,+,US,2026-08-04,AFWTR,,92.95,97.28,420,418,,,EA,ORB
STARLINK-38191,2026-181A,100246,PAY,+,US,2026-08-08,AFWTR,,91.41,97.28,345,343,,,EA,ORB
STARLINK-38246,2026-181B,100247,PAY,+,US,2026-08-08,AFWTR,,91.41,97.28,345,342,,,EA,ORB
STARLINK-38221,2026-181C,100248,PAY,+,US,2026-08-08,AFWTR,,91.41,97.28,345,343,,,EA,ORB
STARLINK-38233,2026-181D,100249,PAY,+,US,2026-08-08,AFWTR,,91.41,97.28,345,343,,,EA,ORB
STARLINK-38163,2026-181E,100250,PAY,+,US,2026-08-08,AFWTR,,91.41,97.28,345,343,,,EA,ORB
STARLINK-38168,2026-181F,100251,PAY,+,US,2026-08-08,AFWTR,,91.41,97.28,345,343,,,EA,ORB
STARLINK-38259,2026-181G,100252,PAY,+,US,2026-08-08,AFWTR,,91.41,97.28,344,344,,,EA,ORB
STARLINK-38243,2026-181H,100253,PAY,+,US,2026-08-08,AFWTR,,91.41,97.28,345,343,,,EA,ORB
STARLINK-38252,2026-181J,100254,PAY,+,US,2026-08-08,AFWTR,,91.41,97.28,344,343,,,EA,ORB
STARLINK-38266,2026-181K,100255,PAY,+,US,2026-08-08,AFWTR,,91.41,97.28,345,343,,,EA,ORB
STARLINK-38144,2026-181L,100256,PAY,+,US,2026-08-08,AFWTR,,91.41,97.28,346,342,,,EA,ORB
STARLINK-38167,2026-181M,100257,PAY,+,US,2026-08-08,AFWTR,,91.41,97.28,345,343,,,EA,ORB
STARLINK-38154,2026-181N,100258,PAY,+,US,2026-08-08,AFWTR,,91.41,97.28,345,343,,,EA,ORB
STARLINK-38187,2026-181P,100259,PAY,+,US,2026-08-08,AFWTR,,91.41,97.28,345,343,,,EA,ORB
STARLINK-38232,2026-181Q,100260,PAY,+,US,2026-08-08,AFWTR,,91.42,97.28,345,343,,,EA,ORB
STARLINK-37947,2026-181R,100261,PAY,+,US,2026-08-08,AFWTR,,91.41,97.28,345,343,,,EA,ORB
STARLINK-38279,2026-181S,100262,PAY,+,US,2026-08-08,AFWTR,,91.41,97.28,345,343,,,EA,ORB
STARLINK-38157,2026-181T,100263,PAY,+,US,2026-08-08,AFWTR,,91.41,97.28,344,344,,,EA,ORB
STARLINK-38263,2026-181U,100264,PAY,+,US,2026-08-08,AFWTR,,91.41,97.28,345,343,,,EA,ORB
STARLINK-38280,2026-181V,100265,PAY,+,US,2026-08-08,AFWTR,,91.41,97.28,344,343,,,EA,ORB
STARLINK-38242,2026-181W,100266,PAY,+,US,2026-08-08,AFWTR,,91.41,97.28,345,343,,,EA,ORB
STARLINK-38212,2026-181X,100267,PAY,+,US,2026-08-08,AFWTR,,91.41,97.28,344,343,,,EA,ORB
STARLINK-38129,2026-181Y,100268,PAY,+,US,2026-08-08,AFWTR,,91.42,97.28,345,343,,,EA,ORB
STARLINK-38255,2026-181Z,100269,PAY,+,US,2026-08-08,AFWTR,,91.42,97.28,345,343,,,EA,ORB
STARLINK-37697,2026-183A,100272,PAY,+,US,2026-08-11,AFETR,,91.80,53.16,363,362,,,EA,ORB
STARLINK-37705,2026-183B,100273,PAY,+,US,2026-08-11,AFETR,,91.82,53.16,364,363,,,EA,ORB
STARLINK-37696,2026-183C,100274,PAY,+,US,2026-08-11,AFETR,,92.37,53.16,392,390,,,EA,ORB
STARLINK-37750,2026-183D,100275,PAY,+,US,2026-08-11,AFETR,,92.81,53.16,413,411,,,EA,ORB
STARLINK-37648,2026-183E,100276,PAY,+,US,2026-08-11,AFETR,,91.41,53.15,345,343,,,EA,ORB
STARLINK-37550,2026-183F,100277,PAY,+,US,2026-08-11,AFETR,,91.91,53.16,370,367,,,EA,ORB
STARLINK-37674,2026-183G,100278,PAY,+,US,2026-08-11,AFETR,,92.00,53.16,373,372,,,EA,ORB
STARLINK-37699,2026-183H,100279,PAY,+,US,2026-08-11,AFETR,,92.16,53.16,388,374,,,EA,ORB
STARLINK-37942,2026-183J,100280,PAY,+,US,2026-08-11,AFETR,,91.47,53.16,348,345,,,EA,ORB
STARLINK-37973,2026-183K,100281,PAY,+,US,2026-08-11,AFETR,,92.40,53.16,398,386,,,EA,ORB
STARLINK-37981,2026-183L,100282,PAY,+,US,2026-08-11,AFETR,,91.53,53.16,354,345,,,EA,ORB
STARLINK-37980,2026-183M,100283,PAY,+,US,2026-08-11,AFETR,,92.75,53.16,410,409,,,EA,ORB
STARLINK-37944,2026-183N,100284,PAY,+,US,2026-08-11,AFETR,,92.60,53.16,403,401,,,EA,ORB
STARLINK-37982,2026-183P,100285,PAY,+,US,2026-08-11,AFETR,,92.94,53.16,420,418,,,EA,ORB
STARLINK-37793,2026-183Q,100286,PAY,+,US,2026-08-11,AFETR,,92.35,53.16,390,390,,,EA,ORB
STARLINK-37480,2026-183R,100287,PAY,+,US,2026-08-11,AFETR,,92.94,53.16,420,417,,,EA,ORB
STARLINK-37809,2026-183S,100288,PAY,+,US,2026-08-11,AFETR,,92.12,53.16,379,378,,,EA,ORB
STARLINK-37813,2026-183T,100289,PAY,+,US,2026-08-11,AFETR,,92.94,53.16,420,418,,,EA,ORB
STARLINK-37805,2026-183U,100290,PAY,+,US,2026-08-11,AFETR,,92.29,53.16,392,383,,,EA,ORB
STARLINK-37827,2026-183V,100291,PAY,+,US,2026-08-11,AFETR,,92.34,53.16,390,389,,,EA,ORB
STARLINK-37810,2026-183W,100292,PAY,+,US,2026-08-11,AFETR,,92.40,53.16,393,392,,,EA,ORB
STARLINK-37812,2026-183X,100293,PAY,+,US,2026-08-11,AFETR,,92.75,53.16,410,409,,,EA,ORB
STARLINK-37457,2026-183Y,100294,PAY,+,US,2026-08-11,AFETR,,92.39,53.16,392,391,,,EA,ORB
STARLINK-37559,2026-183Z,100295,PAY,+,US,2026-08-11,AFETR,,92.94,53.16,419,418,,,EA,ORB
STARLINK-37811,2026-183AA,100296,PAY,+,US,2026-08-11,AFETR,,92.94,53.16,419,418,,,EA,ORB
STARLINK-37741,2026-183AB,100297,PAY,+,US,2026-08-11,AFETR,,92.94,53.16,420,418,,,EA,ORB
STARLINK-37753,2026-183AC,100298,PAY,+,US,2026-08-11,AFETR,,91.68,53.16,358,356,,,EA,ORB
STARLINK-37675,2026-183AD,100299,PAY,+,US,2026-08-11,AFETR,,92.45,53.16,396,393,,,EA,ORB
STARLINK-37874,2026-183AE,100300,PAY,+,US,2026-08-11,AFETR,,91.82,53.16,367,361,,,EA,ORB
STARLINK-38267,2026-184A,100301,PAY,+,US,2026-08-12,AFWTR,,93.69,97.28,457,453,,,EA,ORB
STARLINK-38253,2026-184B,100302,PAY,+,US,2026-08-12,AFWTR,,93.90,97.28,467,464,,,EA,ORB
STARLINK-38247,2026-184C,100303,PAY,+,US,2026-08-12,AFWTR,,93.91,97.28,467,464,,,EA,ORB
STARLINK-38260,2026-184D,100304,PAY,+,US,2026-08-12,AFWTR,,93.91,97.28,467,464,,,EA,ORB
STARLINK-38215,2026-184E,100305,PAY,+,US,2026-08-12,AFWTR,,93.91,97.28,467,464,,,EA,ORB
STARLINK-38147,2026-184F,100306,PAY,+,US,2026-08-12,AFWTR,,93.91,97.28,467,464,,,EA,ORB
STARLINK-38116,2026-184G,100307,PAY,+,US,2026-08-12,AFWTR,,93.69,97.28,464,446,,,EA,ORB
STARLINK-38264,2026-184H,100308,PAY,+,US,2026-08-12,AFWTR,,93.91,97.28,467,464,,,EA,ORB
STARLINK-38261,2026-184J,100309,PAY,+,US,2026-08-12,AFWTR,,93.91,97.28,466,465,,,EA,ORB
STARLINK-37416,2026-184K,100310,PAY,+,US,2026-08-12,AFWTR,,93.69,97.28,456,454,,,EA,ORB
STARLINK-38283,2026-184L,100311,PAY,+,US,2026-08-12,AFWTR,,93.88,97.28,465,463,,,EA,ORB
STARLINK-38236,2026-184M,100312,PAY,+,US,2026-08-12,AFWTR,,93.69,97.28,456,454,,,EA,ORB
STARLINK-38289,2026-184N,100313,PAY,+,US,2026-08-12,AFWTR,,93.69,97.28,456,454,,,EA,ORB
STARLINK-38239,2026-184P,100314,PAY,+,US,2026-08-12,AFWTR,,93.91,97.28,466,465,,,EA,ORB
STARLINK-38288,2026-184Q,100315,PAY,+,US,2026-08-12,AFWTR,,93.38,97.28,442,438,,,EA,ORB
STARLINK-38299,2026-184R,100316,PAY,+,US,2026-08-12,AFWTR,,93.91,97.28,466,465,,,EA,ORB
STARLINK-38143,2026-184S,100317,PAY,+,US,2026-08-12,AFWTR,,93.90,97.28,467,464,,,EA,ORB
STARLINK-38256,2026-184T,100318,PAY,+,US,2026-08-12,AFWTR,,93.91,97.28,467,464,,,EA,ORB
STARLINK-38294,2026-184U,100319,PAY,+,US,2026-08-12,AFWTR,,93.69,97.28,456,454,,,EA,ORB
STARLINK-38245,2026-184V,100320,PAY,+,US,2026-08-12,AFWTR,,93.69,97.28,456,454,,,EA,ORB
STARLINK-38268,2026-184W,100321,PAY,+,US,2026-08-12,AFWTR,,93.69,97.28,456,454,,,EA,ORB
STARLINK-38281,2026-184X,100322,PAY,+,US,2026-08-12,AFWTR,,93.69,97.28,456,454,,,EA,ORB
STARLINK-38295,2026-184Y,100323,PAY,+,US,2026-08-12,AFWTR,,93.69,97.28,456,454,,,EA,ORB
STARLINK-38298,2026-184Z,100324,PAY,+,US,2026-08-12,AFWTR,,93.69,97.28,456,454,,,EA,ORB
STARLINK-38156,2026-190A,100371,PAY,+,US,2026-08-19,AFWTR,,91.42,97.28,345,343,,,EA,ORB
STARLINK-38305,2026-190B,100372,PAY,+,US,2026-08-19,AFWTR,,91.42,97.28,345,343,,,EA,ORB
STARLINK-38237,2026-190C,100373,PAY,+,US,2026-08-19,AFWTR,,91.42,97.28,345,343,,,EA,ORB
STARLINK-38304,2026-190D,100374,PAY,+,US,2026-08-19,AFWTR,,91.42,97.28,346,342,,,EA,ORB
STARLINK-38265,2026-190E,100375,PAY,+,US,2026-08-19,AFWTR,,91.44,97.28,347,344,,,EA,ORB
STARLINK-38296,2026-190F,100376,PAY,+,US,2026-08-19,AFWTR,,91.41,97.28,345,343,,,EA,ORB
STARLINK-38307,2026-190G,100377,PAY,+,US,2026-08-19,AFWTR,,91.42,97.28,345,343,,,EA,ORB
STARLINK-38302,2026-190H,100378,PAY,+,US,2026-08-19,AFWTR,,91.43,97.28,349,340,,,EA,ORB
STARLINK-38284,2026-190J,100379,PAY,+,US,2026-08-19,AFWTR,,91.43,97.28,346,344,,,EA,ORB
STARLINK-38274,2026-190K,100380,PAY,+,US,2026-08-19,AFWTR,,91.42,97.28,345,343,,,EA,ORB
STARLINK-38309,2026-190L,100381,PAY,+,US,2026-08-19,AFWTR,,91.41,97.28,345,343,,,EA,ORB
STARLINK-38171,2026-190M,100382,PAY,+,US,2026-08-19,AFWTR,,91.41,97.28,345,342,,,EA,ORB
STARLINK-38209,2026-190N,100383,PAY,+,US,2026-08-19,AFWTR,,91.56,97.28,354,348,,,EA,ORB
STARLINK-38138,2026-190P,100384,PAY,+,US,2026-08-19,AFWTR,,91.35,97.28,341,340,,,EA,ORB
STARLINK-38083,2026-190Q,100385,PAY,+,US,2026-08-19,AFWTR,,91.43,97.28,347,342,,,EA,ORB
STARLINK-38293,2026-190S,100387,PAY,+,US,2026-08-19,AFWTR,,91.60,97.28,355,351,,,EA,ORB
STARLINK-38314,2026-190T,100388,PAY,+,US,2026-08-19,AFWTR,,91.81,97.28,365,362,,,EA,ORB
STARLINK-36776,2026-190U,100389,PAY,+,US,2026-08-19,AFWTR,,91.41,97.28,345,343,,,EA,ORB
STARLINK-38276,2026-190V,100390,PAY,+,US,2026-08-19,AFWTR,,91.53,97.28,350,349,,,EA,ORB
STARLINK-38262,2026-190W,100391,PAY,+,US,2026-08-19,AFWTR,,91.42,97.28,346,342,,,EA,ORB
STARLINK-38269,2026-190X,100392,PAY,+,US,2026-08-19,AFWTR,,91.42,97.28,345,343,,,EA,ORB
STARLINK-38291,2026-190Y,100393,PAY,+,US,2026-08-19,AFWTR,,92.42,97.28,394,392,,,EA,ORB
STARLINK-38282,2026-190Z,100394,PAY,+,US,2026-08-19,AFWTR,,91.76,97.28,362,360,,,EA,ORB
STARLINK-37821,2026-192A,100404,PAY,+,US,2026-08-21,AFETR,,92.75,53.16,410,408,,,EA,ORB
STARLINK-37829,2026-192B,100405,PAY,+,US,2026-08-21,AFETR,,91.97,53.16,373,370,,,EA,ORB
STARLINK-38016,2026-192C,100406,PAY,+,US,2026-08-21,AFETR,,92.59,53.16,403,400,,,EA,ORB
STARLINK-37983,2026-192D,100407,PAY,+,US,2026-08-21,AFETR,,91.97,53.16,372,370,,,EA,ORB
STARLINK-38026,2026-192E,100408,PAY,+,US,2026-08-21,AFETR,,91.76,53.16,362,360,,,EA,ORB
STARLINK-38022,2026-192F,100409,PAY,+,US,2026-08-21,AFETR,,92.19,53.16,383,381,,,EA,ORB
STARLINK-37996,2026-192G,100410,PAY,+,US,2026-08-21,AFETR,,91.92,53.16,370,367,,,EA,ORB
STARLINK-37397,2026-192H,100411,PAY,+,US,2026-08-21,AFETR,,92.24,53.16,386,384,,,EA,ORB
STARLINK-38011,2026-192J,100412,PAY,+,US,2026-08-21,AFETR,,92.16,53.16,382,379,,,EA,ORB
STARLINK-38012,2026-192K,100413,PAY,+,US,2026-08-21,AFETR,,92.39,53.16,393,391,,,EA,ORB
STARLINK-37764,2026-192L,100414,PAY,+,US,2026-08-21,AFETR,,92.03,53.16,375,373,,,EA,ORB
STARLINK-37762,2026-192M,100415,PAY,+,US,2026-08-21,AFETR,,92.17,53.16,382,380,,,EA,ORB
STARLINK-37748,2026-192N,100416,PAY,+,US,2026-08-21,AFETR,,92.18,53.16,382,380,,,EA,ORB
STARLINK-37774,2026-192P,100417,PAY,+,US,2026-08-21,AFETR,,92.13,53.16,380,378,,,EA,ORB
STARLINK-37703,2026-192Q,100418,PAY,+,US,2026-08-21,AFETR,,91.64,53.16,356,353,,,EA,ORB
STARLINK-37626,2026-192R,100419,PAY,+,US,2026-08-21,AFETR,,91.93,53.16,371,368,,,EA,ORB
STARLINK-37692,2026-192S,100420,PAY,+,US,2026-08-21,AFETR,,92.17,53.16,383,379,,,EA,ORB
STARLINK-38018,2026-192T,100421,PAY,+,US,2026-08-21,AFETR,,92.83,53.16,414,413,,,EA,ORB
STARLINK-37625,2026-192U,100422,PAY,+,US,2026-08-21,AFETR,,92.68,53.16,407,404,,,EA,ORB
STARLINK-37698,2026-192V,100423,PAY,+,US,2026-08-21,AFETR,,91.82,53.16,365,363,,,EA,ORB
STARLINK-37702,2026-192W,100424,PAY,+,US,2026-08-21,AFETR,,92.55,53.16,400,399,,,EA,ORB
STARLINK-37681,2026-192X,100425,PAY,+,US,2026-08-21,AFETR,,92.03,53.16,376,372,,,EA,ORB
STARLINK-37684,2026-192Y,100426,PAY,+,US,2026-08-21,AFETR,,92.53,53.16,399,397,,,EA,ORB
STARLINK-38025,2026-192Z,100427,PAY,+,US,2026-08-21,AFETR,,92.60,53.16,403,401,,,EA,ORB
STARLINK-38000,2026-192AA,100428,PAY,+,US,2026-08-21,AFETR,,92.90,53.16,417,416,,,EA,ORB
STARLINK-38027,2026-192AB,100429,PAY,+,US,2026-08-21,AFETR,,92.66,53.16,406,403,,,EA,ORB
STARLINK-38013,2026-192AC,100430,PAY,+,US,2026-08-21,AFETR,,92.10,53.16,379,376,,,EA,ORB
STARLINK-37911,2026-192AD,100431,PAY,+,US,2026-08-21,AFETR,,92.94,53.16,420,417,,,EA,ORB
STARLINK-37668,2026-192AE,100432,PAY,+,US,2026-08-21,AFETR,,92.94,53.16,419,418,,,EA,ORB
STARLINK-38290,2026-193A,100433,PAY,+,US,2026-08-22,AFWTR,,92.80,70.00,414,410,,,EA,ORB
STARLINK-38300,2026-193B,100434,PAY,+,US,2026-08-22,AFWTR,,92.75,70.00,413,406,,,EA,ORB
STARLINK-38248,2026-193C,100435,PAY,+,US,2026-08-22,AFWTR,,92.80,70.00,414,410,,,EA,ORB
STARLINK-38258,2026-193D,100436,PAY,+,US,2026-08-22,AFWTR,,92.80,70.00,414,410,,,EA,ORB
STARLINK-38194,2026-193E,100437,PAY,+,US,2026-08-22,AFWTR,,92.50,70.00,400,394,,,EA,ORB
STARLINK-38326,2026-193F,100438,PAY,+,US,2026-08-22,AFWTR,,92.61,70.00,405,399,,,EA,ORB
STARLINK-38193,2026-193G,100439,PAY,+,US,2026-08-22,AFWTR,,92.80,70.00,414,410,,,EA,ORB
STARLINK-38204,2026-193H,100440,PAY,+,US,2026-08-22,AFWTR,,92.80,70.00,414,410,,,EA,ORB
STARLINK-38319,2026-193J,100441,PAY,+,US,2026-08-22,AFWTR,,92.80,70.00,414,409,,,EA,ORB
STARLINK-38297,2026-193K,100442,PAY,+,US,2026-08-22,AFWTR,,92.28,70.00,390,383,,,EA,ORB
STARLINK-38318,2026-193L,100443,PAY,+,US,2026-08-22,AFWTR,,92.55,70.00,403,397,,,EA,ORB
STARLINK-38332,2026-193M,100444,PAY,+,US,2026-08-22,AFWTR,,92.14,70.00,382,376,,,EA,ORB
STARLINK-38325,2026-193N,100445,PAY,+,US,2026-08-22,AFWTR,,92.10,70.00,380,375,,,EA,ORB
STARLINK-38105,2026-193P,100446,PAY,+,US,2026-08-22,AFWTR,,92.80,70.00,414,410,,,EA,ORB
STARLINK-37825,2026-193Q,100447,PAY,+,US,2026-08-22,AFWTR,,92.81,70.00,414,410,,,EA,ORB
STARLINK-38285,2026-193R,100448,PAY,+,US,2026-08-22,AFWTR,,92.80,70.00,414,410,,,EA,ORB
STARLINK-38306,2026-193S,100449,PAY,+,US,2026-08-22,AFWTR,,92.80,70.00,414,410,,,EA,ORB
STARLINK-38207,2026-193T,100450,PAY,+,US,2026-08-22,AFWTR,,92.00,70.00,375,369,,,EA,ORB
STARLINK-38303,2026-193U,100451,PAY,+,US,2026-08-22,AFWTR,,92.31,70.00,390,385,,,EA,ORB
STARLINK-38330,2026-193V,100452,PAY,+,US,2026-08-22,AFWTR,,92.81,70.00,415,409,,,EA,ORB
STARLINK-38333,2026-193W,100453,PAY,+,US,2026-08-22,AFWTR,,92.80,70.00,414,410,,,EA,ORB
STARLINK-38334,2026-193X,100454,PAY,+,US,2026-08-22,AFWTR,,92.63,70.00,406,400,,,EA,ORB
STARLINK-38324,2026-193Y,100455,PAY,+,US,2026-08-22,AFWTR,,92.80,70.00,414,409,,,EA,ORB
STARLINK-38205,2026-193Z,100456,PAY,+,US,2026-08-22,AFWTR,,92.80,70.00,414,409,,,EA,ORB
STARLINK-37883,2026-193AA,100457,PAY,+,US,2026-08-22,AFWTR,,92.80,70.00,415,409,,,EA,ORB
STARLINK-38317,2026-193AB,100458,PAY,+,US,2026-08-22,AFWTR,,92.80,70.00,414,409,,,EA,ORB
STARLINK-38331,2026-193AC,100459,PAY,+,US,2026-08-22,AFWTR,,92.80,70.00,414,410,,,EA,ORB
STARLINK-36282,2026-196A,100473,PAY,+,US,2026-08-25,AFETR,,91.44,53.16,346,345,,,EA,ORB
STARLINK-37694,2026-196B,100474,PAY,+,US,2026-08-25,AFETR,,92.14,53.16,380,379,,,EA,ORB
STARLINK-37394,2026-196C,100475,PAY,+,US,2026-08-25,AFETR,,91.62,53.16,354,353,,,EA,ORB
STARLINK-37906,2026-196D,100476,PAY,+,US,2026-08-25,AFETR,,91.66,53.16,357,355,,,EA,ORB
STARLINK-37985,2026-196E,100477,PAY,+,US,2026-08-25,AFETR,,91.48,53.16,348,347,,,EA,ORB
STARLINK-37966,2026-196F,100478,PAY,+,US,2026-08-25,AFETR,,91.15,53.16,332,330,,,EA,ORB
STARLINK-37967,2026-196G,100479,PAY,+,US,2026-08-25,AFETR,,91.65,53.16,356,355,,,EA,ORB
STARLINK-37939,2026-196H,100480,PAY,+,US,2026-08-25,AFETR,,91.15,53.16,332,330,,,EA,ORB
STARLINK-37623,2026-196J,100481,PAY,+,US,2026-08-25,AFETR,,91.79,53.16,363,361,,,EA,ORB
STARLINK-37971,2026-196K,100482,PAY,+,US,2026-08-25,AFETR,,91.81,53.16,364,363,,,EA,ORB
STARLINK-37377,2026-196L,100483,PAY,+,US,2026-08-25,AFETR,,91.62,53.16,355,353,,,EA,ORB
STARLINK-37594,2026-196M,100484,PAY,+,US,2026-08-25,AFETR,,91.56,53.16,352,351,,,EA,ORB
STARLINK-38028,2026-196N,100485,PAY,+,US,2026-08-25,AFETR,,91.54,53.16,351,349,,,EA,ORB
STARLINK-37999,2026-196P,100486,PAY,+,US,2026-08-25,AFETR,,91.15,53.16,331,330,,,EA,ORB
STARLINK-37960,2026-196Q,100487,PAY,+,US,2026-08-25,AFETR,,92.14,53.16,380,379,,,EA,ORB
STARLINK-37913,2026-196R,100488,PAY,+,US,2026-08-25,AFETR,,91.15,53.16,332,330,,,EA,ORB
STARLINK-37920,2026-196S,100489,PAY,+,US,2026-08-25,AFETR,,92.10,53.16,378,377,,,EA,ORB
STARLINK-37709,2026-196T,100490,PAY,+,US,2026-08-25,AFETR,,91.67,53.16,357,356,,,EA,ORB
STARLINK-37751,2026-196U,100491,PAY,+,US,2026-08-25,AFETR,,91.15,53.16,332,330,,,EA,ORB
STARLINK-37846,2026-196V,100492,PAY,+,US,2026-08-25,AFETR,,92.09,53.16,378,376,,,EA,ORB
STARLINK-38004,2026-196W,100493,PAY,+,US,2026-08-25,AFETR,,91.21,53.16,334,333,,,EA,ORB
STARLINK-37497,2026-196X,100494,PAY,+,US,2026-08-25,AFETR,,91.47,53.16,347,346,,,EA,ORB
STARLINK-37828,2026-196Y,100495,PAY,+,US,2026-08-25,AFETR,,91.15,53.16,333,330,,,EA,ORB
STARLINK-37080,2026-196Z,100496,PAY,+,US,2026-08-25,AFETR,,91.18,53.16,333,331,,,EA,ORB
STARLINK-37978,2026-196AA,100497,PAY,+,US,2026-08-25,AFETR,,91.32,53.16,340,338,,,EA,ORB
STARLINK-37330,2026-196AB,100498,PAY,+,US,2026-08-25,AFETR,,91.82,53.16,365,363,,,EA,ORB
STARLINK-38017,2026-196AC,100499,PAY,+,US,2026-08-25,AFETR,,91.14,53.16,331,330,,,EA,ORB
STARLINK-36793,2026-196AD,100500,PAY,+,US,2026-08-25,AFETR,,92.13,53.16,381,377,,,EA,ORB
STARLINK-37704,2026-196AE,100501,PAY,+,US,2026-08-25,AFETR,,91.15,53.16,331,330,,,EA,ORB
STARLINK-38373,2026-197A,100502,PAY,+,US,2026-08-26,AFWTR,,91.28,70.00,340,335,,,EA,ORB
STARLINK-38368,2026-197B,100503,PAY,+,US,2026-08-26,AFWTR,,91.28,70.00,340,335,,,EA,ORB
STARLINK-38356,2026-197C,100504,PAY,+,US,2026-08-26,AFWTR,,91.01,70.00,327,322,,,EA,ORB
STARLINK-38371,2026-197D,100505,PAY,+,US,2026-08-26,AFWTR,,91.01,70.00,327,322,,,EA,ORB
STARLINK-38315,2026-197E,100506,PAY,+,US,2026-08-26,AFWTR,,91.02,70.00,327,322,,,EA,ORB
STARLINK-38277,2026-197F,100507,PAY,+,US,2026-08-26,AFWTR,,91.28,70.00,340,335,,,EA,ORB
STARLINK-38355,2026-197G,100508,PAY,+,US,2026-08-26,AFWTR,,91.28,70.00,340,335,,,EA,ORB
STARLINK-38374,2026-197H,100509,PAY,+,US,2026-08-26,AFWTR,,91.28,70.00,340,335,,,EA,ORB
STARLINK-38363,2026-197J,100510,PAY,+,US,2026-08-26,AFWTR,,91.01,70.00,327,322,,,EA,ORB
STARLINK-38369,2026-197K,100511,PAY,+,US,2026-08-26,AFWTR,,91.01,70.00,327,322,,,EA,ORB
STARLINK-38362,2026-197L,100512,PAY,+,US,2026-08-26,AFWTR,,91.28,70.00,339,335,,,EA,ORB
STARLINK-38393,2026-197M,100513,PAY,+,US,2026-08-26,AFWTR,,91.28,70.00,340,334,,,EA,ORB
STARLINK-38397,2026-197N,100514,PAY,+,US,2026-08-26,AFWTR,,91.28,70.00,340,334,,,EA,ORB
STARLINK-38316,2026-197P,100515,PAY,+,US,2026-08-26,AFWTR,,91.28,70.00,340,335,,,EA,ORB
STARLINK-38365,2026-197Q,100516,PAY,+,US,2026-08-26,AFWTR,,91.01,70.00,327,322,,,EA,ORB
STARLINK-38360,2026-197R,100517,PAY,+,US,2026-08-26,AFWTR,,91.28,70.00,340,335,,,EA,ORB
STARLINK-38323,2026-197S,100518,PAY,+,US,2026-08-26,AFWTR,,91.28,70.00,340,335,,,EA,ORB
STARLINK-38370,2026-197T,100519,PAY,+,US,2026-08-26,AFWTR,,91.01,70.00,327,322,,,EA,ORB
STARLINK-38379,2026-197U,100520,PAY,+,US,2026-08-26,AFWTR,,91.01,70.00,327,322,,,EA,ORB
STARLINK-38377,2026-197V,100521,PAY,+,US,2026-08-26,AFWTR,,91.01,70.00,327,322,,,EA,ORB
STARLINK-38372,2026-197W,100522,PAY,+,US,2026-08-26,AFWTR,,91.28,70.00,340,335,,,EA,ORB
STARLINK-38390,2026-197X,100523,PAY,+,US,2026-08-26,AFWTR,,91.01,70.00,326,322,,,EA,ORB
STARLINK-38394,2026-197Y,100524,PAY,+,US,2026-08-26,AFWTR,,91.01,70.00,326,322,,,EA,ORB
STARLINK-38382,2026-197Z,100525,PAY,+,US,2026-08-26,AFWTR,,91.01,70.00,327,322,,,EA,ORB
STARLINK-38275,2026-197AA,100526,PAY,+,US,2026-08-26,AFWTR,,91.28,70.00,339,335,,,EA,ORB
STARLINK-38378,2026-197AB,100527,PAY,+,US,2026-08-26,AFWTR,,91.28,70.00,340,335,,,EA,ORB
STARLINK-38145,2026-197AC,100528,PAY,+,US,2026-08-26,AFWTR,,91.28,70.00,340,335,,,EA,ORB
STARLINK-38244,2026-200A,100534,PAY,+,US,2026-09-02,AFWTR,,91.02,70.00,327,322,,,EA,ORB
STARLINK-38203,2026-200B,100535,PAY,+,US,2026-09-02,AFWTR,,91.01,70.00,327,322,,,EA,ORB
STARLINK-38359,2026-200C,100536,PAY,+,US,2026-09-02,AFWTR,,91.01,70.00,327,322,,,EA,ORB
STARLINK-38361,2026-200D,100537,PAY,+,US,2026-09-02,AFWTR,,91.01,70.00,327,322,,,EA,ORB
STARLINK-36331,2026-200E,100538,PAY,+,US,2026-09-02,AFWTR,,91.01,70.00,327,322,,,EA,ORB
STARLINK-38211,2026-200F,100539,PAY,+,US,2026-09-02,AFWTR,,91.06,70.00,332,322,,,EA,ORB
STARLINK-38329,2026-200G,100540,PAY,+,US,2026-09-02,AFWTR,,91.01,70.00,327,322,,,EA,ORB
STARLINK-38328,2026-200H,100541,PAY,+,US,2026-09-02,AFWTR,,91.01,70.00,327,321,,,EA,ORB
STARLINK-38352,2026-200J,100542,PAY,+,US,2026-09-02,AFWTR,,91.01,70.00,327,321,,,EA,ORB
STARLINK-38235,2026-200K,100543,PAY,+,US,2026-09-02,AFWTR,,91.01,70.00,327,322,,,EA,ORB
STARLINK-38342,2026-200L,100544,PAY,+,US,2026-09-02,AFWTR,,91.01,70.00,327,321,,,EA,ORB
STARLINK-38216,2026-200M,100545,PAY,+,US,2026-09-02,AFWTR,,91.01,70.00,326,322,,,EA,ORB
STARLINK-38202,2026-200N,100546,PAY,+,US,2026-09-02,AFWTR,,91.01,70.00,326,322,,,EA,ORB
STARLINK-38346,2026-200P,100547,PAY,+,US,2026-09-02,AFWTR,,91.01,70.00,326,322,,,EA,ORB
STARLINK-38229,2026-200Q,100548,PAY,+,US,2026-09-02,AFWTR,,91.26,70.00,339,334,,,EA,ORB
STARLINK-38354,2026-200R,100549,PAY,+,US,2026-09-02,AFWTR,,91.01,70.00,327,321,,,EA,ORB
STARLINK-38335,2026-200S,100550,PAY,+,US,2026-09-02,AFWTR,,91.01,70.00,328,321,,,EA,ORB
STARLINK-38231,2026-200T,100551,PAY,+,US,2026-09-02,AFWTR,,91.28,70.00,340,334,,,EA,ORB
STARLINK-38234,2026-200U,100552,PAY,+,US,2026-09-02,AFWTR,,91.01,70.00,327,322,,,EA,ORB
STARLINK-38210,2026-200V,100553,PAY,+,US,2026-09-02,AFWTR,,91.28,70.00,340,334,,,EA,ORB
STARLINK-38384,2026-200W,100554,PAY,+,US,2026-09-02,AFWTR,,91.28,70.00,340,334,,,EA,ORB
STARLINK-38313,2026-200X,100555,PAY,+,US,2026-09-02,AFWTR,,91.01,70.00,326,322,,,EA,ORB
STARLINK-38270,2026-200Y,100556,PAY,+,US,2026-09-02,AFWTR,,91.01,70.00,327,322,,,EA,ORB
STARLINK-38271,2026-200Z,100557,PAY,+,US,2026-09-02,AFWTR,,91.01,70.00,326,322,,,EA,ORB
STARLINK-38349,2026-200AA,100558,PAY,+,US,2026-09-02,AFWTR,,91.28,70.00,340,335,,,EA,ORB
STARLINK-38353,2026-200AB,100559,PAY,+,US,2026-09-02,AFWTR,,91.01,70.00,327,322,,,EA,ORB
STARLINK-38358,2026-200AC,100560,PAY,+,US,2026-09-02,AFWTR,,91.01,70.00,327,322,,,EA,ORB
STARLINK-38345,2026-204A,100615,PAY,+,US,2026-09-06,AFWTR,,90.70,70.00,312,306,,,EA,ORB
STARLINK-38350,2026-204B,100616,PAY,+,US,2026-09-06,AFWTR,,90.75,70.00,314,308,,,EA,ORB
STARLINK-38357,2026-204C,100617,PAY,+,US,2026-09-06,AFWTR,,90.77,70.00,315,309,,,EA,ORB
STARLINK-38414,2026-204D,100618,PAY,+,US,2026-09-06,AFWTR,,90.77,70.00,316,309,,,EA,ORB
STARLINK-36683,2026-204E,100619,PAY,+,US,2026-09-06,AFWTR,,90.79,70.00,316,310,,,EA,ORB
STARLINK-38278,2026-204F,100620,PAY,+,US,2026-09-06,AFWTR,,90.79,70.00,316,310,,,EA,ORB
STARLINK-38347,2026-204G,100621,PAY,+,US,2026-09-06,AFWTR,,90.88,70.00,320,315,,,EA,ORB
STARLINK-38366,2026-204H,100622,PAY,+,US,2026-09-06,AFWTR,,90.87,70.00,320,315,,,EA,ORB
STARLINK-38364,2026-204J,100623,PAY,+,US,2026-09-06,AFWTR,,90.90,70.00,323,315,,,EA,ORB
STARLINK-38423,2026-204K,100624,PAY,+,US,2026-09-06,AFWTR,,90.90,70.00,321,316,,,EA,ORB
STARLINK-38311,2026-204L,100625,PAY,+,US,2026-09-06,AFWTR,,90.89,70.00,321,316,,,EA,ORB
STARLINK-36777,2026-204M,100626,PAY,+,US,2026-09-06,AFWTR,,90.95,70.00,323,319,,,EA,ORB
STARLINK-36778,2026-204N,100627,PAY,+,US,2026-09-06,AFWTR,,90.98,70.00,326,320,,,EA,ORB
STARLINK-38348,2026-204P,100628,PAY,+,US,2026-09-06,AFWTR,,91.00,70.00,326,322,,,EA,ORB
STARLINK-38327,2026-204Q,100629,PAY,+,US,2026-09-06,AFWTR,,91.00,70.00,326,321,,,EA,ORB
STARLINK-38376,2026-204R,100630,PAY,+,US,2026-09-06,AFWTR,,90.99,70.00,326,321,,,EA,ORB
STARLINK-38421,2026-204S,100631,PAY,+,US,2026-09-06,AFWTR,,91.01,70.00,327,321,,,EA,ORB
STARLINK-38403,2026-204T,100632,PAY,+,US,2026-09-06,AFWTR,,91.01,70.00,327,321,,,EA,ORB
STARLINK-38410,2026-204U,100633,PAY,+,US,2026-09-06,AFWTR,,90.81,70.00,317,311,,,EA,ORB
STARLINK-38415,2026-204V,100634,PAY,+,US,2026-09-06,AFWTR,,91.01,70.00,327,322,,,EA,ORB
STARLINK-38413,2026-204W,100635,PAY,+,US,2026-09-06,AFWTR,,90.58,70.00,305,301,,,EA,ORB
STARLINK-38170,2026-204X,100636,PAY,+,US,2026-09-06,AFWTR,,90.63,70.00,309,302,,,EA,ORB
STARLINK-38422,2026-204Y,100637,PAY,+,US,2026-09-06,AFWTR,,90.63,70.00,308,303,,,EA,ORB
STARLINK-38416,2026-204Z,100638,PAY,+,US,2026-09-06,AFWTR,,91.03,70.00,329,321,,,EA,ORB
STARLINK-38411,2026-204AA,100639,PAY,+,US,2026-09-06,AFWTR,,91.03,70.00,328,323,,,EA,ORB
STARLINK-38412,2026-204AB,100640,PAY,+,US,2026-09-06,AFWTR,,91.06,70.00,329,324,,,EA,ORB
STARLINK-38436,2026-204AC,100641,PAY,+,US,2026-09-06,AFWTR,,91.11,70.00,332,326,,,EA,ORB
